customer_id,channel,campaign,cac,conversion_date,cost_per_click,impressions,clicks
1,Direct,Partner Referral,167.65,2022-01-01,15.24,30509,1633
2,LinkedIn,Cold Outbound,601.08,2022-01-01,75.14,47771,187
3,Direct,Product Launch,167.82,2022-01-01,18.65,4158,474
4,Meta Ads,Retargeting Wave,209.23,2022-01-01,23.25,30456,943
5,Meta Ads,Summer Growth,305.17,2022-01-02,15.26,12448,1541
6,Organic,End of Year Push,158.94,2022-01-02,10.6,39046,1554
7,LinkedIn,Product Launch,743.68,2022-01-02,37.18,43019,1298
8,Organic,Inbound SEO,120.15,2022-01-02,8.01,2131,1033
9,Organic,Partner Referral,130.4,2022-01-02,14.49,4147,1888
10,Meta Ads,End of Year Push,303.82,2022-01-02,13.81,29628,1583
11,Google Ads,Brand Awareness Q1,312.64,2022-01-03,17.37,19248,1320
12,Meta Ads,Cold Outbound,248.74,2022-01-04,19.13,36381,1961
13,Organic,Product Launch,144.01,2022-01-04,11.08,45914,1402
14,Meta Ads,Brand Awareness Q1,277.12,2022-01-04,27.71,11471,913
15,Email,Retargeting Wave,93.2,2022-01-05,5.83,27760,1491
16,Google Ads,Inbound SEO,320.52,2022-01-05,26.71,49039,1854
17,Google Ads,Partner Referral,305.34,2022-01-06,38.17,42884,923
18,Referral,Cold Outbound,146.56,2022-01-06,12.21,46032,1335
19,Google Ads,Inbound SEO,370.65,2022-01-07,28.51,24210,994
20,Organic,Retargeting Wave,153.01,2022-01-07,6.65,32928,1171
21,Direct,Cold Outbound,126.09,2022-01-07,15.76,46170,1481
22,LinkedIn,Cold Outbound,595.8,2022-01-08,27.08,30525,1638
23,Referral,Summer Growth,149.58,2022-01-10,12.47,40792,1102
24,Meta Ads,Product Launch,243.53,2022-01-11,9.74,20574,367
25,Google Ads,Product Launch,249.81,2022-01-13,10.41,10109,1880
26,Google Ads,Partner Referral,355.13,2022-01-14,22.2,8333,946
27,Organic,Cold Outbound,140.5,2022-01-15,14.05,42801,1106
28,Direct,Partner Referral,103.33,2022-01-15,5.17,36069,1105
29,Organic,Partner Referral,132.08,2022-01-17,6.6,20528,1016
30,Direct,Inbound SEO,157.72,2022-01-18,15.77,9959,1004
31,Meta Ads,Summer Growth,206.73,2022-01-18,15.9,17703,323
32,Meta Ads,Inbound SEO,230.53,2022-01-18,14.41,5952,1767
33,Google Ads,Summer Growth,242.88,2022-01-18,9.72,45124,585
34,Meta Ads,Brand Awareness Q1,253.12,2022-01-20,23.01,31385,52
35,LinkedIn,Partner Referral,722.81,2022-01-20,31.43,7235,801
36,Organic,Summer Growth,148.77,2022-01-20,16.53,31386,1743
37,Google Ads,End of Year Push,285.6,2022-01-22,13.6,36411,1235
38,Google Ads,Partner Referral,310.82,2022-01-23,14.13,46335,360
39,LinkedIn,Summer Growth,552.78,2022-01-23,61.42,21964,187
40,Organic,Brand Awareness Q1,175.58,2022-01-24,19.51,44821,1010
41,Organic,Inbound SEO,126.37,2022-01-24,15.8,48112,411
42,Organic,Inbound SEO,122.88,2022-01-25,7.23,37550,1019
43,Organic,End of Year Push,165.76,2022-01-25,12.75,2647,217
44,Organic,Cold Outbound,160.47,2022-01-25,8.45,41418,1669
45,LinkedIn,Cold Outbound,544.16,2022-01-26,30.23,42443,521
46,Referral,Cold Outbound,109.56,2022-01-26,6.44,17172,1752
47,Referral,Partner Referral,104.26,2022-01-26,6.52,44340,1378
48,Organic,Partner Referral,136.88,2022-01-27,8.05,7905,765
49,Referral,Retargeting Wave,94.78,2022-01-27,10.53,45060,1792
50,Google Ads,End of Year Push,384.07,2022-01-27,25.6,30553,1969
51,Referral,End of Year Push,122.88,2022-01-28,5.59,28270,1680
52,Referral,Cold Outbound,131.91,2022-01-29,6.6,35468,285
53,LinkedIn,Brand Awareness Q1,765.18,2022-01-29,31.88,21486,753
54,Meta Ads,Cold Outbound,192.38,2022-01-29,11.32,39737,1396
55,Organic,Retargeting Wave,141.79,2022-01-30,7.09,34330,1092
56,Organic,Brand Awareness Q1,136.37,2022-01-31,5.68,4321,483
57,Direct,Partner Referral,179.7,2022-02-01,13.82,19062,1554
58,Organic,Retargeting Wave,141.33,2022-02-01,8.83,22172,104
59,Meta Ads,Partner Referral,260.86,2022-02-01,18.63,12470,579
60,Google Ads,Product Launch,278.96,2022-02-02,12.68,48776,1260
61,Organic,Summer Growth,174.08,2022-02-02,19.34,46449,1111
62,Google Ads,Summer Growth,350.88,2022-02-03,14.04,16902,890
63,LinkedIn,Inbound SEO,763.97,2022-02-03,50.93,11375,206
64,Organic,Partner Referral,169.61,2022-02-03,15.42,33273,1413
65,Organic,Cold Outbound,169.12,2022-02-04,12.08,43153,613
66,LinkedIn,Brand Awareness Q1,748.0,2022-02-04,83.11,10736,352
67,LinkedIn,Product Launch,596.51,2022-02-05,31.4,40883,1992
68,Meta Ads,Brand Awareness Q1,310.54,2022-02-06,17.25,22250,657
69,Meta Ads,Cold Outbound,202.96,2022-02-07,8.12,7183,1520
70,LinkedIn,Retargeting Wave,788.93,2022-02-07,34.3,45266,573
71,LinkedIn,Cold Outbound,638.94,2022-02-07,37.58,25835,60
72,Google Ads,Cold Outbound,333.42,2022-02-07,30.31,32073,1526
73,Meta Ads,Cold Outbound,215.29,2022-02-08,16.56,5782,587
74,Google Ads,Cold Outbound,313.28,2022-02-08,17.4,35583,147
75,Referral,Product Launch,104.09,2022-02-09,8.01,28275,963
76,Referral,Cold Outbound,138.72,2022-02-10,5.55,34889,994
77,Direct,Retargeting Wave,133.06,2022-02-10,7.39,34101,578
78,Referral,Summer Growth,133.09,2022-02-10,8.87,18695,58
79,Organic,Product Launch,156.62,2022-02-10,11.19,27759,1873
80,Direct,Partner Referral,169.13,2022-02-10,13.01,46072,979
81,Google Ads,End of Year Push,398.57,2022-02-11,24.91,25199,1884
82,Organic,Summer Growth,156.17,2022-02-11,13.01,18771,1773
83,Email,Retargeting Wave,77.18,2022-02-11,3.36,40086,546
84,Google Ads,Inbound SEO,366.13,2022-02-11,17.43,8287,1936
85,Referral,Partner Referral,148.68,2022-02-11,5.95,26849,328
86,LinkedIn,End of Year Push,695.43,2022-02-11,77.27,30996,107
87,LinkedIn,Retargeting Wave,567.35,2022-02-11,23.64,2482,1824
88,Google Ads,Partner Referral,277.13,2022-02-12,30.79,9106,1497
89,Organic,Retargeting Wave,158.14,2022-02-13,10.54,16757,158
90,Organic,Product Launch,146.4,2022-02-13,6.37,4917,1149
91,Google Ads,Retargeting Wave,343.79,2022-02-13,20.22,30421,1836
92,Referral,Summer Growth,109.29,2022-02-14,9.94,9023,1331
93,Organic,Brand Awareness Q1,152.62,2022-02-14,6.64,36186,1785
94,Organic,Brand Awareness Q1,174.24,2022-02-14,8.71,27775,208
95,Google Ads,Inbound SEO,381.12,2022-02-14,15.88,22213,1101
96,Google Ads,Partner Referral,277.06,2022-02-14,15.39,46942,1756
97,Google Ads,Brand Awareness Q1,323.66,2022-02-15,24.9,41687,1800
98,Meta Ads,Inbound SEO,253.12,2022-02-15,21.09,5482,1971
99,Organic,Partner Referral,159.77,2022-02-16,7.61,38773,134
100,Direct,Retargeting Wave,131.61,2022-02-17,6.58,39122,1938
101,LinkedIn,Retargeting Wave,634.09,2022-02-17,48.78,35683,1077
102,Referral,Retargeting Wave,149.55,2022-02-17,6.8,2859,722
103,Organic,End of Year Push,134.55,2022-02-17,10.35,40928,1156
104,Meta Ads,Summer Growth,306.65,2022-02-18,23.59,14236,1577
105,Organic,Partner Referral,121.01,2022-02-18,6.05,34772,943
106,Email,Cold Outbound,67.61,2022-02-19,2.94,36226,847
107,Organic,Inbound SEO,176.68,2022-02-20,13.59,31380,344
108,Meta Ads,Brand Awareness Q1,283.43,2022-02-20,18.9,10300,62
109,Meta Ads,Cold Outbound,307.79,2022-02-20,12.31,15343,1752
110,Google Ads,Brand Awareness Q1,395.19,2022-02-20,18.82,12427,1413
111,Meta Ads,Retargeting Wave,295.34,2022-02-21,15.54,49939,1599
112,Email,Inbound SEO,98.2,2022-02-21,4.27,16406,750
113,Referral,Product Launch,92.14,2022-02-21,4.19,33248,1369
114,LinkedIn,Retargeting Wave,462.79,2022-02-21,25.71,14456,745
115,Meta Ads,Cold Outbound,278.8,2022-02-22,19.91,4490,1978
116,Organic,Product Launch,147.74,2022-02-22,11.36,36594,755
117,Referral,Brand Awareness Q1,136.71,2022-02-23,8.04,46977,384
118,Referral,Product Launch,82.92,2022-02-23,4.61,22925,741
119,Google Ads,End of Year Push,305.69,2022-02-23,13.89,30525,1379
120,Organic,Partner Referral,126.26,2022-02-23,5.49,37063,1150
121,Referral,Partner Referral,84.84,2022-02-23,4.99,26696,1830
122,LinkedIn,Partner Referral,531.5,2022-02-23,29.53,25411,1296
123,Organic,Retargeting Wave,177.83,2022-02-23,7.41,44487,1949
124,Referral,Partner Referral,132.23,2022-02-24,5.75,49397,517
125,Organic,Summer Growth,162.7,2022-02-25,12.52,19074,1164
126,LinkedIn,Cold Outbound,573.29,2022-02-25,26.06,2401,71
127,LinkedIn,Product Launch,598.13,2022-02-25,39.88,44893,1309
128,Google Ads,Retargeting Wave,290.05,2022-02-26,22.31,28139,612
129,Organic,Inbound SEO,144.75,2022-02-26,10.34,4376,224
130,Organic,End of Year Push,163.1,2022-02-26,10.87,38243,1097
131,Organic,Cold Outbound,127.04,2022-02-26,12.7,25136,344
132,Meta Ads,Partner Referral,214.69,2022-02-27,8.59,41430,159
133,Google Ads,Summer Growth,382.02,2022-02-27,42.45,35944,1429
134,Organic,End of Year Push,127.02,2022-02-28,9.07,30452,623
135,Referral,Partner Referral,93.84,2022-03-01,4.27,1887,314
136,LinkedIn,Product Launch,607.45,2022-03-01,25.31,30699,195
137,Email,Inbound SEO,115.56,2022-03-01,5.5,43757,1321
138,Google Ads,Retargeting Wave,351.49,2022-03-02,18.5,32916,747
139,Meta Ads,Inbound SEO,265.62,2022-03-02,13.98,2165,1874
140,Google Ads,End of Year Push,383.45,2022-03-03,19.17,9282,1203
141,LinkedIn,Summer Growth,479.04,2022-03-03,28.18,34181,796
142,Referral,Retargeting Wave,146.99,2022-03-04,14.7,37144,509
143,LinkedIn,Inbound SEO,779.72,2022-03-04,64.98,48935,1797
144,LinkedIn,Brand Awareness Q1,578.44,2022-03-04,26.29,44326,1634
145,Meta Ads,Product Launch,316.71,2022-03-05,31.67,26344,1381
146,Google Ads,Product Launch,379.79,2022-03-05,37.98,20119,1754
147,Direct,Retargeting Wave,149.14,2022-03-06,8.29,10260,172
148,Referral,Product Launch,82.83,2022-03-06,3.6,41831,839
149,Referral,Cold Outbound,141.72,2022-03-06,10.12,2185,1100
150,LinkedIn,Retargeting Wave,641.42,2022-03-07,71.27,12856,1734
151,LinkedIn,End of Year Push,689.12,2022-03-07,53.01,47914,1969
152,Organic,Retargeting Wave,130.11,2022-03-08,7.65,1129,1558
153,LinkedIn,Partner Referral,653.96,2022-03-08,43.6,19476,1368
154,Referral,Retargeting Wave,135.02,2022-03-08,13.5,12036,1682
155,LinkedIn,Brand Awareness Q1,737.96,2022-03-09,38.84,47583,1750
156,LinkedIn,Inbound SEO,573.75,2022-03-10,63.75,46860,105
157,Google Ads,Retargeting Wave,370.77,2022-03-11,37.08,9432,1689
158,Direct,Product Launch,123.67,2022-03-11,6.87,20323,882
159,Organic,Summer Growth,153.22,2022-03-11,13.93,13865,1688
160,Google Ads,End of Year Push,394.12,2022-03-12,24.63,33421,1504
161,Google Ads,End of Year Push,250.99,2022-03-13,11.95,45844,410
162,Referral,Partner Referral,109.93,2022-03-13,10.99,12666,1060
163,Organic,Summer Growth,169.16,2022-03-13,15.38,10378,103
164,Referral,End of Year Push,123.35,2022-03-14,5.14,5977,508
165,Organic,Retargeting Wave,137.4,2022-03-14,5.5,2752,383
166,LinkedIn,Brand Awareness Q1,782.78,2022-03-14,31.31,36219,1370
167,Meta Ads,Partner Referral,189.83,2022-03-16,9.04,20293,1707
168,Google Ads,Summer Growth,270.12,2022-03-17,30.01,34128,365
169,Organic,Inbound SEO,133.02,2022-03-18,6.65,37304,1539
170,Referral,Cold Outbound,94.48,2022-03-18,7.87,15802,1607
171,Google Ads,Partner Referral,378.01,2022-03-18,16.44,4028,665
172,Email,Summer Growth,102.69,2022-03-19,4.46,6075,73
173,Referral,Summer Growth,95.24,2022-03-19,8.66,33672,1674
174,Referral,Inbound SEO,100.34,2022-03-19,12.54,7840,539
175,LinkedIn,Brand Awareness Q1,723.6,2022-03-19,48.24,18354,1686
176,Google Ads,Brand Awareness Q1,298.86,2022-03-19,12.99,5520,574
177,Referral,Partner Referral,113.23,2022-03-19,5.96,4303,1742
178,LinkedIn,Product Launch,608.82,2022-03-19,32.04,46865,1810
179,LinkedIn,Summer Growth,503.21,2022-03-20,25.16,49415,477
180,Organic,End of Year Push,121.57,2022-03-20,5.29,42606,1081
181,LinkedIn,Brand Awareness Q1,482.49,2022-03-20,26.8,45721,1596
182,Google Ads,Brand Awareness Q1,375.5,2022-03-20,26.82,38073,1303
183,Google Ads,Brand Awareness Q1,363.44,2022-03-22,17.31,26644,1831
184,Meta Ads,Retargeting Wave,181.91,2022-03-23,9.1,39637,1816
185,Referral,End of Year Push,107.78,2022-03-23,8.98,16741,496
186,LinkedIn,Cold Outbound,470.74,2022-03-23,42.79,49140,1445
187,Google Ads,Brand Awareness Q1,371.01,2022-03-23,16.13,4805,611
188,LinkedIn,End of Year Push,645.8,2022-03-23,43.05,12467,492
189,Google Ads,Partner Referral,375.1,2022-03-23,20.84,35530,1643
190,Meta Ads,End of Year Push,219.94,2022-03-23,16.92,16451,1008
191,Google Ads,Cold Outbound,357.15,2022-03-24,27.47,9815,1124
192,Referral,Product Launch,102.75,2022-03-24,5.41,36571,1986
193,Google Ads,Inbound SEO,283.9,2022-03-25,25.81,14365,1320
194,Referral,Partner Referral,142.59,2022-03-25,17.82,14575,1932
195,Google Ads,End of Year Push,377.91,2022-03-25,18.0,32980,1161
196,Meta Ads,Cold Outbound,208.87,2022-03-25,14.92,26477,1848
197,Meta Ads,Product Launch,268.89,2022-03-26,17.93,35357,84
198,Organic,Partner Referral,161.69,2022-03-26,10.11,29268,795
199,Meta Ads,Retargeting Wave,237.86,2022-03-26,9.91,28728,1561
200,Meta Ads,Summer Growth,279.64,2022-03-27,13.98,15631,1055
201,Referral,Partner Referral,89.12,2022-03-27,5.94,7423,986
202,Google Ads,Cold Outbound,382.44,2022-03-27,16.63,26690,126
203,Organic,Retargeting Wave,141.5,2022-03-28,17.69,34111,261
204,Organic,Retargeting Wave,166.58,2022-03-28,16.66,24739,949
205,Organic,Retargeting Wave,126.76,2022-03-30,9.05,46574,826
206,Referral,Partner Referral,85.09,2022-03-30,7.74,7183,678
207,Google Ads,End of Year Push,244.97,2022-03-30,12.25,5489,232
208,Meta Ads,Brand Awareness Q1,203.29,2022-03-30,11.29,22893,745
209,LinkedIn,Inbound SEO,544.36,2022-03-30,34.02,11998,1568
210,Google Ads,Partner Referral,395.16,2022-03-31,16.46,49852,573
211,Direct,End of Year Push,194.31,2022-03-31,8.45,30127,233
212,Email,End of Year Push,108.42,2022-04-01,6.38,44845,608
213,LinkedIn,Inbound SEO,560.17,2022-04-02,29.48,44708,890
214,Referral,End of Year Push,82.01,2022-04-02,10.25,6151,239
215,LinkedIn,Product Launch,594.78,2022-04-02,49.56,33041,1638
216,Organic,Partner Referral,133.23,2022-04-03,5.79,18001,1456
217,Organic,Cold Outbound,125.94,2022-04-03,9.0,26096,1683
218,Meta Ads,Brand Awareness Q1,254.91,2022-04-03,14.16,45010,1342
219,Meta Ads,End of Year Push,317.18,2022-04-03,19.82,2425,1649
220,LinkedIn,Partner Referral,650.76,2022-04-03,34.25,2672,1163
221,Organic,Retargeting Wave,131.34,2022-04-04,16.42,16264,613
222,Referral,Retargeting Wave,123.99,2022-04-04,8.86,49357,1020
223,Referral,Partner Referral,82.37,2022-04-05,6.34,32416,1950
224,Meta Ads,Inbound SEO,279.75,2022-04-05,25.43,20480,1711
225,Organic,Retargeting Wave,177.28,2022-04-05,10.43,40677,1583
226,Google Ads,Retargeting Wave,332.17,2022-04-05,27.68,6040,1569
227,Referral,Inbound SEO,113.32,2022-04-05,5.4,9047,1022
228,Google Ads,Brand Awareness Q1,320.08,2022-04-07,29.1,27691,1955
229,LinkedIn,Summer Growth,798.62,2022-04-07,36.3,13914,604
230,Google Ads,Retargeting Wave,332.79,2022-04-08,18.49,38843,427
231,Organic,Partner Referral,160.45,2022-04-08,11.46,36597,516
232,Referral,Cold Outbound,109.58,2022-04-08,10.96,45513,1449
233,Referral,Cold Outbound,83.71,2022-04-08,10.46,30982,1189
234,Direct,Retargeting Wave,110.34,2022-04-09,6.13,29891,879
235,Direct,End of Year Push,173.77,2022-04-09,19.31,18232,1839
236,Email,Retargeting Wave,116.79,2022-04-09,4.67,18970,234
237,LinkedIn,Product Launch,748.62,2022-04-09,49.91,21037,1511
238,Google Ads,End of Year Push,263.96,2022-04-10,18.85,32179,396
239,LinkedIn,Inbound SEO,733.39,2022-04-10,36.67,43651,1057
240,Meta Ads,End of Year Push,257.67,2022-04-10,28.63,9578,899
241,Referral,Cold Outbound,106.48,2022-04-10,4.63,6782,1745
242,Organic,Product Launch,151.06,2022-04-11,15.11,34885,1822
243,Email,Brand Awareness Q1,88.12,2022-04-11,3.67,39462,618
244,Organic,Brand Awareness Q1,163.29,2022-04-12,7.1,48191,1231
245,Organic,Summer Growth,179.33,2022-04-12,17.93,20206,1960
246,Google Ads,Summer Growth,280.73,2022-04-12,25.52,38676,1803
247,Meta Ads,Cold Outbound,188.45,2022-04-12,9.92,20385,403
248,LinkedIn,Cold Outbound,555.69,2022-04-13,39.69,48450,1715
249,Referral,Inbound SEO,116.13,2022-04-13,8.93,16305,1067
250,Email,Retargeting Wave,100.15,2022-04-13,4.01,44716,1767
251,Email,Brand Awareness Q1,89.73,2022-04-14,9.97,31220,1197
252,Meta Ads,Product Launch,196.94,2022-04-15,10.94,16376,403
253,Google Ads,Summer Growth,255.17,2022-04-15,10.21,2518,1177
254,Direct,Partner Referral,175.5,2022-04-15,7.63,37970,1249
255,Organic,Partner Referral,144.55,2022-04-15,6.88,48211,89
256,Organic,End of Year Push,145.82,2022-04-15,5.83,14590,1747
257,Meta Ads,Cold Outbound,319.64,2022-04-15,31.96,27361,679
258,Google Ads,Product Launch,372.04,2022-04-16,33.82,47507,52
259,Referral,Cold Outbound,93.22,2022-04-16,11.65,49603,1265
260,Referral,Brand Awareness Q1,81.48,2022-04-16,5.43,32443,1115
261,Referral,Partner Referral,116.94,2022-04-17,5.57,49747,1703
262,Direct,Brand Awareness Q1,122.48,2022-04-17,5.33,49813,1496
263,Organic,End of Year Push,177.83,2022-04-17,11.11,33569,605
264,Meta Ads,Partner Referral,274.13,2022-04-17,11.92,47852,673
265,Meta Ads,Product Launch,301.13,2022-04-18,14.34,23281,171
266,Referral,Retargeting Wave,135.89,2022-04-19,7.55,26384,698
267,Google Ads,Partner Referral,308.33,2022-04-19,16.23,44866,615
268,Organic,Product Launch,155.88,2022-04-19,6.5,7247,964
269,Email,Cold Outbound,76.29,2022-04-20,4.02,728,1809
270,Direct,Retargeting Wave,104.04,2022-04-20,5.78,9175,1595
271,Organic,Product Launch,131.15,2022-04-22,6.56,40572,512
272,Organic,Partner Referral,127.5,2022-04-22,7.97,23130,401
273,Direct,Cold Outbound,137.12,2022-04-22,9.14,16328,70
274,LinkedIn,Brand Awareness Q1,700.51,2022-04-23,31.84,49880,1637
275,Referral,Brand Awareness Q1,134.29,2022-04-24,6.71,15383,736
276,Organic,Product Launch,150.9,2022-04-24,12.58,18310,1002
277,Google Ads,Summer Growth,316.58,2022-04-25,26.38,22952,1500
278,Meta Ads,Brand Awareness Q1,247.51,2022-04-25,27.5,47693,1685
279,Google Ads,End of Year Push,374.13,2022-04-26,18.71,47904,1942
280,Referral,End of Year Push,122.03,2022-04-27,8.72,9413,1058
281,Google Ads,Retargeting Wave,274.74,2022-04-28,22.89,10294,1141
282,Direct,Product Launch,169.72,2022-04-28,7.07,15630,1003
283,Organic,End of Year Push,167.19,2022-04-29,7.27,44682,411
284,Organic,End of Year Push,165.05,2022-04-29,15.0,2816,527
285,Referral,Brand Awareness Q1,130.22,2022-04-29,16.28,36100,1469
286,Meta Ads,End of Year Push,199.96,2022-04-29,12.5,2730,468
287,LinkedIn,End of Year Push,453.9,2022-04-30,32.42,15784,1866
288,Referral,End of Year Push,127.8,2022-05-02,5.11,18911,801
289,Google Ads,Summer Growth,362.57,2022-05-02,30.21,24096,1372
290,Meta Ads,Brand Awareness Q1,256.64,2022-05-02,16.04,30957,498
291,Google Ads,Inbound SEO,334.79,2022-05-02,30.44,31794,1994
292,Google Ads,Brand Awareness Q1,345.4,2022-05-03,17.27,19885,806
293,Referral,Retargeting Wave,104.96,2022-05-03,8.75,6782,802
294,Meta Ads,End of Year Push,277.54,2022-05-03,12.62,41179,1419
295,Organic,Inbound SEO,137.36,2022-05-04,9.81,47246,347
296,LinkedIn,Partner Referral,607.61,2022-05-04,25.32,35189,792
297,LinkedIn,Product Launch,542.08,2022-05-04,22.59,36944,487
298,LinkedIn,End of Year Push,650.26,2022-05-04,29.56,40713,1914
299,LinkedIn,End of Year Push,769.8,2022-05-05,54.99,5762,1470
300,Google Ads,Summer Growth,278.08,2022-05-05,11.59,25019,1601
301,Meta Ads,Inbound SEO,274.39,2022-05-05,14.44,5788,1444
302,LinkedIn,Inbound SEO,460.45,2022-05-06,57.56,26460,942
303,Google Ads,Partner Referral,385.84,2022-05-06,42.87,26928,1373
304,Meta Ads,Cold Outbound,318.67,2022-05-06,15.17,31369,241
305,Referral,Partner Referral,138.02,2022-05-06,9.2,9827,1195
306,Meta Ads,Summer Growth,281.38,2022-05-06,35.17,15646,1130
307,Google Ads,Cold Outbound,289.67,2022-05-06,14.48,11568,362
308,Organic,Partner Referral,141.15,2022-05-06,9.41,44868,954
309,Google Ads,Partner Referral,331.64,2022-05-07,22.11,39596,1286
310,Google Ads,Retargeting Wave,293.89,2022-05-07,36.74,13676,1189
311,Meta Ads,Retargeting Wave,224.85,2022-05-08,10.71,24243,941
312,Referral,End of Year Push,125.7,2022-05-08,12.57,31297,169
313,Meta Ads,Brand Awareness Q1,210.41,2022-05-09,17.53,48887,1795
314,Organic,Cold Outbound,159.73,2022-05-10,11.41,25414,1425
315,Google Ads,Product Launch,349.26,2022-05-10,18.38,48723,849
316,LinkedIn,Product Launch,611.42,2022-05-11,47.03,48322,468
317,Google Ads,Retargeting Wave,320.8,2022-05-11,22.91,39716,183
318,Google Ads,Summer Growth,302.63,2022-05-11,27.51,2687,1285
319,Organic,Partner Referral,152.92,2022-05-12,7.65,47685,1539
320,Organic,Product Launch,146.54,2022-05-12,6.98,20786,673
321,Direct,End of Year Push,144.73,2022-05-12,6.29,34191,781
322,LinkedIn,Retargeting Wave,670.54,2022-05-13,67.05,32241,932
323,Referral,Brand Awareness Q1,135.08,2022-05-13,9.65,32982,248
324,Direct,Inbound SEO,129.26,2022-05-14,5.17,7541,79
325,Google Ads,End of Year Push,360.2,2022-05-14,22.51,27924,941
326,Direct,Retargeting Wave,183.54,2022-05-14,7.98,14485,1460
327,Direct,Cold Outbound,123.38,2022-05-14,4.94,4232,1574
328,Referral,Inbound SEO,142.43,2022-05-14,11.87,33344,1982
329,Meta Ads,Partner Referral,272.29,2022-05-14,12.97,23094,1930
330,Email,Cold Outbound,93.19,2022-05-15,3.73,20353,1565
331,Google Ads,End of Year Push,254.49,2022-05-15,11.57,18420,552
332,Referral,Partner Referral,104.83,2022-05-16,4.37,21400,1317
333,Organic,Product Launch,122.43,2022-05-16,6.8,4285,356
334,Organic,Partner Referral,150.69,2022-05-17,9.42,26274,1692
335,LinkedIn,Retargeting Wave,673.92,2022-05-17,44.93,20040,1636
336,Referral,Partner Referral,105.08,2022-05-17,5.84,12087,279
337,Organic,Inbound SEO,126.13,2022-05-17,6.31,2609,1734
338,Organic,Brand Awareness Q1,147.11,2022-05-18,6.13,36276,142
339,Organic,Partner Referral,172.07,2022-05-18,10.12,25519,924
340,Organic,Brand Awareness Q1,137.98,2022-05-18,9.86,31756,874
341,Google Ads,Partner Referral,284.19,2022-05-19,25.84,43561,1568
342,Referral,Product Launch,109.82,2022-05-20,8.45,8088,1713
343,Google Ads,End of Year Push,397.6,2022-05-20,19.88,46293,691
344,Email,Partner Referral,93.07,2022-05-21,3.88,47093,1946
345,LinkedIn,Brand Awareness Q1,673.47,2022-05-21,74.83,20337,301
346,Google Ads,End of Year Push,336.35,2022-05-22,24.03,24932,318
347,Referral,Partner Referral,109.12,2022-05-23,13.64,7080,1718
348,Organic,Brand Awareness Q1,138.83,2022-05-23,17.35,11467,1250
349,Google Ads,End of Year Push,376.73,2022-05-23,15.7,1257,266
350,Email,Summer Growth,113.06,2022-05-24,8.7,19787,1710
351,Google Ads,Summer Growth,314.51,2022-05-24,16.55,37130,162
352,Google Ads,Summer Growth,386.29,2022-05-24,22.72,40318,1213
353,Referral,Partner Referral,88.12,2022-05-25,4.64,2871,1846
354,Google Ads,Summer Growth,259.33,2022-05-25,17.29,38274,893
355,Meta Ads,Partner Referral,191.41,2022-05-25,8.32,5533,1039
356,Organic,Retargeting Wave,120.69,2022-05-25,10.06,39654,1792
357,Organic,Inbound SEO,129.78,2022-05-25,16.22,32638,1930
358,Direct,Partner Referral,110.14,2022-05-26,11.01,10572,1260
359,Organic,Summer Growth,168.77,2022-05-27,12.06,18813,1230
360,Google Ads,Brand Awareness Q1,393.88,2022-05-28,24.62,3209,1413
361,Organic,End of Year Push,179.52,2022-05-28,7.81,44816,199
362,Direct,Inbound SEO,147.12,2022-05-28,6.13,36916,764
363,Google Ads,Retargeting Wave,354.62,2022-05-28,14.18,952,845
364,Google Ads,Product Launch,250.93,2022-05-28,11.95,49039,318
365,LinkedIn,Brand Awareness Q1,677.38,2022-05-28,33.87,39291,1750
366,Google Ads,Inbound SEO,251.75,2022-05-30,10.95,44656,241
367,Organic,Partner Referral,127.07,2022-05-30,14.12,42654,179
368,Meta Ads,Product Launch,305.89,2022-05-30,20.39,45034,1308
369,Referral,End of Year Push,144.83,2022-05-30,16.09,12434,714
370,Google Ads,Cold Outbound,379.97,2022-05-30,31.66,4403,928
371,Referral,Retargeting Wave,95.48,2022-05-31,5.3,39823,931
372,Meta Ads,Summer Growth,276.25,2022-06-01,34.53,38686,1491
373,Google Ads,Partner Referral,257.24,2022-06-01,10.29,3672,640
374,Google Ads,Summer Growth,295.0,2022-06-01,29.5,9739,1595
375,Organic,Partner Referral,133.03,2022-06-01,16.63,34504,300
376,Google Ads,Summer Growth,283.85,2022-06-01,11.35,1373,568
377,Google Ads,Partner Referral,367.4,2022-06-01,40.82,35962,1486
378,Organic,Summer Growth,156.67,2022-06-01,9.79,2999,1697
379,Referral,Retargeting Wave,138.85,2022-06-01,6.61,37457,716
380,Google Ads,Inbound SEO,330.57,2022-06-01,41.32,26972,73
381,Meta Ads,Inbound SEO,293.62,2022-06-02,12.23,2776,897
382,Referral,Cold Outbound,128.46,2022-06-02,8.03,22813,865
383,Google Ads,Inbound SEO,329.2,2022-06-02,36.58,32423,578
384,Organic,Summer Growth,178.97,2022-06-02,10.53,9876,1412
385,LinkedIn,Inbound SEO,455.63,2022-06-02,20.71,43133,957
386,Direct,End of Year Push,117.91,2022-06-02,4.72,19351,980
387,Google Ads,Summer Growth,302.49,2022-06-03,15.92,13295,141
388,Organic,Retargeting Wave,176.29,2022-06-03,7.66,9608,1124
389,Email,Cold Outbound,84.05,2022-06-03,4.94,44559,1508
390,Google Ads,Brand Awareness Q1,323.0,2022-06-03,26.92,45482,843
391,Organic,Partner Referral,168.4,2022-06-03,16.84,8427,1603
392,Google Ads,Partner Referral,261.94,2022-06-03,12.47,1016,1622
393,Organic,Product Launch,155.81,2022-06-03,9.74,26715,1844
394,Meta Ads,Partner Referral,308.45,2022-06-04,13.41,43128,144
395,Organic,Product Launch,142.17,2022-06-04,6.18,49390,1055
396,Referral,Product Launch,100.67,2022-06-04,10.07,24350,1733
397,Direct,End of Year Push,195.18,2022-06-04,19.52,47476,1970
398,Organic,Product Launch,128.88,2022-06-04,9.21,22795,360
399,Google Ads,Brand Awareness Q1,358.84,2022-06-05,44.85,34644,707
400,LinkedIn,Retargeting Wave,632.87,2022-06-05,31.64,4597,976
401,Organic,Brand Awareness Q1,141.72,2022-06-05,7.87,10343,66
402,LinkedIn,End of Year Push,767.87,2022-06-05,42.66,13555,1621
403,Organic,Retargeting Wave,163.14,2022-06-05,8.59,27612,84
404,Google Ads,End of Year Push,393.71,2022-06-06,23.16,44008,355
405,Organic,Summer Growth,127.61,2022-06-06,15.95,40118,224
406,Referral,Retargeting Wave,144.49,2022-06-06,9.03,49269,513
407,LinkedIn,Retargeting Wave,727.49,2022-06-06,72.75,18918,1815
408,Organic,Cold Outbound,174.2,2022-06-06,7.26,15078,593
409,LinkedIn,End of Year Push,730.13,2022-06-06,33.19,32069,1261
410,Referral,Retargeting Wave,90.58,2022-06-07,10.06,10237,247
411,Direct,Product Launch,142.71,2022-06-07,9.51,6577,494
412,Meta Ads,Summer Growth,311.65,2022-06-07,12.99,7646,1387
413,Organic,Partner Referral,122.56,2022-06-07,10.21,20864,383
414,Email,Cold Outbound,80.63,2022-06-07,3.36,40906,1595
415,Referral,Inbound SEO,136.75,2022-06-08,7.2,33525,1019
416,Meta Ads,Inbound SEO,219.51,2022-06-08,18.29,27829,486
417,Referral,Product Launch,101.04,2022-06-09,7.22,49585,1600
418,Email,Product Launch,109.44,2022-06-10,6.08,20869,655
419,LinkedIn,Inbound SEO,494.89,2022-06-10,35.35,21926,289
420,Organic,Product Launch,147.96,2022-06-10,5.92,2154,728
421,Organic,Inbound SEO,134.97,2022-06-10,7.1,15599,1184
422,LinkedIn,Cold Outbound,515.34,2022-06-11,39.64,966,586
423,Google Ads,Partner Referral,315.65,2022-06-11,15.78,46938,140
424,Meta Ads,Cold Outbound,255.65,2022-06-11,15.04,21533,1497
425,LinkedIn,Summer Growth,625.19,2022-06-11,52.1,4144,1331
426,Meta Ads,End of Year Push,209.07,2022-06-11,10.45,36901,787
427,LinkedIn,Product Launch,485.95,2022-06-12,24.3,8914,245
428,LinkedIn,Retargeting Wave,462.06,2022-06-12,46.21,17337,1668
429,Direct,Summer Growth,121.99,2022-06-12,15.25,25907,217
430,Google Ads,Product Launch,285.78,2022-06-15,14.29,20546,771
431,LinkedIn,End of Year Push,559.16,2022-06-15,39.94,5030,1268
432,Referral,Summer Growth,139.51,2022-06-15,12.68,45295,1793
433,Google Ads,End of Year Push,276.33,2022-06-15,17.27,38552,1960
434,Meta Ads,Cold Outbound,267.11,2022-06-16,33.39,6544,101
435,Referral,Retargeting Wave,132.24,2022-06-16,8.82,19799,667
436,Meta Ads,Inbound SEO,249.49,2022-06-17,9.98,47485,896
437,LinkedIn,Summer Growth,706.78,2022-06-17,30.73,34037,876
438,Organic,Product Launch,162.63,2022-06-17,14.78,24509,1222
439,Meta Ads,Retargeting Wave,249.88,2022-06-17,17.85,30406,945
440,Email,Product Launch,73.18,2022-06-17,3.18,19404,1244
441,Referral,End of Year Push,146.68,2022-06-18,10.48,8202,378
442,Organic,Inbound SEO,133.75,2022-06-18,8.36,36987,133
443,Direct,Retargeting Wave,143.9,2022-06-19,6.54,14048,1454
444,Organic,End of Year Push,138.73,2022-06-19,6.94,36910,998
445,Google Ads,Cold Outbound,315.46,2022-06-20,19.72,917,990
446,Organic,Partner Referral,144.16,2022-06-20,7.59,26859,75
447,Organic,Partner Referral,178.02,2022-06-20,14.84,11120,1800
448,Email,Summer Growth,111.15,2022-06-20,8.55,45552,1370
449,Meta Ads,End of Year Push,196.93,2022-06-20,8.21,27719,1821
450,Direct,Retargeting Wave,116.5,2022-06-21,5.3,9259,923
451,Google Ads,End of Year Push,366.47,2022-06-21,26.18,1227,1906
452,Google Ads,Partner Referral,364.68,2022-06-21,28.05,43901,1607
453,Organic,Partner Referral,144.14,2022-06-21,16.02,18402,1162
454,Google Ads,Product Launch,277.06,2022-06-21,19.79,17039,1388
455,Direct,Inbound SEO,120.56,2022-06-22,5.02,48144,617
456,Meta Ads,Summer Growth,319.95,2022-06-22,29.09,34634,1397
457,Google Ads,Partner Referral,377.63,2022-06-23,19.88,6927,365
458,Direct,Brand Awareness Q1,118.13,2022-06-23,5.91,49610,531
459,Meta Ads,Cold Outbound,275.51,2022-06-24,34.44,20614,1195
460,LinkedIn,Partner Referral,778.29,2022-06-24,48.64,41520,1994
461,Meta Ads,Partner Referral,191.64,2022-06-25,10.65,38470,766
462,Direct,Inbound SEO,173.81,2022-06-26,10.86,11439,200
463,LinkedIn,End of Year Push,624.87,2022-06-26,56.81,14169,1612
464,Referral,Partner Referral,93.54,2022-06-27,5.2,38261,1066
465,Organic,Partner Referral,143.98,2022-06-27,6.0,32768,1025
466,Meta Ads,Inbound SEO,259.51,2022-06-27,10.38,28362,197
467,Organic,Summer Growth,166.53,2022-06-27,7.24,17332,1269
468,Organic,Brand Awareness Q1,140.76,2022-06-28,5.63,43252,1164
469,Referral,Cold Outbound,92.54,2022-06-28,7.71,13082,460
470,LinkedIn,Cold Outbound,454.55,2022-06-29,22.73,8035,794
471,Referral,Summer Growth,82.32,2022-06-29,8.23,15176,1298
472,Organic,Brand Awareness Q1,138.48,2022-06-30,8.15,19050,425
473,LinkedIn,Retargeting Wave,594.44,2022-06-30,25.85,41032,370
474,Referral,Brand Awareness Q1,98.31,2022-06-30,9.83,666,1819
475,LinkedIn,Summer Growth,782.77,2022-06-30,39.14,16889,1740
476,Meta Ads,Retargeting Wave,264.78,2022-07-01,26.48,22954,1904
477,Meta Ads,Brand Awareness Q1,254.24,2022-07-01,12.71,30265,1305
478,Direct,End of Year Push,138.09,2022-07-02,6.9,30128,421
479,Email,Partner Referral,95.04,2022-07-02,8.64,3452,1690
480,Organic,Product Launch,131.62,2022-07-03,6.27,20524,508
481,LinkedIn,Partner Referral,470.0,2022-07-03,21.36,10869,1884
482,Google Ads,Cold Outbound,298.09,2022-07-03,27.1,44053,1779
483,Referral,Cold Outbound,105.48,2022-07-03,7.53,10786,1623
484,Referral,Summer Growth,112.68,2022-07-04,10.24,45149,737
485,Google Ads,Cold Outbound,338.97,2022-07-04,14.74,13974,1330
486,Referral,Partner Referral,131.11,2022-07-04,16.39,38919,918
487,Meta Ads,Partner Referral,236.88,2022-07-04,23.69,2789,1950
488,Referral,Cold Outbound,104.01,2022-07-04,7.43,23225,1075
489,Google Ads,Retargeting Wave,394.92,2022-07-05,28.21,46169,1925
490,Organic,Retargeting Wave,171.32,2022-07-05,10.71,33017,154
491,Organic,Cold Outbound,132.05,2022-07-05,6.6,32795,1397
492,Google Ads,Inbound SEO,368.31,2022-07-05,18.42,17790,1556
493,Google Ads,Partner Referral,311.11,2022-07-06,15.56,41068,581
494,Referral,Cold Outbound,124.31,2022-07-06,12.43,23363,774
495,Referral,End of Year Push,136.64,2022-07-06,8.54,29555,1907
496,Google Ads,Brand Awareness Q1,291.15,2022-07-07,24.26,17092,98
497,Referral,Cold Outbound,96.89,2022-07-07,7.45,39855,1375
498,Organic,Partner Referral,163.5,2022-07-07,9.08,15376,1364
499,LinkedIn,Brand Awareness Q1,566.47,2022-07-07,37.76,29396,1698
500,Referral,Brand Awareness Q1,99.58,2022-07-07,4.33,34904,64
501,Google Ads,End of Year Push,325.14,2022-07-07,13.01,24871,1944
502,Google Ads,Summer Growth,270.16,2022-07-08,18.01,27178,1280
503,Google Ads,Brand Awareness Q1,396.16,2022-07-08,24.76,2412,1022
504,Organic,Retargeting Wave,132.54,2022-07-08,13.25,23552,52
505,LinkedIn,Product Launch,585.21,2022-07-09,36.58,2421,693
506,Organic,Product Launch,168.13,2022-07-09,8.01,24156,1107
507,Organic,Partner Referral,151.98,2022-07-09,10.86,13744,1874
508,Google Ads,Retargeting Wave,303.13,2022-07-10,14.43,17963,1466
509,Email,Partner Referral,107.32,2022-07-10,5.11,49361,126
510,Organic,Product Launch,171.05,2022-07-10,7.44,13382,1733
511,Referral,Retargeting Wave,123.35,2022-07-10,11.21,22498,1267
512,Organic,Retargeting Wave,123.22,2022-07-10,12.32,3997,1846
513,Organic,Cold Outbound,130.74,2022-07-10,6.23,3443,1039
514,Referral,Inbound SEO,87.71,2022-07-11,7.97,26173,662
515,Email,Cold Outbound,75.74,2022-07-11,3.29,37579,1348
516,Meta Ads,End of Year Push,252.57,2022-07-11,31.57,28491,228
517,Google Ads,Inbound SEO,274.39,2022-07-11,12.47,43445,810
518,Google Ads,End of Year Push,391.44,2022-07-11,21.75,2002,1987
519,Referral,Product Launch,104.08,2022-07-11,4.96,2577,430
520,Referral,Partner Referral,82.03,2022-07-12,3.42,31326,734
521,Google Ads,Cold Outbound,315.27,2022-07-12,31.53,42214,1782
522,Direct,Summer Growth,154.18,2022-07-12,11.86,39802,423
523,Organic,Summer Growth,163.13,2022-07-12,11.65,37854,274
524,Organic,Retargeting Wave,149.52,2022-07-12,7.87,39705,1370
525,Meta Ads,Summer Growth,315.15,2022-07-12,22.51,16783,1070
526,Google Ads,Brand Awareness Q1,320.09,2022-07-12,17.78,45944,1084
527,Referral,Summer Growth,80.82,2022-07-13,8.98,41654,1693
528,Referral,Inbound SEO,139.15,2022-07-13,12.65,2463,1726
529,Google Ads,Brand Awareness Q1,246.53,2022-07-13,11.21,35084,469
530,Referral,Retargeting Wave,127.65,2022-07-13,5.8,35293,1546
531,Google Ads,Brand Awareness Q1,395.04,2022-07-13,26.34,17166,1109
532,Referral,End of Year Push,104.59,2022-07-13,4.98,22032,1401
533,Google Ads,Retargeting Wave,348.54,2022-07-13,21.78,41144,314
534,Meta Ads,Brand Awareness Q1,251.97,2022-07-14,18.0,8212,1825
535,Meta Ads,End of Year Push,301.68,2022-07-14,15.08,17298,553
536,LinkedIn,Cold Outbound,478.95,2022-07-14,19.96,21839,1578
537,LinkedIn,Retargeting Wave,740.02,2022-07-14,46.25,3229,1178
538,Meta Ads,Inbound SEO,260.16,2022-07-14,18.58,2069,459
539,Email,Brand Awareness Q1,118.3,2022-07-15,5.38,41547,1867
540,Google Ads,Inbound SEO,240.81,2022-07-16,20.07,28243,1318
541,LinkedIn,Inbound SEO,468.93,2022-07-16,36.07,14047,1756
542,Direct,Product Launch,103.78,2022-07-16,5.19,25475,451
543,Organic,Product Launch,177.56,2022-07-17,11.84,23976,1790
544,Direct,Brand Awareness Q1,135.26,2022-07-17,9.02,2423,951
545,Meta Ads,Inbound SEO,263.04,2022-07-17,16.44,4440,1697
546,Organic,Product Launch,147.77,2022-07-18,18.47,8198,348
547,Referral,Inbound SEO,123.96,2022-07-18,8.85,6622,1193
548,Email,Brand Awareness Q1,79.58,2022-07-19,4.68,8890,460
549,Organic,Product Launch,176.84,2022-07-19,19.65,45907,1799
550,Google Ads,Brand Awareness Q1,322.75,2022-07-19,18.99,35125,1840
551,Organic,End of Year Push,161.59,2022-07-20,17.95,23214,658
552,Meta Ads,End of Year Push,279.23,2022-07-20,11.63,24021,958
553,Referral,Cold Outbound,113.98,2022-07-20,8.14,38963,1711
554,Meta Ads,Retargeting Wave,284.79,2022-07-20,15.82,42317,1442
555,Google Ads,Summer Growth,324.2,2022-07-20,17.06,6047,1147
556,Organic,End of Year Push,128.72,2022-07-20,5.36,9549,944
557,Direct,Inbound SEO,185.2,2022-07-21,16.84,33559,753
558,Organic,Cold Outbound,141.74,2022-07-21,6.75,35094,1654
559,Meta Ads,Inbound SEO,281.33,2022-07-21,15.63,39280,134
560,Organic,Summer Growth,176.21,2022-07-22,8.39,48205,1538
561,Referral,Retargeting Wave,123.44,2022-07-22,7.71,49110,1077
562,Meta Ads,Inbound SEO,194.46,2022-07-22,24.31,46939,1610
563,Google Ads,Summer Growth,328.71,2022-07-23,18.26,48806,112
564,Meta Ads,Retargeting Wave,199.07,2022-07-23,11.71,27187,1507
565,Google Ads,Inbound SEO,277.97,2022-07-23,34.75,29573,1960
566,Referral,Inbound SEO,121.7,2022-07-24,6.41,23588,1281
567,LinkedIn,End of Year Push,720.76,2022-07-24,37.93,22299,1091
568,Meta Ads,Product Launch,300.23,2022-07-24,25.02,29770,948
569,Referral,Cold Outbound,101.0,2022-07-24,4.39,32819,606
570,Google Ads,Inbound SEO,379.82,2022-07-24,22.34,46902,290
571,Organic,Product Launch,150.86,2022-07-25,8.87,48777,1251
572,Referral,Cold Outbound,97.38,2022-07-25,10.82,1615,1060
573,Organic,Inbound SEO,137.1,2022-07-25,7.22,39811,632
574,Meta Ads,Partner Referral,223.48,2022-07-25,10.16,17876,1938
575,LinkedIn,Partner Referral,762.41,2022-07-25,36.31,9188,454
576,LinkedIn,Partner Referral,569.32,2022-07-25,24.75,8194,365
577,Google Ads,Inbound SEO,333.78,2022-07-26,41.72,11559,1640
578,Meta Ads,Brand Awareness Q1,242.55,2022-07-26,12.13,20234,303
579,Referral,Product Launch,143.79,2022-07-26,6.25,10168,1441
580,Meta Ads,Summer Growth,230.46,2022-07-26,13.56,24605,1992
581,Organic,Retargeting Wave,157.66,2022-07-27,14.33,33034,1906
582,Direct,Brand Awareness Q1,181.91,2022-07-27,10.11,19041,796
583,Google Ads,Retargeting Wave,278.51,2022-07-27,14.66,23807,1324
584,Direct,Inbound SEO,188.77,2022-07-27,8.99,12777,301
585,Google Ads,End of Year Push,329.32,2022-07-28,23.52,24945,1676
586,Email,Partner Referral,99.48,2022-07-28,4.74,33856,160
587,Meta Ads,Inbound SEO,289.52,2022-07-28,36.19,20260,1695
588,LinkedIn,Partner Referral,482.08,2022-07-29,53.56,19748,461
589,Organic,Inbound SEO,125.33,2022-07-29,5.45,37144,707
590,Referral,Cold Outbound,86.54,2022-07-29,5.77,15118,850
591,Meta Ads,End of Year Push,304.2,2022-07-29,30.42,44293,1442
592,Google Ads,Inbound SEO,323.76,2022-07-29,40.47,6266,118
593,Google Ads,End of Year Push,366.41,2022-07-30,36.64,6584,271
594,Google Ads,Brand Awareness Q1,272.74,2022-07-30,20.98,27100,633
595,Organic,End of Year Push,156.67,2022-07-30,10.44,46874,494
596,Direct,Cold Outbound,143.34,2022-07-30,15.93,12620,1912
597,Organic,End of Year Push,160.15,2022-07-30,6.41,37233,1353
598,Google Ads,Summer Growth,267.13,2022-07-30,10.69,35384,1309
599,Organic,Cold Outbound,137.83,2022-07-31,5.74,7010,1591
600,Referral,Partner Referral,134.1,2022-07-31,6.71,16783,1581
601,Referral,Product Launch,141.65,2022-07-31,17.71,36130,526
602,Google Ads,Product Launch,351.9,2022-07-31,20.7,12712,1571
603,Referral,Cold Outbound,110.45,2022-08-03,6.9,10258,1540
604,Referral,Brand Awareness Q1,101.49,2022-08-03,6.34,30849,1377
605,Meta Ads,Product Launch,287.31,2022-08-03,12.49,39773,1730
606,Google Ads,Inbound SEO,278.34,2022-08-03,11.6,6589,1448
607,LinkedIn,Retargeting Wave,616.03,2022-08-04,38.5,40436,1210
608,Organic,Cold Outbound,143.29,2022-08-04,14.33,20551,1959
609,Direct,End of Year Push,138.4,2022-08-04,7.69,16839,238
610,Referral,Partner Referral,103.12,2022-08-05,5.16,20878,1388
611,Organic,Brand Awareness Q1,156.9,2022-08-05,13.08,41565,825
612,Referral,Brand Awareness Q1,120.83,2022-08-05,4.83,37550,1699
613,Google Ads,Partner Referral,362.51,2022-08-05,18.13,27913,1417
614,Email,Summer Growth,91.16,2022-08-06,3.65,12431,1769
615,Organic,Product Launch,166.89,2022-08-06,11.13,44080,1631
616,LinkedIn,Product Launch,791.17,2022-08-07,49.45,25646,1197
617,Meta Ads,Brand Awareness Q1,206.0,2022-08-07,13.73,31151,475
618,Organic,Retargeting Wave,162.42,2022-08-08,18.05,25849,1433
619,LinkedIn,Partner Referral,521.31,2022-08-08,22.67,20213,1497
620,Referral,Inbound SEO,116.46,2022-08-08,5.06,33362,550
621,Organic,Inbound SEO,135.93,2022-08-08,7.55,38780,838
622,LinkedIn,Inbound SEO,769.68,2022-08-08,34.99,43923,867
623,LinkedIn,Inbound SEO,683.13,2022-08-09,31.05,33426,839
624,Meta Ads,Inbound SEO,180.3,2022-08-09,10.02,4897,1790
625,LinkedIn,Cold Outbound,770.8,2022-08-10,36.7,17613,1358
626,Google Ads,End of Year Push,336.26,2022-08-10,16.01,15192,389
627,Meta Ads,Summer Growth,231.47,2022-08-10,14.47,28968,777
628,Organic,Retargeting Wave,135.08,2022-08-10,10.39,3272,175
629,Google Ads,Partner Referral,254.04,2022-08-10,11.55,16887,983
630,LinkedIn,Product Launch,752.91,2022-08-11,83.66,16855,717
631,Organic,Inbound SEO,154.47,2022-08-11,19.31,22803,887
632,Google Ads,End of Year Push,256.21,2022-08-11,14.23,36369,704
633,Organic,Retargeting Wave,125.26,2022-08-11,8.95,12665,1755
634,Organic,Cold Outbound,153.76,2022-08-11,7.32,27419,1504
635,Email,Cold Outbound,71.17,2022-08-11,7.91,18794,313
636,Organic,Brand Awareness Q1,152.88,2022-08-11,7.64,3157,1934
637,Email,Summer Growth,108.02,2022-08-12,4.7,3332,128
638,Google Ads,Summer Growth,260.31,2022-08-13,10.85,18015,765
639,Meta Ads,Retargeting Wave,297.4,2022-08-13,14.16,24214,1315
640,Meta Ads,Product Launch,226.73,2022-08-13,9.86,1741,1490
641,Organic,Partner Referral,156.99,2022-08-14,14.27,7909,1692
642,Google Ads,End of Year Push,290.64,2022-08-14,32.29,20954,1979
643,Referral,Cold Outbound,123.93,2022-08-14,6.52,8593,502
644,Organic,Product Launch,124.61,2022-08-14,10.38,7626,872
645,Meta Ads,Inbound SEO,243.81,2022-08-14,17.41,30640,275
646,Google Ads,Product Launch,311.52,2022-08-15,34.61,19074,553
647,Organic,Retargeting Wave,127.58,2022-08-15,8.51,6200,417
648,Google Ads,Partner Referral,305.8,2022-08-15,33.98,12003,503
649,Organic,Partner Referral,125.19,2022-08-16,6.59,22766,1094
650,Organic,Retargeting Wave,165.77,2022-08-16,7.54,21855,729
651,Google Ads,Product Launch,307.36,2022-08-16,34.15,44700,545
652,Google Ads,Brand Awareness Q1,382.66,2022-08-17,31.89,30298,1532
653,Google Ads,Inbound SEO,241.23,2022-08-17,11.49,36535,1048
654,Organic,Inbound SEO,154.74,2022-08-18,7.03,5481,1632
655,Organic,Summer Growth,130.67,2022-08-18,6.53,30229,1830
656,LinkedIn,Product Launch,520.91,2022-08-18,34.73,24419,1687
657,Referral,End of Year Push,120.2,2022-08-18,8.01,1594,1339
658,Referral,Retargeting Wave,99.09,2022-08-19,5.5,5867,1833
659,Referral,Brand Awareness Q1,103.16,2022-08-19,4.69,38621,657
660,Organic,End of Year Push,171.64,2022-08-19,19.07,10193,605
661,Organic,Partner Referral,161.0,2022-08-19,6.71,22410,1336
662,Direct,Summer Growth,133.09,2022-08-20,16.64,9850,1526
663,Organic,Summer Growth,124.13,2022-08-20,6.9,47036,674
664,Meta Ads,Inbound SEO,184.59,2022-08-20,16.78,3770,1292
665,Organic,Inbound SEO,137.07,2022-08-20,9.14,15197,903
666,Organic,Inbound SEO,134.29,2022-08-20,5.84,46943,1631
667,Google Ads,Cold Outbound,288.42,2022-08-21,32.05,689,1233
668,Referral,Summer Growth,142.98,2022-08-21,7.15,17771,527
669,Meta Ads,Product Launch,242.86,2022-08-22,22.08,30805,71
670,Referral,Cold Outbound,132.27,2022-08-22,14.7,7795,1727
671,Organic,Product Launch,162.23,2022-08-22,6.49,45061,1759
672,Referral,Cold Outbound,140.38,2022-08-22,14.04,29930,1364
673,Referral,Partner Referral,117.74,2022-08-22,4.91,7606,979
674,Google Ads,Brand Awareness Q1,311.11,2022-08-22,16.37,40103,243
675,Meta Ads,End of Year Push,283.53,2022-08-22,35.44,46469,191
676,Email,Inbound SEO,101.14,2022-08-22,10.11,25300,1292
677,Referral,Summer Growth,93.24,2022-08-22,4.05,39091,483
678,Email,Cold Outbound,82.55,2022-08-23,10.32,34521,1283
679,LinkedIn,Retargeting Wave,540.2,2022-08-23,60.02,25777,767
680,LinkedIn,Retargeting Wave,730.5,2022-08-23,38.45,10280,1565
681,Google Ads,Inbound SEO,272.42,2022-08-23,12.38,1906,1409
682,Meta Ads,Partner Referral,311.67,2022-08-23,16.4,939,1230
683,Google Ads,Brand Awareness Q1,268.79,2022-08-24,11.69,35757,1853
684,LinkedIn,Product Launch,598.88,2022-08-24,27.22,7752,1239
685,LinkedIn,Brand Awareness Q1,506.04,2022-08-24,42.17,41891,1396
686,Google Ads,Summer Growth,358.34,2022-08-24,32.58,37273,943
687,Meta Ads,Summer Growth,301.12,2022-08-24,37.64,40238,1864
688,Direct,Brand Awareness Q1,122.03,2022-08-24,12.2,39137,620
689,Referral,Summer Growth,80.24,2022-08-25,3.65,3708,150
690,Referral,Cold Outbound,149.63,2022-08-25,7.48,44197,394
691,Meta Ads,Cold Outbound,228.26,2022-08-25,10.38,32674,1793
692,Meta Ads,Retargeting Wave,186.97,2022-08-25,8.5,9290,1478
693,Google Ads,Summer Growth,260.71,2022-08-25,23.7,37407,737
694,Google Ads,Partner Referral,344.97,2022-08-26,20.29,28943,107
695,Direct,Inbound SEO,144.96,2022-08-26,7.63,26081,1474
696,Referral,Product Launch,128.01,2022-08-26,10.67,2919,775
697,Referral,Summer Growth,143.11,2022-08-26,10.22,24643,871
698,Organic,Cold Outbound,175.65,2022-08-27,10.33,48381,1136
699,Referral,Inbound SEO,122.69,2022-08-27,13.63,3692,1065
700,Google Ads,Retargeting Wave,307.91,2022-08-27,12.83,27767,1358
701,Meta Ads,Summer Growth,230.83,2022-08-27,9.23,9066,1546
702,Organic,Retargeting Wave,163.62,2022-08-28,6.82,29943,1983
703,Email,End of Year Push,89.95,2022-08-28,4.73,40753,1951
704,LinkedIn,Inbound SEO,687.33,2022-08-28,27.49,20612,492
705,Meta Ads,Cold Outbound,232.2,2022-08-28,21.11,12128,768
706,Organic,Summer Growth,122.17,2022-08-28,8.73,4535,1477
707,Google Ads,Summer Growth,280.67,2022-08-28,23.39,25503,1708
708,Meta Ads,Partner Referral,260.83,2022-08-29,18.63,14316,806
709,Organic,Summer Growth,122.25,2022-08-29,8.15,36879,1029
710,Meta Ads,Partner Referral,185.54,2022-08-29,7.73,9190,1105
711,Referral,Cold Outbound,130.66,2022-08-30,6.88,15713,532
712,Google Ads,Partner Referral,293.04,2022-08-30,22.54,3990,328
713,Meta Ads,Cold Outbound,218.75,2022-08-30,13.67,31960,1082
714,Organic,Product Launch,131.18,2022-08-30,6.56,39224,1800
715,LinkedIn,Inbound SEO,518.94,2022-08-31,47.18,30126,522
716,Meta Ads,Product Launch,203.13,2022-08-31,16.93,38445,502
717,Organic,Partner Referral,158.69,2022-08-31,8.82,1029,1674
718,Organic,Cold Outbound,159.06,2022-09-01,8.37,42716,1377
719,Organic,Cold Outbound,139.54,2022-09-01,6.07,47998,1038
720,Referral,Cold Outbound,119.38,2022-09-02,7.02,13858,201
721,Direct,End of Year Push,166.93,2022-09-02,9.82,42491,703
722,Organic,Summer Growth,134.86,2022-09-02,13.49,45715,726
723,Meta Ads,Product Launch,184.43,2022-09-02,8.38,10849,152
724,LinkedIn,End of Year Push,630.45,2022-09-02,31.52,39266,1487
725,Referral,Inbound SEO,111.55,2022-09-03,5.31,12719,1856
726,LinkedIn,Summer Growth,518.98,2022-09-03,24.71,35616,823
727,Referral,Brand Awareness Q1,135.37,2022-09-03,5.64,35699,695
728,Google Ads,Retargeting Wave,303.96,2022-09-03,20.26,38459,1367
729,Direct,Summer Growth,126.6,2022-09-03,14.07,47479,188
730,Organic,Cold Outbound,128.75,2022-09-03,5.6,17568,1324
731,Organic,Product Launch,136.7,2022-09-03,12.43,591,268
732,Referral,Partner Referral,135.98,2022-09-03,12.36,14533,368
733,Referral,End of Year Push,140.39,2022-09-03,7.39,29879,707
734,Organic,Summer Growth,138.4,2022-09-04,12.58,6342,715
735,LinkedIn,End of Year Push,463.15,2022-09-05,27.24,30519,806
736,Google Ads,Partner Referral,342.88,2022-09-05,20.17,45530,380
737,Google Ads,Inbound SEO,288.3,2022-09-05,16.02,19101,902
738,Email,Product Launch,60.19,2022-09-05,5.47,15607,749
739,LinkedIn,Product Launch,727.57,2022-09-06,60.63,43990,561
740,Meta Ads,Summer Growth,180.56,2022-09-06,8.21,16629,1414
741,Google Ads,Partner Referral,284.19,2022-09-06,31.58,41409,1946
742,Google Ads,Cold Outbound,388.19,2022-09-06,43.13,47734,1405
743,Organic,End of Year Push,123.04,2022-09-06,5.13,5545,155
744,Google Ads,Inbound SEO,399.23,2022-09-06,36.29,26136,438
745,Google Ads,Summer Growth,251.93,2022-09-06,19.38,529,1919
746,Organic,Summer Growth,137.46,2022-09-06,5.98,22648,867
747,Organic,Inbound SEO,150.88,2022-09-06,7.18,17086,1410
748,Referral,Inbound SEO,117.01,2022-09-06,7.31,8485,442
749,Organic,Partner Referral,131.82,2022-09-07,6.94,48394,1695
750,Organic,Summer Growth,151.07,2022-09-07,8.39,28752,1476
751,Referral,Summer Growth,102.36,2022-09-07,4.65,42888,1304
752,Organic,Cold Outbound,142.39,2022-09-07,5.7,11669,1208
753,Organic,Retargeting Wave,139.75,2022-09-07,10.75,11653,225
754,Referral,Summer Growth,140.4,2022-09-07,8.26,10987,1218
755,Meta Ads,Summer Growth,265.06,2022-09-08,15.59,7719,632
756,Organic,Inbound SEO,125.05,2022-09-08,6.25,38330,1240
757,Organic,Product Launch,127.26,2022-09-08,6.06,21566,365
758,Organic,Product Launch,127.24,2022-09-08,15.9,7582,972
759,Google Ads,Brand Awareness Q1,246.87,2022-09-08,10.29,42875,669
760,LinkedIn,Partner Referral,602.54,2022-09-09,30.13,24354,1328
761,Google Ads,Product Launch,251.86,2022-09-09,11.45,12730,1974
762,Referral,Partner Referral,88.72,2022-09-09,4.03,44279,719
763,Direct,Partner Referral,195.16,2022-09-09,11.48,18398,1471
764,LinkedIn,Inbound SEO,493.31,2022-09-10,35.24,10299,1523
765,Organic,Summer Growth,159.28,2022-09-11,14.48,12996,176
766,Meta Ads,End of Year Push,303.57,2022-09-11,27.6,24047,874
767,Referral,Product Launch,117.35,2022-09-11,7.82,19493,424
768,Meta Ads,Brand Awareness Q1,310.77,2022-09-11,25.9,10169,1855
769,LinkedIn,Retargeting Wave,707.17,2022-09-11,35.36,11913,1980
770,Google Ads,End of Year Push,373.38,2022-09-12,28.72,1157,335
771,Google Ads,Retargeting Wave,389.97,2022-09-12,30.0,16342,1149
772,Google Ads,Cold Outbound,367.97,2022-09-12,16.0,25722,110
773,Google Ads,End of Year Push,261.54,2022-09-12,10.46,32841,1360
774,LinkedIn,Partner Referral,764.92,2022-09-13,33.26,20317,156
775,Email,Cold Outbound,102.05,2022-09-13,4.44,9287,203
776,Organic,Product Launch,159.02,2022-09-13,9.35,45598,156
777,Organic,Brand Awareness Q1,169.95,2022-09-13,8.94,5286,88
778,LinkedIn,Cold Outbound,735.03,2022-09-14,61.25,19089,1684
779,Meta Ads,Inbound SEO,316.45,2022-09-14,19.78,12483,935
780,Google Ads,Partner Referral,381.66,2022-09-14,15.27,39337,1424
781,Organic,Partner Referral,130.67,2022-09-14,8.71,38571,1178
782,Google Ads,Summer Growth,269.64,2022-09-15,10.79,11592,1678
783,Direct,Partner Referral,157.66,2022-09-15,11.26,44449,1333
784,Organic,Partner Referral,170.05,2022-09-15,7.09,1898,1029
785,Referral,Brand Awareness Q1,131.63,2022-09-15,8.23,12338,1382
786,Referral,Cold Outbound,104.66,2022-09-15,6.98,5682,1117
787,LinkedIn,End of Year Push,578.53,2022-09-16,57.85,5785,1535
788,Google Ads,Product Launch,332.58,2022-09-16,33.26,43150,441
789,Google Ads,Cold Outbound,289.99,2022-09-16,32.22,23187,64
790,Referral,Brand Awareness Q1,148.84,2022-09-16,6.47,31923,817
791,Organic,Retargeting Wave,153.52,2022-09-18,9.03,43663,1233
792,LinkedIn,Partner Referral,727.33,2022-09-18,51.95,23208,984
793,Google Ads,Partner Referral,306.58,2022-09-18,25.55,5132,536
794,Meta Ads,Inbound SEO,181.61,2022-09-18,9.56,5281,1301
795,Referral,Retargeting Wave,98.0,2022-09-18,5.16,18712,1582
796,Organic,Inbound SEO,174.01,2022-09-18,9.67,7107,451
797,Referral,Brand Awareness Q1,137.71,2022-09-18,7.65,40629,187
798,Google Ads,Partner Referral,255.4,2022-09-18,18.24,43717,1460
799,Google Ads,Summer Growth,387.32,2022-09-18,48.41,39602,891
800,Meta Ads,End of Year Push,227.97,2022-09-19,10.86,15532,873
801,Referral,Brand Awareness Q1,131.39,2022-09-19,7.3,48601,112
802,Google Ads,Cold Outbound,318.6,2022-09-20,26.55,9718,535
803,Google Ads,Cold Outbound,307.17,2022-09-20,12.8,31047,1828
804,Direct,End of Year Push,103.95,2022-09-20,8.0,14687,1347
805,Referral,Summer Growth,87.84,2022-09-20,3.99,4637,1866
806,Referral,End of Year Push,116.84,2022-09-20,6.15,20633,1431
807,Google Ads,Inbound SEO,349.12,2022-09-21,29.09,8364,194
808,Direct,Inbound SEO,144.12,2022-09-21,6.86,16501,1601
809,Referral,End of Year Push,142.38,2022-09-21,14.24,6246,676
810,LinkedIn,End of Year Push,783.89,2022-09-21,71.26,1558,1145
811,Meta Ads,End of Year Push,202.68,2022-09-22,22.52,28810,1549
812,Referral,Retargeting Wave,134.7,2022-09-22,16.84,2253,531
813,Referral,Brand Awareness Q1,117.28,2022-09-22,7.82,46701,905
814,Google Ads,Summer Growth,392.29,2022-09-22,43.59,3418,314
815,Organic,Summer Growth,129.18,2022-09-22,8.07,2055,1164
816,Organic,Retargeting Wave,122.73,2022-09-22,5.84,4607,919
817,LinkedIn,Cold Outbound,614.7,2022-09-22,43.91,12540,1605
818,Organic,Cold Outbound,154.07,2022-09-22,19.26,14237,1411
819,Organic,End of Year Push,121.24,2022-09-22,7.13,44035,1064
820,Google Ads,Retargeting Wave,355.88,2022-09-23,20.93,9000,263
821,Organic,Brand Awareness Q1,141.67,2022-09-23,17.71,19782,1777
822,Google Ads,Retargeting Wave,250.5,2022-09-24,22.77,13559,299
823,Organic,Cold Outbound,141.98,2022-09-24,8.35,9226,146
824,LinkedIn,Product Launch,715.94,2022-09-24,59.66,44999,525
825,Meta Ads,Cold Outbound,230.03,2022-09-24,19.17,43552,224
826,Meta Ads,Summer Growth,291.29,2022-09-25,12.14,39815,1875
827,Referral,Cold Outbound,145.87,2022-09-25,5.83,30250,1055
828,Google Ads,Inbound SEO,357.69,2022-09-25,35.77,14769,1074
829,Meta Ads,Product Launch,271.88,2022-09-25,19.42,40245,1149
830,Organic,End of Year Push,178.26,2022-09-26,8.1,42654,1352
831,Referral,Cold Outbound,82.92,2022-09-26,5.53,3045,613
832,Google Ads,Inbound SEO,333.91,2022-09-26,18.55,48948,1076
833,Google Ads,Summer Growth,321.57,2022-09-26,14.62,47960,507
834,Google Ads,Brand Awareness Q1,326.17,2022-09-26,14.18,38428,1396
835,Google Ads,Brand Awareness Q1,289.87,2022-09-26,19.32,41550,1347
836,Referral,Cold Outbound,104.35,2022-09-26,5.8,33923,728
837,LinkedIn,Summer Growth,767.51,2022-09-27,30.7,42283,716
838,Organic,Product Launch,143.48,2022-09-27,15.94,24204,1894
839,Google Ads,End of Year Push,288.91,2022-09-27,19.26,38742,424
840,Google Ads,Inbound SEO,347.88,2022-09-28,21.74,2537,1981
841,Google Ads,Partner Referral,322.65,2022-09-28,14.67,1052,337
842,Email,Summer Growth,104.33,2022-09-28,5.49,13424,989
843,Meta Ads,Brand Awareness Q1,219.07,2022-09-29,11.53,24030,1447
844,LinkedIn,End of Year Push,701.65,2022-09-29,38.98,17996,628
845,Direct,Cold Outbound,184.94,2022-09-29,7.71,46913,1265
846,LinkedIn,Product Launch,609.61,2022-09-29,50.8,7437,1611
847,Direct,Cold Outbound,174.03,2022-09-30,14.5,45007,1414
848,Organic,Retargeting Wave,136.63,2022-09-30,5.94,4959,305
849,Referral,Summer Growth,100.65,2022-09-30,4.58,24555,1419
850,Meta Ads,Retargeting Wave,277.0,2022-09-30,25.18,2006,2000
851,LinkedIn,Partner Referral,558.72,2022-09-30,26.61,32185,217
852,Meta Ads,Retargeting Wave,216.0,2022-09-30,18.0,28903,308
853,Referral,Cold Outbound,101.04,2022-10-01,11.23,46093,579
854,Meta Ads,Summer Growth,238.02,2022-10-01,21.64,1527,290
855,Meta Ads,Brand Awareness Q1,245.27,2022-10-01,16.35,16372,371
856,Google Ads,Retargeting Wave,364.25,2022-10-02,21.43,15188,1659
857,Referral,Product Launch,112.45,2022-10-02,6.61,25155,1400
858,Google Ads,Cold Outbound,324.82,2022-10-03,20.3,39868,1711
859,Referral,End of Year Push,84.19,2022-10-03,9.35,17590,1684
860,Direct,Summer Growth,151.34,2022-10-03,6.88,29487,1328
861,Meta Ads,Product Launch,283.7,2022-10-04,17.73,26972,1773
862,Meta Ads,Brand Awareness Q1,219.71,2022-10-04,12.92,35063,298
863,Organic,End of Year Push,176.09,2022-10-04,19.57,6610,1097
864,Google Ads,End of Year Push,396.42,2022-10-04,33.04,16717,221
865,Referral,Partner Referral,144.56,2022-10-04,7.61,6850,1094
866,Referral,Inbound SEO,91.62,2022-10-04,9.16,31605,166
867,Organic,Cold Outbound,136.27,2022-10-04,8.52,13463,1542
868,Referral,Partner Referral,104.79,2022-10-05,4.56,19899,108
869,Email,Inbound SEO,107.64,2022-10-05,7.69,25399,332
870,Google Ads,Product Launch,380.05,2022-10-05,27.15,8591,199
871,Referral,Summer Growth,98.05,2022-10-06,8.91,39288,1762
872,Direct,Product Launch,102.7,2022-10-06,12.84,25349,73
873,Meta Ads,Partner Referral,214.7,2022-10-06,15.34,3957,1655
874,Organic,Product Launch,172.27,2022-10-06,17.23,44730,683
875,Google Ads,Partner Referral,343.48,2022-10-06,15.61,43359,1987
876,Organic,End of Year Push,165.25,2022-10-07,6.61,17900,1421
877,Organic,Summer Growth,166.5,2022-10-07,15.14,27327,272
878,Direct,Retargeting Wave,131.27,2022-10-07,8.2,48640,340
879,Google Ads,Retargeting Wave,352.28,2022-10-07,19.57,21116,479
880,Google Ads,Inbound SEO,363.84,2022-10-07,14.55,10607,872
881,Meta Ads,Inbound SEO,280.78,2022-10-07,31.2,35486,268
882,Google Ads,Retargeting Wave,337.93,2022-10-08,37.55,12491,1686
883,Organic,Inbound SEO,131.69,2022-10-08,8.78,23294,1096
884,Organic,Inbound SEO,132.38,2022-10-08,10.18,33791,1110
885,Organic,Cold Outbound,121.68,2022-10-08,6.76,3486,1837
886,Meta Ads,Summer Growth,273.19,2022-10-09,12.42,14381,788
887,Google Ads,Retargeting Wave,366.39,2022-10-09,30.53,23970,420
888,Google Ads,Cold Outbound,352.2,2022-10-09,15.31,32116,568
889,Google Ads,Partner Referral,385.56,2022-10-09,24.1,38989,552
890,Organic,Brand Awareness Q1,145.63,2022-10-09,16.18,28992,67
891,Google Ads,Product Launch,325.13,2022-10-09,16.26,20006,1168
892,Google Ads,Cold Outbound,393.65,2022-10-09,20.72,24421,1693
893,Organic,End of Year Push,147.76,2022-10-09,5.91,23544,1899
894,LinkedIn,Partner Referral,551.59,2022-10-10,68.95,38695,256
895,Organic,Retargeting Wave,121.33,2022-10-10,15.17,31156,371
896,Referral,Inbound SEO,97.73,2022-10-10,6.98,40021,941
897,Organic,Brand Awareness Q1,165.34,2022-10-11,11.02,9762,1775
898,LinkedIn,Brand Awareness Q1,538.51,2022-10-11,24.48,37440,343
899,Google Ads,Summer Growth,261.77,2022-10-11,11.38,19941,462
900,Organic,Brand Awareness Q1,143.65,2022-10-11,10.26,9130,811
901,Organic,Retargeting Wave,169.51,2022-10-11,11.3,44670,1349
902,Meta Ads,Retargeting Wave,310.82,2022-10-12,19.43,10628,991
903,Meta Ads,End of Year Push,230.05,2022-10-12,10.95,6451,1660
904,Referral,Retargeting Wave,121.41,2022-10-12,5.78,48073,587
905,Google Ads,Inbound SEO,367.75,2022-10-12,19.36,30411,1551
906,Meta Ads,Cold Outbound,196.24,2022-10-13,14.02,48056,273
907,Meta Ads,Product Launch,302.37,2022-10-13,13.74,48298,268
908,Meta Ads,Product Launch,198.58,2022-10-13,12.41,2051,380
909,Organic,Partner Referral,177.9,2022-10-13,14.83,31681,843
910,Organic,Retargeting Wave,144.52,2022-10-14,18.07,44167,616
911,Email,Partner Referral,76.69,2022-10-14,4.26,44001,800
912,Organic,Partner Referral,129.8,2022-10-14,8.65,33572,212
913,Direct,Inbound SEO,196.48,2022-10-14,24.56,9403,1498
914,Referral,Product Launch,89.19,2022-10-14,9.91,31749,1637
915,LinkedIn,Inbound SEO,687.71,2022-10-14,36.2,11621,1674
916,Direct,Product Launch,152.59,2022-10-14,6.94,28025,1054
917,Meta Ads,End of Year Push,218.21,2022-10-15,15.59,21363,1481
918,Google Ads,End of Year Push,385.7,2022-10-15,17.53,13182,1547
919,Referral,End of Year Push,130.08,2022-10-15,6.19,49401,1234
920,Organic,Inbound SEO,169.49,2022-10-15,15.41,3191,74
921,Organic,Cold Outbound,120.08,2022-10-15,9.24,4937,577
922,Organic,Retargeting Wave,157.68,2022-10-16,6.57,25755,1846
923,Meta Ads,Inbound SEO,290.22,2022-10-16,20.73,33052,189
924,Google Ads,End of Year Push,297.04,2022-10-16,27.0,2226,779
925,Organic,End of Year Push,153.62,2022-10-16,15.36,36945,978
926,Organic,Inbound SEO,159.92,2022-10-16,17.77,31715,1325
927,Organic,Cold Outbound,133.98,2022-10-16,8.93,7410,316
928,LinkedIn,Retargeting Wave,796.12,2022-10-16,79.61,49132,687
929,Meta Ads,Product Launch,187.23,2022-10-17,8.51,44398,1918
930,Email,Brand Awareness Q1,96.39,2022-10-17,4.02,10289,893
931,Meta Ads,Brand Awareness Q1,182.6,2022-10-17,7.94,10379,403
932,Organic,Cold Outbound,159.31,2022-10-17,15.93,10764,1982
933,Referral,Retargeting Wave,116.57,2022-10-18,6.14,12295,552
934,Meta Ads,Inbound SEO,270.05,2022-10-18,12.86,2977,319
935,Organic,Inbound SEO,124.52,2022-10-18,5.19,47789,1001
936,Direct,Inbound SEO,111.5,2022-10-18,5.07,41201,110
937,Organic,Brand Awareness Q1,131.8,2022-10-18,6.28,698,1864
938,LinkedIn,Cold Outbound,778.64,2022-10-18,43.26,1272,396
939,Direct,Summer Growth,173.42,2022-10-18,11.56,2074,146
940,Google Ads,Partner Referral,340.04,2022-10-19,14.78,43073,765
941,Meta Ads,Inbound SEO,289.39,2022-10-19,16.08,45246,1158
942,Google Ads,Inbound SEO,398.54,2022-10-19,36.23,20400,736
943,Organic,Cold Outbound,157.12,2022-10-19,12.09,16759,850
944,Google Ads,Partner Referral,286.6,2022-10-19,23.88,29684,414
945,Meta Ads,Summer Growth,313.76,2022-10-19,12.55,8681,639
946,Referral,Retargeting Wave,89.4,2022-10-20,5.96,43183,1183
947,Google Ads,Brand Awareness Q1,345.94,2022-10-20,21.62,26803,349
948,Organic,Retargeting Wave,172.6,2022-10-21,12.33,19891,1288
949,Referral,Retargeting Wave,140.08,2022-10-21,12.73,28401,1655
950,Referral,Partner Referral,146.33,2022-10-22,6.65,17304,118
951,Google Ads,Partner Referral,383.11,2022-10-22,15.96,48719,1757
952,Referral,Inbound SEO,128.75,2022-10-22,5.15,21121,964
953,Google Ads,Summer Growth,252.06,2022-10-23,28.01,26405,1372
954,Referral,Product Launch,110.57,2022-10-23,5.27,19485,1994
955,Organic,End of Year Push,146.86,2022-10-23,6.68,35756,1301
956,Referral,Cold Outbound,95.16,2022-10-23,10.57,5250,377
957,Google Ads,Summer Growth,274.04,2022-10-23,13.05,49031,594
958,Google Ads,Product Launch,347.2,2022-10-23,21.7,16677,1967
959,Google Ads,Cold Outbound,242.33,2022-10-23,30.29,19684,130
960,Meta Ads,Partner Referral,262.49,2022-10-23,13.82,4974,1692
961,Meta Ads,Partner Referral,242.59,2022-10-23,18.66,28818,1893
962,LinkedIn,Brand Awareness Q1,656.32,2022-10-24,43.75,44293,1992
963,LinkedIn,End of Year Push,614.37,2022-10-24,34.13,33026,291
964,Organic,Cold Outbound,143.36,2022-10-25,11.03,5242,366
965,Referral,Inbound SEO,80.34,2022-10-25,3.65,43736,1086
966,Referral,Summer Growth,104.42,2022-10-26,5.5,15843,340
967,LinkedIn,Partner Referral,513.57,2022-10-27,25.68,1792,64
968,Meta Ads,Brand Awareness Q1,289.83,2022-10-27,16.1,32685,1711
969,Meta Ads,Brand Awareness Q1,237.02,2022-10-27,16.93,2520,464
970,Direct,End of Year Push,126.87,2022-10-27,6.34,22675,1389
971,Organic,Inbound SEO,155.3,2022-10-27,7.4,48490,1967
972,Meta Ads,Cold Outbound,266.31,2022-10-28,12.11,2309,1558
973,Meta Ads,Brand Awareness Q1,186.09,2022-10-28,23.26,33184,607
974,Direct,Retargeting Wave,109.93,2022-10-28,7.33,16721,1835
975,Google Ads,Retargeting Wave,398.86,2022-10-28,39.89,48313,1827
976,LinkedIn,Retargeting Wave,797.14,2022-10-28,56.94,25896,1196
977,Google Ads,Partner Referral,345.65,2022-10-29,23.04,33512,1914
978,LinkedIn,Summer Growth,602.83,2022-10-29,31.73,31826,1499
979,Meta Ads,Brand Awareness Q1,222.15,2022-10-29,12.34,17209,817
980,Referral,Summer Growth,110.6,2022-10-30,4.61,10280,644
981,Referral,Retargeting Wave,130.71,2022-10-30,13.07,18460,398
982,Meta Ads,End of Year Push,230.62,2022-10-30,23.06,16929,272
983,LinkedIn,Cold Outbound,661.53,2022-10-30,50.89,27911,474
984,LinkedIn,Product Launch,690.12,2022-10-31,69.01,41983,379
985,Organic,Product Launch,162.83,2022-10-31,14.8,21081,1203
986,Referral,Summer Growth,81.0,2022-10-31,5.79,9584,1405
987,LinkedIn,Retargeting Wave,551.31,2022-10-31,22.97,17445,1940
988,Referral,Cold Outbound,109.39,2022-10-31,10.94,24314,1749
989,Referral,Cold Outbound,98.61,2022-10-31,4.93,26097,64
990,Google Ads,End of Year Push,306.83,2022-10-31,30.68,6970,873
991,LinkedIn,Inbound SEO,708.51,2022-11-01,32.2,43288,870
992,Meta Ads,Cold Outbound,290.17,2022-11-01,14.51,24908,1722
993,Meta Ads,Partner Referral,240.62,2022-11-01,15.04,32000,857
994,Organic,Brand Awareness Q1,141.17,2022-11-02,5.88,44488,1560
995,Direct,Product Launch,184.99,2022-11-02,8.81,20871,724
996,Referral,Summer Growth,144.86,2022-11-02,6.3,24339,177
997,Google Ads,Cold Outbound,339.71,2022-11-03,14.15,9305,1265
998,Meta Ads,Product Launch,248.27,2022-11-04,11.29,24131,662
999,LinkedIn,Brand Awareness Q1,499.61,2022-11-04,23.79,5546,1456
1000,LinkedIn,Brand Awareness Q1,576.64,2022-11-04,27.46,40301,398
1001,Meta Ads,End of Year Push,255.07,2022-11-04,10.63,28798,1657
1002,LinkedIn,Partner Referral,462.15,2022-11-04,20.09,9654,675
1003,Google Ads,End of Year Push,393.61,2022-11-05,43.73,16605,382
1004,Referral,End of Year Push,86.14,2022-11-05,9.57,13212,232
1005,Meta Ads,End of Year Push,206.59,2022-11-05,13.77,1798,1886
1006,Organic,Retargeting Wave,175.31,2022-11-05,21.91,26746,774
1007,Google Ads,Inbound SEO,325.08,2022-11-06,13.54,33146,704
1008,Google Ads,Inbound SEO,351.44,2022-11-06,29.29,37823,854
1009,Organic,End of Year Push,124.49,2022-11-06,5.93,40386,986
1010,Direct,End of Year Push,134.64,2022-11-06,7.48,5274,1969
1011,Meta Ads,End of Year Push,260.06,2022-11-06,10.84,30402,1509
1012,Direct,Inbound SEO,165.67,2022-11-06,8.72,26545,918
1013,Direct,End of Year Push,143.2,2022-11-07,10.23,36060,1508
1014,Referral,Partner Referral,104.88,2022-11-07,6.55,4975,1000
1015,LinkedIn,Inbound SEO,773.2,2022-11-07,38.66,3508,1468
1016,Organic,Summer Growth,156.88,2022-11-07,7.47,8948,590
1017,Referral,Retargeting Wave,145.4,2022-11-08,6.32,28084,1491
1018,Direct,Partner Referral,159.19,2022-11-08,6.37,19109,331
1019,Google Ads,Summer Growth,377.6,2022-11-08,16.42,39156,987
1020,Organic,Brand Awareness Q1,148.88,2022-11-08,14.89,757,318
1021,LinkedIn,Cold Outbound,775.69,2022-11-09,77.57,40261,1604
1022,Organic,Inbound SEO,167.2,2022-11-10,13.93,1091,434
1023,Meta Ads,Product Launch,272.46,2022-11-10,24.77,8928,304
1024,Referral,Summer Growth,136.12,2022-11-10,15.12,42044,611
1025,Referral,Partner Referral,131.17,2022-11-10,10.09,20471,1720
1026,Email,Product Launch,76.24,2022-11-10,6.35,2836,242
1027,Google Ads,End of Year Push,308.0,2022-11-10,20.53,39928,484
1028,Email,Product Launch,81.17,2022-11-11,4.77,12860,1548
1029,Organic,End of Year Push,127.69,2022-11-11,5.11,6486,616
1030,Organic,Cold Outbound,123.22,2022-11-11,6.85,21036,1984
1031,Referral,Retargeting Wave,132.97,2022-11-11,13.3,44577,610
1032,Referral,Retargeting Wave,84.29,2022-11-12,3.51,19998,438
1033,Referral,Cold Outbound,104.26,2022-11-12,6.52,24687,79
1034,Referral,End of Year Push,132.19,2022-11-12,8.81,12564,1105
1035,Organic,Cold Outbound,155.06,2022-11-13,19.38,9656,592
1036,Google Ads,End of Year Push,288.36,2022-11-13,28.84,2076,1908
1037,LinkedIn,Summer Growth,613.82,2022-11-13,24.55,11896,532
1038,LinkedIn,End of Year Push,695.91,2022-11-13,57.99,32544,1022
1039,LinkedIn,Partner Referral,527.21,2022-11-13,27.75,22988,576
1040,Google Ads,Product Launch,250.38,2022-11-14,11.38,23894,1024
1041,Direct,Retargeting Wave,133.76,2022-11-14,5.35,7495,640
1042,Meta Ads,Partner Referral,193.63,2022-11-14,9.22,28548,266
1043,Google Ads,End of Year Push,349.33,2022-11-14,29.11,40294,595
1044,Organic,Product Launch,162.47,2022-11-14,16.25,23158,170
1045,Direct,Retargeting Wave,109.82,2022-11-14,7.32,42219,561
1046,Meta Ads,Cold Outbound,241.13,2022-11-15,9.65,40675,1368
1047,Referral,Retargeting Wave,115.3,2022-11-15,5.24,31508,436
1048,Organic,Summer Growth,173.07,2022-11-15,14.42,40019,1821
1049,LinkedIn,Cold Outbound,465.19,2022-11-15,42.29,45631,1279
1050,Organic,Inbound SEO,179.18,2022-11-16,11.95,37682,1477
1051,Referral,Summer Growth,102.05,2022-11-16,6.0,12346,222
1052,Referral,Product Launch,86.27,2022-11-16,6.64,2701,1756
1053,Direct,Inbound SEO,139.16,2022-11-16,13.92,3505,57
1054,LinkedIn,End of Year Push,741.96,2022-11-17,37.1,16961,1845
1055,Organic,Retargeting Wave,136.02,2022-11-17,9.72,11009,1583
1056,Referral,Partner Referral,136.59,2022-11-17,13.66,17072,351
1057,Organic,Brand Awareness Q1,165.61,2022-11-17,18.4,30868,1338
1058,Organic,Cold Outbound,175.19,2022-11-17,8.76,47541,1074
1059,Organic,Brand Awareness Q1,129.43,2022-11-18,5.39,29731,1937
1060,Meta Ads,Summer Growth,273.61,2022-11-18,30.4,39925,1925
1061,Organic,Inbound SEO,152.42,2022-11-18,10.89,3088,79
1062,Organic,Brand Awareness Q1,122.6,2022-11-18,5.84,14374,1348
1063,Email,Partner Referral,80.53,2022-11-18,3.5,29725,1861
1064,Google Ads,Partner Referral,304.4,2022-11-19,27.67,31920,389
1065,Meta Ads,Cold Outbound,223.27,2022-11-19,27.91,16315,642
1066,Google Ads,End of Year Push,307.39,2022-11-19,20.49,12546,1507
1067,Google Ads,Partner Referral,300.57,2022-11-19,12.52,19180,1971
1068,Referral,Retargeting Wave,84.55,2022-11-20,4.03,48658,461
1069,Google Ads,Cold Outbound,314.49,2022-11-20,22.46,21050,1598
1070,Organic,Inbound SEO,179.36,2022-11-20,16.31,48281,1776
1071,Email,Partner Referral,83.75,2022-11-20,4.41,46613,1723
1072,Meta Ads,Partner Referral,307.84,2022-11-20,17.1,27490,75
1073,Organic,End of Year Push,175.72,2022-11-21,11.71,29840,1573
1074,Google Ads,Partner Referral,269.17,2022-11-21,16.82,34305,574
1075,LinkedIn,Product Launch,480.9,2022-11-21,36.99,8880,717
1076,Organic,Inbound SEO,135.93,2022-11-21,5.91,39026,1348
1077,Google Ads,Cold Outbound,355.25,2022-11-21,29.6,15563,1042
1078,Google Ads,Summer Growth,247.21,2022-11-21,14.54,9932,1966
1079,Google Ads,Product Launch,274.24,2022-11-21,11.92,3530,1166
1080,Organic,Product Launch,167.4,2022-11-22,12.88,39188,1195
1081,Organic,End of Year Push,120.97,2022-11-22,6.37,42336,1600
1082,Organic,End of Year Push,173.55,2022-11-22,14.46,11391,1293
1083,LinkedIn,Retargeting Wave,461.53,2022-11-23,23.08,9221,1190
1084,Google Ads,Partner Referral,313.74,2022-11-23,17.43,13485,1285
1085,Organic,End of Year Push,152.75,2022-11-23,8.99,49751,1071
1086,Google Ads,Brand Awareness Q1,349.93,2022-11-23,38.88,29224,1085
1087,Organic,Partner Referral,138.21,2022-11-23,6.91,25225,1294
1088,Google Ads,Partner Referral,329.92,2022-11-23,41.24,45064,1207
1089,LinkedIn,Partner Referral,523.63,2022-11-23,21.82,10905,1849
1090,LinkedIn,Brand Awareness Q1,574.59,2022-11-24,23.94,21928,736
1091,Meta Ads,Partner Referral,226.79,2022-11-24,17.45,37912,1026
1092,Referral,Product Launch,106.39,2022-11-24,7.6,9855,720
1093,Google Ads,Cold Outbound,370.34,2022-11-24,24.69,41919,1986
1094,Google Ads,Partner Referral,372.47,2022-11-24,14.9,47529,1290
1095,LinkedIn,Brand Awareness Q1,615.75,2022-11-24,38.48,31139,412
1096,Organic,End of Year Push,160.32,2022-11-24,10.02,42314,564
1097,Referral,Partner Referral,148.47,2022-11-24,7.42,7404,144
1098,Google Ads,Retargeting Wave,389.97,2022-11-25,19.5,6197,1169
1099,Organic,Partner Referral,142.71,2022-11-25,10.98,33409,1716
1100,Meta Ads,Cold Outbound,286.09,2022-11-25,22.01,18315,563
1101,LinkedIn,Brand Awareness Q1,794.74,2022-11-25,52.98,45076,1965
1102,Referral,Inbound SEO,125.5,2022-11-26,12.55,34587,924
1103,LinkedIn,Summer Growth,563.4,2022-11-26,37.56,44226,663
1104,Google Ads,End of Year Push,376.02,2022-11-26,25.07,7151,1165
1105,Organic,Partner Referral,121.66,2022-11-26,8.69,18054,1010
1106,Google Ads,Product Launch,250.9,2022-11-26,17.92,32872,1061
1107,LinkedIn,Brand Awareness Q1,724.77,2022-11-26,72.48,44635,1845
1108,Organic,Brand Awareness Q1,175.82,2022-11-26,17.58,25767,490
1109,Organic,Product Launch,165.86,2022-11-26,20.73,886,1334
1110,Organic,Inbound SEO,154.8,2022-11-27,12.9,14672,199
1111,Direct,Partner Referral,124.24,2022-11-27,8.87,44991,186
1112,Google Ads,Product Launch,240.78,2022-11-27,24.08,11507,1043
1113,Organic,Partner Referral,134.66,2022-11-27,5.85,12774,121
1114,Referral,Inbound SEO,92.81,2022-11-27,11.6,16548,250
1115,LinkedIn,Inbound SEO,609.77,2022-11-27,30.49,38202,1478
1116,LinkedIn,Brand Awareness Q1,452.73,2022-11-28,41.16,43501,1241
1117,LinkedIn,Summer Growth,713.14,2022-11-28,32.42,25155,1829
1118,Google Ads,End of Year Push,393.52,2022-11-29,30.27,19769,1790
1119,Google Ads,End of Year Push,278.15,2022-11-29,11.59,32020,282
1120,Google Ads,Retargeting Wave,251.64,2022-11-29,10.94,20452,941
1121,LinkedIn,Brand Awareness Q1,489.75,2022-11-29,19.59,30135,72
1122,Organic,Product Launch,128.44,2022-11-29,14.27,17179,159
1123,Organic,Brand Awareness Q1,134.24,2022-11-30,5.37,48150,463
1124,Google Ads,Summer Growth,354.14,2022-11-30,27.24,13928,393
1125,Organic,Brand Awareness Q1,159.96,2022-11-30,20.0,25053,1813
1126,LinkedIn,Product Launch,698.57,2022-12-01,43.66,46237,205
1127,Meta Ads,Inbound SEO,199.44,2022-12-01,15.34,47122,973
1128,Google Ads,Brand Awareness Q1,297.75,2022-12-02,22.9,6284,501
1129,Organic,Inbound SEO,146.2,2022-12-02,8.6,11354,1133
1130,Direct,Product Launch,174.51,2022-12-02,8.73,32881,1441
1131,Organic,Summer Growth,164.96,2022-12-02,8.25,29724,1085
1132,Organic,Cold Outbound,168.19,2022-12-02,6.73,27463,1559
1133,Organic,Product Launch,155.87,2022-12-03,8.66,6781,732
1134,Organic,Retargeting Wave,143.82,2022-12-03,11.06,28831,956
1135,Organic,Product Launch,120.94,2022-12-03,13.44,40790,1224
1136,Google Ads,Inbound SEO,317.33,2022-12-04,22.67,42489,1805
1137,Organic,Brand Awareness Q1,176.73,2022-12-04,9.3,13435,208
1138,LinkedIn,Summer Growth,548.35,2022-12-04,60.93,44064,751
1139,Organic,Inbound SEO,139.34,2022-12-04,17.42,35077,581
1140,Meta Ads,Retargeting Wave,202.93,2022-12-04,9.66,32572,964
1141,Organic,Retargeting Wave,166.9,2022-12-04,7.95,30127,1299
1142,Meta Ads,End of Year Push,282.74,2022-12-05,35.34,43125,970
1143,Google Ads,Brand Awareness Q1,345.58,2022-12-05,19.2,33919,525
1144,Google Ads,Brand Awareness Q1,354.86,2022-12-05,35.49,33107,1898
1145,Organic,Cold Outbound,130.02,2022-12-06,8.67,48019,331
1146,Meta Ads,Summer Growth,259.06,2022-12-06,10.36,15983,317
1147,Organic,Product Launch,126.48,2022-12-06,12.65,13166,573
1148,Organic,Partner Referral,173.72,2022-12-07,6.95,2533,199
1149,Referral,Inbound SEO,121.76,2022-12-07,15.22,12215,670
1150,Organic,Summer Growth,138.89,2022-12-08,6.04,42314,1510
1151,Referral,Cold Outbound,139.91,2022-12-08,13.99,47621,231
1152,Meta Ads,Retargeting Wave,273.56,2022-12-08,10.94,23545,1973
1153,Referral,Partner Referral,110.8,2022-12-08,4.62,36947,880
1154,Direct,Summer Growth,163.08,2022-12-08,12.54,17186,1748
1155,Organic,Brand Awareness Q1,164.3,2022-12-08,9.66,42097,659
1156,Meta Ads,End of Year Push,191.23,2022-12-08,7.65,43599,1117
1157,Organic,Summer Growth,123.75,2022-12-08,11.25,49852,1993
1158,Referral,Inbound SEO,137.47,2022-12-09,6.55,33258,1679
1159,LinkedIn,Partner Referral,612.65,2022-12-09,61.27,38803,1812
1160,Google Ads,Partner Referral,282.88,2022-12-10,35.36,6819,1041
1161,Organic,Summer Growth,129.2,2022-12-10,5.87,28167,677
1162,Google Ads,Cold Outbound,389.12,2022-12-10,17.69,3129,314
1163,Referral,Brand Awareness Q1,126.58,2022-12-10,7.91,46635,766
1164,Direct,Product Launch,130.53,2022-12-10,5.93,30675,1395
1165,Organic,Product Launch,171.72,2022-12-10,19.08,40953,1928
1166,Google Ads,Product Launch,334.09,2022-12-10,13.36,18048,1123
1167,Meta Ads,End of Year Push,246.4,2022-12-10,12.97,46948,1078
1168,Meta Ads,Product Launch,316.99,2022-12-10,22.64,14587,1337
1169,LinkedIn,Brand Awareness Q1,695.21,2022-12-11,53.48,46377,1895
1170,Google Ads,End of Year Push,383.08,2022-12-11,15.96,26772,1413
1171,Google Ads,Retargeting Wave,354.22,2022-12-11,17.71,19255,1143
1172,Google Ads,Cold Outbound,261.65,2022-12-11,17.44,38873,1191
1173,Organic,Partner Referral,163.37,2022-12-11,8.6,9076,1504
1174,Organic,Partner Referral,124.65,2022-12-12,5.67,27059,390
1175,Referral,End of Year Push,90.89,2022-12-12,5.05,15294,1750
1176,Organic,Brand Awareness Q1,138.7,2022-12-12,6.93,41838,373
1177,Organic,Partner Referral,126.26,2022-12-13,9.02,16611,603
1178,Referral,Product Launch,88.17,2022-12-13,8.82,25036,865
1179,LinkedIn,Inbound SEO,539.4,2022-12-13,41.49,27736,483
1180,Google Ads,Partner Referral,367.95,2022-12-13,28.3,14731,449
1181,Google Ads,Retargeting Wave,245.14,2022-12-13,15.32,24342,793
1182,Referral,Retargeting Wave,88.2,2022-12-14,6.3,18253,1834
1183,Google Ads,Summer Growth,263.57,2022-12-14,23.96,31117,745
1184,Google Ads,Retargeting Wave,332.14,2022-12-14,18.45,31829,1363
1185,Google Ads,Summer Growth,362.45,2022-12-14,14.5,35330,1521
1186,Google Ads,Retargeting Wave,377.01,2022-12-15,18.85,16073,1085
1187,Organic,Product Launch,142.03,2022-12-15,12.91,8562,1913
1188,Google Ads,Product Launch,360.39,2022-12-16,22.52,43794,843
1189,Google Ads,Cold Outbound,333.86,2022-12-16,25.68,17092,953
1190,LinkedIn,Cold Outbound,563.12,2022-12-16,29.64,42780,1217
1191,Referral,Brand Awareness Q1,105.21,2022-12-16,11.69,30955,697
1192,Referral,Summer Growth,98.28,2022-12-16,4.09,14933,1804
1193,Google Ads,Product Launch,381.35,2022-12-16,25.42,3692,745
1194,Direct,Product Launch,181.28,2022-12-16,11.33,21752,1565
1195,Organic,Summer Growth,124.57,2022-12-17,10.38,16949,878
1196,Email,End of Year Push,114.25,2022-12-17,4.97,35566,1360
1197,LinkedIn,Product Launch,792.47,2022-12-17,46.62,13973,1575
1198,Organic,Summer Growth,169.08,2022-12-17,10.57,41912,901
1199,Organic,Partner Referral,145.24,2022-12-17,13.2,48039,104
1200,Google Ads,Partner Referral,378.39,2022-12-18,25.23,49648,963
1201,Direct,Product Launch,160.71,2022-12-18,16.07,34504,1919
1202,Meta Ads,Brand Awareness Q1,313.81,2022-12-18,15.69,22662,68
1203,Google Ads,Retargeting Wave,375.92,2022-12-18,17.09,5973,766
1204,Meta Ads,Product Launch,194.33,2022-12-18,10.8,645,334
1205,LinkedIn,Partner Referral,516.85,2022-12-19,57.43,607,1913
1206,Google Ads,Cold Outbound,248.43,2022-12-19,19.11,37063,1951
1207,Referral,End of Year Push,117.88,2022-12-19,9.82,7893,1945
1208,Organic,Summer Growth,153.25,2022-12-19,9.58,49490,1487
1209,LinkedIn,Inbound SEO,553.37,2022-12-19,61.49,30783,1316
1210,Google Ads,Cold Outbound,300.92,2022-12-19,12.54,17622,385
1211,Organic,Summer Growth,123.7,2022-12-19,7.28,6055,619
1212,Referral,Partner Referral,89.55,2022-12-20,11.19,42550,1024
1213,Organic,End of Year Push,149.3,2022-12-20,5.97,28230,188
1214,LinkedIn,Inbound SEO,573.89,2022-12-20,44.15,34501,1493
1215,Direct,Retargeting Wave,132.21,2022-12-20,6.01,21711,1401
1216,Meta Ads,Cold Outbound,241.15,2022-12-21,10.05,11669,1264
1217,Organic,Cold Outbound,140.4,2022-12-21,6.1,38168,1010
1218,LinkedIn,End of Year Push,660.29,2022-12-21,33.01,29570,939
1219,Organic,Summer Growth,138.71,2022-12-21,15.41,24680,1251
1220,Organic,Summer Growth,136.36,2022-12-21,7.58,791,1630
1221,Google Ads,Brand Awareness Q1,375.52,2022-12-22,25.03,22847,1705
1222,Google Ads,Product Launch,244.07,2022-12-22,10.17,23802,1621
1223,Meta Ads,Partner Referral,237.37,2022-12-22,11.3,47468,80
1224,Referral,Inbound SEO,109.34,2022-12-22,6.43,44835,1008
1225,Direct,Cold Outbound,139.28,2022-12-23,7.74,5866,1682
1226,Organic,Retargeting Wave,123.42,2022-12-23,10.29,26021,388
1227,LinkedIn,Retargeting Wave,582.89,2022-12-23,52.99,34997,97
1228,Referral,Retargeting Wave,89.15,2022-12-23,4.69,38669,650
1229,Organic,End of Year Push,140.94,2022-12-23,7.83,27060,814
1230,Organic,Retargeting Wave,129.45,2022-12-23,8.63,31343,1632
1231,Meta Ads,Inbound SEO,282.19,2022-12-23,31.35,29811,1530
1232,Referral,Inbound SEO,144.48,2022-12-24,8.03,30564,1885
1233,Organic,Retargeting Wave,172.53,2022-12-24,6.9,49618,1686
1234,LinkedIn,Product Launch,704.6,2022-12-24,39.14,5483,399
1235,Organic,Retargeting Wave,139.86,2022-12-24,6.66,30513,1674
1236,Meta Ads,Summer Growth,269.63,2022-12-24,11.72,21774,1632
1237,Organic,Cold Outbound,129.47,2022-12-24,9.96,41208,610
1238,Meta Ads,Partner Referral,286.51,2022-12-24,15.92,11123,478
1239,Referral,Retargeting Wave,107.82,2022-12-24,11.98,9819,173
1240,Referral,Inbound SEO,126.53,2022-12-25,7.91,2993,946
1241,Organic,Summer Growth,153.62,2022-12-25,8.53,37878,1513
1242,Organic,Product Launch,127.73,2022-12-25,6.08,37477,1565
1243,Google Ads,End of Year Push,382.23,2022-12-25,15.29,22828,191
1244,LinkedIn,Cold Outbound,520.6,2022-12-25,26.03,46731,557
1245,Google Ads,Partner Referral,338.4,2022-12-26,33.84,20966,317
1246,LinkedIn,Brand Awareness Q1,711.74,2022-12-26,44.48,4402,1096
1247,Google Ads,End of Year Push,243.59,2022-12-26,17.4,17766,1862
1248,Google Ads,Cold Outbound,251.03,2022-12-26,10.46,33007,436
1249,Google Ads,Partner Referral,323.4,2022-12-26,17.02,40033,1879
1250,Referral,Brand Awareness Q1,126.13,2022-12-26,7.42,7211,1507
1251,Direct,Summer Growth,106.6,2022-12-26,5.33,3663,552
1252,Organic,End of Year Push,169.7,2022-12-27,18.86,33569,1719
1253,Google Ads,Retargeting Wave,285.02,2022-12-27,19.0,28001,1386
1254,Referral,Product Launch,110.09,2022-12-27,13.76,41817,1288
1255,Direct,Cold Outbound,108.72,2022-12-28,4.35,35908,148
1256,LinkedIn,Summer Growth,689.45,2022-12-28,76.61,38533,542
1257,Direct,Partner Referral,148.55,2022-12-29,6.46,30494,1653
1258,Meta Ads,Partner Referral,213.62,2022-12-29,11.87,30393,823
1259,Google Ads,Inbound SEO,295.78,2022-12-29,32.86,14133,562
1260,Referral,Inbound SEO,115.3,2022-12-29,7.21,13741,783
1261,Referral,Summer Growth,130.53,2022-12-29,14.5,9656,831
1262,LinkedIn,Inbound SEO,650.97,2022-12-29,46.5,15903,1734
1263,Organic,Product Launch,157.1,2022-12-30,11.22,45795,560
1264,Organic,Summer Growth,176.77,2022-12-30,12.63,24435,1440
1265,LinkedIn,Inbound SEO,474.44,2022-12-30,26.36,49436,1658
1266,Organic,Partner Referral,121.37,2022-12-30,7.59,1637,935
1267,Organic,Brand Awareness Q1,167.74,2022-12-30,8.39,29336,626
1268,LinkedIn,Summer Growth,561.94,2022-12-30,33.06,20534,1719
1269,Meta Ads,Summer Growth,241.18,2022-12-30,11.48,19220,1201
1270,Email,Retargeting Wave,104.09,2022-12-31,8.67,30198,1477
1271,Referral,Cold Outbound,142.4,2022-12-31,9.49,4073,406
1272,Meta Ads,Inbound SEO,187.52,2023-01-01,8.15,11567,756
1273,Organic,End of Year Push,122.01,2023-01-01,6.42,33742,1319
1274,Organic,Summer Growth,147.73,2023-01-01,11.36,25026,1168
1275,Organic,Summer Growth,135.87,2023-01-01,7.99,40041,783
1276,Direct,Inbound SEO,138.41,2023-01-02,13.84,49595,1497
1277,LinkedIn,Partner Referral,546.7,2023-01-02,32.16,20064,935
1278,Google Ads,End of Year Push,291.43,2023-01-02,36.43,2477,578
1279,Organic,Retargeting Wave,142.22,2023-01-03,11.85,48827,1127
1280,Google Ads,Inbound SEO,326.14,2023-01-03,20.38,32855,1873
1281,Organic,Cold Outbound,124.15,2023-01-03,5.4,39763,1457
1282,Google Ads,Retargeting Wave,247.21,2023-01-03,12.36,30084,1972
1283,Organic,End of Year Push,176.0,2023-01-04,8.38,32618,343
1284,Referral,Brand Awareness Q1,146.71,2023-01-04,12.23,33497,1478
1285,Organic,Retargeting Wave,167.85,2023-01-04,16.79,30740,1040
1286,Direct,Cold Outbound,103.25,2023-01-04,6.88,18184,1485
1287,Referral,End of Year Push,83.0,2023-01-04,7.55,27606,250
1288,Organic,Cold Outbound,137.88,2023-01-04,11.49,45407,1577
1289,Organic,Inbound SEO,173.11,2023-01-04,7.53,21708,1776
1290,Organic,Product Launch,140.72,2023-01-04,5.86,47137,1937
1291,LinkedIn,Product Launch,520.43,2023-01-05,20.82,49943,868
1292,Meta Ads,Inbound SEO,305.88,2023-01-05,30.59,23769,1442
1293,Organic,Partner Referral,174.44,2023-01-05,7.27,33798,193
1294,Google Ads,Summer Growth,358.83,2023-01-05,19.93,24407,1761
1295,Google Ads,Partner Referral,306.62,2023-01-05,14.6,37179,1242
1296,Referral,End of Year Push,148.62,2023-01-05,7.08,49407,539
1297,Google Ads,Brand Awareness Q1,305.17,2023-01-05,16.95,37768,1857
1298,Google Ads,Partner Referral,259.11,2023-01-05,23.56,5202,498
1299,Organic,End of Year Push,140.05,2023-01-05,10.77,9131,584
1300,Direct,Product Launch,193.11,2023-01-06,10.16,26381,1293
1301,Google Ads,Summer Growth,334.95,2023-01-06,27.91,42524,1502
1302,Google Ads,Retargeting Wave,330.8,2023-01-06,13.23,46356,1846
1303,Google Ads,Retargeting Wave,317.77,2023-01-06,13.24,32070,1219
1304,Referral,Partner Referral,115.52,2023-01-06,8.25,6088,1220
1305,Google Ads,Inbound SEO,275.91,2023-01-06,21.22,32918,1334
1306,Organic,Partner Referral,162.52,2023-01-06,12.5,12324,1610
1307,Google Ads,Summer Growth,330.14,2023-01-06,15.72,16912,322
1308,Organic,Product Launch,176.48,2023-01-06,7.67,18952,880
1309,Meta Ads,Brand Awareness Q1,280.59,2023-01-07,25.51,32472,849
1310,Organic,Summer Growth,126.48,2023-01-07,5.27,28369,549
1311,Meta Ads,Brand Awareness Q1,275.5,2023-01-07,11.48,24277,1416
1312,Google Ads,Brand Awareness Q1,369.97,2023-01-07,17.62,10324,405
1313,Organic,Inbound SEO,144.79,2023-01-07,6.89,31331,472
1314,LinkedIn,Cold Outbound,573.47,2023-01-07,30.18,26163,1320
1315,LinkedIn,Retargeting Wave,508.17,2023-01-07,50.82,622,1686
1316,Google Ads,Brand Awareness Q1,241.34,2023-01-07,17.24,49291,376
1317,Meta Ads,Product Launch,182.59,2023-01-07,10.74,34825,406
1318,LinkedIn,Partner Referral,556.61,2023-01-08,39.76,49530,1675
1319,Google Ads,End of Year Push,349.36,2023-01-08,19.41,27576,215
1320,Organic,Product Launch,150.89,2023-01-08,18.86,16414,1759
1321,Email,Partner Referral,60.2,2023-01-08,3.34,33633,1414
1322,Email,Summer Growth,118.0,2023-01-08,4.72,22444,459
1323,Direct,Summer Growth,196.78,2023-01-09,17.89,6652,1393
1324,Direct,Summer Growth,150.25,2023-01-09,6.83,32247,1678
1325,LinkedIn,End of Year Push,733.34,2023-01-09,36.67,28280,838
1326,Google Ads,Retargeting Wave,302.77,2023-01-09,13.16,11981,1088
1327,Organic,Partner Referral,134.78,2023-01-10,7.49,38610,1105
1328,Google Ads,End of Year Push,241.63,2023-01-10,10.51,40549,150
1329,LinkedIn,Retargeting Wave,683.75,2023-01-10,85.47,15240,1054
1330,Google Ads,End of Year Push,295.21,2023-01-10,26.84,43763,461
1331,Organic,Inbound SEO,135.06,2023-01-10,11.26,45672,967
1332,Direct,Cold Outbound,133.0,2023-01-10,12.09,38645,1343
1333,Google Ads,End of Year Push,370.13,2023-01-10,41.13,24692,874
1334,Meta Ads,Cold Outbound,257.76,2023-01-10,25.78,8744,1485
1335,Referral,Product Launch,107.86,2023-01-11,6.34,41301,648
1336,Referral,Inbound SEO,122.25,2023-01-11,9.4,47897,1277
1337,Direct,Product Launch,123.8,2023-01-11,15.47,47229,201
1338,Google Ads,Cold Outbound,284.25,2023-01-12,12.92,33048,897
1339,Google Ads,Partner Referral,254.28,2023-01-12,25.43,27252,1805
1340,Google Ads,Inbound SEO,306.23,2023-01-12,25.52,33801,1897
1341,Email,Partner Referral,117.53,2023-01-12,10.68,37691,1392
1342,Google Ads,Brand Awareness Q1,283.02,2023-01-12,23.58,37378,674
1343,Meta Ads,Retargeting Wave,216.9,2023-01-12,15.49,44468,1795
1344,LinkedIn,Inbound SEO,539.61,2023-01-13,24.53,31974,1757
1345,Referral,Partner Referral,108.65,2023-01-13,10.87,47805,1855
1346,Organic,Partner Referral,152.54,2023-01-13,8.47,41481,746
1347,Organic,Brand Awareness Q1,164.21,2023-01-13,16.42,46207,802
1348,Meta Ads,Cold Outbound,280.84,2023-01-13,11.7,12788,340
1349,Direct,Inbound SEO,156.43,2023-01-13,11.17,25641,1702
1350,Organic,Retargeting Wave,127.02,2023-01-13,12.7,10607,1354
1351,Meta Ads,Summer Growth,238.11,2023-01-13,9.52,21942,1424
1352,Organic,Cold Outbound,122.06,2023-01-13,4.88,3225,1967
1353,Google Ads,Product Launch,240.11,2023-01-14,30.01,15146,1947
1354,LinkedIn,Summer Growth,525.13,2023-01-14,52.51,10850,73
1355,Referral,Partner Referral,120.45,2023-01-14,6.02,31743,927
1356,Email,Brand Awareness Q1,86.57,2023-01-14,6.18,42893,958
1357,Organic,End of Year Push,166.46,2023-01-14,8.32,24197,911
1358,Meta Ads,Summer Growth,244.4,2023-01-14,30.55,23274,880
1359,LinkedIn,Retargeting Wave,564.09,2023-01-14,40.29,39097,885
1360,Meta Ads,Retargeting Wave,184.76,2023-01-14,9.24,30029,462
1361,LinkedIn,Retargeting Wave,476.56,2023-01-15,59.57,39188,1987
1362,LinkedIn,Partner Referral,569.6,2023-01-15,22.78,43347,1140
1363,Meta Ads,Brand Awareness Q1,315.37,2023-01-15,16.6,34413,1079
1364,Google Ads,Product Launch,259.92,2023-01-15,14.44,14416,243
1365,Organic,Product Launch,155.39,2023-01-15,7.4,27997,311
1366,Google Ads,Brand Awareness Q1,397.51,2023-01-15,44.17,37432,721
1367,Meta Ads,Summer Growth,222.82,2023-01-15,13.11,25803,300
1368,Referral,Cold Outbound,122.59,2023-01-15,15.32,3179,102
1369,Organic,Brand Awareness Q1,154.79,2023-01-15,17.2,30040,479
1370,Meta Ads,Retargeting Wave,311.35,2023-01-16,15.57,29403,1929
1371,Referral,Retargeting Wave,96.23,2023-01-16,4.18,19050,549
1372,Referral,End of Year Push,132.73,2023-01-16,14.75,36837,1287
1373,Google Ads,Inbound SEO,273.71,2023-01-16,13.69,33124,188
1374,Meta Ads,End of Year Push,200.08,2023-01-17,25.01,23447,651
1375,Organic,Retargeting Wave,159.62,2023-01-17,12.28,23992,1340
1376,Organic,Brand Awareness Q1,125.2,2023-01-17,8.94,23658,1281
1377,Google Ads,Retargeting Wave,359.68,2023-01-17,27.67,43873,1232
1378,Google Ads,Inbound SEO,372.11,2023-01-17,16.91,41227,1329
1379,LinkedIn,End of Year Push,656.37,2023-01-18,54.7,16681,1192
1380,Meta Ads,Partner Referral,242.67,2023-01-18,11.03,26005,1796
1381,Google Ads,Partner Referral,399.0,2023-01-18,30.69,48204,1122
1382,Meta Ads,Summer Growth,224.83,2023-01-18,16.06,20799,84
1383,LinkedIn,Cold Outbound,647.46,2023-01-19,25.9,14778,1143
1384,Meta Ads,End of Year Push,220.63,2023-01-19,27.58,35106,254
1385,Meta Ads,Product Launch,237.05,2023-01-19,16.93,42026,1326
1386,Referral,Brand Awareness Q1,137.33,2023-01-19,10.56,25720,1590
1387,Google Ads,Brand Awareness Q1,321.57,2023-01-19,13.98,8522,763
1388,Direct,Inbound SEO,155.92,2023-01-19,14.17,15079,507
1389,Referral,Cold Outbound,87.38,2023-01-20,3.64,27694,165
1390,Google Ads,Partner Referral,372.67,2023-01-20,16.94,32828,196
1391,Meta Ads,Product Launch,318.26,2023-01-20,35.36,15420,170
1392,Direct,Cold Outbound,153.07,2023-01-20,8.5,29195,602
1393,Organic,Product Launch,150.21,2023-01-20,10.01,45036,1762
1394,Organic,Partner Referral,145.06,2023-01-20,6.59,32534,1135
1395,Meta Ads,Product Launch,263.25,2023-01-21,16.45,39631,1016
1396,LinkedIn,Inbound SEO,511.24,2023-01-21,28.4,49694,1853
1397,Meta Ads,Partner Referral,206.51,2023-01-21,12.15,38261,1773
1398,Google Ads,Inbound SEO,391.68,2023-01-21,35.61,46007,1575
1399,Google Ads,Inbound SEO,276.62,2023-01-22,21.28,23794,958
1400,LinkedIn,Retargeting Wave,790.4,2023-01-22,32.93,35354,349
1401,Email,Partner Referral,79.39,2023-01-22,8.82,46846,280
1402,Referral,Summer Growth,105.57,2023-01-22,9.6,7854,694
1403,LinkedIn,End of Year Push,616.71,2023-01-22,41.11,36115,1820
1404,Google Ads,Partner Referral,291.16,2023-01-22,17.13,48736,911
1405,Meta Ads,Inbound SEO,185.19,2023-01-22,20.58,43820,897
1406,Referral,Brand Awareness Q1,139.25,2023-01-23,5.57,13756,1082
1407,LinkedIn,End of Year Push,797.37,2023-01-23,49.84,28937,712
1408,LinkedIn,Cold Outbound,512.12,2023-01-23,28.45,33867,927
1409,Organic,Retargeting Wave,175.3,2023-01-23,9.23,25195,465
1410,LinkedIn,Product Launch,748.94,2023-01-23,49.93,20203,1327
1411,Email,Retargeting Wave,81.57,2023-01-23,4.53,30126,159
1412,Google Ads,Inbound SEO,290.69,2023-01-24,12.64,35264,1972
1413,Direct,End of Year Push,113.35,2023-01-24,4.53,36146,65
1414,Referral,Product Launch,94.18,2023-01-24,5.89,44883,1563
1415,Referral,Summer Growth,90.17,2023-01-24,4.51,7715,1412
1416,Meta Ads,Product Launch,274.04,2023-01-24,11.42,41914,823
1417,Meta Ads,Retargeting Wave,244.78,2023-01-24,10.64,27891,1531
1418,Referral,End of Year Push,146.69,2023-01-25,6.38,2111,478
1419,LinkedIn,Retargeting Wave,570.59,2023-01-25,24.81,37217,1601
1420,Google Ads,Product Launch,379.24,2023-01-25,18.06,35011,246
1421,Meta Ads,Summer Growth,301.49,2023-01-25,25.12,12221,1532
1422,Meta Ads,Product Launch,219.27,2023-01-26,14.62,9642,1095
1423,Referral,Partner Referral,80.07,2023-01-26,6.16,23340,542
1424,LinkedIn,Summer Growth,537.75,2023-01-26,22.41,24127,612
1425,Google Ads,Product Launch,284.51,2023-01-26,15.81,35808,1888
1426,Meta Ads,End of Year Push,309.14,2023-01-27,30.91,17623,1618
1427,Organic,Inbound SEO,173.43,2023-01-28,8.67,15223,107
1428,Organic,Product Launch,174.89,2023-01-28,8.33,31619,440
1429,Google Ads,Brand Awareness Q1,288.44,2023-01-28,16.97,29779,1236
1430,Referral,Partner Referral,118.27,2023-01-28,6.22,29534,255
1431,Google Ads,Partner Referral,366.91,2023-01-28,30.58,6554,448
1432,Organic,Inbound SEO,164.35,2023-01-28,18.26,34874,905
1433,Organic,Inbound SEO,152.39,2023-01-28,7.62,19647,1330
1434,Organic,Brand Awareness Q1,146.3,2023-01-29,6.1,35775,408
1435,Organic,Inbound SEO,154.6,2023-01-29,6.18,29294,412
1436,Meta Ads,Retargeting Wave,290.8,2023-01-29,14.54,31094,1960
1437,Referral,End of Year Push,94.94,2023-01-29,9.49,26493,464
1438,Organic,Retargeting Wave,171.12,2023-01-29,8.56,3244,261
1439,Meta Ads,Product Launch,284.19,2023-01-30,11.84,1435,532
1440,Direct,Partner Referral,170.1,2023-01-30,10.01,40389,150
1441,Meta Ads,Cold Outbound,293.39,2023-01-30,17.26,37918,215
1442,LinkedIn,End of Year Push,601.59,2023-01-30,37.6,43229,1498
1443,Organic,Brand Awareness Q1,179.83,2023-01-30,11.99,6727,175
1444,LinkedIn,Partner Referral,691.39,2023-01-30,32.92,15892,1624
1445,Google Ads,Product Launch,268.63,2023-01-30,11.19,18464,793
1446,Referral,Retargeting Wave,101.42,2023-01-31,12.68,35458,1351
1447,Google Ads,Partner Referral,338.45,2023-01-31,28.2,11171,1883
1448,Meta Ads,Summer Growth,190.63,2023-01-31,23.83,34018,689
1449,Meta Ads,Partner Referral,191.17,2023-01-31,9.1,49485,139
1450,LinkedIn,Product Launch,726.63,2023-01-31,36.33,901,656
1451,Google Ads,Summer Growth,242.81,2023-01-31,11.04,17660,1304
1452,LinkedIn,Summer Growth,519.74,2023-02-01,25.99,9288,1896
1453,Google Ads,Brand Awareness Q1,251.61,2023-02-01,11.98,25984,1333
1454,Meta Ads,Inbound SEO,256.21,2023-02-01,11.14,14973,1787
1455,Referral,Partner Referral,143.64,2023-02-01,7.56,4168,1841
1456,Organic,Product Launch,161.0,2023-02-01,11.5,34895,1221
1457,Organic,Retargeting Wave,135.96,2023-02-01,17.0,30706,206
1458,Referral,Brand Awareness Q1,124.96,2023-02-01,5.68,11741,1312
1459,Meta Ads,End of Year Push,183.36,2023-02-02,22.92,23179,1358
1460,Direct,Partner Referral,103.04,2023-02-02,4.91,29631,243
1461,Google Ads,End of Year Push,294.37,2023-02-02,21.03,8499,1073
1462,Referral,Inbound SEO,97.83,2023-02-02,5.15,17242,1556
1463,Referral,Product Launch,91.95,2023-02-02,5.41,49897,1603
1464,Meta Ads,Product Launch,201.93,2023-02-03,8.41,44505,1894
1465,Meta Ads,Product Launch,229.92,2023-02-03,25.55,33858,1251
1466,Referral,Product Launch,127.6,2023-02-03,11.6,29367,1837
1467,Google Ads,Product Launch,240.57,2023-02-04,11.46,40298,930
1468,Organic,Inbound SEO,177.89,2023-02-04,19.77,31775,1558
1469,Organic,Retargeting Wave,162.75,2023-02-04,16.27,15683,1867
1470,LinkedIn,End of Year Push,533.51,2023-02-04,41.04,24445,143
1471,LinkedIn,Retargeting Wave,508.94,2023-02-04,25.45,10458,1664
1472,Email,Retargeting Wave,93.67,2023-02-05,5.51,3598,1603
1473,Direct,End of Year Push,194.88,2023-02-05,8.47,42597,854
1474,Google Ads,Retargeting Wave,273.68,2023-02-05,22.81,48429,1201
1475,Referral,Brand Awareness Q1,131.62,2023-02-05,9.4,15230,103
1476,Meta Ads,Summer Growth,269.68,2023-02-05,15.86,36978,892
1477,LinkedIn,Brand Awareness Q1,740.32,2023-02-05,30.85,21427,1713
1478,Organic,Retargeting Wave,178.48,2023-02-05,7.44,32978,1403
1479,Organic,Inbound SEO,155.07,2023-02-05,14.1,37009,306
1480,Direct,Product Launch,146.66,2023-02-05,13.33,4389,1308
1481,Organic,Retargeting Wave,135.19,2023-02-05,5.88,38012,1464
1482,Organic,Summer Growth,126.43,2023-02-06,5.5,8683,1042
1483,Direct,Brand Awareness Q1,185.41,2023-02-06,23.18,13634,1504
1484,Google Ads,Retargeting Wave,303.12,2023-02-07,12.63,26460,724
1485,LinkedIn,End of Year Push,620.37,2023-02-07,26.97,19752,1648
1486,Google Ads,Partner Referral,300.54,2023-02-07,37.57,29498,326
1487,Organic,Brand Awareness Q1,142.71,2023-02-07,8.39,31299,589
1488,Organic,Summer Growth,120.4,2023-02-07,4.82,603,445
1489,Google Ads,Product Launch,335.07,2023-02-08,17.64,9200,1668
1490,Meta Ads,Retargeting Wave,312.18,2023-02-08,39.02,20562,492
1491,Meta Ads,Summer Growth,288.32,2023-02-08,14.42,1693,330
1492,Google Ads,Inbound SEO,363.86,2023-02-08,15.82,29411,814
1493,Organic,Partner Referral,175.08,2023-02-08,7.0,19483,1989
1494,Meta Ads,Summer Growth,187.18,2023-02-09,8.91,13364,869
1495,Meta Ads,Inbound SEO,189.73,2023-02-09,15.81,17645,1758
1496,LinkedIn,Inbound SEO,473.47,2023-02-09,31.56,32447,839
1497,Referral,End of Year Push,90.97,2023-02-10,6.06,1248,478
1498,Direct,Inbound SEO,176.29,2023-02-10,11.75,39783,800
1499,Organic,Partner Referral,161.89,2023-02-10,17.99,34704,1388
1500,Meta Ads,Product Launch,228.4,2023-02-11,9.14,31170,1851
1501,Organic,Brand Awareness Q1,162.29,2023-02-11,16.23,6010,570
1502,LinkedIn,Retargeting Wave,660.84,2023-02-11,30.04,22064,607
1503,LinkedIn,Cold Outbound,520.6,2023-02-11,23.66,2920,614
1504,Referral,Brand Awareness Q1,146.69,2023-02-11,6.99,30569,1143
1505,Organic,Partner Referral,138.6,2023-02-11,7.7,38180,1031
1506,Direct,Partner Referral,123.3,2023-02-12,11.21,2552,1408
1507,Organic,Brand Awareness Q1,161.23,2023-02-12,8.96,31311,471
1508,Direct,Summer Growth,140.15,2023-02-12,15.57,34505,1822
1509,LinkedIn,Summer Growth,552.67,2023-02-12,24.03,21063,929
1510,LinkedIn,End of Year Push,547.27,2023-02-12,60.81,31551,1802
1511,LinkedIn,Summer Growth,506.54,2023-02-12,21.11,43769,1674
1512,Meta Ads,Summer Growth,272.65,2023-02-13,12.98,38260,1254
1513,Organic,Cold Outbound,139.22,2023-02-13,10.71,15678,890
1514,Organic,Summer Growth,165.79,2023-02-13,18.42,17781,1151
1515,Referral,Partner Referral,110.78,2023-02-13,5.04,7733,1976
1516,Organic,Cold Outbound,139.66,2023-02-13,10.74,36493,1753
1517,Organic,Summer Growth,178.13,2023-02-13,13.7,32648,1602
1518,Meta Ads,Inbound SEO,269.79,2023-02-13,20.75,17424,1232
1519,Direct,Partner Referral,158.25,2023-02-14,19.78,42323,1135
1520,Google Ads,Inbound SEO,355.05,2023-02-14,14.2,22437,1843
1521,Google Ads,End of Year Push,314.43,2023-02-15,34.94,46778,1677
1522,Google Ads,Partner Referral,312.92,2023-02-15,22.35,8625,1134
1523,Google Ads,Cold Outbound,330.48,2023-02-15,41.31,32812,1732
1524,Organic,Retargeting Wave,165.08,2023-02-16,10.32,36376,1504
1525,Direct,Retargeting Wave,109.55,2023-02-16,13.69,813,171
1526,LinkedIn,Cold Outbound,545.11,2023-02-16,28.69,27389,142
1527,Organic,Summer Growth,166.45,2023-02-16,18.49,48117,915
1528,Google Ads,Cold Outbound,364.08,2023-02-16,15.83,10914,1246
1529,Google Ads,Product Launch,358.49,2023-02-17,14.34,33484,1405
1530,Referral,Retargeting Wave,132.44,2023-02-17,11.04,30217,1942
1531,Organic,Cold Outbound,136.04,2023-02-17,11.34,25065,285
1532,Referral,Cold Outbound,124.95,2023-02-17,8.93,27438,885
1533,LinkedIn,Retargeting Wave,756.96,2023-02-18,34.41,48522,1974
1534,Google Ads,Cold Outbound,384.21,2023-02-18,15.37,46522,1975
1535,LinkedIn,Cold Outbound,704.46,2023-02-18,70.45,4421,1769
1536,LinkedIn,Product Launch,515.63,2023-02-18,27.14,42938,1512
1537,Meta Ads,Cold Outbound,291.45,2023-02-18,13.25,8388,1193
1538,Google Ads,Brand Awareness Q1,354.35,2023-02-18,32.21,31660,642
1539,Direct,Retargeting Wave,170.06,2023-02-19,18.9,10841,767
1540,Google Ads,Brand Awareness Q1,366.92,2023-02-19,21.58,8424,461
1541,Direct,Partner Referral,140.9,2023-02-19,6.13,30964,771
1542,Organic,Brand Awareness Q1,166.58,2023-02-20,7.57,7741,368
1543,Referral,Cold Outbound,120.3,2023-02-20,10.94,29275,930
1544,Organic,Brand Awareness Q1,177.45,2023-02-20,8.45,19874,415
1545,Email,Brand Awareness Q1,87.51,2023-02-20,5.15,14305,1098
1546,Meta Ads,Partner Referral,194.1,2023-02-20,8.82,26559,327
1547,Direct,Cold Outbound,116.8,2023-02-20,12.98,9926,1561
1548,Google Ads,Summer Growth,279.45,2023-02-21,13.97,42465,525
1549,Meta Ads,Retargeting Wave,224.6,2023-02-21,10.7,18372,1864
1550,Meta Ads,Brand Awareness Q1,226.96,2023-02-21,13.35,25662,1702
1551,Meta Ads,Product Launch,304.79,2023-02-21,33.87,45199,468
1552,Google Ads,Summer Growth,243.43,2023-02-21,13.52,47032,1679
1553,LinkedIn,Product Launch,461.49,2023-02-21,23.07,4738,536
1554,Google Ads,Cold Outbound,352.25,2023-02-21,23.48,6633,1821
1555,Organic,Brand Awareness Q1,167.58,2023-02-21,7.98,25657,949
1556,Google Ads,Retargeting Wave,395.22,2023-02-22,49.4,21754,529
1557,LinkedIn,Product Launch,512.57,2023-02-22,46.6,45825,1816
1558,Google Ads,End of Year Push,330.43,2023-02-22,18.36,15158,1486
1559,Organic,Partner Referral,177.98,2023-02-22,17.8,31063,1176
1560,LinkedIn,Summer Growth,577.99,2023-02-23,38.53,34532,115
1561,Direct,Product Launch,145.31,2023-02-23,13.21,15152,824
1562,Referral,Partner Referral,111.05,2023-02-23,6.53,23889,730
1563,Referral,Summer Growth,89.34,2023-02-24,4.96,8308,111
1564,Google Ads,Inbound SEO,398.86,2023-02-24,20.99,33118,67
1565,Google Ads,Inbound SEO,393.11,2023-02-24,43.68,37339,866
1566,Meta Ads,Retargeting Wave,304.53,2023-02-24,17.91,6569,309
1567,Referral,Partner Referral,104.06,2023-02-24,8.0,21338,1199
1568,Google Ads,Partner Referral,264.08,2023-02-24,17.61,21054,932
1569,Organic,Product Launch,142.97,2023-02-25,7.94,44114,758
1570,Organic,Cold Outbound,125.24,2023-02-25,6.59,5451,1823
1571,Meta Ads,Retargeting Wave,246.45,2023-02-25,13.69,14778,187
1572,Referral,End of Year Push,92.09,2023-02-25,5.76,16961,1703
1573,Referral,Brand Awareness Q1,117.1,2023-02-25,11.71,41421,1058
1574,Google Ads,End of Year Push,265.52,2023-02-26,16.59,27820,1613
1575,Organic,Partner Referral,136.63,2023-02-26,13.66,21461,354
1576,Direct,Partner Referral,180.45,2023-02-26,10.02,16770,359
1577,Referral,Retargeting Wave,88.93,2023-02-26,4.04,3064,1568
1578,LinkedIn,Brand Awareness Q1,483.17,2023-02-26,43.92,18179,1131
1579,LinkedIn,Cold Outbound,508.74,2023-02-26,50.87,40832,1193
1580,Meta Ads,Retargeting Wave,186.1,2023-02-26,12.41,29823,1622
1581,Referral,Summer Growth,101.14,2023-02-26,8.43,26835,1105
1582,Organic,End of Year Push,165.24,2023-02-26,20.66,48198,79
1583,Meta Ads,Brand Awareness Q1,182.54,2023-02-27,10.14,43385,1911
1584,Email,Summer Growth,62.51,2023-02-28,3.91,1553,444
1585,Organic,Brand Awareness Q1,162.74,2023-02-28,9.04,2684,1182
1586,Referral,Brand Awareness Q1,87.86,2023-02-28,4.88,25184,1993
1587,LinkedIn,Partner Referral,569.45,2023-02-28,63.27,42099,427
1588,Direct,Summer Growth,177.79,2023-02-28,16.16,27430,1486
1589,Google Ads,Brand Awareness Q1,288.55,2023-02-28,24.05,42205,203
1590,Organic,Retargeting Wave,177.36,2023-02-28,8.45,29861,1748
1591,Google Ads,Summer Growth,281.32,2023-02-28,23.44,46745,1453
1592,LinkedIn,End of Year Push,571.35,2023-02-28,28.57,10900,155
1593,Meta Ads,Retargeting Wave,293.22,2023-03-01,16.29,39744,203
1594,Referral,Product Launch,107.22,2023-03-01,13.4,16536,508
1595,Organic,Partner Referral,170.61,2023-03-01,8.98,27845,1456
1596,Google Ads,Summer Growth,354.47,2023-03-01,16.88,26107,775
1597,Meta Ads,Summer Growth,300.49,2023-03-01,21.46,1987,634
1598,Email,Brand Awareness Q1,97.42,2023-03-01,5.73,15908,1948
1599,Meta Ads,Partner Referral,274.56,2023-03-01,16.15,43048,255
1600,Google Ads,Partner Referral,296.27,2023-03-01,24.69,47955,1496
1601,Direct,End of Year Push,187.75,2023-03-01,15.65,8828,1784
1602,Organic,Product Launch,148.31,2023-03-02,9.27,48175,1181
1603,Direct,Summer Growth,138.55,2023-03-02,10.66,27580,252
1604,Referral,Inbound SEO,126.87,2023-03-02,6.68,32613,564
1605,Google Ads,Brand Awareness Q1,303.5,2023-03-02,16.86,33530,459
1606,Meta Ads,Brand Awareness Q1,223.72,2023-03-02,9.32,14868,805
1607,Google Ads,Retargeting Wave,370.49,2023-03-02,30.87,44758,1358
1608,Meta Ads,Summer Growth,254.26,2023-03-02,19.56,1494,937
1609,LinkedIn,End of Year Push,580.51,2023-03-03,44.65,24778,1410
1610,Direct,Product Launch,141.48,2023-03-03,6.43,29046,1459
1611,Organic,End of Year Push,134.4,2023-03-03,13.44,11904,1012
1612,Google Ads,Summer Growth,384.92,2023-03-04,15.4,13991,1305
1613,LinkedIn,Inbound SEO,696.3,2023-03-04,38.68,42100,1013
1614,Referral,Brand Awareness Q1,137.48,2023-03-04,10.58,9295,1880
1615,Meta Ads,Cold Outbound,192.31,2023-03-04,8.36,5786,1438
1616,Email,Retargeting Wave,85.23,2023-03-04,4.49,1661,323
1617,LinkedIn,Retargeting Wave,681.19,2023-03-05,42.57,30307,507
1618,Referral,Retargeting Wave,126.69,2023-03-05,11.52,42609,627
1619,LinkedIn,Brand Awareness Q1,667.45,2023-03-05,47.68,12707,1995
1620,Organic,Partner Referral,162.01,2023-03-06,7.71,31214,1804
1621,Meta Ads,Partner Referral,186.99,2023-03-06,8.9,42425,1046
1622,Direct,Cold Outbound,125.7,2023-03-06,10.47,49727,155
1623,LinkedIn,Brand Awareness Q1,484.16,2023-03-06,28.48,600,1179
1624,Organic,Cold Outbound,135.02,2023-03-06,5.4,11865,857
1625,Organic,Cold Outbound,125.1,2023-03-07,5.44,47133,1024
1626,Referral,End of Year Push,132.71,2023-03-07,9.48,49453,1959
1627,Google Ads,End of Year Push,261.32,2023-03-07,17.42,40867,315
1628,Organic,Cold Outbound,127.69,2023-03-07,5.55,30057,1626
1629,Organic,Inbound SEO,147.37,2023-03-07,6.7,44700,744
1630,Organic,Inbound SEO,179.71,2023-03-07,13.82,6610,254
1631,Direct,Retargeting Wave,128.2,2023-03-08,6.1,2783,515
1632,LinkedIn,End of Year Push,516.36,2023-03-08,25.82,47129,1618
1633,Meta Ads,Retargeting Wave,255.88,2023-03-08,19.68,1536,1602
1634,LinkedIn,Cold Outbound,683.5,2023-03-08,37.97,45592,1331
1635,LinkedIn,End of Year Push,655.75,2023-03-08,34.51,43975,1080
1636,Referral,Cold Outbound,101.78,2023-03-08,11.31,25621,1230
1637,LinkedIn,End of Year Push,702.79,2023-03-08,54.06,34986,747
1638,Organic,Brand Awareness Q1,158.71,2023-03-08,13.23,21290,685
1639,Google Ads,Cold Outbound,376.35,2023-03-09,22.14,27468,1578
1640,Email,Summer Growth,98.69,2023-03-09,4.11,37823,1108
1641,Referral,Partner Referral,95.07,2023-03-09,9.51,15234,1831
1642,Meta Ads,Retargeting Wave,266.58,2023-03-09,14.81,38889,326
1643,LinkedIn,Inbound SEO,472.63,2023-03-09,21.48,11832,520
1644,Direct,Brand Awareness Q1,133.22,2023-03-09,13.32,41051,625
1645,Meta Ads,Partner Referral,249.21,2023-03-09,20.77,26781,1431
1646,Organic,Partner Referral,174.92,2023-03-09,9.21,19640,1618
1647,Direct,Cold Outbound,194.37,2023-03-10,8.84,37868,225
1648,LinkedIn,Product Launch,643.88,2023-03-10,53.66,1832,140
1649,Meta Ads,Brand Awareness Q1,270.27,2023-03-10,33.78,6884,1570
1650,Google Ads,Partner Referral,320.74,2023-03-10,15.27,39569,168
1651,Google Ads,Inbound SEO,291.16,2023-03-10,12.66,21691,1250
1652,Google Ads,Brand Awareness Q1,280.54,2023-03-10,14.03,29683,251
1653,LinkedIn,Brand Awareness Q1,724.58,2023-03-11,30.19,1019,53
1654,LinkedIn,Inbound SEO,670.91,2023-03-11,27.95,46023,1040
1655,Direct,Product Launch,127.29,2023-03-11,5.53,44631,1892
1656,LinkedIn,Partner Referral,756.8,2023-03-11,36.04,23409,1491
1657,LinkedIn,End of Year Push,666.7,2023-03-11,74.08,23131,285
1658,Meta Ads,Product Launch,262.09,2023-03-11,14.56,4690,418
1659,LinkedIn,Retargeting Wave,752.63,2023-03-11,53.76,15901,720
1660,Organic,Inbound SEO,145.92,2023-03-11,6.63,45054,1041
1661,Meta Ads,Product Launch,209.77,2023-03-11,10.49,22441,1139
1662,Referral,End of Year Push,102.59,2023-03-12,10.26,1094,663
1663,LinkedIn,Summer Growth,656.6,2023-03-12,41.04,566,1013
1664,Direct,Product Launch,107.5,2023-03-12,4.48,2455,1664
1665,Google Ads,Brand Awareness Q1,390.46,2023-03-12,16.98,17814,857
1666,Google Ads,Partner Referral,353.28,2023-03-12,15.36,44311,609
1667,Meta Ads,Summer Growth,291.11,2023-03-13,13.23,8345,1587
1668,Direct,End of Year Push,128.98,2023-03-13,6.79,26062,916
1669,Meta Ads,Brand Awareness Q1,293.35,2023-03-13,20.95,10568,763
1670,Referral,Inbound SEO,107.08,2023-03-13,8.92,24250,717
1671,Meta Ads,Partner Referral,281.87,2023-03-13,12.26,14058,705
1672,LinkedIn,Summer Growth,616.09,2023-03-13,68.45,43831,1072
1673,Organic,Retargeting Wave,161.31,2023-03-13,7.33,25797,598
1674,Direct,Summer Growth,141.52,2023-03-13,10.89,45055,825
1675,Organic,End of Year Push,156.56,2023-03-13,7.83,44420,1958
1676,Organic,Partner Referral,166.26,2023-03-14,12.79,29427,733
1677,Google Ads,End of Year Push,287.7,2023-03-14,31.97,38711,702
1678,Organic,Inbound SEO,156.31,2023-03-14,7.82,26773,495
1679,Email,Partner Referral,63.7,2023-03-14,4.55,26063,347
1680,LinkedIn,Brand Awareness Q1,491.34,2023-03-14,25.86,44987,208
1681,Google Ads,Cold Outbound,249.04,2023-03-14,27.67,20190,1768
1682,Direct,End of Year Push,110.81,2023-03-14,5.83,49897,450
1683,Referral,Cold Outbound,128.15,2023-03-14,8.54,40106,901
1684,Google Ads,Product Launch,265.61,2023-03-15,14.76,38559,1584
1685,Meta Ads,Cold Outbound,241.69,2023-03-15,26.85,22430,788
1686,Google Ads,Brand Awareness Q1,334.84,2023-03-15,14.56,6343,423
1687,LinkedIn,Partner Referral,771.98,2023-03-15,70.18,21842,648
1688,LinkedIn,Cold Outbound,514.08,2023-03-15,64.26,3752,1395
1689,Organic,Summer Growth,134.84,2023-03-15,9.63,8933,850
1690,Meta Ads,Retargeting Wave,207.31,2023-03-16,9.87,1791,370
1691,Organic,Retargeting Wave,146.07,2023-03-16,14.61,24073,1073
1692,Meta Ads,Summer Growth,277.05,2023-03-16,11.54,17926,403
1693,LinkedIn,Summer Growth,676.15,2023-03-16,35.59,27610,1591
1694,Organic,Inbound SEO,146.14,2023-03-16,8.12,37067,1278
1695,Organic,Inbound SEO,133.21,2023-03-17,7.01,8996,1464
1696,Meta Ads,Brand Awareness Q1,257.89,2023-03-17,12.28,13276,61
1697,Referral,Product Launch,90.6,2023-03-17,3.62,47259,413
1698,LinkedIn,End of Year Push,527.98,2023-03-17,27.79,9918,1162
1699,Referral,Cold Outbound,116.9,2023-03-17,10.63,25047,1537
1700,Referral,Partner Referral,104.55,2023-03-17,6.15,32247,1981
1701,Organic,Retargeting Wave,151.57,2023-03-17,6.59,17937,894
1702,Google Ads,Brand Awareness Q1,297.59,2023-03-18,13.53,45356,359
1703,Referral,Brand Awareness Q1,97.18,2023-03-18,8.83,36585,1993
1704,Google Ads,Brand Awareness Q1,349.49,2023-03-18,13.98,31969,697
1705,Google Ads,Inbound SEO,289.68,2023-03-18,36.21,49466,1437
1706,Google Ads,Brand Awareness Q1,257.78,2023-03-18,14.32,35219,71
1707,Organic,Partner Referral,153.72,2023-03-18,6.68,39463,1057
1708,Referral,Cold Outbound,98.2,2023-03-18,4.68,5702,1254
1709,Organic,Partner Referral,151.88,2023-03-18,7.59,13204,1749
1710,Google Ads,Partner Referral,341.44,2023-03-19,18.97,16375,1966
1711,Organic,Cold Outbound,138.02,2023-03-19,6.27,18620,1573
1712,Meta Ads,End of Year Push,316.37,2023-03-19,13.76,38324,1881
1713,Referral,Partner Referral,90.94,2023-03-19,7.0,33398,284
1714,LinkedIn,Brand Awareness Q1,475.99,2023-03-19,36.61,14824,1043
1715,Google Ads,Cold Outbound,327.91,2023-03-19,21.86,19393,691
1716,Organic,Summer Growth,177.82,2023-03-19,10.46,1068,704
1717,Direct,Cold Outbound,100.39,2023-03-19,8.37,49753,903
1718,Organic,Partner Referral,148.69,2023-03-20,11.44,39505,205
1719,Google Ads,Cold Outbound,391.92,2023-03-20,17.81,15982,889
1720,Google Ads,Inbound SEO,331.54,2023-03-20,30.14,40247,1190
1721,Organic,Cold Outbound,165.08,2023-03-20,11.01,25984,942
1722,Google Ads,Inbound SEO,338.24,2023-03-20,14.09,30017,1701
1723,Google Ads,Inbound SEO,359.6,2023-03-20,18.93,30167,288
1724,Organic,Retargeting Wave,167.99,2023-03-21,10.5,17797,1673
1725,LinkedIn,Summer Growth,776.45,2023-03-21,36.97,16435,1779
1726,Meta Ads,Cold Outbound,205.35,2023-03-21,12.83,31791,1026
1727,Meta Ads,Product Launch,213.18,2023-03-21,21.32,9780,505
1728,Meta Ads,Cold Outbound,252.13,2023-03-21,13.27,25632,1898
1729,Referral,Summer Growth,134.98,2023-03-21,5.4,37382,1755
1730,Meta Ads,Cold Outbound,226.5,2023-03-21,9.06,14979,309
1731,LinkedIn,Brand Awareness Q1,734.89,2023-03-22,91.86,4414,712
1732,Meta Ads,Inbound SEO,224.76,2023-03-22,20.43,29214,521
1733,Google Ads,Retargeting Wave,328.08,2023-03-22,36.45,21636,1543
1734,Meta Ads,Retargeting Wave,260.03,2023-03-22,15.3,12617,644
1735,Google Ads,Cold Outbound,377.56,2023-03-22,34.32,9329,435
1736,LinkedIn,Brand Awareness Q1,536.44,2023-03-22,25.54,22535,534
1737,Organic,End of Year Push,172.64,2023-03-22,9.09,40642,1985
1738,Meta Ads,Brand Awareness Q1,310.58,2023-03-23,15.53,10751,1081
1739,Organic,Partner Referral,162.24,2023-03-23,20.28,34929,1053
1740,Meta Ads,Inbound SEO,286.95,2023-03-23,12.48,33546,1384
1741,Referral,Cold Outbound,90.24,2023-03-23,6.45,30978,1794
1742,Direct,Cold Outbound,124.76,2023-03-23,5.67,14884,1239
1743,LinkedIn,End of Year Push,630.42,2023-03-23,30.02,25719,893
1744,Organic,Cold Outbound,149.97,2023-03-23,6.25,21858,1954
1745,Google Ads,Brand Awareness Q1,241.78,2023-03-24,14.22,18682,795
1746,LinkedIn,Product Launch,605.29,2023-03-24,30.26,10794,1985
1747,LinkedIn,Brand Awareness Q1,790.56,2023-03-24,79.06,1628,1952
1748,Google Ads,Product Launch,277.01,2023-03-24,23.08,27026,778
1749,Organic,Inbound SEO,151.01,2023-03-24,8.88,25784,536
1750,Organic,Summer Growth,157.27,2023-03-24,8.28,28376,1073
1751,Organic,Inbound SEO,147.53,2023-03-25,10.54,38776,1178
1752,Referral,Cold Outbound,147.01,2023-03-25,11.31,18716,1691
1753,LinkedIn,Cold Outbound,643.77,2023-03-25,71.53,33662,1424
1754,Meta Ads,Inbound SEO,181.0,2023-03-25,10.06,13638,1464
1755,Meta Ads,End of Year Push,180.31,2023-03-25,9.02,22699,1316
1756,LinkedIn,End of Year Push,499.68,2023-03-25,26.3,2678,1625
1757,Meta Ads,Brand Awareness Q1,277.75,2023-03-25,14.62,5878,1683
1758,Organic,Partner Referral,122.73,2023-03-25,5.58,12406,182
1759,Referral,Inbound SEO,117.43,2023-03-25,5.87,36381,546
1760,Meta Ads,Product Launch,289.39,2023-03-25,12.58,34624,1968
1761,Google Ads,Product Launch,311.97,2023-03-25,28.36,19425,1534
1762,Meta Ads,End of Year Push,223.43,2023-03-26,9.71,7278,1031
1763,Organic,Partner Referral,172.25,2023-03-26,12.3,37616,122
1764,Referral,End of Year Push,117.04,2023-03-26,13.0,27238,1195
1765,Google Ads,End of Year Push,387.41,2023-03-26,18.45,34309,1952
1766,Organic,End of Year Push,146.58,2023-03-26,5.86,26364,921
1767,Google Ads,Partner Referral,306.2,2023-03-26,13.31,32006,810
1768,Email,Inbound SEO,80.99,2023-03-27,3.68,16458,1555
1769,Direct,Retargeting Wave,179.08,2023-03-27,16.28,696,702
1770,Direct,Cold Outbound,175.72,2023-03-27,7.64,43684,317
1771,Google Ads,Brand Awareness Q1,241.91,2023-03-27,18.61,22009,1459
1772,Referral,Summer Growth,132.41,2023-03-28,16.55,41668,1157
1773,Direct,Cold Outbound,180.59,2023-03-28,15.05,14343,751
1774,Meta Ads,Inbound SEO,220.87,2023-03-28,9.6,41740,355
1775,Organic,Retargeting Wave,121.28,2023-03-29,11.03,1575,1674
1776,Google Ads,Cold Outbound,299.18,2023-03-29,17.6,38501,551
1777,Organic,Summer Growth,142.74,2023-03-29,6.8,45099,1733
1778,Organic,Inbound SEO,140.6,2023-03-29,7.03,29121,232
1779,Organic,Retargeting Wave,137.07,2023-03-29,6.23,43987,1390
1780,Google Ads,Retargeting Wave,246.73,2023-03-29,13.71,36675,666
1781,Organic,Product Launch,158.44,2023-03-29,13.2,41538,1028
1782,Organic,Brand Awareness Q1,172.45,2023-03-30,8.62,20827,1293
1783,Referral,Inbound SEO,123.67,2023-03-30,5.89,43041,763
1784,LinkedIn,Brand Awareness Q1,748.3,2023-03-30,49.89,43453,856
1785,Organic,Retargeting Wave,133.05,2023-03-30,5.78,9681,1833
1786,Organic,Summer Growth,141.77,2023-03-30,6.16,3015,1123
1787,LinkedIn,Summer Growth,532.5,2023-03-30,31.32,42628,1417
1788,Organic,Partner Referral,136.33,2023-03-30,6.82,46529,557
1789,LinkedIn,Brand Awareness Q1,462.33,2023-03-31,51.37,17529,781
1790,Organic,Brand Awareness Q1,174.43,2023-03-31,10.9,46471,1837
1791,Direct,Partner Referral,155.01,2023-03-31,6.74,41916,389
1792,Referral,Brand Awareness Q1,87.31,2023-03-31,4.37,7675,1562
1793,Google Ads,Cold Outbound,330.34,2023-03-31,23.6,5317,1069
1794,Referral,Summer Growth,146.67,2023-03-31,7.33,27126,1142
1795,Direct,Brand Awareness Q1,110.26,2023-03-31,7.35,41571,1167
1796,Google Ads,Product Launch,336.44,2023-03-31,13.46,6786,797
1797,Organic,Inbound SEO,142.86,2023-04-01,8.93,27294,838
1798,Email,End of Year Push,82.18,2023-04-01,7.47,10644,1823
1799,Google Ads,Product Launch,307.47,2023-04-01,13.98,26873,1265
1800,Meta Ads,Product Launch,235.25,2023-04-01,12.38,33148,1671
1801,LinkedIn,Retargeting Wave,654.53,2023-04-01,28.46,18856,795
1802,Organic,Cold Outbound,123.6,2023-04-01,11.24,31055,1900
1803,Organic,Inbound SEO,133.23,2023-04-01,5.79,6663,1960
1804,Google Ads,Product Launch,383.01,2023-04-02,19.15,5905,592
1805,Referral,Cold Outbound,133.9,2023-04-02,13.39,27854,731
1806,Organic,Summer Growth,135.89,2023-04-02,7.15,12647,930
1807,Google Ads,Product Launch,394.97,2023-04-02,18.81,48900,1270
1808,Google Ads,Retargeting Wave,397.76,2023-04-03,39.78,43744,1428
1809,Referral,Summer Growth,135.87,2023-04-03,9.06,48360,1724
1810,Meta Ads,Cold Outbound,186.24,2023-04-03,8.87,9349,92
1811,LinkedIn,End of Year Push,733.7,2023-04-03,33.35,16656,1266
1812,Google Ads,Product Launch,292.04,2023-04-03,17.18,11878,1722
1813,Meta Ads,Cold Outbound,238.37,2023-04-04,14.02,43746,1434
1814,Organic,Retargeting Wave,146.19,2023-04-04,18.27,11664,941
1815,LinkedIn,End of Year Push,516.62,2023-04-04,30.39,10652,716
1816,Google Ads,End of Year Push,301.66,2023-04-04,25.14,28696,1524
1817,Organic,Retargeting Wave,125.3,2023-04-04,11.39,45584,787
1818,Google Ads,Inbound SEO,374.79,2023-04-04,23.42,9185,1833
1819,Direct,Product Launch,136.2,2023-04-04,5.92,22734,63
1820,Google Ads,Brand Awareness Q1,384.42,2023-04-04,16.02,18448,1375
1821,Referral,Brand Awareness Q1,144.59,2023-04-05,6.57,10746,1014
1822,Organic,End of Year Push,143.48,2023-04-06,8.44,2637,1467
1823,LinkedIn,End of Year Push,679.8,2023-04-06,29.56,35201,1967
1824,Organic,Product Launch,166.98,2023-04-06,7.95,31292,374
1825,Meta Ads,Partner Referral,214.14,2023-04-06,17.84,29914,965
1826,Direct,Retargeting Wave,142.95,2023-04-06,6.81,40765,737
1827,Direct,Summer Growth,179.35,2023-04-06,10.55,25718,1150
1828,Direct,Cold Outbound,164.02,2023-04-07,9.65,38744,1454
1829,Organic,Retargeting Wave,154.51,2023-04-07,11.04,5279,462
1830,Google Ads,Cold Outbound,295.45,2023-04-07,22.73,48189,1586
1831,Referral,Retargeting Wave,108.62,2023-04-07,13.58,45506,726
1832,Organic,Cold Outbound,158.95,2023-04-07,6.62,14212,1613
1833,Organic,Partner Referral,131.48,2023-04-07,11.95,47237,1506
1834,Referral,Cold Outbound,141.2,2023-04-07,6.42,39616,80
1835,Google Ads,End of Year Push,288.39,2023-04-07,11.54,45103,1143
1836,Organic,Inbound SEO,131.98,2023-04-08,12.0,34060,82
1837,Organic,Brand Awareness Q1,144.17,2023-04-08,11.09,16853,917
1838,Organic,Summer Growth,123.5,2023-04-08,8.23,33316,1132
1839,Referral,Inbound SEO,131.63,2023-04-08,9.4,5216,275
1840,Google Ads,End of Year Push,363.98,2023-04-08,15.83,36163,1911
1841,Organic,Retargeting Wave,149.08,2023-04-09,14.91,21309,1237
1842,Referral,Partner Referral,81.5,2023-04-09,3.88,1306,1074
1843,Google Ads,Partner Referral,269.34,2023-04-09,14.18,4406,643
1844,Google Ads,Partner Referral,392.09,2023-04-09,30.16,9907,686
1845,Referral,Product Launch,114.61,2023-04-09,9.55,22578,264
1846,LinkedIn,Product Launch,642.59,2023-04-09,30.6,42523,253
1847,Direct,Inbound SEO,177.63,2023-04-10,19.74,27750,306
1848,Organic,Brand Awareness Q1,151.76,2023-04-10,15.18,21673,1824
1849,Meta Ads,Cold Outbound,265.9,2023-04-10,33.24,26365,328
1850,LinkedIn,Summer Growth,759.5,2023-04-10,84.39,37484,1302
1851,Meta Ads,Partner Referral,229.53,2023-04-10,9.56,26429,906
1852,Direct,End of Year Push,104.96,2023-04-10,5.0,36698,240
1853,Referral,Product Launch,119.0,2023-04-10,10.82,19565,135
1854,Google Ads,End of Year Push,276.17,2023-04-11,30.69,34936,1454
1855,Email,Retargeting Wave,64.97,2023-04-11,4.64,38416,86
1856,Organic,Product Launch,120.6,2023-04-11,15.07,3911,748
1857,Referral,Partner Referral,131.73,2023-04-11,10.13,26570,1680
1858,Organic,Product Launch,120.44,2023-04-11,7.08,32772,634
1859,Meta Ads,Cold Outbound,225.69,2023-04-11,9.4,47441,1144
1860,Referral,Summer Growth,123.12,2023-04-11,8.21,11525,995
1861,Organic,Inbound SEO,127.03,2023-04-11,9.77,10505,1270
1862,Referral,Product Launch,94.5,2023-04-11,4.3,44449,1440
1863,Organic,Retargeting Wave,166.25,2023-04-11,18.47,7848,657
1864,Meta Ads,End of Year Push,299.49,2023-04-11,11.98,45322,1997
1865,Referral,Inbound SEO,100.7,2023-04-12,5.92,15882,1362
1866,Organic,Retargeting Wave,152.22,2023-04-12,8.01,39831,599
1867,Meta Ads,Cold Outbound,187.3,2023-04-12,14.41,48763,602
1868,Referral,Partner Referral,95.17,2023-04-13,3.97,16371,1029
1869,Referral,Inbound SEO,105.16,2023-04-13,13.14,18859,1753
1870,Direct,Cold Outbound,154.42,2023-04-13,8.13,3035,77
1871,Referral,Cold Outbound,114.99,2023-04-14,12.78,40940,1240
1872,Organic,Cold Outbound,131.3,2023-04-14,10.94,6725,1340
1873,Referral,Inbound SEO,135.55,2023-04-14,5.65,654,629
1874,Organic,Inbound SEO,134.19,2023-04-14,6.39,38555,911
1875,Google Ads,Summer Growth,258.49,2023-04-14,15.21,27088,113
1876,Organic,End of Year Push,157.09,2023-04-15,11.22,21922,430
1877,Organic,Product Launch,176.16,2023-04-15,13.55,25614,161
1878,LinkedIn,Partner Referral,522.47,2023-04-15,32.65,9049,1607
1879,Google Ads,End of Year Push,374.06,2023-04-15,24.94,8165,826
1880,Organic,Product Launch,123.15,2023-04-15,8.8,7407,65
1881,Organic,Cold Outbound,125.14,2023-04-15,11.38,39956,1676
1882,Meta Ads,Retargeting Wave,224.3,2023-04-15,24.92,22418,1611
1883,Organic,Inbound SEO,159.95,2023-04-15,19.99,36812,200
1884,Meta Ads,Brand Awareness Q1,279.37,2023-04-15,15.52,27570,1629
1885,Google Ads,Inbound SEO,369.38,2023-04-15,28.41,27841,512
1886,Google Ads,Cold Outbound,299.05,2023-04-16,14.24,16138,790
1887,Organic,Brand Awareness Q1,126.57,2023-04-16,10.55,46671,430
1888,Referral,Partner Referral,148.08,2023-04-16,6.44,6910,161
1889,Google Ads,Partner Referral,292.25,2023-04-16,36.53,11544,653
1890,Meta Ads,Inbound SEO,315.36,2023-04-16,14.33,29355,958
1891,Google Ads,Brand Awareness Q1,346.29,2023-04-16,18.23,31355,225
1892,Meta Ads,Product Launch,206.83,2023-04-16,8.99,45213,1328
1893,Direct,Cold Outbound,184.7,2023-04-17,9.72,11196,856
1894,Email,Cold Outbound,78.95,2023-04-17,3.29,41423,1490
1895,Direct,Summer Growth,192.45,2023-04-17,9.62,48255,1184
1896,Referral,Summer Growth,86.9,2023-04-17,4.83,7926,241
1897,Organic,Retargeting Wave,129.75,2023-04-17,11.8,10803,649
1898,LinkedIn,Inbound SEO,625.26,2023-04-17,36.78,27793,950
1899,Organic,End of Year Push,174.92,2023-04-18,7.95,5372,1940
1900,LinkedIn,Retargeting Wave,763.5,2023-04-18,76.35,38076,1875
1901,Direct,Partner Referral,168.24,2023-04-18,9.35,20833,1902
1902,Direct,Inbound SEO,165.47,2023-04-18,7.19,49014,1717
1903,Organic,Summer Growth,135.25,2023-04-18,13.53,32804,875
1904,Referral,Brand Awareness Q1,86.25,2023-04-18,4.31,7333,472
1905,LinkedIn,Summer Growth,462.87,2023-04-18,38.57,30118,486
1906,Meta Ads,Summer Growth,299.99,2023-04-18,13.64,11138,110
1907,Direct,Cold Outbound,196.48,2023-04-18,9.82,23939,1767
1908,Google Ads,Summer Growth,241.95,2023-04-18,24.2,44127,1636
1909,Referral,Inbound SEO,145.09,2023-04-18,8.53,9011,1649
1910,Google Ads,Cold Outbound,249.16,2023-04-18,9.97,10235,1794
1911,Google Ads,Retargeting Wave,259.68,2023-04-19,18.55,18275,1611
1912,LinkedIn,Summer Growth,556.03,2023-04-19,50.55,17111,1849
1913,Email,Retargeting Wave,79.03,2023-04-19,3.95,29106,345
1914,Google Ads,Product Launch,360.46,2023-04-19,30.04,15496,2000
1915,Referral,Retargeting Wave,125.1,2023-04-19,10.42,49150,200
1916,Referral,Retargeting Wave,109.59,2023-04-20,5.48,4092,509
1917,Meta Ads,Inbound SEO,312.9,2023-04-20,28.45,41650,1487
1918,Google Ads,Retargeting Wave,263.81,2023-04-20,12.56,26118,702
1919,Organic,Cold Outbound,170.73,2023-04-20,10.04,28332,576
1920,Google Ads,End of Year Push,361.8,2023-04-20,32.89,28887,1590
1921,Referral,Inbound SEO,120.63,2023-04-21,15.08,28690,119
1922,Referral,Retargeting Wave,125.19,2023-04-21,11.38,6799,1465
1923,Referral,Summer Growth,113.31,2023-04-21,7.55,42564,1430
1924,Google Ads,End of Year Push,308.05,2023-04-21,28.0,45300,74
1925,Direct,Brand Awareness Q1,154.33,2023-04-21,6.71,35596,927
1926,Meta Ads,Inbound SEO,275.83,2023-04-21,12.54,49500,819
1927,Organic,End of Year Push,153.45,2023-04-21,19.18,18475,268
1928,LinkedIn,Retargeting Wave,562.95,2023-04-21,33.11,32511,677
1929,Referral,Retargeting Wave,96.83,2023-04-22,6.46,24821,1390
1930,Referral,Cold Outbound,139.96,2023-04-22,9.33,28812,1604
1931,LinkedIn,Partner Referral,462.05,2023-04-22,19.25,24109,369
1932,Referral,End of Year Push,105.4,2023-04-22,10.54,44131,1706
1933,Referral,Inbound SEO,113.86,2023-04-22,12.65,17153,58
1934,Referral,Brand Awareness Q1,95.0,2023-04-22,9.5,49496,286
1935,Meta Ads,Cold Outbound,266.99,2023-04-22,16.69,42722,86
1936,LinkedIn,Brand Awareness Q1,575.46,2023-04-23,31.97,47965,1663
1937,LinkedIn,Inbound SEO,574.01,2023-04-23,24.96,37889,363
1938,Meta Ads,Cold Outbound,254.29,2023-04-23,21.19,26096,865
1939,Meta Ads,End of Year Push,235.54,2023-04-23,18.12,19375,207
1940,Google Ads,Summer Growth,341.67,2023-04-24,17.98,18155,122
1941,Referral,Partner Referral,130.47,2023-04-24,10.04,48975,1049
1942,Meta Ads,Brand Awareness Q1,304.87,2023-04-24,12.7,35413,1556
1943,LinkedIn,End of Year Push,468.87,2023-04-24,46.89,8543,357
1944,Direct,Cold Outbound,182.17,2023-04-24,10.12,39996,335
1945,Referral,Product Launch,90.4,2023-04-24,6.46,16321,216
1946,Organic,Cold Outbound,143.41,2023-04-25,11.95,23189,54
1947,Referral,End of Year Push,129.59,2023-04-25,5.4,23046,1981
1948,Referral,Partner Referral,110.02,2023-04-25,8.46,45658,993
1949,LinkedIn,Retargeting Wave,785.29,2023-04-25,78.53,12917,621
1950,Referral,Cold Outbound,114.78,2023-04-25,8.2,9935,462
1951,Google Ads,Cold Outbound,318.7,2023-04-25,19.92,12289,1909
1952,Referral,Retargeting Wave,127.34,2023-04-25,10.61,1277,1297
1953,Google Ads,End of Year Push,245.55,2023-04-25,10.68,17598,279
1954,Google Ads,Summer Growth,321.31,2023-04-26,18.9,9902,751
1955,Organic,Inbound SEO,171.57,2023-04-26,14.3,43956,1784
1956,Referral,Brand Awareness Q1,95.84,2023-04-26,5.04,24020,1461
1957,Referral,Cold Outbound,127.87,2023-04-26,5.56,40332,1689
1958,Direct,Partner Referral,160.69,2023-04-26,9.45,44501,1655
1959,Organic,Inbound SEO,132.65,2023-04-26,6.03,10262,505
1960,Meta Ads,Partner Referral,267.76,2023-04-27,26.78,8866,1243
1961,Organic,Summer Growth,134.36,2023-04-27,12.21,43734,1868
1962,LinkedIn,End of Year Push,533.78,2023-04-27,59.31,7506,110
1963,Meta Ads,Brand Awareness Q1,206.28,2023-04-27,15.87,17548,879
1964,Email,Retargeting Wave,76.74,2023-04-27,6.98,11675,482
1965,Organic,Product Launch,163.76,2023-04-27,10.92,11649,1906
1966,Organic,End of Year Push,149.05,2023-04-27,6.21,49822,708
1967,Referral,Cold Outbound,140.21,2023-04-27,15.58,47655,1228
1968,Google Ads,Summer Growth,333.56,2023-04-28,22.24,31959,74
1969,Email,Cold Outbound,118.5,2023-04-28,4.94,13941,1032
1970,LinkedIn,Summer Growth,493.36,2023-04-29,23.49,49036,1184
1971,Organic,Brand Awareness Q1,142.55,2023-04-29,5.94,927,1314
1972,Email,Cold Outbound,95.76,2023-04-29,9.58,24904,268
1973,LinkedIn,Cold Outbound,476.08,2023-04-29,19.04,20265,602
1974,LinkedIn,End of Year Push,640.56,2023-04-29,25.62,704,454
1975,Google Ads,Cold Outbound,284.53,2023-04-29,18.97,36133,302
1976,Organic,Cold Outbound,167.58,2023-04-29,18.62,44484,562
1977,Meta Ads,Retargeting Wave,235.4,2023-04-30,12.39,21023,681
1978,Organic,Brand Awareness Q1,171.38,2023-04-30,21.42,21528,1921
1979,Organic,Product Launch,141.36,2023-04-30,10.1,17788,1180
1980,LinkedIn,Brand Awareness Q1,683.5,2023-04-30,27.34,12243,1206
1981,LinkedIn,Inbound SEO,531.32,2023-05-01,59.04,9431,1543
1982,Direct,Cold Outbound,128.03,2023-05-01,5.12,11377,747
1983,Meta Ads,End of Year Push,283.08,2023-05-01,12.87,5097,810
1984,Google Ads,Inbound SEO,287.17,2023-05-01,19.14,14679,1572
1985,Organic,Partner Referral,166.31,2023-05-01,7.92,27769,1444
1986,Referral,Partner Referral,84.26,2023-05-01,6.02,15765,235
1987,Organic,Summer Growth,167.33,2023-05-01,7.97,46176,241
1988,Email,Inbound SEO,119.35,2023-05-01,6.63,49230,501
1989,Organic,End of Year Push,134.69,2023-05-02,12.24,12972,573
1990,LinkedIn,Cold Outbound,530.63,2023-05-02,53.06,31073,67
1991,Referral,End of Year Push,95.04,2023-05-02,11.88,27642,249
1992,Referral,Brand Awareness Q1,120.65,2023-05-02,15.08,19295,1933
1993,Google Ads,Cold Outbound,260.73,2023-05-02,21.73,6824,851
1994,Organic,Retargeting Wave,136.22,2023-05-02,11.35,20066,933
1995,Meta Ads,End of Year Push,310.43,2023-05-02,25.87,24105,1850
1996,Referral,Partner Referral,102.49,2023-05-02,5.69,9308,1228
1997,LinkedIn,End of Year Push,458.43,2023-05-03,22.92,29411,1328
1998,LinkedIn,Cold Outbound,495.28,2023-05-03,38.1,49523,1541
1999,Organic,Brand Awareness Q1,140.74,2023-05-03,9.38,21063,1474
2000,Email,Summer Growth,79.25,2023-05-03,3.77,35863,1810
2001,Referral,Retargeting Wave,145.39,2023-05-03,9.09,21591,941
2002,Google Ads,Summer Growth,352.65,2023-05-03,16.03,17771,652
2003,Email,Inbound SEO,62.02,2023-05-03,3.88,4139,1947
2004,Direct,Summer Growth,136.16,2023-05-03,7.17,45753,1413
2005,Google Ads,Retargeting Wave,317.5,2023-05-03,39.69,37460,1661
2006,Organic,Partner Referral,127.02,2023-05-03,5.52,21206,1281
2007,LinkedIn,Brand Awareness Q1,687.84,2023-05-03,85.98,5189,508
2008,Referral,Summer Growth,140.49,2023-05-04,8.26,2680,764
2009,LinkedIn,Partner Referral,638.6,2023-05-04,27.77,1752,1219
2010,Organic,Retargeting Wave,135.29,2023-05-04,6.44,24050,683
2011,Meta Ads,Brand Awareness Q1,180.78,2023-05-04,22.6,3134,1871
2012,Google Ads,Partner Referral,243.6,2023-05-04,15.22,24013,565
2013,LinkedIn,End of Year Push,584.77,2023-05-04,34.4,48459,1146
2014,Referral,Inbound SEO,104.57,2023-05-05,4.98,1740,627
2015,Email,Product Launch,93.1,2023-05-05,5.48,26472,920
2016,Organic,Brand Awareness Q1,146.61,2023-05-05,14.66,13110,1136
2017,Organic,Inbound SEO,148.23,2023-05-05,14.82,6344,1088
2018,Organic,Summer Growth,160.06,2023-05-05,8.0,23627,412
2019,LinkedIn,Summer Growth,580.5,2023-05-06,30.55,37602,725
2020,LinkedIn,Summer Growth,557.9,2023-05-06,30.99,1911,949
2021,Referral,Summer Growth,145.08,2023-05-06,6.31,17324,195
2022,LinkedIn,Cold Outbound,689.32,2023-05-06,29.97,47799,1404
2023,Google Ads,Summer Growth,270.19,2023-05-06,30.02,45771,1878
2024,Organic,End of Year Push,169.38,2023-05-06,15.4,38768,989
2025,Google Ads,Inbound SEO,249.27,2023-05-06,14.66,25125,254
2026,Google Ads,Retargeting Wave,280.64,2023-05-06,17.54,25385,1265
2027,Google Ads,Product Launch,298.48,2023-05-06,18.66,45273,681
2028,Organic,End of Year Push,159.86,2023-05-07,12.3,33824,1882
2029,Referral,End of Year Push,140.68,2023-05-07,6.39,41965,310
2030,Google Ads,Retargeting Wave,359.34,2023-05-07,15.62,47186,1269
2031,Referral,Cold Outbound,91.0,2023-05-07,5.06,38163,239
2032,LinkedIn,Retargeting Wave,543.15,2023-05-07,22.63,38199,676
2033,Organic,Retargeting Wave,120.3,2023-05-07,6.01,22766,1792
2034,Referral,Partner Referral,118.11,2023-05-07,7.87,38513,366
2035,LinkedIn,Cold Outbound,551.22,2023-05-07,22.05,1698,1368
2036,Direct,Cold Outbound,175.19,2023-05-07,8.76,44152,1357
2037,LinkedIn,Retargeting Wave,617.07,2023-05-07,26.83,13985,977
2038,Meta Ads,Retargeting Wave,225.03,2023-05-07,18.75,23477,278
2039,Meta Ads,Cold Outbound,299.7,2023-05-08,27.25,28251,309
2040,Referral,Retargeting Wave,120.02,2023-05-08,5.46,29022,1702
2041,Meta Ads,Partner Referral,239.51,2023-05-08,26.61,45855,1300
2042,Organic,End of Year Push,127.23,2023-05-08,6.7,11227,829
2043,Referral,End of Year Push,88.83,2023-05-08,8.08,29881,941
2044,Referral,Brand Awareness Q1,114.74,2023-05-08,4.78,23767,911
2045,Referral,Summer Growth,111.32,2023-05-09,13.91,41679,817
2046,Referral,End of Year Push,110.52,2023-05-09,5.26,32280,145
2047,LinkedIn,Cold Outbound,749.5,2023-05-09,32.59,32043,1927
2048,Referral,Brand Awareness Q1,87.77,2023-05-09,4.62,30009,1782
2049,Referral,Brand Awareness Q1,146.12,2023-05-09,12.18,24433,1998
2050,LinkedIn,Inbound SEO,694.02,2023-05-09,36.53,18987,574
2051,LinkedIn,Inbound SEO,462.52,2023-05-09,21.02,21718,320
2052,Google Ads,End of Year Push,398.94,2023-05-09,17.35,17430,1995
2053,Direct,Retargeting Wave,193.38,2023-05-09,10.18,22561,1550
2054,Google Ads,Cold Outbound,347.06,2023-05-10,17.35,49837,1428
2055,Google Ads,Inbound SEO,278.72,2023-05-10,17.42,12541,56
2056,LinkedIn,Brand Awareness Q1,794.0,2023-05-10,44.11,14643,1648
2057,Organic,Cold Outbound,146.96,2023-05-10,6.39,9068,1131
2058,LinkedIn,Product Launch,693.43,2023-05-10,30.15,25998,1221
2059,Google Ads,Cold Outbound,321.2,2023-05-10,35.69,47514,1187
2060,Meta Ads,Product Launch,218.18,2023-05-10,10.39,26916,96
2061,Organic,Brand Awareness Q1,175.51,2023-05-10,13.5,30953,941
2062,LinkedIn,Product Launch,557.18,2023-05-11,32.78,13380,1467
2063,Google Ads,Cold Outbound,249.06,2023-05-11,12.45,7224,935
2064,Google Ads,Cold Outbound,316.51,2023-05-11,13.19,17280,335
2065,Google Ads,Retargeting Wave,256.99,2023-05-11,25.7,38931,278
2066,Google Ads,Partner Referral,391.18,2023-05-11,21.73,1922,1800
2067,Referral,Product Launch,112.95,2023-05-11,6.28,40305,410
2068,Google Ads,Summer Growth,255.86,2023-05-12,13.47,28489,1305
2069,Meta Ads,Product Launch,188.68,2023-05-12,13.48,4004,1029
2070,LinkedIn,Summer Growth,457.4,2023-05-12,32.67,14639,1594
2071,Referral,Brand Awareness Q1,101.55,2023-05-12,8.46,14164,1989
2072,Referral,Product Launch,100.98,2023-05-13,4.81,38131,1812
2073,LinkedIn,Retargeting Wave,715.26,2023-05-13,42.07,6900,1180
2074,Organic,Inbound SEO,161.8,2023-05-13,14.71,8232,1370
2075,LinkedIn,Retargeting Wave,650.33,2023-05-13,30.97,17725,130
2076,Organic,Product Launch,179.46,2023-05-13,7.18,30787,1277
2077,Direct,Inbound SEO,126.32,2023-05-13,6.65,6784,218
2078,LinkedIn,End of Year Push,459.62,2023-05-13,30.64,37389,1716
2079,Direct,Inbound SEO,198.14,2023-05-14,9.91,28826,1442
2080,Google Ads,Product Launch,332.75,2023-05-14,23.77,38114,1990
2081,Direct,End of Year Push,182.71,2023-05-14,7.94,23912,1853
2082,Referral,Retargeting Wave,132.21,2023-05-14,10.17,35227,1075
2083,Google Ads,Cold Outbound,278.77,2023-05-14,18.58,20586,1335
2084,Meta Ads,Brand Awareness Q1,288.92,2023-05-14,19.26,1137,1721
2085,Email,Cold Outbound,70.76,2023-05-14,3.08,9454,1450
2086,Referral,End of Year Push,149.68,2023-05-14,14.97,26781,374
2087,Google Ads,Inbound SEO,391.81,2023-05-15,20.62,13467,373
2088,Google Ads,Product Launch,338.78,2023-05-15,21.17,43402,1347
2089,Google Ads,End of Year Push,363.84,2023-05-15,16.54,9909,858
2090,Direct,Cold Outbound,171.87,2023-05-15,11.46,48590,1094
2091,Referral,Retargeting Wave,116.85,2023-05-15,11.68,11737,1801
2092,Meta Ads,Product Launch,241.07,2023-05-15,10.04,32454,1033
2093,Google Ads,Partner Referral,366.15,2023-05-15,36.61,3908,653
2094,Organic,Product Launch,142.76,2023-05-15,7.14,41160,1676
2095,Google Ads,Retargeting Wave,269.22,2023-05-15,24.47,49236,698
2096,Meta Ads,Brand Awareness Q1,190.4,2023-05-16,15.87,1696,635
2097,Organic,Brand Awareness Q1,124.65,2023-05-16,5.67,7203,1210
2098,Organic,Retargeting Wave,155.71,2023-05-16,10.38,45619,558
2099,Meta Ads,Product Launch,318.37,2023-05-16,15.16,24382,946
2100,Meta Ads,Partner Referral,193.96,2023-05-16,12.93,23935,700
2101,Organic,Inbound SEO,154.95,2023-05-17,11.07,4635,1405
2102,Organic,Inbound SEO,172.94,2023-05-17,7.21,20301,806
2103,Google Ads,Summer Growth,374.94,2023-05-17,25.0,31770,167
2104,LinkedIn,Summer Growth,703.36,2023-05-17,31.97,18537,1211
2105,Organic,Cold Outbound,174.31,2023-05-17,9.17,27687,1998
2106,Organic,End of Year Push,149.98,2023-05-17,18.75,12616,1982
2107,Organic,Cold Outbound,175.99,2023-05-17,12.57,30197,486
2108,Organic,Brand Awareness Q1,155.73,2023-05-17,15.57,873,250
2109,LinkedIn,Product Launch,780.43,2023-05-17,37.16,10755,207
2110,Referral,Product Launch,148.56,2023-05-17,11.43,48077,1437
2111,Referral,Brand Awareness Q1,81.09,2023-05-18,3.86,5568,477
2112,Meta Ads,Partner Referral,226.85,2023-05-18,11.34,3973,400
2113,Direct,Summer Growth,131.31,2023-05-18,8.21,16854,749
2114,Meta Ads,Retargeting Wave,185.8,2023-05-18,8.08,5969,181
2115,Referral,Brand Awareness Q1,129.79,2023-05-18,14.42,20346,744
2116,Organic,End of Year Push,173.65,2023-05-18,17.37,46881,280
2117,Meta Ads,Partner Referral,225.92,2023-05-18,25.1,10402,1036
2118,Google Ads,Retargeting Wave,364.87,2023-05-19,15.86,32267,1293
2119,Google Ads,Inbound SEO,247.95,2023-05-19,15.5,33426,1775
2120,Referral,Inbound SEO,106.32,2023-05-19,4.62,23433,66
2121,Referral,Retargeting Wave,91.84,2023-05-20,4.59,17600,1600
2122,Organic,Retargeting Wave,155.44,2023-05-20,6.48,27699,1600
2123,Organic,Cold Outbound,163.73,2023-05-20,9.1,17398,1851
2124,Organic,Cold Outbound,151.09,2023-05-20,6.57,7667,1674
2125,Organic,Summer Growth,153.71,2023-05-20,7.69,4138,805
2126,Direct,Summer Growth,102.11,2023-05-20,4.44,44485,1659
2127,Referral,Cold Outbound,104.79,2023-05-21,11.64,36981,398
2128,Google Ads,Partner Referral,358.08,2023-05-21,19.89,3556,587
2129,Google Ads,Retargeting Wave,286.35,2023-05-21,17.9,49429,331
2130,LinkedIn,Product Launch,773.53,2023-05-21,38.68,32854,1669
2131,LinkedIn,Brand Awareness Q1,635.51,2023-05-21,33.45,3359,182
2132,Google Ads,Cold Outbound,259.82,2023-05-21,10.83,43617,900
2133,Email,Partner Referral,112.92,2023-05-22,4.71,17019,1847
2134,LinkedIn,Brand Awareness Q1,797.88,2023-05-22,46.93,9870,571
2135,Organic,Summer Growth,163.54,2023-05-22,9.62,10321,1840
2136,Direct,Partner Referral,100.56,2023-05-22,4.02,5650,949
2137,LinkedIn,Summer Growth,465.43,2023-05-22,29.09,14915,922
2138,Google Ads,End of Year Push,315.59,2023-05-22,14.34,26153,891
2139,LinkedIn,Inbound SEO,689.11,2023-05-22,43.07,8462,1822
2140,Meta Ads,Brand Awareness Q1,191.7,2023-05-22,23.96,32895,935
2141,Organic,Cold Outbound,161.27,2023-05-22,8.49,7766,1504
2142,LinkedIn,Brand Awareness Q1,758.2,2023-05-22,34.46,31515,1183
2143,Google Ads,Inbound SEO,321.1,2023-05-22,16.9,30420,944
2144,Organic,Cold Outbound,157.51,2023-05-23,6.85,3497,937
2145,Google Ads,Summer Growth,261.0,2023-05-23,20.08,12091,1183
2146,Referral,Summer Growth,100.96,2023-05-23,6.31,13954,71
2147,Direct,Product Launch,159.19,2023-05-23,14.47,24248,374
2148,Meta Ads,Inbound SEO,204.74,2023-05-23,8.9,35544,504
2149,Organic,Cold Outbound,177.22,2023-05-23,11.08,45596,161
2150,Referral,Summer Growth,127.45,2023-05-23,9.8,45521,1627
2151,Organic,Retargeting Wave,155.58,2023-05-23,9.15,45593,1002
2152,LinkedIn,Brand Awareness Q1,720.64,2023-05-23,72.06,12058,1424
2153,Referral,Partner Referral,103.96,2023-05-24,8.66,4486,1139
2154,Organic,Brand Awareness Q1,125.76,2023-05-24,5.03,35870,128
2155,Organic,Brand Awareness Q1,149.45,2023-05-24,14.94,26939,1841
2156,LinkedIn,Partner Referral,701.19,2023-05-24,46.75,30494,177
2157,Organic,Inbound SEO,142.3,2023-05-24,7.49,41312,266
2158,Google Ads,Partner Referral,302.63,2023-05-24,30.26,29047,1494
2159,Google Ads,Partner Referral,397.21,2023-05-24,20.91,36000,1810
2160,Google Ads,End of Year Push,379.76,2023-05-24,18.99,4061,321
2161,Referral,Partner Referral,97.04,2023-05-24,4.04,32493,435
2162,Direct,Product Launch,180.94,2023-05-24,13.92,21879,1838
2163,Google Ads,Brand Awareness Q1,247.36,2023-05-24,12.37,40768,599
2164,Organic,Cold Outbound,146.35,2023-05-25,10.45,43061,1815
2165,Meta Ads,End of Year Push,307.59,2023-05-25,18.09,8184,1595
2166,Organic,Brand Awareness Q1,123.05,2023-05-25,5.86,26026,710
2167,Meta Ads,End of Year Push,252.14,2023-05-25,16.81,2290,1599
2168,Organic,End of Year Push,145.84,2023-05-25,8.1,43105,1513
2169,Google Ads,Cold Outbound,353.43,2023-05-25,39.27,25653,615
2170,Meta Ads,End of Year Push,298.88,2023-05-25,12.99,24942,1327
2171,Referral,Cold Outbound,99.92,2023-05-25,11.1,42145,1750
2172,Direct,End of Year Push,174.76,2023-05-25,19.42,17723,1012
2173,Organic,Brand Awareness Q1,149.31,2023-05-25,11.49,30348,921
2174,Google Ads,End of Year Push,258.17,2023-05-25,32.27,45433,1983
2175,Referral,Brand Awareness Q1,102.44,2023-05-25,9.31,41340,1167
2176,Direct,Cold Outbound,132.78,2023-05-26,7.38,20080,1037
2177,Organic,Brand Awareness Q1,152.53,2023-05-26,6.1,19030,418
2178,Meta Ads,Product Launch,183.41,2023-05-26,7.64,11287,1076
2179,Google Ads,Product Launch,240.43,2023-05-27,12.65,21126,508
2180,Organic,Product Launch,142.23,2023-05-27,5.69,24140,199
2181,Google Ads,Brand Awareness Q1,299.17,2023-05-27,27.2,12855,724
2182,Organic,Summer Growth,148.09,2023-05-27,6.73,36732,1094
2183,Meta Ads,Inbound SEO,286.51,2023-05-27,35.81,47656,790
2184,Organic,Summer Growth,179.0,2023-05-28,7.46,42122,597
2185,Organic,Summer Growth,121.47,2023-05-28,7.15,7173,310
2186,Organic,Brand Awareness Q1,162.79,2023-05-28,7.08,17427,1344
2187,Direct,Inbound SEO,197.75,2023-05-28,19.77,22206,926
2188,Meta Ads,End of Year Push,307.99,2023-05-28,22.0,10594,1018
2189,Google Ads,Partner Referral,339.99,2023-05-29,13.6,37969,1879
2190,Direct,End of Year Push,126.52,2023-05-29,5.27,31004,1764
2191,LinkedIn,Product Launch,464.71,2023-05-29,24.46,12176,1792
2192,Organic,Brand Awareness Q1,122.91,2023-05-29,6.47,27551,456
2193,Google Ads,Summer Growth,247.26,2023-05-29,20.61,20270,1748
2194,Referral,Cold Outbound,88.62,2023-05-29,6.33,40460,1781
2195,Google Ads,Inbound SEO,253.85,2023-05-29,10.15,5055,1212
2196,Organic,Retargeting Wave,145.82,2023-05-29,10.42,28724,659
2197,Organic,End of Year Push,145.65,2023-05-29,14.57,43608,677
2198,Direct,Retargeting Wave,196.87,2023-05-29,10.36,28071,1180
2199,Referral,Inbound SEO,105.77,2023-05-29,9.62,19737,831
2200,LinkedIn,Summer Growth,726.42,2023-05-30,29.06,29843,1314
2201,Meta Ads,Partner Referral,247.05,2023-05-30,16.47,16219,1429
2202,Referral,Brand Awareness Q1,89.01,2023-05-30,5.56,10700,1709
2203,Referral,End of Year Push,96.85,2023-05-30,4.04,34916,1343
2204,Referral,Partner Referral,87.26,2023-05-30,10.91,10014,714
2205,Organic,Product Launch,163.58,2023-05-30,7.11,1558,579
2206,Organic,End of Year Push,166.69,2023-05-30,6.67,29042,1952
2207,Google Ads,Cold Outbound,322.42,2023-05-30,35.82,33244,1385
2208,Organic,Product Launch,122.57,2023-05-30,5.57,21109,1026
2209,LinkedIn,Partner Referral,662.09,2023-05-31,47.29,27587,1081
2210,Organic,Cold Outbound,132.31,2023-05-31,9.45,35228,168
2211,Referral,Product Launch,134.22,2023-05-31,9.59,12945,1858
2212,Referral,Brand Awareness Q1,119.5,2023-05-31,11.95,40392,1682
2213,Email,Retargeting Wave,92.52,2023-05-31,4.21,33267,153
2214,LinkedIn,Summer Growth,613.35,2023-05-31,25.56,45876,1938
2215,Google Ads,Partner Referral,256.69,2023-06-01,18.34,26961,992
2216,Meta Ads,Product Launch,317.93,2023-06-01,13.25,43027,1381
2217,Organic,Partner Referral,145.42,2023-06-01,18.18,1402,824
2218,Referral,Summer Growth,142.91,2023-06-02,10.99,32373,1254
2219,Organic,Product Launch,163.61,2023-06-02,8.61,11762,1164
2220,LinkedIn,Brand Awareness Q1,582.1,2023-06-02,27.72,36278,1639
2221,Organic,Product Launch,146.98,2023-06-02,11.31,41872,634
2222,Organic,Cold Outbound,156.67,2023-06-02,7.12,1049,494
2223,Organic,End of Year Push,153.46,2023-06-02,9.59,37119,1534
2224,Organic,Inbound SEO,152.76,2023-06-02,9.55,17369,1910
2225,Meta Ads,Brand Awareness Q1,243.85,2023-06-03,15.24,35495,555
2226,Organic,Inbound SEO,144.99,2023-06-03,5.8,25216,1929
2227,LinkedIn,Product Launch,770.6,2023-06-04,38.53,4424,424
2228,Organic,Brand Awareness Q1,124.21,2023-06-04,5.91,46587,915
2229,LinkedIn,Brand Awareness Q1,595.26,2023-06-04,33.07,42440,1290
2230,Referral,Retargeting Wave,113.36,2023-06-04,7.56,42465,99
2231,Meta Ads,Brand Awareness Q1,281.47,2023-06-04,20.11,29672,1123
2232,Organic,Inbound SEO,178.54,2023-06-04,11.9,29258,268
2233,Organic,Cold Outbound,164.1,2023-06-04,20.51,19330,1883
2234,Organic,Inbound SEO,167.19,2023-06-04,7.27,35923,1996
2235,LinkedIn,Cold Outbound,532.23,2023-06-04,38.02,47319,209
2236,Google Ads,Summer Growth,266.73,2023-06-05,11.6,44320,742
2237,Google Ads,Cold Outbound,262.0,2023-06-05,16.38,47856,566
2238,Organic,Cold Outbound,170.1,2023-06-05,6.8,10923,970
2239,Organic,Inbound SEO,168.43,2023-06-05,7.32,27271,940
2240,Organic,Brand Awareness Q1,151.67,2023-06-05,6.89,34634,611
2241,LinkedIn,Brand Awareness Q1,590.34,2023-06-06,53.67,22261,955
2242,Google Ads,Partner Referral,305.01,2023-06-06,25.42,8157,1278
2243,LinkedIn,Inbound SEO,620.02,2023-06-06,29.52,22975,1342
2244,Organic,Retargeting Wave,174.18,2023-06-06,14.52,17740,734
2245,Meta Ads,Cold Outbound,239.07,2023-06-06,18.39,40485,415
2246,Meta Ads,Cold Outbound,187.68,2023-06-06,14.44,9365,1521
2247,Google Ads,Brand Awareness Q1,338.54,2023-06-06,16.12,44160,98
2248,Organic,Retargeting Wave,179.34,2023-06-06,16.3,15420,1108
2249,Organic,End of Year Push,163.04,2023-06-06,6.52,27183,1424
2250,Meta Ads,End of Year Push,210.61,2023-06-06,17.55,13796,1758
2251,Meta Ads,Partner Referral,285.09,2023-06-06,23.76,10666,783
2252,LinkedIn,Partner Referral,538.51,2023-06-06,41.42,37396,894
2253,Referral,Brand Awareness Q1,148.81,2023-06-07,9.92,24119,872
2254,Google Ads,Brand Awareness Q1,282.99,2023-06-07,11.32,20957,461
2255,Meta Ads,Retargeting Wave,309.65,2023-06-07,23.82,27397,348
2256,Meta Ads,Brand Awareness Q1,267.77,2023-06-07,13.39,2561,157
2257,LinkedIn,Partner Referral,502.03,2023-06-07,23.91,19201,1801
2258,Google Ads,Partner Referral,372.47,2023-06-07,37.25,19160,1288
2259,Referral,Summer Growth,119.66,2023-06-07,14.96,3577,1273
2260,Organic,Inbound SEO,143.53,2023-06-07,8.44,22770,1980
2261,Google Ads,Brand Awareness Q1,355.24,2023-06-07,39.47,6797,1021
2262,Referral,Partner Referral,140.85,2023-06-08,11.74,43394,1555
2263,Referral,Product Launch,130.9,2023-06-08,16.36,42882,694
2264,Organic,Inbound SEO,162.85,2023-06-08,6.51,37895,1087
2265,Direct,End of Year Push,145.77,2023-06-08,16.2,33207,1634
2266,Direct,Partner Referral,115.78,2023-06-08,5.79,24978,1731
2267,Referral,Summer Growth,107.99,2023-06-09,12.0,49618,966
2268,Organic,Partner Referral,151.93,2023-06-09,15.19,8229,1716
2269,Meta Ads,Retargeting Wave,209.88,2023-06-09,26.23,42399,350
2270,Google Ads,Partner Referral,392.08,2023-06-09,24.5,12043,352
2271,Email,Retargeting Wave,119.64,2023-06-10,7.98,20823,1754
2272,Meta Ads,Partner Referral,222.92,2023-06-10,12.38,9684,1929
2273,Google Ads,Inbound SEO,349.73,2023-06-10,38.86,21463,444
2274,Google Ads,Retargeting Wave,382.2,2023-06-10,38.22,5853,892
2275,Organic,Inbound SEO,150.5,2023-06-10,10.75,47492,1767
2276,Email,Cold Outbound,117.24,2023-06-11,6.51,24037,1277
2277,LinkedIn,Inbound SEO,646.33,2023-06-11,49.72,4388,583
2278,LinkedIn,Inbound SEO,685.59,2023-06-11,52.74,35195,1560
2279,Referral,End of Year Push,144.18,2023-06-11,16.02,6986,867
2280,Direct,End of Year Push,127.38,2023-06-11,15.92,43679,554
2281,LinkedIn,Cold Outbound,798.7,2023-06-12,36.3,46696,621
2282,Google Ads,End of Year Push,363.93,2023-06-12,24.26,47526,347
2283,Meta Ads,Cold Outbound,223.27,2023-06-12,9.3,28587,1992
2284,Direct,Retargeting Wave,149.89,2023-06-12,16.65,19828,1804
2285,Referral,Product Launch,146.02,2023-06-12,9.13,42199,1353
2286,Referral,Cold Outbound,130.36,2023-06-12,10.86,48914,1699
2287,Meta Ads,Retargeting Wave,272.61,2023-06-12,24.78,37391,1678
2288,Organic,Summer Growth,147.04,2023-06-13,18.38,2609,1271
2289,Meta Ads,Retargeting Wave,258.27,2023-06-13,19.87,40713,1090
2290,Organic,Summer Growth,154.2,2023-06-13,7.71,42184,581
2291,Organic,Product Launch,127.72,2023-06-13,6.08,23797,1086
2292,Google Ads,Brand Awareness Q1,336.71,2023-06-13,25.9,19124,1106
2293,Meta Ads,Inbound SEO,180.25,2023-06-13,7.84,37446,1223
2294,Meta Ads,Retargeting Wave,230.63,2023-06-14,15.38,17834,1439
2295,Email,Inbound SEO,113.53,2023-06-14,10.32,43141,351
2296,Email,End of Year Push,73.38,2023-06-14,4.59,18537,164
2297,LinkedIn,Brand Awareness Q1,613.59,2023-06-14,25.57,1817,898
2298,Referral,End of Year Push,95.15,2023-06-14,5.29,40499,1378
2299,Google Ads,Cold Outbound,291.63,2023-06-14,11.67,49620,1654
2300,LinkedIn,Inbound SEO,544.32,2023-06-14,68.04,49155,1017
2301,Organic,Summer Growth,161.46,2023-06-14,13.46,34778,384
2302,Organic,Summer Growth,126.05,2023-06-14,9.7,26285,681
2303,LinkedIn,Summer Growth,483.13,2023-06-15,26.84,17279,587
2304,Referral,End of Year Push,148.23,2023-06-15,6.74,42157,983
2305,Organic,Brand Awareness Q1,123.49,2023-06-15,5.61,2147,1323
2306,Google Ads,Brand Awareness Q1,343.25,2023-06-15,17.16,9029,838
2307,LinkedIn,Partner Referral,514.93,2023-06-15,39.61,17235,1511
2308,LinkedIn,End of Year Push,717.04,2023-06-15,59.75,28510,735
2309,Meta Ads,Cold Outbound,180.46,2023-06-15,7.52,3945,572
2310,LinkedIn,End of Year Push,464.03,2023-06-15,21.09,40101,1943
2311,Meta Ads,Inbound SEO,249.25,2023-06-15,19.17,46399,1384
2312,Organic,Partner Referral,155.34,2023-06-16,11.1,25980,1208
2313,Referral,Retargeting Wave,136.75,2023-06-16,7.2,18660,598
2314,Organic,End of Year Push,160.73,2023-06-16,6.7,24245,976
2315,Email,Product Launch,113.42,2023-06-16,4.73,11351,868
2316,Referral,Brand Awareness Q1,131.97,2023-06-16,12.0,27986,1695
2317,Direct,Inbound SEO,110.47,2023-06-16,8.5,32066,1951
2318,Google Ads,Cold Outbound,376.36,2023-06-16,34.21,24166,1366
2319,Google Ads,End of Year Push,275.82,2023-06-16,27.58,42941,963
2320,Meta Ads,Summer Growth,288.37,2023-06-17,20.6,42518,661
2321,Referral,Partner Referral,103.06,2023-06-17,10.31,40887,1753
2322,Google Ads,Cold Outbound,255.16,2023-06-17,12.76,24143,1341
2323,Organic,Brand Awareness Q1,126.75,2023-06-17,15.84,3340,401
2324,Meta Ads,Inbound SEO,239.38,2023-06-17,9.97,44430,1924
2325,Referral,Brand Awareness Q1,141.45,2023-06-17,17.68,23505,297
2326,LinkedIn,End of Year Push,779.8,2023-06-17,32.49,43219,159
2327,Referral,End of Year Push,134.99,2023-06-17,12.27,40743,1483
2328,Organic,Cold Outbound,174.02,2023-06-17,8.7,39695,476
2329,Organic,Product Launch,153.38,2023-06-18,6.67,19307,1433
2330,Referral,Product Launch,106.94,2023-06-18,8.23,26401,1915
2331,Meta Ads,Inbound SEO,265.54,2023-06-18,18.97,6322,207
2332,LinkedIn,Retargeting Wave,571.77,2023-06-18,40.84,35827,1057
2333,Organic,Cold Outbound,159.38,2023-06-18,8.85,29733,1284
2334,Organic,Retargeting Wave,125.82,2023-06-18,7.86,43369,1296
2335,Google Ads,Summer Growth,365.28,2023-06-19,18.26,43738,603
2336,Google Ads,Partner Referral,348.57,2023-06-19,26.81,41983,588
2337,LinkedIn,Brand Awareness Q1,643.5,2023-06-19,53.62,32819,964
2338,Direct,Inbound SEO,107.45,2023-06-19,4.88,15476,1413
2339,LinkedIn,Brand Awareness Q1,634.78,2023-06-19,28.85,4352,706
2340,LinkedIn,Product Launch,763.49,2023-06-19,40.18,6311,1373
2341,Direct,End of Year Push,179.03,2023-06-19,17.9,43296,1138
2342,Google Ads,Brand Awareness Q1,260.89,2023-06-20,11.34,23773,1235
2343,Organic,Inbound SEO,136.67,2023-06-20,6.51,28656,1998
2344,Direct,Partner Referral,161.92,2023-06-20,7.36,45477,820
2345,Referral,Inbound SEO,147.8,2023-06-20,16.42,47448,603
2346,Organic,Summer Growth,179.69,2023-06-20,22.46,12648,853
2347,LinkedIn,Partner Referral,569.76,2023-06-20,33.52,30740,808
2348,Google Ads,Partner Referral,342.78,2023-06-20,18.04,49393,987
2349,Referral,Cold Outbound,130.76,2023-06-20,5.69,20217,221
2350,Referral,Partner Referral,103.63,2023-06-21,4.32,21761,1308
2351,Organic,Product Launch,165.14,2023-06-21,11.01,16468,161
2352,LinkedIn,Partner Referral,553.94,2023-06-21,42.61,8186,686
2353,LinkedIn,Partner Referral,672.76,2023-06-21,61.16,25089,1997
2354,Referral,Cold Outbound,95.42,2023-06-21,6.36,1331,709
2355,Organic,Retargeting Wave,172.51,2023-06-21,13.27,36097,1271
2356,Organic,Summer Growth,149.44,2023-06-21,7.12,10260,1235
2357,Organic,Partner Referral,176.07,2023-06-21,16.01,23543,1826
2358,Organic,Brand Awareness Q1,126.69,2023-06-22,6.03,26588,299
2359,Google Ads,Partner Referral,248.73,2023-06-22,11.31,4280,729
2360,Meta Ads,Summer Growth,217.69,2023-06-22,9.89,43551,1770
2361,Meta Ads,Cold Outbound,299.68,2023-06-22,13.62,40397,932
2362,LinkedIn,Retargeting Wave,486.37,2023-06-22,23.16,29543,116
2363,Meta Ads,Brand Awareness Q1,267.07,2023-06-22,10.68,30724,605
2364,LinkedIn,Product Launch,739.59,2023-06-22,61.63,40154,1817
2365,Direct,Cold Outbound,121.9,2023-06-22,4.88,34387,686
2366,LinkedIn,Product Launch,608.31,2023-06-22,38.02,14707,982
2367,Google Ads,Partner Referral,304.52,2023-06-22,12.18,45494,932
2368,Email,Retargeting Wave,86.82,2023-06-23,3.62,12781,1972
2369,LinkedIn,Brand Awareness Q1,454.27,2023-06-23,20.65,4746,1891
2370,Google Ads,Inbound SEO,318.1,2023-06-23,16.74,1545,286
2371,Referral,End of Year Push,93.61,2023-06-23,4.68,30143,1806
2372,Organic,Summer Growth,159.47,2023-06-23,8.86,25525,963
2373,Referral,Summer Growth,116.53,2023-06-23,7.28,1664,1147
2374,Organic,Retargeting Wave,152.08,2023-06-23,7.6,20723,1971
2375,LinkedIn,Summer Growth,740.45,2023-06-23,49.36,29950,213
2376,Google Ads,Retargeting Wave,292.17,2023-06-23,22.47,44010,1709
2377,Referral,Inbound SEO,126.25,2023-06-23,6.01,42356,532
2378,Meta Ads,End of Year Push,255.42,2023-06-23,23.22,43338,1749
2379,LinkedIn,Summer Growth,577.6,2023-06-24,38.51,25482,1703
2380,Meta Ads,Retargeting Wave,183.28,2023-06-24,8.33,39437,148
2381,Google Ads,Retargeting Wave,357.39,2023-06-24,22.34,4431,1626
2382,Google Ads,Summer Growth,368.87,2023-06-24,20.49,6938,1288
2383,Referral,Product Launch,123.14,2023-06-24,5.35,37182,1206
2384,Referral,Summer Growth,149.98,2023-06-24,11.54,28943,1667
2385,Referral,Brand Awareness Q1,121.76,2023-06-24,5.07,28415,1438
2386,Organic,Summer Growth,145.36,2023-06-24,8.55,20704,1811
2387,Organic,Partner Referral,173.79,2023-06-24,8.69,6792,260
2388,Meta Ads,Product Launch,245.32,2023-06-25,15.33,11194,54
2389,Google Ads,Brand Awareness Q1,378.47,2023-06-25,15.14,2452,751
2390,LinkedIn,Inbound SEO,710.41,2023-06-25,28.42,10564,623
2391,Email,Cold Outbound,60.7,2023-06-25,2.64,47141,1451
2392,Meta Ads,Cold Outbound,278.31,2023-06-25,21.41,19169,63
2393,Organic,Summer Growth,123.52,2023-06-26,6.5,4727,1578
2394,Referral,Summer Growth,140.54,2023-06-26,6.39,23276,1257
2395,Meta Ads,Product Launch,240.93,2023-06-26,14.17,40527,672
2396,LinkedIn,Retargeting Wave,613.89,2023-06-26,55.81,40478,603
2397,Meta Ads,End of Year Push,297.99,2023-06-27,22.92,24282,204
2398,Meta Ads,Brand Awareness Q1,185.31,2023-06-27,15.44,26944,525
2399,Organic,Product Launch,175.94,2023-06-27,14.66,29536,1932
2400,Referral,Cold Outbound,128.82,2023-06-27,14.31,35332,720
2401,Meta Ads,Product Launch,299.05,2023-06-27,14.24,33671,402
2402,Organic,Inbound SEO,159.52,2023-06-27,8.4,17796,456
2403,LinkedIn,Product Launch,539.62,2023-06-28,53.96,16296,1120
2404,LinkedIn,Inbound SEO,491.02,2023-06-28,27.28,31779,880
2405,LinkedIn,Inbound SEO,722.54,2023-06-28,65.69,14309,1325
2406,Meta Ads,Inbound SEO,305.01,2023-06-28,20.33,10795,1904
2407,Direct,Brand Awareness Q1,147.06,2023-06-28,6.13,14636,1298
2408,Meta Ads,Inbound SEO,196.44,2023-06-28,15.11,21456,356
2409,LinkedIn,Product Launch,701.08,2023-06-28,43.82,15883,564
2410,LinkedIn,End of Year Push,483.6,2023-06-28,25.45,49138,1038
2411,Referral,Inbound SEO,142.01,2023-06-28,6.76,11364,1179
2412,Organic,End of Year Push,131.84,2023-06-28,6.94,1745,75
2413,Google Ads,Inbound SEO,281.44,2023-06-28,15.64,47714,1121
2414,Organic,Product Launch,173.6,2023-06-28,10.21,3230,1024
2415,Referral,Partner Referral,117.87,2023-06-28,9.07,24441,1554
2416,Google Ads,Product Launch,310.51,2023-06-29,22.18,48507,1584
2417,Meta Ads,Product Launch,287.26,2023-06-29,15.12,33703,1999
2418,Meta Ads,Brand Awareness Q1,210.46,2023-06-29,8.77,4464,802
2419,Google Ads,Product Launch,261.28,2023-06-29,12.44,9911,1597
2420,Organic,Summer Growth,162.4,2023-06-29,7.73,30658,814
2421,Referral,Inbound SEO,84.45,2023-06-30,6.03,9391,1352
2422,Direct,End of Year Push,174.73,2023-06-30,10.28,6755,1748
2423,Direct,Cold Outbound,128.56,2023-06-30,5.59,22616,1600
2424,Google Ads,Partner Referral,351.67,2023-06-30,25.12,48741,1048
2425,Organic,Cold Outbound,179.23,2023-06-30,22.4,34907,113
2426,Referral,Inbound SEO,128.32,2023-06-30,8.55,33653,427
2427,Meta Ads,Summer Growth,261.67,2023-06-30,20.13,46667,357
2428,LinkedIn,Partner Referral,721.81,2023-07-01,40.1,30181,1458
2429,LinkedIn,Cold Outbound,745.76,2023-07-01,37.29,18183,1701
2430,Google Ads,Inbound SEO,258.2,2023-07-01,12.91,10637,1973
2431,Organic,End of Year Push,120.72,2023-07-01,7.54,27228,1752
2432,Google Ads,Product Launch,283.01,2023-07-01,14.15,8496,479
2433,Meta Ads,Partner Referral,242.66,2023-07-01,26.96,48268,935
2434,Meta Ads,End of Year Push,291.64,2023-07-01,18.23,22773,202
2435,Organic,End of Year Push,143.06,2023-07-02,5.96,47714,361
2436,LinkedIn,Product Launch,474.71,2023-07-02,19.78,48382,823
2437,Organic,Cold Outbound,161.64,2023-07-02,6.73,24961,1485
2438,Meta Ads,Brand Awareness Q1,291.83,2023-07-02,19.46,28124,1383
2439,Organic,Partner Referral,120.75,2023-07-02,6.71,43186,1382
2440,Referral,Inbound SEO,143.9,2023-07-02,15.99,45495,1240
2441,Google Ads,Product Launch,288.01,2023-07-02,20.57,21412,394
2442,Meta Ads,Brand Awareness Q1,256.48,2023-07-02,10.26,34213,1605
2443,Referral,Brand Awareness Q1,145.52,2023-07-03,6.06,4995,237
2444,Referral,Summer Growth,80.25,2023-07-03,4.72,39548,1574
2445,Organic,Partner Referral,177.53,2023-07-03,22.19,16522,1647
2446,Email,Inbound SEO,90.68,2023-07-03,3.63,43907,1085
2447,Google Ads,Retargeting Wave,365.13,2023-07-03,26.08,32479,325
2448,Referral,Product Launch,138.83,2023-07-03,6.61,47289,1505
2449,Meta Ads,Partner Referral,249.41,2023-07-03,17.82,37139,1650
2450,Direct,Summer Growth,177.58,2023-07-03,17.76,45323,1938
2451,Meta Ads,End of Year Push,292.14,2023-07-04,12.17,19966,1480
2452,Organic,Cold Outbound,166.27,2023-07-04,7.23,22090,1629
2453,Google Ads,Retargeting Wave,354.56,2023-07-04,27.27,8183,1187
2454,Organic,Brand Awareness Q1,165.55,2023-07-04,16.55,34946,1787
2455,LinkedIn,Product Launch,547.75,2023-07-04,54.77,47253,1468
2456,Referral,Product Launch,87.34,2023-07-04,4.37,23883,1317
2457,LinkedIn,Brand Awareness Q1,558.21,2023-07-04,39.87,4252,318
2458,LinkedIn,Summer Growth,487.41,2023-07-04,21.19,35091,282
2459,Google Ads,Retargeting Wave,360.19,2023-07-04,27.71,46588,550
2460,Referral,Inbound SEO,114.58,2023-07-04,4.77,36180,1179
2461,Organic,Inbound SEO,124.76,2023-07-04,9.6,2084,898
2462,Organic,Summer Growth,171.42,2023-07-04,8.57,23048,316
2463,Referral,Partner Referral,91.72,2023-07-04,9.17,36756,1869
2464,Meta Ads,Inbound SEO,181.36,2023-07-04,12.09,6848,1963
2465,Organic,Summer Growth,178.41,2023-07-04,8.11,39950,1399
2466,Referral,Summer Growth,133.04,2023-07-04,8.87,26514,1826
2467,LinkedIn,Brand Awareness Q1,504.64,2023-07-04,50.46,14611,1406
2468,Google Ads,Brand Awareness Q1,245.12,2023-07-04,9.8,6461,1755
2469,Meta Ads,Retargeting Wave,180.68,2023-07-04,9.03,40878,843
2470,Organic,Partner Referral,162.27,2023-07-05,18.03,31002,1064
2471,Organic,Brand Awareness Q1,149.46,2023-07-05,8.79,24385,149
2472,LinkedIn,Brand Awareness Q1,649.99,2023-07-05,30.95,48722,1775
2473,Referral,Inbound SEO,128.29,2023-07-05,8.55,16292,473
2474,Google Ads,Partner Referral,257.93,2023-07-06,19.84,28104,320
2475,Google Ads,Retargeting Wave,250.92,2023-07-06,15.68,25263,1971
2476,Organic,Inbound SEO,134.66,2023-07-06,13.47,48290,1990
2477,Google Ads,Product Launch,273.11,2023-07-06,34.14,39276,860
2478,Google Ads,Product Launch,248.82,2023-07-06,14.64,507,1028
2479,Google Ads,End of Year Push,342.04,2023-07-06,19.0,37663,1343
2480,LinkedIn,End of Year Push,595.21,2023-07-06,39.68,37427,152
2481,Organic,Inbound SEO,143.03,2023-07-06,6.22,18715,460
2482,Organic,Inbound SEO,126.07,2023-07-07,5.25,1773,1488
2483,Organic,Retargeting Wave,167.72,2023-07-07,15.25,26180,340
2484,LinkedIn,Brand Awareness Q1,620.85,2023-07-07,62.09,47251,685
2485,Google Ads,Summer Growth,278.59,2023-07-08,17.41,26146,792
2486,Organic,Brand Awareness Q1,169.82,2023-07-08,11.32,38350,573
2487,Referral,Inbound SEO,143.28,2023-07-08,7.54,33980,1517
2488,LinkedIn,Retargeting Wave,701.5,2023-07-08,35.08,49186,638
2489,LinkedIn,Summer Growth,470.53,2023-07-08,58.82,9704,487
2490,Organic,Inbound SEO,125.7,2023-07-08,11.43,39824,1119
2491,Meta Ads,Partner Referral,264.56,2023-07-08,33.07,39417,279
2492,Referral,Brand Awareness Q1,133.59,2023-07-08,6.07,23014,295
2493,Direct,Product Launch,174.3,2023-07-09,8.71,30743,1019
2494,LinkedIn,Retargeting Wave,730.84,2023-07-09,36.54,6669,1863
2495,Google Ads,Product Launch,265.52,2023-07-09,11.06,41610,1987
2496,Google Ads,Partner Referral,271.4,2023-07-09,14.28,28351,1151
2497,Referral,Cold Outbound,140.93,2023-07-09,10.84,1165,341
2498,Referral,Cold Outbound,98.0,2023-07-09,9.8,2457,1746
2499,Organic,Inbound SEO,166.98,2023-07-09,11.13,19132,1049
2500,Google Ads,Retargeting Wave,287.26,2023-07-10,16.9,9849,1529
2501,Direct,Cold Outbound,186.05,2023-07-10,16.91,45472,1907
2502,Meta Ads,Retargeting Wave,241.3,2023-07-10,13.41,14779,181
2503,Referral,Inbound SEO,105.43,2023-07-10,5.55,1504,1196
2504,Direct,Brand Awareness Q1,104.97,2023-07-10,5.0,47613,1243
2505,Google Ads,Inbound SEO,315.28,2023-07-10,15.01,17164,326
2506,Referral,Retargeting Wave,128.15,2023-07-10,9.15,27555,1338
2507,Organic,Brand Awareness Q1,177.24,2023-07-10,7.39,10952,584
2508,Google Ads,Summer Growth,343.2,2023-07-10,21.45,47015,931
2509,LinkedIn,Product Launch,604.68,2023-07-10,43.19,27916,62
2510,Google Ads,Brand Awareness Q1,257.98,2023-07-10,12.28,1335,392
2511,Organic,Inbound SEO,130.19,2023-07-10,9.3,43802,1398
2512,Organic,Summer Growth,135.28,2023-07-10,6.15,28107,431
2513,Email,Inbound SEO,92.76,2023-07-10,5.46,5039,1057
2514,Google Ads,Summer Growth,348.63,2023-07-11,17.43,16708,969
2515,LinkedIn,Retargeting Wave,572.85,2023-07-11,22.91,11295,1183
2516,Organic,End of Year Push,131.28,2023-07-11,9.38,49989,1786
2517,LinkedIn,Summer Growth,592.14,2023-07-11,74.02,36097,385
2518,Referral,Inbound SEO,109.63,2023-07-11,5.22,7649,329
2519,Referral,Partner Referral,134.7,2023-07-11,7.92,25827,618
2520,LinkedIn,Cold Outbound,742.85,2023-07-11,37.14,17520,999
2521,Meta Ads,Product Launch,229.78,2023-07-11,12.77,3628,1186
2522,Google Ads,Summer Growth,296.48,2023-07-11,17.44,16740,1676
2523,Email,Product Launch,117.9,2023-07-11,6.21,31204,1857
2524,Organic,Product Launch,154.81,2023-07-12,6.45,28806,295
2525,Organic,Inbound SEO,151.26,2023-07-12,13.75,16941,538
2526,Meta Ads,Inbound SEO,300.17,2023-07-12,16.68,9737,72
2527,Organic,Partner Referral,176.33,2023-07-12,9.8,37489,291
2528,Meta Ads,Brand Awareness Q1,315.03,2023-07-12,16.58,12668,1135
2529,Referral,Brand Awareness Q1,136.65,2023-07-12,7.59,13263,80
2530,Email,Brand Awareness Q1,89.34,2023-07-12,3.57,15244,1712
2531,Organic,Retargeting Wave,153.72,2023-07-12,19.21,7355,1560
2532,Google Ads,Partner Referral,315.96,2023-07-13,26.33,46116,1460
2533,Referral,Summer Growth,120.72,2023-07-13,15.09,22020,76
2534,Referral,Cold Outbound,141.68,2023-07-13,15.74,39944,774
2535,Email,Retargeting Wave,77.59,2023-07-13,4.08,46811,618
2536,Organic,Summer Growth,146.19,2023-07-13,8.6,16702,1094
2537,Meta Ads,End of Year Push,240.76,2023-07-13,9.63,42673,675
2538,Organic,Inbound SEO,166.3,2023-07-13,8.75,27576,1064
2539,Google Ads,Cold Outbound,290.31,2023-07-14,22.33,37409,822
2540,Organic,Product Launch,144.54,2023-07-14,6.28,14815,392
2541,Direct,Cold Outbound,194.78,2023-07-14,21.64,12994,1435
2542,Referral,Brand Awareness Q1,123.11,2023-07-14,6.84,27308,880
2543,Referral,Summer Growth,127.83,2023-07-14,7.99,4621,1453
2544,Organic,Cold Outbound,131.47,2023-07-14,6.57,34471,1385
2545,Referral,Cold Outbound,90.52,2023-07-14,4.53,46058,1170
2546,Organic,Partner Referral,157.98,2023-07-14,17.55,23714,1709
2547,LinkedIn,Summer Growth,480.36,2023-07-14,20.89,987,377
2548,LinkedIn,End of Year Push,515.13,2023-07-14,24.53,49609,542
2549,Google Ads,End of Year Push,356.62,2023-07-15,16.21,16843,1143
2550,Organic,Summer Growth,133.07,2023-07-15,5.54,17722,444
2551,Google Ads,Cold Outbound,270.15,2023-07-15,24.56,29168,1585
2552,Meta Ads,Summer Growth,237.97,2023-07-15,21.63,49025,637
2553,Meta Ads,Product Launch,309.53,2023-07-15,38.69,29678,469
2554,Google Ads,End of Year Push,326.19,2023-07-15,17.17,20949,297
2555,Google Ads,Inbound SEO,394.27,2023-07-15,18.77,20509,975
2556,Direct,Summer Growth,198.98,2023-07-16,18.09,26480,1098
2557,Meta Ads,Partner Referral,262.94,2023-07-16,13.15,15664,1019
2558,LinkedIn,Retargeting Wave,456.59,2023-07-16,30.44,36467,448
2559,Organic,Inbound SEO,137.89,2023-07-16,6.0,33733,1556
2560,Email,Inbound SEO,66.24,2023-07-16,3.15,1140,1113
2561,Meta Ads,Retargeting Wave,186.61,2023-07-16,18.66,33809,1450
2562,LinkedIn,Product Launch,712.87,2023-07-16,41.93,19134,1991
2563,Google Ads,Product Launch,354.5,2023-07-16,16.88,4799,1007
2564,Organic,Brand Awareness Q1,161.55,2023-07-17,6.46,30483,495
2565,Referral,End of Year Push,110.38,2023-07-17,11.04,17664,1205
2566,Organic,Summer Growth,125.62,2023-07-17,8.97,30084,1915
2567,Organic,End of Year Push,129.1,2023-07-17,5.38,49286,64
2568,Google Ads,End of Year Push,241.08,2023-07-17,30.14,42586,1124
2569,Referral,Summer Growth,96.09,2023-07-17,9.61,26835,636
2570,Meta Ads,Product Launch,215.71,2023-07-17,9.38,13449,1198
2571,LinkedIn,Summer Growth,592.49,2023-07-17,42.32,15826,1946
2572,LinkedIn,Product Launch,677.14,2023-07-17,29.44,46086,1649
2573,Meta Ads,Inbound SEO,258.16,2023-07-17,13.59,14101,1399
2574,Meta Ads,End of Year Push,231.11,2023-07-17,25.68,11962,230
2575,Organic,Partner Referral,149.2,2023-07-17,16.58,43207,538
2576,Organic,Cold Outbound,138.65,2023-07-17,5.78,30323,876
2577,Organic,Retargeting Wave,150.65,2023-07-17,18.83,31438,377
2578,Google Ads,Retargeting Wave,350.55,2023-07-17,14.61,33845,195
2579,Organic,End of Year Push,161.69,2023-07-18,16.17,27857,1034
2580,Meta Ads,End of Year Push,204.31,2023-07-18,9.29,40449,1347
2581,Organic,Inbound SEO,158.89,2023-07-18,10.59,4292,1641
2582,Meta Ads,Product Launch,201.74,2023-07-18,9.17,42852,1108
2583,Organic,Inbound SEO,145.54,2023-07-18,9.7,39399,698
2584,Organic,Product Launch,166.44,2023-07-18,11.1,11925,137
2585,Google Ads,Partner Referral,341.17,2023-07-18,31.02,45006,225
2586,Google Ads,Product Launch,367.96,2023-07-18,24.53,3906,1724
2587,LinkedIn,Brand Awareness Q1,624.4,2023-07-18,62.44,45010,1229
2588,Google Ads,Summer Growth,318.59,2023-07-18,19.91,46621,208
2589,Referral,Brand Awareness Q1,119.3,2023-07-18,7.46,19823,946
2590,Organic,Product Launch,179.07,2023-07-18,19.9,37320,462
2591,Referral,Cold Outbound,88.97,2023-07-18,5.23,33516,725
2592,Google Ads,Cold Outbound,274.25,2023-07-19,10.97,42871,1189
2593,Google Ads,End of Year Push,251.24,2023-07-19,20.94,30128,990
2594,Direct,Partner Referral,102.53,2023-07-20,7.32,40556,1844
2595,LinkedIn,Summer Growth,566.14,2023-07-20,37.74,27215,1191
2596,Meta Ads,Partner Referral,261.5,2023-07-20,13.76,31597,647
2597,Organic,Retargeting Wave,144.77,2023-07-20,9.65,27711,878
2598,Direct,End of Year Push,124.37,2023-07-20,5.41,49084,1758
2599,Referral,Summer Growth,109.15,2023-07-20,4.55,18349,774
2600,Organic,Cold Outbound,148.91,2023-07-20,6.47,34878,791
2601,Meta Ads,Retargeting Wave,276.32,2023-07-20,15.35,33602,528
2602,Google Ads,End of Year Push,325.72,2023-07-21,14.81,19612,689
2603,Meta Ads,Product Launch,259.18,2023-07-21,18.51,41097,1865
2604,Email,Product Launch,62.25,2023-07-22,3.89,17996,714
2605,Organic,Partner Referral,141.08,2023-07-22,6.13,42471,177
2606,Organic,Product Launch,179.17,2023-07-22,9.95,39016,1187
2607,Meta Ads,Partner Referral,190.03,2023-07-22,17.28,47901,56
2608,Direct,Partner Referral,143.82,2023-07-22,10.27,11106,1256
2609,Google Ads,Brand Awareness Q1,275.65,2023-07-22,16.21,14516,1055
2610,Google Ads,Partner Referral,340.02,2023-07-22,13.6,1129,1099
2611,LinkedIn,Summer Growth,561.59,2023-07-22,70.2,34841,896
2612,Referral,Cold Outbound,87.12,2023-07-22,10.89,33007,1786
2613,LinkedIn,End of Year Push,625.85,2023-07-22,62.59,15895,311
2614,LinkedIn,Cold Outbound,461.3,2023-07-23,24.28,39038,645
2615,Organic,Summer Growth,174.11,2023-07-23,8.71,24976,968
2616,Google Ads,Retargeting Wave,291.09,2023-07-23,12.13,25274,484
2617,LinkedIn,Brand Awareness Q1,644.34,2023-07-23,28.01,44385,1582
2618,Referral,Partner Referral,134.9,2023-07-23,14.99,22610,694
2619,Meta Ads,Retargeting Wave,253.27,2023-07-23,23.02,3828,1221
2620,Google Ads,Partner Referral,364.61,2023-07-23,18.23,8130,885
2621,Referral,Summer Growth,136.29,2023-07-23,7.57,13192,212
2622,Google Ads,Product Launch,304.94,2023-07-23,17.94,19628,1470
2623,Google Ads,Summer Growth,336.13,2023-07-24,14.01,6045,650
2624,Organic,Partner Referral,165.55,2023-07-24,7.53,22005,988
2625,Google Ads,Retargeting Wave,366.73,2023-07-24,18.34,1594,837
2626,Meta Ads,Product Launch,217.57,2023-07-24,10.36,1902,813
2627,Organic,Product Launch,172.26,2023-07-24,10.13,40345,1492
2628,Meta Ads,Partner Referral,240.93,2023-07-24,12.05,48074,152
2629,Meta Ads,Summer Growth,289.4,2023-07-24,12.06,31056,1601
2630,Google Ads,Retargeting Wave,328.96,2023-07-24,29.91,19448,1359
2631,Organic,End of Year Push,145.14,2023-07-24,8.54,35000,961
2632,Google Ads,Partner Referral,256.85,2023-07-24,23.35,37446,1851
2633,Organic,Brand Awareness Q1,147.01,2023-07-24,11.31,10865,1391
2634,LinkedIn,Brand Awareness Q1,662.56,2023-07-24,38.97,19787,491
2635,Direct,Product Launch,107.02,2023-07-24,10.7,13430,612
2636,Email,Inbound SEO,102.78,2023-07-24,4.67,40257,1300
2637,Meta Ads,Cold Outbound,308.76,2023-07-25,23.75,22955,871
2638,Google Ads,Cold Outbound,376.31,2023-07-25,31.36,16853,167
2639,Google Ads,Partner Referral,273.56,2023-07-25,14.4,29777,1818
2640,Meta Ads,Summer Growth,207.73,2023-07-25,10.93,7653,1662
2641,Organic,Partner Referral,125.94,2023-07-25,5.48,30347,1039
2642,Direct,Inbound SEO,199.68,2023-07-25,14.26,49218,313
2643,LinkedIn,Partner Referral,496.41,2023-07-25,21.58,14794,1008
2644,Organic,Inbound SEO,145.3,2023-07-25,8.07,30092,1243
2645,Email,Brand Awareness Q1,108.54,2023-07-26,6.38,22420,590
2646,LinkedIn,Retargeting Wave,772.9,2023-07-26,45.46,13828,1196
2647,Direct,Partner Referral,152.83,2023-07-26,6.95,26955,1220
2648,Google Ads,Partner Referral,259.37,2023-07-26,12.97,32409,602
2649,Referral,Partner Referral,116.46,2023-07-26,14.56,34536,1618
2650,Meta Ads,Summer Growth,239.34,2023-07-26,14.08,8508,1154
2651,LinkedIn,Brand Awareness Q1,563.24,2023-07-26,33.13,40470,158
2652,LinkedIn,Retargeting Wave,726.48,2023-07-26,33.02,18773,431
2653,Meta Ads,Inbound SEO,243.38,2023-07-26,14.32,18371,753
2654,LinkedIn,Partner Referral,618.15,2023-07-26,61.81,4491,1282
2655,Google Ads,Product Launch,313.61,2023-07-26,12.54,31646,617
2656,Direct,Summer Growth,145.64,2023-07-26,9.71,40539,303
2657,Direct,Brand Awareness Q1,138.18,2023-07-26,9.21,29914,1168
2658,Organic,Brand Awareness Q1,153.53,2023-07-27,10.24,21087,897
2659,Meta Ads,Summer Growth,263.77,2023-07-27,32.97,37188,1385
2660,LinkedIn,Cold Outbound,637.23,2023-07-27,28.96,527,1874
2661,LinkedIn,Summer Growth,575.38,2023-07-27,41.1,38230,1389
2662,LinkedIn,Product Launch,525.42,2023-07-27,29.19,26300,1992
2663,Meta Ads,Cold Outbound,265.67,2023-07-28,15.63,44835,1708
2664,Google Ads,Cold Outbound,279.17,2023-07-28,12.14,4894,1112
2665,Google Ads,Cold Outbound,305.01,2023-07-28,12.71,27445,193
2666,Google Ads,End of Year Push,277.19,2023-07-28,11.09,26211,475
2667,Referral,Brand Awareness Q1,88.36,2023-07-28,6.31,9833,1574
2668,Referral,Partner Referral,89.09,2023-07-29,5.24,2284,1299
2669,Google Ads,Retargeting Wave,303.44,2023-07-29,13.19,30155,112
2670,Referral,Retargeting Wave,95.75,2023-07-29,5.98,16782,1723
2671,Google Ads,Inbound SEO,330.1,2023-07-29,19.42,7262,320
2672,Organic,Product Launch,147.9,2023-07-29,16.43,35946,1385
2673,Organic,Product Launch,124.58,2023-07-29,5.19,40853,561
2674,Referral,Product Launch,144.25,2023-07-29,5.77,1099,1928
2675,Organic,Product Launch,160.45,2023-07-29,20.06,23788,554
2676,Referral,Retargeting Wave,102.49,2023-07-29,5.39,26674,1124
2677,Google Ads,Brand Awareness Q1,307.0,2023-07-30,34.11,5718,1281
2678,Organic,Summer Growth,133.11,2023-07-30,7.4,9218,1700
2679,Google Ads,Summer Growth,391.94,2023-07-30,21.77,42263,984
2680,Google Ads,Product Launch,350.32,2023-07-30,15.92,28231,1109
2681,Google Ads,Product Launch,375.3,2023-07-30,16.32,29929,1717
2682,Direct,End of Year Push,195.48,2023-07-30,13.03,15324,539
2683,Referral,Retargeting Wave,110.51,2023-07-30,9.21,1805,241
2684,Meta Ads,Inbound SEO,215.91,2023-07-30,9.81,26304,824
2685,Organic,Product Launch,172.13,2023-07-31,9.06,3976,1547
2686,Google Ads,End of Year Push,250.45,2023-07-31,25.04,35537,678
2687,Organic,Cold Outbound,159.04,2023-07-31,10.6,44302,419
2688,LinkedIn,Product Launch,579.01,2023-07-31,41.36,17253,1349
2689,Email,Inbound SEO,82.17,2023-07-31,4.83,28646,1581
2690,Organic,Brand Awareness Q1,169.09,2023-08-01,11.27,35997,624
2691,LinkedIn,Product Launch,593.98,2023-08-01,28.28,17559,669
2692,LinkedIn,Product Launch,476.64,2023-08-01,19.86,39927,284
2693,Referral,Inbound SEO,127.58,2023-08-01,9.11,22759,1845
2694,Referral,Product Launch,98.35,2023-08-01,5.46,41760,1514
2695,Direct,Partner Referral,142.98,2023-08-01,17.87,33039,1470
2696,Email,End of Year Push,65.08,2023-08-01,2.71,19094,1507
2697,Meta Ads,Summer Growth,226.63,2023-08-01,15.11,48929,1616
2698,Google Ads,Retargeting Wave,246.94,2023-08-01,24.69,33463,1830
2699,LinkedIn,Product Launch,456.46,2023-08-01,28.53,3894,1602
2700,Google Ads,Retargeting Wave,389.4,2023-08-01,18.54,47188,769
2701,Organic,Brand Awareness Q1,123.57,2023-08-02,5.88,7620,246
2702,LinkedIn,Inbound SEO,723.79,2023-08-02,32.9,14821,1359
2703,Google Ads,Brand Awareness Q1,292.51,2023-08-02,19.5,8287,696
2704,Meta Ads,End of Year Push,233.0,2023-08-02,14.56,18290,1876
2705,Referral,Brand Awareness Q1,88.94,2023-08-02,4.94,17157,1427
2706,Organic,Product Launch,155.07,2023-08-02,11.08,7542,1227
2707,Google Ads,Cold Outbound,387.98,2023-08-02,15.52,33039,547
2708,Organic,End of Year Push,171.12,2023-08-02,21.39,2986,541
2709,Referral,End of Year Push,124.38,2023-08-02,9.57,49390,1325
2710,Organic,Brand Awareness Q1,143.3,2023-08-02,7.96,45153,796
2711,Referral,Inbound SEO,105.74,2023-08-02,5.29,10177,1868
2712,Meta Ads,Inbound SEO,264.98,2023-08-02,13.25,23116,1551
2713,Direct,End of Year Push,154.64,2023-08-02,10.31,39447,547
2714,LinkedIn,End of Year Push,720.51,2023-08-03,72.05,2432,1234
2715,LinkedIn,Inbound SEO,477.81,2023-08-03,21.72,36344,950
2716,Meta Ads,Brand Awareness Q1,206.15,2023-08-03,11.45,32107,418
2717,LinkedIn,End of Year Push,740.63,2023-08-04,33.66,34475,456
2718,Organic,Partner Referral,171.24,2023-08-04,9.01,41863,1367
2719,Meta Ads,Retargeting Wave,287.36,2023-08-04,14.37,42117,1466
2720,LinkedIn,Retargeting Wave,741.4,2023-08-04,41.19,27995,372
2721,LinkedIn,Partner Referral,687.62,2023-08-04,31.26,732,1884
2722,Organic,Summer Growth,129.39,2023-08-05,5.18,42368,1089
2723,Google Ads,Inbound SEO,323.27,2023-08-05,35.92,38495,1180
2724,Referral,Brand Awareness Q1,126.52,2023-08-05,5.5,22874,1864
2725,Email,Brand Awareness Q1,114.38,2023-08-05,7.15,26739,1674
2726,Referral,Cold Outbound,143.78,2023-08-05,8.46,14141,1239
2727,Organic,Retargeting Wave,143.93,2023-08-05,5.76,16975,1033
2728,Email,Product Launch,71.41,2023-08-05,7.93,10267,660
2729,LinkedIn,Retargeting Wave,539.39,2023-08-05,67.42,45199,1028
2730,Organic,Cold Outbound,126.07,2023-08-05,12.61,35982,1386
2731,LinkedIn,Summer Growth,685.43,2023-08-05,68.54,12353,168
2732,Referral,Cold Outbound,133.01,2023-08-05,10.23,40504,1444
2733,Email,Partner Referral,64.32,2023-08-06,4.02,8713,1879
2734,Google Ads,Partner Referral,396.61,2023-08-06,18.89,43903,910
2735,Google Ads,Brand Awareness Q1,250.61,2023-08-06,10.9,46006,1223
2736,Organic,Inbound SEO,130.98,2023-08-06,6.24,24530,326
2737,Email,End of Year Push,102.43,2023-08-06,9.31,45371,1895
2738,Referral,Brand Awareness Q1,132.58,2023-08-06,16.57,5430,1558
2739,Google Ads,End of Year Push,341.69,2023-08-06,26.28,6436,726
2740,Organic,Brand Awareness Q1,154.12,2023-08-06,17.12,32762,654
2741,Organic,Partner Referral,164.3,2023-08-06,10.27,14314,1994
2742,Organic,Retargeting Wave,142.67,2023-08-06,11.89,36952,1805
2743,LinkedIn,Cold Outbound,483.75,2023-08-06,40.31,14410,317
2744,Referral,Retargeting Wave,101.05,2023-08-06,6.32,31576,286
2745,Organic,Partner Referral,122.89,2023-08-07,13.65,28684,980
2746,Direct,Cold Outbound,123.69,2023-08-07,5.15,35341,1863
2747,LinkedIn,Summer Growth,475.34,2023-08-07,19.01,8225,130
2748,Organic,Brand Awareness Q1,129.66,2023-08-07,5.4,43799,576
2749,Meta Ads,Brand Awareness Q1,293.39,2023-08-07,26.67,43445,244
2750,Meta Ads,Partner Referral,282.88,2023-08-07,17.68,30971,1356
2751,Referral,Inbound SEO,110.0,2023-08-07,4.4,41774,808
2752,Meta Ads,Brand Awareness Q1,231.05,2023-08-07,15.4,48439,510
2753,Google Ads,Inbound SEO,313.79,2023-08-07,19.61,32560,1958
2754,LinkedIn,Brand Awareness Q1,479.09,2023-08-07,34.22,49146,1738
2755,Direct,Partner Referral,152.93,2023-08-07,8.5,11132,494
2756,Referral,Retargeting Wave,117.66,2023-08-08,6.54,14525,446
2757,Google Ads,Retargeting Wave,273.93,2023-08-08,10.96,11909,103
2758,Referral,Brand Awareness Q1,139.41,2023-08-08,17.43,10586,854
2759,Direct,Inbound SEO,146.86,2023-08-08,9.18,29773,761
2760,Organic,Partner Referral,162.53,2023-08-08,9.56,47123,233
2761,Direct,Product Launch,121.08,2023-08-08,6.73,5786,263
2762,Meta Ads,End of Year Push,294.6,2023-08-08,32.73,13112,1775
2763,Referral,Summer Growth,115.49,2023-08-08,5.02,11987,845
2764,Direct,Brand Awareness Q1,168.52,2023-08-08,6.74,3968,1653
2765,Direct,Brand Awareness Q1,191.8,2023-08-08,7.67,45809,1105
2766,LinkedIn,Summer Growth,758.19,2023-08-08,68.93,11396,1630
2767,Google Ads,Retargeting Wave,243.31,2023-08-08,16.22,4437,864
2768,Email,Cold Outbound,100.89,2023-08-08,4.39,8814,239
2769,Organic,Partner Referral,146.71,2023-08-08,6.11,7427,51
2770,Meta Ads,Cold Outbound,306.0,2023-08-09,14.57,28609,527
2771,Direct,Inbound SEO,112.87,2023-08-09,9.41,27908,1041
2772,Organic,Summer Growth,159.21,2023-08-09,15.92,1318,975
2773,Referral,Partner Referral,145.52,2023-08-09,6.06,42756,937
2774,Google Ads,Retargeting Wave,398.74,2023-08-09,36.25,19559,1018
2775,Referral,Retargeting Wave,104.49,2023-08-09,4.98,36496,1215
2776,Google Ads,Retargeting Wave,341.73,2023-08-09,26.29,22965,403
2777,Google Ads,Partner Referral,311.08,2023-08-09,12.44,38703,1759
2778,Meta Ads,Cold Outbound,277.26,2023-08-09,18.48,45098,1749
2779,Meta Ads,Partner Referral,192.38,2023-08-09,21.38,15216,1535
2780,Organic,End of Year Push,160.08,2023-08-10,6.96,48970,1747
2781,Organic,Brand Awareness Q1,135.9,2023-08-10,7.15,47193,1373
2782,Direct,Summer Growth,167.89,2023-08-10,8.84,42713,1622
2783,Organic,Partner Referral,156.6,2023-08-10,10.44,9729,507
2784,Organic,Cold Outbound,138.42,2023-08-10,11.53,22571,1519
2785,Meta Ads,Summer Growth,190.54,2023-08-10,10.03,42353,1365
2786,LinkedIn,End of Year Push,696.8,2023-08-10,46.45,33603,1634
2787,Google Ads,Brand Awareness Q1,302.97,2023-08-11,14.43,12636,1171
2788,LinkedIn,Inbound SEO,628.1,2023-08-11,29.91,26557,159
2789,LinkedIn,End of Year Push,727.05,2023-08-11,90.88,38228,1145
2790,Organic,End of Year Push,176.5,2023-08-11,11.03,13609,611
2791,Referral,End of Year Push,94.34,2023-08-11,5.24,29015,1130
2792,Organic,Cold Outbound,179.77,2023-08-11,8.17,40840,1338
2793,Direct,End of Year Push,196.6,2023-08-11,11.56,32431,346
2794,Google Ads,Summer Growth,352.21,2023-08-11,16.77,30893,843
2795,Organic,Cold Outbound,168.04,2023-08-12,9.88,16321,92
2796,LinkedIn,Retargeting Wave,550.12,2023-08-12,45.84,39998,1361
2797,Organic,End of Year Push,143.45,2023-08-12,8.44,34742,1039
2798,Organic,Product Launch,163.15,2023-08-12,9.06,7331,911
2799,LinkedIn,Brand Awareness Q1,646.05,2023-08-12,25.84,20958,763
2800,Google Ads,Partner Referral,366.34,2023-08-12,30.53,29209,1026
2801,Direct,Product Launch,122.32,2023-08-12,6.8,34658,246
2802,Organic,Cold Outbound,166.11,2023-08-12,8.31,26873,506
2803,Google Ads,Summer Growth,280.98,2023-08-12,12.77,49146,566
2804,Google Ads,Partner Referral,397.97,2023-08-12,22.11,47359,422
2805,Referral,Partner Referral,89.03,2023-08-12,4.45,34319,1684
2806,Google Ads,Partner Referral,362.01,2023-08-13,27.85,4860,1026
2807,Google Ads,End of Year Push,313.82,2023-08-13,16.52,45567,1395
2808,Organic,Inbound SEO,153.2,2023-08-13,9.57,42600,980
2809,Organic,Inbound SEO,157.57,2023-08-13,19.7,41500,97
2810,Google Ads,Retargeting Wave,381.54,2023-08-13,21.2,46979,1128
2811,Direct,Partner Referral,148.47,2023-08-13,8.73,35540,991
2812,Meta Ads,End of Year Push,196.1,2023-08-13,17.83,12217,984
2813,Google Ads,End of Year Push,319.26,2023-08-13,22.8,23447,1292
2814,Google Ads,Product Launch,268.23,2023-08-13,16.76,24244,309
2815,Google Ads,Summer Growth,392.56,2023-08-13,19.63,1513,1408
2816,Organic,End of Year Push,141.88,2023-08-13,8.35,7570,1047
2817,Google Ads,Retargeting Wave,372.76,2023-08-13,17.75,7488,1703
2818,Google Ads,Summer Growth,256.51,2023-08-14,28.5,43368,254
2819,Google Ads,End of Year Push,364.14,2023-08-14,36.41,41745,396
2820,Referral,End of Year Push,115.45,2023-08-14,6.41,34564,562
2821,Google Ads,Brand Awareness Q1,397.32,2023-08-14,36.12,9325,989
2822,Meta Ads,Cold Outbound,198.96,2023-08-14,8.65,46198,265
2823,Direct,Inbound SEO,138.52,2023-08-15,9.89,39924,59
2824,Referral,Cold Outbound,86.73,2023-08-15,5.1,18287,1048
2825,Meta Ads,Brand Awareness Q1,312.14,2023-08-15,13.01,630,1395
2826,Organic,Product Launch,167.6,2023-08-15,12.89,37604,1350
2827,Organic,Summer Growth,144.14,2023-08-15,7.21,21851,1188
2828,LinkedIn,End of Year Push,461.53,2023-08-15,20.98,28076,565
2829,Google Ads,Inbound SEO,371.43,2023-08-15,14.86,30165,315
2830,Meta Ads,End of Year Push,310.03,2023-08-15,12.4,25720,705
2831,Google Ads,Brand Awareness Q1,398.51,2023-08-15,49.81,36834,66
2832,Google Ads,Summer Growth,327.0,2023-08-16,13.62,36656,1097
2833,Organic,Brand Awareness Q1,161.94,2023-08-16,20.24,22269,1950
2834,Organic,Partner Referral,152.28,2023-08-16,6.34,48745,1031
2835,LinkedIn,Product Launch,725.09,2023-08-16,80.57,12993,70
2836,Meta Ads,Summer Growth,188.6,2023-08-16,8.98,37927,1561
2837,Organic,Cold Outbound,129.98,2023-08-16,6.5,42937,851
2838,Organic,Summer Growth,141.98,2023-08-16,7.47,46166,188
2839,Email,Brand Awareness Q1,119.53,2023-08-16,5.43,670,1767
2840,Referral,Cold Outbound,142.63,2023-08-17,11.89,41109,1408
2841,Organic,Retargeting Wave,169.29,2023-08-17,14.11,43898,1194
2842,Google Ads,End of Year Push,293.14,2023-08-17,17.24,38756,393
2843,LinkedIn,Cold Outbound,586.65,2023-08-17,36.67,40854,713
2844,Google Ads,Product Launch,254.15,2023-08-17,16.94,16212,786
2845,Google Ads,Inbound SEO,323.92,2023-08-17,14.72,10232,1877
2846,Meta Ads,Partner Referral,210.95,2023-08-17,15.07,42943,1106
2847,Referral,Partner Referral,86.82,2023-08-17,8.68,43924,1278
2848,Organic,Cold Outbound,139.27,2023-08-17,7.33,14128,87
2849,LinkedIn,Partner Referral,502.36,2023-08-18,50.24,18317,1523
2850,Meta Ads,Brand Awareness Q1,273.69,2023-08-18,16.1,4726,927
2851,Meta Ads,Product Launch,225.88,2023-08-18,25.1,12761,1000
2852,Meta Ads,Summer Growth,308.3,2023-08-18,19.27,22015,1792
2853,Google Ads,Summer Growth,326.63,2023-08-18,13.07,40868,297
2854,Meta Ads,Retargeting Wave,202.64,2023-08-18,11.26,34322,666
2855,Meta Ads,Retargeting Wave,247.71,2023-08-19,27.52,3390,1230
2856,Referral,Partner Referral,109.46,2023-08-19,5.76,48670,1156
2857,Referral,Cold Outbound,148.6,2023-08-19,11.43,1902,1746
2858,Organic,Brand Awareness Q1,158.26,2023-08-19,8.33,30438,1692
2859,Organic,Cold Outbound,154.19,2023-08-19,9.07,14283,1611
2860,LinkedIn,Cold Outbound,798.02,2023-08-19,44.33,45432,350
2861,LinkedIn,Inbound SEO,665.92,2023-08-19,35.05,46211,1605
2862,Google Ads,Brand Awareness Q1,341.81,2023-08-19,13.67,18098,919
2863,Referral,Brand Awareness Q1,131.02,2023-08-19,11.91,22746,1472
2864,LinkedIn,End of Year Push,488.93,2023-08-19,24.45,10484,609
2865,LinkedIn,Retargeting Wave,552.69,2023-08-19,24.03,44958,126
2866,Organic,Inbound SEO,178.39,2023-08-20,16.22,37996,1468
2867,Organic,Cold Outbound,173.78,2023-08-20,14.48,20702,1472
2868,Google Ads,Inbound SEO,308.0,2023-08-20,13.39,45660,1042
2869,Referral,Cold Outbound,138.63,2023-08-20,6.03,19429,988
2870,Google Ads,Brand Awareness Q1,392.42,2023-08-20,15.7,14434,732
2871,Google Ads,Brand Awareness Q1,347.1,2023-08-20,31.55,44692,166
2872,Organic,Partner Referral,161.45,2023-08-20,10.76,18000,1362
2873,Meta Ads,Summer Growth,267.86,2023-08-20,11.16,1441,1729
2874,Google Ads,Brand Awareness Q1,363.98,2023-08-20,30.33,10781,448
2875,Organic,Cold Outbound,166.86,2023-08-21,8.78,30429,560
2876,Organic,Partner Referral,166.63,2023-08-21,6.67,43260,1587
2877,Organic,Cold Outbound,150.08,2023-08-21,7.5,23058,970
2878,Google Ads,Product Launch,297.16,2023-08-21,16.51,33852,897
2879,Meta Ads,Inbound SEO,311.7,2023-08-21,38.96,47995,922
2880,Referral,Cold Outbound,98.72,2023-08-21,4.11,11497,1397
2881,Google Ads,Cold Outbound,379.97,2023-08-21,34.54,15190,142
2882,Organic,Inbound SEO,130.55,2023-08-21,8.16,27055,1362
2883,Google Ads,End of Year Push,375.76,2023-08-22,22.1,29645,1323
2884,Meta Ads,Retargeting Wave,199.07,2023-08-22,8.29,19253,639
2885,Meta Ads,Summer Growth,220.13,2023-08-22,12.95,24871,122
2886,Google Ads,End of Year Push,359.23,2023-08-22,25.66,32113,132
2887,Google Ads,Summer Growth,385.52,2023-08-22,38.55,34747,263
2888,Meta Ads,End of Year Push,270.77,2023-08-22,10.83,42766,952
2889,Referral,Inbound SEO,105.48,2023-08-22,5.86,37452,622
2890,Organic,Summer Growth,154.49,2023-08-22,11.04,16631,1861
2891,Direct,Summer Growth,115.18,2023-08-22,5.24,30778,1522
2892,Organic,Summer Growth,151.19,2023-08-23,7.56,29433,1477
2893,Referral,End of Year Push,100.62,2023-08-23,5.03,3881,1749
2894,Google Ads,Brand Awareness Q1,339.8,2023-08-23,14.16,22247,1286
2895,Organic,Retargeting Wave,125.96,2023-08-23,8.4,45356,901
2896,Meta Ads,Retargeting Wave,217.98,2023-08-23,15.57,42172,676
2897,Referral,End of Year Push,107.33,2023-08-24,4.47,27888,216
2898,Google Ads,Cold Outbound,357.97,2023-08-24,16.27,25606,678
2899,Direct,Brand Awareness Q1,131.64,2023-08-24,5.27,19696,437
2900,Organic,Inbound SEO,157.1,2023-08-24,12.08,48055,187
2901,Direct,Brand Awareness Q1,144.7,2023-08-24,18.09,21555,446
2902,LinkedIn,Partner Referral,496.96,2023-08-24,62.12,24781,702
2903,LinkedIn,Brand Awareness Q1,621.53,2023-08-24,51.79,41670,1687
2904,Meta Ads,Inbound SEO,310.13,2023-08-24,16.32,35742,1611
2905,Direct,Inbound SEO,144.18,2023-08-24,7.59,37546,1833
2906,Referral,Partner Referral,124.83,2023-08-25,5.2,6428,515
2907,Organic,Cold Outbound,151.11,2023-08-25,10.79,7656,1650
2908,Meta Ads,Inbound SEO,276.57,2023-08-25,16.27,7650,400
2909,LinkedIn,Retargeting Wave,717.72,2023-08-25,39.87,38707,1518
2910,Organic,Inbound SEO,130.59,2023-08-25,5.44,4156,1584
2911,Organic,Cold Outbound,140.85,2023-08-25,14.08,7160,1618
2912,Google Ads,Cold Outbound,268.66,2023-08-25,16.79,14109,731
2913,Organic,Product Launch,167.0,2023-08-25,6.96,27478,461
2914,Organic,Product Launch,162.05,2023-08-25,11.58,7029,1001
2915,Google Ads,Brand Awareness Q1,384.44,2023-08-25,32.04,34884,1572
2916,Organic,Brand Awareness Q1,177.74,2023-08-25,7.73,25919,525
2917,Referral,End of Year Push,99.17,2023-08-25,6.2,45046,900
2918,Organic,Partner Referral,158.97,2023-08-25,11.36,16598,1533
2919,Google Ads,Partner Referral,284.44,2023-08-25,21.88,39324,1698
2920,Meta Ads,Brand Awareness Q1,311.96,2023-08-26,24.0,22177,358
2921,Organic,Summer Growth,163.27,2023-08-26,10.2,44934,1360
2922,Direct,Inbound SEO,122.78,2023-08-26,11.16,31619,317
2923,LinkedIn,Inbound SEO,683.99,2023-08-26,76.0,17751,1545
2924,LinkedIn,Inbound SEO,680.69,2023-08-26,52.36,25958,155
2925,LinkedIn,End of Year Push,712.91,2023-08-26,39.61,19328,1391
2926,Meta Ads,Retargeting Wave,302.81,2023-08-26,33.65,21442,1949
2927,LinkedIn,End of Year Push,576.07,2023-08-26,64.01,27081,1882
2928,Organic,End of Year Push,126.96,2023-08-26,15.87,779,595
2929,Google Ads,Product Launch,324.93,2023-08-26,14.13,24341,1781
2930,LinkedIn,Brand Awareness Q1,518.71,2023-08-26,21.61,32731,123
2931,Referral,End of Year Push,109.32,2023-08-27,7.29,22419,799
2932,Direct,Inbound SEO,140.18,2023-08-27,5.61,4648,1126
2933,Referral,End of Year Push,118.96,2023-08-27,5.41,19969,1135
2934,Referral,Brand Awareness Q1,120.59,2023-08-27,13.4,23125,1517
2935,Google Ads,End of Year Push,353.83,2023-08-27,25.27,34881,56
2936,Meta Ads,Product Launch,316.3,2023-08-27,15.82,41765,845
2937,Organic,Brand Awareness Q1,160.43,2023-08-27,9.44,17006,983
2938,Referral,Summer Growth,105.92,2023-08-27,4.81,21119,81
2939,Google Ads,Partner Referral,348.71,2023-08-27,18.35,21683,1106
2940,Meta Ads,Brand Awareness Q1,265.67,2023-08-27,13.28,21673,1145
2941,Direct,Cold Outbound,186.75,2023-08-27,15.56,11235,463
2942,Organic,Retargeting Wave,130.9,2023-08-28,8.73,1689,175
2943,Google Ads,Summer Growth,350.43,2023-08-28,38.94,28653,1796
2944,Meta Ads,Summer Growth,297.34,2023-08-28,19.82,25521,1604
2945,Organic,Summer Growth,155.5,2023-08-28,9.15,47603,351
2946,Referral,Product Launch,148.31,2023-08-28,5.93,26576,272
2947,Organic,Product Launch,128.66,2023-08-28,5.15,27445,1441
2948,Referral,Summer Growth,148.03,2023-08-28,9.25,629,1515
2949,Referral,Inbound SEO,124.52,2023-08-28,7.32,9436,348
2950,Google Ads,Product Launch,335.14,2023-08-28,19.71,16219,95
2951,Organic,Brand Awareness Q1,161.48,2023-08-29,20.18,2284,247
2952,Organic,Product Launch,146.86,2023-08-29,5.87,43707,1426
2953,Organic,Inbound SEO,159.74,2023-08-29,17.75,42488,1250
2954,Referral,End of Year Push,119.7,2023-08-29,6.65,15589,1604
2955,Organic,Partner Referral,139.36,2023-08-29,12.67,42195,1977
2956,Meta Ads,Retargeting Wave,237.52,2023-08-29,9.9,18509,885
2957,LinkedIn,Retargeting Wave,729.95,2023-08-29,81.11,35716,1593
2958,Direct,Cold Outbound,186.04,2023-08-29,8.46,38512,1962
2959,Google Ads,Retargeting Wave,300.15,2023-08-29,37.52,36664,437
2960,Organic,Brand Awareness Q1,147.9,2023-08-29,7.4,16620,1885
2961,Direct,Product Launch,137.67,2023-08-29,5.99,12800,1913
2962,Organic,Partner Referral,178.18,2023-08-29,7.75,47950,385
2963,Google Ads,End of Year Push,318.38,2023-08-29,15.16,12756,1253
2964,Organic,Cold Outbound,139.28,2023-08-30,6.33,30311,450
2965,Meta Ads,Retargeting Wave,283.77,2023-08-30,20.27,33428,369
2966,Organic,Product Launch,145.93,2023-08-30,11.23,12694,378
2967,Direct,End of Year Push,185.41,2023-08-30,7.73,47733,1660
2968,Organic,Inbound SEO,150.01,2023-08-30,11.54,47808,384
2969,Organic,Brand Awareness Q1,156.08,2023-08-30,7.8,9973,1043
2970,LinkedIn,Retargeting Wave,719.99,2023-08-31,80.0,47626,1457
2971,Organic,Summer Growth,136.67,2023-08-31,10.51,20914,743
2972,Direct,Product Launch,118.55,2023-08-31,7.41,24727,844
2973,Google Ads,End of Year Push,244.21,2023-08-31,16.28,46200,1369
2974,Google Ads,Product Launch,284.73,2023-08-31,20.34,13385,1366
2975,Direct,Inbound SEO,127.83,2023-08-31,9.13,22913,1182
2976,Referral,End of Year Push,130.92,2023-08-31,9.35,47402,1119
2977,Google Ads,Inbound SEO,343.03,2023-09-01,34.3,48430,1904
2978,Referral,Inbound SEO,122.66,2023-09-01,8.18,2614,1236
2979,LinkedIn,Cold Outbound,543.79,2023-09-01,28.62,37880,757
2980,Organic,Product Launch,161.96,2023-09-01,8.52,31760,314
2981,Organic,End of Year Push,164.46,2023-09-01,20.56,872,1037
2982,Organic,Summer Growth,145.28,2023-09-01,5.81,29056,1284
2983,Referral,Retargeting Wave,115.21,2023-09-01,5.76,45147,984
2984,Google Ads,Inbound SEO,355.06,2023-09-02,27.31,49203,1319
2985,Organic,Inbound SEO,152.86,2023-09-02,7.64,24293,134
2986,Meta Ads,Product Launch,287.96,2023-09-02,24.0,30520,1779
2987,Direct,Brand Awareness Q1,193.52,2023-09-02,14.89,22319,1726
2988,Organic,Retargeting Wave,160.99,2023-09-02,14.64,7746,1577
2989,LinkedIn,Inbound SEO,762.26,2023-09-03,40.12,48922,890
2990,Organic,Summer Growth,138.2,2023-09-03,11.52,28209,1401
2991,Google Ads,Brand Awareness Q1,307.34,2023-09-03,19.21,3734,1563
2992,Google Ads,Cold Outbound,304.37,2023-09-03,33.82,16776,460
2993,Google Ads,Retargeting Wave,282.66,2023-09-03,15.7,13515,1514
2994,Organic,Retargeting Wave,145.81,2023-09-03,9.72,9690,885
2995,LinkedIn,End of Year Push,553.23,2023-09-03,32.54,4344,1474
2996,LinkedIn,End of Year Push,763.15,2023-09-03,33.18,5165,757
2997,Organic,Retargeting Wave,170.51,2023-09-03,12.18,8348,138
2998,LinkedIn,Partner Referral,567.3,2023-09-04,22.69,16717,1382
2999,Direct,Inbound SEO,161.91,2023-09-04,10.79,48118,1991
3000,Organic,Product Launch,179.25,2023-09-04,9.43,11210,1560
3001,Referral,Cold Outbound,108.13,2023-09-04,6.36,29206,1174
3002,Meta Ads,Partner Referral,240.88,2023-09-04,14.17,18968,384
3003,Meta Ads,End of Year Push,267.82,2023-09-04,29.76,31084,1399
3004,LinkedIn,Summer Growth,611.07,2023-09-04,67.9,48455,191
3005,LinkedIn,Retargeting Wave,488.2,2023-09-05,28.72,34821,1629
3006,Organic,Retargeting Wave,143.5,2023-09-05,11.96,7367,280
3007,LinkedIn,Brand Awareness Q1,618.83,2023-09-05,77.35,18815,574
3008,Meta Ads,Brand Awareness Q1,295.73,2023-09-05,13.44,11611,1480
3009,Organic,Retargeting Wave,124.28,2023-09-05,9.56,2516,630
3010,Meta Ads,Partner Referral,209.12,2023-09-05,12.3,4209,1868
3011,Google Ads,Brand Awareness Q1,260.81,2023-09-05,11.86,3128,1424
3012,Referral,End of Year Push,127.95,2023-09-05,12.79,2415,1689
3013,Google Ads,End of Year Push,365.74,2023-09-06,36.57,24383,1540
3014,Meta Ads,Inbound SEO,243.8,2023-09-06,27.09,25864,900
3015,Organic,Inbound SEO,145.84,2023-09-06,13.26,18016,287
3016,Google Ads,Summer Growth,276.47,2023-09-06,15.36,26920,93
3017,Meta Ads,Product Launch,196.86,2023-09-06,8.95,31572,155
3018,LinkedIn,End of Year Push,472.76,2023-09-06,18.91,25946,285
3019,Organic,Summer Growth,140.1,2023-09-06,14.01,46988,939
3020,Organic,Summer Growth,163.49,2023-09-06,10.22,14118,1588
3021,Google Ads,Summer Growth,270.85,2023-09-06,30.09,26248,265
3022,LinkedIn,Inbound SEO,597.65,2023-09-06,74.71,41905,571
3023,Direct,Product Launch,187.33,2023-09-07,10.41,23290,491
3024,Organic,Cold Outbound,161.93,2023-09-07,11.57,33219,1886
3025,Organic,Cold Outbound,128.74,2023-09-07,10.73,21596,1552
3026,Organic,Retargeting Wave,158.88,2023-09-07,8.83,47987,1581
3027,Organic,Partner Referral,175.58,2023-09-07,19.51,48976,1298
3028,Google Ads,Inbound SEO,334.88,2023-09-07,22.33,15887,884
3029,Organic,End of Year Push,160.33,2023-09-07,16.03,39217,251
3030,Direct,Retargeting Wave,170.52,2023-09-07,18.95,2186,1711
3031,Meta Ads,Summer Growth,275.62,2023-09-07,21.2,47610,1814
3032,LinkedIn,Summer Growth,779.52,2023-09-07,64.96,43869,1485
3033,Referral,Cold Outbound,125.0,2023-09-08,7.35,48536,207
3034,Google Ads,Retargeting Wave,334.59,2023-09-08,27.88,23827,592
3035,LinkedIn,Inbound SEO,554.25,2023-09-08,61.58,10241,879
3036,Google Ads,Cold Outbound,343.16,2023-09-08,22.88,35400,1968
3037,LinkedIn,Partner Referral,668.87,2023-09-08,31.85,18749,1173
3038,Organic,Inbound SEO,124.98,2023-09-08,12.5,11710,1208
3039,LinkedIn,Cold Outbound,497.48,2023-09-08,41.46,18266,437
3040,Organic,Cold Outbound,145.56,2023-09-08,6.33,40970,1108
3041,Organic,Cold Outbound,143.12,2023-09-08,5.96,4867,73
3042,Meta Ads,Product Launch,251.5,2023-09-08,15.72,4026,1080
3043,LinkedIn,Inbound SEO,528.08,2023-09-08,52.81,47414,1472
3044,Referral,Summer Growth,95.33,2023-09-09,5.02,30279,1230
3045,Organic,End of Year Push,153.72,2023-09-09,7.32,25753,221
3046,Referral,Product Launch,107.12,2023-09-09,13.39,5896,963
3047,Referral,Inbound SEO,144.19,2023-09-09,13.11,45012,337
3048,Google Ads,Partner Referral,374.82,2023-09-09,41.65,45194,1201
3049,Direct,Partner Referral,141.85,2023-09-10,12.9,6230,1792
3050,Direct,Brand Awareness Q1,155.47,2023-09-10,10.36,41445,105
3051,LinkedIn,Cold Outbound,513.19,2023-09-10,25.66,32180,493
3052,Referral,Partner Referral,81.44,2023-09-10,5.43,14051,497
3053,Referral,Inbound SEO,121.69,2023-09-10,13.52,26132,850
3054,LinkedIn,Cold Outbound,674.97,2023-09-10,32.14,1062,1672
3055,LinkedIn,Brand Awareness Q1,573.98,2023-09-11,63.78,22766,1752
3056,Direct,Brand Awareness Q1,167.88,2023-09-11,6.72,14794,138
3057,Google Ads,Inbound SEO,339.5,2023-09-11,37.72,45840,1503
3058,Meta Ads,Brand Awareness Q1,250.7,2023-09-11,13.19,24798,1875
3059,Google Ads,Summer Growth,287.2,2023-09-11,16.89,4925,1778
3060,Organic,Summer Growth,132.67,2023-09-11,6.63,3657,811
3061,Organic,Brand Awareness Q1,130.8,2023-09-11,5.95,26644,238
3062,Meta Ads,Summer Growth,286.73,2023-09-11,16.87,40562,1846
3063,Meta Ads,Retargeting Wave,237.83,2023-09-11,29.73,16032,324
3064,Referral,Cold Outbound,86.56,2023-09-11,5.41,37428,1757
3065,Direct,Summer Growth,109.36,2023-09-11,4.75,29037,948
3066,Google Ads,Brand Awareness Q1,243.73,2023-09-11,15.23,12838,1741
3067,Meta Ads,End of Year Push,269.84,2023-09-12,24.53,22284,1726
3068,Google Ads,Product Launch,343.14,2023-09-12,26.4,41184,709
3069,Organic,Partner Referral,152.3,2023-09-12,16.92,13465,1989
3070,Meta Ads,Cold Outbound,209.81,2023-09-12,12.34,36886,929
3071,Google Ads,Partner Referral,297.61,2023-09-12,12.94,24566,1797
3072,Organic,Summer Growth,167.68,2023-09-12,9.32,16774,579
3073,LinkedIn,Cold Outbound,793.34,2023-09-12,46.67,13734,1275
3074,Direct,Summer Growth,149.65,2023-09-13,11.51,4217,988
3075,Meta Ads,Brand Awareness Q1,286.76,2023-09-13,20.48,32781,1155
3076,Organic,Brand Awareness Q1,120.13,2023-09-13,8.01,42050,343
3077,Referral,Product Launch,80.39,2023-09-13,5.36,17348,1906
3078,Organic,Brand Awareness Q1,166.11,2023-09-13,20.76,38301,1000
3079,Google Ads,Inbound SEO,352.69,2023-09-13,32.06,26750,866
3080,Organic,Partner Referral,121.11,2023-09-13,7.57,20975,594
3081,Referral,End of Year Push,83.36,2023-09-13,4.9,49314,1425
3082,LinkedIn,Summer Growth,760.43,2023-09-13,36.21,42892,339
3083,Organic,Cold Outbound,130.13,2023-09-13,5.92,9166,933
3084,Organic,Brand Awareness Q1,140.43,2023-09-13,10.8,47959,831
3085,Organic,Retargeting Wave,170.96,2023-09-13,8.14,23811,1526
3086,Google Ads,Summer Growth,262.74,2023-09-13,10.95,39018,699
3087,Google Ads,Partner Referral,321.14,2023-09-13,20.07,41444,1229
3088,Referral,Cold Outbound,139.49,2023-09-13,8.72,23586,439
3089,Referral,Brand Awareness Q1,147.44,2023-09-14,11.34,15788,1158
3090,Google Ads,Summer Growth,310.54,2023-09-14,18.27,20400,572
3091,Organic,End of Year Push,162.97,2023-09-14,7.41,15694,823
3092,Referral,Brand Awareness Q1,125.22,2023-09-14,5.22,22080,947
3093,Google Ads,Cold Outbound,364.47,2023-09-14,21.44,29518,853
3094,Referral,End of Year Push,87.33,2023-09-14,5.46,12278,1505
3095,Meta Ads,Retargeting Wave,181.82,2023-09-14,13.99,42592,1047
3096,Meta Ads,Product Launch,291.46,2023-09-14,20.82,19859,868
3097,LinkedIn,Inbound SEO,680.47,2023-09-14,68.05,10962,278
3098,Referral,Partner Referral,109.85,2023-09-14,13.73,34778,1957
3099,LinkedIn,Brand Awareness Q1,465.48,2023-09-14,23.27,28496,1839
3100,Google Ads,Cold Outbound,381.7,2023-09-14,15.9,44912,377
3101,LinkedIn,Inbound SEO,495.3,2023-09-15,23.59,24127,1181
3102,Organic,Inbound SEO,154.6,2023-09-15,9.66,46535,1357
3103,Direct,Retargeting Wave,162.8,2023-09-15,9.58,41525,739
3104,Organic,Partner Referral,133.95,2023-09-15,9.57,35037,1859
3105,Direct,Partner Referral,174.65,2023-09-15,8.73,39996,1597
3106,Organic,Retargeting Wave,127.19,2023-09-15,7.48,40290,1137
3107,Google Ads,Partner Referral,246.97,2023-09-15,13.72,15254,425
3108,LinkedIn,End of Year Push,698.39,2023-09-15,69.84,23080,1407
3109,Direct,Brand Awareness Q1,102.22,2023-09-16,4.65,39882,1684
3110,Email,Retargeting Wave,97.08,2023-09-16,4.04,46114,1066
3111,Meta Ads,Summer Growth,312.13,2023-09-16,16.43,4570,1105
3112,LinkedIn,End of Year Push,673.05,2023-09-16,44.87,18663,1707
3113,Google Ads,Product Launch,268.7,2023-09-16,16.79,23245,609
3114,Referral,End of Year Push,115.56,2023-09-16,5.02,37204,1116
3115,Organic,Retargeting Wave,159.04,2023-09-16,13.25,23441,98
3116,Meta Ads,End of Year Push,308.08,2023-09-17,12.84,9208,143
3117,Referral,Brand Awareness Q1,121.64,2023-09-17,13.52,29551,1091
3118,Google Ads,Inbound SEO,311.43,2023-09-17,17.3,538,120
3119,Referral,Inbound SEO,93.31,2023-09-17,4.06,42248,1344
3120,Referral,Brand Awareness Q1,106.87,2023-09-17,7.12,26220,1808
3121,Meta Ads,Partner Referral,210.42,2023-09-17,21.04,18137,420
3122,Email,Summer Growth,88.31,2023-09-17,4.65,6604,1751
3123,Google Ads,Inbound SEO,275.82,2023-09-17,13.13,27746,1501
3124,Organic,Product Launch,136.52,2023-09-17,8.53,43267,545
3125,Google Ads,Summer Growth,327.31,2023-09-18,14.88,35069,381
3126,LinkedIn,Cold Outbound,688.42,2023-09-18,29.93,13801,173
3127,Referral,Partner Referral,84.78,2023-09-18,10.6,5744,1058
3128,LinkedIn,Partner Referral,718.06,2023-09-18,42.24,2181,1889
3129,LinkedIn,Product Launch,471.49,2023-09-18,26.19,27521,1435
3130,Meta Ads,Inbound SEO,208.32,2023-09-18,9.92,8784,963
3131,Meta Ads,Cold Outbound,267.62,2023-09-18,11.64,31861,833
3132,Google Ads,End of Year Push,240.02,2023-09-18,14.12,31373,1610
3133,Organic,End of Year Push,140.67,2023-09-19,6.39,18361,1399
3134,Referral,Product Launch,134.57,2023-09-19,6.41,23835,1683
3135,Referral,Inbound SEO,134.01,2023-09-19,10.31,37860,506
3136,Direct,Inbound SEO,137.64,2023-09-19,6.88,12214,980
3137,Google Ads,Retargeting Wave,280.29,2023-09-19,35.04,15859,1645
3138,Google Ads,End of Year Push,341.42,2023-09-20,15.52,24174,1320
3139,Google Ads,Retargeting Wave,277.9,2023-09-20,21.38,12375,1454
3140,Organic,Cold Outbound,154.7,2023-09-20,17.19,22237,576
3141,Referral,Partner Referral,114.64,2023-09-20,6.03,33551,1844
3142,LinkedIn,Brand Awareness Q1,520.31,2023-09-20,52.03,37344,1542
3143,LinkedIn,Product Launch,584.78,2023-09-20,26.58,4591,608
3144,Referral,Inbound SEO,115.8,2023-09-20,9.65,34543,973
3145,Organic,End of Year Push,172.56,2023-09-20,10.79,43192,1378
3146,Referral,Product Launch,95.73,2023-09-20,4.35,47476,541
3147,Meta Ads,Product Launch,223.5,2023-09-20,13.97,4477,369
3148,LinkedIn,Retargeting Wave,798.41,2023-09-20,31.94,985,667
3149,LinkedIn,Partner Referral,630.45,2023-09-20,25.22,42198,1323
3150,Organic,Partner Referral,162.73,2023-09-20,11.62,17207,1971
3151,LinkedIn,Retargeting Wave,620.67,2023-09-21,28.21,30997,262
3152,Organic,Cold Outbound,146.73,2023-09-21,10.48,31985,1651
3153,Direct,Partner Referral,108.51,2023-09-21,9.86,26954,371
3154,Organic,Partner Referral,149.33,2023-09-21,6.49,6123,530
3155,LinkedIn,End of Year Push,702.87,2023-09-21,70.29,19621,91
3156,LinkedIn,Summer Growth,793.48,2023-09-21,72.13,26570,920
3157,Google Ads,Summer Growth,363.96,2023-09-22,17.33,11615,686
3158,LinkedIn,Partner Referral,681.35,2023-09-22,29.62,26274,402
3159,Direct,Product Launch,107.6,2023-09-22,8.28,20948,1001
3160,Meta Ads,Product Launch,268.08,2023-09-22,22.34,17384,1061
3161,Google Ads,Partner Referral,396.02,2023-09-22,18.0,3279,1456
3162,Meta Ads,Cold Outbound,234.94,2023-09-22,23.49,42303,598
3163,Meta Ads,Cold Outbound,259.91,2023-09-22,21.66,22387,984
3164,Meta Ads,End of Year Push,276.86,2023-09-22,15.38,10417,1273
3165,Meta Ads,Brand Awareness Q1,317.35,2023-09-22,22.67,19657,1603
3166,Organic,End of Year Push,166.64,2023-09-22,10.41,22855,601
3167,Organic,Summer Growth,137.16,2023-09-22,13.72,23166,1843
3168,Google Ads,Product Launch,398.7,2023-09-22,39.87,37027,281
3169,Referral,Cold Outbound,103.33,2023-09-22,10.33,40061,53
3170,Meta Ads,Cold Outbound,183.64,2023-09-23,7.98,43305,925
3171,Email,Summer Growth,96.34,2023-09-23,6.88,6869,1674
3172,Referral,Retargeting Wave,143.12,2023-09-23,7.95,16476,1183
3173,Organic,Retargeting Wave,144.01,2023-09-23,11.08,23357,710
3174,Email,Inbound SEO,111.31,2023-09-23,7.42,16430,1472
3175,Direct,Product Launch,174.73,2023-09-23,17.47,2666,255
3176,Organic,Partner Referral,176.88,2023-09-23,8.04,21963,1625
3177,Referral,Inbound SEO,84.83,2023-09-24,3.86,31382,136
3178,Organic,Cold Outbound,162.17,2023-09-24,20.27,24117,927
3179,Meta Ads,Inbound SEO,281.58,2023-09-24,11.26,13356,432
3180,Organic,End of Year Push,173.94,2023-09-24,9.66,20594,809
3181,Google Ads,End of Year Push,386.31,2023-09-24,19.32,31356,1311
3182,Meta Ads,End of Year Push,276.1,2023-09-24,13.15,33304,937
3183,Organic,Retargeting Wave,157.96,2023-09-24,9.29,47643,683
3184,Referral,Summer Growth,115.54,2023-09-24,14.44,43864,876
3185,Direct,Product Launch,119.4,2023-09-24,5.69,29890,1609
3186,Organic,Brand Awareness Q1,128.38,2023-09-24,6.42,47010,1656
3187,Organic,Retargeting Wave,128.44,2023-09-24,10.7,40869,1298
3188,Referral,Summer Growth,132.94,2023-09-25,10.23,17955,965
3189,Google Ads,Inbound SEO,274.0,2023-09-25,30.44,28737,1283
3190,LinkedIn,Product Launch,639.52,2023-09-25,71.06,38238,1235
3191,LinkedIn,Product Launch,625.92,2023-09-25,56.9,6686,333
3192,Direct,Product Launch,121.55,2023-09-25,5.06,13080,1253
3193,Referral,Brand Awareness Q1,148.04,2023-09-25,13.46,24688,1870
3194,Organic,Inbound SEO,159.99,2023-09-25,8.42,20034,1053
3195,Email,Brand Awareness Q1,64.72,2023-09-25,3.24,34110,120
3196,Direct,Brand Awareness Q1,103.81,2023-09-26,12.98,21912,1447
3197,Email,Partner Referral,76.21,2023-09-26,3.18,1610,212
3198,Referral,Summer Growth,133.82,2023-09-26,8.36,14342,1929
3199,Organic,Inbound SEO,120.06,2023-09-26,5.22,17669,451
3200,Organic,Summer Growth,164.12,2023-09-26,14.92,23046,594
3201,Meta Ads,Product Launch,266.72,2023-09-26,26.67,45287,1020
3202,Meta Ads,Partner Referral,315.62,2023-09-26,35.07,39970,1820
3203,Organic,Summer Growth,142.76,2023-09-26,6.21,42668,902
3204,Google Ads,Product Launch,351.9,2023-09-26,43.99,24657,1225
3205,Google Ads,Partner Referral,341.52,2023-09-26,42.69,37856,105
3206,Referral,Partner Referral,149.09,2023-09-26,6.21,1390,269
3207,Referral,End of Year Push,103.82,2023-09-26,4.94,1682,1328
3208,Google Ads,Retargeting Wave,273.63,2023-09-26,14.4,41896,1779
3209,Email,Cold Outbound,99.31,2023-09-26,7.09,8764,170
3210,Organic,Brand Awareness Q1,155.0,2023-09-27,14.09,24854,452
3211,Google Ads,Brand Awareness Q1,368.66,2023-09-27,19.4,14946,416
3212,Referral,Partner Referral,104.07,2023-09-27,8.01,20702,1436
3213,Email,Brand Awareness Q1,93.64,2023-09-27,5.51,39555,1064
3214,Organic,Inbound SEO,144.71,2023-09-27,8.04,23848,249
3215,LinkedIn,End of Year Push,649.56,2023-09-27,49.97,47521,629
3216,Organic,Cold Outbound,139.98,2023-09-27,8.23,7036,214
3217,Direct,Inbound SEO,156.57,2023-09-27,11.18,37646,251
3218,LinkedIn,Summer Growth,532.06,2023-09-27,26.6,26739,1069
3219,Google Ads,Inbound SEO,244.25,2023-09-27,20.35,5251,1089
3220,Direct,Partner Referral,133.23,2023-09-27,5.55,47433,137
3221,Google Ads,Retargeting Wave,399.28,2023-09-27,33.27,39160,78
3222,Organic,Product Launch,167.57,2023-09-28,9.31,35878,1746
3223,LinkedIn,End of Year Push,619.42,2023-09-28,24.78,3454,442
3224,Meta Ads,Cold Outbound,210.01,2023-09-28,15.0,49751,219
3225,Organic,Partner Referral,142.09,2023-09-28,8.36,34536,776
3226,Organic,Retargeting Wave,123.69,2023-09-28,5.15,30564,1990
3227,Meta Ads,Retargeting Wave,292.53,2023-09-28,36.57,47869,1263
3228,Google Ads,Retargeting Wave,344.61,2023-09-28,43.08,21433,167
3229,LinkedIn,End of Year Push,643.74,2023-09-28,32.19,5412,1062
3230,Referral,Retargeting Wave,80.16,2023-09-28,3.34,23949,673
3231,LinkedIn,Product Launch,488.2,2023-09-28,34.87,44110,563
3232,Meta Ads,Retargeting Wave,194.49,2023-09-29,10.8,11340,701
3233,Google Ads,Partner Referral,279.84,2023-09-29,23.32,21680,1774
3234,Google Ads,Retargeting Wave,252.53,2023-09-30,22.96,10682,1408
3235,Direct,Cold Outbound,176.32,2023-09-30,19.59,4606,1916
3236,Referral,Product Launch,122.85,2023-09-30,11.17,22344,348
3237,Meta Ads,Partner Referral,195.1,2023-09-30,17.74,7753,247
3238,Referral,End of Year Push,101.55,2023-09-30,7.81,16916,1586
3239,LinkedIn,Inbound SEO,659.62,2023-09-30,54.97,44852,892
3240,Referral,Partner Referral,89.22,2023-09-30,4.25,47315,1204
3241,Google Ads,Brand Awareness Q1,254.09,2023-09-30,31.76,5547,181
3242,Organic,Brand Awareness Q1,132.42,2023-09-30,12.04,28009,981
3243,Meta Ads,Inbound SEO,233.42,2023-09-30,11.67,43133,1001
3244,Direct,End of Year Push,118.68,2023-10-01,5.93,33591,679
3245,Organic,Retargeting Wave,134.45,2023-10-01,6.72,11632,408
3246,Referral,Cold Outbound,81.58,2023-10-01,5.1,43914,1284
3247,LinkedIn,End of Year Push,559.82,2023-10-01,23.33,44666,1810
3248,LinkedIn,Brand Awareness Q1,722.55,2023-10-01,40.14,48349,1306
3249,Google Ads,Retargeting Wave,338.36,2023-10-01,26.03,34887,1362
3250,Organic,Partner Referral,152.6,2023-10-01,12.72,22215,2000
3251,Google Ads,Brand Awareness Q1,268.66,2023-10-01,11.19,32642,428
3252,Meta Ads,Summer Growth,313.49,2023-10-01,34.83,24924,1243
3253,Organic,Inbound SEO,177.45,2023-10-01,8.07,38023,1092
3254,LinkedIn,Summer Growth,712.35,2023-10-01,37.49,22754,738
3255,Organic,Inbound SEO,138.72,2023-10-01,7.3,11475,1325
3256,Google Ads,Inbound SEO,279.49,2023-10-02,23.29,9526,246
3257,Meta Ads,Retargeting Wave,197.95,2023-10-02,16.5,17833,1641
3258,Meta Ads,Product Launch,309.67,2023-10-02,12.39,4413,1408
3259,Organic,Summer Growth,173.47,2023-10-02,7.88,11794,836
3260,Google Ads,End of Year Push,257.02,2023-10-02,16.06,10042,117
3261,Google Ads,Cold Outbound,293.7,2023-10-02,12.24,49881,277
3262,Email,Retargeting Wave,74.65,2023-10-02,3.93,25387,330
3263,LinkedIn,End of Year Push,529.5,2023-10-02,58.83,9576,624
3264,Referral,Brand Awareness Q1,95.37,2023-10-02,8.67,7913,481
3265,Organic,Retargeting Wave,145.46,2023-10-03,11.19,5982,627
3266,Organic,Brand Awareness Q1,158.53,2023-10-03,8.34,22508,1409
3267,Direct,Product Launch,113.81,2023-10-03,4.95,31580,98
3268,Direct,Brand Awareness Q1,112.69,2023-10-03,6.63,37420,1005
3269,Google Ads,Cold Outbound,389.61,2023-10-03,16.23,29983,1475
3270,Organic,Partner Referral,144.17,2023-10-03,8.48,5602,180
3271,Organic,Cold Outbound,120.93,2023-10-03,5.76,19502,1315
3272,LinkedIn,Cold Outbound,608.1,2023-10-03,30.41,12951,495
3273,Meta Ads,Brand Awareness Q1,250.84,2023-10-04,11.4,7917,1915
3274,Organic,Cold Outbound,171.81,2023-10-04,9.54,3627,1397
3275,Direct,Product Launch,135.62,2023-10-04,11.3,3480,244
3276,Organic,Cold Outbound,173.06,2023-10-04,21.63,48486,627
3277,Organic,Inbound SEO,177.37,2023-10-04,11.82,15931,1379
3278,LinkedIn,Summer Growth,498.41,2023-10-04,29.32,15723,484
3279,Organic,Summer Growth,173.7,2023-10-04,8.27,27115,1562
3280,Referral,Cold Outbound,141.58,2023-10-04,8.33,44947,679
3281,Direct,Cold Outbound,141.33,2023-10-04,15.7,32464,284
3282,Organic,Inbound SEO,179.76,2023-10-04,17.98,7705,291
3283,Google Ads,Cold Outbound,327.22,2023-10-04,27.27,16220,1243
3284,Organic,Summer Growth,131.84,2023-10-04,7.32,42913,805
3285,Direct,Brand Awareness Q1,151.58,2023-10-05,11.66,26867,667
3286,Organic,Product Launch,144.19,2023-10-05,8.48,22711,1682
3287,Meta Ads,Retargeting Wave,280.98,2023-10-05,14.05,49046,1239
3288,Referral,Retargeting Wave,111.22,2023-10-05,5.06,42898,1179
3289,Meta Ads,Brand Awareness Q1,301.0,2023-10-05,15.84,42845,1470
3290,Meta Ads,Cold Outbound,189.17,2023-10-05,7.88,17419,1344
3291,Google Ads,Product Launch,247.85,2023-10-05,10.78,17568,1634
3292,Meta Ads,Retargeting Wave,215.77,2023-10-05,12.69,15642,954
3293,LinkedIn,Partner Referral,521.71,2023-10-05,24.84,3918,636
3294,Google Ads,Cold Outbound,360.93,2023-10-06,32.81,8333,1152
3295,Meta Ads,Product Launch,237.0,2023-10-06,10.3,47479,952
3296,LinkedIn,Cold Outbound,553.55,2023-10-06,25.16,19389,1254
3297,Google Ads,Retargeting Wave,395.58,2023-10-06,20.82,46392,306
3298,Meta Ads,End of Year Push,212.91,2023-10-06,19.36,42481,1107
3299,Referral,Summer Growth,143.25,2023-10-06,7.96,27723,1064
3300,Google Ads,End of Year Push,285.58,2023-10-06,15.87,18672,1335
3301,Referral,Inbound SEO,124.31,2023-10-06,5.65,39636,985
3302,LinkedIn,Cold Outbound,460.46,2023-10-06,51.16,31707,1879
3303,Google Ads,Retargeting Wave,248.84,2023-10-06,13.1,22611,481
3304,Organic,Cold Outbound,121.18,2023-10-06,8.66,7307,1639
3305,Direct,Cold Outbound,110.43,2023-10-06,8.49,23532,1253
3306,Organic,Inbound SEO,158.3,2023-10-06,7.92,29846,1464
3307,Organic,Inbound SEO,123.14,2023-10-06,6.84,42818,1924
3308,LinkedIn,Summer Growth,564.28,2023-10-07,24.53,31245,641
3309,LinkedIn,Inbound SEO,574.33,2023-10-07,47.86,43103,876
3310,Google Ads,Retargeting Wave,264.91,2023-10-07,18.92,29189,680
3311,Organic,Product Launch,164.66,2023-10-07,20.58,12613,310
3312,Organic,Partner Referral,124.37,2023-10-07,7.32,37910,881
3313,Organic,Inbound SEO,129.72,2023-10-07,9.98,47297,176
3314,Direct,Summer Growth,187.61,2023-10-08,11.73,34155,994
3315,Google Ads,Cold Outbound,339.67,2023-10-08,22.64,29278,398
3316,Google Ads,End of Year Push,248.79,2023-10-08,19.14,8181,1554
3317,Meta Ads,End of Year Push,234.56,2023-10-08,18.04,4380,816
3318,LinkedIn,Inbound SEO,597.87,2023-10-08,66.43,26515,1880
3319,Meta Ads,Summer Growth,307.46,2023-10-08,17.08,35955,1114
3320,Google Ads,Product Launch,347.11,2023-10-08,24.79,26512,562
3321,Meta Ads,Summer Growth,217.01,2023-10-08,27.13,2678,1677
3322,Referral,Partner Referral,91.94,2023-10-08,4.0,26970,1579
3323,Organic,Partner Referral,123.51,2023-10-08,10.29,16553,1986
3324,Organic,Summer Growth,170.19,2023-10-08,7.74,21146,305
3325,LinkedIn,Product Launch,615.47,2023-10-08,29.31,2299,740
3326,Meta Ads,Summer Growth,229.51,2023-10-09,14.34,44982,1681
3327,Organic,Product Launch,173.93,2023-10-09,19.33,32957,1743
3328,Organic,Summer Growth,137.21,2023-10-09,15.25,30347,986
3329,Organic,Cold Outbound,128.6,2023-10-09,8.04,40994,1957
3330,Direct,End of Year Push,187.04,2023-10-09,9.35,32392,1959
3331,Google Ads,Partner Referral,326.52,2023-10-09,36.28,5876,1045
3332,Referral,Cold Outbound,148.91,2023-10-09,6.2,30005,487
3333,Direct,Brand Awareness Q1,176.3,2023-10-09,16.03,7304,180
3334,Referral,Inbound SEO,82.32,2023-10-09,6.33,45525,1963
3335,Meta Ads,End of Year Push,312.3,2023-10-10,16.44,11274,352
3336,Organic,Brand Awareness Q1,149.63,2023-10-10,9.35,19277,1679
3337,Meta Ads,End of Year Push,184.2,2023-10-10,14.17,17797,620
3338,Meta Ads,Retargeting Wave,265.32,2023-10-10,12.63,2770,620
3339,Referral,Product Launch,144.84,2023-10-10,6.9,7370,861
3340,LinkedIn,Retargeting Wave,578.25,2023-10-10,48.19,31110,1249
3341,Organic,Cold Outbound,159.52,2023-10-10,17.72,9168,297
3342,Referral,Partner Referral,100.85,2023-10-10,10.08,49079,839
3343,LinkedIn,Brand Awareness Q1,710.49,2023-10-10,41.79,31536,1420
3344,Google Ads,Partner Referral,248.07,2023-10-10,13.06,17771,651
3345,Organic,Retargeting Wave,164.89,2023-10-10,11.78,32565,1002
3346,Referral,Partner Referral,91.69,2023-10-10,4.17,2654,726
3347,Organic,Product Launch,139.28,2023-10-11,9.29,30063,1724
3348,Organic,Partner Referral,165.18,2023-10-11,10.32,21831,1705
3349,Google Ads,Inbound SEO,287.06,2023-10-11,28.71,6072,1248
3350,Meta Ads,Inbound SEO,307.6,2023-10-11,15.38,48475,531
3351,Organic,Partner Referral,131.17,2023-10-11,5.7,40162,195
3352,Referral,Cold Outbound,85.39,2023-10-11,3.56,22571,283
3353,Organic,Product Launch,156.17,2023-10-12,7.1,12201,1681
3354,Direct,Retargeting Wave,107.72,2023-10-12,8.98,10057,317
3355,Referral,Inbound SEO,122.48,2023-10-12,8.17,36301,576
3356,Organic,Cold Outbound,146.58,2023-10-12,7.33,6177,1053
3357,Google Ads,Product Launch,348.74,2023-10-12,26.83,44401,579
3358,Referral,End of Year Push,145.04,2023-10-12,6.91,28869,78
3359,Meta Ads,End of Year Push,258.35,2023-10-13,15.2,3622,1102
3360,Organic,End of Year Push,168.82,2023-10-13,7.34,34004,496
3361,Google Ads,Inbound SEO,341.68,2023-10-13,26.28,25997,899
3362,Meta Ads,Brand Awareness Q1,233.56,2023-10-13,9.34,1950,1035
3363,Meta Ads,End of Year Push,238.39,2023-10-13,26.49,2154,151
3364,Organic,Inbound SEO,128.59,2023-10-13,16.07,40864,463
3365,LinkedIn,Brand Awareness Q1,680.65,2023-10-13,42.54,31324,1839
3366,Organic,Brand Awareness Q1,129.32,2023-10-13,8.62,15056,976
3367,Referral,Summer Growth,98.54,2023-10-13,7.04,31450,641
3368,Google Ads,End of Year Push,268.25,2023-10-14,20.63,41844,344
3369,LinkedIn,Retargeting Wave,796.28,2023-10-14,44.24,17541,373
3370,Meta Ads,Product Launch,238.32,2023-10-14,15.89,48271,1542
3371,Referral,End of Year Push,145.79,2023-10-14,12.15,49783,683
3372,Organic,Summer Growth,148.28,2023-10-14,7.8,40589,1078
3373,Organic,Partner Referral,174.6,2023-10-14,17.46,44067,1076
3374,Organic,Brand Awareness Q1,167.97,2023-10-14,6.72,37285,1532
3375,Organic,End of Year Push,121.16,2023-10-14,8.08,26323,1531
3376,Organic,Retargeting Wave,128.8,2023-10-14,7.58,22081,1747
3377,Organic,Retargeting Wave,149.03,2023-10-14,12.42,26039,1050
3378,Organic,Cold Outbound,128.03,2023-10-15,9.85,12648,1884
3379,Organic,Inbound SEO,168.03,2023-10-15,11.2,10068,705
3380,Organic,End of Year Push,125.78,2023-10-15,9.68,37639,1959
3381,Direct,Summer Growth,125.36,2023-10-15,12.54,46678,1412
3382,Google Ads,Summer Growth,370.37,2023-10-15,17.64,776,1169
3383,Google Ads,Retargeting Wave,363.99,2023-10-15,20.22,7462,510
3384,Organic,Brand Awareness Q1,145.51,2023-10-15,8.08,30927,712
3385,Referral,Partner Referral,124.9,2023-10-15,6.25,49250,674
3386,Direct,Summer Growth,147.89,2023-10-15,6.16,6117,484
3387,Direct,Brand Awareness Q1,113.46,2023-10-15,5.16,10660,445
3388,LinkedIn,Summer Growth,491.54,2023-10-15,19.66,17741,868
3389,Google Ads,Brand Awareness Q1,298.39,2023-10-15,14.21,14741,936
3390,Meta Ads,Inbound SEO,273.02,2023-10-15,27.3,25286,988
3391,Referral,Inbound SEO,140.91,2023-10-15,7.42,41135,1317
3392,Direct,Partner Referral,158.05,2023-10-15,7.53,38858,956
3393,Google Ads,Product Launch,358.5,2023-10-16,25.61,25288,612
3394,Email,Inbound SEO,94.33,2023-10-16,8.58,19460,530
3395,Meta Ads,Retargeting Wave,180.63,2023-10-16,12.9,45055,565
3396,Email,Summer Growth,77.81,2023-10-16,3.71,10679,930
3397,Organic,Cold Outbound,149.85,2023-10-16,9.37,46912,1894
3398,Google Ads,Summer Growth,268.98,2023-10-16,20.69,45046,667
3399,Organic,Cold Outbound,158.74,2023-10-16,11.34,34133,239
3400,LinkedIn,Brand Awareness Q1,755.86,2023-10-16,50.39,17367,958
3401,Organic,Summer Growth,147.22,2023-10-16,16.36,43860,411
3402,Meta Ads,End of Year Push,231.15,2023-10-16,9.25,21925,80
3403,Meta Ads,Product Launch,208.81,2023-10-16,9.08,7127,99
3404,Google Ads,Inbound SEO,273.16,2023-10-17,27.32,14759,700
3405,LinkedIn,Retargeting Wave,706.15,2023-10-17,47.08,4788,1476
3406,Google Ads,Summer Growth,252.46,2023-10-17,12.62,15588,1954
3407,Referral,Retargeting Wave,133.18,2023-10-17,6.05,41670,224
3408,LinkedIn,End of Year Push,755.07,2023-10-17,50.34,42373,1347
3409,Meta Ads,Inbound SEO,305.92,2023-10-17,18.0,7561,1042
3410,Referral,Product Launch,118.12,2023-10-17,9.84,2636,865
3411,Direct,Retargeting Wave,113.3,2023-10-17,6.29,36614,1458
3412,Organic,Retargeting Wave,175.75,2023-10-17,9.25,30703,292
3413,LinkedIn,Summer Growth,596.17,2023-10-18,24.84,6088,924
3414,LinkedIn,Retargeting Wave,579.2,2023-10-18,41.37,7497,1934
3415,Google Ads,Partner Referral,279.81,2023-10-18,15.54,7041,460
3416,Organic,Partner Referral,151.04,2023-10-18,13.73,15116,898
3417,Meta Ads,Partner Referral,220.71,2023-10-18,22.07,28751,255
3418,Google Ads,Retargeting Wave,241.74,2023-10-18,16.12,15345,977
3419,LinkedIn,End of Year Push,619.43,2023-10-18,30.97,31277,210
3420,Organic,Cold Outbound,162.05,2023-10-18,20.26,27868,1290
3421,Referral,End of Year Push,139.81,2023-10-18,13.98,11908,271
3422,Meta Ads,Retargeting Wave,254.01,2023-10-18,31.75,43953,1457
3423,Google Ads,Product Launch,363.14,2023-10-18,17.29,29749,338
3424,Referral,Partner Referral,99.1,2023-10-18,7.62,40664,450
3425,Organic,Summer Growth,165.35,2023-10-18,8.27,29584,1180
3426,Direct,Inbound SEO,163.28,2023-10-18,6.53,25739,1463
3427,Google Ads,Brand Awareness Q1,394.33,2023-10-19,35.85,40315,1730
3428,Organic,End of Year Push,141.82,2023-10-19,12.89,30191,735
3429,Google Ads,Partner Referral,240.19,2023-10-19,21.84,28972,279
3430,Google Ads,Retargeting Wave,277.44,2023-10-19,30.83,15356,1284
3431,Referral,Partner Referral,88.8,2023-10-19,3.86,22539,626
3432,Google Ads,Brand Awareness Q1,306.91,2023-10-19,18.05,6333,578
3433,Organic,Brand Awareness Q1,176.02,2023-10-19,9.26,26210,452
3434,Google Ads,End of Year Push,357.0,2023-10-19,14.88,22132,1373
3435,Google Ads,Product Launch,321.13,2023-10-19,22.94,8094,1976
3436,Organic,Partner Referral,157.06,2023-10-19,6.83,34037,492
3437,Referral,End of Year Push,140.17,2023-10-19,7.38,35612,1482
3438,LinkedIn,Summer Growth,577.67,2023-10-20,26.26,31048,888
3439,Organic,Partner Referral,141.72,2023-10-20,11.81,9790,734
3440,LinkedIn,Retargeting Wave,694.18,2023-10-20,46.28,32464,1467
3441,Google Ads,Product Launch,307.35,2023-10-20,12.81,33092,248
3442,Organic,Partner Referral,168.74,2023-10-20,8.88,14405,1354
3443,Google Ads,Inbound SEO,361.18,2023-10-20,25.8,40181,601
3444,Direct,Partner Referral,180.68,2023-10-20,7.53,40826,739
3445,Meta Ads,Retargeting Wave,272.03,2023-10-20,10.88,27566,532
3446,Referral,Cold Outbound,84.28,2023-10-20,7.02,34612,733
3447,Google Ads,Summer Growth,340.46,2023-10-20,15.48,38536,468
3448,LinkedIn,Retargeting Wave,719.06,2023-10-21,47.94,6080,689
3449,Referral,Retargeting Wave,129.34,2023-10-21,9.95,5167,779
3450,Google Ads,Brand Awareness Q1,355.55,2023-10-21,17.78,30817,1775
3451,Google Ads,Product Launch,289.81,2023-10-21,11.59,24140,1062
3452,Google Ads,Inbound SEO,289.48,2023-10-21,22.27,49297,1421
3453,LinkedIn,Cold Outbound,672.82,2023-10-21,84.1,13676,804
3454,Google Ads,Partner Referral,313.9,2023-10-21,20.93,3776,977
3455,Referral,Cold Outbound,126.12,2023-10-21,5.48,21502,207
3456,LinkedIn,Brand Awareness Q1,450.16,2023-10-21,22.51,46636,1392
3457,Google Ads,Summer Growth,370.72,2023-10-21,21.81,2014,1048
3458,Organic,End of Year Push,168.0,2023-10-21,10.5,27247,260
3459,Google Ads,Summer Growth,246.68,2023-10-22,24.67,33204,152
3460,Meta Ads,Product Launch,258.9,2023-10-22,28.77,39004,343
3461,Referral,End of Year Push,86.16,2023-10-22,10.77,786,417
3462,Meta Ads,Summer Growth,229.83,2023-10-22,22.98,20413,953
3463,Google Ads,Cold Outbound,347.91,2023-10-22,26.76,40929,1221
3464,Organic,Inbound SEO,140.85,2023-10-22,7.82,8793,542
3465,Meta Ads,Brand Awareness Q1,206.29,2023-10-22,12.89,40686,1924
3466,Meta Ads,Retargeting Wave,247.21,2023-10-22,13.73,25190,1951
3467,Meta Ads,Partner Referral,219.7,2023-10-22,14.65,13317,481
3468,Referral,Retargeting Wave,97.19,2023-10-22,4.63,22955,185
3469,Meta Ads,Retargeting Wave,185.89,2023-10-23,7.44,13596,1671
3470,Organic,Summer Growth,128.27,2023-10-23,9.16,3196,290
3471,Google Ads,Retargeting Wave,247.85,2023-10-23,15.49,38619,134
3472,Organic,End of Year Push,158.33,2023-10-23,9.31,8282,1043
3473,LinkedIn,End of Year Push,708.75,2023-10-23,50.62,19158,1521
3474,LinkedIn,Brand Awareness Q1,531.8,2023-10-23,24.17,7776,1170
3475,LinkedIn,Summer Growth,503.15,2023-10-23,20.13,10959,238
3476,Referral,Partner Referral,126.94,2023-10-23,9.07,37788,387
3477,Direct,Partner Referral,106.7,2023-10-23,4.85,42100,1413
3478,Meta Ads,Brand Awareness Q1,274.52,2023-10-23,10.98,4481,365
3479,Direct,End of Year Push,123.55,2023-10-23,6.18,38326,1442
3480,Meta Ads,Product Launch,180.88,2023-10-23,9.52,29973,1295
3481,Referral,Inbound SEO,96.78,2023-10-23,4.61,20790,603
3482,LinkedIn,End of Year Push,766.23,2023-10-23,40.33,19635,1913
3483,Referral,Partner Referral,128.58,2023-10-23,8.57,39286,1208
3484,LinkedIn,Brand Awareness Q1,506.89,2023-10-23,38.99,15674,1078
3485,LinkedIn,Product Launch,788.74,2023-10-23,87.64,15276,194
3486,Meta Ads,Summer Growth,228.3,2023-10-23,14.27,21522,70
3487,LinkedIn,Brand Awareness Q1,660.53,2023-10-24,47.18,41269,1432
3488,Google Ads,Partner Referral,316.68,2023-10-24,21.11,40795,746
3489,Organic,Summer Growth,177.05,2023-10-24,22.13,25596,1791
3490,LinkedIn,End of Year Push,529.27,2023-10-24,22.05,12579,960
3491,Google Ads,End of Year Push,397.82,2023-10-24,23.4,35905,1421
3492,Organic,Retargeting Wave,130.68,2023-10-24,6.53,26138,1117
3493,LinkedIn,End of Year Push,696.51,2023-10-24,27.86,24236,1171
3494,Google Ads,Product Launch,292.99,2023-10-24,36.62,5312,53
3495,LinkedIn,Inbound SEO,489.17,2023-10-24,28.77,20340,1634
3496,Google Ads,Cold Outbound,375.87,2023-10-25,31.32,756,964
3497,Google Ads,Cold Outbound,298.63,2023-10-25,37.33,12871,1439
3498,Organic,Cold Outbound,126.16,2023-10-25,5.73,22009,1310
3499,LinkedIn,Retargeting Wave,496.88,2023-10-25,20.7,16300,1225
3500,Organic,End of Year Push,177.67,2023-10-25,13.67,908,1465
3501,Google Ads,End of Year Push,355.7,2023-10-26,15.47,9100,1090
3502,Referral,Product Launch,83.84,2023-10-26,3.81,11793,1269
3503,Google Ads,Inbound SEO,373.22,2023-10-26,19.64,7998,368
3504,Google Ads,Brand Awareness Q1,314.13,2023-10-26,13.66,40296,923
3505,Referral,End of Year Push,145.23,2023-10-26,10.37,46502,97
3506,Referral,Summer Growth,91.09,2023-10-26,4.14,25870,929
3507,Google Ads,Product Launch,325.21,2023-10-26,29.56,11263,1051
3508,Google Ads,End of Year Push,265.66,2023-10-26,18.98,20350,796
3509,Meta Ads,Product Launch,280.38,2023-10-26,14.76,26574,1968
3510,Google Ads,Product Launch,265.54,2023-10-26,14.75,39707,117
3511,Meta Ads,Retargeting Wave,282.76,2023-10-26,16.63,5420,1587
3512,Google Ads,End of Year Push,298.32,2023-10-26,13.56,28522,1782
3513,Organic,Product Launch,147.11,2023-10-27,7.74,27856,1965
3514,Google Ads,Partner Referral,321.29,2023-10-27,18.9,33117,944
3515,Google Ads,Inbound SEO,297.3,2023-10-27,12.93,32357,1530
3516,Organic,Partner Referral,127.06,2023-10-27,6.69,3924,861
3517,Meta Ads,Partner Referral,282.16,2023-10-27,17.64,22592,186
3518,Organic,Brand Awareness Q1,155.15,2023-10-27,8.62,40886,331
3519,Referral,Partner Referral,139.03,2023-10-27,5.79,30408,55
3520,Google Ads,Retargeting Wave,266.51,2023-10-27,13.33,40500,1073
3521,LinkedIn,Brand Awareness Q1,466.24,2023-10-27,27.43,45630,863
3522,Google Ads,Partner Referral,241.08,2023-10-27,16.07,33741,1492
3523,Referral,Inbound SEO,138.01,2023-10-27,15.33,47425,655
3524,Organic,Cold Outbound,128.53,2023-10-27,7.14,503,1809
3525,Referral,Brand Awareness Q1,124.75,2023-10-27,9.6,12330,735
3526,Organic,End of Year Push,131.07,2023-10-28,5.24,1319,407
3527,Meta Ads,Retargeting Wave,274.08,2023-10-28,17.13,46371,1729
3528,Google Ads,Product Launch,397.95,2023-10-28,17.3,25274,548
3529,Google Ads,Retargeting Wave,355.03,2023-10-28,14.79,30911,589
3530,Meta Ads,Summer Growth,245.98,2023-10-28,13.67,44433,249
3531,Organic,Inbound SEO,155.84,2023-10-28,9.74,24728,1593
3532,Referral,Inbound SEO,121.88,2023-10-28,8.13,41923,1822
3533,Organic,Retargeting Wave,150.01,2023-10-28,15.0,28893,1259
3534,Google Ads,Inbound SEO,391.04,2023-10-28,32.59,9247,1176
3535,LinkedIn,Inbound SEO,678.3,2023-10-28,67.83,9003,64
3536,Meta Ads,Summer Growth,186.18,2023-10-28,8.09,44236,668
3537,Referral,Summer Growth,112.03,2023-10-28,10.18,5714,638
3538,Referral,End of Year Push,109.63,2023-10-29,5.22,2168,1206
3539,Meta Ads,Brand Awareness Q1,280.52,2023-10-29,15.58,44373,55
3540,Google Ads,Inbound SEO,399.25,2023-10-29,19.96,42122,1789
3541,Organic,Retargeting Wave,159.26,2023-10-29,17.7,2334,1784
3542,LinkedIn,Inbound SEO,665.95,2023-10-29,27.75,14127,586
3543,Direct,Inbound SEO,199.21,2023-10-29,12.45,11512,232
3544,Organic,Brand Awareness Q1,137.98,2023-10-29,5.75,19794,1716
3545,Organic,Partner Referral,150.82,2023-10-29,8.38,18288,1217
3546,Organic,Cold Outbound,147.91,2023-10-29,11.38,21761,723
3547,Organic,Summer Growth,142.4,2023-10-29,7.91,8416,1291
3548,Organic,Inbound SEO,132.3,2023-10-30,6.01,31031,54
3549,Email,Partner Referral,111.29,2023-10-30,13.91,45180,873
3550,Organic,Retargeting Wave,160.23,2023-10-30,14.57,14344,1607
3551,Google Ads,Retargeting Wave,256.09,2023-10-30,10.24,13933,827
3552,Referral,Inbound SEO,101.92,2023-10-30,5.36,35764,377
3553,Meta Ads,Partner Referral,283.19,2023-10-30,23.6,9443,901
3554,Meta Ads,Inbound SEO,271.88,2023-10-30,13.59,37419,1427
3555,LinkedIn,Brand Awareness Q1,538.14,2023-10-30,25.63,1866,1792
3556,Meta Ads,Partner Referral,204.93,2023-10-31,18.63,1773,72
3557,Organic,Summer Growth,133.52,2023-10-31,11.13,2277,1940
3558,LinkedIn,Inbound SEO,753.8,2023-10-31,37.69,38742,274
3559,Google Ads,End of Year Push,364.98,2023-10-31,22.81,39880,585
3560,Referral,Partner Referral,119.37,2023-10-31,8.53,13903,1026
3561,Google Ads,Retargeting Wave,378.65,2023-10-31,37.86,16408,1549
3562,Meta Ads,Cold Outbound,246.3,2023-10-31,30.79,7905,1199
3563,Meta Ads,Summer Growth,268.18,2023-10-31,24.38,47742,522
3564,Organic,Inbound SEO,148.4,2023-10-31,11.42,14161,463
3565,Organic,Retargeting Wave,134.11,2023-10-31,13.41,41754,1903
3566,Google Ads,Summer Growth,347.07,2023-10-31,28.92,32591,1080
3567,Meta Ads,End of Year Push,264.24,2023-10-31,17.62,49368,1094
3568,Meta Ads,Brand Awareness Q1,293.82,2023-10-31,12.24,47990,190
3569,Organic,Product Launch,176.85,2023-10-31,19.65,33758,1971
3570,Organic,Retargeting Wave,172.75,2023-11-01,10.16,34517,651
3571,LinkedIn,Inbound SEO,700.71,2023-11-01,63.7,40065,1055
3572,Meta Ads,Summer Growth,302.75,2023-11-01,14.42,17238,1250
3573,Google Ads,Brand Awareness Q1,257.83,2023-11-01,15.17,9755,1419
3574,Referral,Brand Awareness Q1,149.41,2023-11-01,18.68,46591,1651
3575,Referral,Retargeting Wave,93.05,2023-11-02,7.16,9223,613
3576,Referral,Summer Growth,114.9,2023-11-02,4.6,43326,1748
3577,Direct,Summer Growth,122.31,2023-11-02,8.15,32902,1058
3578,LinkedIn,Brand Awareness Q1,523.36,2023-11-02,34.89,4384,1769
3579,Google Ads,Product Launch,346.81,2023-11-02,19.27,46847,1702
3580,LinkedIn,End of Year Push,624.31,2023-11-02,41.62,23268,1116
3581,Organic,Product Launch,144.51,2023-11-02,11.12,3572,217
3582,LinkedIn,Product Launch,567.14,2023-11-02,24.66,40887,906
3583,Meta Ads,Partner Referral,319.9,2023-11-02,24.61,5830,239
3584,Google Ads,Brand Awareness Q1,312.27,2023-11-02,14.87,11256,139
3585,Meta Ads,Product Launch,312.3,2023-11-02,19.52,1146,986
3586,Referral,Partner Referral,125.95,2023-11-03,7.41,47622,1353
3587,LinkedIn,End of Year Push,683.74,2023-11-03,34.19,10485,1746
3588,Meta Ads,End of Year Push,196.28,2023-11-03,10.9,3372,1346
3589,Referral,Retargeting Wave,87.34,2023-11-03,5.46,40197,822
3590,Meta Ads,Inbound SEO,276.42,2023-11-03,34.55,39159,321
3591,Referral,Retargeting Wave,85.78,2023-11-03,3.57,38868,1955
3592,Meta Ads,Retargeting Wave,229.84,2023-11-03,10.45,9727,770
3593,Google Ads,Brand Awareness Q1,374.82,2023-11-03,22.05,32579,563
3594,Referral,Product Launch,101.46,2023-11-04,9.22,29844,1763
3595,Google Ads,Retargeting Wave,276.95,2023-11-04,34.62,17728,1715
3596,Google Ads,Retargeting Wave,256.14,2023-11-04,15.07,17447,674
3597,Google Ads,Cold Outbound,368.15,2023-11-04,21.66,34369,189
3598,Referral,Product Launch,131.75,2023-11-04,7.32,9323,1490
3599,Referral,Partner Referral,132.93,2023-11-04,7.82,25332,701
3600,Referral,End of Year Push,141.93,2023-11-04,17.74,16884,537
3601,Email,Retargeting Wave,88.54,2023-11-04,7.38,5509,536
3602,Direct,Partner Referral,109.79,2023-11-04,4.77,22797,583
3603,Meta Ads,Cold Outbound,266.13,2023-11-04,11.57,32200,1883
3604,Email,Cold Outbound,104.9,2023-11-04,9.54,24227,564
3605,Referral,Summer Growth,91.43,2023-11-04,7.03,21297,1611
3606,Email,End of Year Push,60.09,2023-11-04,2.5,44894,481
3607,Google Ads,Retargeting Wave,255.67,2023-11-04,11.12,9507,419
3608,Organic,Cold Outbound,171.9,2023-11-04,14.33,3355,960
3609,Google Ads,Cold Outbound,251.01,2023-11-04,13.21,14690,1735
3610,Meta Ads,Brand Awareness Q1,312.02,2023-11-04,14.86,15980,380
3611,Organic,Cold Outbound,175.02,2023-11-05,7.96,14245,513
3612,Direct,Brand Awareness Q1,115.93,2023-11-05,4.83,22878,1926
3613,Meta Ads,Cold Outbound,315.47,2023-11-05,16.6,23855,1447
3614,Direct,Product Launch,189.25,2023-11-05,9.01,15335,375
3615,Direct,Retargeting Wave,152.74,2023-11-05,8.04,7059,1539
3616,Organic,Summer Growth,151.4,2023-11-05,6.31,8525,1917
3617,Organic,Retargeting Wave,177.26,2023-11-05,13.64,37289,295
3618,Meta Ads,End of Year Push,304.43,2023-11-05,17.91,9341,1647
3619,LinkedIn,End of Year Push,594.11,2023-11-05,42.44,43624,1930
3620,Meta Ads,Inbound SEO,271.83,2023-11-05,15.1,12825,1710
3621,Google Ads,Cold Outbound,270.01,2023-11-05,24.55,39545,960
3622,Organic,Brand Awareness Q1,120.75,2023-11-05,8.62,12640,646
3623,Organic,Brand Awareness Q1,166.51,2023-11-05,20.81,40667,1371
3624,Organic,Cold Outbound,164.43,2023-11-05,10.96,7813,820
3625,Organic,End of Year Push,128.03,2023-11-05,16.0,43600,1106
3626,LinkedIn,Product Launch,682.73,2023-11-06,40.16,17178,1033
3627,Meta Ads,Brand Awareness Q1,297.46,2023-11-06,12.93,8287,1884
3628,Organic,Product Launch,174.64,2023-11-06,9.19,32990,1318
3629,Referral,Partner Referral,145.97,2023-11-06,14.6,3766,350
3630,Google Ads,Product Launch,257.84,2023-11-06,11.21,11171,625
3631,Google Ads,Product Launch,339.76,2023-11-06,37.75,29378,836
3632,Meta Ads,Summer Growth,267.99,2023-11-06,14.1,9894,1721
3633,Direct,Summer Growth,121.05,2023-11-06,5.5,32809,1087
3634,Meta Ads,Partner Referral,194.94,2023-11-06,10.26,4192,1957
3635,Organic,Brand Awareness Q1,152.09,2023-11-06,8.0,18590,657
3636,Email,Cold Outbound,105.09,2023-11-06,4.78,26049,171
3637,Organic,End of Year Push,171.92,2023-11-06,15.63,25991,331
3638,Google Ads,Summer Growth,315.42,2023-11-07,39.43,2703,89
3639,Organic,Inbound SEO,171.62,2023-11-07,7.46,20963,539
3640,Meta Ads,Cold Outbound,310.38,2023-11-07,20.69,36458,603
3641,Referral,Summer Growth,111.57,2023-11-07,4.46,18160,1692
3642,Direct,Partner Referral,150.29,2023-11-07,10.02,3610,1946
3643,Organic,Summer Growth,130.44,2023-11-07,5.22,10916,443
3644,Google Ads,Cold Outbound,397.17,2023-11-07,33.1,22140,1740
3645,Organic,Brand Awareness Q1,128.36,2023-11-07,9.17,49954,1524
3646,Organic,Product Launch,129.25,2023-11-08,8.62,29379,100
3647,Google Ads,Cold Outbound,301.37,2023-11-08,17.73,37003,1530
3648,Direct,Product Launch,167.65,2023-11-08,13.97,38232,377
3649,Google Ads,Partner Referral,375.82,2023-11-08,20.88,46628,1427
3650,Google Ads,Summer Growth,300.17,2023-11-08,14.29,39946,238
3651,Google Ads,Brand Awareness Q1,296.62,2023-11-08,21.19,25723,742
3652,Organic,Retargeting Wave,179.94,2023-11-08,13.84,13870,953
3653,Organic,Partner Referral,178.65,2023-11-08,8.51,30115,1825
3654,Google Ads,Product Launch,375.2,2023-11-08,17.87,46241,1036
3655,Google Ads,Cold Outbound,318.88,2023-11-08,39.86,18685,1698
3656,Google Ads,Product Launch,360.26,2023-11-08,30.02,19783,1532
3657,Referral,Inbound SEO,128.45,2023-11-09,6.12,17586,351
3658,Google Ads,Brand Awareness Q1,336.69,2023-11-09,16.83,18313,519
3659,Meta Ads,Partner Referral,266.43,2023-11-09,29.6,46021,1374
3660,Organic,Cold Outbound,171.03,2023-11-09,11.4,5028,272
3661,Google Ads,Partner Referral,259.66,2023-11-09,14.43,15871,1868
3662,Referral,Product Launch,122.21,2023-11-09,12.22,6782,1631
3663,LinkedIn,Inbound SEO,705.86,2023-11-09,44.12,12529,572
3664,Organic,Retargeting Wave,140.84,2023-11-09,10.06,42398,1002
3665,LinkedIn,Partner Referral,726.13,2023-11-09,29.05,2253,1137
3666,Referral,Inbound SEO,96.87,2023-11-09,5.1,33442,1370
3667,Direct,Retargeting Wave,122.44,2023-11-09,6.8,17730,1347
3668,Meta Ads,Cold Outbound,232.23,2023-11-10,10.1,17535,322
3669,Google Ads,Product Launch,286.79,2023-11-10,31.87,48421,1624
3670,Referral,Product Launch,94.91,2023-11-10,4.13,21905,876
3671,Meta Ads,Cold Outbound,261.93,2023-11-10,10.91,21982,176
3672,Referral,Cold Outbound,142.29,2023-11-10,5.93,42500,1839
3673,Google Ads,Product Launch,368.33,2023-11-11,20.46,15741,166
3674,Referral,Brand Awareness Q1,87.49,2023-11-11,3.5,26980,949
3675,Meta Ads,Retargeting Wave,288.88,2023-11-11,15.2,7598,270
3676,Referral,End of Year Push,142.67,2023-11-11,10.97,19073,895
3677,Meta Ads,Product Launch,270.4,2023-11-11,12.29,22533,400
3678,Organic,Brand Awareness Q1,173.98,2023-11-11,21.75,47938,350
3679,LinkedIn,Inbound SEO,667.94,2023-11-11,33.4,12986,701
3680,Organic,Cold Outbound,165.98,2023-11-11,8.74,30148,163
3681,Google Ads,Brand Awareness Q1,370.34,2023-11-11,24.69,25159,206
3682,Organic,Summer Growth,157.87,2023-11-11,9.29,20931,1702
3683,Google Ads,Summer Growth,366.46,2023-11-11,15.93,10835,1504
3684,Meta Ads,Retargeting Wave,315.79,2023-11-12,31.58,43607,167
3685,Organic,Brand Awareness Q1,149.58,2023-11-12,7.48,37743,1648
3686,LinkedIn,Retargeting Wave,503.79,2023-11-12,55.98,5142,237
3687,Meta Ads,Brand Awareness Q1,296.55,2023-11-12,19.77,46827,1042
3688,Organic,Retargeting Wave,147.59,2023-11-12,7.03,30572,1260
3689,Organic,End of Year Push,147.92,2023-11-12,6.43,14665,1354
3690,Organic,Product Launch,144.97,2023-11-12,6.59,23112,1298
3691,Organic,Brand Awareness Q1,138.57,2023-11-12,13.86,3326,83
3692,Direct,Cold Outbound,163.73,2023-11-12,7.12,19640,155
3693,Organic,Brand Awareness Q1,161.34,2023-11-12,16.13,34161,491
3694,Organic,Partner Referral,157.78,2023-11-12,7.89,49237,1824
3695,Organic,Summer Growth,120.52,2023-11-13,15.06,35014,1914
3696,Google Ads,Cold Outbound,278.99,2023-11-13,31.0,924,1073
3697,Organic,Brand Awareness Q1,121.24,2023-11-13,10.1,49671,337
3698,Organic,Partner Referral,127.0,2023-11-13,5.08,14798,1839
3699,Email,Inbound SEO,96.84,2023-11-13,8.8,49337,123
3700,Organic,Summer Growth,177.99,2023-11-13,7.12,4967,1553
3701,Google Ads,Retargeting Wave,271.35,2023-11-13,24.67,840,1653
3702,Google Ads,Cold Outbound,314.11,2023-11-13,31.41,3099,1767
3703,Email,Retargeting Wave,76.9,2023-11-14,7.69,5845,1670
3704,Referral,Partner Referral,134.39,2023-11-14,8.96,12261,1194
3705,Organic,Summer Growth,129.11,2023-11-14,6.46,17361,1633
3706,Organic,Inbound SEO,178.2,2023-11-14,7.42,41861,840
3707,Organic,Summer Growth,146.76,2023-11-14,14.68,32264,90
3708,Referral,Inbound SEO,90.92,2023-11-14,5.68,20254,1661
3709,Referral,Inbound SEO,107.33,2023-11-14,11.93,10792,1496
3710,Google Ads,Summer Growth,358.21,2023-11-15,14.93,43974,1673
3711,Organic,Retargeting Wave,139.54,2023-11-15,5.81,3803,728
3712,LinkedIn,Inbound SEO,781.64,2023-11-15,97.7,11682,652
3713,Organic,Product Launch,135.11,2023-11-15,6.43,14607,551
3714,Direct,Summer Growth,117.94,2023-11-15,5.36,41745,706
3715,Google Ads,Summer Growth,310.82,2023-11-15,22.2,10568,54
3716,Organic,End of Year Push,144.04,2023-11-15,12.0,1440,531
3717,Organic,Cold Outbound,151.44,2023-11-15,7.21,48474,1659
3718,Referral,Product Launch,99.61,2023-11-15,7.66,33941,1576
3719,Meta Ads,End of Year Push,181.52,2023-11-15,20.17,3376,1936
3720,Referral,Partner Referral,100.95,2023-11-15,6.73,2550,1479
3721,Meta Ads,Partner Referral,234.14,2023-11-16,10.64,29138,407
3722,Meta Ads,Product Launch,184.43,2023-11-16,8.78,43147,688
3723,Referral,Brand Awareness Q1,121.88,2023-11-16,7.62,47343,1059
3724,Organic,Inbound SEO,144.9,2023-11-16,9.06,21519,1356
3725,Meta Ads,Retargeting Wave,217.06,2023-11-16,10.34,23055,1008
3726,Meta Ads,End of Year Push,312.52,2023-11-16,14.21,7791,755
3727,Organic,End of Year Push,130.04,2023-11-16,10.0,34652,1911
3728,Referral,Product Launch,133.88,2023-11-16,10.3,31199,1621
3729,Google Ads,Retargeting Wave,393.74,2023-11-16,15.75,41890,642
3730,Organic,Retargeting Wave,171.67,2023-11-16,8.17,45627,675
3731,Google Ads,Brand Awareness Q1,284.02,2023-11-16,20.29,48311,111
3732,LinkedIn,Summer Growth,504.36,2023-11-16,29.67,15814,837
3733,Google Ads,Retargeting Wave,361.09,2023-11-16,19.0,13688,1184
3734,Email,End of Year Push,70.33,2023-11-16,5.86,16807,675
3735,Referral,End of Year Push,103.3,2023-11-17,7.38,23379,843
3736,Google Ads,Product Launch,369.45,2023-11-17,15.39,39734,1553
3737,Referral,Cold Outbound,137.12,2023-11-17,7.22,20374,1288
3738,Direct,Brand Awareness Q1,114.88,2023-11-17,7.66,46364,1309
3739,Meta Ads,End of Year Push,195.83,2023-11-17,8.9,42366,862
3740,Organic,Inbound SEO,156.69,2023-11-17,7.12,32076,66
3741,Organic,Summer Growth,138.64,2023-11-17,12.6,5676,779
3742,LinkedIn,Partner Referral,634.91,2023-11-17,52.91,14384,191
3743,Google Ads,Product Launch,337.53,2023-11-17,13.5,5304,281
3744,Google Ads,Partner Referral,314.02,2023-11-17,17.45,3059,1231
3745,Referral,Cold Outbound,106.35,2023-11-17,5.6,1986,805
3746,Referral,Product Launch,137.42,2023-11-17,12.49,24790,181
3747,Organic,Summer Growth,176.31,2023-11-17,19.59,2494,1369
3748,Meta Ads,End of Year Push,217.07,2023-11-18,27.13,2826,334
3749,Meta Ads,Brand Awareness Q1,211.54,2023-11-18,10.58,22513,863
3750,Meta Ads,Partner Referral,200.45,2023-11-18,14.32,36781,67
3751,Referral,Partner Referral,116.83,2023-11-18,8.35,11310,1834
3752,Google Ads,End of Year Push,311.24,2023-11-18,28.29,6248,683
3753,Organic,Cold Outbound,164.8,2023-11-18,9.16,15486,1810
3754,Meta Ads,Cold Outbound,301.04,2023-11-18,30.1,18608,272
3755,Google Ads,Product Launch,396.28,2023-11-18,18.87,47765,1883
3756,Google Ads,Brand Awareness Q1,334.71,2023-11-18,16.74,44426,1690
3757,Google Ads,Summer Growth,301.03,2023-11-19,17.71,13525,1086
3758,LinkedIn,Summer Growth,741.81,2023-11-19,35.32,33085,665
3759,LinkedIn,Inbound SEO,497.03,2023-11-19,29.24,3849,778
3760,Meta Ads,Retargeting Wave,271.93,2023-11-19,18.13,37045,1668
3761,Meta Ads,Inbound SEO,248.4,2023-11-19,20.7,33811,1992
3762,Meta Ads,Product Launch,292.16,2023-11-19,17.19,22371,1722
3763,LinkedIn,Product Launch,769.37,2023-11-19,59.18,19357,746
3764,Google Ads,Retargeting Wave,287.22,2023-11-19,23.94,8503,93
3765,Organic,Partner Referral,138.01,2023-11-19,12.55,7677,1608
3766,Referral,Inbound SEO,113.13,2023-11-20,7.07,24863,477
3767,Meta Ads,Brand Awareness Q1,297.07,2023-11-20,15.64,29347,1490
3768,LinkedIn,Product Launch,583.1,2023-11-20,27.77,39464,411
3769,Referral,Inbound SEO,95.05,2023-11-20,6.34,48405,1760
3770,Organic,Product Launch,164.76,2023-11-20,8.67,48880,769
3771,Direct,Product Launch,159.48,2023-11-20,8.39,26734,1469
3772,Organic,Cold Outbound,170.56,2023-11-20,12.18,7414,409
3773,Referral,Inbound SEO,91.07,2023-11-20,3.79,47646,1770
3774,Meta Ads,End of Year Push,184.47,2023-11-20,16.77,48871,1717
3775,Organic,Summer Growth,146.69,2023-11-20,6.38,16072,1416
3776,Organic,Partner Referral,153.43,2023-11-20,12.79,19766,1754
3777,Meta Ads,Inbound SEO,204.69,2023-11-20,20.47,22768,928
3778,Meta Ads,Cold Outbound,223.61,2023-11-20,8.94,31668,193
3779,Meta Ads,Inbound SEO,189.58,2023-11-21,13.54,23341,1885
3780,LinkedIn,Summer Growth,629.72,2023-11-21,69.97,23425,1654
3781,Referral,Product Launch,117.7,2023-11-21,6.54,28891,375
3782,LinkedIn,Partner Referral,619.37,2023-11-21,38.71,13548,1428
3783,Referral,Partner Referral,139.89,2023-11-21,13.99,10606,50
3784,LinkedIn,Partner Referral,665.74,2023-11-21,26.63,43833,1529
3785,LinkedIn,Product Launch,645.42,2023-11-21,28.06,32049,726
3786,Organic,Cold Outbound,133.33,2023-11-21,11.11,3589,1469
3787,Meta Ads,Inbound SEO,300.58,2023-11-21,33.4,25654,819
3788,LinkedIn,Product Launch,486.34,2023-11-21,19.45,21060,1801
3789,LinkedIn,Retargeting Wave,631.3,2023-11-21,37.14,5659,910
3790,Google Ads,End of Year Push,331.5,2023-11-21,30.14,5991,228
3791,Google Ads,Inbound SEO,361.09,2023-11-21,21.24,2366,398
3792,Google Ads,Summer Growth,374.89,2023-11-22,15.62,3205,855
3793,LinkedIn,Brand Awareness Q1,679.71,2023-11-22,45.31,49664,887
3794,Organic,Inbound SEO,133.85,2023-11-22,12.17,36535,716
3795,Referral,Summer Growth,90.12,2023-11-22,4.29,23706,867
3796,Organic,Brand Awareness Q1,161.72,2023-11-22,7.35,48647,1712
3797,Organic,Cold Outbound,157.21,2023-11-22,15.72,42966,1422
3798,Google Ads,Inbound SEO,286.26,2023-11-22,17.89,20679,1941
3799,Referral,Cold Outbound,82.08,2023-11-22,4.83,22580,1718
3800,LinkedIn,Cold Outbound,764.1,2023-11-22,33.22,31228,1934
3801,Google Ads,Retargeting Wave,343.72,2023-11-23,16.37,49538,1739
3802,Referral,End of Year Push,140.75,2023-11-23,12.8,26804,550
3803,Organic,Inbound SEO,130.5,2023-11-23,8.7,16374,1495
3804,Google Ads,Cold Outbound,246.36,2023-11-23,12.97,30864,1458
3805,Meta Ads,Brand Awareness Q1,233.16,2023-11-23,10.6,4324,432
3806,Referral,Brand Awareness Q1,140.65,2023-11-23,6.39,47624,831
3807,Google Ads,Partner Referral,247.14,2023-11-23,13.01,1763,1105
3808,Direct,Partner Referral,171.18,2023-11-23,17.12,3596,911
3809,Meta Ads,Inbound SEO,237.37,2023-11-24,16.96,9409,839
3810,Referral,Retargeting Wave,97.82,2023-11-24,8.89,43000,1502
3811,Google Ads,Retargeting Wave,268.9,2023-11-24,33.61,44695,1591
3812,Referral,Partner Referral,93.68,2023-11-24,3.9,19081,1104
3813,Referral,Partner Referral,102.28,2023-11-24,11.36,966,60
3814,Referral,Product Launch,118.65,2023-11-24,14.83,34162,1049
3815,Organic,Summer Growth,157.93,2023-11-24,11.28,47091,1436
3816,Meta Ads,Cold Outbound,269.73,2023-11-24,26.97,37618,244
3817,Meta Ads,End of Year Push,260.6,2023-11-24,10.42,7432,1300
3818,Meta Ads,Product Launch,302.53,2023-11-24,27.5,27587,730
3819,Organic,Summer Growth,170.86,2023-11-24,7.77,48801,791
3820,Meta Ads,Summer Growth,284.23,2023-11-24,11.84,2596,1114
3821,Google Ads,Inbound SEO,310.33,2023-11-24,25.86,8766,892
3822,Organic,Summer Growth,155.83,2023-11-25,8.66,8934,1455
3823,Meta Ads,Summer Growth,211.48,2023-11-25,10.57,29105,740
3824,Referral,Cold Outbound,85.63,2023-11-25,6.12,5591,472
3825,Organic,Cold Outbound,156.86,2023-11-25,9.23,37813,553
3826,Organic,Cold Outbound,139.57,2023-11-25,6.65,12451,1654
3827,Referral,End of Year Push,103.99,2023-11-25,4.52,28226,1400
3828,Google Ads,Product Launch,254.85,2023-11-25,14.16,29158,1593
3829,Referral,Inbound SEO,123.82,2023-11-25,11.26,25624,489
3830,Meta Ads,Cold Outbound,243.81,2023-11-25,22.16,22108,565
3831,Meta Ads,Product Launch,207.2,2023-11-25,8.29,6594,1828
3832,LinkedIn,Retargeting Wave,780.77,2023-11-25,70.98,15853,1656
3833,Google Ads,Retargeting Wave,270.05,2023-11-25,13.5,1311,1511
3834,Meta Ads,Partner Referral,318.84,2023-11-25,13.28,29399,717
3835,Google Ads,Retargeting Wave,343.32,2023-11-25,16.35,46365,695
3836,Google Ads,Product Launch,280.47,2023-11-26,25.5,34269,1785
3837,Referral,End of Year Push,149.58,2023-11-26,5.98,43722,412
3838,Organic,Inbound SEO,127.63,2023-11-26,7.09,33930,1162
3839,Direct,Retargeting Wave,195.84,2023-11-26,21.76,23526,168
3840,Organic,Summer Growth,123.91,2023-11-26,8.85,20838,1614
3841,LinkedIn,Partner Referral,580.7,2023-11-26,32.26,45936,906
3842,LinkedIn,End of Year Push,771.91,2023-11-26,30.88,32638,1666
3843,Google Ads,Cold Outbound,316.69,2023-11-26,31.67,15473,680
3844,Organic,End of Year Push,140.37,2023-11-27,5.85,46118,1938
3845,Direct,Retargeting Wave,164.01,2023-11-27,16.4,2171,918
3846,Google Ads,Product Launch,313.4,2023-11-27,14.25,28128,1768
3847,Google Ads,Product Launch,307.49,2023-11-27,34.17,28090,1725
3848,Meta Ads,End of Year Push,186.9,2023-11-27,12.46,14524,819
3849,Google Ads,Cold Outbound,348.82,2023-11-27,21.8,20907,1784
3850,Organic,Retargeting Wave,171.74,2023-11-27,12.27,38865,1010
3851,Direct,Summer Growth,174.93,2023-11-27,7.29,12690,1493
3852,Organic,Retargeting Wave,120.73,2023-11-27,13.41,41281,1556
3853,Organic,Product Launch,164.22,2023-11-27,7.14,48734,1451
3854,Organic,End of Year Push,172.97,2023-11-27,14.41,3972,482
3855,Organic,Partner Referral,120.65,2023-11-27,6.03,18944,1895
3856,Google Ads,Retargeting Wave,297.54,2023-11-27,12.94,33843,1669
3857,Meta Ads,Cold Outbound,280.26,2023-11-28,11.68,36486,1098
3858,Email,Cold Outbound,80.98,2023-11-28,4.26,30990,1484
3859,Meta Ads,Retargeting Wave,191.94,2023-11-28,19.19,30522,1928
3860,Direct,Partner Referral,184.26,2023-11-28,18.43,42921,1826
3861,LinkedIn,Product Launch,775.86,2023-11-28,51.72,42352,1519
3862,Meta Ads,Brand Awareness Q1,229.61,2023-11-28,9.18,43052,1802
3863,LinkedIn,End of Year Push,707.56,2023-11-28,58.96,32820,1423
3864,Meta Ads,Partner Referral,235.68,2023-11-28,9.43,43772,1291
3865,Meta Ads,Brand Awareness Q1,222.23,2023-11-28,27.78,15506,433
3866,Direct,Inbound SEO,193.93,2023-11-28,21.55,42539,517
3867,Email,Product Launch,112.69,2023-11-29,7.04,6646,247
3868,Google Ads,Cold Outbound,266.94,2023-11-29,12.71,25005,1778
3869,Organic,End of Year Push,168.39,2023-11-29,9.35,12151,1768
3870,Meta Ads,Cold Outbound,264.03,2023-11-29,12.57,3976,559
3871,LinkedIn,Partner Referral,670.65,2023-11-29,67.06,2484,1155
3872,Google Ads,Product Launch,395.94,2023-11-29,17.21,4021,666
3873,Referral,Partner Referral,94.42,2023-11-29,3.78,29612,865
3874,Organic,Cold Outbound,161.69,2023-11-30,7.7,32672,821
3875,Organic,End of Year Push,176.99,2023-11-30,9.83,20162,1342
3876,Google Ads,Retargeting Wave,360.1,2023-11-30,24.01,8396,755
3877,LinkedIn,End of Year Push,777.08,2023-11-30,45.71,37100,1735
3878,Referral,Inbound SEO,120.35,2023-11-30,8.02,4850,415
3879,Referral,Brand Awareness Q1,143.86,2023-11-30,5.99,22242,1231
3880,Direct,Brand Awareness Q1,131.18,2023-11-30,10.09,18828,262
3881,Email,End of Year Push,87.07,2023-11-30,4.35,47449,565
3882,Organic,Cold Outbound,134.62,2023-11-30,8.97,14769,208
3883,Organic,Product Launch,169.03,2023-11-30,9.94,4602,648
3884,Referral,Cold Outbound,110.79,2023-11-30,5.54,11146,1780
3885,Organic,Cold Outbound,148.82,2023-11-30,8.75,48182,338
3886,Direct,Product Launch,164.18,2023-11-30,14.93,2797,1720
3887,Organic,Retargeting Wave,128.15,2023-11-30,5.13,9241,215
3888,LinkedIn,Cold Outbound,762.68,2023-12-01,42.37,1796,1549
3889,Direct,Partner Referral,168.39,2023-12-01,11.23,5754,510
3890,Organic,Retargeting Wave,161.25,2023-12-01,8.06,5762,1324
3891,Direct,Inbound SEO,169.91,2023-12-01,16.99,40498,861
3892,Google Ads,Retargeting Wave,317.03,2023-12-01,16.69,32234,155
3893,Email,Partner Referral,78.98,2023-12-01,3.29,29065,383
3894,Referral,End of Year Push,144.62,2023-12-01,6.57,34022,811
3895,LinkedIn,Summer Growth,606.99,2023-12-01,27.59,8559,414
3896,Organic,End of Year Push,155.44,2023-12-01,15.54,32786,827
3897,LinkedIn,Cold Outbound,617.4,2023-12-01,77.17,594,310
3898,Organic,Partner Referral,146.31,2023-12-01,11.25,48771,616
3899,Google Ads,Retargeting Wave,269.29,2023-12-02,19.24,505,1482
3900,Direct,Cold Outbound,121.94,2023-12-02,5.08,42254,1595
3901,Organic,Retargeting Wave,179.26,2023-12-02,8.54,22814,1756
3902,Meta Ads,Summer Growth,283.29,2023-12-02,11.33,27671,1161
3903,LinkedIn,Retargeting Wave,738.3,2023-12-02,30.76,32387,1477
3904,Google Ads,Product Launch,353.65,2023-12-02,44.21,14231,1528
3905,Meta Ads,Partner Referral,203.36,2023-12-02,8.47,31354,102
3906,LinkedIn,Inbound SEO,522.46,2023-12-02,27.5,48858,1673
3907,Meta Ads,Retargeting Wave,231.53,2023-12-03,12.86,32226,1494
3908,LinkedIn,Inbound SEO,585.28,2023-12-03,41.81,778,1237
3909,Organic,Partner Referral,164.83,2023-12-03,9.7,13942,86
3910,Direct,Product Launch,111.16,2023-12-03,9.26,11857,758
3911,Email,Retargeting Wave,82.24,2023-12-03,8.22,9552,385
3912,Google Ads,End of Year Push,288.95,2023-12-03,15.21,48401,1607
3913,Organic,Inbound SEO,136.87,2023-12-03,7.2,48938,1374
3914,LinkedIn,Retargeting Wave,531.34,2023-12-03,44.28,43720,918
3915,Google Ads,Retargeting Wave,263.28,2023-12-03,11.45,29230,927
3916,Organic,Product Launch,178.8,2023-12-03,7.45,4392,1035
3917,Direct,Product Launch,106.09,2023-12-03,6.63,21217,1126
3918,Referral,Partner Referral,130.12,2023-12-03,8.13,7919,1338
3919,Meta Ads,Partner Referral,262.26,2023-12-04,11.4,40021,550
3920,LinkedIn,End of Year Push,714.89,2023-12-04,51.06,16606,1085
3921,Organic,Cold Outbound,131.76,2023-12-04,6.27,36801,1099
3922,Organic,Partner Referral,163.18,2023-12-04,6.8,38566,1669
3923,Meta Ads,Summer Growth,228.37,2023-12-04,10.38,14288,1191
3924,Referral,Summer Growth,110.36,2023-12-04,5.52,23345,419
3925,LinkedIn,Brand Awareness Q1,537.32,2023-12-04,23.36,42114,1285
3926,Referral,End of Year Push,124.23,2023-12-04,5.4,36113,1054
3927,Organic,Product Launch,157.91,2023-12-04,14.36,38495,1286
3928,Meta Ads,Retargeting Wave,232.77,2023-12-04,11.64,2497,1415
3929,Organic,Retargeting Wave,132.52,2023-12-04,10.19,39445,1911
3930,Referral,Inbound SEO,123.18,2023-12-04,13.69,35966,858
3931,Meta Ads,Product Launch,319.66,2023-12-04,15.22,43928,1342
3932,Google Ads,Brand Awareness Q1,325.54,2023-12-04,14.8,26986,951
3933,Meta Ads,Partner Referral,317.33,2023-12-05,14.42,44454,1508
3934,Organic,Summer Growth,156.11,2023-12-05,6.24,4930,1296
3935,Organic,Cold Outbound,159.12,2023-12-05,9.95,28693,1076
3936,Direct,End of Year Push,157.42,2023-12-05,11.24,2662,790
3937,Organic,Brand Awareness Q1,149.15,2023-12-05,7.1,10843,574
3938,Organic,End of Year Push,127.04,2023-12-05,8.47,10423,622
3939,Email,Cold Outbound,101.58,2023-12-05,7.26,26028,767
3940,Organic,Summer Growth,152.19,2023-12-05,6.09,27294,1594
3941,Google Ads,Retargeting Wave,273.84,2023-12-05,34.23,26728,537
3942,Direct,Product Launch,197.17,2023-12-05,12.32,31112,875
3943,Referral,Inbound SEO,121.96,2023-12-06,5.3,10161,1704
3944,Google Ads,Inbound SEO,351.94,2023-12-06,39.1,1236,1002
3945,Organic,Retargeting Wave,175.72,2023-12-06,11.71,33800,1377
3946,LinkedIn,Brand Awareness Q1,574.22,2023-12-06,71.78,38441,1323
3947,Referral,Partner Referral,143.91,2023-12-06,6.85,45507,1960
3948,LinkedIn,Retargeting Wave,506.37,2023-12-06,28.13,45725,83
3949,Direct,Retargeting Wave,106.48,2023-12-06,13.31,20846,1080
3950,Referral,Inbound SEO,132.33,2023-12-06,5.75,25056,609
3951,Organic,Inbound SEO,137.23,2023-12-07,9.15,25515,1772
3952,Google Ads,Summer Growth,330.45,2023-12-07,36.72,32437,1072
3953,LinkedIn,Cold Outbound,650.86,2023-12-07,29.58,9833,356
3954,Organic,Retargeting Wave,161.86,2023-12-07,8.09,48371,1432
3955,Organic,End of Year Push,179.4,2023-12-07,11.96,2737,71
3956,Organic,Cold Outbound,120.67,2023-12-07,6.35,49137,172
3957,Referral,Partner Referral,113.34,2023-12-07,4.93,45908,944
3958,LinkedIn,Brand Awareness Q1,535.13,2023-12-07,29.73,7595,566
3959,Google Ads,Partner Referral,379.33,2023-12-07,47.42,8168,1955
3960,Google Ads,Summer Growth,382.54,2023-12-08,31.88,2956,1069
3961,Google Ads,Brand Awareness Q1,241.02,2023-12-08,12.05,40599,1808
3962,Referral,Summer Growth,123.24,2023-12-08,6.49,24482,1134
3963,Referral,End of Year Push,104.25,2023-12-08,8.02,9914,1824
3964,Google Ads,Partner Referral,291.01,2023-12-08,16.17,12475,484
3965,Organic,Retargeting Wave,125.75,2023-12-08,7.86,5999,438
3966,LinkedIn,Inbound SEO,720.77,2023-12-08,72.08,29809,873
3967,Meta Ads,Brand Awareness Q1,207.87,2023-12-08,13.86,36651,212
3968,Google Ads,Brand Awareness Q1,333.41,2023-12-08,14.5,1369,765
3969,LinkedIn,Partner Referral,685.83,2023-12-08,36.1,46924,183
3970,Organic,End of Year Push,145.88,2023-12-08,6.95,7838,1382
3971,Referral,Cold Outbound,136.55,2023-12-08,8.03,3189,1493
3972,Referral,Summer Growth,125.37,2023-12-09,5.7,13000,100
3973,LinkedIn,End of Year Push,652.27,2023-12-09,27.18,10020,191
3974,Google Ads,Cold Outbound,261.17,2023-12-09,10.88,38707,1283
3975,Referral,Partner Referral,142.22,2023-12-09,11.85,33616,1230
3976,Direct,Product Launch,123.46,2023-12-09,4.94,19302,165
3977,Google Ads,Inbound SEO,251.95,2023-12-09,27.99,21498,835
3978,Referral,End of Year Push,119.17,2023-12-09,10.83,37918,246
3979,Organic,Retargeting Wave,144.5,2023-12-09,5.78,23692,1574
3980,Email,Inbound SEO,94.04,2023-12-09,5.88,40690,1966
3981,Meta Ads,Retargeting Wave,256.71,2023-12-09,16.04,1512,1266
3982,Referral,Partner Referral,118.05,2023-12-09,6.21,20675,990
3983,Organic,Cold Outbound,166.25,2023-12-09,18.47,45545,813
3984,Google Ads,Cold Outbound,313.18,2023-12-09,34.8,22536,867
3985,Google Ads,Brand Awareness Q1,276.01,2023-12-09,14.53,26222,63
3986,Meta Ads,Retargeting Wave,319.9,2023-12-09,15.99,7582,788
3987,Organic,End of Year Push,125.84,2023-12-09,6.99,3949,904
3988,Google Ads,Partner Referral,300.0,2023-12-09,14.29,4123,1783
3989,Email,Inbound SEO,81.6,2023-12-09,10.2,34010,1796
3990,Google Ads,Cold Outbound,299.62,2023-12-10,14.27,22115,1042
3991,Meta Ads,Cold Outbound,260.43,2023-12-10,17.36,38749,247
3992,Direct,Retargeting Wave,130.84,2023-12-10,8.72,30755,361
3993,Referral,Brand Awareness Q1,139.03,2023-12-10,9.93,21838,1830
3994,Organic,Partner Referral,161.63,2023-12-10,20.2,39329,305
3995,Organic,Retargeting Wave,147.33,2023-12-10,6.41,5169,1912
3996,Referral,Product Launch,140.88,2023-12-10,8.8,44774,1385
3997,Organic,Summer Growth,124.84,2023-12-10,13.87,9070,944
3998,LinkedIn,Product Launch,716.67,2023-12-10,47.78,32282,971
3999,Organic,Summer Growth,157.94,2023-12-10,10.53,16839,65
4000,LinkedIn,End of Year Push,793.99,2023-12-10,72.18,17747,807
4001,Email,Brand Awareness Q1,74.99,2023-12-11,5.36,20730,840
4002,Organic,Product Launch,131.77,2023-12-11,5.49,29530,591
4003,LinkedIn,Partner Referral,731.09,2023-12-11,40.62,26937,1890
4004,Direct,Brand Awareness Q1,139.27,2023-12-11,7.74,36793,133
4005,Organic,Inbound SEO,162.93,2023-12-11,11.64,36182,287
4006,Google Ads,Brand Awareness Q1,373.15,2023-12-11,37.31,21076,602
4007,Organic,Inbound SEO,152.61,2023-12-11,6.94,35919,268
4008,Meta Ads,Cold Outbound,186.91,2023-12-11,8.5,41197,1915
4009,LinkedIn,Summer Growth,545.81,2023-12-11,32.11,35267,1114
4010,Referral,Summer Growth,88.01,2023-12-11,5.18,18266,925
4011,Google Ads,Inbound SEO,382.18,2023-12-11,23.89,7743,980
4012,Organic,Partner Referral,120.22,2023-12-12,6.33,27699,1777
4013,Organic,Partner Referral,143.73,2023-12-12,5.75,36760,791
4014,Google Ads,Inbound SEO,365.4,2023-12-12,24.36,42036,1452
4015,Google Ads,Cold Outbound,319.62,2023-12-12,15.22,28913,788
4016,LinkedIn,Brand Awareness Q1,761.31,2023-12-12,58.56,43931,518
4017,Google Ads,Product Launch,387.64,2023-12-12,25.84,37268,259
4018,Referral,Partner Referral,92.67,2023-12-12,4.41,18153,1095
4019,Referral,Summer Growth,122.97,2023-12-12,5.12,42975,852
4020,Organic,Product Launch,143.1,2023-12-12,5.72,34364,528
4021,Google Ads,Brand Awareness Q1,353.97,2023-12-12,18.63,49774,473
4022,Organic,Summer Growth,159.5,2023-12-12,11.39,5561,1437
4023,Email,Summer Growth,80.73,2023-12-12,7.34,29616,1886
4024,Organic,Retargeting Wave,149.11,2023-12-12,6.48,12798,658
4025,Google Ads,End of Year Push,396.48,2023-12-12,18.02,11694,1582
4026,Organic,Summer Growth,166.19,2023-12-12,7.23,25420,205
4027,LinkedIn,Partner Referral,790.21,2023-12-12,31.61,11017,1854
4028,Organic,Inbound SEO,151.33,2023-12-12,6.31,18415,1404
4029,Organic,Inbound SEO,132.93,2023-12-13,5.78,20449,80
4030,Meta Ads,Retargeting Wave,223.04,2023-12-13,27.88,30097,449
4031,LinkedIn,Partner Referral,503.02,2023-12-13,45.73,49380,1047
4032,Google Ads,Cold Outbound,294.65,2023-12-13,32.74,25722,305
4033,Meta Ads,Retargeting Wave,214.01,2023-12-13,13.38,10286,723
4034,Organic,Inbound SEO,150.36,2023-12-13,9.4,22372,691
4035,Organic,Product Launch,173.87,2023-12-13,10.23,7346,805
4036,Direct,Partner Referral,151.39,2023-12-13,10.09,20899,1170
4037,Google Ads,Partner Referral,250.67,2023-12-13,25.07,44464,974
4038,Organic,Partner Referral,169.92,2023-12-13,10.62,40269,1913
4039,Organic,End of Year Push,138.36,2023-12-13,9.22,32760,1461
4040,Direct,Brand Awareness Q1,184.31,2023-12-13,16.76,24054,830
4041,LinkedIn,Summer Growth,546.63,2023-12-13,27.33,45384,1985
4042,Google Ads,Cold Outbound,252.25,2023-12-13,16.82,12806,1023
4043,Google Ads,Retargeting Wave,395.48,2023-12-13,49.44,47937,1317
4044,Organic,Cold Outbound,136.03,2023-12-13,5.67,5008,81
4045,LinkedIn,Inbound SEO,620.44,2023-12-13,26.98,42597,259
4046,LinkedIn,Inbound SEO,554.68,2023-12-13,50.43,20922,1243
4047,Google Ads,Inbound SEO,284.76,2023-12-14,15.82,35379,1636
4048,Organic,End of Year Push,149.18,2023-12-14,7.46,36482,124
4049,Direct,Partner Referral,146.7,2023-12-14,6.99,48110,209
4050,Referral,Retargeting Wave,116.22,2023-12-14,7.75,34608,1112
4051,Referral,Retargeting Wave,106.78,2023-12-14,4.45,9669,1806
4052,Meta Ads,End of Year Push,203.79,2023-12-14,25.47,39462,1287
4053,Organic,Retargeting Wave,175.68,2023-12-14,8.78,18553,563
4054,Google Ads,Brand Awareness Q1,277.78,2023-12-14,13.89,44511,55
4055,Google Ads,Summer Growth,354.11,2023-12-14,39.35,34029,221
4056,Referral,End of Year Push,113.56,2023-12-14,12.62,2369,413
4057,Meta Ads,End of Year Push,295.38,2023-12-15,24.61,30448,425
4058,Organic,End of Year Push,166.93,2023-12-15,7.95,40680,1805
4059,Google Ads,End of Year Push,281.88,2023-12-15,23.49,43032,840
4060,Referral,Brand Awareness Q1,103.24,2023-12-15,6.45,30930,528
4061,Google Ads,Product Launch,292.38,2023-12-15,22.49,27915,1601
4062,Referral,Retargeting Wave,143.76,2023-12-15,10.27,3935,1675
4063,Referral,End of Year Push,104.08,2023-12-15,4.73,12940,1624
4064,Google Ads,End of Year Push,299.06,2023-12-15,15.74,40776,1253
4065,Google Ads,Brand Awareness Q1,263.21,2023-12-15,13.16,4558,1514
4066,Organic,Cold Outbound,153.7,2023-12-15,11.82,31108,572
4067,Referral,Summer Growth,129.05,2023-12-16,8.07,43408,1481
4068,Organic,Partner Referral,175.01,2023-12-16,10.29,6472,1670
4069,Organic,Summer Growth,156.9,2023-12-16,11.21,28956,801
4070,Google Ads,Product Launch,354.75,2023-12-16,18.67,19409,1862
4071,Referral,Brand Awareness Q1,109.96,2023-12-16,5.24,8833,1155
4072,Referral,Product Launch,120.26,2023-12-16,9.25,12908,1116
4073,Google Ads,Cold Outbound,297.6,2023-12-16,21.26,35743,1373
4074,Meta Ads,Retargeting Wave,309.33,2023-12-16,16.28,37350,1207
4075,Organic,Cold Outbound,139.56,2023-12-16,8.72,32359,709
4076,Organic,Cold Outbound,136.25,2023-12-16,6.19,23789,865
4077,Google Ads,Inbound SEO,256.34,2023-12-16,12.21,13728,1147
4078,Organic,Partner Referral,149.43,2023-12-17,7.86,30257,169
4079,Organic,Summer Growth,164.11,2023-12-17,12.62,8863,1334
4080,Organic,Cold Outbound,133.47,2023-12-17,7.02,14276,1362
4081,Referral,Product Launch,134.96,2023-12-17,13.5,20246,638
4082,LinkedIn,Inbound SEO,525.07,2023-12-17,30.89,44795,1638
4083,Referral,Cold Outbound,132.82,2023-12-17,7.81,37455,1087
4084,Meta Ads,Partner Referral,268.02,2023-12-17,11.17,13620,1200
4085,LinkedIn,Inbound SEO,576.71,2023-12-17,33.92,14598,123
4086,LinkedIn,Inbound SEO,517.3,2023-12-17,34.49,22757,404
4087,Direct,Cold Outbound,135.2,2023-12-17,9.66,45082,636
4088,Referral,Brand Awareness Q1,109.4,2023-12-17,5.21,35402,1532
4089,Meta Ads,Product Launch,259.11,2023-12-17,16.19,31316,258
4090,Direct,Inbound SEO,147.58,2023-12-17,7.03,7407,85
4091,Meta Ads,Summer Growth,273.02,2023-12-17,30.34,14481,1727
4092,Organic,Summer Growth,130.77,2023-12-17,10.9,14239,1242
4093,Google Ads,Product Launch,298.14,2023-12-17,27.1,27862,1271
4094,Meta Ads,Product Launch,199.1,2023-12-18,7.96,23771,1916
4095,Google Ads,Product Launch,281.88,2023-12-18,21.68,27322,1726
4096,Organic,Product Launch,127.98,2023-12-18,11.63,19831,590
4097,Google Ads,Summer Growth,385.36,2023-12-18,21.41,42836,124
4098,Google Ads,Partner Referral,259.94,2023-12-18,11.3,36122,1815
4099,Google Ads,Brand Awareness Q1,328.07,2023-12-18,32.81,44998,305
4100,LinkedIn,Summer Growth,716.54,2023-12-18,51.18,12205,915
4101,Meta Ads,Product Launch,206.07,2023-12-18,10.3,12963,741
4102,Google Ads,Brand Awareness Q1,282.99,2023-12-18,20.21,13099,1518
4103,Google Ads,End of Year Push,357.78,2023-12-18,35.78,2800,1844
4104,Referral,Summer Growth,103.89,2023-12-18,4.72,16709,410
4105,Organic,Inbound SEO,152.89,2023-12-19,8.99,22830,743
4106,Organic,Cold Outbound,178.02,2023-12-19,8.48,42367,1643
4107,Organic,Product Launch,142.86,2023-12-19,10.2,22109,929
4108,Google Ads,End of Year Push,397.99,2023-12-19,49.75,41298,1303
4109,Referral,Summer Growth,117.39,2023-12-19,6.18,1315,1036
4110,LinkedIn,Partner Referral,602.82,2023-12-19,43.06,44270,1124
4111,Direct,Summer Growth,199.86,2023-12-19,11.76,37328,1725
4112,Direct,Partner Referral,146.01,2023-12-19,13.27,11859,530
4113,Direct,Brand Awareness Q1,108.35,2023-12-19,12.04,9807,642
4114,Organic,Cold Outbound,140.21,2023-12-19,7.79,34559,1607
4115,Google Ads,Cold Outbound,274.84,2023-12-19,19.63,22338,468
4116,Organic,Brand Awareness Q1,172.77,2023-12-19,14.4,33575,1637
4117,Referral,Partner Referral,122.32,2023-12-20,5.82,33374,936
4118,Referral,Inbound SEO,145.47,2023-12-20,5.82,49394,600
4119,Organic,Product Launch,125.33,2023-12-20,12.53,4391,1508
4120,LinkedIn,Summer Growth,591.79,2023-12-20,34.81,46425,1311
4121,Google Ads,Partner Referral,313.87,2023-12-20,16.52,45353,1668
4122,Google Ads,Brand Awareness Q1,272.15,2023-12-20,15.12,23677,948
4123,Meta Ads,End of Year Push,272.82,2023-12-20,30.31,43829,1632
4124,Organic,Partner Referral,139.83,2023-12-20,15.54,37018,1935
4125,LinkedIn,Inbound SEO,796.39,2023-12-20,31.86,25603,1298
4126,Meta Ads,Inbound SEO,206.47,2023-12-20,8.6,20121,467
4127,Google Ads,Summer Growth,265.78,2023-12-20,16.61,37683,616
4128,Referral,Summer Growth,91.69,2023-12-21,7.05,23150,1498
4129,Referral,Partner Referral,145.32,2023-12-21,16.15,28304,334
4130,LinkedIn,Summer Growth,716.44,2023-12-21,28.66,3416,1446
4131,Google Ads,Summer Growth,344.52,2023-12-21,19.14,8634,1684
4132,Direct,Retargeting Wave,174.52,2023-12-21,21.82,23979,1662
4133,Organic,Summer Growth,140.92,2023-12-21,9.39,44704,595
4134,Meta Ads,Product Launch,218.19,2023-12-21,10.91,14863,1654
4135,Google Ads,Product Launch,251.55,2023-12-21,19.35,27496,670
4136,Meta Ads,Retargeting Wave,224.84,2023-12-21,14.99,46333,1227
4137,LinkedIn,Inbound SEO,512.41,2023-12-21,36.6,39802,1950
4138,LinkedIn,Retargeting Wave,454.59,2023-12-21,37.88,17113,103
4139,Meta Ads,Retargeting Wave,191.71,2023-12-21,11.98,9559,802
4140,LinkedIn,Partner Referral,775.18,2023-12-21,32.3,43186,741
4141,Referral,Partner Referral,93.0,2023-12-21,3.88,12095,89
4142,Meta Ads,Summer Growth,256.73,2023-12-21,19.75,10488,678
4143,Referral,Partner Referral,133.85,2023-12-21,12.17,17517,1859
4144,Organic,Brand Awareness Q1,166.02,2023-12-22,7.22,604,380
4145,Organic,Cold Outbound,165.71,2023-12-22,20.71,40306,941
4146,LinkedIn,Summer Growth,575.28,2023-12-22,31.96,41312,208
4147,Organic,End of Year Push,140.49,2023-12-22,9.37,8187,950
4148,Organic,Inbound SEO,160.24,2023-12-22,11.45,16179,1071
4149,Meta Ads,Partner Referral,180.24,2023-12-22,20.03,20709,1889
4150,LinkedIn,Cold Outbound,613.7,2023-12-22,32.3,36567,993
4151,Organic,Cold Outbound,142.07,2023-12-22,14.21,32766,333
4152,Organic,End of Year Push,126.89,2023-12-22,8.46,15387,100
4153,Organic,Product Launch,175.5,2023-12-22,9.75,25587,1228
4154,Direct,Cold Outbound,141.57,2023-12-23,8.85,4900,440
4155,Direct,Summer Growth,123.59,2023-12-23,6.5,6492,1268
4156,Google Ads,Retargeting Wave,276.29,2023-12-23,11.05,49688,1667
4157,LinkedIn,Partner Referral,505.26,2023-12-23,24.06,13443,227
4158,Google Ads,Brand Awareness Q1,381.33,2023-12-23,47.67,14023,1364
4159,Direct,Summer Growth,194.37,2023-12-23,12.96,5485,778
4160,Referral,End of Year Push,124.84,2023-12-23,6.24,28818,1066
4161,Organic,Partner Referral,144.06,2023-12-23,10.29,22041,220
4162,LinkedIn,Product Launch,555.52,2023-12-23,42.73,34253,1595
4163,LinkedIn,Inbound SEO,524.39,2023-12-23,37.46,20737,1097
4164,LinkedIn,Cold Outbound,703.81,2023-12-23,50.27,47163,573
4165,Meta Ads,Cold Outbound,236.89,2023-12-23,10.77,21162,1175
4166,Organic,Inbound SEO,158.48,2023-12-23,12.19,8317,1420
4167,LinkedIn,Partner Referral,450.04,2023-12-23,26.47,927,937
4168,Google Ads,Summer Growth,262.99,2023-12-23,14.61,18908,133
4169,Organic,Cold Outbound,135.68,2023-12-24,5.65,13893,67
4170,Referral,Inbound SEO,111.68,2023-12-24,13.96,7515,868
4171,Organic,Brand Awareness Q1,149.85,2023-12-24,10.7,43146,601
4172,Meta Ads,Brand Awareness Q1,215.38,2023-12-24,11.34,8716,829
4173,Direct,End of Year Push,162.85,2023-12-24,7.75,20002,392
4174,Meta Ads,Summer Growth,201.39,2023-12-24,15.49,27122,1989
4175,Direct,Retargeting Wave,168.42,2023-12-24,12.03,25896,1046
4176,Google Ads,Cold Outbound,343.66,2023-12-24,16.36,31876,1399
4177,Google Ads,Product Launch,316.69,2023-12-24,15.83,39550,1102
4178,Google Ads,Summer Growth,271.12,2023-12-24,18.07,14008,501
4179,Organic,Product Launch,156.9,2023-12-24,14.26,30135,52
4180,Organic,Cold Outbound,177.0,2023-12-24,16.09,40019,1210
4181,Google Ads,Retargeting Wave,287.46,2023-12-24,26.13,35893,770
4182,Organic,Inbound SEO,164.08,2023-12-24,7.81,8572,901
4183,LinkedIn,Retargeting Wave,728.68,2023-12-24,40.48,45788,357
4184,Google Ads,Product Launch,371.06,2023-12-24,28.54,33381,988
4185,Meta Ads,Summer Growth,279.5,2023-12-24,16.44,6046,1592
4186,Organic,Partner Referral,174.82,2023-12-24,17.48,44567,1966
4187,Google Ads,End of Year Push,267.16,2023-12-24,20.55,48453,740
4188,Direct,Brand Awareness Q1,145.18,2023-12-24,5.81,33574,736
4189,Referral,Brand Awareness Q1,83.03,2023-12-24,5.93,4094,1716
4190,LinkedIn,Retargeting Wave,719.59,2023-12-24,31.29,48781,1764
4191,Referral,Summer Growth,147.22,2023-12-24,14.72,12559,150
4192,Organic,Product Launch,132.75,2023-12-24,8.85,35113,1330
4193,Referral,Inbound SEO,105.38,2023-12-24,9.58,45997,1457
4194,Organic,Brand Awareness Q1,157.57,2023-12-24,7.16,10490,351
4195,Organic,End of Year Push,167.36,2023-12-25,8.81,48732,1183
4196,Organic,Inbound SEO,133.46,2023-12-25,13.35,7418,1481
4197,Organic,Cold Outbound,134.47,2023-12-25,5.85,16467,1158
4198,Referral,Product Launch,112.04,2023-12-25,5.09,36629,1008
4199,Google Ads,Product Launch,310.02,2023-12-25,20.67,26157,65
4200,LinkedIn,Product Launch,700.0,2023-12-25,58.33,39373,1627
4201,Google Ads,Partner Referral,379.61,2023-12-25,21.09,7319,673
4202,Google Ads,Partner Referral,281.63,2023-12-25,15.65,30614,604
4203,Organic,Product Launch,173.9,2023-12-25,21.74,25542,1131
4204,Organic,Retargeting Wave,160.56,2023-12-25,14.6,39009,1085
4205,LinkedIn,Product Launch,499.43,2023-12-25,20.81,5686,178
4206,Organic,Retargeting Wave,165.55,2023-12-26,11.04,42893,497
4207,Meta Ads,Summer Growth,319.95,2023-12-26,12.8,8114,1595
4208,Email,Cold Outbound,102.05,2023-12-26,4.86,16830,1878
4209,Organic,Brand Awareness Q1,157.54,2023-12-26,7.16,49851,1999
4210,Google Ads,Brand Awareness Q1,393.52,2023-12-26,23.15,19038,539
4211,Referral,Summer Growth,91.96,2023-12-26,7.07,37880,1193
4212,Referral,Product Launch,147.53,2023-12-26,6.15,18913,1998
4213,LinkedIn,Summer Growth,716.77,2023-12-26,34.13,6166,1430
4214,Google Ads,Partner Referral,274.1,2023-12-26,21.08,18391,1751
4215,Organic,Inbound SEO,164.46,2023-12-26,14.95,43411,1384
4216,Google Ads,Summer Growth,261.23,2023-12-26,18.66,32613,78
4217,Email,Cold Outbound,104.17,2023-12-27,6.13,5510,127
4218,Organic,Product Launch,144.66,2023-12-27,11.13,27657,1796
4219,LinkedIn,Summer Growth,660.34,2023-12-27,36.69,8929,787
4220,Direct,End of Year Push,179.61,2023-12-27,7.48,23432,221
4221,Referral,Cold Outbound,96.4,2023-12-27,4.02,5301,1686
4222,Organic,Retargeting Wave,136.97,2023-12-27,6.52,27405,1734
4223,Meta Ads,Summer Growth,292.83,2023-12-27,20.92,11680,1452
4224,Direct,Summer Growth,105.87,2023-12-27,11.76,12149,1754
4225,LinkedIn,Inbound SEO,485.35,2023-12-27,20.22,44678,1815
4226,Google Ads,Summer Growth,259.32,2023-12-27,10.37,24593,1126
4227,Organic,Brand Awareness Q1,127.24,2023-12-27,11.57,19193,836
4228,Organic,Inbound SEO,131.48,2023-12-28,8.77,22641,1348
4229,Referral,Product Launch,148.02,2023-12-28,6.17,39309,80
4230,Organic,Brand Awareness Q1,136.24,2023-12-28,5.45,7950,1788
4231,Organic,Partner Referral,134.54,2023-12-28,8.97,5846,867
4232,Meta Ads,Brand Awareness Q1,233.56,2023-12-28,19.46,30187,244
4233,Google Ads,Cold Outbound,333.28,2023-12-28,13.89,41977,1186
4234,Meta Ads,Cold Outbound,301.92,2023-12-28,30.19,36235,207
4235,Referral,End of Year Push,93.91,2023-12-28,5.52,33179,1421
4236,Referral,Inbound SEO,132.3,2023-12-28,13.23,1327,1377
4237,Referral,Retargeting Wave,131.94,2023-12-28,5.74,15743,53
4238,Email,Product Launch,93.29,2023-12-28,3.89,11287,1978
4239,Organic,Summer Growth,126.82,2023-12-28,7.46,34000,403
4240,Google Ads,Summer Growth,381.75,2023-12-28,22.46,48863,529
4241,Organic,Retargeting Wave,165.61,2023-12-28,8.28,37664,1001
4242,Meta Ads,Product Launch,262.42,2023-12-29,14.58,37371,895
4243,Organic,Brand Awareness Q1,154.78,2023-12-29,19.35,6492,1259
4244,Meta Ads,End of Year Push,253.63,2023-12-29,16.91,18637,786
4245,Organic,Inbound SEO,135.5,2023-12-29,13.55,44187,227
4246,Organic,Brand Awareness Q1,122.63,2023-12-29,5.57,25989,1809
4247,Google Ads,Partner Referral,316.27,2023-12-29,28.75,25911,1453
4248,LinkedIn,Retargeting Wave,644.73,2023-12-29,30.7,20869,1680
4249,LinkedIn,Product Launch,686.04,2023-12-29,85.75,39776,1119
4250,Meta Ads,Summer Growth,254.33,2023-12-30,10.6,7420,1144
4251,Google Ads,Product Launch,302.91,2023-12-30,20.19,18901,571
4252,Referral,Inbound SEO,83.9,2023-12-30,3.81,9818,1792
4253,Direct,Cold Outbound,149.85,2023-12-30,11.53,5935,1669
4254,Organic,End of Year Push,154.24,2023-12-30,7.71,10508,102
4255,LinkedIn,Partner Referral,654.02,2023-12-30,81.75,43820,608
4256,Meta Ads,Summer Growth,309.0,2023-12-30,13.43,48708,1485
4257,Organic,Brand Awareness Q1,131.62,2023-12-30,13.16,29262,164
4258,LinkedIn,Partner Referral,586.63,2023-12-30,39.11,29196,324
4259,Organic,Inbound SEO,152.73,2023-12-30,6.11,38246,491
4260,Referral,Retargeting Wave,115.95,2023-12-30,12.88,20470,1035
4261,Organic,Inbound SEO,171.87,2023-12-30,7.81,6290,1743
4262,Referral,Partner Referral,91.13,2023-12-30,5.06,25945,759
4263,Google Ads,Retargeting Wave,385.09,2023-12-30,35.01,45103,927
4264,Google Ads,Cold Outbound,302.36,2023-12-30,27.49,22465,988
4265,Referral,Summer Growth,146.12,2023-12-30,13.28,9697,129
4266,Direct,Brand Awareness Q1,101.79,2023-12-30,5.66,41525,1128
4267,Referral,Inbound SEO,93.42,2023-12-30,4.45,32647,1342
4268,Meta Ads,Partner Referral,206.01,2023-12-30,15.85,24193,1527
4269,Referral,Cold Outbound,89.61,2023-12-31,4.27,5623,765
4270,Organic,End of Year Push,162.74,2023-12-31,11.62,23255,1835
4271,Referral,Retargeting Wave,135.87,2023-12-31,5.43,3591,1771
4272,Meta Ads,Partner Referral,189.18,2023-12-31,7.88,49024,441
4273,Referral,End of Year Push,137.34,2023-12-31,8.58,10006,379
4274,Meta Ads,Cold Outbound,302.39,2023-12-31,12.1,24987,494
4275,Organic,Brand Awareness Q1,172.07,2023-12-31,17.21,47159,542
4276,Organic,End of Year Push,154.98,2023-12-31,19.37,37534,78
4277,Google Ads,Cold Outbound,247.59,2023-12-31,11.79,23089,1184
4278,Google Ads,Brand Awareness Q1,357.66,2023-12-31,32.51,20425,136
4279,Referral,Brand Awareness Q1,110.29,2023-12-31,9.19,23565,971
4280,Meta Ads,Brand Awareness Q1,185.22,2023-12-31,10.29,40515,165
4281,Organic,Brand Awareness Q1,175.02,2023-12-31,10.94,26118,445
4282,Google Ads,Summer Growth,377.4,2023-12-31,15.72,13142,1623
4283,Meta Ads,End of Year Push,303.32,2023-12-31,15.17,9221,886
4284,Meta Ads,Summer Growth,312.83,2023-12-31,14.9,46406,447
4285,Google Ads,Cold Outbound,311.21,2023-12-31,31.12,30346,1928
4286,LinkedIn,Partner Referral,561.4,2024-01-01,33.02,44625,1665
4287,Organic,Summer Growth,143.08,2024-01-01,7.53,18329,1498
4288,Meta Ads,Summer Growth,265.98,2024-01-01,16.62,6810,1463
4289,Organic,Product Launch,139.67,2024-01-01,6.35,49799,1734
4290,Meta Ads,Cold Outbound,230.63,2024-01-01,12.81,22649,133
4291,Google Ads,Retargeting Wave,266.09,2024-01-01,10.64,5765,1163
4292,LinkedIn,Partner Referral,729.49,2024-01-01,33.16,34355,1261
4293,LinkedIn,Summer Growth,752.38,2024-01-02,50.16,38116,281
4294,Direct,Cold Outbound,120.09,2024-01-02,13.34,29220,1936
4295,Google Ads,Retargeting Wave,354.45,2024-01-02,27.27,1938,257
4296,Organic,Retargeting Wave,170.18,2024-01-02,12.16,36682,1867
4297,LinkedIn,Summer Growth,641.04,2024-01-02,37.71,1591,649
4298,Google Ads,Partner Referral,289.91,2024-01-02,20.71,23943,1771
4299,Google Ads,End of Year Push,360.41,2024-01-02,17.16,43963,382
4300,Meta Ads,Brand Awareness Q1,211.81,2024-01-02,8.83,43809,1218
4301,Organic,Retargeting Wave,138.35,2024-01-02,8.14,26502,1392
4302,Meta Ads,End of Year Push,292.49,2024-01-02,22.5,4618,1580
4303,Direct,Inbound SEO,104.2,2024-01-02,6.13,39907,842
4304,Meta Ads,Cold Outbound,194.24,2024-01-03,13.87,4251,1651
4305,Direct,Brand Awareness Q1,156.63,2024-01-03,15.66,46052,1832
4306,LinkedIn,Retargeting Wave,663.79,2024-01-03,33.19,29723,908
4307,Organic,Inbound SEO,121.15,2024-01-03,11.01,6573,1590
4308,Organic,Inbound SEO,162.89,2024-01-03,8.14,48281,383
4309,Google Ads,Product Launch,350.9,2024-01-03,35.09,4219,1537
4310,LinkedIn,Brand Awareness Q1,461.78,2024-01-03,24.3,30229,1602
4311,Direct,Inbound SEO,159.03,2024-01-03,8.37,2027,99
4312,Referral,Retargeting Wave,133.56,2024-01-03,8.35,5329,755
4313,Google Ads,Partner Referral,374.85,2024-01-03,24.99,3204,1985
4314,Direct,Product Launch,172.71,2024-01-03,7.51,24942,938
4315,Organic,Product Launch,173.06,2024-01-04,21.63,11232,282
4316,Meta Ads,Product Launch,255.69,2024-01-04,10.23,14401,1205
4317,LinkedIn,Cold Outbound,562.15,2024-01-04,70.27,8202,1574
4318,Organic,Partner Referral,148.69,2024-01-04,18.59,44084,984
4319,Organic,End of Year Push,160.31,2024-01-04,13.36,48461,621
4320,Meta Ads,Product Launch,265.1,2024-01-04,17.67,42970,1003
4321,Referral,Inbound SEO,113.71,2024-01-04,5.41,32713,1024
4322,LinkedIn,Partner Referral,544.84,2024-01-04,27.24,36236,715
4323,Organic,Summer Growth,131.17,2024-01-04,7.72,33618,629
4324,Organic,Brand Awareness Q1,158.97,2024-01-04,6.91,29421,785
4325,Meta Ads,Retargeting Wave,268.7,2024-01-04,12.8,23078,1134
4326,Google Ads,Inbound SEO,359.97,2024-01-05,18.0,20114,800
4327,Organic,Product Launch,161.73,2024-01-05,10.11,9514,968
4328,Meta Ads,Product Launch,217.15,2024-01-05,8.69,24303,236
4329,Google Ads,Cold Outbound,263.1,2024-01-05,18.79,21880,270
4330,Organic,Partner Referral,148.02,2024-01-05,9.87,17512,1334
4331,Organic,Cold Outbound,137.08,2024-01-05,5.96,29422,665
4332,Google Ads,End of Year Push,305.21,2024-01-05,13.87,43684,1526
4333,Organic,Brand Awareness Q1,178.14,2024-01-05,12.72,4911,1122
4334,Meta Ads,Product Launch,299.36,2024-01-05,13.02,32380,1839
4335,Meta Ads,Brand Awareness Q1,238.54,2024-01-05,11.36,44236,1154
4336,Meta Ads,Partner Referral,253.07,2024-01-06,11.5,44252,1513
4337,Referral,Product Launch,131.13,2024-01-06,16.39,22160,1455
4338,LinkedIn,Inbound SEO,682.64,2024-01-06,29.68,35560,656
4339,Google Ads,Summer Growth,263.08,2024-01-06,13.15,14212,586
4340,Referral,Partner Referral,103.13,2024-01-06,5.73,7924,758
4341,Organic,Retargeting Wave,127.96,2024-01-06,12.8,44845,1808
4342,Organic,Cold Outbound,151.28,2024-01-06,16.81,35341,1583
4343,Referral,Partner Referral,110.11,2024-01-06,6.12,7580,1935
4344,LinkedIn,Partner Referral,602.85,2024-01-06,66.98,7216,1062
4345,Organic,Inbound SEO,165.98,2024-01-06,11.07,40744,899
4346,Meta Ads,Inbound SEO,194.98,2024-01-06,10.26,45851,1825
4347,Organic,Summer Growth,143.26,2024-01-06,11.94,17733,840
4348,Direct,Product Launch,137.41,2024-01-06,7.23,47572,1045
4349,Meta Ads,End of Year Push,315.24,2024-01-07,17.51,8019,826
4350,Meta Ads,Product Launch,199.54,2024-01-07,15.35,30851,1517
4351,Organic,Summer Growth,132.86,2024-01-07,5.54,3789,172
4352,Organic,Brand Awareness Q1,164.8,2024-01-07,18.31,47673,1616
4353,Email,Inbound SEO,75.24,2024-01-07,4.18,24087,964
4354,LinkedIn,End of Year Push,536.31,2024-01-07,44.69,37226,419
4355,Organic,End of Year Push,156.39,2024-01-07,13.03,43913,1496
4356,Email,End of Year Push,92.99,2024-01-07,4.43,26073,1238
4357,Referral,End of Year Push,149.47,2024-01-07,7.87,39010,1100
4358,LinkedIn,Partner Referral,633.53,2024-01-07,26.4,49906,1068
4359,Organic,Cold Outbound,154.66,2024-01-07,8.59,33954,608
4360,Referral,Cold Outbound,109.89,2024-01-07,9.99,42954,438
4361,Meta Ads,Retargeting Wave,267.52,2024-01-07,15.74,26214,1789
4362,LinkedIn,Brand Awareness Q1,546.81,2024-01-07,60.76,25377,867
4363,Direct,Retargeting Wave,102.81,2024-01-07,4.67,34870,456
4364,Email,Product Launch,108.98,2024-01-08,5.19,19571,880
4365,LinkedIn,Cold Outbound,566.06,2024-01-08,43.54,18036,598
4366,Referral,End of Year Push,107.22,2024-01-08,10.72,9826,1540
4367,Meta Ads,Product Launch,219.22,2024-01-08,24.36,38459,1989
4368,Organic,End of Year Push,138.34,2024-01-08,15.37,39093,1106
4369,Organic,Product Launch,124.8,2024-01-08,13.87,12405,1589
4370,Organic,Product Launch,159.35,2024-01-08,6.64,23696,210
4371,Organic,Brand Awareness Q1,150.58,2024-01-08,8.37,19548,1770
4372,Organic,Inbound SEO,143.26,2024-01-08,11.02,15568,1050
4373,Organic,Cold Outbound,165.98,2024-01-08,7.22,31702,811
4374,Organic,Brand Awareness Q1,123.24,2024-01-08,8.8,12028,374
4375,Direct,Cold Outbound,143.09,2024-01-08,9.54,19304,1606
4376,Referral,Retargeting Wave,115.66,2024-01-09,7.71,11035,922
4377,Meta Ads,Retargeting Wave,215.92,2024-01-09,10.28,18336,1352
4378,Organic,End of Year Push,166.59,2024-01-09,13.88,14804,525
4379,Meta Ads,Inbound SEO,272.96,2024-01-09,17.06,16405,964
4380,LinkedIn,Cold Outbound,785.49,2024-01-09,52.37,4112,1579
4381,Google Ads,Product Launch,294.86,2024-01-09,29.49,41195,915
4382,Referral,Inbound SEO,99.43,2024-01-09,4.73,36251,354
4383,Organic,Product Launch,132.36,2024-01-09,13.24,10281,778
4384,Direct,End of Year Push,136.57,2024-01-09,10.51,45675,471
4385,Organic,Retargeting Wave,152.61,2024-01-09,13.87,8862,1940
4386,Referral,Brand Awareness Q1,103.09,2024-01-09,4.91,30026,1899
4387,Organic,Product Launch,149.89,2024-01-09,8.82,17123,1888
4388,LinkedIn,Cold Outbound,570.24,2024-01-09,31.68,43366,1283
4389,Direct,End of Year Push,106.94,2024-01-09,9.72,25001,1705
4390,Referral,Cold Outbound,149.65,2024-01-10,10.69,8175,1429
4391,Organic,Partner Referral,137.91,2024-01-10,8.11,21294,1281
4392,LinkedIn,End of Year Push,600.24,2024-01-10,37.52,28511,1132
4393,Google Ads,Summer Growth,322.17,2024-01-10,40.27,38021,79
4394,Organic,Inbound SEO,140.77,2024-01-10,5.87,47162,1025
4395,Organic,Product Launch,131.42,2024-01-10,5.71,23435,120
4396,Referral,Summer Growth,114.36,2024-01-10,9.53,25984,676
4397,Organic,Product Launch,164.75,2024-01-10,10.98,36531,1649
4398,Google Ads,Brand Awareness Q1,265.98,2024-01-10,11.56,16845,940
4399,Email,Retargeting Wave,116.03,2024-01-10,5.04,3243,825
4400,LinkedIn,Brand Awareness Q1,738.51,2024-01-10,67.14,37409,1732
4401,Google Ads,Retargeting Wave,340.89,2024-01-10,22.73,49332,1405
4402,Email,Partner Referral,74.38,2024-01-10,6.2,12880,1240
4403,Google Ads,Summer Growth,244.26,2024-01-10,24.43,8412,1857
4404,Direct,Brand Awareness Q1,150.88,2024-01-11,16.76,770,132
4405,Meta Ads,Product Launch,199.6,2024-01-11,22.18,24023,532
4406,Organic,End of Year Push,130.01,2024-01-11,6.84,25631,1619
4407,Organic,Brand Awareness Q1,154.27,2024-01-11,9.07,28331,834
4408,Organic,Brand Awareness Q1,146.82,2024-01-11,14.68,19243,1012
4409,Referral,Cold Outbound,92.69,2024-01-11,4.88,37544,1307
4410,LinkedIn,Cold Outbound,719.14,2024-01-11,51.37,37706,140
4411,Referral,Brand Awareness Q1,109.31,2024-01-11,5.47,34244,1137
4412,LinkedIn,Cold Outbound,625.93,2024-01-11,29.81,3038,424
4413,Meta Ads,Summer Growth,308.76,2024-01-11,14.7,1803,538
4414,Referral,Product Launch,104.39,2024-01-11,6.14,22799,81
4415,Google Ads,End of Year Push,394.76,2024-01-11,32.9,49127,998
4416,Referral,Inbound SEO,146.59,2024-01-11,12.22,18547,1923
4417,Organic,Partner Referral,178.23,2024-01-12,11.14,42161,1572
4418,Google Ads,Partner Referral,383.57,2024-01-12,15.34,27742,825
4419,Meta Ads,Retargeting Wave,288.25,2024-01-12,13.73,40740,1804
4420,Direct,Retargeting Wave,127.81,2024-01-12,15.98,1636,60
4421,Direct,Summer Growth,183.54,2024-01-12,13.11,29571,588
4422,Organic,Cold Outbound,150.63,2024-01-12,13.69,1629,1602
4423,Meta Ads,Product Launch,251.07,2024-01-12,17.93,12325,351
4424,Google Ads,End of Year Push,355.77,2024-01-12,23.72,32015,925
4425,Referral,Product Launch,143.25,2024-01-12,10.23,47730,531
4426,Google Ads,Inbound SEO,247.1,2024-01-12,15.44,8273,1014
4427,Meta Ads,Partner Referral,231.67,2024-01-12,11.03,5645,136
4428,LinkedIn,Brand Awareness Q1,467.66,2024-01-12,24.61,39720,226
4429,Referral,Partner Referral,88.58,2024-01-12,6.81,42713,1548
4430,Google Ads,End of Year Push,337.34,2024-01-12,24.1,41492,472
4431,Direct,Summer Growth,150.82,2024-01-12,8.87,4176,312
4432,Google Ads,Partner Referral,334.21,2024-01-13,22.28,6148,705
4433,Email,Inbound SEO,80.86,2024-01-13,3.37,3635,1378
4434,Organic,Cold Outbound,148.86,2024-01-13,8.27,30707,722
4435,Organic,Summer Growth,161.38,2024-01-13,6.72,15138,1556
4436,LinkedIn,End of Year Push,497.53,2024-01-13,21.63,4053,1412
4437,LinkedIn,Retargeting Wave,548.31,2024-01-13,27.42,35626,1960
4438,LinkedIn,End of Year Push,455.78,2024-01-14,18.23,6243,550
4439,Meta Ads,Retargeting Wave,280.09,2024-01-14,25.46,36489,1977
4440,Google Ads,Product Launch,338.58,2024-01-14,16.93,48987,623
4441,Email,Summer Growth,87.21,2024-01-14,3.79,29912,561
4442,Organic,Brand Awareness Q1,172.23,2024-01-14,17.22,3594,914
4443,Google Ads,Inbound SEO,304.26,2024-01-14,17.9,47966,1742
4444,Meta Ads,Cold Outbound,191.61,2024-01-14,12.77,5678,1334
4445,Organic,Partner Referral,129.35,2024-01-14,9.95,42920,1377
4446,Meta Ads,Brand Awareness Q1,223.9,2024-01-14,10.66,46059,95
4447,Google Ads,Partner Referral,320.87,2024-01-14,40.11,40524,786
4448,Google Ads,Summer Growth,378.22,2024-01-14,37.82,48801,1810
4449,Meta Ads,Product Launch,257.09,2024-01-14,25.71,46777,85
4450,Email,Partner Referral,78.79,2024-01-15,4.63,14876,789
4451,Meta Ads,Cold Outbound,213.24,2024-01-15,11.85,15128,455
4452,LinkedIn,Retargeting Wave,519.38,2024-01-15,43.28,33372,1339
4453,Meta Ads,Summer Growth,318.39,2024-01-15,13.27,45460,877
4454,Organic,Partner Referral,148.49,2024-01-15,5.94,28810,496
4455,Google Ads,Retargeting Wave,290.75,2024-01-15,14.54,18834,1417
4456,LinkedIn,Partner Referral,510.39,2024-01-15,42.53,22672,1634
4457,Google Ads,Brand Awareness Q1,363.81,2024-01-15,45.48,13485,1687
4458,Referral,Cold Outbound,117.43,2024-01-15,6.18,27088,1332
4459,Email,Retargeting Wave,74.74,2024-01-15,6.79,47622,1804
4460,Referral,Inbound SEO,115.49,2024-01-15,7.7,19522,1191
4461,Direct,Summer Growth,124.0,2024-01-15,9.54,29378,1534
4462,Email,Cold Outbound,116.15,2024-01-15,4.84,14243,640
4463,Organic,End of Year Push,154.98,2024-01-16,12.91,33395,211
4464,Direct,Cold Outbound,108.89,2024-01-16,10.89,32683,975
4465,LinkedIn,End of Year Push,491.72,2024-01-16,28.92,3348,407
4466,Organic,End of Year Push,174.98,2024-01-16,8.33,4828,1070
4467,Google Ads,Retargeting Wave,312.8,2024-01-16,28.44,31546,1333
4468,LinkedIn,Brand Awareness Q1,625.69,2024-01-16,78.21,4574,107
4469,Referral,Summer Growth,141.35,2024-01-16,9.42,16149,170
4470,Referral,Product Launch,128.11,2024-01-16,11.65,18606,1738
4471,Meta Ads,Brand Awareness Q1,182.58,2024-01-16,18.26,6637,1538
4472,Referral,Product Launch,97.31,2024-01-16,8.85,23780,1402
4473,LinkedIn,Summer Growth,752.54,2024-01-16,62.71,31044,1622
4474,Meta Ads,Retargeting Wave,200.62,2024-01-16,13.37,42777,968
4475,LinkedIn,Inbound SEO,782.7,2024-01-16,39.14,5447,1110
4476,LinkedIn,Retargeting Wave,709.58,2024-01-16,33.79,37257,1224
4477,Referral,End of Year Push,106.13,2024-01-17,7.58,26529,1983
4478,Google Ads,Retargeting Wave,361.63,2024-01-17,15.72,3416,1955
4479,Email,Summer Growth,117.76,2024-01-17,6.93,34273,994
4480,LinkedIn,Product Launch,690.67,2024-01-17,86.33,33982,1664
4481,Organic,Product Launch,176.59,2024-01-17,8.83,23276,914
4482,Organic,Partner Referral,148.21,2024-01-17,5.93,5119,327
4483,Google Ads,Summer Growth,305.83,2024-01-17,15.29,48318,1782
4484,Meta Ads,Product Launch,259.31,2024-01-17,11.79,30188,1430
4485,Organic,Partner Referral,170.32,2024-01-17,8.52,23771,983
4486,Direct,Partner Referral,179.13,2024-01-17,9.43,39634,971
4487,Google Ads,Cold Outbound,392.56,2024-01-17,17.07,28921,1037
4488,Organic,Brand Awareness Q1,159.92,2024-01-17,17.77,30801,701
4489,Organic,Product Launch,168.9,2024-01-17,12.06,43469,1547
4490,Organic,End of Year Push,148.5,2024-01-17,9.9,18787,1007
4491,Referral,Product Launch,128.38,2024-01-18,6.11,33186,1201
4492,Meta Ads,Cold Outbound,294.23,2024-01-18,32.69,29778,553
4493,LinkedIn,Inbound SEO,640.62,2024-01-18,40.04,26887,56
4494,LinkedIn,Product Launch,714.34,2024-01-18,71.43,30640,1847
4495,Direct,End of Year Push,113.53,2024-01-18,8.11,698,1357
4496,Google Ads,Product Launch,367.71,2024-01-18,15.32,34925,1867
4497,Organic,Product Launch,129.86,2024-01-18,6.83,22367,1641
4498,Referral,Partner Referral,137.19,2024-01-18,9.8,4114,1098
4499,Meta Ads,Brand Awareness Q1,210.14,2024-01-18,9.55,39720,1548
4500,Meta Ads,Brand Awareness Q1,189.58,2024-01-18,9.03,8849,435
4501,LinkedIn,Inbound SEO,677.23,2024-01-18,39.84,15235,1632
4502,Google Ads,Cold Outbound,339.94,2024-01-18,20.0,30261,56
4503,LinkedIn,Retargeting Wave,790.05,2024-01-19,31.6,49164,863
4504,Meta Ads,Cold Outbound,195.65,2024-01-19,15.05,19711,1298
4505,Meta Ads,Partner Referral,224.27,2024-01-19,14.95,17283,463
4506,Google Ads,Brand Awareness Q1,372.86,2024-01-19,23.3,7339,905
4507,Direct,Partner Referral,163.11,2024-01-19,7.41,12198,594
4508,Organic,Product Launch,156.41,2024-01-19,6.26,44063,1058
4509,Organic,End of Year Push,173.42,2024-01-19,14.45,7121,812
4510,Referral,Cold Outbound,107.87,2024-01-19,11.99,4630,1436
4511,Referral,Cold Outbound,85.36,2024-01-19,7.76,30958,277
4512,Organic,Product Launch,167.16,2024-01-19,18.57,31716,1708
4513,Organic,Brand Awareness Q1,150.94,2024-01-19,12.58,11803,211
4514,Organic,Partner Referral,179.54,2024-01-19,19.95,21024,121
4515,Organic,Summer Growth,138.75,2024-01-19,13.88,31543,537
4516,Google Ads,Cold Outbound,390.12,2024-01-19,24.38,6266,621
4517,Google Ads,Inbound SEO,391.03,2024-01-19,23.0,21973,225
4518,Referral,End of Year Push,92.83,2024-01-19,6.63,22799,795
4519,Meta Ads,Retargeting Wave,238.1,2024-01-19,23.81,23368,1393
4520,Google Ads,End of Year Push,270.94,2024-01-20,13.55,13594,526
4521,Meta Ads,Partner Referral,280.1,2024-01-20,15.56,1750,161
4522,Google Ads,End of Year Push,287.13,2024-01-20,15.95,12254,1891
4523,Referral,Brand Awareness Q1,139.3,2024-01-20,13.93,37636,229
4524,Google Ads,Retargeting Wave,276.96,2024-01-20,12.59,1789,1702
4525,Google Ads,Partner Referral,309.63,2024-01-20,13.46,32314,1088
4526,LinkedIn,End of Year Push,737.79,2024-01-20,46.11,4727,682
4527,Referral,Retargeting Wave,90.48,2024-01-20,3.62,28890,612
4528,Referral,Inbound SEO,84.54,2024-01-20,6.04,23182,1928
4529,Organic,Retargeting Wave,121.04,2024-01-20,8.65,23513,1555
4530,Referral,Retargeting Wave,138.34,2024-01-20,15.37,25313,1971
4531,Organic,Retargeting Wave,129.2,2024-01-21,6.46,24354,251
4532,Referral,Cold Outbound,94.31,2024-01-21,9.43,3722,120
4533,Google Ads,Summer Growth,344.88,2024-01-21,26.53,28632,1618
4534,Direct,Retargeting Wave,190.42,2024-01-21,12.69,34345,593
4535,Referral,Summer Growth,129.79,2024-01-21,9.98,42909,85
4536,Google Ads,Summer Growth,388.77,2024-01-21,19.44,14345,539
4537,Meta Ads,Product Launch,282.83,2024-01-21,18.86,26126,310
4538,Google Ads,Product Launch,399.48,2024-01-21,15.98,28581,789
4539,Meta Ads,Summer Growth,289.95,2024-01-21,22.3,46918,650
4540,Email,Product Launch,104.6,2024-01-21,4.36,49257,1913
4541,Referral,Brand Awareness Q1,80.18,2024-01-22,3.82,11850,1833
4542,Organic,End of Year Push,151.92,2024-01-22,11.69,18080,795
4543,Organic,Summer Growth,149.63,2024-01-22,6.51,30000,869
4544,Organic,Partner Referral,162.92,2024-01-22,20.36,32707,1320
4545,Referral,Product Launch,86.64,2024-01-22,7.22,16041,517
4546,Direct,Summer Growth,170.32,2024-01-22,11.35,48449,479
4547,Google Ads,Inbound SEO,253.17,2024-01-22,16.88,23583,934
4548,Organic,Cold Outbound,165.26,2024-01-22,13.77,47578,687
4549,Email,Brand Awareness Q1,101.88,2024-01-22,6.37,47603,1953
4550,Email,Retargeting Wave,101.52,2024-01-22,9.23,17962,1674
4551,Google Ads,Partner Referral,319.43,2024-01-22,12.78,11365,1139
4552,LinkedIn,Summer Growth,638.39,2024-01-22,25.54,43132,313
4553,Google Ads,Product Launch,301.79,2024-01-22,27.44,26726,448
4554,Google Ads,Brand Awareness Q1,335.66,2024-01-23,23.98,34787,933
4555,Referral,Cold Outbound,99.94,2024-01-23,6.66,9774,1517
4556,Organic,Product Launch,174.37,2024-01-23,10.9,10901,1803
4557,Google Ads,End of Year Push,312.48,2024-01-23,15.62,34083,1578
4558,Organic,Summer Growth,140.42,2024-01-23,8.26,22936,329
4559,Direct,Retargeting Wave,177.79,2024-01-23,7.73,23252,1301
4560,Organic,Retargeting Wave,135.49,2024-01-23,13.55,29518,918
4561,Google Ads,Summer Growth,283.69,2024-01-23,35.46,23056,988
4562,Meta Ads,Brand Awareness Q1,273.48,2024-01-23,13.67,45811,708
4563,Organic,Product Launch,140.99,2024-01-23,9.4,41922,312
4564,Google Ads,End of Year Push,373.73,2024-01-23,23.36,48136,816
4565,Organic,Inbound SEO,177.03,2024-01-23,9.84,838,1593
4566,Meta Ads,Cold Outbound,277.63,2024-01-23,12.07,21349,1938
4567,Referral,Summer Growth,114.59,2024-01-24,6.37,44330,972
4568,Organic,Product Launch,145.68,2024-01-24,7.67,47241,51
4569,Organic,Product Launch,145.73,2024-01-24,11.21,2222,665
4570,Organic,Cold Outbound,169.96,2024-01-24,15.45,17476,1304
4571,Referral,Cold Outbound,118.36,2024-01-24,9.1,18964,1110
4572,Google Ads,Partner Referral,394.66,2024-01-24,35.88,23338,402
4573,Direct,End of Year Push,187.15,2024-01-24,23.39,21649,1589
4574,Google Ads,Brand Awareness Q1,261.36,2024-01-24,10.45,3584,1091
4575,Organic,Brand Awareness Q1,163.47,2024-01-24,6.81,34212,1888
4576,Organic,Product Launch,179.89,2024-01-24,9.47,12095,1332
4577,Organic,Retargeting Wave,158.8,2024-01-24,13.23,13314,1350
4578,Google Ads,Summer Growth,281.48,2024-01-24,20.11,3753,1544
4579,Organic,Product Launch,171.92,2024-01-24,21.49,11478,695
4580,Organic,Product Launch,120.93,2024-01-24,9.3,31904,1274
4581,Meta Ads,Inbound SEO,291.72,2024-01-24,13.26,37998,1667
4582,Meta Ads,End of Year Push,251.75,2024-01-25,13.99,40631,1465
4583,Referral,End of Year Push,126.72,2024-01-25,9.75,28759,1667
4584,Organic,Product Launch,130.69,2024-01-25,7.69,3722,1178
4585,Organic,Cold Outbound,158.93,2024-01-25,17.66,1322,527
4586,Meta Ads,Cold Outbound,254.78,2024-01-25,23.16,23251,150
4587,Referral,Product Launch,117.95,2024-01-25,6.94,25484,77
4588,Meta Ads,Inbound SEO,304.71,2024-01-25,23.44,44714,152
4589,Meta Ads,Inbound SEO,196.39,2024-01-25,19.64,12741,337
4590,LinkedIn,Partner Referral,628.58,2024-01-25,69.84,1911,1222
4591,Meta Ads,Retargeting Wave,280.61,2024-01-25,17.54,7682,260
4592,Referral,Brand Awareness Q1,87.7,2024-01-25,5.85,27091,655
4593,Referral,Cold Outbound,115.06,2024-01-25,7.67,31382,307
4594,LinkedIn,Brand Awareness Q1,664.78,2024-01-25,60.43,10067,697
4595,LinkedIn,Retargeting Wave,599.13,2024-01-25,24.96,45692,467
4596,Google Ads,Product Launch,276.68,2024-01-25,12.58,35953,1936
4597,LinkedIn,Summer Growth,670.05,2024-01-25,37.22,20962,1974
4598,Email,Inbound SEO,111.62,2024-01-25,6.2,32278,217
4599,Referral,Cold Outbound,101.14,2024-01-26,11.24,3414,1007
4600,Email,Summer Growth,96.01,2024-01-26,10.67,15716,800
4601,Organic,End of Year Push,144.1,2024-01-26,7.58,41399,354
4602,Organic,Product Launch,176.01,2024-01-26,12.57,17913,72
4603,Direct,Summer Growth,175.33,2024-01-26,9.23,21506,1141
4604,Direct,Partner Referral,193.09,2024-01-26,9.19,16726,1725
4605,Direct,Retargeting Wave,198.34,2024-01-26,13.22,36018,1004
4606,Organic,Inbound SEO,126.59,2024-01-26,7.45,10053,1807
4607,Direct,Inbound SEO,111.59,2024-01-26,6.97,39651,1502
4608,Referral,Partner Referral,123.68,2024-01-26,6.87,44501,1239
4609,Google Ads,End of Year Push,316.14,2024-01-26,15.81,43372,848
4610,Google Ads,Retargeting Wave,327.79,2024-01-26,21.85,6279,496
4611,Referral,Brand Awareness Q1,143.09,2024-01-26,17.89,46371,240
4612,Meta Ads,Summer Growth,188.13,2024-01-26,17.1,814,1887
4613,Google Ads,Product Launch,328.84,2024-01-26,20.55,18285,531
4614,Organic,Retargeting Wave,140.84,2024-01-26,7.82,5762,1414
4615,Meta Ads,Summer Growth,267.55,2024-01-27,11.63,33306,1389
4616,LinkedIn,Summer Growth,750.55,2024-01-27,34.12,39698,280
4617,Google Ads,Partner Referral,379.6,2024-01-27,15.18,3173,1877
4618,LinkedIn,Inbound SEO,524.73,2024-01-27,32.8,35485,1267
4619,Organic,Retargeting Wave,178.48,2024-01-27,11.15,3737,1124
4620,Organic,Brand Awareness Q1,172.71,2024-01-27,21.59,27789,1251
4621,Google Ads,Summer Growth,338.12,2024-01-27,13.52,46474,492
4622,Organic,End of Year Push,178.29,2024-01-28,17.83,26554,1013
4623,Meta Ads,Partner Referral,286.16,2024-01-28,14.31,19378,85
4624,Referral,End of Year Push,138.52,2024-01-28,15.39,29791,760
4625,Organic,Brand Awareness Q1,153.84,2024-01-28,7.33,18724,92
4626,Meta Ads,Cold Outbound,188.43,2024-01-28,17.13,4260,1228
4627,Organic,Inbound SEO,157.43,2024-01-28,14.31,1657,1697
4628,Referral,Product Launch,102.82,2024-01-28,12.85,35909,833
4629,Google Ads,Retargeting Wave,355.89,2024-01-28,22.24,23691,1464
4630,Google Ads,End of Year Push,325.28,2024-01-28,32.53,34921,796
4631,Referral,Partner Referral,131.16,2024-01-28,7.29,17282,1861
4632,Meta Ads,Cold Outbound,214.41,2024-01-28,8.93,7446,1674
4633,Organic,Summer Growth,179.43,2024-01-28,22.43,31233,1335
4634,Direct,Partner Referral,163.02,2024-01-28,10.87,12023,170
4635,Organic,End of Year Push,147.86,2024-01-28,18.48,32647,1335
4636,Referral,Partner Referral,88.45,2024-01-28,7.37,16856,1521
4637,Organic,Summer Growth,140.13,2024-01-28,14.01,42890,1566
4638,LinkedIn,Summer Growth,667.7,2024-01-28,51.36,48847,950
4639,Meta Ads,Inbound SEO,193.79,2024-01-29,17.62,36251,110
4640,Google Ads,Retargeting Wave,320.46,2024-01-29,18.85,8810,589
4641,Google Ads,Brand Awareness Q1,309.56,2024-01-29,34.4,17143,1831
4642,LinkedIn,Inbound SEO,498.63,2024-01-29,22.66,27454,696
4643,Meta Ads,Retargeting Wave,205.71,2024-01-29,12.1,23441,1166
4644,Google Ads,Inbound SEO,397.56,2024-01-29,39.76,39499,850
4645,Organic,Brand Awareness Q1,154.42,2024-01-29,15.44,43704,1491
4646,Google Ads,Brand Awareness Q1,350.83,2024-01-29,19.49,20391,1956
4647,LinkedIn,Partner Referral,558.94,2024-01-29,43.0,43043,1572
4648,Direct,Summer Growth,114.47,2024-01-29,5.45,23395,554
4649,Meta Ads,Cold Outbound,295.51,2024-01-29,21.11,38646,1862
4650,Referral,Cold Outbound,127.11,2024-01-29,6.36,26083,1571
4651,Google Ads,Product Launch,297.06,2024-01-29,18.57,42722,659
4652,Organic,End of Year Push,178.04,2024-01-29,16.19,21521,1034
4653,Meta Ads,Partner Referral,249.14,2024-01-29,13.11,37030,184
4654,Organic,Inbound SEO,127.86,2024-01-29,14.21,31485,946
4655,Meta Ads,Inbound SEO,240.98,2024-01-30,26.78,44776,1683
4656,LinkedIn,Brand Awareness Q1,707.23,2024-01-30,64.29,37778,334
4657,Email,Partner Referral,87.57,2024-01-30,4.17,11727,472
4658,Referral,End of Year Push,122.51,2024-01-30,6.45,12310,1900
4659,Google Ads,Cold Outbound,253.58,2024-01-31,19.51,27806,753
4660,Google Ads,End of Year Push,250.77,2024-01-31,20.9,28982,251
4661,Organic,Retargeting Wave,159.34,2024-01-31,13.28,30148,1935
4662,Referral,Product Launch,80.38,2024-01-31,5.74,13754,1373
4663,Referral,Brand Awareness Q1,89.28,2024-01-31,9.92,11383,714
4664,Referral,Brand Awareness Q1,127.88,2024-01-31,7.99,47875,867
4665,Meta Ads,Cold Outbound,223.24,2024-01-31,20.29,36187,1942
4666,Referral,Inbound SEO,130.29,2024-01-31,8.69,15733,281
4667,Referral,Retargeting Wave,103.81,2024-01-31,4.33,14912,713
4668,Referral,Cold Outbound,92.44,2024-01-31,5.14,13169,1455
4669,Organic,End of Year Push,150.54,2024-01-31,10.04,25318,639
4670,Meta Ads,Product Launch,195.51,2024-01-31,9.31,17107,795
4671,Direct,Summer Growth,146.68,2024-01-31,7.33,25665,447
4672,LinkedIn,Brand Awareness Q1,523.23,2024-01-31,37.37,9188,379
4673,Organic,Brand Awareness Q1,165.49,2024-01-31,7.52,704,245
4674,Meta Ads,Summer Growth,301.71,2024-01-31,16.76,22534,1052
4675,Google Ads,Summer Growth,369.99,2024-01-31,30.83,49876,803
4676,Organic,End of Year Push,126.23,2024-02-01,9.02,19529,81
4677,Referral,Summer Growth,85.46,2024-02-01,5.03,17942,1478
4678,LinkedIn,Cold Outbound,670.32,2024-02-01,31.92,48791,845
4679,Direct,Partner Referral,175.52,2024-02-01,14.63,23032,462
4680,Google Ads,Summer Growth,373.33,2024-02-01,16.23,8550,1585
4681,Organic,Inbound SEO,133.69,2024-02-01,5.81,45848,599
4682,Organic,Cold Outbound,178.77,2024-02-01,9.93,25444,755
4683,Email,Product Launch,108.61,2024-02-01,7.76,881,146
4684,Direct,Product Launch,118.49,2024-02-01,9.87,15636,971
4685,Organic,Retargeting Wave,179.48,2024-02-01,11.97,14734,1405
4686,LinkedIn,Inbound SEO,707.59,2024-02-01,70.76,39778,1325
4687,LinkedIn,Product Launch,669.41,2024-02-01,66.94,4829,190
4688,Google Ads,Product Launch,393.37,2024-02-01,17.88,49780,1779
4689,Organic,End of Year Push,167.61,2024-02-01,18.62,28134,1712
4690,Meta Ads,Product Launch,268.28,2024-02-01,29.81,42074,1998
4691,LinkedIn,Summer Growth,726.06,2024-02-01,31.57,45942,1817
4692,Email,Summer Growth,64.51,2024-02-02,7.17,40644,1828
4693,Organic,Retargeting Wave,177.35,2024-02-02,8.87,2850,148
4694,Referral,Brand Awareness Q1,93.02,2024-02-02,5.47,38864,747
4695,Referral,Partner Referral,142.89,2024-02-02,7.52,6329,92
4696,Organic,Inbound SEO,170.51,2024-02-02,12.18,31444,1454
4697,LinkedIn,End of Year Push,497.41,2024-02-02,38.26,48853,1279
4698,Organic,End of Year Push,140.43,2024-02-02,10.8,20652,598
4699,Meta Ads,Brand Awareness Q1,256.22,2024-02-02,11.14,27318,1275
4700,Referral,Inbound SEO,129.76,2024-02-02,5.9,31506,1676
4701,Google Ads,Inbound SEO,289.9,2024-02-02,22.3,36815,1210
4702,Organic,Summer Growth,145.42,2024-02-02,11.19,43503,1629
4703,Google Ads,Retargeting Wave,349.4,2024-02-02,15.88,17646,1241
4704,LinkedIn,Summer Growth,789.69,2024-02-02,78.97,27121,119
4705,LinkedIn,Cold Outbound,542.88,2024-02-02,21.72,45110,1992
4706,Organic,Product Launch,129.49,2024-02-02,9.25,42633,1511
4707,Google Ads,Retargeting Wave,283.36,2024-02-02,17.71,30259,1665
4708,Referral,Retargeting Wave,135.76,2024-02-02,5.66,23771,1658
4709,LinkedIn,Retargeting Wave,722.41,2024-02-02,42.49,22033,214
4710,LinkedIn,Inbound SEO,511.99,2024-02-03,23.27,9704,1321
4711,LinkedIn,Product Launch,482.57,2024-02-03,24.13,47548,163
4712,Meta Ads,Summer Growth,210.72,2024-02-03,13.17,15855,1900
4713,Meta Ads,Retargeting Wave,241.69,2024-02-03,12.08,8053,1978
4714,Referral,Inbound SEO,94.81,2024-02-03,5.27,17797,801
4715,LinkedIn,Product Launch,782.9,2024-02-03,43.49,47973,1219
4716,Referral,Cold Outbound,138.52,2024-02-03,10.66,1187,1737
4717,Google Ads,End of Year Push,314.98,2024-02-03,35.0,41145,1435
4718,Meta Ads,End of Year Push,183.69,2024-02-03,11.48,26736,1195
4719,Google Ads,Cold Outbound,248.14,2024-02-03,13.79,14400,1203
4720,Organic,End of Year Push,155.96,2024-02-03,6.24,10867,1108
4721,Direct,Summer Growth,156.44,2024-02-03,6.52,47766,481
4722,Referral,Brand Awareness Q1,130.63,2024-02-03,5.94,15981,1324
4723,Meta Ads,Inbound SEO,254.51,2024-02-04,14.14,1214,793
4724,Organic,Inbound SEO,150.57,2024-02-04,13.69,45371,227
4725,Google Ads,Inbound SEO,261.3,2024-02-04,13.07,42089,883
4726,Organic,Partner Referral,148.17,2024-02-04,11.4,44731,996
4727,Referral,End of Year Push,92.4,2024-02-04,3.85,8569,1894
4728,Google Ads,Partner Referral,379.48,2024-02-04,19.97,5958,1502
4729,Referral,Cold Outbound,98.8,2024-02-04,5.49,13843,1381
4730,Organic,Partner Referral,137.76,2024-02-04,9.84,16498,1164
4731,Google Ads,Inbound SEO,291.89,2024-02-04,36.49,6349,306
4732,LinkedIn,Retargeting Wave,498.93,2024-02-04,19.96,7062,468
4733,Organic,Inbound SEO,178.31,2024-02-04,11.89,4164,1183
4734,Meta Ads,End of Year Push,266.47,2024-02-04,33.31,37585,1486
4735,Organic,Product Launch,175.34,2024-02-04,19.48,11308,1519
4736,Direct,Summer Growth,130.88,2024-02-05,5.69,28465,884
4737,Direct,Brand Awareness Q1,159.21,2024-02-05,7.96,35266,462
4738,LinkedIn,Product Launch,505.62,2024-02-05,25.28,46866,887
4739,Google Ads,Brand Awareness Q1,249.66,2024-02-05,31.21,39712,1985
4740,Email,End of Year Push,88.85,2024-02-05,4.94,45772,1795
4741,Google Ads,Product Launch,345.38,2024-02-05,18.18,44129,1748
4742,Meta Ads,Summer Growth,262.77,2024-02-05,21.9,6447,495
4743,Google Ads,Brand Awareness Q1,386.66,2024-02-05,35.15,11103,742
4744,Organic,End of Year Push,161.07,2024-02-05,7.67,48266,579
4745,Google Ads,Cold Outbound,333.04,2024-02-05,37.0,28430,1023
4746,LinkedIn,Retargeting Wave,770.5,2024-02-05,45.32,1998,481
4747,LinkedIn,Product Launch,543.76,2024-02-05,41.83,8332,201
4748,LinkedIn,Inbound SEO,541.13,2024-02-05,23.53,12332,88
4749,Referral,Inbound SEO,104.29,2024-02-05,6.95,11164,256
4750,Google Ads,Inbound SEO,395.06,2024-02-06,20.79,21288,51
4751,Organic,Retargeting Wave,169.43,2024-02-06,8.92,1400,772
4752,Direct,Partner Referral,181.64,2024-02-06,20.18,30815,375
4753,Organic,Retargeting Wave,153.63,2024-02-06,10.97,38508,356
4754,Referral,Partner Referral,137.84,2024-02-06,6.89,33624,1234
4755,Meta Ads,Partner Referral,193.71,2024-02-06,10.76,47934,418
4756,Meta Ads,Retargeting Wave,219.91,2024-02-06,15.71,2596,693
4757,Organic,Partner Referral,132.68,2024-02-06,12.06,17184,1827
4758,Direct,End of Year Push,109.56,2024-02-07,4.98,1670,993
4759,LinkedIn,Retargeting Wave,623.81,2024-02-07,51.98,2418,142
4760,Referral,Inbound SEO,126.12,2024-02-07,14.01,12506,1380
4761,LinkedIn,Brand Awareness Q1,731.37,2024-02-07,33.24,37863,1306
4762,Email,Cold Outbound,96.13,2024-02-07,4.18,48615,1198
4763,Meta Ads,Retargeting Wave,191.66,2024-02-07,7.99,24711,1249
4764,Organic,Brand Awareness Q1,140.88,2024-02-07,7.41,17882,399
4765,Referral,Cold Outbound,100.71,2024-02-07,4.2,19019,1346
4766,Organic,Retargeting Wave,126.28,2024-02-07,5.49,7345,583
4767,Organic,Cold Outbound,150.73,2024-02-07,6.55,38273,1605
4768,Google Ads,Inbound SEO,365.74,2024-02-08,18.29,40468,1255
4769,Referral,Summer Growth,89.37,2024-02-08,6.38,30391,1344
4770,Referral,Summer Growth,82.37,2024-02-08,4.12,36851,1122
4771,Google Ads,Cold Outbound,242.21,2024-02-08,12.11,45695,532
4772,Organic,Retargeting Wave,166.84,2024-02-08,7.25,42516,1271
4773,Organic,Inbound SEO,126.15,2024-02-08,9.7,33352,668
4774,Organic,Partner Referral,172.76,2024-02-08,7.51,30431,619
4775,Organic,Cold Outbound,140.17,2024-02-08,8.76,27246,1555
4776,Google Ads,Inbound SEO,394.05,2024-02-08,18.76,13998,1450
4777,Google Ads,End of Year Push,300.47,2024-02-08,15.02,4960,1387
4778,Email,Partner Referral,66.81,2024-02-08,2.78,24686,1253
4779,Referral,Product Launch,149.34,2024-02-08,8.78,5144,1904
4780,Meta Ads,Cold Outbound,240.24,2024-02-08,14.13,32657,1171
4781,Organic,End of Year Push,144.41,2024-02-09,9.03,48478,1564
4782,Organic,Brand Awareness Q1,139.48,2024-02-09,12.68,5866,105
4783,Organic,End of Year Push,175.43,2024-02-09,15.95,18059,1220
4784,LinkedIn,Summer Growth,473.67,2024-02-09,52.63,6059,233
4785,LinkedIn,Summer Growth,465.91,2024-02-09,21.18,20521,1007
4786,Google Ads,Inbound SEO,329.62,2024-02-09,14.33,37767,943
4787,Organic,Retargeting Wave,155.28,2024-02-09,12.94,12874,1644
4788,Meta Ads,Summer Growth,206.05,2024-02-09,15.85,17378,709
4789,Referral,Retargeting Wave,117.73,2024-02-09,5.12,49621,67
4790,Meta Ads,Cold Outbound,183.51,2024-02-09,20.39,38816,419
4791,Meta Ads,Inbound SEO,270.13,2024-02-09,12.28,18143,1549
4792,Organic,Product Launch,161.64,2024-02-09,8.98,18490,415
4793,LinkedIn,Brand Awareness Q1,687.63,2024-02-10,52.89,25808,1329
4794,Referral,Retargeting Wave,124.05,2024-02-10,6.2,27087,943
4795,LinkedIn,Brand Awareness Q1,496.06,2024-02-10,21.57,46310,406
4796,Meta Ads,End of Year Push,200.88,2024-02-10,18.26,47696,1958
4797,Meta Ads,Brand Awareness Q1,241.27,2024-02-10,10.05,27385,1979
4798,LinkedIn,Retargeting Wave,522.83,2024-02-10,32.68,23464,522
4799,Meta Ads,Brand Awareness Q1,312.44,2024-02-10,12.5,11797,1216
4800,Referral,End of Year Push,81.43,2024-02-10,3.39,47639,709
4801,Google Ads,Brand Awareness Q1,377.12,2024-02-10,31.43,37011,670
4802,Google Ads,Product Launch,389.34,2024-02-10,17.7,34417,459
4803,Google Ads,Partner Referral,261.1,2024-02-10,10.44,47528,1909
4804,Google Ads,Summer Growth,383.49,2024-02-10,22.56,30502,1277
4805,Organic,Inbound SEO,137.18,2024-02-10,13.72,23189,530
4806,Referral,Product Launch,124.31,2024-02-11,6.22,42312,86
4807,Referral,Product Launch,110.19,2024-02-11,7.35,45291,1109
4808,Organic,Brand Awareness Q1,177.48,2024-02-11,22.18,45191,1353
4809,Organic,Brand Awareness Q1,148.36,2024-02-11,7.06,42303,1036
4810,LinkedIn,Retargeting Wave,643.29,2024-02-11,30.63,21082,1343
4811,Google Ads,Product Launch,240.76,2024-02-11,20.06,12360,2000
4812,Organic,Summer Growth,127.67,2024-02-11,6.38,41357,92
4813,Organic,End of Year Push,177.08,2024-02-11,13.62,47482,1885
4814,Organic,Product Launch,129.99,2024-02-12,8.67,20486,580
4815,Organic,Partner Referral,124.28,2024-02-12,13.81,34300,488
4816,Meta Ads,Summer Growth,310.78,2024-02-12,19.42,36104,1246
4817,LinkedIn,Product Launch,544.86,2024-02-12,41.91,14564,1454
4818,Direct,Retargeting Wave,112.69,2024-02-12,5.37,49935,1806
4819,Email,Cold Outbound,67.17,2024-02-12,6.72,3475,1091
4820,LinkedIn,Partner Referral,718.13,2024-02-12,51.3,10114,1968
4821,Direct,End of Year Push,111.09,2024-02-12,5.05,49831,1468
4822,Google Ads,Product Launch,391.19,2024-02-12,39.12,17536,756
4823,LinkedIn,Retargeting Wave,738.89,2024-02-12,33.59,9100,366
4824,Meta Ads,Retargeting Wave,280.02,2024-02-12,11.67,40505,1930
4825,LinkedIn,Cold Outbound,666.36,2024-02-12,41.65,17162,388
4826,Direct,Cold Outbound,165.76,2024-02-12,11.84,2586,497
4827,Meta Ads,Inbound SEO,252.12,2024-02-12,28.01,34884,484
4828,Referral,Retargeting Wave,110.66,2024-02-13,7.38,10006,1553
4829,Organic,Brand Awareness Q1,174.28,2024-02-13,8.71,43671,59
4830,Referral,End of Year Push,134.73,2024-02-13,16.84,42381,1997
4831,Meta Ads,Partner Referral,214.04,2024-02-13,10.7,32152,1607
4832,Google Ads,Cold Outbound,321.24,2024-02-13,13.97,6635,1539
4833,LinkedIn,Cold Outbound,707.23,2024-02-13,47.15,15329,526
4834,Google Ads,End of Year Push,275.58,2024-02-13,11.98,39154,126
4835,Organic,Retargeting Wave,152.05,2024-02-13,16.89,21898,944
4836,Meta Ads,Cold Outbound,220.52,2024-02-13,11.03,7365,1999
4837,LinkedIn,Summer Growth,612.17,2024-02-13,51.01,49202,1435
4838,Direct,Partner Referral,146.14,2024-02-13,12.18,18841,1157
4839,Organic,Inbound SEO,154.47,2024-02-13,11.88,10978,586
4840,LinkedIn,Inbound SEO,714.03,2024-02-13,34.0,8091,1831
4841,Google Ads,Cold Outbound,279.27,2024-02-13,23.27,4063,211
4842,Meta Ads,Brand Awareness Q1,281.77,2024-02-13,28.18,7862,963
4843,Google Ads,Partner Referral,292.82,2024-02-14,13.31,30621,1836
4844,Google Ads,Summer Growth,279.65,2024-02-14,31.07,27935,978
4845,LinkedIn,Retargeting Wave,753.27,2024-02-14,31.39,37439,136
4846,Referral,Summer Growth,114.37,2024-02-14,5.72,32494,1335
4847,Meta Ads,Brand Awareness Q1,305.47,2024-02-14,20.36,1689,1709
4848,Organic,Product Launch,137.18,2024-02-14,9.15,44704,1435
4849,LinkedIn,Brand Awareness Q1,792.4,2024-02-14,31.7,14551,509
4850,Google Ads,Cold Outbound,383.73,2024-02-14,34.88,21481,1497
4851,Google Ads,End of Year Push,349.54,2024-02-14,24.97,4089,1641
4852,Referral,Brand Awareness Q1,115.67,2024-02-14,8.26,49750,806
4853,Google Ads,End of Year Push,256.87,2024-02-14,11.68,48712,500
4854,Organic,Inbound SEO,175.9,2024-02-14,21.99,18231,1178
4855,Referral,Summer Growth,123.89,2024-02-14,4.96,33178,1487
4856,Google Ads,Cold Outbound,375.64,2024-02-14,25.04,9552,1471
4857,Organic,Cold Outbound,155.0,2024-02-14,6.46,3055,1323
4858,Meta Ads,End of Year Push,307.01,2024-02-15,12.28,26459,481
4859,Referral,Brand Awareness Q1,86.59,2024-02-15,4.12,12199,113
4860,Google Ads,Cold Outbound,308.62,2024-02-15,12.34,27680,1915
4861,Organic,End of Year Push,122.42,2024-02-16,4.9,4667,1794
4862,Google Ads,Retargeting Wave,250.78,2024-02-16,10.03,26250,1032
4863,Organic,Partner Referral,158.94,2024-02-16,9.93,18362,1740
4864,Google Ads,Inbound SEO,250.28,2024-02-16,25.03,3270,266
4865,Google Ads,Cold Outbound,347.02,2024-02-16,26.69,21663,734
4866,Referral,Summer Growth,96.0,2024-02-16,4.0,49448,145
4867,Meta Ads,Retargeting Wave,198.98,2024-02-17,15.31,15196,83
4868,Organic,Cold Outbound,158.44,2024-02-17,12.19,32271,1465
4869,Direct,Summer Growth,137.23,2024-02-17,7.22,11512,1047
4870,Referral,Product Launch,131.08,2024-02-17,8.74,5024,1822
4871,Organic,Retargeting Wave,135.98,2024-02-17,13.6,48225,840
4872,Google Ads,Product Launch,378.18,2024-02-17,18.01,30778,949
4873,Referral,Cold Outbound,135.62,2024-02-17,11.3,30982,952
4874,Meta Ads,Retargeting Wave,271.49,2024-02-17,12.93,2241,771
4875,Organic,Partner Referral,175.49,2024-02-17,9.75,42339,1906
4876,Google Ads,Brand Awareness Q1,383.46,2024-02-17,19.17,35773,525
4877,Google Ads,Partner Referral,343.48,2024-02-17,14.31,32595,242
4878,Google Ads,Partner Referral,286.45,2024-02-17,22.03,40755,307
4879,Meta Ads,Cold Outbound,286.86,2024-02-17,20.49,26032,1623
4880,Organic,Brand Awareness Q1,134.49,2024-02-17,5.38,4718,224
4881,Referral,Cold Outbound,81.63,2024-02-17,3.55,35917,534
4882,Email,Product Launch,67.01,2024-02-17,3.19,13827,1026
4883,LinkedIn,Cold Outbound,474.74,2024-02-18,52.75,14116,1916
4884,Organic,Summer Growth,139.06,2024-02-18,9.93,15631,1329
4885,LinkedIn,Retargeting Wave,506.31,2024-02-18,29.78,24692,592
4886,LinkedIn,Retargeting Wave,572.51,2024-02-18,33.68,32102,1989
4887,Organic,Cold Outbound,151.12,2024-02-18,11.62,19516,628
4888,Referral,Cold Outbound,137.15,2024-02-18,13.71,30358,688
4889,Organic,Partner Referral,175.52,2024-02-18,7.98,37754,1628
4890,Meta Ads,Brand Awareness Q1,216.52,2024-02-18,10.83,8404,497
4891,Meta Ads,Product Launch,265.3,2024-02-18,18.95,30164,819
4892,Organic,Inbound SEO,153.65,2024-02-18,10.97,2447,1165
4893,Meta Ads,Cold Outbound,300.34,2024-02-18,37.54,39828,193
4894,Organic,Product Launch,178.97,2024-02-18,17.9,11074,1889
4895,Google Ads,Summer Growth,290.57,2024-02-18,15.29,28964,1029
4896,Organic,Partner Referral,130.38,2024-02-18,10.03,11671,1502
4897,Google Ads,Summer Growth,373.99,2024-02-19,26.71,13082,699
4898,Google Ads,Retargeting Wave,367.52,2024-02-19,21.62,15561,1047
4899,LinkedIn,Product Launch,729.14,2024-02-19,30.38,17155,107
4900,LinkedIn,Product Launch,484.76,2024-02-19,25.51,46188,321
4901,Organic,Product Launch,135.92,2024-02-19,15.1,37364,192
4902,Meta Ads,Summer Growth,250.05,2024-02-19,20.84,19612,1036
4903,Direct,Partner Referral,139.73,2024-02-19,6.65,43818,1005
4904,Meta Ads,Summer Growth,183.64,2024-02-19,7.98,11607,1272
4905,LinkedIn,End of Year Push,467.57,2024-02-19,20.33,23458,214
4906,Organic,Retargeting Wave,144.95,2024-02-19,6.04,7861,670
4907,LinkedIn,Partner Referral,485.6,2024-02-19,21.11,37420,1308
4908,Referral,Retargeting Wave,147.94,2024-02-19,8.22,4975,1327
4909,Organic,Retargeting Wave,150.53,2024-02-19,7.17,23455,561
4910,Referral,Retargeting Wave,103.52,2024-02-19,11.5,24958,1967
4911,Google Ads,Inbound SEO,286.4,2024-02-19,20.46,45982,566
4912,Organic,Brand Awareness Q1,172.74,2024-02-19,7.85,24327,1820
4913,Organic,Cold Outbound,147.17,2024-02-19,11.32,9622,1818
4914,Direct,Inbound SEO,133.97,2024-02-19,14.89,8938,1912
4915,Organic,Summer Growth,157.02,2024-02-19,12.08,12601,1022
4916,Organic,Retargeting Wave,136.14,2024-02-19,7.17,21133,1330
4917,Organic,Cold Outbound,160.86,2024-02-20,8.94,36273,321
4918,Google Ads,Cold Outbound,365.06,2024-02-20,16.59,10232,536
4919,LinkedIn,Cold Outbound,604.61,2024-02-20,25.19,13034,1204
4920,Organic,Summer Growth,146.63,2024-02-20,6.98,13709,1163
4921,Organic,Partner Referral,145.57,2024-02-20,6.33,41231,1938
4922,Google Ads,Brand Awareness Q1,337.42,2024-02-20,15.34,14172,1005
4923,LinkedIn,Summer Growth,509.44,2024-02-20,22.15,26070,611
4924,Meta Ads,Summer Growth,210.45,2024-02-20,12.38,42077,1417
4925,Referral,Brand Awareness Q1,101.26,2024-02-20,7.79,39500,213
4926,Direct,Partner Referral,161.14,2024-02-20,8.95,1766,1412
4927,Referral,Retargeting Wave,132.32,2024-02-20,5.29,20210,195
4928,Email,Product Launch,76.28,2024-02-20,6.36,35741,508
4929,Referral,Brand Awareness Q1,129.92,2024-02-20,10.83,9336,1765
4930,Meta Ads,Summer Growth,316.58,2024-02-20,31.66,43961,1048
4931,Referral,Partner Referral,141.47,2024-02-20,10.11,27731,1323
4932,Organic,Brand Awareness Q1,152.42,2024-02-20,8.02,35816,568
4933,Google Ads,Brand Awareness Q1,245.32,2024-02-21,15.33,15498,740
4934,LinkedIn,Inbound SEO,486.72,2024-02-21,34.77,5768,946
4935,Organic,Summer Growth,175.76,2024-02-21,19.53,35962,1429
4936,Referral,End of Year Push,102.86,2024-02-21,10.29,16946,965
4937,LinkedIn,Summer Growth,790.71,2024-02-21,60.82,28145,737
4938,Organic,Cold Outbound,152.13,2024-02-21,8.01,22455,1085
4939,Referral,Cold Outbound,93.62,2024-02-21,4.07,35815,1961
4940,Meta Ads,Partner Referral,191.38,2024-02-21,7.97,42111,138
4941,LinkedIn,Summer Growth,565.51,2024-02-21,22.62,49704,1885
4942,Meta Ads,Retargeting Wave,242.35,2024-02-21,10.54,13223,1670
4943,Organic,Cold Outbound,148.48,2024-02-21,6.19,21664,650
4944,Google Ads,Cold Outbound,285.63,2024-02-21,12.98,2030,862
4945,Organic,Inbound SEO,166.19,2024-02-21,9.23,36683,1527
4946,Meta Ads,Inbound SEO,206.71,2024-02-21,9.84,19084,1591
4947,Direct,Product Launch,123.16,2024-02-21,5.6,46770,797
4948,Google Ads,Summer Growth,395.86,2024-02-22,21.99,28404,795
4949,Organic,Summer Growth,147.24,2024-02-22,7.75,25588,381
4950,Google Ads,Summer Growth,382.04,2024-02-22,15.28,4224,1733
4951,Google Ads,Product Launch,312.1,2024-02-22,39.01,3454,1193
4952,Google Ads,Summer Growth,303.69,2024-02-22,14.46,47623,1609
4953,Referral,Partner Referral,145.26,2024-02-22,16.14,26696,1455
4954,Google Ads,End of Year Push,289.45,2024-02-22,22.27,16146,1042
4955,Google Ads,End of Year Push,351.12,2024-02-22,14.63,34625,462
4956,LinkedIn,Summer Growth,528.71,2024-02-22,33.04,38605,559
4957,LinkedIn,Retargeting Wave,575.18,2024-02-22,23.97,21779,1956
4958,Meta Ads,Product Launch,203.04,2024-02-22,25.38,26308,929
4959,Google Ads,Cold Outbound,273.22,2024-02-22,12.42,46234,1624
4960,Organic,Brand Awareness Q1,154.04,2024-02-22,12.84,35688,1960
4961,Organic,End of Year Push,122.36,2024-02-22,9.41,49488,906
4962,Google Ads,Cold Outbound,375.85,2024-02-22,15.03,1357,1090
4963,LinkedIn,Retargeting Wave,738.75,2024-02-23,43.46,45986,1329
4964,Direct,Summer Growth,158.03,2024-02-23,7.9,9913,1062
4965,LinkedIn,Inbound SEO,722.36,2024-02-23,90.3,10180,1818
4966,LinkedIn,Product Launch,717.11,2024-02-23,37.74,4591,1602
4967,Organic,Summer Growth,127.99,2024-02-23,6.74,13694,804
4968,Organic,Product Launch,139.66,2024-02-23,6.07,5286,1263
4969,Meta Ads,Partner Referral,235.32,2024-02-23,21.39,25139,392
4970,Google Ads,End of Year Push,336.97,2024-02-23,24.07,35268,100
4971,Organic,Cold Outbound,160.14,2024-02-23,17.79,8074,948
4972,Meta Ads,Retargeting Wave,308.5,2024-02-23,18.15,26468,90
4973,Meta Ads,Partner Referral,221.44,2024-02-23,13.84,38151,289
4974,Meta Ads,Cold Outbound,225.28,2024-02-23,9.01,13751,244
4975,Direct,End of Year Push,196.04,2024-02-23,17.82,21396,1798
4976,LinkedIn,Cold Outbound,545.45,2024-02-23,27.27,11842,261
4977,Referral,Brand Awareness Q1,100.07,2024-02-23,6.67,30157,763
4978,Organic,Retargeting Wave,126.39,2024-02-24,5.06,48526,1558
4979,Google Ads,Product Launch,301.52,2024-02-24,21.54,40446,1520
4980,Meta Ads,End of Year Push,302.14,2024-02-24,25.18,29680,1133
4981,Google Ads,Retargeting Wave,265.5,2024-02-24,12.64,14619,1866
4982,Google Ads,Brand Awareness Q1,387.44,2024-02-24,38.74,9751,185
4983,LinkedIn,Summer Growth,684.78,2024-02-24,42.8,44851,1262
4984,LinkedIn,Inbound SEO,571.81,2024-02-25,40.84,22577,1231
4985,Google Ads,Summer Growth,391.0,2024-02-25,19.55,24407,606
4986,Meta Ads,Inbound SEO,248.32,2024-02-25,14.61,17289,788
4987,LinkedIn,Summer Growth,655.59,2024-02-25,40.97,21015,352
4988,Referral,Product Launch,84.92,2024-02-25,9.44,42436,1608
4989,Organic,Cold Outbound,152.72,2024-02-25,19.09,41891,975
4990,Organic,Partner Referral,170.24,2024-02-25,21.28,19376,1980
4991,Organic,Summer Growth,128.47,2024-02-25,16.06,2721,636
4992,Google Ads,Cold Outbound,317.62,2024-02-25,16.72,9954,215
4993,Organic,Retargeting Wave,123.63,2024-02-25,4.95,28786,692
4994,Google Ads,Inbound SEO,295.53,2024-02-25,14.07,46671,1109
4995,Google Ads,Product Launch,262.75,2024-02-25,29.19,49413,1367
4996,Google Ads,Summer Growth,282.6,2024-02-25,12.85,6300,86
4997,Google Ads,Cold Outbound,377.94,2024-02-25,27.0,39858,1549
4998,Organic,Partner Referral,132.99,2024-02-25,14.78,31015,68
4999,Referral,Cold Outbound,97.58,2024-02-25,8.13,47353,542
5000,Google Ads,End of Year Push,323.91,2024-02-25,12.96,41965,1904
5001,Meta Ads,Inbound SEO,304.09,2024-02-25,30.41,30785,1845
5002,Google Ads,Retargeting Wave,262.2,2024-02-25,11.92,32162,97
5003,Organic,Brand Awareness Q1,151.26,2024-02-25,6.88,26107,315
5004,Meta Ads,Product Launch,214.81,2024-02-25,11.31,22969,486
5005,Meta Ads,Retargeting Wave,244.41,2024-02-26,17.46,37101,529
5006,Organic,Product Launch,169.14,2024-02-26,14.09,22605,169
5007,Google Ads,Retargeting Wave,365.5,2024-02-26,15.23,14322,982
5008,Organic,Product Launch,164.79,2024-02-26,10.99,686,196
5009,Google Ads,Retargeting Wave,391.82,2024-02-26,18.66,32137,794
5010,Direct,End of Year Push,194.91,2024-02-26,8.12,4182,1676
5011,LinkedIn,Retargeting Wave,564.35,2024-02-26,56.44,35983,695
5012,LinkedIn,Cold Outbound,471.59,2024-02-26,42.87,3358,1717
5013,Direct,Brand Awareness Q1,169.21,2024-02-26,10.58,18221,493
5014,Organic,Brand Awareness Q1,141.81,2024-02-26,5.67,3999,1724
5015,Meta Ads,End of Year Push,305.3,2024-02-26,19.08,3188,1409
5016,Meta Ads,Brand Awareness Q1,237.24,2024-02-26,26.36,48279,1133
5017,Direct,Partner Referral,187.71,2024-02-26,7.82,19618,1415
5018,Meta Ads,Retargeting Wave,232.3,2024-02-26,19.36,11166,769
5019,Organic,Partner Referral,147.86,2024-02-26,6.16,23546,1007
5020,Google Ads,Retargeting Wave,350.9,2024-02-27,20.64,9776,1240
5021,Organic,Brand Awareness Q1,149.62,2024-02-27,14.96,40018,480
5022,Organic,Partner Referral,141.57,2024-02-27,6.43,20956,1298
5023,Google Ads,Product Launch,377.3,2024-02-27,37.73,28311,839
5024,Organic,Inbound SEO,177.65,2024-02-27,13.67,13010,1092
5025,Referral,Cold Outbound,148.29,2024-02-27,14.83,45657,639
5026,Organic,End of Year Push,121.31,2024-02-27,6.74,30419,1854
5027,Meta Ads,Summer Growth,267.19,2024-02-27,20.55,17110,153
5028,Google Ads,Partner Referral,279.26,2024-02-27,19.95,25077,350
5029,Referral,Cold Outbound,149.63,2024-02-27,8.31,42397,769
5030,Organic,End of Year Push,163.88,2024-02-27,9.64,32161,1008
5031,LinkedIn,Partner Referral,526.19,2024-02-28,29.23,35647,779
5032,Meta Ads,Partner Referral,243.57,2024-02-28,12.82,20162,1941
5033,Referral,Summer Growth,135.65,2024-02-28,7.14,44793,1354
5034,Referral,End of Year Push,119.9,2024-02-28,14.99,42459,551
5035,LinkedIn,Inbound SEO,713.62,2024-02-28,29.73,7243,1933
5036,Google Ads,Retargeting Wave,363.79,2024-02-28,30.32,37639,1123
5037,Referral,Cold Outbound,93.96,2024-02-28,4.47,8001,1328
5038,Organic,Inbound SEO,138.79,2024-02-28,6.94,5649,253
5039,Direct,Inbound SEO,134.71,2024-02-28,7.09,6848,138
5040,Meta Ads,Summer Growth,221.86,2024-02-28,8.87,34656,872
5041,Referral,Partner Referral,122.4,2024-02-28,11.13,6161,812
5042,Meta Ads,Summer Growth,265.14,2024-02-28,11.53,5212,1553
5043,Meta Ads,Cold Outbound,296.74,2024-02-28,37.09,5689,1543
5044,Organic,End of Year Push,144.88,2024-02-28,13.17,23838,1603
5045,Google Ads,Retargeting Wave,343.7,2024-02-28,26.44,4449,849
5046,Organic,Summer Growth,158.34,2024-02-28,14.39,26962,1329
5047,Referral,Brand Awareness Q1,113.7,2024-02-28,6.32,17910,555
5048,Google Ads,Partner Referral,264.35,2024-02-28,10.57,8716,1554
5049,Direct,Retargeting Wave,106.72,2024-02-29,4.85,5976,1241
5050,LinkedIn,End of Year Push,692.35,2024-02-29,53.26,33044,1496
5051,Organic,Cold Outbound,176.44,2024-02-29,11.76,8757,746
5052,Direct,Product Launch,136.55,2024-02-29,12.41,12358,541
5053,Referral,End of Year Push,136.48,2024-02-29,8.03,33839,1305
5054,Meta Ads,Brand Awareness Q1,295.28,2024-02-29,16.4,27350,1509
5055,Google Ads,Summer Growth,367.95,2024-02-29,16.72,9522,1637
5056,Direct,Retargeting Wave,173.71,2024-02-29,8.69,14231,1628
5057,Referral,Partner Referral,135.33,2024-02-29,6.15,1559,1385
5058,Organic,End of Year Push,152.24,2024-02-29,8.01,1810,1447
5059,Google Ads,Inbound SEO,387.53,2024-02-29,27.68,7659,1170
5060,Organic,Product Launch,178.35,2024-02-29,9.39,19656,1897
5061,Google Ads,Cold Outbound,393.43,2024-02-29,28.1,17271,1735
5062,Organic,Brand Awareness Q1,141.47,2024-02-29,7.86,18738,1468
5063,Organic,Partner Referral,173.9,2024-02-29,10.87,49731,1862
5064,Meta Ads,Partner Referral,270.97,2024-02-29,22.58,41783,1252
5065,Google Ads,Summer Growth,305.45,2024-02-29,21.82,6276,655
5066,Referral,End of Year Push,143.32,2024-03-01,8.43,36728,1381
5067,Organic,Product Launch,148.11,2024-03-01,18.51,29377,1615
5068,Meta Ads,Inbound SEO,215.03,2024-03-01,8.96,18654,724
5069,Meta Ads,Product Launch,187.58,2024-03-01,14.43,29564,1524
5070,Meta Ads,Brand Awareness Q1,233.04,2024-03-01,19.42,6778,1184
5071,Email,Partner Referral,85.41,2024-03-01,3.71,8790,737
5072,Organic,Retargeting Wave,155.44,2024-03-01,9.71,18260,768
5073,Referral,Brand Awareness Q1,88.6,2024-03-01,4.43,29339,1051
5074,Google Ads,Brand Awareness Q1,263.0,2024-03-01,10.52,13100,80
5075,Google Ads,Retargeting Wave,355.81,2024-03-01,25.41,48094,1053
5076,Organic,Retargeting Wave,160.97,2024-03-02,12.38,22237,960
5077,Referral,Retargeting Wave,149.81,2024-03-02,11.52,15512,992
5078,Email,Retargeting Wave,80.26,2024-03-02,3.65,8728,687
5079,Email,End of Year Push,85.16,2024-03-02,6.55,11071,1888
5080,Google Ads,End of Year Push,375.59,2024-03-02,20.87,2221,427
5081,Direct,Cold Outbound,118.19,2024-03-02,7.39,43166,860
5082,LinkedIn,End of Year Push,452.57,2024-03-02,18.86,17198,1057
5083,Referral,Cold Outbound,95.38,2024-03-02,11.92,22749,1131
5084,Referral,Cold Outbound,141.58,2024-03-02,7.87,9700,383
5085,Organic,Product Launch,124.95,2024-03-02,13.88,2698,1553
5086,Google Ads,End of Year Push,341.42,2024-03-02,21.34,9207,1953
5087,Email,Cold Outbound,71.26,2024-03-02,5.09,36742,667
5088,Google Ads,End of Year Push,362.91,2024-03-02,19.1,2654,1675
5089,Organic,Partner Referral,125.82,2024-03-02,8.39,36088,456
5090,Google Ads,Retargeting Wave,306.48,2024-03-03,21.89,27179,1834
5091,Google Ads,Retargeting Wave,300.04,2024-03-03,30.0,40198,1231
5092,Meta Ads,Inbound SEO,277.26,2024-03-03,25.21,14908,1503
5093,LinkedIn,Inbound SEO,558.35,2024-03-03,31.02,16728,1475
5094,Organic,Cold Outbound,143.39,2024-03-03,10.24,32717,1797
5095,Google Ads,Product Launch,289.86,2024-03-03,11.59,14196,231
5096,Meta Ads,Partner Referral,256.11,2024-03-03,23.28,26554,1996
5097,Google Ads,Retargeting Wave,276.73,2024-03-03,21.29,34064,1709
5098,Organic,Inbound SEO,124.9,2024-03-03,7.81,48447,280
5099,Google Ads,Cold Outbound,267.56,2024-03-03,12.16,873,1598
5100,Google Ads,Summer Growth,397.83,2024-03-03,39.78,44709,1958
5101,LinkedIn,Partner Referral,759.35,2024-03-03,39.97,42639,603
5102,Email,Summer Growth,83.8,2024-03-03,6.45,28291,1038
5103,LinkedIn,Retargeting Wave,730.97,2024-03-03,91.37,30517,780
5104,Referral,End of Year Push,104.39,2024-03-03,4.35,16770,583
5105,Direct,End of Year Push,141.32,2024-03-04,9.42,20290,1415
5106,LinkedIn,Inbound SEO,597.69,2024-03-04,54.34,22432,1468
5107,Meta Ads,End of Year Push,201.68,2024-03-04,22.41,39423,1734
5108,Email,Brand Awareness Q1,89.22,2024-03-04,4.96,37696,924
5109,Google Ads,Inbound SEO,396.87,2024-03-04,18.9,5988,393
5110,Google Ads,End of Year Push,386.46,2024-03-04,25.76,20064,578
5111,Organic,Partner Referral,142.91,2024-03-04,10.21,33874,1252
5112,Organic,Summer Growth,160.33,2024-03-04,9.43,42614,1269
5113,Organic,End of Year Push,148.41,2024-03-04,8.24,42388,1385
5114,LinkedIn,End of Year Push,664.59,2024-03-04,66.46,48573,214
5115,LinkedIn,Partner Referral,690.94,2024-03-04,31.41,45708,590
5116,Referral,Cold Outbound,98.45,2024-03-04,4.1,29128,1757
5117,Meta Ads,Product Launch,243.06,2024-03-04,30.38,30483,179
5118,Meta Ads,Partner Referral,316.59,2024-03-04,19.79,16950,1764
5119,Organic,Product Launch,152.91,2024-03-04,7.65,49842,1284
5120,Meta Ads,Summer Growth,313.2,2024-03-04,13.05,47354,1611
5121,Meta Ads,Summer Growth,187.96,2024-03-04,10.44,15460,1524
5122,Meta Ads,Retargeting Wave,274.26,2024-03-04,34.28,23486,1589
5123,Google Ads,Retargeting Wave,332.43,2024-03-04,13.3,41976,702
5124,LinkedIn,Summer Growth,492.48,2024-03-04,21.41,19417,395
5125,Google Ads,Product Launch,289.84,2024-03-04,13.17,20835,108
5126,Google Ads,Product Launch,253.1,2024-03-04,19.47,34831,1442
5127,Google Ads,End of Year Push,374.8,2024-03-05,17.04,2463,1196
5128,Organic,Inbound SEO,164.6,2024-03-05,7.48,45293,615
5129,Organic,Summer Growth,125.24,2024-03-05,13.92,2438,687
5130,LinkedIn,Product Launch,653.84,2024-03-05,40.87,26846,124
5131,Referral,Product Launch,88.44,2024-03-05,3.54,41570,784
5132,Google Ads,Cold Outbound,344.76,2024-03-05,26.52,26737,1636
5133,Referral,Inbound SEO,87.02,2024-03-05,9.67,34053,196
5134,Organic,Cold Outbound,146.09,2024-03-05,16.23,18099,1951
5135,LinkedIn,Inbound SEO,495.26,2024-03-05,22.51,39741,87
5136,Email,Brand Awareness Q1,79.33,2024-03-05,3.97,18251,356
5137,LinkedIn,End of Year Push,634.88,2024-03-05,33.41,37756,1787
5138,Meta Ads,Cold Outbound,293.17,2024-03-05,14.66,41328,1407
5139,Organic,Partner Referral,163.08,2024-03-05,9.59,34473,1471
5140,Direct,Product Launch,107.59,2024-03-05,10.76,10239,537
5141,Google Ads,Inbound SEO,300.73,2024-03-05,21.48,33251,136
5142,LinkedIn,Product Launch,501.18,2024-03-05,33.41,22394,335
5143,Google Ads,End of Year Push,353.92,2024-03-05,17.7,6343,277
5144,Organic,Cold Outbound,177.22,2024-03-05,19.69,46861,706
5145,Meta Ads,Partner Referral,305.35,2024-03-05,23.49,41171,1088
5146,Google Ads,Retargeting Wave,357.25,2024-03-05,14.89,32801,141
5147,LinkedIn,Partner Referral,468.45,2024-03-06,29.28,27491,291
5148,Google Ads,Retargeting Wave,331.74,2024-03-06,13.82,16543,1698
5149,Referral,Inbound SEO,140.91,2024-03-06,7.05,47847,140
5150,Organic,Inbound SEO,168.37,2024-03-06,6.73,27609,980
5151,Email,Inbound SEO,86.37,2024-03-06,5.76,48558,330
5152,Google Ads,Inbound SEO,312.08,2024-03-06,22.29,40683,478
5153,Organic,Summer Growth,158.49,2024-03-06,11.32,8750,824
5154,LinkedIn,Partner Referral,536.76,2024-03-06,48.8,41943,810
5155,LinkedIn,Retargeting Wave,757.64,2024-03-06,63.14,48998,437
5156,Referral,Cold Outbound,117.45,2024-03-06,4.89,1060,1431
5157,Organic,Summer Growth,124.77,2024-03-06,4.99,28897,709
5158,Meta Ads,Cold Outbound,256.23,2024-03-06,15.07,26927,1653
5159,Organic,Retargeting Wave,128.8,2024-03-06,6.13,22641,669
5160,Google Ads,Partner Referral,290.8,2024-03-06,19.39,45743,839
5161,LinkedIn,End of Year Push,523.42,2024-03-06,20.94,44232,1596
5162,Organic,Product Launch,174.99,2024-03-06,14.58,12033,481
5163,Referral,Product Launch,143.37,2024-03-06,13.03,4212,522
5164,Meta Ads,Product Launch,284.94,2024-03-07,35.62,20307,1366
5165,Meta Ads,End of Year Push,258.79,2024-03-07,11.25,47885,144
5166,Direct,End of Year Push,109.25,2024-03-07,7.8,22464,1631
5167,Google Ads,End of Year Push,352.26,2024-03-07,15.32,41774,1014
5168,LinkedIn,Brand Awareness Q1,571.46,2024-03-07,57.15,12213,1279
5169,Organic,Product Launch,169.97,2024-03-07,14.16,2076,189
5170,Organic,Retargeting Wave,146.64,2024-03-07,8.15,31583,1857
5171,Google Ads,Inbound SEO,241.13,2024-03-07,26.79,47954,1968
5172,Meta Ads,Summer Growth,221.54,2024-03-07,22.15,15301,1286
5173,Organic,Partner Referral,128.07,2024-03-07,6.1,49563,689
5174,LinkedIn,Product Launch,641.11,2024-03-07,30.53,37263,509
5175,Organic,Brand Awareness Q1,152.93,2024-03-07,10.92,16867,1201
5176,Organic,Partner Referral,134.11,2024-03-08,6.1,49467,1620
5177,Referral,Partner Referral,93.91,2024-03-08,9.39,20106,1523
5178,Direct,Partner Referral,128.39,2024-03-08,12.84,40203,640
5179,Referral,Partner Referral,142.21,2024-03-08,14.22,44384,1524
5180,Google Ads,Summer Growth,257.23,2024-03-08,25.72,1265,865
5181,LinkedIn,Retargeting Wave,663.34,2024-03-08,55.28,38412,427
5182,Organic,Cold Outbound,134.16,2024-03-08,5.59,38473,1508
5183,Direct,End of Year Push,134.29,2024-03-08,11.19,3246,181
5184,Direct,Summer Growth,103.88,2024-03-08,12.98,32008,374
5185,Organic,Product Launch,163.64,2024-03-08,7.11,20160,1566
5186,Google Ads,Brand Awareness Q1,277.92,2024-03-08,27.79,41452,1873
5187,Referral,Brand Awareness Q1,98.72,2024-03-08,4.11,35626,466
5188,Google Ads,Retargeting Wave,390.44,2024-03-08,32.54,22735,558
5189,Meta Ads,Retargeting Wave,199.41,2024-03-09,19.94,33001,1076
5190,Google Ads,Cold Outbound,282.07,2024-03-09,31.34,10677,490
5191,Meta Ads,End of Year Push,250.96,2024-03-09,25.1,4123,1284
5192,Organic,Summer Growth,146.35,2024-03-09,14.63,1194,648
5193,LinkedIn,Cold Outbound,708.63,2024-03-09,54.51,16217,685
5194,Direct,Product Launch,102.81,2024-03-09,6.05,9959,763
5195,Organic,Partner Referral,156.42,2024-03-09,11.17,7472,164
5196,Direct,Partner Referral,176.26,2024-03-09,7.05,19730,626
5197,Referral,Cold Outbound,146.21,2024-03-09,6.65,28806,1757
5198,LinkedIn,Partner Referral,639.0,2024-03-09,63.9,45705,1010
5199,Direct,Cold Outbound,163.37,2024-03-09,12.57,37397,904
5200,Organic,Retargeting Wave,172.13,2024-03-09,13.24,38950,1058
5201,Google Ads,Summer Growth,353.51,2024-03-09,39.28,6626,1460
5202,Direct,Brand Awareness Q1,130.86,2024-03-10,16.36,35044,1539
5203,Direct,Product Launch,134.41,2024-03-10,9.6,3602,842
5204,Google Ads,Partner Referral,258.53,2024-03-10,10.34,11054,1780
5205,Referral,Inbound SEO,142.73,2024-03-10,11.89,33596,1102
5206,Organic,Partner Referral,122.52,2024-03-10,15.31,24400,611
5207,Google Ads,Brand Awareness Q1,243.85,2024-03-10,10.16,20198,1367
5208,LinkedIn,Summer Growth,709.19,2024-03-10,30.83,49530,1926
5209,Organic,Brand Awareness Q1,135.56,2024-03-10,7.97,31915,481
5210,Referral,Cold Outbound,142.28,2024-03-10,5.69,36088,1733
5211,Google Ads,Partner Referral,388.58,2024-03-10,25.91,11055,388
5212,Referral,Retargeting Wave,116.55,2024-03-10,6.86,8079,527
5213,Organic,Brand Awareness Q1,131.52,2024-03-10,10.12,45282,1939
5214,Organic,Cold Outbound,132.95,2024-03-10,16.62,2341,340
5215,Organic,Product Launch,132.87,2024-03-10,9.49,22168,1697
5216,Referral,Product Launch,81.64,2024-03-10,3.71,20829,1420
5217,Organic,Inbound SEO,168.68,2024-03-10,7.33,3992,1880
5218,Meta Ads,End of Year Push,300.17,2024-03-10,23.09,33760,855
5219,Referral,Partner Referral,98.47,2024-03-10,8.95,20921,510
5220,Google Ads,Retargeting Wave,284.74,2024-03-10,25.89,47369,1590
5221,LinkedIn,Product Launch,626.05,2024-03-10,36.83,23173,1410
5222,Google Ads,Partner Referral,356.67,2024-03-10,20.98,47908,526
5223,Organic,Retargeting Wave,133.83,2024-03-11,16.73,14720,1894
5224,Referral,Inbound SEO,126.65,2024-03-11,5.07,5830,1075
5225,Organic,Inbound SEO,159.76,2024-03-11,10.65,22991,56
5226,Referral,Product Launch,110.09,2024-03-11,5.79,35586,1408
5227,Organic,Retargeting Wave,164.95,2024-03-11,16.49,37816,1390
5228,Referral,End of Year Push,97.6,2024-03-11,4.44,13333,537
5229,Organic,End of Year Push,130.57,2024-03-11,5.44,25471,1567
5230,Referral,Partner Referral,104.7,2024-03-11,4.19,22848,1826
5231,LinkedIn,Product Launch,749.44,2024-03-11,93.68,42343,1138
5232,Organic,Retargeting Wave,131.4,2024-03-11,5.71,44683,1433
5233,Meta Ads,Cold Outbound,277.44,2024-03-11,14.6,4780,484
5234,Referral,Retargeting Wave,146.89,2024-03-11,7.34,21818,205
5235,Meta Ads,Summer Growth,275.66,2024-03-11,17.23,28992,282
5236,LinkedIn,Retargeting Wave,465.6,2024-03-11,51.73,48272,978
5237,Meta Ads,End of Year Push,250.9,2024-03-11,15.68,1694,61
5238,Google Ads,Summer Growth,311.17,2024-03-12,14.82,41868,172
5239,Organic,End of Year Push,121.87,2024-03-12,11.08,29420,1698
5240,Organic,Partner Referral,169.94,2024-03-12,12.14,11975,245
5241,Google Ads,End of Year Push,275.45,2024-03-12,12.52,21501,463
5242,Organic,Product Launch,178.92,2024-03-12,7.16,25117,254
5243,Referral,Product Launch,145.47,2024-03-12,9.09,2008,1888
5244,Referral,Brand Awareness Q1,126.95,2024-03-12,10.58,20998,1225
5245,Organic,Inbound SEO,170.35,2024-03-12,6.81,5980,1141
5246,Organic,Brand Awareness Q1,122.3,2024-03-12,9.41,10027,1198
5247,Meta Ads,Brand Awareness Q1,284.49,2024-03-12,11.85,39251,1055
5248,Google Ads,Retargeting Wave,343.21,2024-03-12,28.6,15502,759
5249,Organic,Brand Awareness Q1,153.67,2024-03-12,11.82,28930,686
5250,Organic,Product Launch,158.16,2024-03-12,6.33,46971,1095
5251,Google Ads,End of Year Push,302.02,2024-03-12,18.88,19207,1055
5252,Meta Ads,Product Launch,262.8,2024-03-12,11.43,42612,1322
5253,Google Ads,End of Year Push,365.86,2024-03-12,30.49,875,758
5254,Google Ads,Inbound SEO,252.88,2024-03-12,11.49,865,1668
5255,Google Ads,End of Year Push,296.8,2024-03-13,19.79,1227,642
5256,Organic,Summer Growth,157.41,2024-03-13,8.28,37667,1201
5257,Direct,Partner Referral,182.97,2024-03-13,7.62,31331,649
5258,Google Ads,Cold Outbound,278.25,2024-03-13,19.88,7800,588
5259,LinkedIn,Brand Awareness Q1,453.96,2024-03-13,30.26,1818,153
5260,Meta Ads,Brand Awareness Q1,290.73,2024-03-13,19.38,40295,235
5261,Organic,Brand Awareness Q1,158.57,2024-03-13,6.89,23066,815
5262,Email,Partner Referral,88.09,2024-03-13,6.78,5209,1794
5263,Google Ads,Retargeting Wave,274.39,2024-03-13,16.14,15853,1973
5264,Organic,Retargeting Wave,132.8,2024-03-13,5.77,22562,1877
5265,Google Ads,Product Launch,366.84,2024-03-13,24.46,36846,347
5266,Meta Ads,Summer Growth,254.66,2024-03-14,12.73,5754,527
5267,Direct,Inbound SEO,165.29,2024-03-14,6.89,35586,1804
5268,Referral,Product Launch,114.34,2024-03-14,4.97,8498,679
5269,Google Ads,Retargeting Wave,295.79,2024-03-14,24.65,35498,675
5270,Google Ads,Partner Referral,323.16,2024-03-14,23.08,41903,1512
5271,Direct,Cold Outbound,182.73,2024-03-14,14.06,3945,478
5272,Direct,End of Year Push,116.68,2024-03-14,9.72,49789,309
5273,Meta Ads,Retargeting Wave,223.71,2024-03-14,14.91,9714,1026
5274,Direct,Product Launch,129.25,2024-03-14,6.46,23605,752
5275,Meta Ads,Retargeting Wave,266.39,2024-03-14,14.02,37181,1948
5276,Organic,End of Year Push,134.14,2024-03-14,12.19,2409,1089
5277,Organic,Retargeting Wave,141.26,2024-03-14,5.65,48326,98
5278,Referral,Summer Growth,132.24,2024-03-14,8.27,15943,1400
5279,Meta Ads,Cold Outbound,279.45,2024-03-14,18.63,32486,1352
5280,Referral,Brand Awareness Q1,98.66,2024-03-14,6.17,43536,623
5281,Meta Ads,Summer Growth,192.76,2024-03-14,13.77,9953,656
5282,Referral,Summer Growth,108.45,2024-03-14,6.38,27311,244
5283,Organic,Cold Outbound,141.07,2024-03-14,10.08,47937,556
5284,Meta Ads,Inbound SEO,203.63,2024-03-14,11.31,23249,1596
5285,Referral,End of Year Push,128.28,2024-03-14,7.55,41811,1175
5286,Organic,Inbound SEO,135.91,2024-03-15,6.18,30280,1410
5287,Organic,Cold Outbound,153.5,2024-03-15,9.59,37498,326
5288,Organic,End of Year Push,159.71,2024-03-15,7.61,27637,788
5289,Organic,Summer Growth,158.05,2024-03-15,9.88,7468,1265
5290,Organic,Product Launch,165.44,2024-03-15,7.52,18725,699
5291,LinkedIn,Partner Referral,546.3,2024-03-15,28.75,38609,1382
5292,Referral,Inbound SEO,90.51,2024-03-15,11.31,32471,929
5293,Referral,Cold Outbound,148.82,2024-03-15,9.92,27728,640
5294,Referral,End of Year Push,94.08,2024-03-15,4.09,7855,420
5295,Organic,Brand Awareness Q1,143.65,2024-03-15,6.25,4435,1378
5296,Referral,Inbound SEO,122.54,2024-03-15,5.11,14008,1700
5297,Organic,Partner Referral,130.3,2024-03-15,9.31,10278,540
5298,Organic,Inbound SEO,130.63,2024-03-15,7.26,33082,626
5299,Meta Ads,End of Year Push,275.62,2024-03-15,13.78,26285,1054
5300,Organic,Summer Growth,176.74,2024-03-15,8.84,1555,1115
5301,Organic,Cold Outbound,122.77,2024-03-15,7.67,747,1314
5302,Organic,End of Year Push,170.32,2024-03-15,10.64,40676,1465
5303,Referral,Cold Outbound,107.38,2024-03-15,7.67,24344,498
5304,LinkedIn,Inbound SEO,733.03,2024-03-15,36.65,11236,1689
5305,Organic,Product Launch,139.48,2024-03-15,6.64,9251,1752
5306,Google Ads,Product Launch,375.24,2024-03-15,17.87,48643,1028
5307,Organic,Summer Growth,132.51,2024-03-15,13.25,27525,843
5308,Google Ads,Product Launch,269.82,2024-03-15,24.53,46501,1558
5309,LinkedIn,Cold Outbound,677.23,2024-03-15,35.64,39147,617
5310,Referral,Cold Outbound,100.89,2024-03-16,4.39,48802,415
5311,Organic,End of Year Push,136.8,2024-03-16,9.12,29494,1547
5312,Referral,Cold Outbound,121.22,2024-03-16,11.02,46111,941
5313,Organic,Retargeting Wave,143.93,2024-03-16,9.6,38223,888
5314,LinkedIn,Partner Referral,467.5,2024-03-16,31.17,3029,129
5315,Email,Product Launch,95.37,2024-03-16,6.81,46943,492
5316,LinkedIn,Summer Growth,738.33,2024-03-16,32.1,33275,1054
5317,Referral,Inbound SEO,126.5,2024-03-16,6.02,14983,1324
5318,Organic,Cold Outbound,126.51,2024-03-16,5.06,49903,261
5319,LinkedIn,Cold Outbound,499.69,2024-03-16,22.71,14909,722
5320,LinkedIn,Brand Awareness Q1,491.0,2024-03-16,25.84,45429,1681
5321,Referral,End of Year Push,123.72,2024-03-16,7.28,20167,1649
5322,Referral,Brand Awareness Q1,116.63,2024-03-16,12.96,41146,652
5323,Google Ads,Cold Outbound,348.22,2024-03-16,26.79,38865,529
5324,Referral,Summer Growth,107.91,2024-03-16,5.4,27473,1820
5325,Organic,Brand Awareness Q1,163.86,2024-03-17,6.55,29656,1224
5326,Referral,Partner Referral,89.29,2024-03-17,3.57,25618,525
5327,LinkedIn,Cold Outbound,758.74,2024-03-17,34.49,28528,522
5328,LinkedIn,Inbound SEO,584.99,2024-03-17,48.75,31636,538
5329,Google Ads,Cold Outbound,242.95,2024-03-17,12.79,24603,72
5330,Google Ads,Retargeting Wave,344.18,2024-03-17,31.29,46987,450
5331,Direct,Brand Awareness Q1,123.14,2024-03-17,11.19,4847,990
5332,Google Ads,Product Launch,263.87,2024-03-17,32.98,42584,1010
5333,Meta Ads,Cold Outbound,317.94,2024-03-17,13.25,48100,1536
5334,Meta Ads,Product Launch,236.28,2024-03-17,12.44,27648,1496
5335,Organic,Brand Awareness Q1,145.58,2024-03-17,11.2,36693,1362
5336,Organic,Brand Awareness Q1,173.42,2024-03-18,14.45,11698,1905
5337,Direct,Retargeting Wave,167.94,2024-03-18,8.4,28885,220
5338,Email,Summer Growth,84.79,2024-03-18,3.69,46304,1744
5339,Google Ads,Partner Referral,309.26,2024-03-18,23.79,26938,776
5340,Email,Retargeting Wave,108.86,2024-03-18,7.78,36183,1713
5341,Meta Ads,Product Launch,207.6,2024-03-18,14.83,44641,1545
5342,Meta Ads,Summer Growth,183.54,2024-03-18,14.12,26411,1872
5343,Meta Ads,Retargeting Wave,243.73,2024-03-18,9.75,24443,967
5344,Google Ads,Product Launch,381.08,2024-03-18,17.32,14241,1766
5345,Google Ads,Retargeting Wave,328.46,2024-03-19,36.5,45004,1446
5346,LinkedIn,Brand Awareness Q1,757.51,2024-03-19,42.08,20158,1009
5347,Organic,Product Launch,165.16,2024-03-19,7.86,18055,1786
5348,Referral,Product Launch,128.15,2024-03-19,6.1,30601,1518
5349,Meta Ads,Cold Outbound,215.17,2024-03-19,19.56,33334,1287
5350,Referral,Partner Referral,85.44,2024-03-19,4.07,35930,139
5351,Meta Ads,Summer Growth,303.16,2024-03-19,33.68,2383,1943
5352,Organic,Cold Outbound,146.87,2024-03-19,6.39,26827,834
5353,Direct,Product Launch,104.65,2024-03-19,8.05,1399,100
5354,LinkedIn,Partner Referral,537.49,2024-03-19,31.62,9068,494
5355,Meta Ads,Inbound SEO,199.11,2024-03-19,11.06,12340,338
5356,Organic,Product Launch,138.65,2024-03-19,8.67,22532,1390
5357,LinkedIn,Summer Growth,515.08,2024-03-19,42.92,49049,1857
5358,Referral,Retargeting Wave,91.85,2024-03-20,11.48,38315,567
5359,Organic,Partner Referral,173.04,2024-03-20,9.61,17603,762
5360,Organic,Summer Growth,161.67,2024-03-20,7.35,26025,704
5361,Google Ads,End of Year Push,338.15,2024-03-20,16.1,20369,1786
5362,LinkedIn,Product Launch,563.25,2024-03-20,26.82,10167,1097
5363,Direct,Inbound SEO,180.89,2024-03-20,7.86,10501,171
5364,Direct,End of Year Push,166.36,2024-03-20,15.12,19292,1468
5365,Organic,Summer Growth,120.6,2024-03-21,7.09,15988,1712
5366,Organic,Inbound SEO,150.02,2024-03-21,6.25,38347,1323
5367,Google Ads,Brand Awareness Q1,246.25,2024-03-21,11.73,39670,1228
5368,LinkedIn,Product Launch,641.51,2024-03-21,42.77,31459,196
5369,Organic,Brand Awareness Q1,138.2,2024-03-21,6.01,6802,1395
5370,Organic,Retargeting Wave,159.57,2024-03-21,7.6,35917,1308
5371,Organic,Cold Outbound,177.61,2024-03-21,7.4,21085,1153
5372,Direct,Summer Growth,118.94,2024-03-21,9.91,42734,1692
5373,Meta Ads,Brand Awareness Q1,298.62,2024-03-21,16.59,13023,1424
5374,Meta Ads,Summer Growth,249.94,2024-03-21,10.41,46009,1754
5375,LinkedIn,Retargeting Wave,524.29,2024-03-21,40.33,38346,974
5376,LinkedIn,Cold Outbound,468.84,2024-03-21,20.38,13808,525
5377,Direct,Brand Awareness Q1,100.32,2024-03-21,6.27,6424,574
5378,LinkedIn,Product Launch,734.48,2024-03-21,34.98,48264,1454
5379,LinkedIn,Retargeting Wave,663.65,2024-03-21,39.04,8572,1657
5380,Organic,Product Launch,135.84,2024-03-21,9.7,9744,1958
5381,Organic,Partner Referral,173.62,2024-03-22,9.14,36308,818
5382,Organic,End of Year Push,174.48,2024-03-22,11.63,17509,1200
5383,Meta Ads,End of Year Push,189.38,2024-03-22,11.14,11458,1887
5384,Organic,Cold Outbound,173.95,2024-03-22,10.23,26503,1009
5385,Google Ads,End of Year Push,383.63,2024-03-22,29.51,46491,698
5386,Organic,Summer Growth,157.68,2024-03-22,8.76,28009,193
5387,Meta Ads,Summer Growth,206.58,2024-03-22,15.89,18838,513
5388,Organic,Cold Outbound,163.76,2024-03-22,13.65,17060,1020
5389,Referral,Summer Growth,129.02,2024-03-22,5.86,18448,149
5390,Organic,End of Year Push,158.2,2024-03-22,17.58,3061,1624
5391,Google Ads,Retargeting Wave,301.37,2024-03-22,27.4,29922,369
5392,Meta Ads,Partner Referral,217.94,2024-03-23,9.48,22108,588
5393,Organic,Product Launch,179.35,2024-03-23,8.97,13209,1521
5394,LinkedIn,Summer Growth,769.45,2024-03-23,42.75,4092,1915
5395,Email,Product Launch,116.82,2024-03-23,9.73,40695,1082
5396,Organic,Product Launch,155.43,2024-03-23,15.54,15212,473
5397,Referral,Inbound SEO,82.14,2024-03-23,9.13,14693,1377
5398,Email,Brand Awareness Q1,84.58,2024-03-23,3.68,11271,1318
5399,Google Ads,Product Launch,245.58,2024-03-23,10.23,30480,434
5400,Referral,Product Launch,103.45,2024-03-23,5.44,8156,1309
5401,Google Ads,Product Launch,349.46,2024-03-23,13.98,48440,737
5402,Google Ads,End of Year Push,301.38,2024-03-23,27.4,25365,1901
5403,Referral,Product Launch,125.18,2024-03-24,5.44,34127,920
5404,Organic,Retargeting Wave,163.79,2024-03-24,6.55,29411,1719
5405,Google Ads,Partner Referral,380.58,2024-03-24,34.6,9235,1135
5406,Referral,Partner Referral,149.46,2024-03-24,7.87,21336,1656
5407,Referral,Summer Growth,141.8,2024-03-24,15.76,46152,1735
5408,Meta Ads,Summer Growth,226.35,2024-03-24,11.32,7703,734
5409,Google Ads,Inbound SEO,302.5,2024-03-24,13.75,49940,264
5410,Organic,Product Launch,124.36,2024-03-24,10.36,41911,1148
5411,LinkedIn,Brand Awareness Q1,631.88,2024-03-24,39.49,11546,1793
5412,Organic,Inbound SEO,157.79,2024-03-24,12.14,17113,973
5413,LinkedIn,Inbound SEO,561.83,2024-03-24,33.05,23795,138
5414,Referral,Retargeting Wave,102.65,2024-03-24,4.11,34425,1863
5415,Google Ads,Brand Awareness Q1,322.28,2024-03-24,16.11,38100,153
5416,Google Ads,Cold Outbound,332.72,2024-03-24,13.86,35109,1155
5417,Direct,Retargeting Wave,157.85,2024-03-24,6.31,20457,1621
5418,Google Ads,Brand Awareness Q1,240.18,2024-03-24,20.02,25938,1237
5419,Referral,Inbound SEO,82.45,2024-03-24,4.85,3676,757
5420,LinkedIn,Brand Awareness Q1,496.46,2024-03-24,38.19,558,1678
5421,Referral,End of Year Push,112.55,2024-03-24,12.51,35440,1884
5422,Meta Ads,End of Year Push,192.66,2024-03-25,24.08,11168,1237
5423,Organic,Partner Referral,132.17,2024-03-25,6.01,29913,174
5424,Google Ads,Product Launch,330.3,2024-03-25,17.38,15840,1157
5425,Google Ads,Product Launch,352.84,2024-03-25,16.04,39031,1344
5426,Organic,Inbound SEO,133.46,2024-03-25,8.9,16791,336
5427,LinkedIn,Retargeting Wave,632.02,2024-03-25,79.0,20411,1602
5428,Organic,Retargeting Wave,130.37,2024-03-25,10.03,9487,249
5429,Organic,Summer Growth,169.61,2024-03-25,9.42,20231,1384
5430,Google Ads,Inbound SEO,343.52,2024-03-25,42.94,10049,1437
5431,Google Ads,Summer Growth,305.22,2024-03-25,38.15,44978,1465
5432,Organic,Summer Growth,169.92,2024-03-25,21.24,32924,259
5433,Organic,Cold Outbound,148.92,2024-03-25,9.93,1468,1975
5434,LinkedIn,Summer Growth,670.76,2024-03-25,39.46,42068,1995
5435,Referral,End of Year Push,80.73,2024-03-25,3.51,11768,166
5436,Google Ads,Product Launch,278.93,2024-03-25,16.41,1092,631
5437,Google Ads,Product Launch,243.28,2024-03-25,24.33,29660,1188
5438,Google Ads,End of Year Push,307.96,2024-03-26,18.12,13606,869
5439,Organic,Brand Awareness Q1,140.23,2024-03-26,14.02,10748,1278
5440,Organic,Product Launch,134.33,2024-03-26,5.6,28992,1148
5441,Referral,Cold Outbound,109.95,2024-03-26,5.79,25626,651
5442,Google Ads,End of Year Push,337.64,2024-03-26,16.88,16364,472
5443,Referral,Retargeting Wave,90.55,2024-03-26,3.77,49262,243
5444,Google Ads,End of Year Push,374.26,2024-03-26,37.43,38663,1890
5445,Meta Ads,Cold Outbound,263.51,2024-03-26,29.28,4906,1598
5446,Google Ads,Cold Outbound,258.08,2024-03-26,28.68,41675,1494
5447,Organic,End of Year Push,161.85,2024-03-26,13.49,17967,1686
5448,Google Ads,End of Year Push,326.11,2024-03-26,32.61,20477,1462
5449,Referral,Inbound SEO,99.61,2024-03-26,12.45,33803,1708
5450,Meta Ads,Product Launch,204.61,2024-03-26,12.79,41944,456
5451,LinkedIn,Partner Referral,741.99,2024-03-27,43.65,47595,1425
5452,Google Ads,End of Year Push,371.43,2024-03-27,30.95,16826,1057
5453,Organic,Product Launch,171.9,2024-03-27,13.22,43049,227
5454,Organic,Brand Awareness Q1,128.29,2024-03-27,6.41,5213,1108
5455,Google Ads,Retargeting Wave,338.29,2024-03-27,16.91,1816,782
5456,Google Ads,Product Launch,370.09,2024-03-27,16.82,17034,1940
5457,Google Ads,Partner Referral,387.84,2024-03-27,20.41,44165,1122
5458,Organic,Partner Referral,125.01,2024-03-27,11.36,13587,616
5459,Direct,Summer Growth,162.86,2024-03-27,13.57,22714,1197
5460,Direct,Partner Referral,118.54,2024-03-27,9.12,5963,1277
5461,Google Ads,Brand Awareness Q1,316.05,2024-03-27,18.59,48514,658
5462,Organic,Summer Growth,128.83,2024-03-27,7.58,10098,1469
5463,LinkedIn,Product Launch,560.29,2024-03-27,26.68,5109,1833
5464,Google Ads,Retargeting Wave,281.02,2024-03-27,18.73,2245,1849
5465,LinkedIn,Retargeting Wave,603.54,2024-03-28,27.43,26281,1879
5466,Google Ads,Inbound SEO,350.32,2024-03-28,25.02,5203,1771
5467,Organic,End of Year Push,162.19,2024-03-28,7.37,19105,1028
5468,Google Ads,End of Year Push,366.92,2024-03-28,15.95,31459,1540
5469,Meta Ads,Retargeting Wave,290.34,2024-03-28,22.33,17338,395
5470,Meta Ads,Summer Growth,223.67,2024-03-28,17.21,35811,1416
5471,Meta Ads,Summer Growth,237.71,2024-03-28,19.81,49918,1557
5472,Meta Ads,Summer Growth,239.73,2024-03-28,18.44,18823,1759
5473,LinkedIn,Cold Outbound,664.39,2024-03-28,30.2,40428,1211
5474,LinkedIn,Summer Growth,550.3,2024-03-28,32.37,45918,1799
5475,Organic,Summer Growth,162.41,2024-03-28,12.49,30522,760
5476,Google Ads,Brand Awareness Q1,254.44,2024-03-28,14.97,2912,1194
5477,Google Ads,End of Year Push,373.32,2024-03-28,31.11,21708,1670
5478,Meta Ads,Retargeting Wave,234.99,2024-03-28,9.79,5200,111
5479,Google Ads,Cold Outbound,265.55,2024-03-28,26.55,25874,761
5480,Direct,Partner Referral,161.57,2024-03-28,8.98,5058,1954
5481,Organic,Summer Growth,140.18,2024-03-28,7.38,8939,1078
5482,Organic,Partner Referral,149.01,2024-03-28,8.77,30946,1619
5483,Meta Ads,Partner Referral,195.9,2024-03-29,16.32,1583,1862
5484,LinkedIn,End of Year Push,682.19,2024-03-29,34.11,8725,1056
5485,Email,End of Year Push,84.0,2024-03-29,3.36,5228,476
5486,Referral,Inbound SEO,117.8,2024-03-29,5.89,45690,331
5487,Direct,End of Year Push,132.78,2024-03-29,6.99,43083,1956
5488,Organic,Brand Awareness Q1,155.3,2024-03-29,9.14,24053,1166
5489,Referral,End of Year Push,136.86,2024-03-29,5.47,23701,1768
5490,LinkedIn,Retargeting Wave,577.36,2024-03-29,64.15,22752,1790
5491,Organic,Inbound SEO,136.65,2024-03-29,13.67,49430,1677
5492,Direct,Partner Referral,173.27,2024-03-29,8.25,1331,814
5493,Meta Ads,Inbound SEO,186.2,2024-03-29,14.32,42529,584
5494,Organic,Summer Growth,158.38,2024-03-29,8.8,35006,1332
5495,Meta Ads,Inbound SEO,202.83,2024-03-29,8.82,4175,395
5496,Organic,Partner Referral,144.7,2024-03-30,7.23,44039,1725
5497,Organic,Product Launch,169.08,2024-03-30,7.05,6641,576
5498,LinkedIn,Inbound SEO,662.09,2024-03-30,31.53,43564,1257
5499,LinkedIn,Cold Outbound,483.07,2024-03-30,19.32,7734,1617
5500,Direct,Retargeting Wave,192.16,2024-03-30,7.69,46288,435
5501,Direct,Summer Growth,180.32,2024-03-30,10.02,16313,1192
5502,Organic,Partner Referral,176.91,2024-03-30,10.41,19171,1258
5503,Organic,Retargeting Wave,147.98,2024-03-30,9.87,3937,526
5504,Google Ads,Cold Outbound,262.67,2024-03-30,10.51,49466,1640
5505,Google Ads,Partner Referral,294.59,2024-03-30,14.03,48462,1824
5506,Organic,Inbound SEO,166.05,2024-03-30,8.3,37348,1371
5507,Organic,Brand Awareness Q1,144.54,2024-03-30,7.23,20643,1425
5508,Organic,Cold Outbound,146.32,2024-03-30,6.97,27862,106
5509,Referral,Summer Growth,131.24,2024-03-30,5.71,36209,372
5510,LinkedIn,Summer Growth,667.96,2024-03-30,39.29,49586,1336
5511,Meta Ads,Retargeting Wave,182.39,2024-03-30,7.3,47647,108
5512,Organic,Product Launch,155.91,2024-03-30,6.78,13758,75
5513,Organic,Partner Referral,155.24,2024-03-30,9.13,26404,1770
5514,Google Ads,Product Launch,365.17,2024-03-30,33.2,31643,648
5515,Referral,Inbound SEO,125.67,2024-03-30,5.03,38643,1915
5516,LinkedIn,End of Year Push,637.46,2024-03-30,25.5,28268,1201
5517,Google Ads,End of Year Push,288.53,2024-03-30,11.54,1977,1417
5518,Google Ads,Summer Growth,323.6,2024-03-30,19.04,25001,1004
5519,Referral,Inbound SEO,104.76,2024-03-31,4.76,13410,1182
5520,Referral,Partner Referral,103.96,2024-03-31,4.73,38387,1973
5521,Meta Ads,Product Launch,245.63,2024-03-31,10.23,5770,754
5522,Direct,Brand Awareness Q1,108.39,2024-03-31,9.03,41598,514
5523,Referral,Partner Referral,134.82,2024-03-31,9.63,39482,1883
5524,Organic,Retargeting Wave,162.67,2024-03-31,7.07,14009,1629
5525,Referral,Cold Outbound,111.56,2024-03-31,5.58,24517,1244
5526,Direct,Cold Outbound,129.55,2024-03-31,11.78,35444,1668
5527,Referral,Cold Outbound,127.2,2024-03-31,6.69,15375,595
5528,Organic,Cold Outbound,145.94,2024-03-31,7.68,7936,228
5529,Referral,End of Year Push,102.12,2024-03-31,6.01,18806,169
5530,Google Ads,Brand Awareness Q1,264.38,2024-03-31,24.03,25590,1715
5531,Referral,Partner Referral,92.78,2024-03-31,4.42,31984,382
5532,Referral,End of Year Push,111.85,2024-03-31,7.99,11975,1708
5533,Referral,End of Year Push,106.55,2024-04-01,4.63,13571,183
5534,Meta Ads,Product Launch,291.53,2024-04-01,17.15,13178,911
5535,Meta Ads,Product Launch,312.4,2024-04-01,34.71,3428,931
5536,Meta Ads,Cold Outbound,276.37,2024-04-01,21.26,28162,989
5537,Organic,Partner Referral,142.23,2024-04-01,14.22,42336,667
5538,LinkedIn,Brand Awareness Q1,614.04,2024-04-01,61.4,10833,1317
5539,Referral,Retargeting Wave,118.01,2024-04-01,6.21,19680,210
5540,Referral,Partner Referral,106.73,2024-04-01,13.34,32446,1454
5541,Organic,Partner Referral,122.53,2024-04-01,6.13,23257,1920
5542,Organic,End of Year Push,139.9,2024-04-01,15.54,2568,583
5543,Google Ads,Partner Referral,315.11,2024-04-01,12.6,22492,1316
5544,Organic,Product Launch,129.09,2024-04-01,14.34,1708,1625
5545,Google Ads,Cold Outbound,367.1,2024-04-01,16.69,20540,1364
5546,Organic,Brand Awareness Q1,136.33,2024-04-01,13.63,33766,1398
5547,Direct,Retargeting Wave,121.09,2024-04-01,10.09,583,1519
5548,Google Ads,Cold Outbound,357.36,2024-04-01,27.49,4935,1943
5549,Meta Ads,Partner Referral,219.28,2024-04-01,10.44,34901,1017
5550,LinkedIn,Summer Growth,459.63,2024-04-01,19.98,40516,844
5551,Organic,Partner Referral,124.83,2024-04-01,5.43,7623,350
5552,Organic,Inbound SEO,135.91,2024-04-01,5.66,15308,1857
5553,Google Ads,Brand Awareness Q1,298.37,2024-04-01,27.12,27131,1422
5554,Google Ads,Summer Growth,327.33,2024-04-01,21.82,28151,1685
5555,Google Ads,Product Launch,266.19,2024-04-01,29.58,36097,820
5556,Referral,Product Launch,127.94,2024-04-02,11.63,16072,1806
5557,Organic,Brand Awareness Q1,161.89,2024-04-02,8.09,15981,1283
5558,Meta Ads,End of Year Push,247.88,2024-04-02,14.58,35212,1170
5559,Organic,Brand Awareness Q1,135.97,2024-04-02,5.44,10032,582
5560,LinkedIn,Cold Outbound,555.7,2024-04-02,32.69,14107,686
5561,Google Ads,Cold Outbound,367.71,2024-04-02,19.35,25182,929
5562,Referral,Partner Referral,86.25,2024-04-02,6.63,6238,505
5563,Organic,Product Launch,178.65,2024-04-02,9.4,1148,284
5564,Direct,Cold Outbound,195.13,2024-04-02,9.76,5881,131
5565,Referral,Summer Growth,89.42,2024-04-02,4.47,22760,1793
5566,Referral,Cold Outbound,129.45,2024-04-03,10.79,25304,1419
5567,Meta Ads,Inbound SEO,184.74,2024-04-03,18.47,48301,284
5568,LinkedIn,End of Year Push,745.75,2024-04-03,82.86,39998,87
5569,Google Ads,Summer Growth,340.27,2024-04-03,17.01,44107,1881
5570,Meta Ads,Summer Growth,206.13,2024-04-03,13.74,1142,605
5571,Organic,Summer Growth,179.11,2024-04-03,7.16,24462,1249
5572,Organic,Cold Outbound,140.99,2024-04-03,9.4,7778,210
5573,Referral,Partner Referral,110.7,2024-04-03,5.83,27443,1056
5574,Direct,Summer Growth,118.58,2024-04-03,9.12,33964,847
5575,Direct,End of Year Push,172.76,2024-04-03,7.2,20963,305
5576,Organic,Inbound SEO,176.36,2024-04-03,13.57,10960,421
5577,Google Ads,Retargeting Wave,268.51,2024-04-03,16.78,17779,106
5578,LinkedIn,Summer Growth,589.99,2024-04-03,31.05,38094,1339
5579,Organic,Brand Awareness Q1,127.68,2024-04-03,5.55,25728,1485
5580,LinkedIn,Partner Referral,736.71,2024-04-03,73.67,36658,435
5581,LinkedIn,Inbound SEO,646.28,2024-04-03,35.9,45631,1254
5582,Organic,Summer Growth,133.16,2024-04-03,12.11,46922,1038
5583,Organic,Brand Awareness Q1,141.0,2024-04-03,7.42,5550,1098
5584,Organic,Brand Awareness Q1,151.63,2024-04-04,6.07,27626,283
5585,Referral,Brand Awareness Q1,111.63,2024-04-04,4.65,32902,1931
5586,Organic,Retargeting Wave,140.41,2024-04-04,6.38,13361,356
5587,Email,Brand Awareness Q1,69.3,2024-04-04,3.65,30926,171
5588,LinkedIn,Inbound SEO,600.78,2024-04-04,46.21,21204,1029
5589,Organic,Cold Outbound,163.66,2024-04-04,12.59,39910,53
5590,LinkedIn,Summer Growth,697.94,2024-04-04,69.79,48242,946
5591,Organic,End of Year Push,125.16,2024-04-04,5.44,3855,420
5592,LinkedIn,Partner Referral,703.39,2024-04-04,30.58,6552,841
5593,Direct,Cold Outbound,147.5,2024-04-04,16.39,10400,346
5594,LinkedIn,Product Launch,477.74,2024-04-04,22.75,11118,249
5595,Organic,End of Year Push,132.39,2024-04-04,10.18,1725,1615
5596,Referral,Summer Growth,144.39,2024-04-04,8.49,46993,513
5597,LinkedIn,End of Year Push,743.03,2024-04-04,29.72,17225,1776
5598,Organic,End of Year Push,139.77,2024-04-04,13.98,44888,190
5599,LinkedIn,Product Launch,630.65,2024-04-05,42.04,4019,1036
5600,Referral,Cold Outbound,85.58,2024-04-05,7.13,37713,1157
5601,Meta Ads,Cold Outbound,294.3,2024-04-05,13.38,5274,480
5602,Direct,Brand Awareness Q1,197.31,2024-04-05,11.61,9721,1797
5603,Organic,Partner Referral,148.14,2024-04-05,6.17,1974,1568
5604,Meta Ads,Cold Outbound,181.97,2024-04-05,8.27,40910,924
5605,Google Ads,Cold Outbound,354.88,2024-04-05,39.43,40235,1860
5606,Meta Ads,Product Launch,289.61,2024-04-05,15.24,16612,1774
5607,Direct,Summer Growth,158.7,2024-04-05,11.34,34806,710
5608,Referral,End of Year Push,146.4,2024-04-05,13.31,47360,993
5609,LinkedIn,Inbound SEO,541.4,2024-04-05,49.22,38669,784
5610,Google Ads,End of Year Push,391.27,2024-04-05,27.95,17552,573
5611,Organic,Inbound SEO,142.38,2024-04-05,7.91,4665,69
5612,Meta Ads,Summer Growth,264.88,2024-04-05,12.04,6791,52
5613,Referral,Retargeting Wave,126.51,2024-04-05,5.06,21805,548
5614,Organic,Partner Referral,156.11,2024-04-05,9.18,44685,1737
5615,Google Ads,Cold Outbound,241.78,2024-04-06,20.15,22697,563
5616,Meta Ads,Cold Outbound,249.43,2024-04-06,13.86,15978,1987
5617,Meta Ads,Summer Growth,318.26,2024-04-06,14.47,28999,1149
5618,Organic,Retargeting Wave,131.39,2024-04-06,5.71,34843,213
5619,Referral,Brand Awareness Q1,130.15,2024-04-06,11.83,28491,359
5620,Organic,Cold Outbound,156.45,2024-04-06,9.78,19175,913
5621,Meta Ads,Summer Growth,318.08,2024-04-06,15.15,37186,1468
5622,Organic,Inbound SEO,178.13,2024-04-06,17.81,25949,638
5623,LinkedIn,Brand Awareness Q1,699.65,2024-04-06,30.42,3590,1344
5624,Google Ads,Summer Growth,284.5,2024-04-06,14.22,19413,1753
5625,Meta Ads,Brand Awareness Q1,205.31,2024-04-06,10.27,46028,921
5626,Organic,Brand Awareness Q1,168.17,2024-04-07,15.29,31878,1387
5627,Google Ads,Retargeting Wave,322.82,2024-04-07,24.83,21477,380
5628,Google Ads,Cold Outbound,305.46,2024-04-07,27.77,39788,496
5629,Organic,Retargeting Wave,162.89,2024-04-07,7.08,13526,1458
5630,Meta Ads,Cold Outbound,287.85,2024-04-07,15.15,13123,746
5631,Meta Ads,End of Year Push,258.97,2024-04-07,19.92,48071,609
5632,Direct,Inbound SEO,132.94,2024-04-07,12.09,15948,440
5633,Organic,Partner Referral,174.2,2024-04-07,9.17,18090,452
5634,Organic,Partner Referral,131.0,2024-04-07,8.73,23486,779
5635,Organic,End of Year Push,157.03,2024-04-07,6.83,31535,1036
5636,Referral,Retargeting Wave,133.21,2024-04-07,8.88,37373,1069
5637,Referral,Retargeting Wave,115.14,2024-04-07,9.6,30998,1782
5638,Organic,Partner Referral,142.56,2024-04-08,7.92,27779,627
5639,Direct,End of Year Push,135.94,2024-04-08,10.46,34641,584
5640,Organic,Retargeting Wave,132.19,2024-04-08,5.75,28850,1965
5641,Meta Ads,Inbound SEO,221.97,2024-04-08,13.87,20568,50
5642,Google Ads,Retargeting Wave,322.84,2024-04-08,26.9,22786,493
5643,Organic,End of Year Push,131.33,2024-04-08,16.42,41514,1993
5644,Meta Ads,Cold Outbound,190.28,2024-04-08,14.64,7931,1382
5645,Organic,End of Year Push,152.61,2024-04-08,19.08,11275,123
5646,LinkedIn,Partner Referral,733.61,2024-04-08,40.76,29822,1864
5647,Referral,Partner Referral,126.59,2024-04-08,11.51,27238,1552
5648,Organic,Partner Referral,152.7,2024-04-08,15.27,38614,271
5649,Referral,Partner Referral,97.07,2024-04-08,6.07,4380,1463
5650,Google Ads,Brand Awareness Q1,293.22,2024-04-08,15.43,49330,1916
5651,Organic,Brand Awareness Q1,169.14,2024-04-08,9.95,42710,1061
5652,Direct,Brand Awareness Q1,124.13,2024-04-08,8.28,8426,1099
5653,Referral,Cold Outbound,101.14,2024-04-08,5.95,4691,844
5654,Organic,Inbound SEO,129.9,2024-04-08,6.84,27133,1805
5655,Direct,End of Year Push,122.36,2024-04-08,5.83,27214,1740
5656,Referral,Product Launch,126.45,2024-04-08,8.43,22494,350
5657,Referral,Summer Growth,130.93,2024-04-08,5.69,41829,1225
5658,LinkedIn,Summer Growth,799.91,2024-04-08,72.72,37077,407
5659,Direct,End of Year Push,157.39,2024-04-08,19.67,46406,710
5660,Organic,Summer Growth,129.3,2024-04-08,16.16,23544,1893
5661,LinkedIn,Cold Outbound,480.64,2024-04-09,22.89,44260,155
5662,LinkedIn,End of Year Push,581.95,2024-04-09,41.57,2807,1259
5663,Google Ads,Cold Outbound,332.27,2024-04-09,16.61,34267,1128
5664,Google Ads,Retargeting Wave,282.55,2024-04-09,14.13,18444,715
5665,Meta Ads,Retargeting Wave,265.47,2024-04-09,13.27,13987,1822
5666,Referral,End of Year Push,94.54,2024-04-09,11.82,3241,506
5667,LinkedIn,Summer Growth,545.35,2024-04-09,27.27,44252,879
5668,Referral,Retargeting Wave,90.61,2024-04-09,6.97,24484,556
5669,LinkedIn,Summer Growth,740.92,2024-04-09,61.74,42011,1127
5670,Referral,Retargeting Wave,136.26,2024-04-09,17.03,49784,57
5671,Organic,Inbound SEO,128.16,2024-04-09,10.68,3879,1049
5672,LinkedIn,Cold Outbound,625.94,2024-04-09,36.82,6904,671
5673,Google Ads,Partner Referral,306.58,2024-04-09,20.44,30029,140
5674,Meta Ads,End of Year Push,268.43,2024-04-09,11.67,13288,1617
5675,Direct,Summer Growth,170.39,2024-04-09,10.65,15966,815
5676,Direct,Inbound SEO,186.0,2024-04-10,11.62,28550,1566
5677,Organic,Retargeting Wave,129.14,2024-04-10,5.87,27012,842
5678,Organic,Retargeting Wave,156.68,2024-04-10,19.59,38219,1995
5679,Direct,Product Launch,109.12,2024-04-10,5.46,7569,1292
5680,Organic,Inbound SEO,153.29,2024-04-10,13.94,19999,247
5681,Meta Ads,Retargeting Wave,301.57,2024-04-10,33.51,4281,686
5682,Direct,Partner Referral,199.73,2024-04-10,11.1,28990,65
5683,Meta Ads,Inbound SEO,234.13,2024-04-10,14.63,44430,607
5684,Meta Ads,Partner Referral,223.95,2024-04-10,10.18,30802,788
5685,Google Ads,Summer Growth,386.25,2024-04-10,29.71,16616,647
5686,Organic,Inbound SEO,179.02,2024-04-10,14.92,12214,1304
5687,Organic,Summer Growth,137.62,2024-04-10,7.24,2179,1038
5688,Google Ads,Retargeting Wave,334.97,2024-04-10,25.77,2023,251
5689,Organic,Product Launch,126.55,2024-04-10,9.73,3260,1262
5690,Google Ads,Product Launch,280.92,2024-04-10,35.12,34435,1942
5691,Organic,Summer Growth,177.9,2024-04-11,7.12,43365,786
5692,Meta Ads,Cold Outbound,281.84,2024-04-11,20.13,19427,276
5693,LinkedIn,Cold Outbound,533.81,2024-04-11,44.48,14126,130
5694,LinkedIn,Inbound SEO,609.94,2024-04-11,26.52,7024,1355
5695,Organic,Cold Outbound,164.13,2024-04-11,7.46,17149,1233
5696,Meta Ads,Inbound SEO,307.39,2024-04-11,21.96,49263,1825
5697,Referral,Product Launch,105.44,2024-04-11,5.86,35464,702
5698,Referral,Inbound SEO,136.61,2024-04-11,7.59,8359,694
5699,Google Ads,End of Year Push,395.11,2024-04-11,18.81,4041,641
5700,Organic,Retargeting Wave,149.58,2024-04-11,9.97,649,1157
5701,Meta Ads,Partner Referral,258.18,2024-04-11,28.69,28430,1793
5702,Google Ads,Retargeting Wave,259.01,2024-04-11,15.24,48873,365
5703,Google Ads,Brand Awareness Q1,369.32,2024-04-12,18.47,38444,443
5704,Organic,Cold Outbound,149.81,2024-04-12,16.65,7113,718
5705,Direct,Brand Awareness Q1,195.71,2024-04-12,9.32,13743,1223
5706,Google Ads,Retargeting Wave,286.13,2024-04-12,15.06,942,1335
5707,Google Ads,Product Launch,353.04,2024-04-12,17.65,23043,539
5708,Meta Ads,Retargeting Wave,298.49,2024-04-12,12.98,27429,1535
5709,Meta Ads,Inbound SEO,188.62,2024-04-12,9.43,36438,532
5710,Direct,Summer Growth,105.42,2024-04-12,4.39,16043,616
5711,Google Ads,Cold Outbound,244.83,2024-04-12,12.89,24275,586
5712,LinkedIn,Summer Growth,686.79,2024-04-12,42.92,12126,1863
5713,Direct,End of Year Push,133.96,2024-04-12,9.57,28537,1229
5714,Organic,Retargeting Wave,152.64,2024-04-12,16.96,10631,1844
5715,Organic,Inbound SEO,121.73,2024-04-12,7.16,49805,1218
5716,Meta Ads,Retargeting Wave,267.93,2024-04-12,13.4,2224,858
5717,Google Ads,End of Year Push,385.08,2024-04-12,48.13,41147,916
5718,Google Ads,End of Year Push,309.92,2024-04-12,18.23,40046,304
5719,Google Ads,Inbound SEO,378.56,2024-04-13,21.03,32807,970
5720,Direct,Brand Awareness Q1,184.98,2024-04-13,11.56,24013,739
5721,LinkedIn,Product Launch,517.22,2024-04-13,34.48,13144,215
5722,LinkedIn,End of Year Push,669.42,2024-04-13,66.94,46247,368
5723,LinkedIn,Summer Growth,701.45,2024-04-13,63.77,45192,133
5724,Organic,End of Year Push,149.35,2024-04-13,5.97,2210,1869
5725,Organic,Cold Outbound,146.77,2024-04-13,5.87,39912,1656
5726,Referral,Partner Referral,86.58,2024-04-13,3.46,30180,1928
5727,Organic,Partner Referral,175.51,2024-04-13,8.36,33880,1403
5728,Meta Ads,End of Year Push,310.33,2024-04-13,31.03,28912,706
5729,Organic,End of Year Push,152.58,2024-04-13,6.1,4827,1409
5730,Organic,Retargeting Wave,128.42,2024-04-14,14.27,7583,1780
5731,Direct,Retargeting Wave,105.45,2024-04-14,7.53,39554,521
5732,Google Ads,Retargeting Wave,394.09,2024-04-14,17.13,43518,552
5733,Meta Ads,Inbound SEO,219.46,2024-04-14,15.68,32425,414
5734,Email,Brand Awareness Q1,103.3,2024-04-14,10.33,22536,1628
5735,Organic,Retargeting Wave,176.17,2024-04-14,8.39,10513,1822
5736,Organic,End of Year Push,132.27,2024-04-14,14.7,11142,72
5737,Organic,Product Launch,163.23,2024-04-14,8.16,43517,1147
5738,Direct,Brand Awareness Q1,186.21,2024-04-14,16.93,32691,519
5739,Meta Ads,Inbound SEO,225.26,2024-04-14,11.86,23694,151
5740,Google Ads,Summer Growth,340.15,2024-04-14,15.46,44831,1944
5741,Google Ads,Retargeting Wave,379.29,2024-04-15,29.18,25809,1670
5742,Google Ads,End of Year Push,287.34,2024-04-15,13.68,32905,1027
5743,Referral,Retargeting Wave,80.22,2024-04-15,8.02,6189,82
5744,Meta Ads,Product Launch,187.47,2024-04-15,9.37,18557,1315
5745,Organic,Cold Outbound,175.62,2024-04-15,10.98,34976,1263
5746,Google Ads,Product Launch,304.73,2024-04-15,16.04,10335,1056
5747,Google Ads,Cold Outbound,274.37,2024-04-15,11.93,49921,1246
5748,Direct,End of Year Push,100.67,2024-04-15,4.58,11962,783
5749,Google Ads,End of Year Push,301.58,2024-04-15,13.11,13470,577
5750,Organic,Summer Growth,138.44,2024-04-15,15.38,2152,1606
5751,Referral,Brand Awareness Q1,132.71,2024-04-15,10.21,16933,412
5752,Organic,Product Launch,167.41,2024-04-15,7.61,30789,819
5753,Referral,Partner Referral,107.24,2024-04-15,8.94,24960,1421
5754,Meta Ads,Cold Outbound,316.7,2024-04-15,12.67,31455,655
5755,Google Ads,Retargeting Wave,255.54,2024-04-15,10.65,19311,407
5756,Organic,Product Launch,178.37,2024-04-15,7.76,17113,1625
5757,Direct,Summer Growth,163.13,2024-04-15,10.2,4102,1400
5758,LinkedIn,Cold Outbound,550.53,2024-04-15,22.02,47924,1203
5759,Referral,End of Year Push,127.0,2024-04-15,6.05,31949,276
5760,Google Ads,Retargeting Wave,340.89,2024-04-15,14.2,41690,1584
5761,Direct,Summer Growth,159.93,2024-04-15,13.33,25654,1837
5762,Organic,Product Launch,151.87,2024-04-15,6.9,39457,681
5763,Organic,Inbound SEO,141.02,2024-04-15,17.63,39201,1003
5764,Organic,End of Year Push,165.9,2024-04-15,18.43,40046,1938
5765,Meta Ads,Product Launch,186.5,2024-04-16,11.66,11636,1914
5766,Meta Ads,Product Launch,230.44,2024-04-16,10.02,4399,648
5767,LinkedIn,End of Year Push,669.45,2024-04-16,41.84,20560,1912
5768,Google Ads,End of Year Push,372.2,2024-04-16,21.89,25596,584
5769,Meta Ads,Inbound SEO,259.7,2024-04-16,23.61,16844,251
5770,Organic,Inbound SEO,124.22,2024-04-16,10.35,11340,1523
5771,Organic,Summer Growth,171.83,2024-04-16,9.04,38831,777
5772,Direct,Product Launch,153.25,2024-04-16,10.95,28394,1683
5773,Email,Partner Referral,93.65,2024-04-16,4.68,2668,1090
5774,LinkedIn,End of Year Push,792.65,2024-04-16,66.05,16043,1972
5775,Google Ads,Inbound SEO,251.44,2024-04-17,19.34,11815,710
5776,LinkedIn,Retargeting Wave,651.38,2024-04-17,34.28,29964,89
5777,Organic,Summer Growth,148.18,2024-04-17,16.46,6177,1598
5778,LinkedIn,Retargeting Wave,740.73,2024-04-17,32.21,4029,1789
5779,Meta Ads,Summer Growth,187.93,2024-04-17,11.05,5660,618
5780,Organic,Inbound SEO,133.37,2024-04-17,6.06,18568,1501
5781,Google Ads,Inbound SEO,283.82,2024-04-17,25.8,29440,1605
5782,Direct,End of Year Push,175.77,2024-04-17,21.97,4902,882
5783,Google Ads,Cold Outbound,397.47,2024-04-17,19.87,24674,968
5784,Meta Ads,Inbound SEO,314.18,2024-04-17,31.42,28071,850
5785,Direct,Inbound SEO,196.83,2024-04-17,10.94,42180,1427
5786,Direct,Product Launch,179.07,2024-04-17,7.16,25855,563
5787,Organic,Partner Referral,166.1,2024-04-17,18.46,7953,1033
5788,Referral,Cold Outbound,101.28,2024-04-18,7.79,11873,1720
5789,LinkedIn,Retargeting Wave,662.56,2024-04-18,36.81,13635,1987
5790,Organic,Inbound SEO,144.33,2024-04-18,14.43,25694,627
5791,Referral,Summer Growth,141.51,2024-04-18,5.66,43873,81
5792,Referral,Brand Awareness Q1,98.77,2024-04-18,12.35,34514,715
5793,LinkedIn,Brand Awareness Q1,631.2,2024-04-18,39.45,10953,88
5794,Referral,Partner Referral,141.3,2024-04-18,12.85,46116,1306
5795,Meta Ads,Cold Outbound,300.47,2024-04-18,12.02,39268,922
5796,Google Ads,Summer Growth,332.18,2024-04-18,22.15,7099,265
5797,Meta Ads,Cold Outbound,249.94,2024-04-18,10.41,49068,206
5798,Google Ads,Summer Growth,385.33,2024-04-18,18.35,32350,187
5799,Google Ads,Cold Outbound,291.29,2024-04-18,32.37,44770,1228
5800,Meta Ads,Cold Outbound,240.22,2024-04-18,9.61,35559,725
5801,Organic,Product Launch,145.53,2024-04-18,18.19,13692,1190
5802,Email,Product Launch,109.77,2024-04-18,4.57,24480,1008
5803,LinkedIn,Summer Growth,732.91,2024-04-18,40.72,19403,1961
5804,LinkedIn,Brand Awareness Q1,683.27,2024-04-18,34.16,34198,1657
5805,Meta Ads,Summer Growth,227.59,2024-04-18,9.1,36748,1362
5806,Organic,Cold Outbound,142.83,2024-04-19,5.71,32607,458
5807,Google Ads,Inbound SEO,398.13,2024-04-19,36.19,46223,566
5808,LinkedIn,Partner Referral,591.32,2024-04-19,26.88,25043,988
5809,LinkedIn,Partner Referral,693.54,2024-04-19,38.53,19533,99
5810,Organic,End of Year Push,125.63,2024-04-19,7.39,12581,1455
5811,Google Ads,Partner Referral,271.42,2024-04-19,14.29,30770,244
5812,Direct,Inbound SEO,181.32,2024-04-19,8.24,1935,143
5813,Organic,Retargeting Wave,152.82,2024-04-19,8.04,4807,1331
5814,Organic,Brand Awareness Q1,163.94,2024-04-19,12.61,14995,1113
5815,Referral,End of Year Push,136.6,2024-04-19,15.18,13804,1150
5816,Organic,Cold Outbound,137.73,2024-04-19,6.89,3864,613
5817,Organic,Product Launch,143.77,2024-04-19,6.85,9951,1902
5818,Meta Ads,Inbound SEO,202.47,2024-04-19,10.66,13806,955
5819,Google Ads,Brand Awareness Q1,259.0,2024-04-19,10.36,24071,458
5820,Organic,Cold Outbound,146.69,2024-04-19,12.22,3133,935
5821,Google Ads,Retargeting Wave,298.98,2024-04-19,37.37,24343,1971
5822,Meta Ads,Brand Awareness Q1,209.94,2024-04-19,14.0,30437,712
5823,LinkedIn,Retargeting Wave,615.43,2024-04-19,32.39,45654,1889
5824,Organic,End of Year Push,150.4,2024-04-20,18.8,47556,870
5825,Meta Ads,Retargeting Wave,199.42,2024-04-20,8.31,8562,1801
5826,Google Ads,Retargeting Wave,381.9,2024-04-20,18.19,32489,355
5827,Meta Ads,Summer Growth,198.99,2024-04-20,19.9,28617,1908
5828,Direct,Cold Outbound,196.11,2024-04-20,8.17,2419,123
5829,Google Ads,Product Launch,385.65,2024-04-20,48.21,11418,1468
5830,LinkedIn,Product Launch,778.03,2024-04-20,55.57,38399,956
5831,Meta Ads,Cold Outbound,301.12,2024-04-20,37.64,37299,1977
5832,Referral,Summer Growth,113.33,2024-04-20,6.3,44249,394
5833,Referral,Product Launch,101.01,2024-04-20,6.31,19088,559
5834,Organic,Product Launch,175.41,2024-04-20,12.53,9850,243
5835,Organic,Partner Referral,132.89,2024-04-20,5.78,43303,1797
5836,Google Ads,Product Launch,245.64,2024-04-20,13.65,44181,1552
5837,Google Ads,End of Year Push,319.51,2024-04-20,29.05,45839,1816
5838,Meta Ads,Brand Awareness Q1,197.07,2024-04-20,13.14,18755,435
5839,Organic,Retargeting Wave,147.42,2024-04-21,5.9,36592,1365
5840,Organic,Inbound SEO,122.51,2024-04-21,7.21,23127,101
5841,Referral,Product Launch,135.35,2024-04-21,5.88,42242,783
5842,LinkedIn,Partner Referral,659.67,2024-04-21,27.49,24667,1185
5843,Organic,Retargeting Wave,177.6,2024-04-21,7.4,36651,1442
5844,LinkedIn,Cold Outbound,554.6,2024-04-21,34.66,36332,1852
5845,Organic,Partner Referral,131.4,2024-04-21,8.21,11318,1722
5846,Google Ads,Retargeting Wave,288.44,2024-04-21,13.11,6633,1958
5847,LinkedIn,Cold Outbound,745.17,2024-04-21,43.83,9589,842
5848,Google Ads,Retargeting Wave,370.91,2024-04-21,41.21,27189,941
5849,Referral,Retargeting Wave,143.86,2024-04-21,7.57,2170,220
5850,Organic,Summer Growth,160.11,2024-04-22,12.32,42234,603
5851,LinkedIn,Summer Growth,796.99,2024-04-22,72.45,45763,888
5852,Organic,Summer Growth,143.83,2024-04-22,17.98,38803,1970
5853,Referral,Product Launch,122.73,2024-04-22,5.84,48590,420
5854,Organic,Cold Outbound,153.66,2024-04-22,11.82,48416,88
5855,Organic,Summer Growth,142.78,2024-04-22,8.4,4940,1699
5856,Organic,Retargeting Wave,155.49,2024-04-22,9.72,14548,422
5857,Meta Ads,Retargeting Wave,284.59,2024-04-22,35.57,44042,754
5858,Referral,Partner Referral,140.1,2024-04-22,8.24,10203,1994
5859,Meta Ads,Summer Growth,235.13,2024-04-22,10.22,11830,1620
5860,Google Ads,Cold Outbound,399.86,2024-04-22,33.32,32748,1432
5861,Organic,Cold Outbound,151.49,2024-04-22,16.83,28950,1922
5862,Organic,Product Launch,136.03,2024-04-22,17.0,14313,957
5863,Google Ads,Inbound SEO,286.08,2024-04-22,12.44,5303,1231
5864,LinkedIn,Cold Outbound,683.45,2024-04-22,48.82,18953,1480
5865,Organic,Retargeting Wave,157.62,2024-04-22,13.13,6497,253
5866,Google Ads,Summer Growth,314.17,2024-04-22,20.94,29123,1408
5867,Google Ads,Product Launch,289.98,2024-04-22,36.25,32915,167
5868,Organic,Retargeting Wave,168.74,2024-04-22,12.98,30796,284
5869,Referral,Retargeting Wave,95.41,2024-04-22,7.95,20006,1052
5870,Organic,Retargeting Wave,160.05,2024-04-22,13.34,8901,1751
5871,Organic,Summer Growth,161.71,2024-04-22,7.7,47968,1859
5872,Google Ads,Retargeting Wave,366.99,2024-04-22,15.29,46756,1220
5873,Google Ads,Summer Growth,266.09,2024-04-23,16.63,15055,1354
5874,Google Ads,Inbound SEO,373.19,2024-04-23,17.77,20668,886
5875,Direct,Cold Outbound,121.82,2024-04-23,12.18,33307,136
5876,Referral,Brand Awareness Q1,89.76,2024-04-23,4.49,14088,543
5877,Google Ads,Inbound SEO,391.79,2024-04-23,17.03,41106,609
5878,Meta Ads,Partner Referral,224.16,2024-04-23,10.19,23830,907
5879,Google Ads,Cold Outbound,345.59,2024-04-23,17.28,26502,1965
5880,Google Ads,Summer Growth,280.89,2024-04-23,18.73,20338,1488
5881,Meta Ads,Retargeting Wave,235.02,2024-04-23,29.38,14426,390
5882,Google Ads,Summer Growth,262.69,2024-04-23,12.51,46483,573
5883,LinkedIn,Product Launch,519.86,2024-04-23,30.58,47781,637
5884,LinkedIn,Retargeting Wave,496.62,2024-04-23,24.83,6731,77
5885,Organic,End of Year Push,154.33,2024-04-23,8.57,41191,137
5886,Referral,Summer Growth,103.4,2024-04-23,4.14,13076,915
5887,Google Ads,Partner Referral,362.18,2024-04-23,40.24,21647,1269
5888,LinkedIn,End of Year Push,637.93,2024-04-23,27.74,27549,773
5889,Organic,Brand Awareness Q1,147.44,2024-04-23,16.38,21524,989
5890,Email,Retargeting Wave,73.0,2024-04-23,7.3,1615,1161
5891,Organic,Inbound SEO,141.48,2024-04-23,15.72,43614,1961
5892,Direct,Retargeting Wave,199.89,2024-04-23,10.52,7857,479
5893,Direct,Brand Awareness Q1,197.71,2024-04-24,16.48,48031,1480
5894,LinkedIn,Product Launch,554.42,2024-04-24,61.6,44099,1437
5895,Meta Ads,Brand Awareness Q1,262.0,2024-04-24,18.71,7029,346
5896,Referral,Summer Growth,128.87,2024-04-24,6.78,22579,1914
5897,Meta Ads,Inbound SEO,260.46,2024-04-24,20.04,18063,193
5898,LinkedIn,Partner Referral,603.8,2024-04-24,30.19,22655,710
5899,Direct,Brand Awareness Q1,121.67,2024-04-24,11.06,36274,226
5900,Organic,Brand Awareness Q1,148.22,2024-04-24,10.59,9008,1172
5901,Organic,Inbound SEO,134.93,2024-04-24,9.64,35712,459
5902,Google Ads,Retargeting Wave,380.23,2024-04-24,34.57,31285,1236
5903,Organic,Partner Referral,124.24,2024-04-24,6.9,5301,688
5904,Referral,Summer Growth,149.1,2024-04-24,14.91,7021,1820
5905,Direct,Partner Referral,129.43,2024-04-24,5.18,33179,1996
5906,Organic,Cold Outbound,126.93,2024-04-24,8.46,31840,79
5907,Organic,Retargeting Wave,142.49,2024-04-24,7.5,3224,1821
5908,Organic,Partner Referral,139.55,2024-04-25,6.34,15157,230
5909,Organic,Summer Growth,126.44,2024-04-25,9.03,5382,1529
5910,Referral,End of Year Push,92.93,2024-04-25,5.81,46927,1414
5911,Google Ads,Product Launch,351.54,2024-04-25,31.96,13694,1938
5912,LinkedIn,Product Launch,582.0,2024-04-25,58.2,22429,514
5913,Meta Ads,Retargeting Wave,313.61,2024-04-25,39.2,25667,54
5914,Organic,Partner Referral,176.82,2024-04-25,16.07,46083,318
5915,Organic,Retargeting Wave,163.12,2024-04-25,6.52,18940,577
5916,Direct,End of Year Push,137.23,2024-04-25,6.53,4540,107
5917,Meta Ads,End of Year Push,252.2,2024-04-25,18.01,24713,532
5918,Organic,Partner Referral,161.64,2024-04-25,10.1,4629,1833
5919,Google Ads,Brand Awareness Q1,257.77,2024-04-25,32.22,29883,1408
5920,Google Ads,Product Launch,298.8,2024-04-25,16.6,21990,584
5921,Meta Ads,Partner Referral,213.43,2024-04-25,8.54,49392,1911
5922,Direct,Summer Growth,180.93,2024-04-25,15.08,13523,1876
5923,Email,Cold Outbound,80.42,2024-04-25,10.05,22655,59
5924,Meta Ads,Brand Awareness Q1,208.8,2024-04-25,9.08,8843,1208
5925,Google Ads,Inbound SEO,349.24,2024-04-25,17.46,16774,842
5926,Google Ads,Summer Growth,310.72,2024-04-26,22.19,39942,1566
5927,Google Ads,Partner Referral,268.56,2024-04-26,17.9,13886,1165
5928,Meta Ads,Cold Outbound,226.76,2024-04-26,28.34,8229,1419
5929,Organic,End of Year Push,125.01,2024-04-26,6.58,40339,1739
5930,Referral,End of Year Push,93.36,2024-04-26,5.83,11063,1890
5931,Google Ads,Product Launch,267.23,2024-04-26,10.69,34003,296
5932,Referral,Inbound SEO,141.9,2024-04-26,7.1,1400,651
5933,Organic,Cold Outbound,153.32,2024-04-26,9.02,20490,992
5934,Meta Ads,Retargeting Wave,182.61,2024-04-26,7.3,5655,471
5935,Organic,Product Launch,149.97,2024-04-26,12.5,18072,1821
5936,LinkedIn,End of Year Push,775.38,2024-04-26,43.08,3410,881
5937,Meta Ads,End of Year Push,223.72,2024-04-26,14.91,44173,1747
5938,Referral,Partner Referral,135.83,2024-04-26,16.98,26191,1483
5939,Organic,Product Launch,145.34,2024-04-26,9.69,41144,274
5940,Meta Ads,Cold Outbound,261.94,2024-04-26,10.91,45552,1396
5941,Meta Ads,Retargeting Wave,229.68,2024-04-26,12.09,28000,1517
5942,LinkedIn,End of Year Push,731.98,2024-04-26,66.54,43035,1351
5943,Referral,Partner Referral,117.97,2024-04-26,6.21,38674,424
5944,Meta Ads,Retargeting Wave,295.68,2024-04-26,12.32,7968,1728
5945,LinkedIn,Partner Referral,662.14,2024-04-26,38.95,21612,1912
5946,Google Ads,Product Launch,373.47,2024-04-26,16.98,32971,305
5947,Meta Ads,Summer Growth,281.78,2024-04-27,25.62,41376,1584
5948,Meta Ads,End of Year Push,195.49,2024-04-27,9.77,19996,685
5949,LinkedIn,Summer Growth,614.75,2024-04-27,55.89,36045,1079
5950,Email,Brand Awareness Q1,111.77,2024-04-27,10.16,17262,965
5951,Referral,Product Launch,80.14,2024-04-27,5.72,6269,1450
5952,Meta Ads,Cold Outbound,232.78,2024-04-27,19.4,23626,1098
5953,Referral,Retargeting Wave,89.35,2024-04-27,5.58,48559,399
5954,Direct,Brand Awareness Q1,197.29,2024-04-27,12.33,24164,717
5955,LinkedIn,Product Launch,482.03,2024-04-27,19.28,40336,1207
5956,Google Ads,Cold Outbound,265.79,2024-04-27,15.63,49768,1919
5957,LinkedIn,Cold Outbound,557.91,2024-04-27,29.36,28268,1586
5958,LinkedIn,Inbound SEO,530.21,2024-04-28,48.2,33510,495
5959,Referral,Retargeting Wave,112.85,2024-04-28,5.13,3267,1502
5960,Organic,Summer Growth,171.8,2024-04-28,13.22,24274,96
5961,Google Ads,Summer Growth,321.53,2024-04-28,26.79,984,1950
5962,Direct,Inbound SEO,197.85,2024-04-28,8.24,8352,1648
5963,Organic,Cold Outbound,166.23,2024-04-28,9.23,5937,1324
5964,Referral,Partner Referral,149.7,2024-04-28,11.52,46516,590
5965,Google Ads,Inbound SEO,282.34,2024-04-28,14.86,33689,1209
5966,Meta Ads,Inbound SEO,212.62,2024-04-28,21.26,37744,1415
5967,LinkedIn,Inbound SEO,731.12,2024-04-28,38.48,10760,1788
5968,Organic,Cold Outbound,129.35,2024-04-28,5.62,2681,422
5969,Google Ads,Retargeting Wave,333.65,2024-04-28,17.56,37220,1706
5970,Google Ads,Retargeting Wave,290.3,2024-04-28,24.19,10838,1773
5971,Organic,Cold Outbound,137.67,2024-04-28,10.59,38368,276
5972,Organic,Partner Referral,150.24,2024-04-28,6.83,16118,558
5973,LinkedIn,End of Year Push,686.66,2024-04-28,31.21,2374,1778
5974,LinkedIn,Product Launch,711.23,2024-04-28,50.8,3852,57
5975,LinkedIn,Inbound SEO,604.15,2024-04-28,31.8,31760,1677
5976,Google Ads,Inbound SEO,261.21,2024-04-28,23.75,26254,1798
5977,Google Ads,Inbound SEO,251.29,2024-04-28,11.97,42135,1785
5978,Referral,Partner Referral,98.9,2024-04-28,7.06,33059,628
5979,Referral,Brand Awareness Q1,83.56,2024-04-28,5.97,27620,855
5980,Organic,Partner Referral,171.52,2024-04-29,19.06,8854,840
5981,LinkedIn,Summer Growth,609.25,2024-04-29,27.69,22360,1964
5982,Meta Ads,Brand Awareness Q1,307.1,2024-04-29,17.06,15336,1616
5983,Organic,Partner Referral,157.61,2024-04-29,8.76,36295,717
5984,Organic,Cold Outbound,150.41,2024-04-29,7.52,48591,302
5985,Google Ads,Partner Referral,313.94,2024-04-29,34.88,1184,553
5986,Referral,Inbound SEO,86.29,2024-04-29,3.45,37003,403
5987,Referral,End of Year Push,111.57,2024-04-29,5.87,6315,1026
5988,Organic,Cold Outbound,155.3,2024-04-29,9.71,22696,80
5989,Referral,Cold Outbound,149.19,2024-04-29,16.58,28499,597
5990,Direct,Brand Awareness Q1,199.7,2024-04-29,8.68,43754,197
5991,LinkedIn,End of Year Push,688.19,2024-04-29,40.48,27895,267
5992,Organic,Inbound SEO,170.75,2024-04-29,9.49,12452,1759
5993,Referral,Product Launch,124.06,2024-04-30,5.64,37209,1704
5994,LinkedIn,Summer Growth,514.58,2024-04-30,27.08,36706,180
5995,Organic,End of Year Push,175.48,2024-04-30,9.24,12989,277
5996,Organic,Inbound SEO,146.02,2024-04-30,13.27,23592,1696
5997,Organic,End of Year Push,173.1,2024-04-30,10.82,21957,1672
5998,Referral,Partner Referral,138.21,2024-04-30,17.28,45544,1683
5999,Direct,End of Year Push,178.47,2024-04-30,7.76,25627,834
6000,Referral,Brand Awareness Q1,80.85,2024-04-30,4.04,1153,926
6001,Organic,Brand Awareness Q1,140.61,2024-04-30,6.7,19490,107
6002,Google Ads,End of Year Push,254.1,2024-04-30,19.55,36654,1545
6003,Google Ads,Summer Growth,372.43,2024-05-01,21.91,48023,624
6004,Organic,Retargeting Wave,157.22,2024-05-01,11.23,34326,1207
6005,Referral,Inbound SEO,137.21,2024-05-01,9.15,7135,980
6006,Organic,Retargeting Wave,128.79,2024-05-01,6.13,7652,768
6007,Direct,Product Launch,135.83,2024-05-01,7.99,43168,1502
6008,Organic,Retargeting Wave,134.89,2024-05-01,13.49,19737,1849
6009,Meta Ads,Product Launch,310.69,2024-05-01,14.79,48473,1174
6010,Meta Ads,Partner Referral,302.23,2024-05-01,15.91,35858,1474
6011,Organic,Product Launch,176.77,2024-05-01,7.69,16219,1149
6012,Organic,Partner Referral,177.79,2024-05-01,7.41,36294,713
6013,Google Ads,Partner Referral,354.54,2024-05-01,22.16,21802,1597
6014,Google Ads,Retargeting Wave,340.69,2024-05-01,15.49,3884,1293
6015,Referral,Inbound SEO,141.47,2024-05-01,6.15,37698,1413
6016,Meta Ads,Summer Growth,226.26,2024-05-01,17.4,41927,549
6017,Meta Ads,Retargeting Wave,215.41,2024-05-01,13.46,40922,495
6018,Organic,Retargeting Wave,159.13,2024-05-01,8.84,30290,1806
6019,Referral,Brand Awareness Q1,98.36,2024-05-01,7.57,49672,528
6020,Organic,Cold Outbound,168.99,2024-05-01,15.36,20788,1392
6021,Google Ads,Brand Awareness Q1,292.78,2024-05-02,24.4,36948,914
6022,Organic,Summer Growth,124.5,2024-05-02,5.19,16879,960
6023,Google Ads,Summer Growth,338.58,2024-05-02,37.62,33968,198
6024,Referral,Summer Growth,142.66,2024-05-02,9.51,31483,1131
6025,Organic,Retargeting Wave,126.65,2024-05-02,5.76,714,1091
6026,LinkedIn,Retargeting Wave,543.69,2024-05-02,33.98,21204,1805
6027,Referral,Product Launch,134.23,2024-05-02,7.06,27103,1012
6028,Organic,Summer Growth,178.39,2024-05-02,9.91,5471,1854
6029,Organic,Inbound SEO,154.1,2024-05-02,12.84,26846,774
6030,Referral,Product Launch,116.77,2024-05-02,11.68,27146,749
6031,Google Ads,Partner Referral,288.01,2024-05-02,22.15,45092,1848
6032,Referral,Brand Awareness Q1,139.5,2024-05-02,5.58,34079,1160
6033,LinkedIn,Cold Outbound,678.46,2024-05-02,32.31,20054,1575
6034,Referral,Cold Outbound,101.58,2024-05-02,4.62,11350,377
6035,Organic,Partner Referral,142.12,2024-05-02,10.15,5623,1771
6036,Referral,Inbound SEO,119.46,2024-05-03,7.03,35646,1193
6037,Organic,Cold Outbound,122.69,2024-05-03,8.76,9879,999
6038,Google Ads,Summer Growth,387.91,2024-05-03,43.1,16021,966
6039,Direct,Summer Growth,145.13,2024-05-03,13.19,1112,1674
6040,Organic,End of Year Push,170.0,2024-05-03,7.73,43708,702
6041,Referral,End of Year Push,120.64,2024-05-03,6.7,36138,692
6042,Organic,Summer Growth,179.56,2024-05-03,10.56,38157,611
6043,Organic,Retargeting Wave,121.2,2024-05-03,5.77,31497,325
6044,Organic,Summer Growth,147.49,2024-05-03,13.41,34892,1083
6045,Organic,Brand Awareness Q1,165.39,2024-05-03,7.52,25258,1801
6046,Referral,Inbound SEO,127.72,2024-05-03,6.72,21348,1146
6047,LinkedIn,Cold Outbound,690.41,2024-05-03,76.71,16998,345
6048,Google Ads,Cold Outbound,350.77,2024-05-03,16.7,39377,1516
6049,Email,End of Year Push,88.71,2024-05-03,7.39,24960,1868
6050,Google Ads,Brand Awareness Q1,302.77,2024-05-03,13.16,996,410
6051,Meta Ads,Cold Outbound,245.74,2024-05-03,20.48,14216,1176
6052,Organic,Product Launch,147.34,2024-05-04,13.39,26914,1795
6053,Referral,Partner Referral,147.95,2024-05-04,11.38,40018,837
6054,LinkedIn,Product Launch,585.13,2024-05-04,25.44,15498,592
6055,Organic,Brand Awareness Q1,153.83,2024-05-04,9.61,11649,863
6056,Meta Ads,Retargeting Wave,283.36,2024-05-04,16.67,26329,1737
6057,Organic,Partner Referral,159.26,2024-05-04,6.64,35043,1226
6058,Google Ads,End of Year Push,321.02,2024-05-04,26.75,5108,1326
6059,Organic,End of Year Push,169.67,2024-05-04,12.12,48587,114
6060,Direct,Summer Growth,129.73,2024-05-04,5.64,40149,716
6061,Email,Inbound SEO,77.98,2024-05-04,3.71,16999,1831
6062,Google Ads,Retargeting Wave,242.26,2024-05-04,11.54,11533,578
6063,Organic,Retargeting Wave,166.52,2024-05-04,15.14,27024,1958
6064,Organic,Partner Referral,145.49,2024-05-04,8.56,6740,1047
6065,Organic,End of Year Push,123.74,2024-05-04,5.62,38916,82
6066,Google Ads,Cold Outbound,373.78,2024-05-04,23.36,8693,289
6067,Organic,Partner Referral,174.58,2024-05-04,8.73,1907,817
6068,Referral,Brand Awareness Q1,133.0,2024-05-04,5.32,21862,907
6069,Meta Ads,Product Launch,180.9,2024-05-04,7.24,44189,1240
6070,Organic,Brand Awareness Q1,149.87,2024-05-04,6.81,9722,614
6071,Organic,Inbound SEO,123.72,2024-05-04,8.25,1668,1596
6072,Meta Ads,Cold Outbound,276.95,2024-05-04,23.08,10430,826
6073,Referral,Partner Referral,109.66,2024-05-04,4.98,15291,621
6074,LinkedIn,Partner Referral,761.47,2024-05-04,84.61,6354,1558
6075,Google Ads,Inbound SEO,245.73,2024-05-04,9.83,21642,1604
6076,Google Ads,Retargeting Wave,250.79,2024-05-04,12.54,23447,188
6077,Google Ads,Product Launch,319.41,2024-05-05,29.04,9870,953
6078,Organic,Inbound SEO,156.17,2024-05-05,13.01,27093,239
6079,Meta Ads,Cold Outbound,251.85,2024-05-05,27.98,44140,1248
6080,Google Ads,Cold Outbound,278.45,2024-05-05,23.2,2275,188
6081,Referral,Inbound SEO,97.87,2024-05-05,6.12,30817,210
6082,Organic,Inbound SEO,128.04,2024-05-05,5.12,6503,1485
6083,Meta Ads,Retargeting Wave,237.13,2024-05-05,9.49,6402,517
6084,Organic,End of Year Push,122.13,2024-05-05,6.11,9911,811
6085,LinkedIn,Summer Growth,586.83,2024-05-05,32.6,16605,1580
6086,LinkedIn,End of Year Push,660.85,2024-05-05,82.61,23018,1189
6087,Referral,Cold Outbound,85.62,2024-05-05,4.28,11332,1930
6088,Google Ads,Partner Referral,284.92,2024-05-05,14.25,6552,106
6089,Referral,Summer Growth,82.44,2024-05-05,4.34,49213,1089
6090,Referral,Summer Growth,135.51,2024-05-05,5.65,40632,465
6091,LinkedIn,Partner Referral,650.87,2024-05-05,36.16,13146,926
6092,Email,Retargeting Wave,106.41,2024-05-05,5.6,1635,1422
6093,Organic,Cold Outbound,124.3,2024-05-05,4.97,24295,1841
6094,Organic,Cold Outbound,133.63,2024-05-06,7.86,49801,1510
6095,Organic,Product Launch,158.77,2024-05-06,8.82,4799,633
6096,Organic,Partner Referral,159.64,2024-05-06,14.51,34945,1284
6097,LinkedIn,Summer Growth,495.65,2024-05-06,27.54,47291,377
6098,Organic,End of Year Push,124.84,2024-05-06,8.92,36303,981
6099,Organic,Partner Referral,122.71,2024-05-06,13.63,15894,1380
6100,Organic,Cold Outbound,175.86,2024-05-06,9.26,30716,515
6101,Meta Ads,Inbound SEO,315.71,2024-05-06,15.03,49126,1573
6102,LinkedIn,Retargeting Wave,670.63,2024-05-06,60.97,1917,1176
6103,Meta Ads,Product Launch,223.12,2024-05-06,24.79,31876,308
6104,Direct,Retargeting Wave,133.75,2024-05-06,16.72,13150,1064
6105,Google Ads,Summer Growth,333.5,2024-05-06,23.82,16008,1976
6106,Organic,Retargeting Wave,155.59,2024-05-06,8.64,24159,369
6107,LinkedIn,Inbound SEO,497.3,2024-05-06,27.63,19528,1823
6108,LinkedIn,Product Launch,539.47,2024-05-06,41.5,33891,748
6109,Email,Retargeting Wave,115.32,2024-05-07,11.53,15904,1590
6110,Google Ads,Inbound SEO,272.42,2024-05-07,15.13,35097,1635
6111,Google Ads,End of Year Push,257.37,2024-05-07,18.38,43257,487
6112,Organic,End of Year Push,145.65,2024-05-07,13.24,5605,303
6113,LinkedIn,Cold Outbound,694.84,2024-05-07,57.9,14042,1476
6114,Email,Cold Outbound,109.85,2024-05-07,12.21,34030,419
6115,LinkedIn,End of Year Push,493.65,2024-05-07,25.98,48084,1344
6116,Organic,Summer Growth,175.46,2024-05-07,15.95,5519,262
6117,Meta Ads,End of Year Push,184.19,2024-05-07,20.47,33751,1037
6118,Meta Ads,End of Year Push,209.86,2024-05-07,14.99,3561,1281
6119,LinkedIn,Summer Growth,472.13,2024-05-07,18.89,28206,1733
6120,Direct,Product Launch,116.17,2024-05-07,4.65,37449,883
6121,LinkedIn,Summer Growth,682.36,2024-05-07,27.29,8312,594
6122,Organic,Partner Referral,165.87,2024-05-07,12.76,36042,558
6123,Referral,Brand Awareness Q1,105.85,2024-05-07,5.57,36069,1124
6124,Email,Partner Referral,87.11,2024-05-07,3.63,2872,986
6125,Google Ads,Brand Awareness Q1,319.19,2024-05-08,24.55,18815,631
6126,Google Ads,End of Year Push,283.74,2024-05-08,14.93,38175,1134
6127,LinkedIn,Partner Referral,671.81,2024-05-08,41.99,34203,609
6128,Organic,Product Launch,163.53,2024-05-08,7.11,2418,1853
6129,Organic,Cold Outbound,122.42,2024-05-08,6.44,17254,346
6130,Referral,Retargeting Wave,145.0,2024-05-08,5.8,38697,1181
6131,Organic,Partner Referral,138.07,2024-05-08,5.52,38286,1176
6132,Referral,Partner Referral,137.04,2024-05-08,9.79,42931,1428
6133,LinkedIn,Partner Referral,487.72,2024-05-08,25.67,33890,818
6134,Google Ads,Summer Growth,323.97,2024-05-08,20.25,4043,1647
6135,Organic,Retargeting Wave,136.27,2024-05-08,7.57,18667,714
6136,Organic,End of Year Push,147.28,2024-05-08,11.33,27801,439
6137,Organic,Cold Outbound,140.67,2024-05-08,15.63,33713,1421
6138,Organic,Inbound SEO,175.29,2024-05-08,8.76,27237,1699
6139,Organic,Retargeting Wave,162.22,2024-05-09,7.72,25992,814
6140,Meta Ads,Brand Awareness Q1,217.54,2024-05-09,9.06,45958,1292
6141,Referral,Cold Outbound,129.86,2024-05-09,11.81,3720,1039
6142,Organic,Retargeting Wave,126.98,2024-05-09,15.87,12027,391
6143,LinkedIn,Inbound SEO,739.19,2024-05-09,35.2,1253,822
6144,Direct,Inbound SEO,152.1,2024-05-09,11.7,12149,1869
6145,Referral,Inbound SEO,134.71,2024-05-09,16.84,39530,1425
6146,Google Ads,Brand Awareness Q1,274.32,2024-05-09,17.14,35501,1102
6147,Referral,Partner Referral,100.14,2024-05-09,10.01,35439,273
6148,Meta Ads,Inbound SEO,225.24,2024-05-09,10.24,26888,1121
6149,Direct,End of Year Push,143.23,2024-05-09,6.82,39717,1479
6150,LinkedIn,Cold Outbound,672.36,2024-05-09,44.82,42989,1660
6151,Organic,Brand Awareness Q1,145.44,2024-05-09,6.61,31196,613
6152,Google Ads,Retargeting Wave,369.52,2024-05-09,26.39,13290,659
6153,Direct,Cold Outbound,156.66,2024-05-09,17.41,21502,742
6154,Google Ads,End of Year Push,244.76,2024-05-09,17.48,13259,1720
6155,Email,End of Year Push,106.51,2024-05-09,10.65,31297,1535
6156,Organic,Retargeting Wave,161.06,2024-05-09,7.67,46079,508
6157,Organic,Inbound SEO,178.77,2024-05-09,11.92,49323,577
6158,Organic,Summer Growth,128.72,2024-05-10,14.3,8518,729
6159,LinkedIn,Product Launch,745.59,2024-05-10,37.28,14103,1899
6160,Organic,Brand Awareness Q1,175.19,2024-05-10,7.96,46552,1669
6161,Meta Ads,Inbound SEO,278.88,2024-05-10,12.13,31547,1103
6162,LinkedIn,Product Launch,548.46,2024-05-10,60.94,24864,1768
6163,Google Ads,Summer Growth,242.96,2024-05-10,24.3,34478,909
6164,Google Ads,Cold Outbound,321.72,2024-05-10,24.75,26667,514
6165,LinkedIn,Summer Growth,466.17,2024-05-10,27.42,37542,947
6166,Referral,Retargeting Wave,110.79,2024-05-10,10.07,36526,1915
6167,Organic,Product Launch,150.19,2024-05-10,6.83,5715,1374
6168,Google Ads,Summer Growth,384.26,2024-05-10,27.45,49656,275
6169,Meta Ads,Product Launch,253.6,2024-05-10,11.53,27694,1480
6170,Organic,Retargeting Wave,132.6,2024-05-10,6.31,15770,810
6171,Google Ads,Partner Referral,256.71,2024-05-10,10.27,13406,699
6172,Email,End of Year Push,88.35,2024-05-10,4.02,19214,731
6173,Meta Ads,Cold Outbound,223.57,2024-05-10,17.2,29879,590
6174,Direct,End of Year Push,174.41,2024-05-10,15.86,45591,1382
6175,Referral,Cold Outbound,117.8,2024-05-10,11.78,8891,557
6176,Organic,Summer Growth,146.59,2024-05-10,12.22,47949,270
6177,Google Ads,Product Launch,283.26,2024-05-10,18.88,29266,552
6178,Meta Ads,Cold Outbound,262.82,2024-05-11,32.85,18266,1438
6179,Organic,Inbound SEO,169.93,2024-05-11,6.8,35454,1900
6180,Google Ads,Retargeting Wave,274.65,2024-05-11,19.62,10385,548
6181,Google Ads,Brand Awareness Q1,360.33,2024-05-11,18.02,16380,311
6182,Referral,Inbound SEO,112.04,2024-05-11,6.22,17541,1523
6183,Email,Brand Awareness Q1,77.16,2024-05-11,4.54,10327,188
6184,Referral,Cold Outbound,148.36,2024-05-11,6.18,34451,733
6185,Meta Ads,Summer Growth,279.4,2024-05-11,13.97,47457,905
6186,Direct,Cold Outbound,197.18,2024-05-11,14.08,38606,1209
6187,LinkedIn,End of Year Push,622.7,2024-05-11,31.14,42329,1513
6188,Organic,Cold Outbound,166.69,2024-05-11,6.95,39644,135
6189,LinkedIn,Product Launch,648.45,2024-05-11,81.06,33259,1399
6190,Direct,End of Year Push,157.64,2024-05-11,10.51,34600,194
6191,Referral,End of Year Push,87.57,2024-05-11,4.38,9039,624
6192,Organic,Summer Growth,164.59,2024-05-11,9.14,45057,356
6193,LinkedIn,Retargeting Wave,697.4,2024-05-11,34.87,32075,635
6194,Referral,Partner Referral,144.83,2024-05-11,10.35,48169,1532
6195,Referral,Inbound SEO,90.12,2024-05-11,11.27,24451,674
6196,LinkedIn,Retargeting Wave,613.12,2024-05-11,25.55,36923,1775
6197,Referral,Inbound SEO,80.81,2024-05-12,4.49,17674,1031
6198,Google Ads,Product Launch,241.18,2024-05-12,9.65,37873,1556
6199,Organic,End of Year Push,138.23,2024-05-12,6.28,6665,656
6200,Referral,Retargeting Wave,139.56,2024-05-12,9.97,44815,1080
6201,LinkedIn,Summer Growth,471.05,2024-05-12,31.4,47718,994
6202,Referral,Retargeting Wave,92.47,2024-05-12,7.11,35590,1180
6203,Referral,Partner Referral,137.88,2024-05-12,6.57,21243,1056
6204,Organic,Inbound SEO,161.23,2024-05-12,10.75,41613,1003
6205,Google Ads,Product Launch,390.35,2024-05-12,32.53,1280,1042
6206,Organic,Inbound SEO,169.46,2024-05-12,6.78,42012,1956
6207,Organic,Product Launch,143.05,2024-05-12,11.0,10339,601
6208,Meta Ads,Product Launch,184.96,2024-05-12,18.5,16019,1650
6209,Referral,Cold Outbound,140.01,2024-05-12,5.6,1604,171
6210,Google Ads,Partner Referral,289.41,2024-05-13,18.09,10226,1222
6211,Referral,Inbound SEO,119.23,2024-05-13,6.62,24500,130
6212,Google Ads,Product Launch,333.88,2024-05-13,41.73,2986,1460
6213,LinkedIn,Product Launch,635.58,2024-05-13,37.39,18022,1445
6214,Referral,End of Year Push,121.47,2024-05-13,13.5,41660,835
6215,Referral,Inbound SEO,80.01,2024-05-13,4.45,43522,1707
6216,Meta Ads,End of Year Push,219.12,2024-05-13,10.43,17188,53
6217,Referral,Retargeting Wave,141.69,2024-05-13,12.88,25051,1770
6218,Organic,Product Launch,173.32,2024-05-13,13.33,11650,638
6219,Organic,Product Launch,160.24,2024-05-13,8.43,4545,209
6220,Organic,End of Year Push,134.68,2024-05-13,10.36,47766,1593
6221,Referral,Product Launch,95.21,2024-05-13,3.81,21123,1947
6222,Referral,Summer Growth,115.51,2024-05-13,6.79,12730,1063
6223,Organic,Product Launch,122.17,2024-05-13,11.11,47242,600
6224,Referral,Summer Growth,136.58,2024-05-13,6.83,6601,157
6225,LinkedIn,Inbound SEO,479.54,2024-05-13,31.97,45231,340
6226,Direct,Cold Outbound,100.01,2024-05-14,4.17,42543,658
6227,Email,Summer Growth,107.43,2024-05-14,6.32,43292,1821
6228,Organic,Summer Growth,139.42,2024-05-14,8.2,45567,1496
6229,Organic,Cold Outbound,171.5,2024-05-14,6.86,6181,1044
6230,Google Ads,Summer Growth,243.45,2024-05-14,22.13,7579,762
6231,Google Ads,Summer Growth,387.44,2024-05-14,18.45,45776,963
6232,Email,Retargeting Wave,64.7,2024-05-14,5.88,580,1973
6233,Direct,Product Launch,130.16,2024-05-14,16.27,27135,587
6234,LinkedIn,Product Launch,583.15,2024-05-14,72.89,41772,102
6235,LinkedIn,Product Launch,515.95,2024-05-14,22.43,12982,937
6236,Referral,End of Year Push,90.16,2024-05-14,4.1,9072,814
6237,Email,Product Launch,103.78,2024-05-15,11.53,49211,1355
6238,Google Ads,Cold Outbound,296.12,2024-05-15,26.92,28394,960
6239,Direct,Product Launch,107.17,2024-05-15,4.87,40899,686
6240,Referral,Summer Growth,129.36,2024-05-15,8.62,1924,763
6241,Email,Inbound SEO,87.03,2024-05-15,6.22,16757,1378
6242,LinkedIn,Cold Outbound,558.32,2024-05-15,62.04,30526,1417
6243,Organic,Partner Referral,143.76,2024-05-15,5.75,33895,1017
6244,Direct,Summer Growth,183.99,2024-05-15,14.15,4480,1507
6245,LinkedIn,Product Launch,761.3,2024-05-15,30.45,46480,755
6246,Google Ads,Product Launch,282.9,2024-05-15,14.14,49669,239
6247,Google Ads,Retargeting Wave,302.43,2024-05-15,16.8,45458,174
6248,Organic,Product Launch,167.8,2024-05-15,12.91,22943,1682
6249,Meta Ads,Brand Awareness Q1,252.57,2024-05-15,12.03,1361,644
6250,Google Ads,Product Launch,343.18,2024-05-15,15.6,36498,183
6251,Google Ads,Brand Awareness Q1,315.8,2024-05-15,17.54,43998,1570
6252,Google Ads,Cold Outbound,338.01,2024-05-15,30.73,32202,348
6253,Meta Ads,Summer Growth,203.84,2024-05-15,11.32,16479,506
6254,Google Ads,End of Year Push,399.74,2024-05-16,28.55,36179,659
6255,Referral,Product Launch,81.46,2024-05-16,3.88,39910,979
6256,Meta Ads,End of Year Push,271.25,2024-05-16,24.66,3802,1508
6257,Organic,Brand Awareness Q1,166.12,2024-05-16,6.92,22837,1458
6258,Organic,Partner Referral,158.56,2024-05-16,9.91,22652,1308
6259,Meta Ads,Retargeting Wave,317.5,2024-05-16,19.84,3894,747
6260,Meta Ads,Inbound SEO,230.14,2024-05-16,12.11,5675,1245
6261,Referral,End of Year Push,132.28,2024-05-16,6.96,2776,564
6262,Email,Retargeting Wave,77.8,2024-05-16,6.48,49975,1455
6263,Organic,Inbound SEO,142.32,2024-05-16,7.49,18219,1976
6264,LinkedIn,End of Year Push,513.9,2024-05-16,51.39,6915,1701
6265,Meta Ads,Retargeting Wave,277.56,2024-05-16,16.33,18187,1912
6266,Organic,End of Year Push,170.38,2024-05-16,14.2,41397,1351
6267,Meta Ads,Cold Outbound,273.41,2024-05-16,16.08,10676,947
6268,Direct,Partner Referral,190.7,2024-05-16,12.71,730,1795
6269,Google Ads,Inbound SEO,377.28,2024-05-16,47.16,37696,1670
6270,Referral,Partner Referral,148.07,2024-05-16,8.71,4900,1855
6271,Google Ads,Product Launch,327.41,2024-05-16,13.64,44430,1930
6272,Organic,Inbound SEO,179.85,2024-05-16,13.83,23289,259
6273,Organic,Retargeting Wave,127.21,2024-05-17,6.36,10935,551
6274,Email,Partner Referral,117.7,2024-05-17,5.88,24695,1747
6275,Referral,End of Year Push,105.82,2024-05-17,5.04,15087,50
6276,Organic,End of Year Push,160.8,2024-05-17,11.49,21454,1239
6277,Referral,Inbound SEO,82.84,2024-05-17,4.14,19854,76
6278,Meta Ads,Inbound SEO,305.38,2024-05-17,16.97,47569,876
6279,Meta Ads,Retargeting Wave,298.91,2024-05-17,14.95,48203,1911
6280,Google Ads,Product Launch,273.7,2024-05-17,11.4,13290,1528
6281,LinkedIn,Product Launch,665.45,2024-05-17,35.02,49956,1021
6282,Referral,Summer Growth,98.34,2024-05-17,4.92,8531,1703
6283,Referral,Inbound SEO,109.63,2024-05-17,5.22,45553,855
6284,Referral,Partner Referral,143.14,2024-05-17,8.42,1393,863
6285,Organic,Inbound SEO,142.97,2024-05-17,5.96,26192,284
6286,Google Ads,Partner Referral,253.48,2024-05-17,12.07,30619,1218
6287,Google Ads,Product Launch,276.08,2024-05-17,17.25,38815,1366
6288,Google Ads,Retargeting Wave,264.69,2024-05-17,15.57,13663,916
6289,LinkedIn,Inbound SEO,510.25,2024-05-17,51.02,23087,901
6290,Organic,Cold Outbound,151.61,2024-05-17,8.92,29596,966
6291,LinkedIn,End of Year Push,474.22,2024-05-17,31.61,46340,556
6292,Google Ads,Summer Growth,390.52,2024-05-18,43.39,31287,1992
6293,Meta Ads,Partner Referral,239.5,2024-05-18,26.61,24597,489
6294,Google Ads,Brand Awareness Q1,399.7,2024-05-18,28.55,22010,1956
6295,Meta Ads,Summer Growth,276.73,2024-05-18,13.18,44570,1564
6296,Referral,Retargeting Wave,126.45,2024-05-18,5.06,41635,1915
6297,LinkedIn,Partner Referral,669.68,2024-05-18,60.88,34005,1782
6298,Google Ads,Cold Outbound,288.24,2024-05-18,14.41,907,1121
6299,LinkedIn,Cold Outbound,579.83,2024-05-18,28.99,20546,928
6300,Referral,Partner Referral,81.8,2024-05-18,5.84,43834,396
6301,Referral,Partner Referral,89.12,2024-05-18,4.46,12204,344
6302,Meta Ads,Product Launch,308.19,2024-05-18,30.82,30435,508
6303,Google Ads,Inbound SEO,359.65,2024-05-18,17.13,27944,986
6304,Organic,Partner Referral,156.44,2024-05-19,17.38,32519,1899
6305,Organic,Product Launch,160.84,2024-05-19,11.49,27600,814
6306,LinkedIn,Retargeting Wave,594.25,2024-05-19,27.01,46264,935
6307,Google Ads,Cold Outbound,350.86,2024-05-19,31.9,27807,572
6308,Organic,Partner Referral,129.39,2024-05-19,11.76,47251,1400
6309,LinkedIn,End of Year Push,494.51,2024-05-19,30.91,38650,1494
6310,Google Ads,Cold Outbound,388.38,2024-05-19,29.88,17976,1461
6311,Google Ads,Cold Outbound,397.6,2024-05-19,18.93,18252,1151
6312,LinkedIn,Summer Growth,514.35,2024-05-19,30.26,34926,1353
6313,Organic,Inbound SEO,154.7,2024-05-19,6.73,34108,1702
6314,Organic,End of Year Push,153.72,2024-05-19,6.41,42299,1608
6315,Organic,End of Year Push,179.69,2024-05-19,11.98,49568,287
6316,Google Ads,Cold Outbound,362.27,2024-05-19,45.28,22794,445
6317,Referral,Brand Awareness Q1,125.32,2024-05-19,5.01,22008,227
6318,Meta Ads,Partner Referral,207.9,2024-05-20,23.1,26538,1214
6319,Google Ads,Inbound SEO,269.24,2024-05-20,12.82,49077,1221
6320,Organic,End of Year Push,122.57,2024-05-20,15.32,36055,1752
6321,Direct,Inbound SEO,144.09,2024-05-20,6.0,25725,486
6322,Meta Ads,Brand Awareness Q1,271.83,2024-05-20,16.99,4103,1702
6323,Google Ads,Partner Referral,282.87,2024-05-20,28.29,26453,881
6324,LinkedIn,Summer Growth,795.16,2024-05-20,56.8,734,863
6325,Organic,Inbound SEO,137.05,2024-05-20,9.79,38079,1966
6326,Google Ads,Brand Awareness Q1,340.71,2024-05-20,20.04,34246,1660
6327,Organic,Brand Awareness Q1,153.71,2024-05-20,8.54,43261,1029
6328,Referral,Cold Outbound,149.68,2024-05-20,7.88,35230,1500
6329,Email,Brand Awareness Q1,106.92,2024-05-20,8.22,20167,1613
6330,Meta Ads,Summer Growth,250.24,2024-05-20,17.87,35788,1278
6331,Meta Ads,End of Year Push,199.92,2024-05-20,11.11,44370,626
6332,Referral,Retargeting Wave,138.01,2024-05-20,7.67,35982,1904
6333,LinkedIn,Brand Awareness Q1,722.4,2024-05-20,40.13,48642,946
6334,Direct,Brand Awareness Q1,120.22,2024-05-20,10.93,39261,1579
6335,LinkedIn,Summer Growth,496.28,2024-05-20,31.02,46384,772
6336,Referral,Product Launch,111.16,2024-05-20,6.54,24601,1551
6337,LinkedIn,Partner Referral,598.61,2024-05-21,42.76,3580,784
6338,Organic,Summer Growth,151.01,2024-05-21,7.19,13305,1751
6339,Google Ads,End of Year Push,333.66,2024-05-21,33.37,30688,546
6340,Organic,Inbound SEO,175.56,2024-05-21,8.78,36604,1338
6341,Organic,Inbound SEO,154.27,2024-05-21,7.01,3098,1548
6342,LinkedIn,Summer Growth,764.92,2024-05-21,42.5,44845,119
6343,Referral,End of Year Push,96.97,2024-05-21,8.82,28576,364
6344,LinkedIn,Inbound SEO,520.41,2024-05-21,26.02,12570,303
6345,Referral,End of Year Push,98.33,2024-05-21,6.56,24724,965
6346,Organic,Brand Awareness Q1,167.79,2024-05-21,9.32,32442,685
6347,LinkedIn,End of Year Push,737.04,2024-05-21,29.48,28340,55
6348,Google Ads,Cold Outbound,269.91,2024-05-21,22.49,44208,1409
6349,Meta Ads,Retargeting Wave,184.65,2024-05-21,9.72,26804,684
6350,Referral,End of Year Push,102.91,2024-05-21,9.36,44779,1775
6351,Organic,Brand Awareness Q1,143.9,2024-05-21,6.26,2446,80
6352,Referral,Partner Referral,127.15,2024-05-21,14.13,36488,1225
6353,Google Ads,End of Year Push,288.96,2024-05-21,16.05,38911,1623
6354,Organic,Cold Outbound,141.84,2024-05-21,14.18,27139,1485
6355,LinkedIn,Inbound SEO,779.08,2024-05-21,37.1,14045,553
6356,Google Ads,Summer Growth,305.25,2024-05-21,38.16,49674,1476
6357,LinkedIn,Product Launch,745.4,2024-05-22,53.24,5057,418
6358,Organic,Partner Referral,133.68,2024-05-22,5.81,10955,925
6359,Meta Ads,Brand Awareness Q1,241.76,2024-05-22,9.67,6159,891
6360,Meta Ads,Inbound SEO,185.91,2024-05-22,23.24,14082,1533
6361,LinkedIn,Brand Awareness Q1,789.36,2024-05-22,39.47,10055,1089
6362,LinkedIn,Brand Awareness Q1,570.2,2024-05-22,35.64,9454,647
6363,Referral,Summer Growth,118.81,2024-05-22,11.88,43702,932
6364,Meta Ads,End of Year Push,258.16,2024-05-22,19.86,5281,1715
6365,Organic,End of Year Push,138.75,2024-05-22,6.94,32977,1177
6366,Google Ads,End of Year Push,312.25,2024-05-22,19.52,25843,825
6367,Direct,Partner Referral,197.12,2024-05-22,9.86,35297,313
6368,LinkedIn,Brand Awareness Q1,469.06,2024-05-22,20.39,14181,1016
6369,Organic,Cold Outbound,174.04,2024-05-22,7.57,19547,1785
6370,Google Ads,End of Year Push,395.35,2024-05-22,16.47,43994,749
6371,Organic,Product Launch,151.09,2024-05-22,7.95,44564,973
6372,Organic,Inbound SEO,135.94,2024-05-22,7.15,17127,385
6373,Meta Ads,Cold Outbound,231.41,2024-05-22,14.46,11769,249
6374,Organic,Brand Awareness Q1,135.99,2024-05-23,7.16,18948,1455
6375,Referral,Retargeting Wave,138.94,2024-05-23,5.79,39170,1096
6376,Organic,Partner Referral,172.63,2024-05-23,19.18,35607,108
6377,Referral,End of Year Push,112.81,2024-05-23,7.52,43728,1490
6378,LinkedIn,Inbound SEO,643.36,2024-05-23,32.17,30085,1611
6379,Referral,Brand Awareness Q1,109.66,2024-05-23,13.71,46651,566
6380,Organic,End of Year Push,122.39,2024-05-23,5.83,49666,737
6381,Google Ads,Retargeting Wave,372.21,2024-05-23,26.59,45188,1588
6382,Organic,Brand Awareness Q1,165.83,2024-05-23,8.73,14727,1954
6383,Referral,Cold Outbound,96.19,2024-05-23,9.62,45637,843
6384,Meta Ads,Cold Outbound,185.7,2024-05-23,7.43,4551,755
6385,LinkedIn,Retargeting Wave,730.91,2024-05-23,45.68,23308,1662
6386,Organic,Product Launch,130.29,2024-05-23,8.14,38533,270
6387,Google Ads,Cold Outbound,241.07,2024-05-23,15.07,21887,1221
6388,Organic,End of Year Push,159.05,2024-05-23,14.46,47174,131
6389,Google Ads,Partner Referral,382.21,2024-05-24,15.93,26701,1703
6390,LinkedIn,Partner Referral,539.94,2024-05-24,53.99,36530,1961
6391,Google Ads,Inbound SEO,253.24,2024-05-24,11.01,4598,582
6392,Organic,Cold Outbound,149.94,2024-05-24,8.82,44453,1517
6393,Organic,Partner Referral,139.61,2024-05-24,9.97,9000,892
6394,Direct,Partner Referral,184.39,2024-05-24,13.17,2589,419
6395,Direct,Cold Outbound,134.01,2024-05-24,5.36,48779,898
6396,Google Ads,Cold Outbound,277.23,2024-05-24,11.09,25636,908
6397,Google Ads,Partner Referral,384.24,2024-05-24,48.03,14847,1936
6398,Organic,Product Launch,125.79,2024-05-24,7.86,21572,1200
6399,Google Ads,Retargeting Wave,297.27,2024-05-24,12.92,40559,1233
6400,Direct,Retargeting Wave,185.77,2024-05-24,11.61,45677,1505
6401,Organic,Summer Growth,160.7,2024-05-24,7.65,34100,466
6402,LinkedIn,Partner Referral,618.3,2024-05-24,51.52,35441,1255
6403,LinkedIn,End of Year Push,628.87,2024-05-25,27.34,7682,106
6404,Google Ads,Product Launch,307.01,2024-05-25,21.93,15302,1463
6405,LinkedIn,Cold Outbound,457.11,2024-05-25,30.47,10483,1942
6406,Meta Ads,Product Launch,314.44,2024-05-25,19.65,12959,1481
6407,Direct,Inbound SEO,148.94,2024-05-25,5.96,49222,1510
6408,LinkedIn,Product Launch,485.92,2024-05-25,25.57,38074,849
6409,Direct,Cold Outbound,161.43,2024-05-25,16.14,33499,804
6410,Organic,Cold Outbound,136.1,2024-05-25,6.19,31020,1758
6411,Organic,Inbound SEO,132.15,2024-05-25,9.44,34815,153
6412,Meta Ads,Cold Outbound,236.22,2024-05-25,9.84,49717,857
6413,Referral,Summer Growth,87.79,2024-05-25,6.75,37105,522
6414,LinkedIn,Retargeting Wave,548.17,2024-05-25,60.91,9059,938
6415,LinkedIn,End of Year Push,737.37,2024-05-25,40.97,43864,1187
6416,Referral,Cold Outbound,117.95,2024-05-25,6.94,42060,1360
6417,Organic,Brand Awareness Q1,158.73,2024-05-25,6.61,21146,1637
6418,Direct,Brand Awareness Q1,129.02,2024-05-25,7.59,40541,1609
6419,Google Ads,Product Launch,280.17,2024-05-25,11.67,32964,845
6420,Direct,Partner Referral,166.97,2024-05-26,7.59,21198,515
6421,Referral,Summer Growth,108.65,2024-05-26,6.39,22947,1371
6422,Organic,Product Launch,155.5,2024-05-26,9.15,6210,1814
6423,Email,End of Year Push,71.99,2024-05-26,3.13,13850,435
6424,Referral,Retargeting Wave,147.46,2024-05-26,16.38,34608,247
6425,LinkedIn,Retargeting Wave,554.73,2024-05-26,22.19,37892,173
6426,Referral,Retargeting Wave,90.21,2024-05-26,7.52,31142,528
6427,Google Ads,Product Launch,333.05,2024-05-26,33.3,21187,1025
6428,Email,Retargeting Wave,90.41,2024-05-26,5.65,47130,1137
6429,Referral,Partner Referral,91.42,2024-05-26,9.14,11492,75
6430,Referral,Cold Outbound,101.92,2024-05-26,12.74,2832,296
6431,Meta Ads,Retargeting Wave,232.73,2024-05-26,11.08,49838,813
6432,Organic,Product Launch,179.5,2024-05-26,14.96,23617,880
6433,Organic,Cold Outbound,137.43,2024-05-26,6.54,10546,1766
6434,LinkedIn,Brand Awareness Q1,504.68,2024-05-26,24.03,27936,1941
6435,Google Ads,Partner Referral,298.73,2024-05-26,14.23,32965,160
6436,Direct,Brand Awareness Q1,144.04,2024-05-26,6.55,3580,187
6437,Referral,Inbound SEO,119.62,2024-05-26,6.3,32191,1641
6438,Email,Product Launch,74.02,2024-05-27,4.11,46418,977
6439,Meta Ads,Cold Outbound,276.29,2024-05-27,27.63,7238,1023
6440,LinkedIn,Inbound SEO,475.11,2024-05-27,23.76,40985,268
6441,LinkedIn,Cold Outbound,701.24,2024-05-27,28.05,5800,1076
6442,Meta Ads,Summer Growth,292.24,2024-05-27,15.38,36535,1257
6443,Referral,Partner Referral,116.99,2024-05-27,9.75,15956,1282
6444,Organic,Brand Awareness Q1,151.1,2024-05-27,6.3,42958,998
6445,Organic,Summer Growth,141.84,2024-05-27,7.47,26864,1747
6446,Referral,Brand Awareness Q1,133.31,2024-05-27,14.81,1719,579
6447,Direct,Summer Growth,170.69,2024-05-27,10.04,3420,939
6448,LinkedIn,Inbound SEO,763.51,2024-05-27,84.83,4109,446
6449,Direct,Partner Referral,192.14,2024-05-27,19.21,20330,916
6450,Referral,Brand Awareness Q1,121.23,2024-05-27,10.1,30639,1347
6451,Google Ads,End of Year Push,274.76,2024-05-27,12.49,43023,917
6452,Organic,Retargeting Wave,134.22,2024-05-27,5.84,770,240
6453,Email,Brand Awareness Q1,83.63,2024-05-27,4.4,27166,1901
6454,LinkedIn,Product Launch,767.34,2024-05-27,63.95,26907,844
6455,Meta Ads,Partner Referral,305.26,2024-05-27,25.44,3921,242
6456,Email,Product Launch,73.93,2024-05-28,6.72,16980,1515
6457,Meta Ads,End of Year Push,249.9,2024-05-28,31.24,10149,1493
6458,Meta Ads,Product Launch,235.16,2024-05-28,9.8,7680,216
6459,Meta Ads,Partner Referral,208.3,2024-05-28,8.68,36102,725
6460,Organic,End of Year Push,155.39,2024-05-28,8.18,33567,432
6461,LinkedIn,Retargeting Wave,537.37,2024-05-28,24.43,34904,1931
6462,Meta Ads,Product Launch,278.02,2024-05-28,16.35,22210,1453
6463,LinkedIn,Cold Outbound,493.6,2024-05-28,19.74,7893,1532
6464,Organic,Cold Outbound,154.08,2024-05-28,12.84,13455,1610
6465,Organic,End of Year Push,151.13,2024-05-28,11.63,46611,1482
6466,Referral,Summer Growth,102.37,2024-05-28,7.31,35224,1017
6467,Organic,Retargeting Wave,175.36,2024-05-28,10.32,2261,1682
6468,Direct,Cold Outbound,168.92,2024-05-28,9.38,23561,443
6469,Organic,End of Year Push,178.81,2024-05-28,8.51,41104,133
6470,Referral,Product Launch,82.39,2024-05-28,4.85,38764,1307
6471,Direct,Summer Growth,127.74,2024-05-28,15.97,45723,1012
6472,Referral,Cold Outbound,113.04,2024-05-28,4.71,37525,911
6473,Meta Ads,End of Year Push,229.88,2024-05-29,11.49,1175,51
6474,Google Ads,Inbound SEO,364.12,2024-05-29,21.42,22902,1070
6475,LinkedIn,Inbound SEO,498.89,2024-05-29,33.26,31042,489
6476,Meta Ads,Partner Referral,203.27,2024-05-29,10.7,13680,973
6477,Organic,Cold Outbound,138.74,2024-05-29,12.61,11210,1928
6478,Organic,Inbound SEO,174.47,2024-05-29,17.45,19512,1379
6479,Referral,Partner Referral,142.77,2024-05-29,10.98,3548,173
6480,Meta Ads,Inbound SEO,288.71,2024-05-29,12.03,24993,532
6481,Referral,Brand Awareness Q1,132.11,2024-05-29,11.01,39920,1042
6482,Direct,Inbound SEO,150.8,2024-05-29,10.05,33765,1656
6483,LinkedIn,Partner Referral,615.26,2024-05-29,38.45,2801,206
6484,Organic,Retargeting Wave,171.71,2024-05-29,6.87,38165,852
6485,Referral,Product Launch,118.97,2024-05-29,5.67,15090,1903
6486,Meta Ads,Retargeting Wave,265.2,2024-05-29,13.26,5037,62
6487,Google Ads,End of Year Push,386.6,2024-05-29,35.15,36267,1909
6488,Organic,Cold Outbound,160.03,2024-05-29,9.41,2181,720
6489,Organic,Inbound SEO,164.38,2024-05-29,14.94,22352,1248
6490,Google Ads,Brand Awareness Q1,242.04,2024-05-30,16.14,22133,909
6491,LinkedIn,Cold Outbound,798.72,2024-05-30,99.84,25747,204
6492,Organic,Brand Awareness Q1,141.72,2024-05-30,12.88,32315,1700
6493,Organic,Inbound SEO,176.19,2024-05-30,11.75,29390,355
6494,Meta Ads,Cold Outbound,193.45,2024-05-30,12.09,898,1192
6495,LinkedIn,Cold Outbound,633.56,2024-05-30,28.8,24323,1395
6496,Organic,Summer Growth,167.02,2024-05-30,8.79,48835,1808
6497,Google Ads,Summer Growth,391.12,2024-05-30,18.62,20092,489
6498,LinkedIn,Product Launch,691.39,2024-05-30,28.81,35532,531
6499,Google Ads,Cold Outbound,366.38,2024-05-30,45.8,3156,1264
6500,Meta Ads,Partner Referral,298.78,2024-05-30,11.95,9498,1625
6501,Meta Ads,Cold Outbound,304.29,2024-05-31,16.02,32582,1949
6502,Organic,Cold Outbound,160.44,2024-05-31,12.34,42042,1635
6503,LinkedIn,Cold Outbound,468.19,2024-05-31,26.01,45958,1943
6504,Google Ads,Partner Referral,315.74,2024-05-31,28.7,25373,698
6505,Referral,End of Year Push,97.65,2024-05-31,12.21,2925,1549
6506,Referral,Product Launch,94.3,2024-05-31,7.25,1925,885
6507,Google Ads,Partner Referral,268.47,2024-05-31,12.78,32488,402
6508,LinkedIn,Partner Referral,625.43,2024-05-31,62.54,39310,1334
6509,Google Ads,Brand Awareness Q1,253.18,2024-05-31,19.48,33473,1486
6510,LinkedIn,Partner Referral,773.31,2024-05-31,55.24,47806,1587
6511,Meta Ads,Partner Referral,180.64,2024-05-31,10.63,39578,1836
6512,LinkedIn,Brand Awareness Q1,503.78,2024-05-31,33.59,5384,759
6513,Organic,Product Launch,173.41,2024-05-31,8.26,21171,1365
6514,Referral,Cold Outbound,85.96,2024-05-31,3.91,11942,1241
6515,Direct,Inbound SEO,164.6,2024-05-31,7.48,35315,453
6516,Google Ads,Summer Growth,396.65,2024-05-31,33.05,15083,85
6517,Google Ads,Inbound SEO,275.23,2024-05-31,22.94,28393,149
6518,Organic,Summer Growth,158.11,2024-05-31,12.16,16519,1928
6519,Organic,Brand Awareness Q1,132.75,2024-05-31,13.28,41765,340
6520,Organic,End of Year Push,128.17,2024-06-01,6.1,23448,1983
6521,Organic,Brand Awareness Q1,169.45,2024-06-01,16.95,2579,957
6522,Referral,Product Launch,99.09,2024-06-01,11.01,48040,762
6523,LinkedIn,Summer Growth,462.05,2024-06-01,46.2,40330,1337
6524,LinkedIn,Brand Awareness Q1,490.86,2024-06-01,20.45,24845,1335
6525,Organic,Summer Growth,178.3,2024-06-01,9.91,2023,1410
6526,LinkedIn,Product Launch,487.55,2024-06-01,27.09,4405,1768
6527,Organic,Cold Outbound,178.58,2024-06-01,9.92,4430,1117
6528,Organic,Brand Awareness Q1,148.05,2024-06-01,10.58,37600,162
6529,Meta Ads,Brand Awareness Q1,214.48,2024-06-01,9.75,40901,1257
6530,Organic,End of Year Push,156.31,2024-06-01,6.8,7543,1279
6531,Organic,Summer Growth,136.55,2024-06-01,8.03,8512,573
6532,Google Ads,Summer Growth,326.09,2024-06-01,14.18,21344,1589
6533,Google Ads,Inbound SEO,246.74,2024-06-01,9.87,15401,1675
6534,Direct,End of Year Push,153.94,2024-06-01,8.55,39569,183
6535,Referral,End of Year Push,112.73,2024-06-01,5.37,49327,428
6536,Google Ads,Brand Awareness Q1,378.77,2024-06-01,19.94,12506,1616
6537,Organic,Retargeting Wave,131.57,2024-06-01,5.72,22624,77
6538,Referral,Summer Growth,133.11,2024-06-01,5.79,36587,445
6539,Google Ads,Partner Referral,307.47,2024-06-02,19.22,2799,1341
6540,Direct,Inbound SEO,166.95,2024-06-02,6.96,36717,199
6541,Organic,Cold Outbound,142.27,2024-06-02,6.19,6061,1014
6542,Email,Cold Outbound,86.55,2024-06-02,4.56,31456,922
6543,Email,Product Launch,86.0,2024-06-02,3.91,5173,169
6544,Referral,Summer Growth,129.68,2024-06-02,14.41,19181,403
6545,Referral,Brand Awareness Q1,82.31,2024-06-02,3.58,14049,1936
6546,LinkedIn,Partner Referral,572.12,2024-06-02,23.84,9933,1809
6547,Meta Ads,Cold Outbound,225.06,2024-06-02,9.0,1886,69
6548,LinkedIn,Partner Referral,775.87,2024-06-02,70.53,28606,1288
6549,Organic,Inbound SEO,169.29,2024-06-02,11.29,17579,1512
6550,Meta Ads,Cold Outbound,224.05,2024-06-02,13.18,34899,253
6551,Google Ads,End of Year Push,388.23,2024-06-02,24.26,18896,891
6552,LinkedIn,Partner Referral,508.85,2024-06-02,39.14,27636,1629
6553,Organic,Summer Growth,173.63,2024-06-02,7.23,7547,1513
6554,Referral,End of Year Push,117.4,2024-06-02,8.39,18804,1922
6555,LinkedIn,Retargeting Wave,665.5,2024-06-02,66.55,21396,1925
6556,Google Ads,Product Launch,268.85,2024-06-02,12.22,30722,1014
6557,Email,End of Year Push,87.23,2024-06-02,4.59,35456,1314
6558,LinkedIn,Partner Referral,739.46,2024-06-02,67.22,26208,97
6559,Organic,Summer Growth,132.3,2024-06-03,8.82,44618,1331
6560,Meta Ads,Cold Outbound,242.28,2024-06-03,11.01,44142,1500
6561,Meta Ads,Product Launch,298.62,2024-06-03,19.91,4329,1226
6562,Organic,Cold Outbound,166.74,2024-06-03,13.9,21442,1185
6563,Google Ads,Brand Awareness Q1,370.51,2024-06-03,46.31,27674,1983
6564,Organic,Retargeting Wave,139.87,2024-06-03,6.66,46689,836
6565,LinkedIn,Brand Awareness Q1,451.31,2024-06-03,21.49,34375,1211
6566,Organic,Product Launch,168.24,2024-06-03,8.85,49059,807
6567,LinkedIn,Cold Outbound,751.58,2024-06-03,53.68,30650,1357
6568,Meta Ads,Brand Awareness Q1,183.58,2024-06-03,11.47,8039,1240
6569,Organic,Summer Growth,179.98,2024-06-03,8.57,45006,1640
6570,Direct,Product Launch,149.58,2024-06-03,10.68,33162,1217
6571,LinkedIn,Brand Awareness Q1,716.43,2024-06-03,89.55,22038,1894
6572,Organic,Brand Awareness Q1,170.43,2024-06-03,15.49,44750,1260
6573,Organic,Partner Referral,127.46,2024-06-03,7.5,29866,90
6574,Google Ads,Inbound SEO,299.63,2024-06-04,33.29,11678,468
6575,Organic,Retargeting Wave,166.81,2024-06-04,10.43,32514,296
6576,Referral,Inbound SEO,143.9,2024-06-04,15.99,14802,1731
6577,Meta Ads,Brand Awareness Q1,225.29,2024-06-04,28.16,32233,575
6578,Meta Ads,Product Launch,211.02,2024-06-04,10.05,35752,346
6579,Referral,Brand Awareness Q1,85.73,2024-06-04,7.14,47520,1665
6580,Referral,Product Launch,143.72,2024-06-04,7.19,11872,148
6581,Meta Ads,Partner Referral,309.17,2024-06-04,13.44,38023,797
6582,LinkedIn,Cold Outbound,622.34,2024-06-04,56.58,48342,1599
6583,Meta Ads,Cold Outbound,303.92,2024-06-04,25.33,24576,82
6584,Referral,Cold Outbound,110.54,2024-06-04,7.37,28275,751
6585,Direct,Retargeting Wave,151.47,2024-06-04,12.62,43679,481
6586,Organic,Summer Growth,140.8,2024-06-04,17.6,41972,1192
6587,Organic,End of Year Push,149.61,2024-06-04,14.96,15449,725
6588,Referral,Brand Awareness Q1,84.97,2024-06-04,6.07,45880,1628
6589,Google Ads,Cold Outbound,355.07,2024-06-04,16.91,24125,1088
6590,Email,End of Year Push,65.15,2024-06-04,2.96,25252,94
6591,Google Ads,Cold Outbound,344.01,2024-06-04,34.4,9167,1999
6592,Google Ads,Cold Outbound,350.23,2024-06-04,18.43,35944,593
6593,Meta Ads,Cold Outbound,265.32,2024-06-04,10.61,10957,1762
6594,Referral,Brand Awareness Q1,109.33,2024-06-04,4.37,13425,602
6595,Direct,End of Year Push,127.32,2024-06-05,7.96,4525,424
6596,Referral,Inbound SEO,116.54,2024-06-05,11.65,4200,1096
6597,Meta Ads,Inbound SEO,195.16,2024-06-05,9.29,25266,1540
6598,LinkedIn,Brand Awareness Q1,559.71,2024-06-05,39.98,49032,1089
6599,Organic,End of Year Push,145.45,2024-06-05,11.19,4497,69
6600,Meta Ads,Partner Referral,282.28,2024-06-05,15.68,19496,527
6601,Google Ads,Product Launch,256.89,2024-06-05,12.84,39489,1248
6602,Organic,Product Launch,156.55,2024-06-05,13.05,17682,1221
6603,Direct,End of Year Push,140.75,2024-06-05,8.28,35558,1062
6604,Meta Ads,Brand Awareness Q1,275.33,2024-06-05,25.03,15037,258
6605,Organic,Partner Referral,157.5,2024-06-05,13.12,17609,794
6606,Organic,Inbound SEO,175.09,2024-06-05,7.61,7461,1166
6607,Direct,Inbound SEO,177.2,2024-06-05,14.77,12319,1824
6608,Meta Ads,Partner Referral,276.86,2024-06-05,11.54,17532,888
6609,Google Ads,Partner Referral,378.59,2024-06-05,19.93,27858,799
6610,Meta Ads,Product Launch,184.55,2024-06-05,18.46,42740,177
6611,Organic,Cold Outbound,146.55,2024-06-05,10.47,28307,663
6612,Google Ads,Summer Growth,319.32,2024-06-05,24.56,5657,1489
6613,Organic,Cold Outbound,156.49,2024-06-05,7.45,42438,1876
6614,Google Ads,Cold Outbound,291.44,2024-06-05,24.29,8443,1439
6615,Organic,Summer Growth,175.41,2024-06-05,17.54,16723,1243
6616,Email,End of Year Push,91.53,2024-06-05,10.17,11563,1662
6617,Referral,Cold Outbound,91.19,2024-06-06,4.34,32333,1534
6618,Organic,Cold Outbound,166.46,2024-06-06,16.65,42647,207
6619,Organic,End of Year Push,141.96,2024-06-06,10.14,27159,895
6620,Meta Ads,Retargeting Wave,300.11,2024-06-06,17.65,40134,338
6621,Meta Ads,Cold Outbound,208.78,2024-06-06,9.08,18793,656
6622,Meta Ads,Retargeting Wave,203.69,2024-06-06,11.32,30092,284
6623,Direct,Inbound SEO,157.23,2024-06-06,8.28,18279,1208
6624,Referral,Retargeting Wave,110.46,2024-06-06,4.8,10810,985
6625,LinkedIn,Summer Growth,464.87,2024-06-06,35.76,36115,239
6626,Meta Ads,Summer Growth,195.45,2024-06-06,9.77,38898,1258
6627,Email,Retargeting Wave,109.99,2024-06-06,6.47,12642,1373
6628,Direct,Partner Referral,118.82,2024-06-06,8.49,11876,607
6629,Meta Ads,Retargeting Wave,306.42,2024-06-06,23.57,38833,1445
6630,LinkedIn,Inbound SEO,580.02,2024-06-06,36.25,31263,1995
6631,Organic,Cold Outbound,122.98,2024-06-07,8.2,6279,834
6632,Meta Ads,Partner Referral,255.15,2024-06-07,10.21,12379,602
6633,Organic,Cold Outbound,157.12,2024-06-07,7.14,26173,1470
6634,Meta Ads,Product Launch,224.79,2024-06-07,8.99,15050,1232
6635,Organic,Inbound SEO,148.83,2024-06-07,16.54,24260,1078
6636,Meta Ads,Retargeting Wave,311.79,2024-06-07,12.99,12519,614
6637,Google Ads,Summer Growth,287.29,2024-06-07,28.73,35167,1118
6638,Organic,Retargeting Wave,133.94,2024-06-07,6.7,30111,143
6639,LinkedIn,Partner Referral,597.93,2024-06-07,42.71,35882,1675
6640,Google Ads,Summer Growth,278.17,2024-06-07,34.77,45788,861
6641,Organic,Cold Outbound,170.98,2024-06-07,13.15,5119,1201
6642,Google Ads,Product Launch,329.76,2024-06-07,16.49,4751,868
6643,Organic,Retargeting Wave,122.76,2024-06-08,6.14,19221,1302
6644,Meta Ads,Brand Awareness Q1,225.74,2024-06-08,20.52,31697,761
6645,Email,Brand Awareness Q1,109.23,2024-06-08,13.65,5229,980
6646,Google Ads,End of Year Push,243.93,2024-06-08,13.55,29984,1172
6647,Organic,Cold Outbound,125.62,2024-06-08,5.46,2066,205
6648,Referral,End of Year Push,131.27,2024-06-08,9.38,34635,1063
6649,Meta Ads,End of Year Push,198.92,2024-06-08,15.3,39441,304
6650,Direct,Summer Growth,182.36,2024-06-08,18.24,43485,1183
6651,Direct,Brand Awareness Q1,127.8,2024-06-08,14.2,32988,566
6652,Organic,Product Launch,128.6,2024-06-08,5.14,48144,1340
6653,Google Ads,End of Year Push,266.75,2024-06-08,11.6,25695,134
6654,Direct,End of Year Push,163.12,2024-06-08,9.06,25208,1020
6655,Direct,Retargeting Wave,159.28,2024-06-08,13.27,19225,1727
6656,Meta Ads,Product Launch,300.09,2024-06-09,14.29,19279,1959
6657,Meta Ads,End of Year Push,250.21,2024-06-09,16.68,14871,674
6658,LinkedIn,Partner Referral,505.51,2024-06-09,56.17,45479,1426
6659,Organic,Cold Outbound,128.17,2024-06-09,7.12,25106,255
6660,Meta Ads,Inbound SEO,304.55,2024-06-09,12.69,14532,675
6661,LinkedIn,Summer Growth,685.01,2024-06-09,31.14,14850,101
6662,LinkedIn,Summer Growth,731.79,2024-06-09,30.49,49753,220
6663,LinkedIn,Product Launch,651.01,2024-06-09,38.29,48444,1913
6664,Referral,Summer Growth,89.96,2024-06-09,6.92,39792,945
6665,Email,Cold Outbound,81.37,2024-06-09,4.28,11047,331
6666,Meta Ads,Product Launch,251.16,2024-06-09,31.39,41105,501
6667,Meta Ads,Brand Awareness Q1,287.57,2024-06-09,35.95,40223,410
6668,LinkedIn,Cold Outbound,592.63,2024-06-09,23.71,24600,1750
6669,Organic,Inbound SEO,176.37,2024-06-09,11.02,48687,1266
6670,Google Ads,Retargeting Wave,283.74,2024-06-09,23.64,39851,1900
6671,LinkedIn,Cold Outbound,772.5,2024-06-09,64.38,28573,1201
6672,Organic,End of Year Push,167.53,2024-06-09,10.47,35429,486
6673,Organic,Inbound SEO,160.41,2024-06-09,7.29,42306,1345
6674,Referral,Cold Outbound,140.62,2024-06-09,5.62,22800,239
6675,Organic,Summer Growth,155.65,2024-06-10,14.15,26019,725
6676,Organic,Partner Referral,128.71,2024-06-10,8.04,23198,1971
6677,Google Ads,Partner Referral,358.79,2024-06-10,16.31,23568,1768
6678,Google Ads,Summer Growth,296.69,2024-06-10,12.9,6634,790
6679,LinkedIn,End of Year Push,480.4,2024-06-10,32.03,15344,525
6680,Google Ads,Inbound SEO,266.7,2024-06-10,14.82,1621,300
6681,Organic,Retargeting Wave,165.73,2024-06-10,15.07,4106,1497
6682,LinkedIn,Summer Growth,705.05,2024-06-10,70.5,15770,953
6683,Organic,Brand Awareness Q1,159.71,2024-06-10,13.31,9170,115
6684,Organic,End of Year Push,176.56,2024-06-10,7.06,11965,1790
6685,Organic,Brand Awareness Q1,145.81,2024-06-10,7.29,35820,856
6686,LinkedIn,Partner Referral,754.93,2024-06-10,35.95,15597,51
6687,Referral,Partner Referral,81.15,2024-06-10,4.77,36147,1155
6688,Google Ads,Cold Outbound,276.54,2024-06-10,15.36,28628,1198
6689,Direct,Inbound SEO,157.62,2024-06-10,15.76,6163,86
6690,Organic,Retargeting Wave,176.15,2024-06-10,12.58,34973,1812
6691,Organic,End of Year Push,120.85,2024-06-10,10.07,29550,805
6692,Organic,Partner Referral,157.06,2024-06-10,9.24,33309,1574
6693,Google Ads,Product Launch,379.61,2024-06-10,42.18,46166,1946
6694,Organic,Brand Awareness Q1,134.55,2024-06-10,6.73,21663,1648
6695,Organic,Partner Referral,130.3,2024-06-10,13.03,6905,1404
6696,Meta Ads,Summer Growth,233.22,2024-06-10,23.32,22713,240
6697,Email,Retargeting Wave,83.12,2024-06-10,3.96,22338,1289
6698,Referral,Partner Referral,93.43,2024-06-11,4.92,39488,1017
6699,Meta Ads,Brand Awareness Q1,240.55,2024-06-11,26.73,35040,80
6700,Organic,End of Year Push,147.32,2024-06-11,11.33,11002,902
6701,Organic,Retargeting Wave,120.77,2024-06-11,8.63,37410,215
6702,Organic,Cold Outbound,179.13,2024-06-11,11.94,8213,1854
6703,Referral,Inbound SEO,81.5,2024-06-11,5.82,37343,1110
6704,Meta Ads,End of Year Push,272.36,2024-06-11,24.76,11049,1326
6705,LinkedIn,Retargeting Wave,558.86,2024-06-11,42.99,33456,1846
6706,Referral,Partner Referral,90.14,2024-06-11,8.19,28769,118
6707,Referral,Cold Outbound,81.46,2024-06-11,6.79,49396,1772
6708,Meta Ads,End of Year Push,268.36,2024-06-11,10.73,11734,190
6709,Organic,Summer Growth,164.82,2024-06-11,18.31,6881,791
6710,Referral,Partner Referral,80.4,2024-06-11,8.93,49367,1277
6711,Meta Ads,Cold Outbound,252.06,2024-06-11,31.51,18948,1971
6712,LinkedIn,Brand Awareness Q1,504.05,2024-06-11,22.91,44619,1802
6713,Direct,Partner Referral,183.35,2024-06-11,8.73,44454,1737
6714,Organic,Brand Awareness Q1,178.3,2024-06-12,10.49,22393,461
6715,Organic,Retargeting Wave,163.64,2024-06-12,13.64,9312,1923
6716,Organic,End of Year Push,139.62,2024-06-12,10.74,31488,212
6717,Google Ads,Product Launch,378.08,2024-06-12,19.9,1349,1036
6718,Direct,End of Year Push,181.12,2024-06-12,12.07,8848,1642
6719,Meta Ads,Brand Awareness Q1,315.16,2024-06-12,19.7,20727,1725
6720,Referral,End of Year Push,98.16,2024-06-12,9.82,32977,1962
6721,Direct,Retargeting Wave,179.34,2024-06-12,12.81,27709,68
6722,Referral,Summer Growth,85.15,2024-06-12,4.05,47347,1099
6723,Meta Ads,Partner Referral,284.38,2024-06-12,18.96,48729,113
6724,Direct,Product Launch,120.01,2024-06-12,10.0,43595,697
6725,Meta Ads,End of Year Push,256.33,2024-06-12,12.82,14166,1278
6726,Organic,Summer Growth,169.46,2024-06-12,12.1,34142,1308
6727,Meta Ads,Product Launch,194.26,2024-06-12,10.79,29444,1187
6728,Meta Ads,End of Year Push,204.26,2024-06-12,13.62,44905,1799
6729,Referral,Inbound SEO,144.41,2024-06-12,6.02,28639,329
6730,Organic,Product Launch,178.9,2024-06-12,14.91,15422,1738
6731,Google Ads,Product Launch,361.85,2024-06-12,17.23,20298,205
6732,Organic,Retargeting Wave,135.51,2024-06-12,11.29,13102,1881
6733,Organic,Partner Referral,142.86,2024-06-12,7.94,49974,946
6734,Meta Ads,Partner Referral,181.76,2024-06-12,16.52,41937,1356
6735,Organic,Cold Outbound,179.01,2024-06-12,11.19,16104,668
6736,Organic,Retargeting Wave,121.68,2024-06-12,8.11,40947,1148
6737,Referral,End of Year Push,145.24,2024-06-12,18.16,16813,1493
6738,Organic,Retargeting Wave,156.28,2024-06-12,7.81,28807,1989
6739,Meta Ads,Product Launch,287.19,2024-06-13,14.36,44074,1821
6740,LinkedIn,Inbound SEO,616.41,2024-06-13,56.04,41775,1333
6741,Organic,Partner Referral,169.61,2024-06-13,8.08,8005,351
6742,Google Ads,Partner Referral,393.07,2024-06-13,15.72,21864,1658
6743,LinkedIn,Partner Referral,609.65,2024-06-13,35.86,28538,1204
6744,Organic,Brand Awareness Q1,145.98,2024-06-13,11.23,36553,377
6745,Meta Ads,Retargeting Wave,311.75,2024-06-13,14.85,40773,1591
6746,Google Ads,Product Launch,354.44,2024-06-13,19.69,47288,645
6747,Referral,End of Year Push,112.75,2024-06-13,6.63,19827,1711
6748,Meta Ads,Product Launch,258.19,2024-06-13,28.69,3633,273
6749,Organic,End of Year Push,159.77,2024-06-13,8.41,10935,1544
6750,LinkedIn,End of Year Push,632.78,2024-06-13,27.51,8959,1433
6751,Google Ads,Brand Awareness Q1,380.35,2024-06-13,22.37,27994,1581
6752,Google Ads,Inbound SEO,392.77,2024-06-13,30.21,4858,1392
6753,Meta Ads,Inbound SEO,188.65,2024-06-13,8.2,9314,824
6754,Referral,End of Year Push,111.82,2024-06-13,12.42,3611,347
6755,LinkedIn,Brand Awareness Q1,467.14,2024-06-13,29.2,13008,461
6756,Organic,Cold Outbound,167.45,2024-06-13,20.93,47835,107
6757,LinkedIn,Summer Growth,495.56,2024-06-13,26.08,13285,419
6758,Organic,Brand Awareness Q1,152.6,2024-06-13,8.48,24780,743
6759,Organic,Product Launch,168.09,2024-06-13,7.31,8544,1191
6760,Organic,Summer Growth,143.05,2024-06-14,5.72,24503,633
6761,Google Ads,Partner Referral,326.92,2024-06-14,16.35,29988,1877
6762,LinkedIn,Partner Referral,544.82,2024-06-14,45.4,42205,1303
6763,Referral,Partner Referral,147.43,2024-06-14,8.19,4615,867
6764,Google Ads,Partner Referral,261.17,2024-06-14,14.51,16888,1922
6765,Meta Ads,Brand Awareness Q1,207.57,2024-06-14,12.97,11266,1657
6766,LinkedIn,Summer Growth,725.09,2024-06-14,38.16,9966,532
6767,Meta Ads,Cold Outbound,241.39,2024-06-14,26.82,2261,62
6768,Meta Ads,Inbound SEO,227.75,2024-06-14,25.31,27162,1354
6769,Meta Ads,Cold Outbound,292.79,2024-06-14,14.64,16241,1418
6770,Organic,Summer Growth,171.74,2024-06-14,13.21,13224,1867
6771,Google Ads,End of Year Push,287.54,2024-06-14,20.54,28691,145
6772,Direct,End of Year Push,115.46,2024-06-14,5.02,27558,164
6773,Organic,Cold Outbound,168.18,2024-06-14,18.69,29707,554
6774,Meta Ads,Partner Referral,306.05,2024-06-14,12.24,3341,545
6775,Organic,Cold Outbound,170.07,2024-06-15,8.1,1564,969
6776,LinkedIn,Partner Referral,454.94,2024-06-15,21.66,1929,140
6777,Google Ads,End of Year Push,334.68,2024-06-15,33.47,38767,1236
6778,Google Ads,Retargeting Wave,396.87,2024-06-15,24.8,40688,1503
6779,LinkedIn,Partner Referral,678.55,2024-06-15,67.85,24354,1314
6780,Organic,Cold Outbound,167.42,2024-06-15,6.7,10470,903
6781,LinkedIn,Inbound SEO,498.79,2024-06-15,27.71,22333,962
6782,Referral,Summer Growth,141.68,2024-06-15,8.86,47625,756
6783,Email,Brand Awareness Q1,117.44,2024-06-15,4.89,42025,1304
6784,Organic,End of Year Push,143.03,2024-06-15,6.81,15765,594
6785,Organic,Partner Referral,158.71,2024-06-15,15.87,27765,1208
6786,Organic,End of Year Push,134.72,2024-06-15,8.98,25252,461
6787,Google Ads,Product Launch,367.01,2024-06-15,14.68,2535,600
6788,LinkedIn,Partner Referral,516.1,2024-06-15,32.26,18677,596
6789,Referral,Summer Growth,134.86,2024-06-15,6.74,20290,1248
6790,Email,Summer Growth,84.95,2024-06-15,4.72,10860,1351
6791,Meta Ads,Inbound SEO,257.22,2024-06-15,23.38,24200,895
6792,Meta Ads,Brand Awareness Q1,271.22,2024-06-15,11.79,45786,1743
6793,Meta Ads,Cold Outbound,259.96,2024-06-15,32.49,28260,83
6794,LinkedIn,Summer Growth,797.44,2024-06-15,66.45,23043,950
6795,Referral,Product Launch,107.5,2024-06-16,4.48,47804,389
6796,Direct,Cold Outbound,126.55,2024-06-16,12.65,20952,1024
6797,Organic,Inbound SEO,144.58,2024-06-16,7.23,22083,117
6798,Email,Brand Awareness Q1,108.35,2024-06-16,8.33,7916,1441
6799,Meta Ads,Cold Outbound,243.12,2024-06-16,11.58,20385,1680
6800,LinkedIn,Retargeting Wave,452.45,2024-06-16,18.1,27346,1407
6801,Organic,Partner Referral,144.21,2024-06-16,14.42,9786,685
6802,Google Ads,Partner Referral,261.52,2024-06-16,13.76,4710,338
6803,Referral,Product Launch,84.65,2024-06-16,3.53,48004,1339
6804,Organic,Summer Growth,142.92,2024-06-16,8.93,12233,1930
6805,Organic,Retargeting Wave,151.55,2024-06-16,6.59,19309,837
6806,Meta Ads,Summer Growth,253.0,2024-06-16,18.07,28171,1130
6807,Organic,Brand Awareness Q1,136.45,2024-06-16,8.53,17970,1552
6808,Google Ads,Brand Awareness Q1,385.31,2024-06-16,42.81,49334,1356
6809,LinkedIn,Cold Outbound,776.35,2024-06-16,64.7,40505,241
6810,Google Ads,Summer Growth,282.66,2024-06-16,23.56,7659,419
6811,LinkedIn,Inbound SEO,792.3,2024-06-16,33.01,33408,1967
6812,LinkedIn,End of Year Push,551.97,2024-06-17,27.6,41999,1345
6813,LinkedIn,End of Year Push,508.94,2024-06-17,50.89,15022,1458
6814,Google Ads,Brand Awareness Q1,280.84,2024-06-17,12.77,34063,191
6815,LinkedIn,Inbound SEO,506.04,2024-06-17,42.17,7609,1257
6816,LinkedIn,Inbound SEO,640.44,2024-06-17,49.26,9277,390
6817,Direct,Summer Growth,121.82,2024-06-17,7.17,12637,1787
6818,Organic,Retargeting Wave,124.76,2024-06-17,5.42,38643,1466
6819,Meta Ads,Brand Awareness Q1,282.07,2024-06-17,17.63,41385,1549
6820,LinkedIn,End of Year Push,650.02,2024-06-17,65.0,47091,1960
6821,Organic,Brand Awareness Q1,142.73,2024-06-17,7.93,15572,1243
6822,Google Ads,End of Year Push,366.97,2024-06-17,28.23,34209,617
6823,Google Ads,Product Launch,343.1,2024-06-17,24.51,35610,988
6824,LinkedIn,Retargeting Wave,772.26,2024-06-17,55.16,5526,56
6825,Google Ads,Summer Growth,331.5,2024-06-17,20.72,35070,973
6826,Google Ads,Cold Outbound,284.98,2024-06-17,20.36,796,1846
6827,Organic,Summer Growth,130.01,2024-06-17,5.2,37296,1847
6828,Meta Ads,Partner Referral,303.5,2024-06-17,12.14,13417,352
6829,Referral,Retargeting Wave,90.34,2024-06-17,10.04,5718,285
6830,Google Ads,Brand Awareness Q1,374.84,2024-06-17,37.48,27728,1157
6831,Referral,Cold Outbound,145.6,2024-06-17,9.71,11757,1925
6832,Meta Ads,Cold Outbound,294.12,2024-06-17,15.48,41519,1372
6833,LinkedIn,Cold Outbound,461.2,2024-06-17,38.43,5361,1081
6834,Direct,Brand Awareness Q1,155.66,2024-06-17,7.41,27972,1906
6835,Referral,Inbound SEO,125.01,2024-06-17,5.95,24202,1860
6836,Google Ads,Brand Awareness Q1,284.73,2024-06-17,31.64,10334,941
6837,LinkedIn,Partner Referral,622.58,2024-06-18,62.26,30292,326
6838,Referral,End of Year Push,111.15,2024-06-18,6.18,17478,1847
6839,Organic,Partner Referral,125.62,2024-06-18,11.42,5321,1155
6840,Google Ads,Retargeting Wave,322.75,2024-06-18,24.83,43230,1829
6841,Organic,Product Launch,142.21,2024-06-18,9.48,3878,1964
6842,Organic,Retargeting Wave,137.7,2024-06-18,11.47,10774,1903
6843,Meta Ads,Cold Outbound,237.78,2024-06-18,11.89,41733,258
6844,Google Ads,Summer Growth,305.78,2024-06-18,27.8,35593,812
6845,Meta Ads,Summer Growth,284.45,2024-06-18,35.56,38087,371
6846,Organic,Cold Outbound,170.6,2024-06-18,11.37,29539,1179
6847,Direct,Inbound SEO,143.67,2024-06-18,7.56,44307,1892
6848,Referral,Inbound SEO,142.39,2024-06-18,7.91,32123,388
6849,Meta Ads,Summer Growth,206.73,2024-06-18,13.78,36309,906
6850,Referral,Partner Referral,85.03,2024-06-18,3.7,44959,1912
6851,Referral,End of Year Push,146.24,2024-06-18,6.36,10240,1682
6852,Meta Ads,Brand Awareness Q1,228.23,2024-06-18,11.41,13039,755
6853,LinkedIn,Product Launch,526.66,2024-06-18,47.88,46234,786
6854,Organic,Brand Awareness Q1,175.76,2024-06-18,15.98,11946,1329
6855,Referral,Retargeting Wave,116.89,2024-06-18,4.87,28846,242
6856,Organic,Brand Awareness Q1,125.0,2024-06-18,8.93,21885,1910
6857,Meta Ads,Summer Growth,243.64,2024-06-18,27.07,39163,238
6858,Organic,Retargeting Wave,176.24,2024-06-18,9.79,44556,1238
6859,Organic,Inbound SEO,148.54,2024-06-18,7.43,15296,1118
6860,LinkedIn,Inbound SEO,562.78,2024-06-18,35.17,26121,1169
6861,Direct,Partner Referral,161.99,2024-06-19,12.46,13094,1875
6862,Referral,Brand Awareness Q1,127.54,2024-06-19,9.11,29578,527
6863,Google Ads,Inbound SEO,314.49,2024-06-19,13.67,49832,1716
6864,Organic,Summer Growth,124.19,2024-06-19,4.97,47021,75
6865,Direct,Cold Outbound,178.88,2024-06-19,7.16,15333,488
6866,Referral,Partner Referral,116.85,2024-06-19,11.68,19548,1468
6867,Referral,Retargeting Wave,101.2,2024-06-19,5.33,24380,967
6868,Google Ads,Brand Awareness Q1,275.55,2024-06-19,30.62,9407,890
6869,Referral,Cold Outbound,146.84,2024-06-19,8.64,12471,1021
6870,Google Ads,Retargeting Wave,389.58,2024-06-19,16.23,39517,178
6871,Organic,Product Launch,142.37,2024-06-19,12.94,45018,880
6872,Google Ads,Cold Outbound,365.09,2024-06-19,22.82,18561,974
6873,Google Ads,Inbound SEO,250.51,2024-06-19,10.02,42877,895
6874,Referral,Retargeting Wave,109.2,2024-06-19,8.4,29638,1692
6875,Organic,Product Launch,135.37,2024-06-20,5.64,12905,1769
6876,Referral,Product Launch,140.41,2024-06-20,8.78,2414,1715
6877,Referral,Summer Growth,93.18,2024-06-20,7.77,11123,1854
6878,Direct,End of Year Push,158.05,2024-06-20,7.18,7393,1579
6879,Email,Summer Growth,118.97,2024-06-20,13.22,10234,1767
6880,Referral,Retargeting Wave,97.28,2024-06-20,8.84,20724,1407
6881,Organic,Brand Awareness Q1,161.42,2024-06-20,17.94,37755,669
6882,Organic,Cold Outbound,146.51,2024-06-20,9.16,41386,1348
6883,Direct,End of Year Push,156.73,2024-06-20,13.06,19881,1209
6884,Google Ads,Brand Awareness Q1,255.5,2024-06-20,12.17,46384,1765
6885,LinkedIn,Product Launch,460.8,2024-06-20,27.11,41322,180
6886,Organic,End of Year Push,144.84,2024-06-20,8.52,47784,986
6887,LinkedIn,Cold Outbound,718.61,2024-06-20,34.22,9873,1295
6888,Direct,Partner Referral,127.29,2024-06-20,5.79,40267,477
6889,Direct,Cold Outbound,169.49,2024-06-20,14.12,8228,1964
6890,Referral,Product Launch,142.74,2024-06-20,14.27,42963,1249
6891,LinkedIn,Cold Outbound,780.03,2024-06-20,97.5,47301,1696
6892,Organic,Retargeting Wave,164.44,2024-06-20,8.22,19543,413
6893,Meta Ads,Retargeting Wave,312.94,2024-06-20,16.47,43843,955
6894,Direct,Inbound SEO,119.08,2024-06-20,4.96,48298,990
6895,Organic,End of Year Push,125.24,2024-06-20,6.59,19396,1541
6896,LinkedIn,Partner Referral,559.73,2024-06-20,24.34,18464,704
6897,Google Ads,Retargeting Wave,392.49,2024-06-20,23.09,15205,295
6898,Organic,Summer Growth,174.54,2024-06-20,9.19,25810,209
6899,Organic,End of Year Push,150.0,2024-06-20,10.0,43852,1534
6900,Organic,Retargeting Wave,162.64,2024-06-20,7.74,750,1800
6901,Meta Ads,Cold Outbound,221.0,2024-06-20,13.0,2698,1012
6902,Organic,Brand Awareness Q1,168.8,2024-06-20,15.35,34169,1028
6903,LinkedIn,Summer Growth,661.72,2024-06-20,28.77,40145,1931
6904,Organic,Summer Growth,167.92,2024-06-21,9.33,46300,377
6905,Meta Ads,Summer Growth,277.49,2024-06-21,14.6,48660,1909
6906,Organic,Brand Awareness Q1,139.29,2024-06-21,6.33,42066,1550
6907,Direct,Partner Referral,196.87,2024-06-21,19.69,16155,433
6908,Organic,Partner Referral,123.4,2024-06-21,8.23,11171,1769
6909,Organic,Summer Growth,143.24,2024-06-21,6.51,37396,1325
6910,Direct,Summer Growth,107.96,2024-06-21,10.8,14402,103
6911,Meta Ads,Partner Referral,318.7,2024-06-21,31.87,49875,1636
6912,Meta Ads,Summer Growth,236.69,2024-06-21,10.76,39155,933
6913,Referral,Summer Growth,121.58,2024-06-21,6.08,11848,871
6914,Google Ads,Retargeting Wave,255.13,2024-06-21,25.51,28913,1678
6915,Meta Ads,Inbound SEO,236.98,2024-06-21,10.3,3189,161
6916,Google Ads,Summer Growth,389.1,2024-06-21,32.43,30124,199
6917,LinkedIn,Summer Growth,772.75,2024-06-21,40.67,8582,1633
6918,LinkedIn,Brand Awareness Q1,605.46,2024-06-21,30.27,49953,364
6919,Meta Ads,Partner Referral,195.3,2024-06-21,8.49,13826,1753
6920,Google Ads,Product Launch,330.79,2024-06-22,13.23,17467,345
6921,Google Ads,Summer Growth,323.13,2024-06-22,14.69,33282,1778
6922,Google Ads,Inbound SEO,291.85,2024-06-22,26.53,8891,85
6923,Google Ads,Partner Referral,260.26,2024-06-22,10.84,31708,1844
6924,Organic,Retargeting Wave,120.76,2024-06-22,7.55,41041,1436
6925,Referral,Cold Outbound,138.53,2024-06-22,6.02,7134,1908
6926,LinkedIn,Product Launch,578.45,2024-06-22,25.15,36857,1684
6927,Organic,Inbound SEO,163.75,2024-06-22,6.82,15815,490
6928,LinkedIn,Summer Growth,647.18,2024-06-22,28.14,47956,1412
6929,Meta Ads,Partner Referral,238.77,2024-06-22,14.92,10905,290
6930,Google Ads,Product Launch,252.91,2024-06-22,12.65,4861,64
6931,Meta Ads,Product Launch,189.27,2024-06-22,7.89,47147,359
6932,Meta Ads,Inbound SEO,224.14,2024-06-23,16.01,40273,1210
6933,Referral,Cold Outbound,129.2,2024-06-23,6.15,47380,1333
6934,LinkedIn,Product Launch,529.9,2024-06-23,25.23,49935,1782
6935,Referral,Product Launch,149.68,2024-06-23,7.13,43784,900
6936,Referral,Brand Awareness Q1,110.98,2024-06-23,11.1,17677,1943
6937,Organic,Product Launch,132.13,2024-06-23,5.74,44743,1306
6938,LinkedIn,Brand Awareness Q1,533.77,2024-06-23,24.26,5245,1483
6939,LinkedIn,Product Launch,711.76,2024-06-23,30.95,26770,942
6940,Google Ads,Retargeting Wave,324.56,2024-06-23,13.52,28959,107
6941,LinkedIn,Summer Growth,584.36,2024-06-23,38.96,5718,1500
6942,Organic,Brand Awareness Q1,144.11,2024-06-23,12.01,40668,1487
6943,Referral,Retargeting Wave,90.05,2024-06-23,5.0,8211,464
6944,Email,Partner Referral,81.28,2024-06-23,10.16,39886,1262
6945,Organic,Brand Awareness Q1,159.43,2024-06-23,7.97,36841,196
6946,Organic,Inbound SEO,145.75,2024-06-24,7.67,45497,52
6947,Direct,End of Year Push,164.16,2024-06-24,13.68,28678,401
6948,Email,Brand Awareness Q1,88.49,2024-06-24,4.92,48878,1768
6949,LinkedIn,Product Launch,523.34,2024-06-24,24.92,1159,374
6950,Meta Ads,Partner Referral,218.37,2024-06-24,16.8,19062,1806
6951,Organic,End of Year Push,174.06,2024-06-24,7.91,22510,1268
6952,LinkedIn,Inbound SEO,540.6,2024-06-24,22.53,32174,1786
6953,LinkedIn,End of Year Push,729.07,2024-06-24,91.13,31371,1357
6954,Referral,Inbound SEO,83.02,2024-06-24,4.15,20537,134
6955,LinkedIn,Retargeting Wave,594.41,2024-06-24,54.04,24928,1124
6956,Google Ads,Product Launch,337.67,2024-06-24,19.86,48043,96
6957,LinkedIn,Retargeting Wave,623.4,2024-06-25,56.67,21213,1597
6958,Referral,Inbound SEO,147.9,2024-06-25,18.49,30242,729
6959,Meta Ads,Retargeting Wave,238.07,2024-06-25,11.9,41531,557
6960,Referral,Summer Growth,120.06,2024-06-25,7.06,36867,1683
6961,Organic,Product Launch,143.66,2024-06-25,8.98,47414,1874
6962,Organic,End of Year Push,136.96,2024-06-25,6.85,24475,645
6963,LinkedIn,Summer Growth,477.73,2024-06-25,22.75,3796,153
6964,LinkedIn,Product Launch,697.95,2024-06-25,33.24,45147,727
6965,Direct,Product Launch,142.2,2024-06-25,6.77,25104,325
6966,Google Ads,Summer Growth,376.99,2024-06-25,17.14,36096,1396
6967,Organic,Brand Awareness Q1,138.12,2024-06-25,5.52,40499,1493
6968,Direct,Partner Referral,136.06,2024-06-25,12.37,20082,884
6969,LinkedIn,Summer Growth,679.94,2024-06-25,67.99,38682,505
6970,Referral,Cold Outbound,106.7,2024-06-25,5.62,31885,613
6971,Email,Product Launch,70.23,2024-06-25,2.93,31525,927
6972,Meta Ads,Retargeting Wave,274.96,2024-06-25,16.17,31580,1694
6973,Organic,Retargeting Wave,143.22,2024-06-25,14.32,15407,1883
6974,LinkedIn,Brand Awareness Q1,538.88,2024-06-26,22.45,27227,337
6975,LinkedIn,End of Year Push,632.23,2024-06-26,35.12,48208,1484
6976,Google Ads,Retargeting Wave,317.06,2024-06-26,24.39,31098,114
6977,Meta Ads,Summer Growth,309.36,2024-06-26,23.8,46707,180
6978,Organic,Inbound SEO,167.15,2024-06-26,11.14,22456,489
6979,LinkedIn,Retargeting Wave,701.84,2024-06-26,63.8,11284,1817
6980,Google Ads,Product Launch,304.5,2024-06-26,33.83,28400,1200
6981,Referral,Brand Awareness Q1,107.44,2024-06-26,13.43,46901,361
6982,Meta Ads,Retargeting Wave,226.37,2024-06-26,22.64,5078,1757
6983,Organic,Product Launch,127.14,2024-06-26,15.89,6389,784
6984,Organic,Summer Growth,166.9,2024-06-26,9.27,24712,1837
6985,Referral,Cold Outbound,130.43,2024-06-26,5.93,44449,1868
6986,Organic,Brand Awareness Q1,136.38,2024-06-26,8.02,23951,329
6987,Referral,Partner Referral,117.53,2024-06-26,6.91,48414,934
6988,Meta Ads,Brand Awareness Q1,251.53,2024-06-26,15.72,41396,1470
6989,Google Ads,Inbound SEO,300.91,2024-06-26,27.36,48970,1567
6990,Meta Ads,Retargeting Wave,231.66,2024-06-26,11.58,18623,242
6991,Referral,Summer Growth,114.04,2024-06-26,10.37,8863,392
6992,Organic,Partner Referral,138.18,2024-06-26,9.21,27718,916
6993,Meta Ads,Inbound SEO,204.53,2024-06-26,10.76,18058,1935
6994,Meta Ads,Cold Outbound,285.75,2024-06-27,15.88,12572,1804
6995,Google Ads,Cold Outbound,379.93,2024-06-27,42.21,4220,759
6996,Google Ads,Retargeting Wave,323.81,2024-06-27,19.05,13138,1850
6997,Referral,Brand Awareness Q1,90.22,2024-06-27,3.61,6272,1496
6998,Organic,Partner Referral,122.6,2024-06-27,9.43,40797,1454
6999,Organic,Partner Referral,163.44,2024-06-27,16.34,13263,832
7000,Organic,Brand Awareness Q1,167.58,2024-06-27,20.95,13842,1065
7001,Google Ads,Product Launch,341.57,2024-06-27,31.05,10340,68
7002,LinkedIn,Partner Referral,774.99,2024-06-27,86.11,3722,1470
7003,LinkedIn,Inbound SEO,613.37,2024-06-27,27.88,6610,791
7004,Google Ads,Partner Referral,382.83,2024-06-27,31.9,45737,435
7005,Meta Ads,Partner Referral,219.75,2024-06-27,12.93,27274,1785
7006,Email,Retargeting Wave,97.0,2024-06-27,5.39,30421,1094
7007,Referral,Brand Awareness Q1,123.36,2024-06-27,6.85,8370,1283
7008,LinkedIn,Brand Awareness Q1,773.2,2024-06-27,42.96,39592,1317
7009,Referral,Partner Referral,84.28,2024-06-27,10.54,14603,1732
7010,Organic,Partner Referral,170.39,2024-06-27,14.2,48193,1472
7011,Google Ads,End of Year Push,255.55,2024-06-27,23.23,24368,1796
7012,Organic,Brand Awareness Q1,150.55,2024-06-27,10.04,15370,51
7013,Referral,Partner Referral,91.36,2024-06-27,3.97,31984,907
7014,LinkedIn,Cold Outbound,710.96,2024-06-27,88.87,28346,1973
7015,Google Ads,Brand Awareness Q1,249.06,2024-06-28,24.91,1003,1012
7016,LinkedIn,Partner Referral,763.91,2024-06-28,33.21,11713,410
7017,Google Ads,Inbound SEO,398.31,2024-06-28,20.96,8066,748
7018,Referral,End of Year Push,111.36,2024-06-28,6.96,13804,629
7019,Referral,Summer Growth,86.49,2024-06-28,9.61,3963,527
7020,LinkedIn,Cold Outbound,782.76,2024-06-28,86.97,22425,1857
7021,Meta Ads,Retargeting Wave,271.35,2024-06-28,16.96,16511,1331
7022,Meta Ads,Brand Awareness Q1,248.7,2024-06-28,11.84,14139,873
7023,Referral,End of Year Push,147.05,2024-06-28,11.31,33745,867
7024,LinkedIn,End of Year Push,581.54,2024-06-28,36.35,44685,213
7025,Email,Product Launch,108.45,2024-06-28,5.71,27930,600
7026,Referral,Inbound SEO,125.49,2024-06-28,13.94,28777,1994
7027,Referral,End of Year Push,94.8,2024-06-28,11.85,23127,654
7028,Organic,Partner Referral,163.46,2024-06-28,8.6,7047,615
7029,Meta Ads,Product Launch,233.93,2024-06-28,10.63,9756,744
7030,Google Ads,End of Year Push,397.07,2024-06-28,26.47,2919,177
7031,Meta Ads,Product Launch,268.77,2024-06-28,16.8,5257,237
7032,Meta Ads,Inbound SEO,196.55,2024-06-28,14.04,28617,1973
7033,Meta Ads,Cold Outbound,195.77,2024-06-28,11.52,10773,1658
7034,Organic,Summer Growth,140.53,2024-06-28,10.81,28901,1577
7035,LinkedIn,Brand Awareness Q1,533.1,2024-06-28,23.18,3084,1012
7036,Organic,Inbound SEO,157.01,2024-06-28,8.26,7064,526
7037,Organic,Partner Referral,167.86,2024-06-28,6.71,34603,1971
7038,Referral,Retargeting Wave,93.61,2024-06-29,8.51,9721,511
7039,Organic,Inbound SEO,167.76,2024-06-29,8.39,29944,667
7040,Google Ads,Cold Outbound,314.48,2024-06-29,34.94,40310,859
7041,Google Ads,Inbound SEO,264.9,2024-06-29,12.61,14157,1090
7042,Referral,Brand Awareness Q1,84.75,2024-06-29,6.05,7675,366
7043,Organic,Summer Growth,157.15,2024-06-29,9.24,17853,321
7044,LinkedIn,Summer Growth,639.38,2024-06-29,37.61,22223,1772
7045,Google Ads,Cold Outbound,279.17,2024-06-29,17.45,7226,751
7046,Google Ads,Product Launch,280.19,2024-06-29,14.75,24734,1213
7047,Organic,Summer Growth,128.19,2024-06-29,9.86,41789,69
7048,Meta Ads,Summer Growth,218.48,2024-06-29,12.85,44677,1110
7049,Google Ads,Cold Outbound,337.31,2024-06-29,14.05,12895,318
7050,LinkedIn,Inbound SEO,760.34,2024-06-29,54.31,34629,286
7051,Referral,Summer Growth,133.48,2024-06-29,6.36,28935,1703
7052,Organic,Brand Awareness Q1,136.17,2024-06-29,17.02,48866,1236
7053,Meta Ads,Partner Referral,307.15,2024-06-29,12.29,48612,969
7054,Organic,Summer Growth,148.2,2024-06-29,7.8,45985,227
7055,Meta Ads,Cold Outbound,216.99,2024-06-29,12.76,17473,1679
7056,Organic,Retargeting Wave,123.63,2024-06-29,8.24,42595,234
7057,Email,Product Launch,100.25,2024-06-29,7.71,47205,1741
7058,Google Ads,Product Launch,333.3,2024-06-30,22.22,10693,955
7059,Organic,Inbound SEO,158.06,2024-06-30,17.56,15032,1081
7060,Meta Ads,Cold Outbound,209.23,2024-06-30,9.96,43344,623
7061,Direct,Product Launch,158.47,2024-06-30,11.32,10412,1787
7062,Google Ads,Cold Outbound,356.49,2024-06-30,20.97,12337,372
7063,LinkedIn,Summer Growth,715.56,2024-06-30,35.78,19366,1173
7064,Google Ads,Summer Growth,361.57,2024-06-30,21.27,24051,1915
7065,Google Ads,Product Launch,347.68,2024-06-30,17.38,3119,711
7066,Google Ads,Inbound SEO,320.52,2024-06-30,16.87,23424,1158
7067,Meta Ads,Summer Growth,317.89,2024-06-30,13.25,37605,1603
7068,Direct,Retargeting Wave,121.97,2024-06-30,5.3,30595,1450
7069,Direct,Inbound SEO,127.35,2024-06-30,5.09,22413,483
7070,LinkedIn,Summer Growth,715.61,2024-06-30,65.06,49875,1818
7071,Referral,Brand Awareness Q1,84.92,2024-06-30,3.4,14109,346
7072,LinkedIn,Product Launch,771.87,2024-06-30,70.17,28469,257
7073,Referral,Cold Outbound,143.44,2024-06-30,6.83,9635,780
7074,Direct,Cold Outbound,175.97,2024-06-30,12.57,44990,254
7075,LinkedIn,End of Year Push,501.8,2024-06-30,35.84,6674,343
7076,Google Ads,Product Launch,389.12,2024-06-30,16.21,6758,53
7077,Email,Retargeting Wave,114.17,2024-06-30,4.57,36452,1403
7078,LinkedIn,Brand Awareness Q1,617.71,2024-06-30,32.51,17261,1120
7079,Google Ads,End of Year Push,283.84,2024-06-30,11.35,3978,167
7080,Meta Ads,Partner Referral,233.27,2024-06-30,12.96,34517,1392
7081,Organic,End of Year Push,170.9,2024-06-30,8.54,10701,349
7082,Referral,End of Year Push,96.91,2024-06-30,6.92,25729,615
7083,Referral,Retargeting Wave,120.11,2024-06-30,7.07,28742,1947
7084,Google Ads,Product Launch,389.11,2024-06-30,48.64,24271,665
7085,Meta Ads,Brand Awareness Q1,253.37,2024-06-30,11.52,14417,357
7086,Google Ads,Partner Referral,336.19,2024-07-01,25.86,43831,1367
7087,LinkedIn,Cold Outbound,469.93,2024-07-01,20.43,11354,900
7088,LinkedIn,End of Year Push,577.56,2024-07-01,48.13,3107,1282
7089,LinkedIn,Product Launch,591.68,2024-07-01,26.89,9238,746
7090,Referral,Summer Growth,114.08,2024-07-01,9.51,2941,75
7091,Referral,Cold Outbound,99.9,2024-07-01,5.26,34505,1098
7092,Organic,Product Launch,128.74,2024-07-01,7.57,34093,707
7093,Meta Ads,Summer Growth,211.34,2024-07-01,9.19,34187,1847
7094,Google Ads,Cold Outbound,315.31,2024-07-01,22.52,18398,158
7095,Email,Partner Referral,73.97,2024-07-01,3.22,45970,877
7096,Google Ads,End of Year Push,385.33,2024-07-01,16.75,41754,1725
7097,Organic,Partner Referral,153.94,2024-07-01,6.69,9778,1187
7098,Referral,Cold Outbound,94.2,2024-07-01,8.56,46980,1970
7099,Meta Ads,Retargeting Wave,260.74,2024-07-01,13.04,49085,806
7100,Referral,End of Year Push,86.17,2024-07-01,4.79,32162,1127
7101,Organic,Retargeting Wave,130.46,2024-07-01,5.93,2897,1943
7102,Meta Ads,Partner Referral,222.85,2024-07-01,18.57,25144,338
7103,LinkedIn,Partner Referral,686.6,2024-07-01,40.39,20746,199
7104,Google Ads,Cold Outbound,376.63,2024-07-01,17.12,42034,650
7105,Google Ads,Retargeting Wave,357.18,2024-07-01,32.47,33349,1148
7106,Organic,Brand Awareness Q1,150.92,2024-07-01,6.04,38518,1734
7107,Meta Ads,Brand Awareness Q1,317.07,2024-07-01,22.65,11391,90
7108,Google Ads,Retargeting Wave,302.4,2024-07-02,12.6,4762,1024
7109,Referral,Inbound SEO,146.56,2024-07-02,12.21,22496,1759
7110,LinkedIn,Summer Growth,660.26,2024-07-02,50.79,23523,708
7111,Organic,Brand Awareness Q1,139.26,2024-07-02,9.95,3828,1164
7112,Meta Ads,End of Year Push,291.34,2024-07-02,12.67,27344,153
7113,LinkedIn,Cold Outbound,614.64,2024-07-02,68.29,13536,1819
7114,Organic,Summer Growth,173.0,2024-07-03,9.61,33327,1633
7115,Organic,Brand Awareness Q1,144.25,2024-07-03,10.3,46797,1825
7116,LinkedIn,Inbound SEO,628.82,2024-07-03,26.2,48645,1822
7117,Google Ads,End of Year Push,396.45,2024-07-03,19.82,1978,647
7118,Meta Ads,End of Year Push,266.71,2024-07-03,17.78,26201,331
7119,LinkedIn,Summer Growth,690.11,2024-07-03,31.37,48491,1916
7120,Google Ads,Brand Awareness Q1,309.34,2024-07-03,18.2,47309,1001
7121,Email,Brand Awareness Q1,63.91,2024-07-03,3.2,44639,1329
7122,LinkedIn,End of Year Push,570.89,2024-07-03,57.09,38865,299
7123,Referral,Partner Referral,99.29,2024-07-03,4.51,13637,1644
7124,Organic,Partner Referral,135.17,2024-07-03,9.65,35796,823
7125,Google Ads,Brand Awareness Q1,374.06,2024-07-03,17.0,36446,1463
7126,Referral,Cold Outbound,92.03,2024-07-03,5.75,41112,300
7127,Meta Ads,Inbound SEO,225.56,2024-07-03,9.4,40514,1181
7128,Meta Ads,Summer Growth,210.83,2024-07-03,10.04,47516,346
7129,Meta Ads,Summer Growth,221.13,2024-07-03,13.01,42504,293
7130,Meta Ads,Inbound SEO,286.59,2024-07-03,13.65,8879,536
7131,Organic,End of Year Push,132.38,2024-07-03,12.03,26804,1071
7132,Organic,End of Year Push,122.81,2024-07-04,5.58,9709,1936
7133,Referral,Cold Outbound,101.47,2024-07-04,11.27,48932,1405
7134,Meta Ads,Inbound SEO,215.58,2024-07-04,21.56,13318,157
7135,Meta Ads,Product Launch,225.81,2024-07-04,25.09,42103,66
7136,Organic,Product Launch,156.84,2024-07-04,19.61,24524,1910
7137,Meta Ads,Brand Awareness Q1,301.14,2024-07-04,12.05,13372,1240
7138,LinkedIn,Product Launch,739.22,2024-07-04,35.2,16367,1683
7139,LinkedIn,End of Year Push,779.02,2024-07-04,86.56,33050,1083
7140,Referral,Cold Outbound,96.39,2024-07-04,9.64,42575,888
7141,Referral,Retargeting Wave,90.33,2024-07-04,4.52,7118,350
7142,LinkedIn,Cold Outbound,573.52,2024-07-04,22.94,43989,1402
7143,Organic,End of Year Push,161.68,2024-07-04,11.55,8192,1452
7144,Google Ads,End of Year Push,244.64,2024-07-04,27.18,35846,1510
7145,LinkedIn,Inbound SEO,514.75,2024-07-04,25.74,16264,1879
7146,LinkedIn,Retargeting Wave,794.76,2024-07-04,99.34,11646,1538
7147,Organic,Brand Awareness Q1,132.59,2024-07-04,5.52,1466,1705
7148,Google Ads,Partner Referral,265.69,2024-07-04,26.57,31088,1876
7149,Meta Ads,Product Launch,311.99,2024-07-04,13.0,39125,561
7150,Organic,Inbound SEO,133.15,2024-07-04,8.32,9513,1404
7151,Organic,Summer Growth,164.0,2024-07-04,7.13,45090,1072
7152,Meta Ads,Product Launch,309.61,2024-07-05,28.15,48263,611
7153,Direct,Inbound SEO,147.51,2024-07-05,7.02,22690,946
7154,Referral,Product Launch,113.44,2024-07-05,11.34,45658,571
7155,Referral,Inbound SEO,108.61,2024-07-05,12.07,44957,334
7156,Organic,Brand Awareness Q1,131.24,2024-07-05,6.56,43170,296
7157,Organic,Summer Growth,135.81,2024-07-05,15.09,49494,848
7158,Direct,Product Launch,132.16,2024-07-05,16.52,2126,1448
7159,Meta Ads,Product Launch,285.91,2024-07-05,17.87,17116,785
7160,Organic,Retargeting Wave,125.81,2024-07-05,5.99,22298,556
7161,Referral,Product Launch,80.17,2024-07-05,5.73,49358,1097
7162,LinkedIn,End of Year Push,662.82,2024-07-05,50.99,41474,506
7163,Organic,End of Year Push,164.13,2024-07-05,8.21,29404,950
7164,Referral,Inbound SEO,121.83,2024-07-05,8.7,20039,350
7165,Google Ads,Cold Outbound,363.87,2024-07-05,40.43,8480,443
7166,Referral,Summer Growth,102.18,2024-07-06,7.86,8413,814
7167,Google Ads,Inbound SEO,361.6,2024-07-06,30.13,17807,1195
7168,Meta Ads,Brand Awareness Q1,214.96,2024-07-06,8.96,31467,302
7169,Organic,Partner Referral,165.57,2024-07-06,16.56,36921,1120
7170,Direct,Summer Growth,130.87,2024-07-06,11.9,46564,421
7171,Referral,Product Launch,84.58,2024-07-06,4.23,8534,152
7172,Meta Ads,Brand Awareness Q1,277.79,2024-07-06,13.23,45705,292
7173,Organic,Partner Referral,167.24,2024-07-06,7.27,18029,1975
7174,Google Ads,Cold Outbound,352.71,2024-07-06,16.03,34005,101
7175,Organic,End of Year Push,154.28,2024-07-06,14.03,29058,1686
7176,Organic,End of Year Push,155.64,2024-07-06,9.16,36138,532
7177,Google Ads,Brand Awareness Q1,310.67,2024-07-06,12.43,22888,950
7178,Google Ads,Summer Growth,382.06,2024-07-06,16.61,29500,269
7179,Google Ads,Partner Referral,305.59,2024-07-06,19.1,15945,362
7180,Organic,Partner Referral,135.71,2024-07-06,6.79,15751,268
7181,Referral,Summer Growth,145.8,2024-07-06,8.1,35428,1269
7182,LinkedIn,End of Year Push,450.68,2024-07-06,34.67,25924,464
7183,Google Ads,Product Launch,248.32,2024-07-06,11.82,10820,89
7184,Referral,Retargeting Wave,115.87,2024-07-06,14.48,7802,1700
7185,Direct,Cold Outbound,114.53,2024-07-06,8.18,35868,275
7186,Organic,Cold Outbound,159.52,2024-07-06,10.63,49122,471
7187,LinkedIn,Cold Outbound,513.97,2024-07-06,46.72,22931,1401
7188,Organic,Partner Referral,153.42,2024-07-06,6.67,15833,1308
7189,Organic,Partner Referral,126.19,2024-07-06,5.74,12053,1768
7190,Meta Ads,Inbound SEO,312.31,2024-07-07,12.49,16909,126
7191,Meta Ads,Retargeting Wave,291.01,2024-07-07,19.4,5934,1220
7192,Organic,Inbound SEO,175.87,2024-07-07,7.99,46402,484
7193,Google Ads,Partner Referral,338.99,2024-07-07,15.41,22763,1452
7194,Meta Ads,Brand Awareness Q1,263.25,2024-07-07,26.32,22109,1515
7195,LinkedIn,Product Launch,550.38,2024-07-07,45.87,43848,1336
7196,Meta Ads,Inbound SEO,266.86,2024-07-07,14.05,31670,982
7197,Referral,Product Launch,136.61,2024-07-07,15.18,3574,1525
7198,Google Ads,Brand Awareness Q1,277.49,2024-07-07,11.1,38265,935
7199,Google Ads,End of Year Push,290.16,2024-07-07,11.61,12049,115
7200,Organic,Partner Referral,148.14,2024-07-07,6.73,46116,212
7201,Organic,Retargeting Wave,167.11,2024-07-07,10.44,48311,207
7202,Referral,Brand Awareness Q1,105.92,2024-07-07,9.63,10311,1488
7203,Meta Ads,Cold Outbound,187.89,2024-07-07,13.42,25777,869
7204,Organic,Partner Referral,178.36,2024-07-07,14.86,33049,306
7205,Google Ads,Cold Outbound,382.33,2024-07-07,47.79,37640,1240
7206,Direct,Cold Outbound,195.13,2024-07-07,12.2,24398,77
7207,Meta Ads,End of Year Push,240.45,2024-07-07,20.04,23871,322
7208,Google Ads,Inbound SEO,295.56,2024-07-07,16.42,45828,1345
7209,Google Ads,Cold Outbound,294.22,2024-07-07,14.01,44054,1102
7210,Organic,Brand Awareness Q1,129.76,2024-07-07,14.42,23943,908
7211,Referral,Inbound SEO,128.05,2024-07-08,8.54,3687,1585
7212,LinkedIn,Retargeting Wave,457.14,2024-07-08,32.65,41601,1864
7213,Meta Ads,Product Launch,254.31,2024-07-08,11.56,1132,1023
7214,LinkedIn,End of Year Push,576.51,2024-07-08,38.43,23567,1318
7215,LinkedIn,Product Launch,511.64,2024-07-08,36.55,37106,663
7216,Google Ads,Product Launch,384.3,2024-07-08,25.62,45607,358
7217,Meta Ads,Cold Outbound,181.76,2024-07-08,18.18,2904,862
7218,Organic,Summer Growth,151.51,2024-07-08,13.77,36250,933
7219,Meta Ads,End of Year Push,262.3,2024-07-08,10.49,14324,1246
7220,LinkedIn,Inbound SEO,745.18,2024-07-08,46.57,13013,617
7221,LinkedIn,Cold Outbound,779.45,2024-07-09,77.95,9258,1759
7222,Meta Ads,End of Year Push,187.76,2024-07-09,7.82,17727,1594
7223,Organic,Cold Outbound,142.09,2024-07-09,17.76,16992,1829
7224,LinkedIn,Summer Growth,786.42,2024-07-09,56.17,7967,1170
7225,LinkedIn,End of Year Push,526.71,2024-07-09,37.62,21908,258
7226,Meta Ads,Partner Referral,226.01,2024-07-09,18.83,12886,1772
7227,Organic,Inbound SEO,136.4,2024-07-09,9.09,36738,1548
7228,LinkedIn,End of Year Push,532.07,2024-07-09,38.01,29713,1441
7229,Meta Ads,End of Year Push,208.63,2024-07-09,11.59,49349,1123
7230,Organic,Product Launch,169.96,2024-07-09,7.08,39971,1464
7231,Google Ads,Summer Growth,359.65,2024-07-09,21.16,34412,1148
7232,Organic,Inbound SEO,176.69,2024-07-09,17.67,23437,750
7233,Google Ads,Retargeting Wave,283.87,2024-07-09,23.66,12488,997
7234,Organic,End of Year Push,122.23,2024-07-09,6.11,19704,998
7235,Organic,Cold Outbound,168.28,2024-07-09,18.7,19749,1759
7236,Organic,Brand Awareness Q1,174.78,2024-07-10,10.92,44281,1157
7237,Referral,Product Launch,122.66,2024-07-10,7.22,41750,603
7238,Google Ads,Cold Outbound,274.32,2024-07-10,11.93,39980,1222
7239,Referral,Retargeting Wave,115.72,2024-07-10,5.26,3169,282
7240,Organic,Cold Outbound,120.53,2024-07-10,5.74,1216,1926
7241,Google Ads,Summer Growth,257.35,2024-07-10,11.19,39480,1207
7242,Meta Ads,Cold Outbound,290.03,2024-07-10,13.18,14687,254
7243,Organic,Product Launch,123.13,2024-07-10,5.35,49228,192
7244,Email,Product Launch,117.08,2024-07-10,9.01,21313,802
7245,Meta Ads,Brand Awareness Q1,219.52,2024-07-10,14.63,10241,312
7246,Organic,Partner Referral,127.01,2024-07-10,12.7,36864,879
7247,Google Ads,Cold Outbound,244.84,2024-07-10,30.61,40853,1677
7248,Google Ads,Inbound SEO,350.57,2024-07-10,15.24,10951,1623
7249,Google Ads,Inbound SEO,387.84,2024-07-10,16.16,43820,1354
7250,Google Ads,End of Year Push,351.64,2024-07-10,17.58,37629,1091
7251,Email,Brand Awareness Q1,64.44,2024-07-10,3.39,13583,1544
7252,Referral,End of Year Push,80.65,2024-07-10,4.74,33064,1773
7253,Google Ads,End of Year Push,269.23,2024-07-10,29.91,45535,1155
7254,Organic,End of Year Push,123.01,2024-07-10,7.69,23705,881
7255,Google Ads,Brand Awareness Q1,379.02,2024-07-10,16.48,44241,395
7256,Google Ads,Inbound SEO,372.83,2024-07-10,24.86,48481,511
7257,LinkedIn,Summer Growth,496.14,2024-07-10,22.55,36559,1775
7258,Organic,Product Launch,162.85,2024-07-11,7.08,6950,699
7259,Organic,End of Year Push,128.34,2024-07-11,5.58,46457,380
7260,LinkedIn,End of Year Push,768.77,2024-07-11,32.03,28167,278
7261,Direct,Partner Referral,146.78,2024-07-11,5.87,4646,444
7262,Referral,End of Year Push,118.39,2024-07-11,6.58,34940,262
7263,Referral,Brand Awareness Q1,115.48,2024-07-11,6.08,10551,660
7264,LinkedIn,End of Year Push,562.24,2024-07-11,31.24,30230,1974
7265,LinkedIn,Retargeting Wave,524.06,2024-07-11,40.31,5184,1587
7266,Organic,End of Year Push,162.27,2024-07-11,9.02,31527,1316
7267,Referral,Retargeting Wave,86.42,2024-07-11,5.08,2015,173
7268,Google Ads,Cold Outbound,333.49,2024-07-11,13.34,20348,501
7269,Organic,Product Launch,140.46,2024-07-11,6.11,47086,1323
7270,Organic,Cold Outbound,120.78,2024-07-11,7.1,28998,768
7271,Google Ads,Inbound SEO,246.47,2024-07-11,16.43,1135,417
7272,LinkedIn,Brand Awareness Q1,753.23,2024-07-11,35.87,35714,1583
7273,Google Ads,Product Launch,295.52,2024-07-11,21.11,10754,153
7274,Google Ads,Retargeting Wave,373.36,2024-07-11,28.72,10206,1863
7275,Google Ads,Brand Awareness Q1,384.11,2024-07-11,24.01,10757,1118
7276,Direct,Inbound SEO,199.4,2024-07-11,22.16,5435,461
7277,Google Ads,Inbound SEO,262.05,2024-07-12,32.76,37240,1310
7278,Organic,Brand Awareness Q1,163.33,2024-07-12,6.81,21290,1882
7279,LinkedIn,Cold Outbound,642.54,2024-07-12,35.7,9991,182
7280,Referral,Partner Referral,95.83,2024-07-12,5.64,18636,1404
7281,Google Ads,Brand Awareness Q1,275.15,2024-07-12,22.93,39068,287
7282,LinkedIn,Brand Awareness Q1,774.26,2024-07-12,33.66,29053,1387
7283,Google Ads,Inbound SEO,323.14,2024-07-12,14.05,7975,1368
7284,LinkedIn,Cold Outbound,787.42,2024-07-12,32.81,28249,328
7285,Organic,Product Launch,164.43,2024-07-12,7.47,38433,1231
7286,Meta Ads,End of Year Push,206.87,2024-07-12,15.91,37873,566
7287,Meta Ads,Product Launch,248.93,2024-07-12,12.45,33450,1329
7288,Organic,Brand Awareness Q1,146.84,2024-07-12,13.35,31045,1028
7289,Google Ads,Inbound SEO,312.23,2024-07-12,34.69,14946,1370
7290,Organic,Summer Growth,145.09,2024-07-12,7.64,30497,441
7291,Google Ads,Brand Awareness Q1,289.77,2024-07-12,13.8,37206,63
7292,Organic,End of Year Push,121.56,2024-07-12,15.2,35240,1382
7293,Direct,Cold Outbound,170.2,2024-07-12,18.91,44474,679
7294,Google Ads,Inbound SEO,294.19,2024-07-12,17.31,19428,1883
7295,Organic,Inbound SEO,152.42,2024-07-12,19.05,13421,1693
7296,Meta Ads,End of Year Push,189.45,2024-07-12,23.68,20622,1817
7297,Organic,Retargeting Wave,167.28,2024-07-12,6.69,9184,1250
7298,Referral,Retargeting Wave,81.2,2024-07-13,3.87,10773,164
7299,Referral,End of Year Push,118.53,2024-07-13,4.74,20480,501
7300,Organic,Partner Referral,125.98,2024-07-13,8.4,19935,1880
7301,Organic,Cold Outbound,156.3,2024-07-13,7.44,33517,342
7302,LinkedIn,End of Year Push,494.93,2024-07-13,20.62,6758,752
7303,Referral,End of Year Push,113.13,2024-07-13,8.7,42747,1292
7304,Meta Ads,Cold Outbound,314.12,2024-07-13,16.53,21007,537
7305,Referral,Inbound SEO,117.05,2024-07-13,14.63,29046,1914
7306,Google Ads,Summer Growth,388.79,2024-07-13,27.77,38170,1718
7307,Organic,Retargeting Wave,173.86,2024-07-13,10.87,16776,311
7308,Meta Ads,Brand Awareness Q1,259.62,2024-07-13,19.97,49892,330
7309,Direct,Product Launch,112.34,2024-07-13,7.49,44950,1575
7310,Meta Ads,End of Year Push,271.93,2024-07-13,22.66,42093,1718
7311,LinkedIn,Cold Outbound,498.3,2024-07-13,55.37,44940,420
7312,Email,Brand Awareness Q1,104.23,2024-07-13,11.58,42117,771
7313,Organic,Summer Growth,145.41,2024-07-13,18.18,49963,1763
7314,Meta Ads,Brand Awareness Q1,195.29,2024-07-13,9.76,38730,1913
7315,LinkedIn,Cold Outbound,623.49,2024-07-13,34.64,12829,1880
7316,Organic,End of Year Push,152.96,2024-07-13,6.65,31336,470
7317,Direct,Product Launch,173.12,2024-07-13,15.74,29482,1169
7318,Google Ads,Cold Outbound,398.27,2024-07-13,30.64,11593,1104
7319,LinkedIn,Retargeting Wave,779.36,2024-07-13,51.96,26452,1282
7320,Organic,Retargeting Wave,177.95,2024-07-13,13.69,48865,484
7321,Meta Ads,Partner Referral,187.42,2024-07-14,18.74,38596,219
7322,Meta Ads,Summer Growth,260.27,2024-07-14,11.32,20122,703
7323,Google Ads,Cold Outbound,260.95,2024-07-14,14.5,42316,457
7324,Meta Ads,Brand Awareness Q1,181.37,2024-07-14,11.34,7765,1927
7325,Organic,End of Year Push,164.09,2024-07-14,8.2,10994,1199
7326,Google Ads,Summer Growth,390.11,2024-07-14,19.51,40080,307
7327,Meta Ads,End of Year Push,271.27,2024-07-14,10.85,39467,526
7328,LinkedIn,End of Year Push,474.86,2024-07-14,22.61,43484,578
7329,Meta Ads,Partner Referral,292.75,2024-07-14,16.26,30021,204
7330,Google Ads,Cold Outbound,323.1,2024-07-14,26.93,39158,1382
7331,Organic,Summer Growth,156.05,2024-07-14,17.34,5959,1160
7332,Google Ads,Brand Awareness Q1,296.41,2024-07-14,15.6,32277,1593
7333,Google Ads,Brand Awareness Q1,322.56,2024-07-14,21.5,36890,225
7334,LinkedIn,Cold Outbound,623.96,2024-07-14,39.0,32190,645
7335,LinkedIn,Cold Outbound,768.16,2024-07-14,59.09,16472,341
7336,Meta Ads,Cold Outbound,208.4,2024-07-14,13.89,26491,349
7337,Organic,Cold Outbound,161.57,2024-07-15,8.08,10391,1947
7338,Direct,Cold Outbound,168.77,2024-07-15,12.98,25788,1923
7339,Google Ads,End of Year Push,385.64,2024-07-15,35.06,35439,1518
7340,Google Ads,Inbound SEO,320.12,2024-07-15,24.62,46590,1382
7341,Organic,Product Launch,151.26,2024-07-15,7.96,15029,1281
7342,Google Ads,Retargeting Wave,302.39,2024-07-15,12.1,32743,627
7343,Organic,Retargeting Wave,135.26,2024-07-15,15.03,39170,1755
7344,Direct,Retargeting Wave,120.09,2024-07-15,10.01,25807,1596
7345,Referral,Partner Referral,134.26,2024-07-15,8.95,20625,571
7346,Google Ads,Retargeting Wave,273.65,2024-07-15,24.88,1692,1784
7347,Google Ads,Partner Referral,289.32,2024-07-15,36.16,5098,1269
7348,Organic,Product Launch,147.21,2024-07-15,5.89,26024,1072
7349,Google Ads,Partner Referral,360.83,2024-07-15,14.43,2046,1666
7350,Meta Ads,Cold Outbound,223.34,2024-07-15,20.3,2027,1000
7351,Organic,Partner Referral,150.77,2024-07-15,7.94,21714,1783
7352,Organic,Cold Outbound,145.64,2024-07-15,12.14,9250,463
7353,Organic,Retargeting Wave,173.18,2024-07-15,14.43,3522,360
7354,Organic,Inbound SEO,146.76,2024-07-16,6.38,38092,931
7355,Direct,Inbound SEO,175.59,2024-07-16,7.32,5784,1464
7356,Organic,Retargeting Wave,133.68,2024-07-16,8.36,30878,1970
7357,Referral,Partner Referral,138.43,2024-07-16,10.65,15696,862
7358,LinkedIn,Partner Referral,649.11,2024-07-16,43.27,29759,1175
7359,Direct,Product Launch,142.75,2024-07-16,17.84,17601,773
7360,Email,Partner Referral,89.62,2024-07-16,3.9,47782,1364
7361,Direct,Retargeting Wave,125.26,2024-07-16,6.59,2497,860
7362,Referral,Product Launch,144.69,2024-07-16,7.62,6075,1584
7363,Direct,Summer Growth,193.78,2024-07-16,19.38,23237,1402
7364,Google Ads,Product Launch,294.94,2024-07-16,24.58,30327,1419
7365,Meta Ads,Partner Referral,268.23,2024-07-16,22.35,17434,1445
7366,Meta Ads,Retargeting Wave,288.09,2024-07-16,13.72,32044,1011
7367,Direct,End of Year Push,121.88,2024-07-16,4.88,16012,1244
7368,Google Ads,Product Launch,356.83,2024-07-16,16.22,37226,841
7369,Direct,Partner Referral,195.33,2024-07-16,13.95,44806,1828
7370,Organic,End of Year Push,174.83,2024-07-17,9.71,49220,119
7371,Organic,Cold Outbound,170.38,2024-07-17,7.1,21038,216
7372,Google Ads,Brand Awareness Q1,251.35,2024-07-17,25.13,5350,1618
7373,Meta Ads,Cold Outbound,233.88,2024-07-17,15.59,27879,1165
7374,Google Ads,Cold Outbound,348.28,2024-07-17,20.49,30922,901
7375,Organic,Retargeting Wave,140.05,2024-07-17,6.09,13008,1088
7376,Referral,Summer Growth,80.68,2024-07-17,8.07,4571,780
7377,Referral,Retargeting Wave,86.38,2024-07-17,10.8,44200,1882
7378,Meta Ads,Cold Outbound,281.29,2024-07-17,11.72,25284,1486
7379,Referral,Partner Referral,122.97,2024-07-17,6.15,19482,773
7380,Organic,Cold Outbound,151.01,2024-07-17,10.07,13873,301
7381,Organic,Retargeting Wave,146.34,2024-07-17,6.65,26708,101
7382,Email,Cold Outbound,65.17,2024-07-17,2.96,30504,440
7383,LinkedIn,Partner Referral,536.28,2024-07-17,33.52,5689,603
7384,Direct,Cold Outbound,109.05,2024-07-17,5.74,31948,1721
7385,Referral,Brand Awareness Q1,117.51,2024-07-17,9.04,30487,1593
7386,Organic,End of Year Push,156.85,2024-07-17,8.71,11244,1897
7387,Google Ads,Cold Outbound,264.72,2024-07-17,13.93,22823,689
7388,Direct,Brand Awareness Q1,140.02,2024-07-17,17.5,19256,1022
7389,Google Ads,Brand Awareness Q1,327.62,2024-07-17,29.78,9201,1662
7390,LinkedIn,Cold Outbound,456.76,2024-07-17,50.75,13057,611
7391,Organic,Summer Growth,179.65,2024-07-18,8.98,13355,1153
7392,Google Ads,Brand Awareness Q1,245.63,2024-07-18,10.23,13610,159
7393,Organic,Product Launch,131.63,2024-07-18,5.98,36973,94
7394,Organic,Partner Referral,163.61,2024-07-18,18.18,33845,1141
7395,Google Ads,Retargeting Wave,365.82,2024-07-18,36.58,39895,837
7396,Organic,Summer Growth,152.67,2024-07-18,9.54,17726,948
7397,Google Ads,Inbound SEO,339.26,2024-07-18,14.75,38466,390
7398,Organic,Summer Growth,159.76,2024-07-18,6.39,13460,1220
7399,Google Ads,Inbound SEO,306.45,2024-07-18,21.89,35159,1291
7400,Organic,Product Launch,139.63,2024-07-18,8.73,7876,1295
7401,Google Ads,Partner Referral,314.54,2024-07-18,20.97,6999,1163
7402,LinkedIn,Cold Outbound,772.99,2024-07-18,32.21,25404,1317
7403,Referral,Partner Referral,125.17,2024-07-18,5.22,31227,1529
7404,Referral,Cold Outbound,106.9,2024-07-18,7.64,30984,1459
7405,Meta Ads,Inbound SEO,297.18,2024-07-18,14.86,35525,1116
7406,Referral,Inbound SEO,131.15,2024-07-18,6.25,29104,764
7407,Organic,End of Year Push,176.24,2024-07-18,10.37,34952,1024
7408,Meta Ads,Retargeting Wave,294.49,2024-07-18,12.27,2060,305
7409,Organic,Summer Growth,175.66,2024-07-18,7.32,19147,1688
7410,Direct,Partner Referral,166.14,2024-07-19,9.77,8604,1567
7411,Organic,Brand Awareness Q1,128.79,2024-07-19,6.78,35527,540
7412,Google Ads,Inbound SEO,374.18,2024-07-19,16.27,36730,1121
7413,Organic,Inbound SEO,151.97,2024-07-19,12.66,25167,1804
7414,Organic,End of Year Push,178.47,2024-07-19,7.14,12310,954
7415,Google Ads,Partner Referral,372.25,2024-07-19,16.92,2860,864
7416,Organic,Summer Growth,179.87,2024-07-19,7.82,48322,1389
7417,LinkedIn,Summer Growth,755.05,2024-07-19,68.64,41017,2000
7418,LinkedIn,Brand Awareness Q1,697.98,2024-07-19,38.78,29154,1489
7419,Organic,End of Year Push,142.58,2024-07-19,10.97,16562,333
7420,LinkedIn,End of Year Push,600.94,2024-07-19,30.05,46114,746
7421,LinkedIn,Brand Awareness Q1,702.49,2024-07-19,70.25,49730,1202
7422,Email,Summer Growth,88.6,2024-07-19,8.86,6383,1626
7423,Organic,Product Launch,170.68,2024-07-19,7.76,11585,414
7424,Organic,Summer Growth,134.52,2024-07-19,5.85,19857,1419
7425,LinkedIn,End of Year Push,483.44,2024-07-19,19.34,37769,312
7426,LinkedIn,Retargeting Wave,534.9,2024-07-19,66.86,40221,1507
7427,Google Ads,Inbound SEO,303.2,2024-07-19,17.84,29109,1249
7428,Organic,Partner Referral,166.92,2024-07-19,7.95,9615,577
7429,Organic,Partner Referral,163.65,2024-07-19,8.18,15112,1260
7430,Organic,Retargeting Wave,170.77,2024-07-19,14.23,43882,838
7431,Google Ads,Summer Growth,273.74,2024-07-19,21.06,10207,1130
7432,Referral,Product Launch,81.89,2024-07-19,5.46,42605,1017
7433,Organic,Partner Referral,166.5,2024-07-20,20.81,41403,1699
7434,Email,End of Year Push,113.16,2024-07-20,11.32,19231,185
7435,Meta Ads,End of Year Push,214.34,2024-07-20,10.72,7876,377
7436,Organic,Summer Growth,133.05,2024-07-20,5.32,39233,576
7437,Google Ads,Cold Outbound,341.06,2024-07-20,17.95,5821,1459
7438,Referral,Product Launch,141.5,2024-07-20,9.43,35235,1445
7439,Google Ads,Product Launch,331.99,2024-07-20,17.47,1879,1670
7440,Referral,Summer Growth,106.78,2024-07-20,7.12,9787,322
7441,Referral,Cold Outbound,133.18,2024-07-20,16.65,38469,83
7442,Referral,Retargeting Wave,87.32,2024-07-20,4.37,20967,647
7443,Direct,Summer Growth,160.36,2024-07-20,8.91,44798,1791
7444,Organic,Inbound SEO,154.69,2024-07-20,6.19,15209,1768
7445,Email,Product Launch,71.34,2024-07-20,3.4,24146,130
7446,Referral,Product Launch,80.91,2024-07-20,3.37,5125,1084
7447,Google Ads,End of Year Push,365.81,2024-07-21,18.29,20138,733
7448,LinkedIn,End of Year Push,732.76,2024-07-21,81.42,4251,843
7449,Meta Ads,Summer Growth,307.86,2024-07-21,21.99,19113,886
7450,Meta Ads,Brand Awareness Q1,185.52,2024-07-21,9.28,23226,860
7451,Organic,Cold Outbound,126.73,2024-07-21,7.45,31429,334
7452,Email,End of Year Push,89.1,2024-07-21,5.24,3033,939
7453,Meta Ads,Cold Outbound,308.6,2024-07-21,13.42,10273,1035
7454,Referral,End of Year Push,103.69,2024-07-21,4.15,27873,847
7455,Meta Ads,Brand Awareness Q1,276.55,2024-07-21,12.57,14141,1739
7456,LinkedIn,Product Launch,676.37,2024-07-21,61.49,35719,1897
7457,Email,End of Year Push,103.64,2024-07-21,9.42,26544,1936
7458,Direct,End of Year Push,150.51,2024-07-21,6.54,38279,1987
7459,Referral,End of Year Push,131.99,2024-07-21,7.76,9267,1442
7460,LinkedIn,Partner Referral,460.22,2024-07-21,23.01,33433,97
7461,Direct,Inbound SEO,122.42,2024-07-21,9.42,26452,972
7462,Google Ads,Product Launch,302.16,2024-07-21,12.09,991,816
7463,Organic,Brand Awareness Q1,178.63,2024-07-21,12.76,26534,292
7464,Organic,Retargeting Wave,120.99,2024-07-21,5.76,41968,1958
7465,Organic,Summer Growth,164.0,2024-07-21,20.5,2006,249
7466,Referral,Inbound SEO,130.3,2024-07-21,16.29,3546,1328
7467,Referral,Cold Outbound,119.04,2024-07-22,9.16,26404,605
7468,Referral,Summer Growth,90.04,2024-07-22,4.29,30356,768
7469,Referral,Inbound SEO,139.35,2024-07-22,9.29,48378,1766
7470,Referral,Summer Growth,138.54,2024-07-22,7.29,33093,1547
7471,Organic,Retargeting Wave,154.75,2024-07-22,11.9,17000,1678
7472,Meta Ads,Inbound SEO,219.63,2024-07-22,8.79,39049,246
7473,LinkedIn,Inbound SEO,653.4,2024-07-22,28.41,49923,683
7474,Google Ads,Retargeting Wave,292.16,2024-07-22,13.91,45147,1737
7475,Google Ads,Summer Growth,273.8,2024-07-22,13.69,2439,1674
7476,Organic,Retargeting Wave,158.58,2024-07-22,6.34,38007,1040
7477,Meta Ads,Retargeting Wave,314.02,2024-07-22,28.55,45980,1838
7478,Direct,End of Year Push,112.64,2024-07-22,5.93,9253,1113
7479,Meta Ads,Brand Awareness Q1,302.68,2024-07-22,12.61,11028,1812
7480,Organic,Brand Awareness Q1,138.72,2024-07-22,11.56,23395,355
7481,Organic,Brand Awareness Q1,159.19,2024-07-22,9.36,11097,1422
7482,Google Ads,Brand Awareness Q1,351.2,2024-07-22,14.05,31848,1162
7483,Organic,Retargeting Wave,138.96,2024-07-22,6.95,32949,1395
7484,Organic,Cold Outbound,155.14,2024-07-22,6.46,49557,724
7485,LinkedIn,Summer Growth,714.02,2024-07-22,35.7,4915,560
7486,Organic,Summer Growth,129.08,2024-07-22,5.87,35081,1143
7487,LinkedIn,Summer Growth,737.66,2024-07-22,35.13,42809,426
7488,Google Ads,Cold Outbound,389.95,2024-07-22,24.37,9672,378
7489,Referral,End of Year Push,141.4,2024-07-22,5.89,19328,673
7490,Email,Summer Growth,83.99,2024-07-22,3.82,37718,1544
7491,Referral,Inbound SEO,102.18,2024-07-22,4.64,4912,1443
7492,Direct,Brand Awareness Q1,108.33,2024-07-22,6.37,40879,1990
7493,Google Ads,Summer Growth,352.17,2024-07-23,18.54,13109,840
7494,Email,Summer Growth,75.46,2024-07-23,3.02,49782,497
7495,Organic,Product Launch,169.7,2024-07-23,15.43,45394,1128
7496,Organic,Cold Outbound,142.62,2024-07-23,15.85,20273,1741
7497,Meta Ads,Partner Referral,308.04,2024-07-23,28.0,1232,169
7498,Direct,Brand Awareness Q1,112.79,2024-07-23,5.13,25451,1099
7499,LinkedIn,Partner Referral,573.09,2024-07-23,33.71,49245,1864
7500,Direct,Partner Referral,164.08,2024-07-23,9.65,2683,1848
7501,Organic,Retargeting Wave,153.07,2024-07-23,9.0,23244,261
7502,LinkedIn,Product Launch,497.01,2024-07-23,21.61,9683,1323
7503,Google Ads,Summer Growth,265.58,2024-07-23,24.14,28204,1976
7504,Direct,Retargeting Wave,180.75,2024-07-23,7.86,11135,1423
7505,Google Ads,Product Launch,359.53,2024-07-23,19.97,39890,708
7506,Meta Ads,Inbound SEO,277.89,2024-07-23,25.26,49862,498
7507,Organic,End of Year Push,149.96,2024-07-24,10.0,17253,801
7508,Referral,End of Year Push,93.09,2024-07-24,3.72,35439,231
7509,Meta Ads,Retargeting Wave,195.65,2024-07-24,9.78,49349,949
7510,Referral,Product Launch,110.27,2024-07-24,8.48,20812,1374
7511,Referral,Brand Awareness Q1,108.46,2024-07-24,4.72,9426,725
7512,Meta Ads,Inbound SEO,259.88,2024-07-24,25.99,12935,240
7513,Google Ads,End of Year Push,284.57,2024-07-24,13.55,33181,1392
7514,Google Ads,End of Year Push,264.19,2024-07-24,12.58,1305,937
7515,Organic,Retargeting Wave,137.11,2024-07-24,8.57,30980,1335
7516,Direct,Product Launch,178.8,2024-07-24,10.52,23736,710
7517,LinkedIn,Cold Outbound,586.43,2024-07-24,32.58,4912,264
7518,LinkedIn,End of Year Push,634.98,2024-07-24,45.36,47526,505
7519,Google Ads,End of Year Push,382.13,2024-07-24,18.2,2475,187
7520,Google Ads,Summer Growth,283.47,2024-07-24,14.92,45399,1565
7521,Meta Ads,Cold Outbound,276.13,2024-07-24,27.61,38208,579
7522,Direct,Inbound SEO,127.32,2024-07-24,6.37,5647,589
7523,Organic,Cold Outbound,156.8,2024-07-24,7.13,20746,222
7524,Direct,Product Launch,128.15,2024-07-24,6.41,17017,1734
7525,Organic,End of Year Push,170.97,2024-07-24,9.0,9361,1274
7526,Organic,Cold Outbound,130.46,2024-07-24,6.52,38969,1483
7527,Meta Ads,Brand Awareness Q1,277.41,2024-07-24,15.41,30312,419
7528,Organic,Inbound SEO,145.85,2024-07-24,9.72,8980,1396
7529,Google Ads,Summer Growth,372.31,2024-07-25,16.92,17387,1222
7530,Meta Ads,Retargeting Wave,269.49,2024-07-25,14.18,42615,383
7531,Organic,Summer Growth,162.56,2024-07-25,6.77,1206,775
7532,Google Ads,Cold Outbound,282.25,2024-07-25,31.36,4145,1499
7533,Referral,Cold Outbound,144.85,2024-07-25,9.66,47593,59
7534,LinkedIn,Partner Referral,733.76,2024-07-25,61.15,2131,1721
7535,Google Ads,End of Year Push,305.36,2024-07-25,20.36,26124,1805
7536,Google Ads,Cold Outbound,363.45,2024-07-25,17.31,10109,1590
7537,Meta Ads,Summer Growth,202.54,2024-07-25,15.58,49426,1674
7538,Meta Ads,Partner Referral,204.68,2024-07-25,13.65,8544,90
7539,LinkedIn,Cold Outbound,592.08,2024-07-25,45.54,25000,663
7540,Organic,Retargeting Wave,149.57,2024-07-25,5.98,35230,1529
7541,Referral,Partner Referral,85.14,2024-07-25,3.55,10443,1957
7542,Organic,Summer Growth,132.95,2024-07-25,11.08,30758,1043
7543,Organic,Cold Outbound,165.38,2024-07-25,9.73,44993,1845
7544,Referral,Cold Outbound,140.74,2024-07-25,5.63,40115,1363
7545,Referral,Cold Outbound,93.25,2024-07-25,7.17,18194,333
7546,Meta Ads,Summer Growth,250.16,2024-07-26,15.63,2139,1470
7547,Google Ads,Inbound SEO,373.22,2024-07-26,14.93,1027,1745
7548,LinkedIn,Inbound SEO,650.08,2024-07-26,46.43,7544,925
7549,Referral,Inbound SEO,110.88,2024-07-26,6.93,36538,1671
7550,Meta Ads,Inbound SEO,307.09,2024-07-26,21.93,46490,603
7551,Organic,End of Year Push,158.71,2024-07-26,12.21,35730,1351
7552,Google Ads,End of Year Push,300.17,2024-07-26,25.01,9580,1775
7553,Email,Cold Outbound,63.91,2024-07-26,6.39,2819,1173
7554,Organic,Summer Growth,176.15,2024-07-26,11.01,4177,489
7555,Organic,Cold Outbound,154.12,2024-07-26,7.01,24006,1356
7556,LinkedIn,End of Year Push,727.37,2024-07-26,51.95,25665,956
7557,Referral,Retargeting Wave,96.21,2024-07-27,5.34,18450,1240
7558,Organic,Cold Outbound,152.64,2024-07-27,6.36,6683,479
7559,Meta Ads,Product Launch,292.37,2024-07-27,19.49,45739,1463
7560,Organic,Summer Growth,162.27,2024-07-27,7.73,47287,1073
7561,Referral,Retargeting Wave,107.82,2024-07-27,4.9,21171,1414
7562,Meta Ads,End of Year Push,300.2,2024-07-27,20.01,23837,823
7563,Google Ads,Product Launch,322.95,2024-07-27,13.46,11341,420
7564,Google Ads,Cold Outbound,399.04,2024-07-27,17.35,30387,1044
7565,Organic,Retargeting Wave,151.95,2024-07-27,11.69,38447,1658
7566,Meta Ads,Cold Outbound,307.1,2024-07-27,13.96,3055,1353
7567,Organic,Summer Growth,145.95,2024-07-27,16.22,47694,1410
7568,Google Ads,End of Year Push,307.64,2024-07-27,15.38,44247,550
7569,Organic,Inbound SEO,121.14,2024-07-27,7.13,25117,195
7570,Organic,Summer Growth,135.36,2024-07-27,10.41,42434,422
7571,Meta Ads,Partner Referral,271.42,2024-07-27,12.34,12904,262
7572,LinkedIn,Summer Growth,541.05,2024-07-27,33.82,38125,355
7573,LinkedIn,Inbound SEO,772.33,2024-07-27,70.21,8240,1138
7574,Google Ads,Brand Awareness Q1,390.51,2024-07-27,30.04,911,420
7575,LinkedIn,Product Launch,482.25,2024-07-27,43.84,44224,1487
7576,LinkedIn,Partner Referral,641.07,2024-07-28,64.11,10732,685
7577,Direct,Summer Growth,115.43,2024-07-28,4.62,47709,1714
7578,Referral,Inbound SEO,132.03,2024-07-28,5.74,15219,74
7579,Referral,Partner Referral,116.45,2024-07-28,6.47,31357,348
7580,Meta Ads,Brand Awareness Q1,206.39,2024-07-28,18.76,27777,1478
7581,Google Ads,Inbound SEO,289.07,2024-07-28,13.77,13231,423
7582,LinkedIn,Retargeting Wave,741.87,2024-07-28,92.73,48857,786
7583,Organic,Inbound SEO,120.05,2024-07-28,5.72,33699,255
7584,Referral,Brand Awareness Q1,98.26,2024-07-28,4.09,24390,1451
7585,Organic,Cold Outbound,147.01,2024-07-28,11.31,41972,1784
7586,Meta Ads,Product Launch,198.22,2024-07-28,15.25,15365,1529
7587,LinkedIn,Partner Referral,711.46,2024-07-28,30.93,7521,1154
7588,Google Ads,Cold Outbound,306.71,2024-07-28,21.91,9696,976
7589,Google Ads,Cold Outbound,244.05,2024-07-28,12.2,48081,1424
7590,LinkedIn,Cold Outbound,696.67,2024-07-28,43.54,41822,60
7591,Direct,Retargeting Wave,109.95,2024-07-28,5.0,44320,1836
7592,LinkedIn,Inbound SEO,768.74,2024-07-28,54.91,23070,1221
7593,Google Ads,Summer Growth,311.0,2024-07-29,25.92,18435,1898
7594,Direct,Retargeting Wave,184.56,2024-07-29,8.02,25575,784
7595,LinkedIn,Inbound SEO,757.47,2024-07-29,37.87,11911,427
7596,LinkedIn,Summer Growth,716.53,2024-07-29,28.66,4381,434
7597,Email,Summer Growth,119.3,2024-07-29,7.02,41903,1773
7598,Organic,Retargeting Wave,126.19,2024-07-29,7.01,42628,1121
7599,Organic,Partner Referral,123.6,2024-07-29,13.73,2214,1540
7600,Meta Ads,Cold Outbound,187.7,2024-07-29,10.43,9997,379
7601,Referral,Brand Awareness Q1,111.9,2024-07-29,5.33,27334,1061
7602,Google Ads,Summer Growth,288.69,2024-07-29,12.03,38390,459
7603,Organic,Partner Referral,157.58,2024-07-29,11.26,45699,1420
7604,Email,Partner Referral,108.32,2024-07-29,4.51,18298,306
7605,Referral,End of Year Push,144.27,2024-07-29,10.31,29142,217
7606,Meta Ads,End of Year Push,262.09,2024-07-29,14.56,22827,1886
7607,Meta Ads,Partner Referral,285.66,2024-07-29,15.03,30468,382
7608,Meta Ads,Summer Growth,257.0,2024-07-29,10.71,17252,1430
7609,Organic,Cold Outbound,138.26,2024-07-29,6.91,12617,1703
7610,Referral,Brand Awareness Q1,96.6,2024-07-29,7.43,26257,1716
7611,Referral,Retargeting Wave,84.06,2024-07-29,4.0,5066,1191
7612,Google Ads,Summer Growth,348.53,2024-07-29,16.6,18748,198
7613,Meta Ads,Partner Referral,216.79,2024-07-29,24.09,17249,1860
7614,LinkedIn,Summer Growth,651.61,2024-07-30,54.3,38905,1403
7615,Direct,End of Year Push,142.92,2024-07-30,11.91,10142,1112
7616,Organic,Product Launch,164.23,2024-07-30,7.46,39882,1700
7617,Meta Ads,Summer Growth,289.85,2024-07-30,20.7,19985,1044
7618,Organic,Partner Referral,169.61,2024-07-30,7.37,16521,1152
7619,LinkedIn,Cold Outbound,597.69,2024-07-30,31.46,4924,1327
7620,Google Ads,Partner Referral,273.57,2024-07-30,12.44,2148,546
7621,Referral,Product Launch,140.7,2024-07-30,6.12,20271,1321
7622,Direct,End of Year Push,108.58,2024-07-30,4.34,16021,1313
7623,Direct,Brand Awareness Q1,167.41,2024-07-30,9.3,14884,78
7624,Meta Ads,End of Year Push,267.51,2024-07-30,13.38,2923,1903
7625,Organic,Cold Outbound,145.77,2024-07-30,13.25,23467,205
7626,Organic,Product Launch,158.16,2024-07-30,6.88,3936,543
7627,Organic,Retargeting Wave,169.97,2024-07-30,7.08,40614,181
7628,Organic,End of Year Push,122.34,2024-07-30,5.56,18045,755
7629,Google Ads,Partner Referral,343.18,2024-07-31,22.88,37836,1810
7630,Google Ads,Product Launch,325.78,2024-07-31,14.16,22228,1088
7631,Referral,Product Launch,99.19,2024-07-31,4.31,29382,805
7632,Meta Ads,Cold Outbound,306.52,2024-07-31,23.58,11697,1000
7633,LinkedIn,Summer Growth,730.61,2024-07-31,60.88,17206,1387
7634,Google Ads,Inbound SEO,296.8,2024-07-31,12.9,40867,1341
7635,Google Ads,Summer Growth,279.37,2024-07-31,27.94,39864,461
7636,Google Ads,Brand Awareness Q1,378.76,2024-07-31,15.15,30369,1912
7637,Organic,Summer Growth,138.8,2024-07-31,6.31,3744,467
7638,Referral,Partner Referral,149.78,2024-07-31,14.98,14717,720
7639,Organic,Summer Growth,129.16,2024-07-31,6.15,38531,1861
7640,Google Ads,Retargeting Wave,278.45,2024-07-31,15.47,22996,659
7641,Organic,Cold Outbound,157.98,2024-07-31,13.16,18740,607
7642,LinkedIn,End of Year Push,603.27,2024-07-31,24.13,29840,1340
7643,LinkedIn,Product Launch,690.97,2024-07-31,76.77,6386,628
7644,Referral,Product Launch,116.26,2024-07-31,8.3,32167,1300
7645,Email,Inbound SEO,107.74,2024-07-31,5.39,35477,890
7646,Email,Partner Referral,79.3,2024-07-31,3.78,2174,297
7647,Referral,Inbound SEO,86.0,2024-07-31,4.78,34977,1964
7648,Direct,Summer Growth,135.38,2024-07-31,7.13,2408,537
7649,Google Ads,Summer Growth,299.2,2024-07-31,11.97,44900,164
7650,LinkedIn,Brand Awareness Q1,689.9,2024-07-31,32.85,26706,1390
7651,Organic,Cold Outbound,145.4,2024-07-31,6.32,43651,1682
7652,Organic,Partner Referral,126.3,2024-07-31,15.79,3131,1150
7653,Referral,End of Year Push,131.34,2024-08-01,5.25,2754,1928
7654,Organic,End of Year Push,164.0,2024-08-01,10.93,32877,1134
7655,Organic,End of Year Push,176.78,2024-08-01,8.42,38842,1487
7656,Direct,Cold Outbound,101.34,2024-08-01,4.22,30181,395
7657,Referral,Summer Growth,84.54,2024-08-01,4.23,13471,1421
7658,Organic,Summer Growth,159.61,2024-08-01,7.6,22157,237
7659,Google Ads,Retargeting Wave,246.72,2024-08-01,10.73,12564,258
7660,Google Ads,Brand Awareness Q1,292.87,2024-08-01,36.61,40663,475
7661,Google Ads,Summer Growth,311.99,2024-08-01,13.56,4343,1892
7662,Organic,Inbound SEO,123.16,2024-08-01,6.84,43780,797
7663,Organic,Cold Outbound,173.18,2024-08-01,7.22,38440,74
7664,Direct,Inbound SEO,105.7,2024-08-01,8.13,39127,1290
7665,Referral,Product Launch,90.12,2024-08-01,4.74,23186,1409
7666,Google Ads,End of Year Push,368.43,2024-08-01,23.03,40421,400
7667,LinkedIn,Summer Growth,523.74,2024-08-02,40.29,44876,669
7668,Organic,Inbound SEO,120.44,2024-08-02,5.02,43596,1352
7669,Direct,Brand Awareness Q1,124.61,2024-08-02,8.9,26707,1338
7670,Organic,Cold Outbound,128.1,2024-08-02,6.1,48603,1237
7671,Organic,Cold Outbound,135.32,2024-08-02,8.46,20036,1066
7672,Direct,Brand Awareness Q1,186.87,2024-08-02,7.79,7179,297
7673,Referral,Cold Outbound,138.78,2024-08-02,5.55,1374,1703
7674,LinkedIn,Partner Referral,645.45,2024-08-02,32.27,31989,1130
7675,Google Ads,End of Year Push,272.97,2024-08-02,16.06,42307,1382
7676,Organic,Cold Outbound,134.54,2024-08-02,5.61,19975,498
7677,Meta Ads,Summer Growth,289.35,2024-08-02,12.06,45286,143
7678,Organic,Partner Referral,164.49,2024-08-02,16.45,13909,852
7679,Organic,Inbound SEO,162.33,2024-08-02,20.29,28128,94
7680,Google Ads,Inbound SEO,275.31,2024-08-02,25.03,7882,859
7681,Organic,Cold Outbound,179.37,2024-08-02,7.17,49955,1889
7682,Referral,Inbound SEO,148.63,2024-08-02,6.76,41471,531
7683,Google Ads,Inbound SEO,379.19,2024-08-02,25.28,1340,551
7684,Google Ads,Partner Referral,344.03,2024-08-02,43.0,11563,952
7685,Referral,Product Launch,93.06,2024-08-03,4.65,40933,1296
7686,Organic,Product Launch,172.52,2024-08-03,7.19,30907,103
7687,Organic,Brand Awareness Q1,156.26,2024-08-03,19.53,38999,1516
7688,Meta Ads,Summer Growth,191.38,2024-08-03,23.92,12717,1214
7689,Organic,Retargeting Wave,157.82,2024-08-03,19.73,38167,1644
7690,Referral,Partner Referral,108.9,2024-08-03,4.95,37042,1213
7691,Direct,Retargeting Wave,163.16,2024-08-03,8.59,40238,1431
7692,Direct,Cold Outbound,165.93,2024-08-03,16.59,14320,1844
7693,Referral,Product Launch,95.55,2024-08-03,3.82,19625,660
7694,Organic,End of Year Push,130.0,2024-08-03,5.2,19662,1558
7695,Organic,End of Year Push,127.67,2024-08-03,8.51,2944,1860
7696,Organic,Product Launch,123.02,2024-08-03,6.83,25100,52
7697,Organic,End of Year Push,165.12,2024-08-03,20.64,38598,742
7698,Referral,Product Launch,114.33,2024-08-03,14.29,11627,98
7699,Referral,Brand Awareness Q1,104.89,2024-08-03,13.11,46042,402
7700,Google Ads,End of Year Push,302.85,2024-08-03,30.29,34017,935
7701,Organic,End of Year Push,162.38,2024-08-03,14.76,17911,545
7702,Meta Ads,End of Year Push,219.41,2024-08-03,9.54,16594,64
7703,Google Ads,Partner Referral,396.01,2024-08-03,33.0,32482,897
7704,Organic,Cold Outbound,122.1,2024-08-03,6.1,15530,1955
7705,Referral,Product Launch,93.05,2024-08-03,4.23,43548,550
7706,LinkedIn,Cold Outbound,766.39,2024-08-03,47.9,36501,1172
7707,Organic,Summer Growth,176.92,2024-08-03,11.06,10085,1837
7708,Organic,Inbound SEO,178.32,2024-08-03,8.92,40867,1986
7709,Google Ads,End of Year Push,367.24,2024-08-03,36.72,19983,109
7710,Organic,Cold Outbound,155.36,2024-08-03,6.21,20731,381
7711,Direct,End of Year Push,136.79,2024-08-03,6.22,7270,1103
7712,Direct,Product Launch,125.56,2024-08-04,5.02,18978,74
7713,Referral,Inbound SEO,128.86,2024-08-04,6.14,44613,504
7714,Meta Ads,Inbound SEO,205.63,2024-08-04,17.14,5022,361
7715,Referral,Retargeting Wave,83.42,2024-08-04,8.34,26985,596
7716,Direct,Inbound SEO,188.95,2024-08-04,18.89,24610,770
7717,Meta Ads,Cold Outbound,236.74,2024-08-04,26.3,12840,1831
7718,Referral,Cold Outbound,145.19,2024-08-04,18.15,16160,1306
7719,Google Ads,Retargeting Wave,246.54,2024-08-04,18.96,15686,1416
7720,Referral,Brand Awareness Q1,123.24,2024-08-04,10.27,48585,1689
7721,Organic,Brand Awareness Q1,154.52,2024-08-04,7.36,36662,192
7722,Organic,End of Year Push,157.67,2024-08-04,7.88,10089,342
7723,Google Ads,Product Launch,285.94,2024-08-04,13.62,22360,795
7724,Google Ads,Cold Outbound,298.39,2024-08-04,13.56,8908,1729
7725,Referral,Inbound SEO,96.03,2024-08-04,9.6,31942,320
7726,Meta Ads,Retargeting Wave,313.15,2024-08-04,14.23,39500,1446
7727,Organic,Inbound SEO,122.57,2024-08-05,7.66,18733,823
7728,Organic,End of Year Push,133.42,2024-08-05,6.67,4173,908
7729,LinkedIn,Retargeting Wave,550.44,2024-08-05,23.93,48590,1444
7730,Organic,Cold Outbound,163.41,2024-08-05,9.61,810,1296
7731,LinkedIn,Partner Referral,689.26,2024-08-05,86.16,10558,1352
7732,Meta Ads,Brand Awareness Q1,308.35,2024-08-05,38.54,48064,1918
7733,Google Ads,Brand Awareness Q1,250.39,2024-08-05,11.92,19916,1091
7734,Organic,End of Year Push,165.84,2024-08-05,13.82,23888,1428
7735,Referral,Brand Awareness Q1,107.78,2024-08-05,11.98,36045,1146
7736,Direct,Retargeting Wave,196.88,2024-08-05,8.2,20208,1158
7737,LinkedIn,Inbound SEO,558.79,2024-08-05,34.92,5330,1482
7738,Organic,Product Launch,136.64,2024-08-05,11.39,39726,892
7739,Email,Summer Growth,63.55,2024-08-05,4.24,36955,421
7740,Referral,Product Launch,88.39,2024-08-05,4.91,9953,1458
7741,Organic,Cold Outbound,144.71,2024-08-05,6.03,9906,483
7742,Referral,Partner Referral,126.18,2024-08-05,5.49,21675,930
7743,LinkedIn,Inbound SEO,594.18,2024-08-05,34.95,45383,1870
7744,Meta Ads,Cold Outbound,211.38,2024-08-05,8.81,23411,734
7745,Meta Ads,Summer Growth,242.25,2024-08-05,24.23,34690,1320
7746,Direct,Retargeting Wave,169.53,2024-08-05,7.06,7955,1135
7747,LinkedIn,Partner Referral,456.33,2024-08-05,32.59,14764,1029
7748,LinkedIn,Retargeting Wave,743.48,2024-08-05,33.79,10511,1501
7749,Google Ads,End of Year Push,363.97,2024-08-06,28.0,25757,1579
7750,Meta Ads,Summer Growth,212.81,2024-08-06,11.82,43591,1549
7751,LinkedIn,Brand Awareness Q1,589.63,2024-08-06,25.64,45851,852
7752,Organic,Product Launch,161.94,2024-08-06,6.48,10634,1994
7753,Referral,Retargeting Wave,82.02,2024-08-06,4.56,47029,1313
7754,Google Ads,Retargeting Wave,358.56,2024-08-06,35.86,42494,553
7755,Direct,Inbound SEO,114.3,2024-08-06,10.39,48048,314
7756,Organic,Retargeting Wave,169.13,2024-08-06,16.91,18166,396
7757,Organic,Product Launch,141.09,2024-08-06,7.84,17226,1640
7758,Google Ads,Summer Growth,364.62,2024-08-06,22.79,14859,676
7759,Organic,Inbound SEO,176.01,2024-08-06,19.56,4209,1129
7760,Direct,Product Launch,138.23,2024-08-06,15.36,23349,191
7761,Organic,Summer Growth,135.07,2024-08-06,7.11,39310,671
7762,Referral,Product Launch,123.47,2024-08-06,4.94,12803,628
7763,Meta Ads,End of Year Push,201.33,2024-08-07,10.6,9377,956
7764,Organic,Cold Outbound,120.65,2024-08-07,12.07,18524,1279
7765,Referral,Product Launch,107.73,2024-08-07,7.18,26429,1305
7766,Organic,Brand Awareness Q1,173.04,2024-08-07,11.54,9130,689
7767,Organic,Summer Growth,133.6,2024-08-07,6.07,43368,986
7768,Meta Ads,Product Launch,279.99,2024-08-07,28.0,44773,265
7769,Meta Ads,Product Launch,185.04,2024-08-07,10.88,21093,1810
7770,LinkedIn,Brand Awareness Q1,454.67,2024-08-07,41.33,10938,1591
7771,Meta Ads,Product Launch,196.93,2024-08-07,21.88,37398,1426
7772,Meta Ads,Product Launch,306.96,2024-08-07,13.95,2766,1366
7773,Referral,Summer Growth,98.97,2024-08-07,5.21,11644,289
7774,Organic,Cold Outbound,167.63,2024-08-07,15.24,31447,1120
7775,Referral,Inbound SEO,130.48,2024-08-07,6.52,46055,1781
7776,Organic,Partner Referral,144.45,2024-08-07,5.78,36079,866
7777,Google Ads,Inbound SEO,347.06,2024-08-07,43.38,19138,1605
7778,Google Ads,Brand Awareness Q1,331.98,2024-08-07,15.81,10986,1110
7779,Google Ads,Cold Outbound,301.79,2024-08-07,17.75,40131,398
7780,Meta Ads,Cold Outbound,292.48,2024-08-07,29.25,5329,1719
7781,LinkedIn,Partner Referral,770.3,2024-08-07,51.35,23486,1627
7782,Google Ads,End of Year Push,395.48,2024-08-07,26.37,8206,238
7783,LinkedIn,Cold Outbound,690.38,2024-08-07,76.71,29125,1526
7784,Referral,Cold Outbound,102.4,2024-08-07,4.27,13922,1887
7785,Referral,Brand Awareness Q1,132.19,2024-08-07,8.26,38420,1020
7786,LinkedIn,End of Year Push,481.3,2024-08-08,53.48,48432,479
7787,Organic,Summer Growth,148.48,2024-08-08,7.42,5151,1101
7788,Google Ads,Cold Outbound,240.24,2024-08-08,12.01,29275,157
7789,Referral,Brand Awareness Q1,98.02,2024-08-08,7.0,2451,1487
7790,Referral,Partner Referral,113.68,2024-08-08,11.37,19570,75
7791,Google Ads,Partner Referral,358.55,2024-08-08,44.82,3357,754
7792,Google Ads,End of Year Push,329.27,2024-08-08,17.33,32514,625
7793,Organic,Inbound SEO,153.45,2024-08-08,13.95,29546,679
7794,Google Ads,Summer Growth,286.41,2024-08-08,19.09,35041,1955
7795,Meta Ads,Product Launch,198.17,2024-08-08,13.21,43826,769
7796,Google Ads,Cold Outbound,302.78,2024-08-08,21.63,16577,1146
7797,Referral,Partner Referral,149.33,2024-08-08,13.58,32960,1030
7798,LinkedIn,Brand Awareness Q1,629.37,2024-08-08,37.02,14187,1144
7799,LinkedIn,Brand Awareness Q1,769.68,2024-08-08,38.48,14637,270
7800,Organic,Inbound SEO,176.59,2024-08-08,22.07,30749,1651
7801,Google Ads,Retargeting Wave,280.84,2024-08-08,11.7,28614,1086
7802,Meta Ads,Partner Referral,300.63,2024-08-08,33.4,32036,1974
7803,Referral,End of Year Push,149.6,2024-08-08,5.98,10083,1688
7804,Organic,Brand Awareness Q1,156.01,2024-08-08,17.33,41209,270
7805,Organic,Product Launch,156.18,2024-08-08,14.2,45474,832
7806,Meta Ads,Retargeting Wave,303.25,2024-08-08,13.78,41268,445
7807,LinkedIn,End of Year Push,742.98,2024-08-08,37.15,17347,1901
7808,Google Ads,Partner Referral,241.79,2024-08-08,21.98,1415,1305
7809,Google Ads,End of Year Push,275.35,2024-08-09,11.47,48137,367
7810,Direct,End of Year Push,176.18,2024-08-09,7.05,41848,1498
7811,Organic,End of Year Push,134.38,2024-08-09,6.11,21262,717
7812,LinkedIn,Cold Outbound,793.59,2024-08-09,88.18,22336,1303
7813,Organic,Brand Awareness Q1,158.27,2024-08-09,15.83,36126,1797
7814,Direct,Cold Outbound,183.83,2024-08-09,15.32,3534,888
7815,LinkedIn,Cold Outbound,575.98,2024-08-09,25.04,27118,1047
7816,Direct,Cold Outbound,177.07,2024-08-09,7.08,33556,1015
7817,Organic,Retargeting Wave,171.22,2024-08-09,7.13,14321,1284
7818,Meta Ads,Brand Awareness Q1,180.21,2024-08-09,9.01,46585,920
7819,Organic,Partner Referral,157.03,2024-08-09,6.54,37420,1157
7820,Email,Retargeting Wave,81.23,2024-08-09,3.38,38908,1609
7821,Referral,Cold Outbound,96.97,2024-08-09,12.12,28781,1584
7822,Organic,Cold Outbound,162.06,2024-08-09,8.53,1038,54
7823,Organic,Retargeting Wave,124.61,2024-08-09,13.85,17367,469
7824,Referral,Summer Growth,117.86,2024-08-10,6.2,13903,193
7825,Google Ads,Brand Awareness Q1,386.75,2024-08-10,20.36,45956,1141
7826,Organic,Retargeting Wave,160.22,2024-08-10,6.41,21524,1386
7827,Referral,Product Launch,100.53,2024-08-10,5.58,22019,864
7828,Organic,Summer Growth,174.93,2024-08-10,7.95,34622,667
7829,Organic,Cold Outbound,177.53,2024-08-10,8.88,2347,250
7830,Referral,End of Year Push,132.11,2024-08-10,10.16,24024,1028
7831,LinkedIn,Summer Growth,629.02,2024-08-10,31.45,39584,777
7832,LinkedIn,Inbound SEO,714.05,2024-08-10,59.5,17607,1430
7833,LinkedIn,End of Year Push,716.16,2024-08-10,34.1,3891,583
7834,Referral,Brand Awareness Q1,92.86,2024-08-10,5.8,49064,1693
7835,LinkedIn,Summer Growth,698.7,2024-08-10,46.58,38075,1678
7836,Google Ads,Summer Growth,369.03,2024-08-10,15.38,48193,645
7837,Organic,Retargeting Wave,131.18,2024-08-10,6.9,33026,1507
7838,Google Ads,Product Launch,277.46,2024-08-10,15.41,39224,776
7839,LinkedIn,Product Launch,505.19,2024-08-10,20.21,26906,1603
7840,Meta Ads,End of Year Push,199.93,2024-08-10,8.33,11015,261
7841,Email,Partner Referral,86.11,2024-08-10,3.44,23193,327
7842,Organic,Cold Outbound,122.58,2024-08-10,8.17,22532,1271
7843,Organic,Inbound SEO,132.14,2024-08-10,6.01,1992,1373
7844,Referral,Summer Growth,100.09,2024-08-11,6.26,33907,343
7845,Organic,Brand Awareness Q1,165.33,2024-08-11,12.72,22738,1308
7846,Google Ads,Inbound SEO,323.55,2024-08-11,17.98,29581,477
7847,Meta Ads,Cold Outbound,210.82,2024-08-11,13.18,11526,1360
7848,Email,Inbound SEO,60.45,2024-08-11,3.18,3412,327
7849,Email,Inbound SEO,83.6,2024-08-11,7.6,17922,1604
7850,LinkedIn,End of Year Push,717.82,2024-08-11,39.88,14768,1667
7851,Meta Ads,Inbound SEO,230.5,2024-08-11,10.98,39957,1771
7852,Organic,Brand Awareness Q1,178.6,2024-08-11,7.77,4534,556
7853,Google Ads,End of Year Push,317.75,2024-08-11,13.82,13199,846
7854,Organic,Summer Growth,169.05,2024-08-12,8.9,43237,425
7855,Meta Ads,End of Year Push,247.67,2024-08-12,11.26,19042,1519
7856,Meta Ads,Summer Growth,305.8,2024-08-12,12.23,20215,613
7857,Meta Ads,Brand Awareness Q1,254.75,2024-08-12,13.41,10339,1226
7858,Organic,Retargeting Wave,170.96,2024-08-12,19.0,37803,96
7859,Organic,Inbound SEO,177.77,2024-08-12,9.88,34310,985
7860,Meta Ads,Cold Outbound,225.36,2024-08-12,16.1,7668,483
7861,Organic,Brand Awareness Q1,129.39,2024-08-12,8.63,30170,1605
7862,Referral,Inbound SEO,145.17,2024-08-12,8.54,3262,1805
7863,Referral,End of Year Push,124.81,2024-08-12,7.8,511,1693
7864,Email,Cold Outbound,85.05,2024-08-12,3.4,48621,789
7865,LinkedIn,Partner Referral,737.03,2024-08-12,81.89,41419,1880
7866,LinkedIn,Summer Growth,519.3,2024-08-12,20.77,25437,773
7867,Meta Ads,Brand Awareness Q1,224.73,2024-08-12,18.73,47032,1859
7868,LinkedIn,Summer Growth,783.47,2024-08-12,46.09,26760,710
7869,Google Ads,End of Year Push,382.92,2024-08-12,29.46,11428,1839
7870,Direct,Partner Referral,179.05,2024-08-12,17.91,23632,399
7871,LinkedIn,Summer Growth,750.94,2024-08-12,75.09,29182,1037
7872,LinkedIn,Cold Outbound,628.57,2024-08-12,34.92,1868,1784
7873,Direct,Brand Awareness Q1,146.61,2024-08-12,18.33,26739,425
7874,Organic,Brand Awareness Q1,168.85,2024-08-12,16.88,30097,1717
7875,Meta Ads,Cold Outbound,265.58,2024-08-12,15.62,36309,1370
7876,Meta Ads,Product Launch,316.91,2024-08-12,22.64,37392,1659
7877,Referral,Brand Awareness Q1,108.61,2024-08-13,6.39,42525,624
7878,Meta Ads,Brand Awareness Q1,244.97,2024-08-13,11.67,28888,154
7879,LinkedIn,Partner Referral,622.56,2024-08-13,34.59,8888,1017
7880,Organic,End of Year Push,170.79,2024-08-13,17.08,48399,245
7881,Organic,Product Launch,170.76,2024-08-13,14.23,6107,1105
7882,LinkedIn,Brand Awareness Q1,637.56,2024-08-13,57.96,28800,369
7883,LinkedIn,Retargeting Wave,689.57,2024-08-13,36.29,5121,860
7884,LinkedIn,End of Year Push,593.98,2024-08-13,25.83,1451,549
7885,Google Ads,Retargeting Wave,372.06,2024-08-13,16.18,34636,711
7886,Organic,Brand Awareness Q1,139.06,2024-08-13,11.59,41488,982
7887,LinkedIn,End of Year Push,534.72,2024-08-13,48.61,37368,257
7888,LinkedIn,Retargeting Wave,583.04,2024-08-13,32.39,39275,625
7889,Direct,Product Launch,102.38,2024-08-13,11.38,38385,1425
7890,Google Ads,Cold Outbound,260.98,2024-08-13,14.5,33298,1970
7891,LinkedIn,Cold Outbound,588.23,2024-08-13,45.25,23686,174
7892,Referral,End of Year Push,142.64,2024-08-13,10.19,42206,1413
7893,LinkedIn,Brand Awareness Q1,725.91,2024-08-13,60.49,3790,1711
7894,Google Ads,Product Launch,327.51,2024-08-13,40.94,21551,489
7895,Referral,Retargeting Wave,148.37,2024-08-13,8.24,11098,1188
7896,Organic,Cold Outbound,135.02,2024-08-13,5.63,21261,1735
7897,Referral,Product Launch,145.05,2024-08-13,9.67,9990,822
7898,Google Ads,End of Year Push,396.23,2024-08-13,15.85,10689,281
7899,Organic,Brand Awareness Q1,144.77,2024-08-13,8.04,3321,1426
7900,Organic,Inbound SEO,167.59,2024-08-14,16.76,16375,146
7901,Referral,Partner Referral,132.91,2024-08-14,10.22,40408,658
7902,Organic,Partner Referral,167.32,2024-08-14,9.84,42632,1304
7903,Meta Ads,Cold Outbound,248.8,2024-08-14,31.1,14835,647
7904,Google Ads,Inbound SEO,267.93,2024-08-14,14.1,22160,329
7905,Meta Ads,Summer Growth,215.84,2024-08-14,10.79,37834,1941
7906,Organic,Cold Outbound,172.88,2024-08-14,9.1,37678,1658
7907,Referral,Brand Awareness Q1,88.02,2024-08-14,5.5,21651,591
7908,Referral,Inbound SEO,83.44,2024-08-14,4.91,47609,1819
7909,Meta Ads,Product Launch,284.0,2024-08-14,23.67,20208,164
7910,LinkedIn,Partner Referral,625.63,2024-08-14,29.79,26922,201
7911,Direct,Cold Outbound,165.98,2024-08-14,18.44,1374,947
7912,Google Ads,Brand Awareness Q1,363.67,2024-08-14,45.46,27733,237
7913,Meta Ads,Brand Awareness Q1,201.4,2024-08-14,14.39,8028,815
7914,Google Ads,Cold Outbound,384.06,2024-08-14,21.34,12665,285
7915,Email,Inbound SEO,84.65,2024-08-14,6.51,41514,575
7916,LinkedIn,Inbound SEO,555.42,2024-08-14,69.43,30029,939
7917,Email,Summer Growth,78.39,2024-08-15,4.36,24841,1326
7918,Organic,Cold Outbound,152.12,2024-08-15,6.61,24261,1980
7919,Direct,Summer Growth,189.56,2024-08-15,11.15,9239,703
7920,Direct,Cold Outbound,150.01,2024-08-15,8.82,10005,374
7921,Organic,End of Year Push,120.08,2024-08-15,5.22,49214,487
7922,Referral,Summer Growth,80.85,2024-08-15,4.76,21605,432
7923,Direct,Product Launch,117.69,2024-08-15,10.7,19384,323
7924,LinkedIn,Summer Growth,461.84,2024-08-15,20.08,39054,484
7925,LinkedIn,Retargeting Wave,564.81,2024-08-15,40.34,1477,1846
7926,Meta Ads,Retargeting Wave,276.54,2024-08-15,13.17,28748,73
7927,LinkedIn,Inbound SEO,535.3,2024-08-15,48.66,43042,601
7928,Meta Ads,End of Year Push,271.58,2024-08-15,18.11,6867,556
7929,Meta Ads,Brand Awareness Q1,304.05,2024-08-15,16.0,46220,1019
7930,Organic,Cold Outbound,165.62,2024-08-16,11.83,6315,195
7931,Google Ads,Partner Referral,347.57,2024-08-16,15.11,27536,1450
7932,Organic,Partner Referral,134.28,2024-08-16,7.07,35362,321
7933,Google Ads,Summer Growth,391.51,2024-08-16,19.58,5586,1081
7934,Organic,End of Year Push,122.06,2024-08-16,5.09,29194,1710
7935,Meta Ads,Product Launch,286.48,2024-08-16,14.32,14339,1431
7936,Direct,Inbound SEO,100.76,2024-08-16,5.93,32814,782
7937,Google Ads,Partner Referral,293.22,2024-08-16,12.22,15242,1969
7938,Organic,Summer Growth,156.54,2024-08-16,6.26,4888,383
7939,Meta Ads,Summer Growth,267.96,2024-08-16,26.8,31194,1012
7940,LinkedIn,Product Launch,478.04,2024-08-16,20.78,30846,1373
7941,Direct,Inbound SEO,111.56,2024-08-16,5.58,33027,1112
7942,Google Ads,Cold Outbound,341.38,2024-08-16,17.07,29129,301
7943,Organic,Cold Outbound,162.67,2024-08-16,9.57,48165,578
7944,Google Ads,Partner Referral,295.29,2024-08-16,15.54,29973,635
7945,Organic,Cold Outbound,173.32,2024-08-16,9.63,39822,1131
7946,Organic,Summer Growth,176.39,2024-08-17,12.6,10032,1945
7947,Meta Ads,Brand Awareness Q1,312.74,2024-08-17,28.43,12357,1311
7948,LinkedIn,Retargeting Wave,573.12,2024-08-17,35.82,21265,966
7949,Direct,Partner Referral,132.47,2024-08-17,8.28,2787,1693
7950,Google Ads,Retargeting Wave,351.67,2024-08-17,35.17,13452,270
7951,Organic,Inbound SEO,145.88,2024-08-17,12.16,33159,687
7952,Organic,Inbound SEO,163.71,2024-08-17,7.8,16972,707
7953,Google Ads,Product Launch,273.77,2024-08-17,30.42,16086,1131
7954,Referral,Summer Growth,109.56,2024-08-17,9.13,38957,572
7955,Meta Ads,Product Launch,260.21,2024-08-17,13.01,15186,449
7956,Google Ads,Brand Awareness Q1,384.43,2024-08-17,20.23,8445,192
7957,Organic,Summer Growth,160.97,2024-08-17,12.38,10038,369
7958,Google Ads,Partner Referral,392.08,2024-08-17,35.64,23511,1182
7959,Google Ads,Summer Growth,264.2,2024-08-17,26.42,35976,1588
7960,Referral,Product Launch,128.51,2024-08-17,9.89,16134,295
7961,Meta Ads,Summer Growth,251.02,2024-08-18,17.93,11727,1326
7962,Meta Ads,End of Year Push,248.73,2024-08-18,14.63,2387,1325
7963,Google Ads,Summer Growth,258.76,2024-08-18,16.17,35549,806
7964,Google Ads,Product Launch,391.87,2024-08-18,17.81,43278,596
7965,Meta Ads,Summer Growth,313.82,2024-08-18,12.55,30947,438
7966,Organic,Inbound SEO,163.49,2024-08-18,13.62,39328,1031
7967,Google Ads,Retargeting Wave,265.96,2024-08-18,13.3,36541,699
7968,Organic,Summer Growth,129.18,2024-08-18,5.62,45741,1952
7969,LinkedIn,Partner Referral,573.25,2024-08-18,47.77,30025,1487
7970,LinkedIn,Brand Awareness Q1,506.26,2024-08-18,56.25,15212,1319
7971,Referral,Brand Awareness Q1,107.46,2024-08-18,8.96,34046,217
7972,Organic,Summer Growth,126.37,2024-08-18,5.49,2699,664
7973,Organic,Cold Outbound,162.68,2024-08-18,6.51,43481,1397
7974,Email,Cold Outbound,88.17,2024-08-18,5.19,33951,150
7975,Google Ads,Cold Outbound,258.88,2024-08-18,32.36,8915,145
7976,Meta Ads,Cold Outbound,213.88,2024-08-18,23.76,41685,213
7977,Google Ads,Summer Growth,276.4,2024-08-18,13.16,8999,1235
7978,Google Ads,Brand Awareness Q1,391.25,2024-08-18,17.78,31872,279
7979,Meta Ads,Cold Outbound,271.92,2024-08-18,12.95,32622,1829
7980,LinkedIn,Partner Referral,539.67,2024-08-19,26.98,3829,879
7981,Google Ads,Retargeting Wave,294.13,2024-08-19,17.3,17918,1413
7982,Organic,Retargeting Wave,140.47,2024-08-19,5.85,33997,877
7983,Google Ads,Partner Referral,296.65,2024-08-19,11.87,49495,649
7984,Google Ads,Inbound SEO,267.54,2024-08-19,20.58,32839,1876
7985,Google Ads,Cold Outbound,391.67,2024-08-19,26.11,7616,752
7986,Google Ads,Retargeting Wave,290.56,2024-08-19,29.06,46061,1004
7987,Referral,Product Launch,149.47,2024-08-19,14.95,5654,359
7988,Google Ads,Summer Growth,326.22,2024-08-19,13.05,27524,1109
7989,Google Ads,Partner Referral,375.59,2024-08-19,26.83,20044,717
7990,Direct,Inbound SEO,152.73,2024-08-19,7.27,49432,1459
7991,Meta Ads,Summer Growth,308.61,2024-08-19,38.58,19435,802
7992,LinkedIn,Product Launch,581.8,2024-08-19,27.7,46294,533
7993,Google Ads,Product Launch,370.69,2024-08-19,26.48,24064,1312
7994,Organic,Cold Outbound,172.49,2024-08-19,21.56,1577,729
7995,Organic,End of Year Push,124.93,2024-08-19,6.25,12426,1025
7996,Direct,Inbound SEO,185.32,2024-08-19,7.41,26910,290
7997,Meta Ads,Retargeting Wave,193.79,2024-08-19,24.22,46974,1173
7998,Google Ads,Cold Outbound,390.98,2024-08-19,24.44,10655,895
7999,Organic,Retargeting Wave,157.93,2024-08-19,7.18,8154,1692
8000,Organic,Partner Referral,166.07,2024-08-19,13.84,31446,816
8001,Meta Ads,Product Launch,206.82,2024-08-19,22.98,2107,910
8002,Organic,End of Year Push,171.92,2024-08-19,8.19,36787,1298
8003,Google Ads,Cold Outbound,264.87,2024-08-20,15.58,35864,70
8004,Organic,End of Year Push,163.1,2024-08-20,8.58,10985,541
8005,Google Ads,Retargeting Wave,322.65,2024-08-20,16.98,39656,937
8006,Organic,Retargeting Wave,153.51,2024-08-20,7.68,4585,972
8007,Google Ads,Partner Referral,395.33,2024-08-20,16.47,8619,698
8008,Google Ads,End of Year Push,309.7,2024-08-20,14.75,49828,1479
8009,Organic,Cold Outbound,160.26,2024-08-20,8.9,8131,1799
8010,LinkedIn,Retargeting Wave,551.6,2024-08-20,45.97,21499,1189
8011,Google Ads,End of Year Push,299.88,2024-08-20,21.42,16506,1672
8012,Referral,Cold Outbound,113.38,2024-08-20,5.4,36347,1653
8013,LinkedIn,Retargeting Wave,517.29,2024-08-20,32.33,1940,1121
8014,LinkedIn,Cold Outbound,544.55,2024-08-20,24.75,10177,1010
8015,LinkedIn,Brand Awareness Q1,608.49,2024-08-20,50.71,33105,986
8016,LinkedIn,Brand Awareness Q1,475.74,2024-08-20,59.47,45302,633
8017,Referral,Brand Awareness Q1,144.61,2024-08-20,6.03,33086,1281
8018,Meta Ads,End of Year Push,313.63,2024-08-20,14.93,7703,1092
8019,Email,Cold Outbound,91.5,2024-08-20,5.08,10255,604
8020,Referral,Summer Growth,91.29,2024-08-20,4.56,19664,1891
8021,Organic,Summer Growth,122.07,2024-08-20,11.1,48678,1109
8022,Organic,Inbound SEO,130.13,2024-08-20,8.13,41814,1200
8023,Direct,Summer Growth,131.86,2024-08-21,13.19,43138,330
8024,Organic,Inbound SEO,168.38,2024-08-21,9.9,28197,553
8025,Organic,Cold Outbound,153.72,2024-08-21,6.15,17040,352
8026,Google Ads,Brand Awareness Q1,307.22,2024-08-21,27.93,31101,1006
8027,Organic,Brand Awareness Q1,142.53,2024-08-21,7.92,15506,1909
8028,Organic,Summer Growth,123.69,2024-08-21,8.25,25348,515
8029,LinkedIn,Partner Referral,708.34,2024-08-21,39.35,4616,1877
8030,Google Ads,End of Year Push,384.21,2024-08-21,18.3,16936,930
8031,Organic,Brand Awareness Q1,142.86,2024-08-21,7.52,20950,1520
8032,Google Ads,Brand Awareness Q1,251.94,2024-08-21,19.38,26423,1021
8033,Organic,Retargeting Wave,177.85,2024-08-21,22.23,19840,1687
8034,Meta Ads,End of Year Push,293.45,2024-08-21,36.68,29190,555
8035,Google Ads,Brand Awareness Q1,284.66,2024-08-21,35.58,49243,1049
8036,Meta Ads,Brand Awareness Q1,278.72,2024-08-21,12.12,29142,1106
8037,Google Ads,Retargeting Wave,301.12,2024-08-21,25.09,21017,1676
8038,Google Ads,End of Year Push,332.25,2024-08-21,20.77,35392,1871
8039,Meta Ads,Retargeting Wave,259.49,2024-08-21,12.36,36317,173
8040,Organic,Brand Awareness Q1,130.63,2024-08-21,5.94,28151,612
8041,Google Ads,Cold Outbound,272.22,2024-08-21,14.33,45582,1870
8042,LinkedIn,Product Launch,647.94,2024-08-21,28.17,17812,311
8043,Referral,Summer Growth,96.22,2024-08-22,8.02,36264,1465
8044,Organic,End of Year Push,169.29,2024-08-22,7.36,2035,543
8045,Meta Ads,Partner Referral,206.17,2024-08-22,8.59,25038,1028
8046,Google Ads,Summer Growth,390.35,2024-08-22,19.52,42629,1296
8047,Organic,Partner Referral,157.3,2024-08-22,6.29,40434,522
8048,Organic,Partner Referral,149.06,2024-08-22,14.91,25161,495
8049,LinkedIn,Summer Growth,548.37,2024-08-22,49.85,30550,360
8050,Referral,Summer Growth,90.41,2024-08-22,6.95,21797,1034
8051,Google Ads,Inbound SEO,258.92,2024-08-22,18.49,12269,680
8052,Google Ads,Partner Referral,248.3,2024-08-22,16.55,40172,1102
8053,Organic,Inbound SEO,151.46,2024-08-22,7.97,18309,402
8054,Organic,End of Year Push,143.49,2024-08-22,7.17,3986,162
8055,LinkedIn,Retargeting Wave,641.7,2024-08-22,45.84,22694,1623
8056,Direct,Cold Outbound,140.13,2024-08-22,6.37,12353,1974
8057,Organic,Brand Awareness Q1,150.65,2024-08-22,6.85,23531,198
8058,Organic,Partner Referral,138.0,2024-08-22,7.67,30041,1260
8059,Google Ads,Summer Growth,395.19,2024-08-22,49.4,16465,431
8060,Organic,Brand Awareness Q1,129.79,2024-08-22,11.8,32402,505
8061,LinkedIn,Inbound SEO,645.71,2024-08-22,35.87,46132,681
8062,Organic,Retargeting Wave,123.87,2024-08-23,5.9,32515,562
8063,Organic,Retargeting Wave,120.26,2024-08-23,15.03,20208,549
8064,Google Ads,Retargeting Wave,256.15,2024-08-23,25.61,8162,1245
8065,Google Ads,End of Year Push,314.73,2024-08-23,14.99,3795,1846
8066,Direct,End of Year Push,169.79,2024-08-23,10.61,3121,810
8067,Email,Summer Growth,114.07,2024-08-23,8.15,2887,144
8068,Google Ads,Inbound SEO,269.78,2024-08-23,19.27,12764,976
8069,Email,Product Launch,66.85,2024-08-23,4.46,14950,1727
8070,Organic,Partner Referral,149.17,2024-08-23,12.43,39676,1849
8071,Meta Ads,Summer Growth,316.59,2024-08-23,14.39,22340,680
8072,Meta Ads,Retargeting Wave,193.09,2024-08-23,16.09,43080,1515
8073,Organic,Product Launch,140.64,2024-08-23,12.79,21154,880
8074,Organic,Product Launch,133.03,2024-08-23,7.83,32991,677
8075,Direct,Cold Outbound,194.97,2024-08-23,16.25,32862,225
8076,Meta Ads,Summer Growth,229.61,2024-08-23,15.31,31112,161
8077,Organic,Cold Outbound,141.09,2024-08-23,6.41,36030,1550
8078,Direct,Retargeting Wave,155.88,2024-08-23,14.17,30512,1098
8079,Email,Cold Outbound,119.76,2024-08-23,7.98,40860,1618
8080,Referral,End of Year Push,110.48,2024-08-23,6.5,48880,1584
8081,Referral,Inbound SEO,121.04,2024-08-23,5.26,12635,111
8082,Organic,Inbound SEO,132.36,2024-08-23,10.18,8451,176
8083,Google Ads,Summer Growth,393.87,2024-08-23,35.81,17497,1958
8084,Google Ads,End of Year Push,341.17,2024-08-23,13.65,38999,1537
8085,Email,End of Year Push,74.63,2024-08-23,3.11,28713,457
8086,LinkedIn,Retargeting Wave,680.99,2024-08-23,56.75,14602,1672
8087,Google Ads,Product Launch,347.78,2024-08-23,21.74,40295,453
8088,Meta Ads,Brand Awareness Q1,292.54,2024-08-23,18.28,7018,1001
8089,Google Ads,Inbound SEO,368.92,2024-08-23,33.54,920,561
8090,LinkedIn,Summer Growth,777.99,2024-08-23,37.05,18481,1768
8091,Organic,End of Year Push,136.04,2024-08-23,6.18,49887,1396
8092,Google Ads,Brand Awareness Q1,258.46,2024-08-23,12.31,40679,125
8093,Google Ads,Summer Growth,374.84,2024-08-23,34.08,20425,1374
8094,Meta Ads,Summer Growth,189.79,2024-08-23,14.6,505,819
8095,Organic,Retargeting Wave,177.63,2024-08-23,17.76,35112,696
8096,Referral,Partner Referral,84.84,2024-08-23,4.04,48440,647
8097,Email,Brand Awareness Q1,64.74,2024-08-23,3.41,32906,1569
8098,Referral,Summer Growth,103.11,2024-08-23,10.31,42931,518
8099,Google Ads,End of Year Push,252.31,2024-08-23,19.41,39893,505
8100,Referral,End of Year Push,98.14,2024-08-24,8.18,48687,1109
8101,LinkedIn,End of Year Push,722.64,2024-08-24,38.03,46644,1298
8102,Referral,Cold Outbound,96.95,2024-08-24,7.46,28626,390
8103,LinkedIn,Summer Growth,742.97,2024-08-24,49.53,37970,243
8104,Google Ads,Product Launch,382.71,2024-08-24,17.4,44670,1882
8105,Direct,End of Year Push,144.22,2024-08-24,18.03,36162,1023
8106,LinkedIn,Brand Awareness Q1,686.39,2024-08-24,45.76,26452,637
8107,Meta Ads,Brand Awareness Q1,306.33,2024-08-24,23.56,44053,777
8108,Referral,Brand Awareness Q1,126.32,2024-08-24,6.02,46993,601
8109,Direct,Partner Referral,174.3,2024-08-24,7.92,28187,799
8110,Direct,Cold Outbound,149.2,2024-08-24,6.49,46844,691
8111,Referral,Summer Growth,90.99,2024-08-24,7.58,13815,1352
8112,Google Ads,Partner Referral,357.73,2024-08-24,21.04,17441,272
8113,Google Ads,Brand Awareness Q1,271.39,2024-08-24,27.14,48766,1731
8114,Google Ads,Product Launch,240.18,2024-08-24,15.01,1317,537
8115,Organic,End of Year Push,129.85,2024-08-24,7.64,13696,840
8116,Google Ads,Partner Referral,288.09,2024-08-24,13.72,13632,97
8117,Meta Ads,Brand Awareness Q1,297.98,2024-08-24,14.9,28444,1219
8118,Google Ads,Retargeting Wave,248.49,2024-08-24,15.53,1738,1941
8119,Google Ads,Retargeting Wave,305.05,2024-08-24,17.94,27240,1792
8120,Google Ads,Summer Growth,293.03,2024-08-24,12.74,43955,1232
8121,Organic,Brand Awareness Q1,133.91,2024-08-24,16.74,9485,1126
8122,Meta Ads,Retargeting Wave,311.6,2024-08-24,25.97,35650,596
8123,Referral,Brand Awareness Q1,103.22,2024-08-24,4.49,20822,1772
8124,LinkedIn,Product Launch,510.0,2024-08-24,20.4,1827,451
8125,LinkedIn,Retargeting Wave,788.8,2024-08-24,49.3,2474,157
8126,Organic,Inbound SEO,120.22,2024-08-25,5.72,35263,1899
8127,Meta Ads,Brand Awareness Q1,247.71,2024-08-25,16.51,47898,935
8128,Referral,Partner Referral,143.28,2024-08-25,8.43,20257,325
8129,Email,Summer Growth,69.17,2024-08-25,3.46,38664,882
8130,Referral,Product Launch,116.64,2024-08-25,4.86,28841,1204
8131,Meta Ads,End of Year Push,293.37,2024-08-25,17.26,33269,1830
8132,Direct,End of Year Push,161.97,2024-08-25,8.52,31544,306
8133,Organic,End of Year Push,173.46,2024-08-25,17.35,21200,309
8134,Referral,Brand Awareness Q1,127.04,2024-08-25,6.69,45603,987
8135,Meta Ads,Inbound SEO,256.57,2024-08-25,11.66,21404,1135
8136,Organic,Summer Growth,121.42,2024-08-25,6.39,20603,681
8137,Meta Ads,Retargeting Wave,188.89,2024-08-25,9.94,32628,531
8138,Meta Ads,Retargeting Wave,259.81,2024-08-25,10.83,2985,1491
8139,Organic,End of Year Push,168.15,2024-08-25,12.93,34480,1062
8140,Referral,Cold Outbound,133.26,2024-08-25,5.55,38379,1806
8141,Google Ads,End of Year Push,250.86,2024-08-25,20.91,43950,1858
8142,Referral,Brand Awareness Q1,106.11,2024-08-25,9.65,24636,1524
8143,Referral,Product Launch,111.67,2024-08-25,8.59,10034,427
8144,Organic,Brand Awareness Q1,128.1,2024-08-25,12.81,30218,1896
8145,Google Ads,End of Year Push,263.03,2024-08-25,20.23,4455,1921
8146,Direct,Summer Growth,157.45,2024-08-25,13.12,18362,355
8147,Organic,Brand Awareness Q1,153.14,2024-08-25,7.29,5652,1491
8148,Meta Ads,Partner Referral,287.8,2024-08-26,12.51,9915,947
8149,Meta Ads,Brand Awareness Q1,247.14,2024-08-26,20.59,46846,1968
8150,LinkedIn,Retargeting Wave,681.41,2024-08-26,27.26,19588,1033
8151,LinkedIn,Partner Referral,477.83,2024-08-26,20.78,15816,471
8152,LinkedIn,Brand Awareness Q1,704.16,2024-08-26,58.68,8502,547
8153,LinkedIn,End of Year Push,463.89,2024-08-26,35.68,32338,587
8154,Organic,End of Year Push,175.86,2024-08-26,15.99,29138,1258
8155,Google Ads,Cold Outbound,378.15,2024-08-26,23.63,16344,583
8156,Organic,Inbound SEO,151.85,2024-08-26,6.9,43207,928
8157,Referral,Inbound SEO,133.43,2024-08-26,13.34,24997,1899
8158,Organic,Partner Referral,125.81,2024-08-26,7.86,22827,1295
8159,Meta Ads,Retargeting Wave,192.03,2024-08-26,17.46,24417,222
8160,Meta Ads,End of Year Push,286.31,2024-08-26,11.93,27272,231
8161,Meta Ads,Inbound SEO,265.43,2024-08-26,15.61,1012,1341
8162,Referral,End of Year Push,142.05,2024-08-26,11.84,24006,504
8163,Google Ads,Inbound SEO,292.8,2024-08-26,20.91,39655,969
8164,Organic,Inbound SEO,166.16,2024-08-26,7.91,1537,56
8165,LinkedIn,Retargeting Wave,698.0,2024-08-26,58.17,646,1291
8166,Organic,Inbound SEO,128.53,2024-08-26,5.59,16674,1315
8167,Referral,Brand Awareness Q1,112.47,2024-08-26,5.11,6171,137
8168,Google Ads,Summer Growth,369.06,2024-08-26,36.91,46587,526
8169,LinkedIn,Product Launch,451.52,2024-08-26,34.73,14334,1414
8170,Organic,Retargeting Wave,141.29,2024-08-26,9.42,13529,1459
8171,Meta Ads,Inbound SEO,307.7,2024-08-26,21.98,28661,1487
8172,Referral,Product Launch,107.94,2024-08-26,5.4,31667,1493
8173,Google Ads,Product Launch,255.98,2024-08-26,25.6,26416,501
8174,Direct,Inbound SEO,116.53,2024-08-27,5.83,12729,393
8175,Direct,Cold Outbound,122.69,2024-08-27,10.22,18742,1463
8176,Direct,End of Year Push,181.67,2024-08-27,8.65,47914,1558
8177,LinkedIn,Partner Referral,467.3,2024-08-27,51.92,30556,1242
8178,Organic,Brand Awareness Q1,171.97,2024-08-27,9.05,6769,773
8179,LinkedIn,Summer Growth,709.5,2024-08-27,78.83,35287,1745
8180,Organic,Inbound SEO,165.45,2024-08-27,11.82,45805,1810
8181,Google Ads,Inbound SEO,352.91,2024-08-27,35.29,24435,1367
8182,Direct,Product Launch,162.54,2024-08-27,18.06,47333,1313
8183,Organic,Inbound SEO,133.71,2024-08-27,8.91,18337,358
8184,LinkedIn,Inbound SEO,673.81,2024-08-27,84.23,46664,213
8185,Google Ads,Brand Awareness Q1,394.55,2024-08-27,43.84,48161,1713
8186,Google Ads,Partner Referral,373.85,2024-08-27,33.99,41513,692
8187,Google Ads,End of Year Push,313.07,2024-08-27,24.08,18068,875
8188,LinkedIn,Retargeting Wave,678.26,2024-08-27,52.17,34793,1933
8189,Meta Ads,Partner Referral,208.16,2024-08-27,8.67,1210,261
8190,Organic,End of Year Push,145.28,2024-08-27,16.14,2723,705
8191,Google Ads,Product Launch,304.45,2024-08-27,17.91,41008,607
8192,Google Ads,Product Launch,358.71,2024-08-27,14.35,6422,1887
8193,Meta Ads,Inbound SEO,206.84,2024-08-27,10.89,5898,1733
8194,Organic,Summer Growth,143.72,2024-08-27,6.25,42986,1149
8195,Organic,Cold Outbound,146.34,2024-08-27,11.26,7869,539
8196,Google Ads,Partner Referral,350.51,2024-08-27,16.69,1765,394
8197,Email,End of Year Push,95.17,2024-08-27,9.52,27397,778
8198,Referral,Product Launch,88.2,2024-08-28,5.51,4406,655
8199,Email,End of Year Push,60.59,2024-08-28,3.56,6845,1867
8200,Meta Ads,Cold Outbound,180.57,2024-08-28,16.42,13638,1928
8201,Meta Ads,End of Year Push,247.25,2024-08-28,10.3,25318,659
8202,Organic,Brand Awareness Q1,147.94,2024-08-28,9.25,10424,138
8203,LinkedIn,Partner Referral,780.8,2024-08-28,39.04,47752,658
8204,Meta Ads,End of Year Push,254.36,2024-08-28,13.39,46295,1265
8205,LinkedIn,Summer Growth,537.24,2024-08-28,44.77,8983,843
8206,LinkedIn,End of Year Push,491.25,2024-08-28,27.29,16976,1714
8207,Organic,Brand Awareness Q1,150.27,2024-08-28,7.91,49816,132
8208,LinkedIn,Product Launch,736.51,2024-08-28,73.65,49918,882
8209,Referral,End of Year Push,130.63,2024-08-28,10.05,12350,612
8210,Organic,Retargeting Wave,166.8,2024-08-28,20.85,43005,1069
8211,Google Ads,End of Year Push,271.84,2024-08-28,16.99,5740,883
8212,Organic,Product Launch,134.55,2024-08-28,7.48,42871,1594
8213,Organic,Retargeting Wave,149.98,2024-08-28,18.75,9689,1216
8214,Organic,Product Launch,131.8,2024-08-28,10.98,31861,916
8215,Referral,Product Launch,140.3,2024-08-29,12.75,37377,261
8216,Email,Inbound SEO,115.55,2024-08-29,4.81,49887,127
8217,Google Ads,Inbound SEO,390.24,2024-08-29,21.68,49015,179
8218,Organic,Partner Referral,154.91,2024-08-29,7.75,46535,533
8219,Referral,Brand Awareness Q1,116.18,2024-08-29,6.45,33824,551
8220,Referral,Cold Outbound,80.59,2024-08-29,4.03,38809,109
8221,Referral,Partner Referral,100.73,2024-08-29,7.2,21210,97
8222,Meta Ads,Summer Growth,212.57,2024-08-29,8.5,35651,741
8223,Referral,Cold Outbound,96.51,2024-08-29,4.39,24209,541
8224,Organic,Retargeting Wave,155.7,2024-08-29,17.3,37858,1981
8225,Referral,End of Year Push,149.71,2024-08-29,10.69,11613,1370
8226,Google Ads,End of Year Push,340.36,2024-08-29,24.31,47660,720
8227,Referral,Retargeting Wave,107.53,2024-08-29,6.33,16440,496
8228,LinkedIn,Product Launch,666.71,2024-08-29,37.04,17917,1071
8229,LinkedIn,Product Launch,682.38,2024-08-29,29.67,36130,59
8230,Referral,Retargeting Wave,107.56,2024-08-29,6.33,36669,797
8231,Email,Cold Outbound,118.09,2024-08-29,4.72,45698,1926
8232,Google Ads,Partner Referral,335.61,2024-08-29,13.98,23876,1514
8233,Google Ads,Brand Awareness Q1,263.59,2024-08-29,23.96,7260,1130
8234,LinkedIn,Partner Referral,597.38,2024-08-29,39.83,47985,1067
8235,Organic,Inbound SEO,161.93,2024-08-29,9.0,20672,781
8236,Google Ads,Inbound SEO,293.89,2024-08-29,18.37,41460,232
8237,Referral,End of Year Push,92.31,2024-08-30,3.69,27898,205
8238,Email,Retargeting Wave,78.9,2024-08-30,7.17,15229,1356
8239,LinkedIn,Inbound SEO,509.55,2024-08-30,21.23,4713,597
8240,LinkedIn,Brand Awareness Q1,479.66,2024-08-30,43.61,44494,298
8241,Meta Ads,Retargeting Wave,228.2,2024-08-30,13.42,48552,399
8242,LinkedIn,Retargeting Wave,485.62,2024-08-30,26.98,33532,1459
8243,LinkedIn,Summer Growth,462.23,2024-08-30,51.36,41978,1553
8244,Google Ads,Inbound SEO,276.24,2024-08-30,14.54,7122,1235
8245,Meta Ads,End of Year Push,200.05,2024-08-30,11.77,46960,608
8246,Google Ads,Product Launch,306.6,2024-08-30,18.04,32880,905
8247,Meta Ads,Inbound SEO,276.64,2024-08-30,11.07,17100,781
8248,Meta Ads,Brand Awareness Q1,198.62,2024-08-30,10.45,3347,297
8249,LinkedIn,Brand Awareness Q1,584.21,2024-08-30,48.68,28541,1111
8250,Google Ads,Cold Outbound,333.58,2024-08-30,15.16,32885,936
8251,LinkedIn,Brand Awareness Q1,654.43,2024-08-30,54.54,38447,1722
8252,Meta Ads,Cold Outbound,214.67,2024-08-30,11.93,23252,1755
8253,Google Ads,Retargeting Wave,364.57,2024-08-30,24.3,7295,1442
8254,LinkedIn,Partner Referral,516.3,2024-08-30,25.81,29636,1851
8255,Organic,Inbound SEO,144.02,2024-08-30,10.29,22473,416
8256,Organic,End of Year Push,156.4,2024-08-30,6.26,26569,391
8257,Referral,Summer Growth,120.21,2024-08-30,4.81,31716,1355
8258,Meta Ads,Cold Outbound,303.67,2024-08-30,16.87,40236,1630
8259,Organic,Product Launch,157.53,2024-08-30,6.85,23723,252
8260,Organic,Inbound SEO,166.78,2024-08-31,6.95,49050,826
8261,Organic,Summer Growth,121.39,2024-08-31,8.67,34862,1221
8262,Direct,Cold Outbound,147.6,2024-08-31,5.9,22523,663
8263,LinkedIn,Retargeting Wave,468.13,2024-08-31,24.64,16629,1309
8264,Organic,Product Launch,125.08,2024-08-31,8.93,27237,663
8265,Referral,Inbound SEO,128.52,2024-08-31,14.28,25093,1224
8266,Google Ads,Brand Awareness Q1,350.26,2024-08-31,17.51,17915,993
8267,Google Ads,Inbound SEO,353.87,2024-08-31,44.23,15159,1024
8268,Google Ads,Partner Referral,259.85,2024-08-31,32.48,21662,796
8269,Meta Ads,Cold Outbound,186.07,2024-08-31,7.75,29717,1418
8270,Organic,End of Year Push,174.08,2024-08-31,7.57,48324,1574
8271,Organic,End of Year Push,148.13,2024-08-31,7.8,32546,870
8272,Referral,Partner Referral,116.3,2024-08-31,7.27,10431,1327
8273,Google Ads,Brand Awareness Q1,273.92,2024-08-31,15.22,19106,1015
8274,Organic,Retargeting Wave,161.37,2024-08-31,14.67,28202,1127
8275,Google Ads,Retargeting Wave,285.24,2024-08-31,11.88,37534,1318
8276,Google Ads,Inbound SEO,350.33,2024-08-31,31.85,43574,1388
8277,Google Ads,Brand Awareness Q1,242.78,2024-08-31,15.17,19123,1992
8278,Organic,End of Year Push,164.19,2024-08-31,9.12,47696,1608
8279,Organic,Cold Outbound,122.83,2024-08-31,13.65,47819,964
8280,LinkedIn,Retargeting Wave,458.57,2024-08-31,24.14,15055,89
8281,Organic,Cold Outbound,168.54,2024-08-31,12.04,18901,229
8282,Google Ads,Product Launch,316.78,2024-08-31,31.68,9769,1150
8283,Organic,Brand Awareness Q1,132.05,2024-08-31,7.77,16295,1667
8284,Direct,Brand Awareness Q1,105.48,2024-09-01,4.22,32711,1840
8285,LinkedIn,Cold Outbound,719.74,2024-09-01,42.34,7500,1851
8286,Email,Brand Awareness Q1,103.51,2024-09-01,12.94,11079,1939
8287,Google Ads,Cold Outbound,379.8,2024-09-01,23.74,22946,1450
8288,Referral,Retargeting Wave,107.02,2024-09-01,8.92,2428,834
8289,Organic,Cold Outbound,170.46,2024-09-01,7.1,9010,1867
8290,LinkedIn,Product Launch,460.82,2024-09-01,18.43,9884,764
8291,Email,Partner Referral,106.69,2024-09-01,5.62,21337,355
8292,Organic,Retargeting Wave,138.82,2024-09-01,5.78,4573,528
8293,Organic,Summer Growth,177.23,2024-09-01,9.33,31043,1640
8294,Organic,Summer Growth,169.69,2024-09-01,9.43,47344,659
8295,Google Ads,Brand Awareness Q1,264.22,2024-09-01,15.54,20418,267
8296,Meta Ads,Cold Outbound,276.22,2024-09-01,27.62,49942,208
8297,Organic,Inbound SEO,178.32,2024-09-01,17.83,17555,943
8298,Organic,Cold Outbound,137.44,2024-09-01,6.87,24590,1147
8299,Google Ads,Inbound SEO,351.11,2024-09-01,20.65,46878,1539
8300,Meta Ads,Partner Referral,204.95,2024-09-01,13.66,46833,1375
8301,Direct,Partner Referral,177.97,2024-09-01,7.74,14388,983
8302,Organic,Summer Growth,160.76,2024-09-01,6.99,26194,1678
8303,Organic,End of Year Push,169.63,2024-09-01,14.14,28086,671
8304,LinkedIn,Product Launch,479.3,2024-09-01,36.87,24096,792
8305,Organic,Inbound SEO,140.98,2024-09-01,17.62,8642,1161
8306,Organic,Brand Awareness Q1,155.11,2024-09-01,15.51,1148,1956
8307,Organic,End of Year Push,130.24,2024-09-01,14.47,1353,1416
8308,Direct,Brand Awareness Q1,110.22,2024-09-01,5.01,47617,527
8309,Meta Ads,End of Year Push,218.1,2024-09-01,12.83,524,1815
8310,Organic,Brand Awareness Q1,122.18,2024-09-02,5.55,43519,1022
8311,Referral,Cold Outbound,139.33,2024-09-02,10.72,39488,1045
8312,Organic,Brand Awareness Q1,135.59,2024-09-02,7.14,36235,1987
8313,Referral,Product Launch,124.08,2024-09-02,13.79,11735,562
8314,Google Ads,Retargeting Wave,303.97,2024-09-02,21.71,40696,1342
8315,Referral,Retargeting Wave,133.17,2024-09-02,10.24,10254,714
8316,Meta Ads,End of Year Push,263.09,2024-09-02,32.89,20771,1804
8317,LinkedIn,Inbound SEO,486.5,2024-09-02,34.75,33803,378
8318,Direct,Product Launch,119.69,2024-09-02,11.97,14662,1521
8319,Referral,End of Year Push,84.8,2024-09-02,3.39,25661,1875
8320,Email,Product Launch,90.83,2024-09-02,7.57,26535,1004
8321,Direct,Partner Referral,124.69,2024-09-02,11.34,4687,1273
8322,Referral,Summer Growth,93.44,2024-09-02,5.5,32655,1716
8323,Google Ads,Cold Outbound,262.05,2024-09-02,10.48,36093,356
8324,Organic,End of Year Push,140.35,2024-09-02,14.04,35355,1964
8325,Referral,Retargeting Wave,130.07,2024-09-02,7.65,20678,1496
8326,Referral,Retargeting Wave,121.98,2024-09-02,5.08,34940,461
8327,Google Ads,Retargeting Wave,271.89,2024-09-02,11.82,6971,1716
8328,Direct,Brand Awareness Q1,155.32,2024-09-02,14.12,31438,987
8329,Organic,Partner Referral,177.7,2024-09-02,8.88,24537,583
8330,Organic,Brand Awareness Q1,141.73,2024-09-03,15.75,10039,454
8331,Google Ads,Summer Growth,355.82,2024-09-03,20.93,2710,1015
8332,Meta Ads,Product Launch,297.62,2024-09-03,29.76,47061,96
8333,Google Ads,Summer Growth,279.2,2024-09-03,19.94,29495,255
8334,Meta Ads,Cold Outbound,279.34,2024-09-03,23.28,10556,1301
8335,Organic,Brand Awareness Q1,163.12,2024-09-03,7.41,29733,1159
8336,Referral,Inbound SEO,142.29,2024-09-03,14.23,44962,1313
8337,Organic,Product Launch,155.34,2024-09-03,14.12,30781,938
8338,Email,Partner Referral,119.92,2024-09-03,13.32,15394,1138
8339,Referral,Partner Referral,98.31,2024-09-03,8.19,27336,612
8340,Google Ads,Partner Referral,253.42,2024-09-03,23.04,22251,1384
8341,LinkedIn,Partner Referral,473.34,2024-09-03,59.17,22619,76
8342,Organic,Brand Awareness Q1,178.88,2024-09-03,7.78,35511,1638
8343,Google Ads,Summer Growth,392.33,2024-09-03,24.52,1920,1453
8344,Meta Ads,End of Year Push,243.27,2024-09-03,14.31,43521,1001
8345,Organic,Partner Referral,150.36,2024-09-03,10.74,32172,1981
8346,Google Ads,Retargeting Wave,305.58,2024-09-03,15.28,10439,328
8347,LinkedIn,Cold Outbound,571.6,2024-09-03,35.73,30467,941
8348,Organic,End of Year Push,153.81,2024-09-03,6.15,49068,493
8349,LinkedIn,End of Year Push,561.72,2024-09-03,70.22,5412,854
8350,Meta Ads,Cold Outbound,215.66,2024-09-03,23.96,29431,185
8351,Meta Ads,Cold Outbound,197.97,2024-09-03,11.0,8334,261
8352,Meta Ads,Brand Awareness Q1,215.37,2024-09-03,15.38,19207,414
8353,Meta Ads,Partner Referral,243.87,2024-09-03,11.09,13699,1904
8354,LinkedIn,Brand Awareness Q1,705.67,2024-09-03,64.15,30980,836
8355,Google Ads,Product Launch,387.81,2024-09-04,17.63,40619,237
8356,LinkedIn,Summer Growth,798.9,2024-09-04,42.05,18656,125
8357,Direct,Inbound SEO,151.32,2024-09-04,7.57,39955,1832
8358,Organic,End of Year Push,133.76,2024-09-04,7.87,37166,299
8359,Organic,Retargeting Wave,134.54,2024-09-04,7.47,14269,1624
8360,Meta Ads,Cold Outbound,195.49,2024-09-04,11.5,47770,315
8361,Organic,Summer Growth,146.0,2024-09-04,14.6,24165,1556
8362,LinkedIn,Summer Growth,616.92,2024-09-04,44.07,25863,1757
8363,LinkedIn,Inbound SEO,683.1,2024-09-04,45.54,29500,1292
8364,Organic,Partner Referral,152.46,2024-09-04,10.16,41007,1895
8365,Google Ads,Retargeting Wave,327.25,2024-09-04,13.64,5378,1058
8366,Referral,Product Launch,124.55,2024-09-04,5.42,7307,495
8367,Organic,Product Launch,160.84,2024-09-04,8.94,3768,1153
8368,Google Ads,Product Launch,274.06,2024-09-04,27.41,48561,290
8369,Email,Product Launch,65.68,2024-09-04,2.63,34909,1581
8370,Referral,Retargeting Wave,121.11,2024-09-04,6.37,20859,1852
8371,Referral,Inbound SEO,83.07,2024-09-04,4.89,16775,478
8372,Organic,Inbound SEO,129.23,2024-09-04,7.6,13101,338
8373,Direct,End of Year Push,127.61,2024-09-04,9.82,11893,172
8374,Email,Summer Growth,90.87,2024-09-04,11.36,22148,1532
8375,Referral,Retargeting Wave,138.7,2024-09-04,15.41,49272,1157
8376,LinkedIn,Cold Outbound,478.92,2024-09-04,36.84,16495,1959
8377,Referral,End of Year Push,94.97,2024-09-04,5.0,7044,1561
8378,Direct,Inbound SEO,146.41,2024-09-04,14.64,21296,1708
8379,Email,End of Year Push,77.32,2024-09-04,4.07,28302,1027
8380,Referral,Summer Growth,121.47,2024-09-04,6.39,19357,1879
8381,LinkedIn,Retargeting Wave,761.33,2024-09-05,36.25,6760,960
8382,Google Ads,End of Year Push,291.06,2024-09-05,12.65,36912,1612
8383,Organic,Summer Growth,151.22,2024-09-05,8.4,6372,514
8384,Referral,Partner Referral,80.61,2024-09-05,5.76,19948,122
8385,Meta Ads,Summer Growth,291.94,2024-09-05,22.46,42801,1945
8386,Meta Ads,Partner Referral,260.26,2024-09-05,21.69,45310,1912
8387,Referral,Partner Referral,133.47,2024-09-05,12.13,36101,1623
8388,Organic,Cold Outbound,146.35,2024-09-05,6.65,27146,1979
8389,Google Ads,Cold Outbound,261.08,2024-09-05,10.88,47346,1077
8390,Google Ads,Brand Awareness Q1,312.46,2024-09-05,18.38,30699,816
8391,Google Ads,Brand Awareness Q1,271.53,2024-09-05,18.1,14158,1467
8392,LinkedIn,Brand Awareness Q1,671.28,2024-09-05,61.03,12180,516
8393,Organic,Brand Awareness Q1,120.34,2024-09-05,10.94,49890,288
8394,LinkedIn,End of Year Push,732.37,2024-09-05,45.77,7459,1340
8395,Direct,Product Launch,168.57,2024-09-05,14.05,5986,1823
8396,Organic,Inbound SEO,125.03,2024-09-05,12.5,7283,139
8397,Meta Ads,Brand Awareness Q1,304.57,2024-09-06,12.18,37558,753
8398,Direct,Inbound SEO,138.79,2024-09-06,9.25,22910,860
8399,Referral,Brand Awareness Q1,129.76,2024-09-06,16.22,36445,1532
8400,Organic,Product Launch,160.52,2024-09-06,6.42,26214,73
8401,Google Ads,Summer Growth,334.83,2024-09-06,14.56,48919,678
8402,Google Ads,Cold Outbound,355.71,2024-09-06,22.23,39830,1418
8403,LinkedIn,Retargeting Wave,510.55,2024-09-06,31.91,43800,1291
8404,LinkedIn,Partner Referral,652.84,2024-09-06,43.52,37794,297
8405,Google Ads,Partner Referral,247.58,2024-09-06,14.56,5901,1469
8406,Google Ads,Cold Outbound,348.66,2024-09-06,43.58,49550,1877
8407,Organic,Inbound SEO,127.56,2024-09-06,14.17,27861,551
8408,Referral,Summer Growth,103.53,2024-09-06,4.93,29569,1126
8409,Email,Brand Awareness Q1,79.93,2024-09-06,5.0,20447,692
8410,Google Ads,Inbound SEO,364.41,2024-09-06,15.18,45168,1956
8411,Organic,Partner Referral,176.45,2024-09-06,11.76,9410,1360
8412,Google Ads,End of Year Push,355.2,2024-09-07,19.73,1073,1148
8413,Direct,Summer Growth,197.95,2024-09-07,18.0,8828,1898
8414,Meta Ads,Summer Growth,306.81,2024-09-07,15.34,9846,911
8415,LinkedIn,Inbound SEO,668.56,2024-09-07,51.43,2117,745
8416,Google Ads,Inbound SEO,306.18,2024-09-07,21.87,10086,1848
8417,Email,Cold Outbound,63.86,2024-09-07,3.99,26806,817
8418,Email,Product Launch,72.4,2024-09-07,3.81,27296,1276
8419,Organic,Cold Outbound,166.4,2024-09-07,8.32,6515,1703
8420,LinkedIn,Partner Referral,603.65,2024-09-07,24.15,6638,503
8421,Meta Ads,Summer Growth,320.0,2024-09-07,40.0,9031,1375
8422,Organic,Retargeting Wave,149.97,2024-09-07,16.66,11982,1998
8423,Meta Ads,Partner Referral,261.49,2024-09-07,14.53,42742,1533
8424,Organic,End of Year Push,164.19,2024-09-07,16.42,40497,93
8425,Meta Ads,Product Launch,243.95,2024-09-07,13.55,34826,605
8426,Referral,Partner Referral,92.9,2024-09-07,4.89,8765,1700
8427,Organic,Partner Referral,149.9,2024-09-07,16.66,12280,774
8428,Referral,Cold Outbound,142.57,2024-09-07,5.94,6580,233
8429,Referral,Partner Referral,126.27,2024-09-07,14.03,45360,1295
8430,Google Ads,End of Year Push,376.74,2024-09-07,28.98,43495,1074
8431,Google Ads,Cold Outbound,374.79,2024-09-07,17.04,39139,1845
8432,Meta Ads,Retargeting Wave,257.83,2024-09-07,32.23,34727,788
8433,Organic,Partner Referral,169.31,2024-09-07,16.93,39923,1131
8434,Organic,Brand Awareness Q1,128.84,2024-09-07,6.44,22709,1029
8435,Google Ads,Partner Referral,265.47,2024-09-08,11.54,10123,1121
8436,Organic,Summer Growth,171.75,2024-09-08,7.81,33357,1542
8437,Referral,Brand Awareness Q1,115.45,2024-09-08,7.22,11543,1128
8438,Meta Ads,Product Launch,251.56,2024-09-08,13.98,37874,1125
8439,Google Ads,Product Launch,310.39,2024-09-08,18.26,8479,1896
8440,LinkedIn,Summer Growth,551.03,2024-09-08,29.0,31479,192
8441,Meta Ads,Partner Referral,203.84,2024-09-08,9.27,12015,1702
8442,Meta Ads,Inbound SEO,259.27,2024-09-08,11.27,28552,1671
8443,Referral,Inbound SEO,103.26,2024-09-08,10.33,17755,932
8444,Direct,End of Year Push,160.66,2024-09-08,16.07,18103,459
8445,Email,Inbound SEO,95.68,2024-09-08,6.38,10874,260
8446,Meta Ads,End of Year Push,302.36,2024-09-08,27.49,42888,793
8447,Email,Inbound SEO,74.92,2024-09-08,3.12,47797,1947
8448,Google Ads,Retargeting Wave,367.33,2024-09-08,14.69,14178,1714
8449,Organic,Brand Awareness Q1,150.19,2024-09-08,7.15,33231,272
8450,LinkedIn,Product Launch,622.5,2024-09-08,32.76,5899,1101
8451,Referral,Cold Outbound,109.83,2024-09-08,6.1,44181,892
8452,Google Ads,Cold Outbound,386.32,2024-09-08,35.12,30127,1393
8453,Google Ads,Retargeting Wave,357.23,2024-09-08,39.69,40693,985
8454,LinkedIn,Summer Growth,630.95,2024-09-08,42.06,43402,1648
8455,Referral,Retargeting Wave,119.46,2024-09-08,5.19,17534,1412
8456,LinkedIn,Brand Awareness Q1,577.41,2024-09-08,64.16,19969,676
8457,Referral,Inbound SEO,117.77,2024-09-09,13.09,1135,1563
8458,Referral,Brand Awareness Q1,82.54,2024-09-09,3.59,43498,1506
8459,Meta Ads,Partner Referral,223.01,2024-09-09,14.87,18622,1127
8460,Google Ads,Partner Referral,291.59,2024-09-09,16.2,36239,1095
8461,Direct,End of Year Push,160.22,2024-09-09,9.42,2530,1893
8462,LinkedIn,End of Year Push,643.92,2024-09-09,25.76,47054,591
8463,Organic,Cold Outbound,178.8,2024-09-09,22.35,29496,1118
8464,Meta Ads,End of Year Push,212.05,2024-09-09,23.56,6229,622
8465,Organic,Partner Referral,150.38,2024-09-09,16.71,28774,1469
8466,Organic,Product Launch,143.31,2024-09-09,14.33,31551,1318
8467,Google Ads,Partner Referral,307.13,2024-09-09,13.35,1826,1634
8468,Direct,Retargeting Wave,187.8,2024-09-09,14.45,510,754
8469,Organic,Brand Awareness Q1,123.67,2024-09-09,15.46,2884,178
8470,Meta Ads,Brand Awareness Q1,201.29,2024-09-09,10.06,12629,177
8471,Direct,Brand Awareness Q1,112.16,2024-09-09,5.61,35634,1192
8472,Meta Ads,Brand Awareness Q1,180.65,2024-09-10,20.07,20677,384
8473,Organic,Partner Referral,177.08,2024-09-10,11.81,46639,624
8474,Google Ads,Brand Awareness Q1,289.39,2024-09-10,18.09,2683,1490
8475,Meta Ads,Product Launch,275.23,2024-09-10,14.49,39679,339
8476,Organic,End of Year Push,129.99,2024-09-10,7.22,9034,103
8477,Meta Ads,Retargeting Wave,237.88,2024-09-10,15.86,23021,1212
8478,Organic,Summer Growth,141.92,2024-09-10,5.91,13750,1460
8479,Referral,Inbound SEO,82.8,2024-09-10,3.76,31984,676
8480,Google Ads,Partner Referral,342.23,2024-09-10,28.52,8169,636
8481,LinkedIn,Retargeting Wave,704.34,2024-09-10,29.35,46316,1332
8482,Email,Summer Growth,76.15,2024-09-10,3.63,42478,1592
8483,LinkedIn,Partner Referral,692.32,2024-09-10,62.94,32861,1435
8484,Google Ads,Product Launch,328.51,2024-09-10,16.43,35550,1783
8485,Referral,Retargeting Wave,141.52,2024-09-10,12.87,24487,722
8486,LinkedIn,Retargeting Wave,771.36,2024-09-10,42.85,30335,78
8487,Organic,Summer Growth,160.47,2024-09-10,6.98,12926,1362
8488,Organic,Summer Growth,140.05,2024-09-10,12.73,42230,398
8489,Meta Ads,Summer Growth,238.92,2024-09-10,15.93,8342,1610
8490,Referral,Inbound SEO,116.11,2024-09-10,6.45,29821,123
8491,Organic,Partner Referral,121.72,2024-09-10,12.17,43796,1298
8492,LinkedIn,Inbound SEO,699.92,2024-09-10,41.17,11602,761
8493,LinkedIn,Product Launch,563.72,2024-09-10,29.67,16032,971
8494,Organic,Brand Awareness Q1,138.04,2024-09-11,6.9,23929,1327
8495,Referral,Inbound SEO,121.06,2024-09-11,7.57,18508,57
8496,Meta Ads,Inbound SEO,181.68,2024-09-11,7.27,40240,368
8497,LinkedIn,Summer Growth,631.44,2024-09-11,35.08,20593,1805
8498,Referral,Partner Referral,134.12,2024-09-11,9.58,1259,1083
8499,Organic,Cold Outbound,161.8,2024-09-11,7.03,9460,1395
8500,Referral,End of Year Push,87.94,2024-09-11,6.28,37244,1344
8501,Meta Ads,Summer Growth,214.14,2024-09-11,23.79,12188,1691
8502,Google Ads,Partner Referral,335.58,2024-09-11,19.74,39309,498
8503,Google Ads,Cold Outbound,281.29,2024-09-11,35.16,29823,744
8504,Referral,End of Year Push,100.33,2024-09-11,4.01,36320,1815
8505,Organic,Retargeting Wave,134.47,2024-09-11,16.81,37550,297
8506,Google Ads,Inbound SEO,363.96,2024-09-11,15.82,20505,1896
8507,Organic,Partner Referral,151.57,2024-09-11,6.59,35156,356
8508,Meta Ads,Cold Outbound,241.72,2024-09-11,12.09,34869,1849
8509,Organic,Summer Growth,154.51,2024-09-11,17.17,23830,299
8510,LinkedIn,Partner Referral,488.14,2024-09-11,37.55,38589,1751
8511,LinkedIn,Partner Referral,521.17,2024-09-11,37.23,17868,783
8512,Meta Ads,Partner Referral,203.77,2024-09-11,13.58,43347,818
8513,Organic,Retargeting Wave,139.87,2024-09-11,5.59,5345,266
8514,Referral,Inbound SEO,98.06,2024-09-11,4.26,24161,1131
8515,LinkedIn,Partner Referral,528.2,2024-09-11,21.13,34968,110
8516,Google Ads,Retargeting Wave,350.83,2024-09-11,19.49,6817,302
8517,Google Ads,Summer Growth,286.93,2024-09-11,11.96,49042,950
8518,LinkedIn,Brand Awareness Q1,733.37,2024-09-12,81.49,2084,1603
8519,Organic,End of Year Push,173.98,2024-09-12,9.67,43733,323
8520,Referral,Summer Growth,113.24,2024-09-12,5.15,42130,403
8521,Meta Ads,Retargeting Wave,211.06,2024-09-12,12.42,36588,1058
8522,Referral,End of Year Push,128.81,2024-09-12,6.13,2950,1519
8523,LinkedIn,Retargeting Wave,763.67,2024-09-12,40.19,42796,784
8524,LinkedIn,Summer Growth,514.27,2024-09-12,30.25,49798,876
8525,LinkedIn,Product Launch,612.95,2024-09-12,26.65,2535,220
8526,Meta Ads,Cold Outbound,196.34,2024-09-12,16.36,7925,1042
8527,LinkedIn,End of Year Push,689.86,2024-09-12,34.49,634,938
8528,LinkedIn,Retargeting Wave,597.82,2024-09-12,37.36,36250,1059
8529,Meta Ads,Summer Growth,265.37,2024-09-12,12.06,13179,454
8530,Direct,Partner Referral,112.99,2024-09-12,8.69,18767,1498
8531,Meta Ads,Product Launch,244.91,2024-09-12,11.13,19130,494
8532,Google Ads,Inbound SEO,321.6,2024-09-12,16.08,37899,483
8533,Referral,Cold Outbound,134.62,2024-09-12,8.41,46543,553
8534,Referral,Product Launch,133.62,2024-09-12,14.85,22172,84
8535,Organic,Brand Awareness Q1,123.32,2024-09-12,6.49,3190,1195
8536,LinkedIn,Retargeting Wave,698.77,2024-09-12,36.78,4225,451
8537,Referral,End of Year Push,111.63,2024-09-12,5.88,1310,1295
8538,Organic,Partner Referral,172.81,2024-09-12,13.29,22977,1478
8539,Direct,Product Launch,172.29,2024-09-13,8.2,4951,1016
8540,Google Ads,Retargeting Wave,298.64,2024-09-13,29.86,34784,1949
8541,Meta Ads,Product Launch,199.03,2024-09-13,8.29,30092,115
8542,Organic,End of Year Push,124.07,2024-09-13,5.91,49673,1383
8543,Organic,Product Launch,156.16,2024-09-13,11.15,10656,1957
8544,Organic,Cold Outbound,160.86,2024-09-13,10.05,44909,1369
8545,Google Ads,Product Launch,255.18,2024-09-13,21.27,31113,911
8546,LinkedIn,Cold Outbound,680.8,2024-09-13,27.23,27957,929
8547,Organic,Partner Referral,146.82,2024-09-13,8.64,19415,1378
8548,LinkedIn,Cold Outbound,716.65,2024-09-13,79.63,32857,1051
8549,Organic,Inbound SEO,176.3,2024-09-13,14.69,47692,530
8550,Direct,Inbound SEO,108.8,2024-09-13,9.89,6312,1090
8551,LinkedIn,Brand Awareness Q1,707.22,2024-09-13,37.22,18120,310
8552,Organic,Summer Growth,124.51,2024-09-13,9.58,25215,1919
8553,Organic,Retargeting Wave,166.68,2024-09-13,6.95,39558,1875
8554,Direct,Cold Outbound,139.54,2024-09-13,8.21,25820,1516
8555,Google Ads,Cold Outbound,243.86,2024-09-13,13.55,43547,179
8556,Meta Ads,Product Launch,212.5,2024-09-14,11.81,18641,1076
8557,Organic,Brand Awareness Q1,139.13,2024-09-14,5.57,24385,1569
8558,Referral,Inbound SEO,84.4,2024-09-14,4.96,37928,1930
8559,Google Ads,Inbound SEO,350.58,2024-09-14,43.82,45500,656
8560,Google Ads,Inbound SEO,393.08,2024-09-14,28.08,17269,1777
8561,Organic,Product Launch,138.02,2024-09-14,11.5,33340,1200
8562,Organic,Product Launch,133.69,2024-09-14,6.37,687,398
8563,Meta Ads,Retargeting Wave,270.62,2024-09-14,10.82,2095,1717
8564,Google Ads,Cold Outbound,335.05,2024-09-14,23.93,14071,1603
8565,Google Ads,Cold Outbound,245.74,2024-09-14,12.29,6390,224
8566,Organic,Cold Outbound,172.95,2024-09-14,8.24,13627,129
8567,Organic,Partner Referral,151.09,2024-09-14,7.19,47649,1741
8568,LinkedIn,Inbound SEO,775.37,2024-09-14,51.69,24401,1489
8569,LinkedIn,Inbound SEO,476.82,2024-09-14,21.67,41074,1884
8570,Organic,Summer Growth,146.59,2024-09-14,9.16,34610,869
8571,Meta Ads,End of Year Push,203.04,2024-09-14,8.12,46869,1670
8572,Google Ads,Inbound SEO,259.31,2024-09-14,23.57,2411,1641
8573,LinkedIn,Retargeting Wave,654.45,2024-09-14,32.72,28222,947
8574,Organic,Brand Awareness Q1,150.37,2024-09-14,9.4,36083,1409
8575,Organic,Cold Outbound,125.52,2024-09-14,10.46,32789,1475
8576,Google Ads,Summer Growth,242.25,2024-09-14,22.02,6338,798
8577,Google Ads,Partner Referral,386.44,2024-09-15,25.76,41896,296
8578,Email,Brand Awareness Q1,107.83,2024-09-15,4.49,18033,1165
8579,Google Ads,End of Year Push,313.01,2024-09-15,20.87,34429,257
8580,Referral,Summer Growth,97.5,2024-09-15,5.74,32685,881
8581,Google Ads,Retargeting Wave,396.89,2024-09-15,15.88,17823,933
8582,Organic,Summer Growth,139.9,2024-09-15,17.49,7972,663
8583,Google Ads,Cold Outbound,387.09,2024-09-15,35.19,30370,1408
8584,Organic,End of Year Push,120.48,2024-09-15,10.95,5074,438
8585,Meta Ads,Inbound SEO,242.34,2024-09-15,30.29,37467,441
8586,Organic,Partner Referral,120.17,2024-09-15,10.92,32079,512
8587,Google Ads,Cold Outbound,295.23,2024-09-15,26.84,31851,1027
8588,Google Ads,Partner Referral,378.1,2024-09-15,18.91,19436,170
8589,Referral,Partner Referral,85.53,2024-09-15,6.58,21500,1204
8590,Google Ads,Inbound SEO,393.45,2024-09-15,24.59,30307,1303
8591,Referral,Brand Awareness Q1,89.75,2024-09-15,3.74,39610,1598
8592,Direct,Inbound SEO,149.49,2024-09-15,7.87,28618,268
8593,Google Ads,End of Year Push,325.6,2024-09-15,14.16,44401,696
8594,Organic,Summer Growth,138.35,2024-09-15,15.37,11582,1068
8595,Organic,Partner Referral,160.93,2024-09-15,10.06,47388,880
8596,Google Ads,Partner Referral,352.24,2024-09-16,35.22,49100,1339
8597,Referral,Product Launch,105.2,2024-09-16,4.57,11843,438
8598,LinkedIn,Inbound SEO,624.63,2024-09-16,36.74,13367,1898
8599,Google Ads,Brand Awareness Q1,315.55,2024-09-16,28.69,21419,402
8600,Google Ads,Cold Outbound,345.1,2024-09-16,20.3,35459,838
8601,Meta Ads,Inbound SEO,266.94,2024-09-16,11.12,34710,434
8602,Meta Ads,Retargeting Wave,280.67,2024-09-16,12.76,39762,279
8603,Email,Partner Referral,102.7,2024-09-16,5.13,21656,1219
8604,LinkedIn,Retargeting Wave,549.17,2024-09-16,28.9,1615,1804
8605,Referral,End of Year Push,92.52,2024-09-16,8.41,10271,588
8606,LinkedIn,Summer Growth,799.69,2024-09-16,49.98,10931,1050
8607,Google Ads,Inbound SEO,384.02,2024-09-16,16.0,37481,260
8608,Google Ads,Inbound SEO,336.23,2024-09-16,19.78,22175,1874
8609,LinkedIn,Cold Outbound,502.72,2024-09-16,35.91,30566,1487
8610,Organic,Partner Referral,135.49,2024-09-16,5.65,38953,460
8611,LinkedIn,Retargeting Wave,543.38,2024-09-16,49.4,34829,1840
8612,Google Ads,Brand Awareness Q1,242.88,2024-09-16,30.36,25898,90
8613,Google Ads,Cold Outbound,242.09,2024-09-17,12.1,8772,598
8614,Organic,End of Year Push,179.94,2024-09-17,12.85,41964,1948
8615,Organic,Product Launch,160.43,2024-09-17,6.98,14825,523
8616,Meta Ads,Product Launch,201.45,2024-09-17,11.19,32872,100
8617,Referral,Partner Referral,129.92,2024-09-17,5.65,10843,187
8618,Meta Ads,Summer Growth,229.36,2024-09-17,12.07,30154,1055
8619,Organic,Cold Outbound,127.38,2024-09-17,7.08,16271,1675
8620,Google Ads,Partner Referral,337.42,2024-09-17,37.49,14957,854
8621,Organic,Retargeting Wave,171.36,2024-09-17,11.42,40724,1531
8622,Google Ads,End of Year Push,266.53,2024-09-17,19.04,27482,1244
8623,Organic,Summer Growth,140.16,2024-09-17,6.09,36404,1991
8624,Email,End of Year Push,60.62,2024-09-17,7.58,41723,803
8625,Google Ads,Inbound SEO,280.24,2024-09-17,11.21,39460,877
8626,Meta Ads,Cold Outbound,311.75,2024-09-17,18.34,34651,354
8627,LinkedIn,Inbound SEO,641.17,2024-09-17,25.65,48788,477
8628,Direct,Summer Growth,168.33,2024-09-17,6.73,43430,549
8629,LinkedIn,Product Launch,456.36,2024-09-17,45.64,21906,1496
8630,Meta Ads,Product Launch,293.86,2024-09-17,36.73,35521,478
8631,LinkedIn,Partner Referral,771.09,2024-09-17,59.31,9808,1080
8632,Meta Ads,End of Year Push,220.46,2024-09-17,22.05,4704,1809
8633,Organic,Product Launch,150.31,2024-09-17,16.7,19799,1116
8634,Referral,Summer Growth,108.45,2024-09-17,7.75,16874,928
8635,Email,Inbound SEO,93.42,2024-09-17,4.06,42549,177
8636,Organic,Partner Referral,152.62,2024-09-17,6.64,7580,1215
8637,Google Ads,Partner Referral,265.52,2024-09-17,17.7,46640,69
8638,Organic,Partner Referral,170.14,2024-09-17,7.09,3539,1670
8639,Organic,Cold Outbound,158.55,2024-09-17,11.33,37395,1576
8640,LinkedIn,Partner Referral,647.81,2024-09-18,30.85,25686,414
8641,Meta Ads,End of Year Push,260.83,2024-09-18,11.86,18966,187
8642,Referral,End of Year Push,118.16,2024-09-18,11.82,43539,955
8643,Google Ads,Cold Outbound,368.47,2024-09-18,26.32,49772,744
8644,Organic,Product Launch,152.0,2024-09-18,19.0,47399,611
8645,Meta Ads,End of Year Push,274.55,2024-09-18,34.32,6734,1264
8646,Organic,Brand Awareness Q1,154.54,2024-09-18,7.02,18827,1094
8647,Email,Summer Growth,70.6,2024-09-18,2.82,14479,1362
8648,Referral,Cold Outbound,104.68,2024-09-18,8.72,2536,1020
8649,LinkedIn,Brand Awareness Q1,688.87,2024-09-18,62.62,18234,1502
8650,Meta Ads,Product Launch,282.6,2024-09-18,12.85,11838,1964
8651,Referral,Inbound SEO,83.48,2024-09-18,3.34,45477,71
8652,LinkedIn,Inbound SEO,679.79,2024-09-18,67.98,30892,1772
8653,Google Ads,Partner Referral,326.4,2024-09-18,27.2,8839,89
8654,Email,Partner Referral,92.18,2024-09-18,4.01,16531,889
8655,Email,Retargeting Wave,74.32,2024-09-18,7.43,24902,384
8656,Organic,Product Launch,155.32,2024-09-18,17.26,9355,1789
8657,Meta Ads,Partner Referral,185.85,2024-09-18,9.29,24641,1866
8658,Organic,Retargeting Wave,124.2,2024-09-18,5.4,29403,1597
8659,Referral,Retargeting Wave,97.0,2024-09-19,6.93,45336,931
8660,Google Ads,Cold Outbound,306.99,2024-09-19,12.79,43565,1666
8661,LinkedIn,Inbound SEO,671.42,2024-09-19,83.93,14743,542
8662,Google Ads,Brand Awareness Q1,282.6,2024-09-19,25.69,21520,1466
8663,Organic,Partner Referral,167.72,2024-09-19,8.83,2970,1328
8664,Referral,Brand Awareness Q1,82.35,2024-09-19,3.74,24206,1845
8665,LinkedIn,End of Year Push,570.06,2024-09-19,27.15,15765,1866
8666,Email,Product Launch,109.02,2024-09-19,9.91,40350,581
8667,Email,Cold Outbound,98.07,2024-09-19,4.9,15943,1378
8668,Direct,End of Year Push,121.86,2024-09-19,5.3,5046,406
8669,Organic,Brand Awareness Q1,133.22,2024-09-19,6.34,8210,1293
8670,Organic,Cold Outbound,168.87,2024-09-19,18.76,26483,294
8671,LinkedIn,Brand Awareness Q1,744.86,2024-09-19,74.49,36474,1003
8672,Referral,Partner Referral,84.63,2024-09-19,6.04,17996,1380
8673,Organic,Inbound SEO,139.79,2024-09-19,6.99,32444,1615
8674,LinkedIn,Cold Outbound,542.39,2024-09-19,33.9,9132,121
8675,Direct,Retargeting Wave,165.04,2024-09-19,12.7,42026,996
8676,Organic,Summer Growth,147.5,2024-09-19,10.54,29279,1778
8677,Google Ads,Retargeting Wave,399.51,2024-09-19,15.98,27931,1739
8678,Google Ads,Retargeting Wave,361.99,2024-09-19,24.13,27557,616
8679,Direct,End of Year Push,157.44,2024-09-19,7.87,5967,994
8680,Google Ads,Brand Awareness Q1,387.48,2024-09-19,16.14,34117,1333
8681,Email,Brand Awareness Q1,101.38,2024-09-19,11.26,10693,805
8682,Organic,Product Launch,151.67,2024-09-19,6.07,7771,1822
8683,Direct,Inbound SEO,104.53,2024-09-19,6.97,15953,586
8684,Google Ads,Summer Growth,376.11,2024-09-19,47.01,11753,407
8685,Organic,Product Launch,133.43,2024-09-19,13.34,27450,100
8686,LinkedIn,Product Launch,650.73,2024-09-20,54.23,35073,1841
8687,Direct,Cold Outbound,193.3,2024-09-20,24.16,49092,1959
8688,Meta Ads,Cold Outbound,267.43,2024-09-20,20.57,27933,551
8689,Organic,End of Year Push,153.89,2024-09-20,17.1,1297,363
8690,Referral,Inbound SEO,91.92,2024-09-20,7.07,8359,339
8691,Google Ads,Product Launch,246.53,2024-09-20,20.54,18231,242
8692,Meta Ads,Partner Referral,222.47,2024-09-20,24.72,1919,871
8693,Google Ads,Product Launch,376.77,2024-09-20,23.55,30203,1464
8694,Google Ads,Product Launch,244.03,2024-09-20,30.5,48669,408
8695,Meta Ads,Brand Awareness Q1,262.02,2024-09-20,16.38,21163,145
8696,LinkedIn,Brand Awareness Q1,645.3,2024-09-20,49.64,28852,1528
8697,Referral,Cold Outbound,123.51,2024-09-20,4.94,11321,1729
8698,LinkedIn,Inbound SEO,621.87,2024-09-20,44.42,38294,1126
8699,Organic,Retargeting Wave,174.06,2024-09-20,9.67,15288,959
8700,Google Ads,Product Launch,252.02,2024-09-20,12.6,36048,596
8701,Referral,Inbound SEO,82.53,2024-09-20,3.93,19669,456
8702,Organic,Inbound SEO,120.57,2024-09-20,8.04,8211,348
8703,Email,Product Launch,91.11,2024-09-20,4.14,40391,151
8704,Google Ads,Retargeting Wave,390.36,2024-09-20,21.69,30072,537
8705,Google Ads,Inbound SEO,329.37,2024-09-20,20.59,8239,494
8706,Referral,Partner Referral,89.5,2024-09-20,4.47,5219,903
8707,Organic,End of Year Push,142.07,2024-09-20,15.79,43843,1620
8708,Referral,Cold Outbound,118.65,2024-09-21,8.47,45395,1581
8709,Organic,Retargeting Wave,162.27,2024-09-21,9.55,22333,346
8710,Referral,Product Launch,97.63,2024-09-21,6.1,10041,1393
8711,Email,Partner Referral,81.25,2024-09-21,3.53,13721,1111
8712,LinkedIn,Brand Awareness Q1,628.68,2024-09-21,28.58,25315,1533
8713,Organic,Cold Outbound,127.23,2024-09-21,6.36,15474,1401
8714,Referral,Inbound SEO,136.93,2024-09-21,8.05,47520,135
8715,Organic,Product Launch,179.02,2024-09-21,14.92,1075,1497
8716,Organic,Partner Referral,162.54,2024-09-21,7.39,37138,1190
8717,Referral,Summer Growth,120.95,2024-09-21,9.3,31778,1561
8718,Direct,Inbound SEO,100.18,2024-09-21,4.36,2380,1507
8719,Organic,Brand Awareness Q1,131.44,2024-09-21,8.76,34541,1801
8720,Organic,Brand Awareness Q1,174.4,2024-09-21,21.8,44424,127
8721,Organic,Summer Growth,120.71,2024-09-21,10.97,4502,1195
8722,Organic,Product Launch,154.04,2024-09-21,6.16,11529,280
8723,Referral,End of Year Push,144.46,2024-09-21,5.78,35223,1035
8724,Meta Ads,Retargeting Wave,226.79,2024-09-21,20.62,31005,1081
8725,Meta Ads,Inbound SEO,202.48,2024-09-21,11.91,4119,1685
8726,Organic,Partner Referral,168.51,2024-09-21,12.96,48741,626
8727,Referral,Inbound SEO,121.62,2024-09-21,6.4,15053,1094
8728,Meta Ads,Summer Growth,259.87,2024-09-21,14.44,43943,669
8729,Organic,Brand Awareness Q1,176.67,2024-09-21,9.3,36482,1405
8730,Organic,End of Year Push,128.29,2024-09-21,5.58,4604,1476
8731,Google Ads,Cold Outbound,324.82,2024-09-21,18.05,20949,571
8732,Referral,Product Launch,108.36,2024-09-21,6.77,10365,646
8733,Direct,Brand Awareness Q1,139.19,2024-09-22,8.19,32307,421
8734,Meta Ads,Product Launch,251.49,2024-09-22,19.35,2052,1765
8735,LinkedIn,Retargeting Wave,455.09,2024-09-22,30.34,6918,131
8736,Direct,Brand Awareness Q1,143.39,2024-09-22,6.52,48166,102
8737,LinkedIn,Brand Awareness Q1,610.71,2024-09-22,38.17,47628,550
8738,Organic,End of Year Push,136.38,2024-09-22,7.18,2551,1081
8739,LinkedIn,Retargeting Wave,454.67,2024-09-22,34.97,13924,501
8740,Referral,Summer Growth,114.99,2024-09-22,6.05,8427,1176
8741,Referral,Summer Growth,148.24,2024-09-22,9.88,16905,412
8742,LinkedIn,Summer Growth,673.63,2024-09-22,35.45,5994,1397
8743,Google Ads,End of Year Push,357.42,2024-09-22,44.68,21852,507
8744,Meta Ads,Summer Growth,307.39,2024-09-22,16.18,43661,1883
8745,Google Ads,Cold Outbound,319.12,2024-09-22,15.96,36553,668
8746,LinkedIn,Summer Growth,484.81,2024-09-22,23.09,8850,1532
8747,Meta Ads,End of Year Push,234.3,2024-09-22,11.71,9843,583
8748,Organic,Summer Growth,137.52,2024-09-22,13.75,30852,1423
8749,LinkedIn,Inbound SEO,695.84,2024-09-22,46.39,10453,1263
8750,Google Ads,Brand Awareness Q1,288.89,2024-09-22,16.05,48233,705
8751,Google Ads,End of Year Push,341.1,2024-09-22,28.43,6186,1184
8752,Organic,Partner Referral,121.24,2024-09-22,10.1,28633,1183
8753,Referral,Brand Awareness Q1,86.63,2024-09-22,3.47,20115,658
8754,Referral,Brand Awareness Q1,109.31,2024-09-23,4.75,32800,1281
8755,Meta Ads,Partner Referral,261.74,2024-09-23,20.13,34619,897
8756,Meta Ads,End of Year Push,220.81,2024-09-23,15.77,47306,1317
8757,LinkedIn,Inbound SEO,643.39,2024-09-23,53.62,21491,1603
8758,Referral,Retargeting Wave,115.82,2024-09-23,5.79,45815,381
8759,Google Ads,Inbound SEO,296.73,2024-09-23,11.87,2422,1838
8760,Organic,Inbound SEO,126.78,2024-09-23,8.45,40090,1579
8761,Google Ads,End of Year Push,274.45,2024-09-23,27.45,14399,779
8762,Referral,Inbound SEO,84.67,2024-09-23,3.68,22698,205
8763,Meta Ads,Summer Growth,212.86,2024-09-23,16.37,41800,890
8764,Organic,Cold Outbound,174.25,2024-09-23,11.62,7348,661
8765,Google Ads,Inbound SEO,268.95,2024-09-23,15.82,12708,712
8766,Direct,Partner Referral,165.81,2024-09-23,20.73,8189,1217
8767,LinkedIn,Retargeting Wave,794.55,2024-09-23,39.73,46003,260
8768,Organic,Summer Growth,120.03,2024-09-23,15.0,32258,659
8769,LinkedIn,Inbound SEO,767.27,2024-09-23,45.13,42399,1772
8770,Meta Ads,Summer Growth,310.4,2024-09-23,17.24,3221,1948
8771,Meta Ads,Summer Growth,225.7,2024-09-23,25.08,41981,1588
8772,Referral,End of Year Push,144.34,2024-09-23,18.04,26792,1456
8773,Organic,Summer Growth,137.74,2024-09-23,15.3,21422,998
8774,Meta Ads,Brand Awareness Q1,314.8,2024-09-23,20.99,41574,995
8775,Organic,Summer Growth,165.18,2024-09-23,9.72,42391,323
8776,Direct,Cold Outbound,194.4,2024-09-23,19.44,3426,175
8777,Organic,Partner Referral,169.14,2024-09-23,21.14,28948,479
8778,Organic,Cold Outbound,162.17,2024-09-23,6.76,37038,183
8779,Referral,Inbound SEO,120.89,2024-09-23,5.76,48961,175
8780,Google Ads,Inbound SEO,341.58,2024-09-24,18.98,43075,1519
8781,Meta Ads,Inbound SEO,293.57,2024-09-24,22.58,49850,1859
8782,Google Ads,Inbound SEO,315.85,2024-09-24,35.09,40332,112
8783,Organic,Summer Growth,168.27,2024-09-24,9.35,13421,1874
8784,LinkedIn,Partner Referral,759.08,2024-09-24,47.44,18772,1634
8785,Organic,Product Launch,123.96,2024-09-24,8.26,1479,103
8786,Referral,Retargeting Wave,80.45,2024-09-24,4.23,43044,399
8787,Referral,Product Launch,83.02,2024-09-24,5.93,20983,56
8788,Referral,End of Year Push,123.31,2024-09-24,12.33,6229,642
8789,Meta Ads,Partner Referral,207.73,2024-09-24,9.03,27225,1159
8790,Google Ads,Retargeting Wave,372.32,2024-09-24,37.23,43621,1637
8791,Direct,Summer Growth,111.24,2024-09-24,4.84,3855,832
8792,Organic,Summer Growth,128.65,2024-09-24,5.59,36058,1246
8793,Google Ads,Partner Referral,384.83,2024-09-24,48.1,13381,359
8794,Organic,End of Year Push,165.29,2024-09-24,20.66,10952,1327
8795,Referral,Product Launch,103.41,2024-09-24,5.44,40375,687
8796,LinkedIn,Summer Growth,627.41,2024-09-24,57.04,9830,285
8797,Organic,Brand Awareness Q1,155.42,2024-09-24,15.54,12723,1451
8798,Google Ads,Product Launch,284.9,2024-09-24,20.35,26494,64
8799,LinkedIn,Cold Outbound,561.67,2024-09-24,37.44,12245,1478
8800,Organic,Summer Growth,127.37,2024-09-24,9.8,16855,1543
8801,Organic,Inbound SEO,172.77,2024-09-24,9.6,20569,53
8802,LinkedIn,Partner Referral,547.88,2024-09-24,22.83,42475,1637
8803,Meta Ads,Summer Growth,238.36,2024-09-24,14.9,36567,163
8804,Organic,Partner Referral,143.53,2024-09-24,7.55,26486,1457
8805,Meta Ads,Brand Awareness Q1,182.77,2024-09-24,20.31,16727,1090
8806,LinkedIn,Inbound SEO,561.97,2024-09-24,26.76,29945,837
8807,Referral,Product Launch,96.4,2024-09-25,3.86,9059,523
8808,Organic,Retargeting Wave,136.41,2024-09-25,9.09,1874,1472
8809,Google Ads,Product Launch,254.42,2024-09-25,11.06,9227,1538
8810,Referral,End of Year Push,104.28,2024-09-25,5.49,19185,1679
8811,Organic,Summer Growth,154.16,2024-09-25,7.34,8190,1368
8812,LinkedIn,Retargeting Wave,477.7,2024-09-25,39.81,21374,1934
8813,Referral,Summer Growth,108.8,2024-09-25,5.44,11859,1877
8814,Organic,Partner Referral,128.07,2024-09-25,5.12,27914,341
8815,Google Ads,Cold Outbound,374.24,2024-09-25,16.27,9851,1020
8816,Google Ads,Brand Awareness Q1,346.9,2024-09-25,18.26,24191,782
8817,LinkedIn,Retargeting Wave,754.2,2024-09-25,31.43,14020,270
8818,Organic,Retargeting Wave,171.39,2024-09-25,8.16,39486,596
8819,Organic,Retargeting Wave,174.9,2024-09-25,7.29,43262,1459
8820,Organic,Cold Outbound,156.34,2024-09-25,7.82,33422,202
8821,Email,Brand Awareness Q1,88.12,2024-09-25,8.81,42570,417
8822,Organic,Inbound SEO,172.88,2024-09-25,17.29,40340,154
8823,Referral,Retargeting Wave,109.38,2024-09-25,6.43,9839,103
8824,Google Ads,End of Year Push,383.51,2024-09-25,42.61,28154,1556
8825,Google Ads,Summer Growth,317.81,2024-09-25,26.48,37189,1071
8826,Google Ads,Retargeting Wave,273.19,2024-09-25,11.38,1809,1382
8827,Direct,Brand Awareness Q1,156.02,2024-09-25,15.6,13366,945
8828,Referral,Retargeting Wave,137.34,2024-09-25,8.08,32964,579
8829,LinkedIn,Product Launch,751.3,2024-09-25,68.3,18616,411
8830,Google Ads,Product Launch,358.27,2024-09-25,16.29,6999,1196
8831,Referral,Retargeting Wave,118.96,2024-09-25,6.61,30529,1658
8832,Google Ads,Partner Referral,268.67,2024-09-25,20.67,23849,1810
8833,Meta Ads,Cold Outbound,301.55,2024-09-26,37.69,32028,1453
8834,Organic,Partner Referral,148.2,2024-09-26,7.8,41421,165
8835,Google Ads,Retargeting Wave,247.32,2024-09-26,16.49,6168,1366
8836,Referral,Brand Awareness Q1,112.77,2024-09-26,5.64,16693,1974
8837,Referral,Inbound SEO,125.16,2024-09-26,13.91,31931,53
8838,Referral,Retargeting Wave,123.7,2024-09-26,13.74,31135,1851
8839,Organic,Cold Outbound,154.11,2024-09-26,11.01,21901,285
8840,Referral,Brand Awareness Q1,134.57,2024-09-26,9.61,44053,480
8841,Email,End of Year Push,91.25,2024-09-26,3.8,45412,711
8842,Meta Ads,Partner Referral,301.38,2024-09-26,20.09,26229,820
8843,Direct,End of Year Push,171.39,2024-09-26,17.14,44913,1170
8844,Meta Ads,Summer Growth,185.9,2024-09-26,7.75,46351,51
8845,Referral,Product Launch,96.4,2024-09-26,8.76,34518,1260
8846,Direct,Summer Growth,162.54,2024-09-26,10.16,42616,1918
8847,Organic,End of Year Push,149.37,2024-09-26,9.34,34945,853
8848,Organic,Summer Growth,161.01,2024-09-26,7.32,50000,1553
8849,Meta Ads,Brand Awareness Q1,220.64,2024-09-26,9.59,42263,1542
8850,Direct,Partner Referral,193.2,2024-09-26,8.05,43633,924
8851,Meta Ads,Cold Outbound,221.27,2024-09-26,9.62,46226,1916
8852,Meta Ads,Brand Awareness Q1,289.33,2024-09-26,28.93,41788,439
8853,Meta Ads,Inbound SEO,277.26,2024-09-26,12.6,44539,1157
8854,Meta Ads,Summer Growth,190.02,2024-09-26,12.67,41308,433
8855,Organic,Brand Awareness Q1,178.34,2024-09-26,9.91,38571,1777
8856,Google Ads,Partner Referral,300.22,2024-09-27,27.29,17442,1996
8857,LinkedIn,Cold Outbound,652.66,2024-09-27,46.62,33918,1239
8858,Organic,Summer Growth,155.76,2024-09-27,10.38,44203,556
8859,LinkedIn,Inbound SEO,784.06,2024-09-27,49.0,41879,168
8860,LinkedIn,Retargeting Wave,460.27,2024-09-27,25.57,15709,106
8861,Google Ads,Retargeting Wave,381.17,2024-09-27,25.41,6098,1460
8862,Direct,Inbound SEO,174.78,2024-09-27,15.89,37091,1871
8863,Meta Ads,Retargeting Wave,262.06,2024-09-27,32.76,13490,864
8864,LinkedIn,Retargeting Wave,738.57,2024-09-27,82.06,9640,1234
8865,Meta Ads,Cold Outbound,192.62,2024-09-27,7.7,42350,496
8866,Organic,Summer Growth,142.78,2024-09-27,17.85,2018,511
8867,LinkedIn,Retargeting Wave,638.93,2024-09-27,27.78,8988,1208
8868,Organic,Summer Growth,139.91,2024-09-27,7.77,44061,404
8869,Organic,End of Year Push,151.75,2024-09-27,7.23,46290,340
8870,Organic,Summer Growth,162.2,2024-09-27,7.37,9763,1504
8871,Google Ads,Cold Outbound,390.09,2024-09-27,18.58,6315,306
8872,Google Ads,Retargeting Wave,398.0,2024-09-27,24.88,5476,731
8873,Google Ads,Brand Awareness Q1,350.0,2024-09-27,15.22,10622,1041
8874,LinkedIn,Retargeting Wave,658.2,2024-09-27,41.14,41752,163
8875,Referral,Product Launch,132.8,2024-09-27,6.64,28294,421
8876,Referral,End of Year Push,133.71,2024-09-28,6.69,29980,565
8877,Organic,Inbound SEO,159.28,2024-09-28,7.58,48550,129
8878,Organic,Product Launch,129.89,2024-09-28,7.22,46634,1913
8879,Direct,Retargeting Wave,102.49,2024-09-28,7.32,23217,1580
8880,Google Ads,Cold Outbound,283.21,2024-09-28,14.16,4378,1033
8881,Meta Ads,Cold Outbound,276.52,2024-09-28,13.83,31666,1269
8882,LinkedIn,Summer Growth,760.83,2024-09-28,40.04,12764,140
8883,Meta Ads,Partner Referral,254.13,2024-09-28,16.94,19143,1057
8884,Google Ads,Inbound SEO,281.2,2024-09-28,16.54,49996,1678
8885,Google Ads,End of Year Push,271.37,2024-09-28,15.96,45072,659
8886,Direct,Brand Awareness Q1,112.3,2024-09-28,11.23,12096,1183
8887,Organic,Summer Growth,130.7,2024-09-28,7.69,13671,1746
8888,Meta Ads,Product Launch,314.3,2024-09-28,34.92,29581,579
8889,Meta Ads,Inbound SEO,189.56,2024-09-28,8.62,11374,166
8890,Google Ads,Product Launch,290.31,2024-09-28,13.2,5654,1288
8891,Organic,Brand Awareness Q1,145.17,2024-09-28,6.6,24882,122
8892,LinkedIn,Partner Referral,649.73,2024-09-28,29.53,778,1100
8893,Organic,Brand Awareness Q1,132.37,2024-09-29,6.3,37391,1685
8894,Meta Ads,End of Year Push,212.97,2024-09-29,8.87,8929,1088
8895,Meta Ads,Summer Growth,276.2,2024-09-29,12.55,10388,453
8896,Direct,Product Launch,197.01,2024-09-29,7.88,49182,1151
8897,Organic,Summer Growth,173.55,2024-09-29,12.4,28871,1270
8898,Referral,Cold Outbound,91.87,2024-09-29,8.35,46687,100
8899,Organic,Cold Outbound,132.61,2024-09-29,6.03,1549,600
8900,Organic,Inbound SEO,132.46,2024-09-29,6.97,4641,884
8901,Organic,End of Year Push,150.77,2024-09-29,11.6,33529,1299
8902,Email,Summer Growth,86.53,2024-09-29,9.61,24770,999
8903,Google Ads,Summer Growth,350.48,2024-09-29,31.86,5453,1599
8904,Meta Ads,Summer Growth,266.16,2024-09-29,12.67,29106,1726
8905,LinkedIn,Summer Growth,453.19,2024-09-29,41.2,10679,1091
8906,Organic,Summer Growth,177.86,2024-09-29,11.12,16074,1180
8907,LinkedIn,Summer Growth,790.35,2024-09-29,79.03,22718,1720
8908,LinkedIn,End of Year Push,460.2,2024-09-29,32.87,22794,1304
8909,Direct,Brand Awareness Q1,183.98,2024-09-29,20.44,30605,130
8910,Google Ads,Partner Referral,272.58,2024-09-29,22.71,48358,1056
8911,Google Ads,Partner Referral,253.24,2024-09-30,10.55,27390,1147
8912,Referral,Cold Outbound,84.17,2024-09-30,3.66,28171,411
8913,Google Ads,Retargeting Wave,337.82,2024-09-30,28.15,47467,1915
8914,Meta Ads,End of Year Push,223.03,2024-09-30,9.7,39807,810
8915,Referral,Partner Referral,108.1,2024-09-30,4.32,11338,861
8916,Referral,Partner Referral,128.15,2024-09-30,10.68,37242,1732
8917,Referral,Cold Outbound,101.48,2024-09-30,5.34,36930,1148
8918,LinkedIn,Brand Awareness Q1,769.57,2024-09-30,51.3,15218,749
8919,Organic,Cold Outbound,177.39,2024-09-30,8.87,26283,130
8920,Organic,Inbound SEO,169.59,2024-09-30,9.42,4457,477
8921,Meta Ads,Cold Outbound,318.28,2024-09-30,31.83,928,909
8922,Meta Ads,Cold Outbound,295.94,2024-09-30,21.14,5375,1976
8923,Meta Ads,Product Launch,240.37,2024-09-30,16.02,46097,211
8924,Organic,Brand Awareness Q1,160.39,2024-09-30,9.43,23656,1760
8925,Direct,Summer Growth,146.47,2024-09-30,9.76,2503,273
8926,Organic,End of Year Push,170.54,2024-09-30,21.32,36147,209
8927,Google Ads,Summer Growth,394.98,2024-09-30,39.5,1876,1612
8928,Google Ads,Cold Outbound,261.52,2024-09-30,20.12,22157,1375
8929,Google Ads,Product Launch,381.07,2024-09-30,18.15,5966,1803
8930,LinkedIn,Retargeting Wave,636.04,2024-09-30,42.4,25865,280
8931,LinkedIn,End of Year Push,788.34,2024-10-01,41.49,37285,783
8932,Referral,Retargeting Wave,125.99,2024-10-01,9.0,20036,1126
8933,Referral,Brand Awareness Q1,89.99,2024-10-01,3.75,22249,967
8934,Google Ads,End of Year Push,389.89,2024-10-01,19.49,11695,535
8935,Meta Ads,Summer Growth,237.39,2024-10-01,15.83,49173,744
8936,Referral,Inbound SEO,89.99,2024-10-01,5.0,12078,739
8937,Email,Cold Outbound,90.85,2024-10-01,10.09,34930,1147
8938,Organic,End of Year Push,161.76,2024-10-01,8.51,31925,1656
8939,Organic,Product Launch,154.76,2024-10-01,17.2,23136,674
8940,Organic,Product Launch,148.07,2024-10-01,5.92,12161,1309
8941,Organic,Partner Referral,146.31,2024-10-01,8.61,15699,276
8942,LinkedIn,Brand Awareness Q1,667.19,2024-10-01,74.13,27405,1119
8943,Google Ads,Summer Growth,361.68,2024-10-01,17.22,2738,1837
8944,Organic,Summer Growth,123.25,2024-10-01,9.48,9989,1829
8945,Organic,Retargeting Wave,128.2,2024-10-01,5.57,10512,534
8946,Meta Ads,Retargeting Wave,293.7,2024-10-01,12.24,37916,1893
8947,LinkedIn,Partner Referral,529.55,2024-10-01,22.06,1516,1489
8948,Organic,Brand Awareness Q1,140.16,2024-10-01,12.74,14709,815
8949,LinkedIn,Summer Growth,706.53,2024-10-01,50.47,31297,1476
8950,Google Ads,Summer Growth,369.14,2024-10-01,21.71,5648,698
8951,Referral,Inbound SEO,81.59,2024-10-01,6.8,8526,174
8952,Referral,Brand Awareness Q1,108.25,2024-10-01,6.01,41208,1148
8953,Meta Ads,Summer Growth,202.95,2024-10-01,18.45,2099,1428
8954,Google Ads,Cold Outbound,286.48,2024-10-01,13.64,44341,1484
8955,Referral,Retargeting Wave,87.64,2024-10-01,5.48,13580,654
8956,Organic,End of Year Push,123.74,2024-10-01,5.89,33294,256
8957,Referral,Inbound SEO,101.41,2024-10-02,4.61,21123,1707
8958,Google Ads,Product Launch,351.28,2024-10-02,23.42,21204,808
8959,Referral,Product Launch,122.14,2024-10-02,6.79,24422,56
8960,Google Ads,Product Launch,298.36,2024-10-02,18.65,4989,253
8961,Organic,Summer Growth,149.2,2024-10-02,8.29,20519,71
8962,Referral,Product Launch,122.83,2024-10-02,9.45,40966,1959
8963,LinkedIn,Partner Referral,518.3,2024-10-02,25.91,11503,1272
8964,Meta Ads,Retargeting Wave,231.33,2024-10-02,9.25,15167,772
8965,Google Ads,Inbound SEO,299.32,2024-10-02,13.61,12751,933
8966,Organic,Inbound SEO,151.16,2024-10-02,8.4,43792,66
8967,Organic,Brand Awareness Q1,134.98,2024-10-02,6.14,10890,1268
8968,Direct,Product Launch,168.41,2024-10-02,6.74,26489,825
8969,Organic,Inbound SEO,150.43,2024-10-02,18.8,18126,134
8970,Google Ads,Retargeting Wave,248.51,2024-10-02,16.57,19013,285
8971,Organic,End of Year Push,129.1,2024-10-02,16.14,7441,1654
8972,LinkedIn,Summer Growth,467.85,2024-10-02,46.79,16507,334
8973,Google Ads,Partner Referral,278.71,2024-10-02,11.61,20063,1262
8974,Google Ads,Partner Referral,306.67,2024-10-03,13.33,13665,614
8975,LinkedIn,Inbound SEO,493.73,2024-10-03,32.92,38000,1694
8976,Referral,Summer Growth,92.8,2024-10-03,11.6,17152,444
8977,LinkedIn,Partner Referral,719.73,2024-10-03,79.97,21255,909
8978,Meta Ads,End of Year Push,217.48,2024-10-03,10.36,46477,670
8979,LinkedIn,Partner Referral,539.09,2024-10-03,33.69,20323,331
8980,LinkedIn,Brand Awareness Q1,700.46,2024-10-03,33.36,29533,79
8981,LinkedIn,Inbound SEO,672.96,2024-10-03,48.07,41999,1819
8982,Organic,Summer Growth,130.26,2024-10-03,7.24,6653,1344
8983,Direct,Brand Awareness Q1,146.11,2024-10-03,9.13,1794,1435
8984,Referral,Partner Referral,99.39,2024-10-03,6.21,26761,518
8985,Meta Ads,Product Launch,258.31,2024-10-03,21.53,34405,682
8986,Organic,Retargeting Wave,123.94,2024-10-03,7.75,48867,1339
8987,LinkedIn,Brand Awareness Q1,796.1,2024-10-03,44.23,42053,1061
8988,Direct,Brand Awareness Q1,121.93,2024-10-03,6.77,18142,274
8989,Google Ads,Product Launch,256.73,2024-10-03,11.67,23909,128
8990,Referral,Product Launch,108.94,2024-10-03,9.9,22444,438
8991,LinkedIn,Brand Awareness Q1,458.68,2024-10-03,25.48,2041,1498
8992,Google Ads,Retargeting Wave,353.56,2024-10-03,14.73,41619,1978
8993,Referral,Cold Outbound,134.21,2024-10-03,5.37,46974,1213
8994,Organic,End of Year Push,160.59,2024-10-03,17.84,16276,1855
8995,Meta Ads,Summer Growth,247.57,2024-10-03,17.68,46552,52
8996,LinkedIn,Summer Growth,743.91,2024-10-03,33.81,2009,1300
8997,Meta Ads,Inbound SEO,219.83,2024-10-03,9.99,5086,1153
8998,Organic,Brand Awareness Q1,135.28,2024-10-03,10.41,39553,105
8999,Google Ads,Summer Growth,383.82,2024-10-03,15.35,22321,485
9000,Google Ads,Partner Referral,252.27,2024-10-03,10.97,2354,1009
9001,Email,Partner Referral,112.29,2024-10-03,4.88,916,429
9002,Google Ads,Summer Growth,324.62,2024-10-03,27.05,31619,1700
9003,Organic,Product Launch,148.88,2024-10-03,7.44,35820,1389
9004,Google Ads,Cold Outbound,392.35,2024-10-04,15.69,5143,173
9005,Referral,Retargeting Wave,131.48,2024-10-04,13.15,27326,1718
9006,LinkedIn,Partner Referral,643.06,2024-10-04,42.87,5327,1074
9007,Direct,Product Launch,135.55,2024-10-04,7.53,27704,988
9008,Google Ads,Cold Outbound,317.53,2024-10-04,39.69,21556,1893
9009,LinkedIn,Summer Growth,772.83,2024-10-04,77.28,28248,1413
9010,LinkedIn,Summer Growth,583.24,2024-10-04,58.32,23948,474
9011,Google Ads,Inbound SEO,394.11,2024-10-04,32.84,20421,334
9012,Google Ads,Partner Referral,374.9,2024-10-04,17.85,37866,1987
9013,Referral,Partner Referral,108.78,2024-10-04,13.6,3833,1007
9014,Meta Ads,Summer Growth,250.45,2024-10-04,12.52,1273,585
9015,Organic,Partner Referral,134.63,2024-10-04,8.41,44436,135
9016,Google Ads,Cold Outbound,330.5,2024-10-04,36.72,14315,1179
9017,Organic,End of Year Push,125.7,2024-10-04,12.57,7108,198
9018,Google Ads,Cold Outbound,317.55,2024-10-04,35.28,5059,1153
9019,Organic,Cold Outbound,175.86,2024-10-04,7.33,20535,1304
9020,Direct,Retargeting Wave,150.4,2024-10-04,7.92,25208,78
9021,LinkedIn,Retargeting Wave,696.89,2024-10-04,46.46,10468,100
9022,Organic,Brand Awareness Q1,131.81,2024-10-04,10.98,8913,452
9023,Meta Ads,Inbound SEO,269.46,2024-10-04,16.84,3871,555
9024,Google Ads,End of Year Push,253.1,2024-10-04,10.12,17567,1908
9025,Google Ads,Cold Outbound,265.65,2024-10-04,10.63,5313,317
9026,Referral,Inbound SEO,121.71,2024-10-04,5.29,15715,1735
9027,Google Ads,Retargeting Wave,253.63,2024-10-04,12.68,3653,1426
9028,Google Ads,Partner Referral,249.91,2024-10-04,11.9,17952,1043
9029,Organic,Retargeting Wave,136.35,2024-10-04,6.82,42561,1727
9030,Referral,Inbound SEO,95.44,2024-10-04,5.61,39349,983
9031,Google Ads,Cold Outbound,349.78,2024-10-05,14.57,3220,100
9032,Google Ads,Product Launch,321.51,2024-10-05,15.31,42529,1246
9033,Meta Ads,Brand Awareness Q1,213.35,2024-10-05,10.16,15692,1567
9034,Direct,Product Launch,107.04,2024-10-05,10.7,49596,133
9035,LinkedIn,Cold Outbound,668.34,2024-10-05,26.73,16456,1867
9036,LinkedIn,Product Launch,772.0,2024-10-05,30.88,22280,1328
9037,LinkedIn,End of Year Push,581.37,2024-10-05,36.34,21356,288
9038,Organic,Summer Growth,170.71,2024-10-05,18.97,25661,758
9039,Organic,End of Year Push,159.24,2024-10-05,6.64,10323,1960
9040,Referral,Product Launch,91.54,2024-10-05,6.54,25333,1613
9041,Google Ads,Retargeting Wave,327.68,2024-10-05,16.38,3608,728
9042,Organic,Retargeting Wave,121.99,2024-10-05,4.88,36211,339
9043,Referral,Cold Outbound,90.18,2024-10-05,9.02,48811,444
9044,Referral,Summer Growth,115.07,2024-10-05,6.06,33460,871
9045,Meta Ads,Retargeting Wave,302.72,2024-10-05,12.61,31012,1860
9046,Organic,Product Launch,151.86,2024-10-05,15.19,42108,1006
9047,Meta Ads,Cold Outbound,305.81,2024-10-05,15.29,27981,252
9048,Direct,Brand Awareness Q1,125.42,2024-10-06,5.97,7404,1931
9049,Meta Ads,Summer Growth,187.37,2024-10-06,13.38,27589,692
9050,Organic,Summer Growth,131.08,2024-10-06,6.24,13752,789
9051,Google Ads,End of Year Push,336.49,2024-10-06,16.82,20791,1372
9052,Google Ads,Inbound SEO,376.41,2024-10-06,15.06,23838,832
9053,Meta Ads,Summer Growth,204.76,2024-10-06,15.75,9011,1098
9054,Direct,Inbound SEO,160.16,2024-10-06,11.44,21556,1721
9055,Google Ads,End of Year Push,256.33,2024-10-06,28.48,6704,1357
9056,Direct,Product Launch,157.6,2024-10-06,7.88,30726,1921
9057,Organic,Product Launch,131.57,2024-10-06,7.31,7491,775
9058,Organic,Retargeting Wave,122.63,2024-10-06,8.18,2007,1160
9059,Organic,Summer Growth,139.23,2024-10-06,15.47,2896,399
9060,Google Ads,Cold Outbound,247.23,2024-10-06,13.01,19754,1484
9061,Referral,Summer Growth,110.54,2024-10-06,5.02,7651,500
9062,Google Ads,Retargeting Wave,291.46,2024-10-06,13.88,38532,1472
9063,Organic,Retargeting Wave,128.99,2024-10-06,5.61,6102,344
9064,Meta Ads,Product Launch,265.34,2024-10-06,11.54,11710,1665
9065,Google Ads,Cold Outbound,336.78,2024-10-06,13.47,13681,1714
9066,Organic,Partner Referral,132.67,2024-10-06,6.98,23144,1394
9067,LinkedIn,Cold Outbound,731.29,2024-10-07,36.56,5051,545
9068,Google Ads,Product Launch,260.96,2024-10-07,32.62,46238,1910
9069,Organic,Cold Outbound,127.74,2024-10-07,6.08,7007,1399
9070,Meta Ads,Brand Awareness Q1,313.11,2024-10-07,34.79,6225,1715
9071,Organic,Inbound SEO,122.75,2024-10-07,6.82,45782,189
9072,Meta Ads,Retargeting Wave,271.04,2024-10-07,10.84,36376,1507
9073,Meta Ads,Summer Growth,214.6,2024-10-07,21.46,37423,1095
9074,Meta Ads,Inbound SEO,257.1,2024-10-07,15.12,2708,804
9075,Organic,Partner Referral,139.45,2024-10-07,8.72,1873,1568
9076,Referral,Inbound SEO,81.68,2024-10-07,4.08,20636,1897
9077,Organic,Brand Awareness Q1,128.22,2024-10-07,14.25,33974,1175
9078,LinkedIn,Summer Growth,781.62,2024-10-07,43.42,33235,1450
9079,Organic,Brand Awareness Q1,176.02,2024-10-07,8.38,46570,556
9080,Direct,Product Launch,141.3,2024-10-08,5.65,12063,1822
9081,Referral,Inbound SEO,103.01,2024-10-08,6.87,33858,851
9082,Google Ads,Product Launch,270.49,2024-10-08,19.32,21217,1195
9083,Google Ads,Product Launch,350.73,2024-10-08,38.97,37966,592
9084,Organic,Retargeting Wave,136.35,2024-10-08,6.49,47150,1599
9085,Organic,Retargeting Wave,166.45,2024-10-08,12.8,20666,740
9086,Email,Cold Outbound,89.97,2024-10-08,6.92,29855,443
9087,Referral,Product Launch,135.89,2024-10-08,13.59,7555,1366
9088,Meta Ads,Product Launch,251.4,2024-10-08,16.76,36066,123
9089,Meta Ads,Inbound SEO,210.02,2024-10-08,9.55,11778,1295
9090,Organic,Summer Growth,175.35,2024-10-08,8.35,22404,1847
9091,Email,Inbound SEO,116.82,2024-10-08,6.15,28482,1361
9092,Referral,End of Year Push,111.88,2024-10-08,5.09,25135,199
9093,Organic,Cold Outbound,179.49,2024-10-08,8.16,43698,1546
9094,Meta Ads,Cold Outbound,280.1,2024-10-08,13.34,41800,725
9095,Direct,Cold Outbound,173.56,2024-10-08,11.57,10444,645
9096,Google Ads,Cold Outbound,298.88,2024-10-08,33.21,23404,85
9097,Referral,Summer Growth,128.48,2024-10-08,10.71,22190,71
9098,LinkedIn,End of Year Push,579.45,2024-10-08,28.97,47190,1117
9099,Referral,Summer Growth,103.05,2024-10-08,4.68,3658,1356
9100,Organic,Inbound SEO,175.12,2024-10-08,9.22,43032,1767
9101,Referral,Cold Outbound,106.27,2024-10-08,6.64,29026,1212
9102,LinkedIn,Retargeting Wave,747.87,2024-10-08,43.99,12929,415
9103,Referral,End of Year Push,149.5,2024-10-08,6.8,11683,1745
9104,Organic,Product Launch,131.79,2024-10-09,5.73,14265,431
9105,Organic,Retargeting Wave,121.83,2024-10-09,4.87,19411,69
9106,LinkedIn,Inbound SEO,454.22,2024-10-09,32.44,20157,641
9107,Google Ads,Product Launch,370.15,2024-10-09,28.47,33267,1535
9108,Direct,Product Launch,160.44,2024-10-09,6.68,5172,1060
9109,Organic,End of Year Push,130.57,2024-10-09,9.33,17695,1007
9110,Google Ads,Retargeting Wave,349.29,2024-10-09,13.97,46699,589
9111,Google Ads,Cold Outbound,392.51,2024-10-09,19.63,10051,1356
9112,Meta Ads,Inbound SEO,201.06,2024-10-09,11.83,37030,640
9113,Meta Ads,Cold Outbound,284.6,2024-10-09,14.98,38337,842
9114,Google Ads,Cold Outbound,335.26,2024-10-09,15.96,41877,1580
9115,Direct,Retargeting Wave,167.87,2024-10-09,15.26,16087,1967
9116,Organic,Cold Outbound,150.39,2024-10-09,15.04,3979,914
9117,Organic,Summer Growth,140.15,2024-10-09,7.01,37445,486
9118,Referral,Retargeting Wave,115.34,2024-10-09,7.21,25843,1429
9119,Google Ads,Partner Referral,291.56,2024-10-09,14.58,44508,1409
9120,Direct,Partner Referral,140.2,2024-10-09,17.52,12561,1410
9121,Organic,Product Launch,145.59,2024-10-09,9.1,48579,690
9122,Organic,Brand Awareness Q1,174.19,2024-10-09,8.29,7831,1795
9123,Referral,End of Year Push,112.22,2024-10-09,6.6,46809,1118
9124,Referral,Retargeting Wave,137.73,2024-10-09,8.1,5398,1623
9125,Meta Ads,Product Launch,276.37,2024-10-09,13.16,21493,1434
9126,Google Ads,End of Year Push,341.94,2024-10-09,15.54,3133,803
9127,Meta Ads,Retargeting Wave,293.64,2024-10-09,17.27,5896,726
9128,Meta Ads,Summer Growth,223.0,2024-10-09,12.39,44152,74
9129,Organic,Inbound SEO,129.42,2024-10-09,12.94,49015,1165
9130,LinkedIn,Cold Outbound,681.77,2024-10-09,34.09,34244,224
9131,Organic,Inbound SEO,162.16,2024-10-09,20.27,46158,1119
9132,LinkedIn,Brand Awareness Q1,558.52,2024-10-09,23.27,29415,914
9133,LinkedIn,Inbound SEO,491.12,2024-10-09,22.32,18764,1185
9134,Referral,Retargeting Wave,82.09,2024-10-09,3.42,44525,922
9135,Direct,Brand Awareness Q1,196.41,2024-10-09,8.18,44005,77
9136,Referral,Cold Outbound,90.86,2024-10-10,3.79,9942,379
9137,Google Ads,End of Year Push,242.49,2024-10-10,14.26,9107,1642
9138,Referral,Cold Outbound,98.83,2024-10-10,4.12,19874,986
9139,Google Ads,Summer Growth,266.28,2024-10-10,14.01,22617,208
9140,Google Ads,Retargeting Wave,269.71,2024-10-10,17.98,48971,1052
9141,Organic,Product Launch,156.08,2024-10-10,17.34,18356,473
9142,Organic,Retargeting Wave,144.29,2024-10-10,12.02,27648,1806
9143,Organic,Inbound SEO,171.72,2024-10-10,7.47,45779,1562
9144,Organic,Retargeting Wave,154.3,2024-10-10,7.72,41648,1113
9145,Direct,Inbound SEO,150.88,2024-10-10,6.86,27417,111
9146,Google Ads,Inbound SEO,345.32,2024-10-10,15.01,24324,1270
9147,Referral,Inbound SEO,120.29,2024-10-10,8.59,48702,1319
9148,Email,Summer Growth,109.01,2024-10-10,4.36,35130,1628
9149,LinkedIn,Summer Growth,677.94,2024-10-10,42.37,3175,754
9150,Google Ads,Retargeting Wave,398.19,2024-10-10,18.96,48080,783
9151,Direct,Summer Growth,158.05,2024-10-10,6.32,38854,449
9152,Google Ads,End of Year Push,248.27,2024-10-10,27.59,29589,839
9153,Referral,Brand Awareness Q1,89.58,2024-10-10,4.98,16953,1816
9154,Organic,Retargeting Wave,121.42,2024-10-10,7.59,8754,1496
9155,Organic,End of Year Push,149.02,2024-10-10,6.21,18953,1308
9156,Google Ads,Retargeting Wave,357.21,2024-10-10,23.81,47240,1689
9157,LinkedIn,Retargeting Wave,645.87,2024-10-10,25.83,24319,119
9158,Google Ads,Retargeting Wave,250.66,2024-10-11,20.89,11942,516
9159,Google Ads,Brand Awareness Q1,290.71,2024-10-11,18.17,20584,1476
9160,LinkedIn,Summer Growth,580.02,2024-10-11,64.45,43791,933
9161,Organic,Brand Awareness Q1,150.58,2024-10-11,12.55,694,282
9162,LinkedIn,Retargeting Wave,762.07,2024-10-11,76.21,9945,790
9163,Meta Ads,Partner Referral,310.11,2024-10-11,34.46,19632,1273
9164,LinkedIn,Product Launch,450.09,2024-10-11,25.0,3408,1323
9165,Organic,Summer Growth,161.14,2024-10-11,14.65,40864,1159
9166,Meta Ads,Partner Referral,227.04,2024-10-11,22.7,32602,336
9167,Meta Ads,Cold Outbound,277.24,2024-10-11,30.8,8882,1516
9168,Google Ads,Inbound SEO,259.09,2024-10-11,21.59,29334,1238
9169,Meta Ads,Brand Awareness Q1,236.81,2024-10-11,14.8,3482,423
9170,Meta Ads,End of Year Push,254.61,2024-10-11,31.83,8144,72
9171,Organic,Retargeting Wave,160.16,2024-10-11,8.43,10100,750
9172,Direct,Brand Awareness Q1,103.89,2024-10-11,7.42,24384,1419
9173,Referral,Summer Growth,146.82,2024-10-11,5.87,33904,1367
9174,Referral,Retargeting Wave,123.13,2024-10-11,6.84,32792,837
9175,Direct,Retargeting Wave,128.38,2024-10-11,5.84,33638,1404
9176,Meta Ads,Product Launch,243.56,2024-10-11,12.18,46336,1589
9177,LinkedIn,Summer Growth,653.02,2024-10-11,65.3,27058,1385
9178,Referral,Partner Referral,131.19,2024-10-11,8.2,26008,832
9179,Google Ads,Product Launch,340.39,2024-10-11,16.21,28702,507
9180,LinkedIn,Product Launch,707.65,2024-10-11,32.17,33493,1732
9181,LinkedIn,Partner Referral,721.14,2024-10-11,28.85,46245,1742
9182,Organic,Retargeting Wave,142.23,2024-10-11,5.93,21385,226
9183,Google Ads,Partner Referral,382.09,2024-10-11,25.47,23002,950
9184,Referral,Retargeting Wave,100.75,2024-10-12,5.6,11837,663
9185,Organic,Retargeting Wave,140.77,2024-10-12,12.8,27569,1146
9186,Organic,Retargeting Wave,131.96,2024-10-12,10.15,7989,1421
9187,LinkedIn,Product Launch,557.81,2024-10-12,37.19,34420,116
9188,Referral,Brand Awareness Q1,91.01,2024-10-12,5.06,22263,662
9189,Google Ads,Retargeting Wave,267.04,2024-10-12,26.7,11858,562
9190,Organic,Inbound SEO,179.64,2024-10-12,7.48,39337,1342
9191,Organic,Cold Outbound,163.13,2024-10-12,20.39,42797,584
9192,LinkedIn,Partner Referral,584.7,2024-10-12,53.15,44967,1566
9193,Organic,Partner Referral,158.96,2024-10-12,11.35,20607,1330
9194,Referral,Inbound SEO,105.34,2024-10-12,8.78,40395,694
9195,Referral,Summer Growth,80.5,2024-10-12,6.71,2182,275
9196,Organic,Cold Outbound,174.68,2024-10-12,8.73,34097,742
9197,Google Ads,Partner Referral,331.15,2024-10-12,18.4,41877,371
9198,Organic,Cold Outbound,125.27,2024-10-12,5.01,1610,73
9199,Organic,Brand Awareness Q1,126.75,2024-10-13,7.04,37424,484
9200,LinkedIn,Brand Awareness Q1,731.45,2024-10-13,36.57,20935,1691
9201,LinkedIn,Brand Awareness Q1,581.8,2024-10-13,44.75,49480,219
9202,Google Ads,Brand Awareness Q1,269.76,2024-10-13,12.26,34132,1883
9203,Organic,Brand Awareness Q1,120.06,2024-10-13,5.46,30591,1421
9204,Organic,Product Launch,160.59,2024-10-13,14.6,3471,1248
9205,Meta Ads,End of Year Push,227.39,2024-10-13,25.27,42035,930
9206,LinkedIn,Retargeting Wave,752.16,2024-10-13,53.73,33784,1350
9207,Organic,End of Year Push,157.22,2024-10-13,8.27,13029,1654
9208,Meta Ads,Summer Growth,295.61,2024-10-13,26.87,34118,1763
9209,Direct,Cold Outbound,148.36,2024-10-13,9.27,11901,1997
9210,LinkedIn,Summer Growth,530.68,2024-10-13,24.12,23064,935
9211,Referral,End of Year Push,93.26,2024-10-13,8.48,7969,793
9212,Meta Ads,Inbound SEO,233.31,2024-10-13,12.28,20423,1905
9213,Meta Ads,Cold Outbound,190.56,2024-10-13,7.62,4448,1993
9214,Meta Ads,Inbound SEO,227.94,2024-10-13,9.91,26251,533
9215,Google Ads,Partner Referral,359.87,2024-10-14,27.68,24948,506
9216,Organic,Brand Awareness Q1,145.63,2024-10-14,11.2,46252,479
9217,Meta Ads,Brand Awareness Q1,260.34,2024-10-14,16.27,24614,1511
9218,Direct,Retargeting Wave,146.25,2024-10-14,13.3,44578,307
9219,LinkedIn,Partner Referral,731.16,2024-10-14,91.39,48525,1403
9220,LinkedIn,Brand Awareness Q1,616.13,2024-10-14,34.23,17477,369
9221,Google Ads,Summer Growth,275.05,2024-10-14,11.96,42181,98
9222,Direct,Cold Outbound,149.34,2024-10-14,11.49,6941,1970
9223,Referral,Cold Outbound,139.82,2024-10-14,5.83,37357,1391
9224,Direct,Product Launch,149.21,2024-10-14,5.97,30248,1091
9225,Direct,Inbound SEO,176.71,2024-10-14,22.09,3614,1808
9226,LinkedIn,Product Launch,477.56,2024-10-14,34.11,24948,1832
9227,Google Ads,End of Year Push,397.74,2024-10-14,18.94,28107,370
9228,Google Ads,Cold Outbound,338.83,2024-10-14,30.8,36541,480
9229,Direct,Inbound SEO,177.87,2024-10-14,12.71,852,352
9230,Organic,Inbound SEO,140.2,2024-10-14,10.78,10732,486
9231,Direct,End of Year Push,179.02,2024-10-14,16.27,22676,1273
9232,LinkedIn,Summer Growth,681.78,2024-10-14,75.75,23902,1477
9233,Organic,Inbound SEO,163.73,2024-10-14,18.19,43421,1041
9234,Direct,Product Launch,156.7,2024-10-14,12.05,33799,1981
9235,Organic,Summer Growth,163.98,2024-10-14,6.56,45998,1083
9236,Google Ads,Inbound SEO,382.15,2024-10-15,42.46,3228,1927
9237,Organic,Summer Growth,151.64,2024-10-15,13.79,49275,503
9238,Organic,Partner Referral,121.89,2024-10-15,15.24,37376,859
9239,Organic,Retargeting Wave,133.6,2024-10-15,6.68,5190,395
9240,Google Ads,Cold Outbound,371.74,2024-10-15,30.98,48002,1078
9241,Organic,End of Year Push,148.21,2024-10-15,8.72,19645,1672
9242,Referral,Brand Awareness Q1,122.39,2024-10-15,11.13,3639,370
9243,Organic,End of Year Push,154.66,2024-10-15,7.03,38584,1547
9244,Referral,Brand Awareness Q1,132.4,2024-10-15,8.28,18068,1805
9245,Google Ads,Summer Growth,240.87,2024-10-15,15.05,38922,399
9246,Organic,Product Launch,157.15,2024-10-15,17.46,12102,1044
9247,Referral,Brand Awareness Q1,146.41,2024-10-15,8.61,38349,1593
9248,Meta Ads,Brand Awareness Q1,254.15,2024-10-15,14.12,21669,1624
9249,Organic,Retargeting Wave,137.84,2024-10-15,9.19,739,251
9250,Organic,Partner Referral,124.02,2024-10-15,5.39,2321,1665
9251,Google Ads,Summer Growth,256.82,2024-10-15,28.54,31573,692
9252,Organic,Inbound SEO,139.29,2024-10-15,8.19,45214,1854
9253,Organic,Inbound SEO,134.77,2024-10-15,9.63,31888,762
9254,Google Ads,Summer Growth,282.38,2024-10-16,23.53,42147,1175
9255,Organic,Retargeting Wave,167.57,2024-10-16,12.89,20509,1212
9256,Organic,Inbound SEO,166.87,2024-10-16,8.34,8001,1088
9257,LinkedIn,Inbound SEO,741.01,2024-10-16,29.64,22671,570
9258,LinkedIn,End of Year Push,793.21,2024-10-16,99.15,5989,922
9259,Organic,Cold Outbound,130.71,2024-10-16,10.89,20034,419
9260,Google Ads,Summer Growth,386.11,2024-10-16,38.61,21507,1759
9261,Referral,Partner Referral,111.44,2024-10-16,4.46,37657,1737
9262,Organic,Summer Growth,132.4,2024-10-16,5.76,7826,222
9263,Google Ads,Inbound SEO,388.2,2024-10-16,27.73,2642,236
9264,Direct,Brand Awareness Q1,177.85,2024-10-16,9.88,23775,967
9265,LinkedIn,Retargeting Wave,745.08,2024-10-16,49.67,43679,1823
9266,Organic,Partner Referral,165.98,2024-10-16,7.54,43358,1320
9267,LinkedIn,Product Launch,649.75,2024-10-16,40.61,18490,66
9268,Google Ads,End of Year Push,386.36,2024-10-16,32.2,17106,396
9269,Email,Inbound SEO,62.47,2024-10-16,3.9,5845,129
9270,Direct,Retargeting Wave,180.17,2024-10-16,15.01,39731,1008
9271,LinkedIn,Partner Referral,592.21,2024-10-16,34.84,9633,891
9272,Organic,End of Year Push,133.72,2024-10-17,12.16,13763,373
9273,Google Ads,Summer Growth,371.99,2024-10-17,28.61,41916,1003
9274,Google Ads,Retargeting Wave,383.06,2024-10-17,47.88,47008,730
9275,Google Ads,Product Launch,309.45,2024-10-17,14.07,31116,1921
9276,Referral,Partner Referral,122.9,2024-10-17,11.17,44600,1611
9277,Direct,End of Year Push,142.08,2024-10-17,8.88,38211,1746
9278,Google Ads,Retargeting Wave,313.72,2024-10-17,15.69,17026,1171
9279,Meta Ads,Product Launch,279.95,2024-10-17,31.11,31468,1779
9280,LinkedIn,Product Launch,749.68,2024-10-17,83.3,33175,743
9281,Meta Ads,Partner Referral,217.22,2024-10-17,13.58,35389,1436
9282,Organic,Cold Outbound,173.1,2024-10-17,17.31,21343,480
9283,Referral,Partner Referral,93.49,2024-10-17,6.68,45028,279
9284,Meta Ads,Summer Growth,319.83,2024-10-17,15.23,30545,567
9285,Organic,Product Launch,167.56,2024-10-17,15.23,48736,1158
9286,Organic,Partner Referral,129.12,2024-10-17,5.87,15097,657
9287,LinkedIn,End of Year Push,561.04,2024-10-17,51.0,31896,1684
9288,Meta Ads,Summer Growth,319.69,2024-10-17,15.22,43315,562
9289,Meta Ads,Partner Referral,282.33,2024-10-17,35.29,40275,1947
9290,Organic,Inbound SEO,148.1,2024-10-17,9.26,7353,814
9291,Meta Ads,Retargeting Wave,240.05,2024-10-17,20.0,37153,1967
9292,Organic,Product Launch,136.5,2024-10-17,15.17,41166,946
9293,Meta Ads,Product Launch,239.17,2024-10-17,19.93,16801,1430
9294,Google Ads,Retargeting Wave,276.81,2024-10-17,21.29,10321,294
9295,Organic,Partner Referral,158.64,2024-10-17,6.35,32835,1470
9296,Meta Ads,End of Year Push,306.2,2024-10-18,23.55,21984,1213
9297,Direct,Partner Referral,163.49,2024-10-18,18.17,40508,1231
9298,Referral,Retargeting Wave,149.95,2024-10-18,6.52,23883,1169
9299,Google Ads,End of Year Push,321.09,2024-10-18,18.89,17555,538
9300,Organic,Summer Growth,150.93,2024-10-18,9.43,44689,78
9301,LinkedIn,Cold Outbound,577.87,2024-10-18,26.27,39288,97
9302,LinkedIn,Inbound SEO,621.26,2024-10-18,36.54,33431,1248
9303,Google Ads,Inbound SEO,376.63,2024-10-18,41.85,24945,561
9304,LinkedIn,Product Launch,743.78,2024-10-18,49.59,28758,1423
9305,Organic,Product Launch,168.96,2024-10-18,8.05,15438,961
9306,Google Ads,Partner Referral,352.41,2024-10-18,14.68,47597,1807
9307,Google Ads,Partner Referral,309.92,2024-10-18,16.31,9541,1713
9308,Email,Cold Outbound,79.71,2024-10-18,6.64,19408,1151
9309,LinkedIn,Partner Referral,583.31,2024-10-18,32.41,18913,914
9310,Google Ads,Cold Outbound,335.6,2024-10-18,23.97,767,1555
9311,Google Ads,Brand Awareness Q1,240.74,2024-10-18,15.05,26534,888
9312,Google Ads,Inbound SEO,355.06,2024-10-18,27.31,9240,1483
9313,Direct,Product Launch,173.45,2024-10-18,10.2,32294,278
9314,Organic,Inbound SEO,172.86,2024-10-18,13.3,748,858
9315,Google Ads,Summer Growth,244.16,2024-10-18,24.42,48053,1608
9316,Referral,Brand Awareness Q1,131.7,2024-10-18,6.58,28833,1202
9317,Organic,Summer Growth,137.81,2024-10-18,17.23,11084,1661
9318,LinkedIn,Retargeting Wave,747.25,2024-10-18,93.41,39151,226
9319,Google Ads,Summer Growth,366.88,2024-10-18,18.34,32580,1897
9320,Organic,Cold Outbound,132.96,2024-10-19,16.62,19649,1306
9321,Referral,Partner Referral,93.64,2024-10-19,6.24,12580,1023
9322,Meta Ads,Summer Growth,209.97,2024-10-19,14.0,10305,1082
9323,Meta Ads,Cold Outbound,294.06,2024-10-19,16.34,9478,699
9324,Meta Ads,Cold Outbound,301.45,2024-10-19,15.87,43720,420
9325,Google Ads,Cold Outbound,279.96,2024-10-19,12.17,48606,740
9326,Organic,Summer Growth,138.24,2024-10-19,6.28,6421,1615
9327,Referral,Summer Growth,138.4,2024-10-19,6.59,34956,596
9328,LinkedIn,Inbound SEO,752.92,2024-10-19,30.12,11708,1800
9329,LinkedIn,Retargeting Wave,526.25,2024-10-19,30.96,43290,691
9330,Referral,Brand Awareness Q1,146.5,2024-10-19,8.14,46159,482
9331,Referral,Retargeting Wave,105.56,2024-10-19,11.73,18557,1289
9332,LinkedIn,Summer Growth,696.49,2024-10-19,43.53,7882,1882
9333,Organic,Cold Outbound,120.41,2024-10-19,9.26,25136,1219
9334,LinkedIn,Retargeting Wave,572.88,2024-10-19,26.04,6866,460
9335,Meta Ads,Partner Referral,262.87,2024-10-19,13.14,28394,1255
9336,Google Ads,Summer Growth,393.35,2024-10-19,16.39,13627,1619
9337,Meta Ads,Retargeting Wave,180.6,2024-10-19,7.85,48886,503
9338,LinkedIn,Product Launch,721.21,2024-10-19,40.07,18834,1324
9339,Email,Inbound SEO,62.74,2024-10-19,5.7,19807,1207
9340,LinkedIn,Cold Outbound,623.04,2024-10-19,36.65,4434,167
9341,Direct,Cold Outbound,153.31,2024-10-19,9.58,48419,245
9342,Google Ads,Cold Outbound,244.77,2024-10-19,16.32,6418,1245
9343,Direct,Brand Awareness Q1,152.3,2024-10-19,9.52,31707,1138
9344,Meta Ads,Inbound SEO,299.09,2024-10-19,14.95,45492,911
9345,Organic,Product Launch,172.78,2024-10-19,10.16,3721,1769
9346,Meta Ads,Cold Outbound,257.68,2024-10-19,21.47,29452,1357
9347,Referral,Brand Awareness Q1,141.82,2024-10-19,7.09,20872,1071
9348,Referral,Cold Outbound,83.24,2024-10-19,9.25,17206,645
9349,Meta Ads,Brand Awareness Q1,270.36,2024-10-19,11.75,46493,440
9350,Direct,Cold Outbound,181.02,2024-10-19,9.53,42578,1141
9351,Meta Ads,End of Year Push,215.92,2024-10-19,17.99,49129,71
9352,Google Ads,Brand Awareness Q1,244.86,2024-10-19,15.3,44410,495
9353,Google Ads,Brand Awareness Q1,335.6,2024-10-19,14.59,22606,621
9354,Referral,Retargeting Wave,134.4,2024-10-19,10.34,11885,483
9355,Organic,Partner Referral,146.24,2024-10-19,9.14,13116,1640
9356,Google Ads,Partner Referral,261.42,2024-10-19,17.43,10818,1954
9357,Organic,Inbound SEO,139.8,2024-10-19,6.99,5675,1573
9358,Referral,Inbound SEO,123.84,2024-10-20,7.74,36112,1556
9359,LinkedIn,Product Launch,645.92,2024-10-20,30.76,17977,1286
9360,Referral,Brand Awareness Q1,131.25,2024-10-20,8.2,6020,1489
9361,Organic,Cold Outbound,173.33,2024-10-20,14.44,20034,920
9362,Organic,End of Year Push,122.01,2024-10-20,7.18,22748,1152
9363,LinkedIn,Brand Awareness Q1,549.87,2024-10-20,34.37,13049,135
9364,Meta Ads,End of Year Push,310.3,2024-10-20,14.78,27435,910
9365,LinkedIn,Brand Awareness Q1,622.56,2024-10-20,34.59,20789,1454
9366,Meta Ads,Partner Referral,291.11,2024-10-20,26.46,15238,1586
9367,LinkedIn,Brand Awareness Q1,688.21,2024-10-20,32.77,39574,788
9368,Meta Ads,Summer Growth,187.14,2024-10-20,12.48,1742,1577
9369,Meta Ads,Cold Outbound,303.09,2024-10-20,12.63,21479,376
9370,Meta Ads,Retargeting Wave,198.68,2024-10-20,11.69,2547,1770
9371,Google Ads,Inbound SEO,294.01,2024-10-20,29.4,33148,214
9372,Meta Ads,Product Launch,301.26,2024-10-20,25.11,5582,1964
9373,Organic,Cold Outbound,178.16,2024-10-20,14.85,15672,818
9374,LinkedIn,Brand Awareness Q1,521.47,2024-10-20,65.18,3496,1614
9375,Organic,Retargeting Wave,140.05,2024-10-20,17.51,34704,1357
9376,LinkedIn,Inbound SEO,615.82,2024-10-20,76.98,14778,466
9377,Google Ads,Inbound SEO,311.01,2024-10-20,14.14,29913,462
9378,Google Ads,Retargeting Wave,282.67,2024-10-20,31.41,11979,425
9379,Google Ads,Product Launch,295.73,2024-10-20,36.97,41432,606
9380,Email,Partner Referral,110.17,2024-10-20,11.02,48301,1191
9381,Organic,Product Launch,151.57,2024-10-20,10.83,37398,1077
9382,Meta Ads,Cold Outbound,220.9,2024-10-20,9.6,8720,262
9383,Organic,Summer Growth,132.27,2024-10-20,5.29,45945,753
9384,Referral,Inbound SEO,129.21,2024-10-21,8.61,2684,1322
9385,LinkedIn,Brand Awareness Q1,507.95,2024-10-21,31.75,33286,1498
9386,Referral,Summer Growth,135.23,2024-10-21,5.41,10228,159
9387,Referral,Product Launch,143.7,2024-10-21,11.97,22142,132
9388,Direct,End of Year Push,184.92,2024-10-21,14.22,4690,1940
9389,Referral,Retargeting Wave,97.89,2024-10-21,5.15,43807,1337
9390,Google Ads,Partner Referral,373.81,2024-10-21,26.7,5905,683
9391,Google Ads,Cold Outbound,328.76,2024-10-21,41.09,18588,1570
9392,Referral,Summer Growth,85.47,2024-10-21,4.5,8421,908
9393,LinkedIn,Inbound SEO,654.32,2024-10-21,46.74,40470,328
9394,Referral,Summer Growth,117.47,2024-10-21,9.79,19359,1753
9395,Google Ads,Brand Awareness Q1,345.12,2024-10-21,15.69,35801,1830
9396,Meta Ads,Cold Outbound,267.38,2024-10-21,29.71,30934,1058
9397,Organic,End of Year Push,154.67,2024-10-21,11.9,12138,419
9398,Meta Ads,Brand Awareness Q1,196.92,2024-10-21,16.41,8201,1814
9399,Email,End of Year Push,115.77,2024-10-21,7.24,45452,1740
9400,Meta Ads,Cold Outbound,302.66,2024-10-21,27.51,37608,533
9401,Organic,Inbound SEO,171.77,2024-10-21,7.81,6431,949
9402,Meta Ads,Inbound SEO,192.99,2024-10-21,21.44,26701,677
9403,Organic,Cold Outbound,179.62,2024-10-21,11.97,9049,99
9404,Organic,Cold Outbound,120.76,2024-10-21,10.98,19555,1234
9405,LinkedIn,Brand Awareness Q1,633.0,2024-10-21,45.21,30150,1757
9406,Direct,Retargeting Wave,171.87,2024-10-21,9.05,31556,1353
9407,LinkedIn,Partner Referral,796.47,2024-10-21,36.2,28933,1436
9408,Organic,Summer Growth,164.9,2024-10-22,11.78,44697,255
9409,LinkedIn,End of Year Push,779.89,2024-10-22,59.99,12133,1547
9410,Organic,Cold Outbound,137.99,2024-10-22,5.52,2859,1737
9411,Referral,Brand Awareness Q1,83.46,2024-10-22,3.97,29176,285
9412,Google Ads,Partner Referral,300.09,2024-10-22,21.43,25704,1140
9413,LinkedIn,Brand Awareness Q1,600.63,2024-10-22,60.06,2819,1235
9414,LinkedIn,Cold Outbound,759.97,2024-10-22,54.28,17749,1144
9415,LinkedIn,Retargeting Wave,666.78,2024-10-22,35.09,1200,1863
9416,Google Ads,Partner Referral,273.76,2024-10-22,13.69,13508,170
9417,Google Ads,Inbound SEO,264.32,2024-10-22,12.01,10187,315
9418,Referral,Brand Awareness Q1,94.27,2024-10-22,8.57,18157,686
9419,Organic,Retargeting Wave,159.01,2024-10-22,8.83,35972,1882
9420,Organic,Partner Referral,177.36,2024-10-22,22.17,19425,1276
9421,Google Ads,Brand Awareness Q1,383.25,2024-10-22,34.84,12797,468
9422,Organic,Cold Outbound,173.14,2024-10-22,13.32,26104,1554
9423,Organic,Cold Outbound,128.81,2024-10-22,6.78,4079,1946
9424,Google Ads,Product Launch,277.22,2024-10-22,11.55,9708,1740
9425,Referral,Inbound SEO,143.17,2024-10-22,5.97,4542,335
9426,LinkedIn,Inbound SEO,610.75,2024-10-22,25.45,38848,443
9427,LinkedIn,Inbound SEO,616.82,2024-10-22,56.07,2407,1147
9428,Meta Ads,Summer Growth,241.24,2024-10-22,10.97,11629,1168
9429,LinkedIn,Inbound SEO,641.95,2024-10-22,64.2,35503,1996
9430,Meta Ads,End of Year Push,271.48,2024-10-22,16.97,23199,465
9431,Google Ads,Inbound SEO,266.92,2024-10-22,20.53,7701,650
9432,Google Ads,Summer Growth,259.9,2024-10-22,28.88,47767,804
9433,Google Ads,Retargeting Wave,354.69,2024-10-23,27.28,11706,1922
9434,Direct,Retargeting Wave,124.64,2024-10-23,11.33,16615,348
9435,Google Ads,Product Launch,306.22,2024-10-23,12.76,40787,1553
9436,Meta Ads,Partner Referral,284.13,2024-10-23,15.79,8037,1310
9437,Google Ads,Retargeting Wave,291.66,2024-10-23,15.35,45825,1596
9438,Google Ads,Inbound SEO,241.13,2024-10-23,12.06,25537,300
9439,LinkedIn,Partner Referral,517.6,2024-10-23,32.35,4715,1030
9440,Direct,Inbound SEO,175.19,2024-10-23,7.96,758,1040
9441,Google Ads,Retargeting Wave,396.16,2024-10-23,36.01,11772,55
9442,Organic,Partner Referral,127.8,2024-10-23,6.39,13242,1040
9443,Organic,Cold Outbound,124.76,2024-10-23,15.6,37392,183
9444,Email,Partner Referral,69.03,2024-10-23,3.29,46356,997
9445,Organic,End of Year Push,176.44,2024-10-23,7.06,9422,490
9446,Organic,Summer Growth,156.26,2024-10-23,11.16,2075,1652
9447,Direct,Cold Outbound,115.96,2024-10-23,11.6,44117,774
9448,Organic,End of Year Push,172.47,2024-10-23,14.37,28799,1249
9449,Organic,End of Year Push,152.59,2024-10-23,7.27,16593,1069
9450,Google Ads,Retargeting Wave,268.6,2024-10-23,20.66,3608,1155
9451,LinkedIn,Product Launch,466.82,2024-10-23,42.44,41331,276
9452,Direct,Summer Growth,168.25,2024-10-23,8.41,42682,632
9453,Email,Cold Outbound,118.72,2024-10-23,5.65,34620,1150
9454,Organic,End of Year Push,152.72,2024-10-23,12.73,13400,1346
9455,Organic,Retargeting Wave,178.57,2024-10-23,7.14,46786,667
9456,LinkedIn,Retargeting Wave,614.72,2024-10-23,55.88,25063,343
9457,Referral,Summer Growth,134.52,2024-10-23,7.91,30949,815
9458,Email,Brand Awareness Q1,100.67,2024-10-23,5.03,6086,1978
9459,Meta Ads,End of Year Push,248.5,2024-10-23,12.43,28320,1329
9460,Google Ads,End of Year Push,258.04,2024-10-23,15.18,18907,1311
9461,LinkedIn,Retargeting Wave,573.63,2024-10-23,26.07,10625,776
9462,Google Ads,Partner Referral,399.36,2024-10-24,22.19,45325,1521
9463,Referral,Inbound SEO,127.94,2024-10-24,6.4,853,1789
9464,Google Ads,Product Launch,333.92,2024-10-24,23.85,13710,1110
9465,Email,Inbound SEO,104.17,2024-10-24,9.47,27996,1901
9466,Referral,End of Year Push,88.58,2024-10-24,11.07,27777,1160
9467,Email,Product Launch,73.54,2024-10-24,6.13,34896,751
9468,Organic,Summer Growth,135.33,2024-10-24,9.67,22024,1309
9469,Organic,Partner Referral,164.76,2024-10-24,7.49,6174,779
9470,Organic,Inbound SEO,129.48,2024-10-24,5.18,48521,837
9471,Organic,Brand Awareness Q1,172.08,2024-10-24,21.51,33639,1010
9472,Direct,End of Year Push,150.7,2024-10-24,11.59,40613,1249
9473,Referral,Summer Growth,86.58,2024-10-24,7.87,35564,1855
9474,LinkedIn,Cold Outbound,787.06,2024-10-24,31.48,47498,672
9475,Organic,Product Launch,158.83,2024-10-24,6.91,15848,622
9476,Referral,Partner Referral,122.16,2024-10-24,6.43,46959,1323
9477,Meta Ads,Product Launch,316.71,2024-10-24,35.19,36385,779
9478,Meta Ads,Inbound SEO,205.31,2024-10-24,11.41,1445,1921
9479,Organic,End of Year Push,125.67,2024-10-24,13.96,32222,1990
9480,LinkedIn,Inbound SEO,533.02,2024-10-24,21.32,21706,980
9481,Direct,Summer Growth,184.33,2024-10-24,15.36,47586,1555
9482,Organic,End of Year Push,178.31,2024-10-24,7.75,27961,1365
9483,Meta Ads,Product Launch,252.22,2024-10-24,10.09,10023,1426
9484,Google Ads,Brand Awareness Q1,254.5,2024-10-24,15.91,9093,83
9485,LinkedIn,Brand Awareness Q1,482.15,2024-10-24,48.21,49468,1332
9486,Google Ads,Summer Growth,275.47,2024-10-24,11.48,49032,134
9487,LinkedIn,Cold Outbound,615.43,2024-10-24,30.77,42682,619
9488,Google Ads,Product Launch,272.67,2024-10-24,22.72,38286,1692
9489,Organic,Cold Outbound,121.98,2024-10-24,7.18,11146,1876
9490,Organic,End of Year Push,152.96,2024-10-24,15.3,46218,130
9491,Google Ads,Brand Awareness Q1,362.14,2024-10-24,17.24,37493,661
9492,Google Ads,End of Year Push,305.17,2024-10-25,13.87,9564,208
9493,Direct,Partner Referral,121.13,2024-10-25,11.01,48879,811
9494,LinkedIn,Product Launch,707.19,2024-10-25,54.4,18266,1255
9495,Google Ads,Inbound SEO,323.5,2024-10-25,16.18,39814,953
9496,Organic,Summer Growth,156.04,2024-10-25,7.09,21346,802
9497,LinkedIn,End of Year Push,735.26,2024-10-25,52.52,2592,1103
9498,Organic,Summer Growth,160.57,2024-10-25,10.7,2523,128
9499,Organic,Inbound SEO,175.52,2024-10-25,7.02,41729,1252
9500,LinkedIn,Summer Growth,709.13,2024-10-25,44.32,17256,1667
9501,Organic,Product Launch,165.39,2024-10-25,10.34,38219,1407
9502,Google Ads,Partner Referral,390.26,2024-10-25,35.48,13165,1880
9503,Google Ads,Partner Referral,289.34,2024-10-25,14.47,13411,1202
9504,Organic,Cold Outbound,131.71,2024-10-25,7.32,29039,692
9505,LinkedIn,Summer Growth,492.35,2024-10-25,49.23,11791,1292
9506,Google Ads,Brand Awareness Q1,341.0,2024-10-25,20.06,49544,136
9507,Organic,Retargeting Wave,148.73,2024-10-25,13.52,40698,1967
9508,Referral,Inbound SEO,138.87,2024-10-25,17.36,10442,1092
9509,Meta Ads,End of Year Push,274.33,2024-10-25,18.29,36784,184
9510,Google Ads,Inbound SEO,295.92,2024-10-25,14.09,12334,1009
9511,Google Ads,Cold Outbound,315.88,2024-10-25,14.36,36744,1606
9512,Email,Partner Referral,70.08,2024-10-25,3.19,13852,469
9513,LinkedIn,Inbound SEO,501.94,2024-10-25,23.9,45316,1128
9514,Organic,Brand Awareness Q1,130.19,2024-10-25,14.47,19435,694
9515,Organic,Inbound SEO,143.62,2024-10-25,7.56,40567,181
9516,Google Ads,Product Launch,315.01,2024-10-25,14.32,15697,498
9517,LinkedIn,Inbound SEO,776.84,2024-10-25,86.32,12785,282
9518,Google Ads,Product Launch,255.96,2024-10-25,25.6,40911,1267
9519,Meta Ads,Product Launch,263.78,2024-10-25,17.59,46127,1762
9520,Google Ads,Product Launch,264.31,2024-10-25,11.01,9812,452
9521,Email,Product Launch,75.42,2024-10-25,8.38,29268,297
9522,Organic,End of Year Push,128.7,2024-10-25,16.09,10796,1648
9523,Google Ads,Brand Awareness Q1,347.05,2024-10-25,15.09,10487,510
9524,Referral,Retargeting Wave,99.93,2024-10-26,6.25,17391,619
9525,Organic,End of Year Push,140.35,2024-10-26,6.38,18942,1345
9526,Meta Ads,Inbound SEO,242.72,2024-10-26,13.48,17209,1681
9527,Direct,Inbound SEO,101.2,2024-10-26,4.6,49096,418
9528,Referral,Retargeting Wave,133.59,2024-10-26,7.86,40860,520
9529,Organic,Product Launch,154.29,2024-10-26,11.02,13405,1761
9530,Email,Summer Growth,103.82,2024-10-26,5.46,14015,1907
9531,LinkedIn,Product Launch,631.3,2024-10-26,45.09,16452,361
9532,Referral,Partner Referral,85.91,2024-10-26,7.81,49915,1709
9533,Google Ads,Retargeting Wave,303.32,2024-10-26,15.96,25835,161
9534,Meta Ads,Cold Outbound,185.95,2024-10-26,15.5,43176,231
9535,Direct,Retargeting Wave,122.35,2024-10-26,5.32,42080,1771
9536,Organic,Product Launch,123.26,2024-10-26,5.36,17658,1872
9537,LinkedIn,Brand Awareness Q1,453.22,2024-10-26,30.21,34144,1410
9538,Organic,Inbound SEO,171.52,2024-10-26,9.03,15338,831
9539,LinkedIn,Cold Outbound,477.86,2024-10-26,31.86,30380,1992
9540,Organic,Inbound SEO,133.36,2024-10-26,6.06,29435,313
9541,LinkedIn,End of Year Push,595.67,2024-10-26,42.55,12864,1716
9542,Google Ads,Partner Referral,364.77,2024-10-26,26.05,23097,1233
9543,Meta Ads,Brand Awareness Q1,262.98,2024-10-26,13.15,29223,1358
9544,Referral,Summer Growth,89.56,2024-10-26,4.07,22170,142
9545,Referral,Inbound SEO,86.93,2024-10-26,5.8,22156,327
9546,Referral,Product Launch,110.4,2024-10-26,9.2,38278,885
9547,Google Ads,Summer Growth,398.92,2024-10-26,36.27,38114,1130
9548,LinkedIn,Retargeting Wave,559.35,2024-10-26,24.32,5978,446
9549,Email,Summer Growth,76.66,2024-10-26,5.9,39800,252
9550,LinkedIn,Partner Referral,696.63,2024-10-26,77.4,25297,420
9551,Google Ads,Partner Referral,274.23,2024-10-26,27.42,14018,1408
9552,Meta Ads,Retargeting Wave,310.98,2024-10-26,12.96,30170,1126
9553,Referral,Cold Outbound,106.59,2024-10-26,4.84,5326,202
9554,Organic,Brand Awareness Q1,154.88,2024-10-27,10.33,13508,1387
9555,LinkedIn,Cold Outbound,506.59,2024-10-27,25.33,12319,795
9556,Referral,Partner Referral,94.9,2024-10-27,4.99,28672,1963
9557,Referral,Summer Growth,118.77,2024-10-27,5.94,40686,191
9558,Google Ads,Brand Awareness Q1,344.78,2024-10-27,34.48,1604,1899
9559,Organic,Partner Referral,168.09,2024-10-27,8.0,31147,1677
9560,Google Ads,Product Launch,325.84,2024-10-27,14.17,15554,500
9561,Meta Ads,Cold Outbound,263.35,2024-10-27,18.81,5117,1490
9562,Google Ads,End of Year Push,323.29,2024-10-27,16.16,21759,1017
9563,Google Ads,Partner Referral,322.73,2024-10-27,13.45,22758,1157
9564,Referral,Product Launch,129.02,2024-10-27,6.79,31702,654
9565,Referral,Cold Outbound,96.11,2024-10-27,8.01,12935,565
9566,Referral,Product Launch,133.09,2024-10-27,9.51,38320,1306
9567,LinkedIn,Summer Growth,726.14,2024-10-27,34.58,48354,1648
9568,Referral,Partner Referral,147.97,2024-10-27,11.38,7892,247
9569,Referral,Inbound SEO,96.67,2024-10-27,4.6,18977,1075
9570,Meta Ads,Brand Awareness Q1,284.84,2024-10-27,14.24,33031,1292
9571,Referral,End of Year Push,126.18,2024-10-28,5.05,18945,362
9572,Meta Ads,Product Launch,191.37,2024-10-28,9.57,45383,1257
9573,LinkedIn,Brand Awareness Q1,685.46,2024-10-28,76.16,5379,1568
9574,Organic,Brand Awareness Q1,173.06,2024-10-28,15.73,12261,245
9575,Direct,Retargeting Wave,156.33,2024-10-28,9.2,26939,1582
9576,Organic,Cold Outbound,123.54,2024-10-28,8.24,37989,1676
9577,Meta Ads,Product Launch,262.1,2024-10-28,11.4,49585,674
9578,Organic,Product Launch,132.06,2024-10-28,13.21,15778,360
9579,Meta Ads,Brand Awareness Q1,297.01,2024-10-28,14.14,46281,1572
9580,Referral,Brand Awareness Q1,117.22,2024-10-28,13.02,49653,702
9581,Organic,End of Year Push,143.1,2024-10-28,7.53,8639,1724
9582,Organic,Retargeting Wave,120.08,2024-10-28,10.01,48620,137
9583,LinkedIn,End of Year Push,473.56,2024-10-28,52.62,13911,1680
9584,Direct,Inbound SEO,114.95,2024-10-28,10.45,36763,1405
9585,LinkedIn,End of Year Push,738.44,2024-10-28,61.54,24734,1949
9586,Referral,Brand Awareness Q1,106.9,2024-10-28,6.29,46545,1174
9587,Google Ads,Retargeting Wave,351.99,2024-10-28,18.53,24137,912
9588,Meta Ads,End of Year Push,279.94,2024-10-28,20.0,26632,1793
9589,Google Ads,Summer Growth,290.84,2024-10-28,16.16,31827,678
9590,Organic,Cold Outbound,148.11,2024-10-28,7.8,27958,652
9591,LinkedIn,End of Year Push,504.17,2024-10-28,36.01,10604,1716
9592,Meta Ads,Partner Referral,263.67,2024-10-28,29.3,18707,1807
9593,Organic,Partner Referral,123.62,2024-10-28,11.24,6429,364
9594,Organic,Brand Awareness Q1,166.94,2024-10-29,10.43,14473,1020
9595,Meta Ads,Brand Awareness Q1,286.78,2024-10-29,11.47,18978,459
9596,Organic,Product Launch,147.73,2024-10-29,9.23,7538,1380
9597,Referral,Brand Awareness Q1,101.53,2024-10-29,4.62,36549,383
9598,Meta Ads,Summer Growth,265.05,2024-10-29,11.52,45533,278
9599,LinkedIn,Brand Awareness Q1,550.5,2024-10-29,23.93,17059,512
9600,Email,Summer Growth,78.93,2024-10-29,3.59,31634,1055
9601,Meta Ads,Product Launch,222.89,2024-10-29,11.73,8208,140
9602,LinkedIn,Inbound SEO,481.05,2024-10-29,20.04,36319,1039
9603,Meta Ads,Partner Referral,190.73,2024-10-29,8.29,17531,1412
9604,Meta Ads,Inbound SEO,317.04,2024-10-29,22.65,5669,834
9605,Organic,Cold Outbound,176.13,2024-10-29,7.66,3299,932
9606,LinkedIn,Inbound SEO,749.94,2024-10-29,39.47,6005,740
9607,Referral,Product Launch,84.18,2024-10-29,3.37,41114,355
9608,Referral,Cold Outbound,90.48,2024-10-29,5.03,16289,1673
9609,Google Ads,Partner Referral,305.7,2024-10-29,12.23,44917,66
9610,Organic,Retargeting Wave,176.44,2024-10-29,8.4,7107,1469
9611,Google Ads,Retargeting Wave,298.64,2024-10-29,15.72,5325,1816
9612,Organic,Inbound SEO,164.03,2024-10-29,9.11,38642,803
9613,Meta Ads,Product Launch,318.22,2024-10-29,31.82,23362,951
9614,Organic,Partner Referral,174.3,2024-10-29,10.25,25532,1893
9615,Organic,Partner Referral,156.4,2024-10-29,7.11,12577,489
9616,Email,Inbound SEO,90.4,2024-10-29,5.65,42865,653
9617,Organic,Retargeting Wave,144.7,2024-10-29,9.04,38718,512
9618,Meta Ads,Cold Outbound,317.9,2024-10-30,39.74,45931,1190
9619,Meta Ads,Partner Referral,246.34,2024-10-30,9.85,36412,1648
9620,Organic,Retargeting Wave,165.46,2024-10-30,15.04,28615,1239
9621,Meta Ads,Cold Outbound,283.97,2024-10-30,14.2,49329,1484
9622,Referral,Retargeting Wave,142.43,2024-10-30,5.7,2430,865
9623,Referral,Inbound SEO,130.2,2024-10-30,13.02,34922,911
9624,Organic,Retargeting Wave,144.28,2024-10-30,6.56,32600,1717
9625,Meta Ads,End of Year Push,256.87,2024-10-30,12.23,30353,832
9626,Google Ads,Product Launch,313.15,2024-10-30,34.79,41734,1354
9627,Organic,Summer Growth,133.62,2024-10-30,8.91,40094,142
9628,Organic,Summer Growth,121.32,2024-10-30,7.58,21229,114
9629,Organic,Product Launch,165.6,2024-10-30,9.74,19971,1786
9630,Direct,Brand Awareness Q1,100.01,2024-10-30,11.11,15441,1008
9631,Organic,Cold Outbound,127.8,2024-10-30,9.83,20326,357
9632,Referral,Inbound SEO,95.71,2024-10-30,4.79,38940,904
9633,Direct,Brand Awareness Q1,165.83,2024-10-30,9.21,42815,1152
9634,Organic,End of Year Push,128.55,2024-10-30,14.28,2403,866
9635,Meta Ads,Retargeting Wave,264.35,2024-10-30,13.22,13642,1236
9636,Direct,Inbound SEO,192.91,2024-10-30,9.65,17095,1740
9637,Organic,Summer Growth,143.47,2024-10-30,6.52,24813,1281
9638,Meta Ads,Summer Growth,180.52,2024-10-30,18.05,38012,58
9639,Meta Ads,Retargeting Wave,297.46,2024-10-30,13.52,39813,1549
9640,Direct,Brand Awareness Q1,158.06,2024-10-30,8.32,6212,813
9641,Meta Ads,Product Launch,252.39,2024-10-30,13.28,33698,1780
9642,Referral,Product Launch,84.82,2024-10-31,9.42,49973,1383
9643,LinkedIn,Cold Outbound,515.31,2024-10-31,39.64,21934,1702
9644,Referral,Summer Growth,143.39,2024-10-31,8.96,7446,930
9645,Meta Ads,Partner Referral,227.6,2024-10-31,11.98,29517,438
9646,Referral,Inbound SEO,96.07,2024-10-31,9.61,22054,817
9647,Organic,Product Launch,147.93,2024-10-31,6.16,26145,892
9648,Meta Ads,Brand Awareness Q1,196.34,2024-10-31,15.1,13204,435
9649,Referral,Product Launch,129.36,2024-10-31,5.17,46324,964
9650,Meta Ads,Cold Outbound,289.5,2024-10-31,36.19,33124,1354
9651,Meta Ads,Brand Awareness Q1,248.78,2024-10-31,13.82,9204,1265
9652,Organic,Inbound SEO,149.66,2024-10-31,16.63,35836,840
9653,Organic,Cold Outbound,157.18,2024-10-31,7.14,47363,865
9654,Meta Ads,Retargeting Wave,293.76,2024-10-31,20.98,8632,272
9655,Organic,Partner Referral,157.94,2024-10-31,19.74,43255,564
9656,Organic,Inbound SEO,144.96,2024-10-31,6.3,1774,631
9657,Organic,End of Year Push,150.98,2024-10-31,8.39,28273,562
9658,Organic,Partner Referral,124.34,2024-10-31,7.77,12086,1458
9659,Referral,Partner Referral,123.14,2024-10-31,8.21,20561,865
9660,LinkedIn,Brand Awareness Q1,477.64,2024-10-31,19.11,29783,704
9661,LinkedIn,Brand Awareness Q1,632.38,2024-10-31,28.74,35699,1653
9662,Direct,Summer Growth,193.5,2024-10-31,14.88,19061,122
9663,Google Ads,Product Launch,354.1,2024-10-31,17.71,36622,335
9664,LinkedIn,Retargeting Wave,714.4,2024-10-31,29.77,16030,1017
9665,Referral,Brand Awareness Q1,86.12,2024-10-31,4.31,46797,184
9666,Referral,Brand Awareness Q1,123.8,2024-10-31,8.84,21977,217
9667,Meta Ads,End of Year Push,229.07,2024-10-31,25.45,559,1316
9668,Meta Ads,Inbound SEO,237.66,2024-10-31,19.8,18766,1115
9669,Organic,Summer Growth,152.47,2024-10-31,15.25,20782,809
9670,Organic,Inbound SEO,144.04,2024-11-01,9.6,14460,663
9671,LinkedIn,Inbound SEO,751.67,2024-11-01,35.79,39049,361
9672,Direct,End of Year Push,101.28,2024-11-01,4.22,45782,745
9673,Meta Ads,Partner Referral,310.5,2024-11-01,19.41,28040,1130
9674,Referral,Brand Awareness Q1,100.03,2024-11-01,4.17,48731,1500
9675,Google Ads,Product Launch,346.33,2024-11-01,13.85,11359,667
9676,Meta Ads,End of Year Push,221.02,2024-11-01,18.42,15187,894
9677,Referral,Product Launch,145.97,2024-11-01,8.11,39569,1327
9678,Google Ads,Summer Growth,292.64,2024-11-01,18.29,46853,1879
9679,Referral,Retargeting Wave,106.33,2024-11-01,11.81,1404,1606
9680,LinkedIn,Retargeting Wave,586.65,2024-11-01,26.67,46206,1964
9681,Referral,Summer Growth,120.11,2024-11-01,10.01,2803,1742
9682,LinkedIn,Summer Growth,487.77,2024-11-01,23.23,45483,1907
9683,LinkedIn,Product Launch,501.24,2024-11-01,55.69,48700,763
9684,Google Ads,Summer Growth,302.6,2024-11-01,37.83,43217,1488
9685,LinkedIn,Cold Outbound,653.7,2024-11-01,81.71,49001,1575
9686,Direct,Brand Awareness Q1,147.85,2024-11-01,8.7,40583,339
9687,Organic,Inbound SEO,120.86,2024-11-01,5.76,4857,1394
9688,Organic,Cold Outbound,155.8,2024-11-01,8.2,11389,793
9689,Referral,Brand Awareness Q1,113.91,2024-11-01,5.18,35487,1157
9690,Organic,Retargeting Wave,157.3,2024-11-01,9.83,30285,311
9691,LinkedIn,Product Launch,484.46,2024-11-01,44.04,9198,91
9692,Meta Ads,Inbound SEO,236.94,2024-11-01,13.16,855,1242
9693,Meta Ads,Summer Growth,247.01,2024-11-01,14.53,14356,57
9694,Google Ads,Retargeting Wave,391.39,2024-11-01,17.79,6005,870
9695,Organic,Summer Growth,136.65,2024-11-01,7.59,7511,1780
9696,Organic,Summer Growth,143.3,2024-11-01,11.94,47804,679
9697,Referral,Brand Awareness Q1,94.16,2024-11-01,8.56,12726,1012
9698,LinkedIn,Cold Outbound,634.5,2024-11-01,79.31,39691,1959
9699,Organic,Product Launch,145.56,2024-11-02,9.1,1107,318
9700,LinkedIn,Inbound SEO,532.67,2024-11-02,25.37,36475,1163
9701,Meta Ads,Inbound SEO,309.84,2024-11-02,17.21,10891,1225
9702,Meta Ads,Partner Referral,184.62,2024-11-02,15.38,39664,187
9703,Google Ads,Cold Outbound,381.52,2024-11-02,42.39,35343,447
9704,Organic,Cold Outbound,133.82,2024-11-02,5.35,9200,1775
9705,Google Ads,Retargeting Wave,327.63,2024-11-02,36.4,3595,223
9706,Referral,Cold Outbound,83.27,2024-11-02,4.16,19305,136
9707,Organic,Summer Growth,171.65,2024-11-02,8.58,3683,819
9708,Organic,Summer Growth,128.49,2024-11-02,9.88,17113,584
9709,Organic,Retargeting Wave,176.66,2024-11-02,9.3,28006,1086
9710,Meta Ads,Product Launch,259.77,2024-11-02,11.29,15319,570
9711,Meta Ads,Retargeting Wave,242.08,2024-11-02,11.53,12459,728
9712,LinkedIn,Partner Referral,653.84,2024-11-02,27.24,28029,318
9713,Referral,Inbound SEO,103.58,2024-11-02,12.95,25294,1040
9714,Organic,Partner Referral,127.88,2024-11-02,15.98,34745,533
9715,Email,End of Year Push,117.35,2024-11-02,8.38,39386,217
9716,Meta Ads,Partner Referral,264.6,2024-11-02,22.05,43199,1449
9717,Direct,Brand Awareness Q1,170.73,2024-11-02,14.23,36935,1064
9718,Google Ads,Product Launch,386.25,2024-11-02,15.45,46912,431
9719,Organic,End of Year Push,126.26,2024-11-02,12.63,44739,1692
9720,Meta Ads,Summer Growth,244.23,2024-11-02,20.35,16254,177
9721,Google Ads,Inbound SEO,296.03,2024-11-02,21.14,13446,772
9722,Organic,Retargeting Wave,173.18,2024-11-02,8.66,46092,654
9723,Referral,Partner Referral,117.94,2024-11-03,5.13,7360,1569
9724,LinkedIn,Summer Growth,609.36,2024-11-03,35.84,15357,1399
9725,LinkedIn,Inbound SEO,757.99,2024-11-03,75.8,43721,1790
9726,Referral,Cold Outbound,88.12,2024-11-03,6.78,17958,1629
9727,Organic,Retargeting Wave,134.66,2024-11-03,6.12,30008,348
9728,LinkedIn,End of Year Push,743.84,2024-11-03,49.59,47349,1633
9729,Organic,End of Year Push,125.93,2024-11-03,7.41,42619,700
9730,Google Ads,Partner Referral,288.19,2024-11-03,12.53,5519,1375
9731,Direct,Inbound SEO,134.04,2024-11-03,5.83,15253,1485
9732,Organic,Retargeting Wave,132.26,2024-11-03,13.23,25456,73
9733,Google Ads,Product Launch,363.41,2024-11-03,40.38,41825,1036
9734,Organic,Brand Awareness Q1,140.46,2024-11-03,14.05,18710,335
9735,Meta Ads,Product Launch,230.95,2024-11-03,11.55,15861,800
9736,Google Ads,Inbound SEO,364.31,2024-11-03,15.84,2395,218
9737,LinkedIn,End of Year Push,750.17,2024-11-03,35.72,16786,399
9738,Email,Retargeting Wave,96.02,2024-11-03,5.33,30804,227
9739,Google Ads,Partner Referral,307.92,2024-11-03,30.79,19610,1251
9740,Meta Ads,Retargeting Wave,227.82,2024-11-03,10.85,5718,870
9741,Organic,Product Launch,124.62,2024-11-03,5.42,7907,1919
9742,Google Ads,Cold Outbound,394.32,2024-11-03,35.85,6082,1164
9743,Google Ads,Brand Awareness Q1,278.51,2024-11-03,13.26,37370,1991
9744,Organic,Partner Referral,160.46,2024-11-03,16.05,13260,247
9745,Organic,Cold Outbound,168.22,2024-11-03,10.51,27890,1355
9746,Google Ads,Inbound SEO,322.93,2024-11-03,29.36,49135,827
9747,Organic,End of Year Push,163.63,2024-11-03,9.63,28500,1510
9748,Organic,Partner Referral,154.5,2024-11-03,11.04,13981,1266
9749,Referral,Brand Awareness Q1,82.65,2024-11-03,3.94,43365,761
9750,Email,Product Launch,98.8,2024-11-03,3.95,15533,1808
9751,Referral,Retargeting Wave,80.45,2024-11-03,4.02,15089,669
9752,Direct,Partner Referral,108.16,2024-11-04,5.69,21309,1241
9753,LinkedIn,Summer Growth,597.67,2024-11-04,28.46,44948,1771
9754,Referral,Summer Growth,127.96,2024-11-04,8.0,48258,1610
9755,Meta Ads,Product Launch,277.04,2024-11-04,27.7,11731,1774
9756,Organic,Brand Awareness Q1,164.61,2024-11-04,6.58,46683,407
9757,LinkedIn,Partner Referral,526.22,2024-11-04,37.59,43496,831
9758,Google Ads,Inbound SEO,315.42,2024-11-04,15.77,39005,834
9759,Google Ads,Brand Awareness Q1,281.17,2024-11-04,15.62,36811,1747
9760,Email,Inbound SEO,69.77,2024-11-04,8.72,42703,670
9761,Google Ads,Partner Referral,394.41,2024-11-04,17.93,2702,278
9762,LinkedIn,Inbound SEO,720.88,2024-11-04,28.84,20444,1311
9763,Direct,Inbound SEO,107.21,2024-11-04,4.47,20011,1261
9764,Organic,Summer Growth,136.84,2024-11-04,6.84,34996,1775
9765,Direct,Product Launch,101.82,2024-11-04,5.36,29405,501
9766,LinkedIn,Inbound SEO,546.13,2024-11-04,68.27,14625,133
9767,Meta Ads,Product Launch,250.55,2024-11-04,15.66,18154,1719
9768,LinkedIn,Brand Awareness Q1,708.53,2024-11-04,88.57,39748,1753
9769,Organic,Retargeting Wave,139.07,2024-11-04,10.7,11192,217
9770,Direct,End of Year Push,180.43,2024-11-05,13.88,14316,1429
9771,Direct,Retargeting Wave,100.43,2024-11-05,4.18,30852,639
9772,Referral,End of Year Push,135.56,2024-11-05,8.47,43948,1803
9773,LinkedIn,Cold Outbound,493.13,2024-11-05,29.01,37811,1339
9774,Referral,Inbound SEO,90.29,2024-11-05,3.93,12964,1474
9775,LinkedIn,Product Launch,653.52,2024-11-05,26.14,4383,668
9776,Referral,Retargeting Wave,108.65,2024-11-05,5.17,19828,1289
9777,Direct,Summer Growth,113.44,2024-11-05,5.67,20883,1683
9778,Meta Ads,Cold Outbound,318.52,2024-11-05,19.91,12555,1061
9779,LinkedIn,Summer Growth,459.78,2024-11-05,19.16,40899,1002
9780,LinkedIn,Inbound SEO,733.51,2024-11-05,30.56,30382,1202
9781,Referral,Partner Referral,83.45,2024-11-05,3.97,27321,781
9782,Google Ads,Inbound SEO,282.49,2024-11-05,18.83,2598,554
9783,Google Ads,Partner Referral,328.18,2024-11-05,14.92,14042,100
9784,Google Ads,Brand Awareness Q1,382.32,2024-11-05,42.48,41404,809
9785,Organic,Partner Referral,140.88,2024-11-05,6.13,13563,1070
9786,Organic,Partner Referral,167.63,2024-11-05,6.98,32750,838
9787,Organic,Product Launch,163.12,2024-11-05,6.8,35990,601
9788,Google Ads,Inbound SEO,289.84,2024-11-05,19.32,43081,523
9789,Google Ads,Partner Referral,385.71,2024-11-05,48.21,47573,1188
9790,Meta Ads,Cold Outbound,247.2,2024-11-05,9.89,32484,457
9791,Direct,Retargeting Wave,159.37,2024-11-05,9.37,27443,1715
9792,Organic,Inbound SEO,136.22,2024-11-05,9.08,23506,1015
9793,Google Ads,Product Launch,362.61,2024-11-05,40.29,28409,1879
9794,Google Ads,End of Year Push,264.65,2024-11-05,14.7,47334,1273
9795,LinkedIn,Product Launch,563.21,2024-11-05,23.47,37532,1093
9796,Organic,Summer Growth,123.11,2024-11-05,5.35,46885,870
9797,Meta Ads,Partner Referral,293.73,2024-11-05,13.99,41750,1073
9798,LinkedIn,Partner Referral,493.6,2024-11-05,35.26,1717,1348
9799,LinkedIn,Inbound SEO,761.27,2024-11-06,63.44,22883,1682
9800,Google Ads,Cold Outbound,339.95,2024-11-06,17.0,25448,1782
9801,Meta Ads,Brand Awareness Q1,288.29,2024-11-06,22.18,29886,475
9802,Referral,End of Year Push,141.71,2024-11-06,6.44,9539,1617
9803,Google Ads,Summer Growth,293.09,2024-11-06,24.42,21745,690
9804,Meta Ads,Product Launch,245.69,2024-11-06,12.93,9048,554
9805,Google Ads,Product Launch,340.67,2024-11-06,34.07,8402,1282
9806,LinkedIn,Partner Referral,793.77,2024-11-06,46.69,14289,1861
9807,Referral,Cold Outbound,123.73,2024-11-06,5.62,49050,1233
9808,Google Ads,Cold Outbound,374.83,2024-11-06,22.05,39419,382
9809,LinkedIn,Brand Awareness Q1,773.65,2024-11-06,40.72,3028,488
9810,Organic,Cold Outbound,165.55,2024-11-06,11.04,25232,1235
9811,Referral,Product Launch,126.81,2024-11-06,11.53,40329,1565
9812,Organic,Cold Outbound,145.76,2024-11-06,6.63,5933,1663
9813,Organic,Retargeting Wave,143.79,2024-11-06,6.54,39931,556
9814,Direct,Brand Awareness Q1,171.01,2024-11-06,14.25,36974,453
9815,Meta Ads,Summer Growth,305.27,2024-11-06,13.27,34861,1240
9816,Referral,Cold Outbound,127.06,2024-11-06,5.29,28898,1891
9817,Direct,End of Year Push,100.02,2024-11-06,12.5,42039,101
9818,Google Ads,Cold Outbound,255.42,2024-11-06,23.22,48815,898
9819,LinkedIn,Partner Referral,610.51,2024-11-06,61.05,16649,1034
9820,Direct,Summer Growth,103.85,2024-11-07,9.44,2014,1495
9821,Google Ads,Inbound SEO,375.49,2024-11-07,28.88,32825,1102
9822,Google Ads,Product Launch,353.61,2024-11-07,16.07,48454,1492
9823,Organic,End of Year Push,142.22,2024-11-07,5.93,46250,1146
9824,Organic,Cold Outbound,165.51,2024-11-07,7.52,36256,1382
9825,Referral,Summer Growth,131.44,2024-11-07,6.92,49921,842
9826,Meta Ads,Brand Awareness Q1,242.1,2024-11-07,10.09,28948,1173
9827,Google Ads,Inbound SEO,305.16,2024-11-07,15.26,29994,388
9828,Referral,Retargeting Wave,97.4,2024-11-07,4.87,43121,199
9829,LinkedIn,Summer Growth,629.06,2024-11-07,27.35,31737,223
9830,Organic,Product Launch,160.73,2024-11-07,17.86,14007,1044
9831,Meta Ads,Summer Growth,216.17,2024-11-07,8.65,40830,1452
9832,Google Ads,Summer Growth,283.22,2024-11-07,12.87,37431,1220
9833,Organic,Retargeting Wave,151.82,2024-11-07,6.07,32387,1152
9834,Google Ads,Product Launch,279.64,2024-11-07,17.48,26080,1271
9835,Meta Ads,Partner Referral,192.66,2024-11-07,7.71,23524,1617
9836,Google Ads,End of Year Push,378.93,2024-11-07,37.89,11212,1042
9837,LinkedIn,Summer Growth,614.16,2024-11-07,34.12,8878,1680
9838,Referral,Inbound SEO,117.51,2024-11-07,14.69,18765,1764
9839,Organic,Summer Growth,144.37,2024-11-07,12.03,39403,1748
9840,Email,Summer Growth,102.65,2024-11-07,5.13,14381,1287
9841,Email,Inbound SEO,102.1,2024-11-07,10.21,45004,380
9842,Referral,Summer Growth,103.7,2024-11-07,7.41,789,1077
9843,Direct,Summer Growth,190.72,2024-11-07,8.29,41214,1745
9844,Referral,Inbound SEO,134.95,2024-11-08,5.62,29782,343
9845,Referral,End of Year Push,147.35,2024-11-08,8.67,15891,1991
9846,Organic,Partner Referral,162.94,2024-11-08,7.08,19947,183
9847,Google Ads,Product Launch,318.22,2024-11-08,21.21,39384,1123
9848,Meta Ads,End of Year Push,194.33,2024-11-08,8.45,40619,849
9849,Meta Ads,Cold Outbound,247.44,2024-11-08,19.03,18484,452
9850,Referral,End of Year Push,88.75,2024-11-08,4.23,49133,1005
9851,Direct,Inbound SEO,112.67,2024-11-08,5.37,16346,1006
9852,Organic,Cold Outbound,159.84,2024-11-08,11.42,13800,1734
9853,Google Ads,Summer Growth,306.74,2024-11-08,21.91,42150,1921
9854,LinkedIn,Product Launch,636.29,2024-11-08,37.43,33104,207
9855,Meta Ads,Inbound SEO,297.97,2024-11-08,21.28,3432,1576
9856,Direct,Cold Outbound,176.8,2024-11-08,14.73,8316,1102
9857,Meta Ads,End of Year Push,232.91,2024-11-08,13.7,21026,1825
9858,Referral,Cold Outbound,125.25,2024-11-08,5.22,17900,1101
9859,Organic,Cold Outbound,154.03,2024-11-08,9.06,8218,491
9860,Google Ads,Product Launch,259.55,2024-11-08,18.54,45130,1915
9861,Google Ads,Product Launch,341.26,2024-11-08,14.84,34040,1757
9862,Referral,Brand Awareness Q1,111.0,2024-11-08,11.1,9124,623
9863,Email,Brand Awareness Q1,119.94,2024-11-08,11.99,3618,509
9864,Meta Ads,End of Year Push,270.69,2024-11-08,18.05,5977,215
9865,Organic,Cold Outbound,178.16,2024-11-09,11.13,17213,745
9866,Organic,Partner Referral,169.24,2024-11-09,8.06,25541,1453
9867,Organic,Product Launch,175.93,2024-11-09,7.33,12038,464
9868,Meta Ads,Cold Outbound,236.32,2024-11-09,9.85,36046,1562
9869,Organic,Partner Referral,133.36,2024-11-09,6.35,32216,260
9870,Organic,Cold Outbound,132.22,2024-11-09,5.29,27376,1185
9871,Meta Ads,End of Year Push,302.81,2024-11-09,21.63,37324,442
9872,Referral,Retargeting Wave,109.99,2024-11-09,5.79,43881,687
9873,LinkedIn,Cold Outbound,640.23,2024-11-09,42.68,41923,1272
9874,Google Ads,Summer Growth,327.91,2024-11-09,15.61,26556,242
9875,Google Ads,Cold Outbound,322.99,2024-11-09,29.36,2284,1104
9876,LinkedIn,Product Launch,722.78,2024-11-09,34.42,33601,1976
9877,LinkedIn,Retargeting Wave,666.7,2024-11-09,35.09,39638,173
9878,Meta Ads,Summer Growth,245.73,2024-11-09,13.65,47536,754
9879,Google Ads,Inbound SEO,262.52,2024-11-09,21.88,24997,1824
9880,Meta Ads,Inbound SEO,275.74,2024-11-09,11.49,9026,1877
9881,Organic,Retargeting Wave,128.54,2024-11-09,14.28,9889,1759
9882,Organic,Brand Awareness Q1,126.88,2024-11-09,7.93,41040,1805
9883,LinkedIn,Cold Outbound,658.78,2024-11-09,43.92,6150,515
9884,Organic,Product Launch,159.8,2024-11-09,8.88,27641,1640
9885,Email,Partner Referral,93.17,2024-11-09,6.21,43441,1658
9886,Google Ads,Partner Referral,336.8,2024-11-09,18.71,38250,1901
9887,Google Ads,Inbound SEO,340.35,2024-11-09,14.8,641,214
9888,Direct,Cold Outbound,178.07,2024-11-09,13.7,31415,1093
9889,Referral,Cold Outbound,94.83,2024-11-09,5.93,47897,1656
9890,Google Ads,End of Year Push,369.4,2024-11-09,17.59,17980,297
9891,Google Ads,Partner Referral,262.2,2024-11-09,15.42,43812,59
9892,Organic,Summer Growth,173.37,2024-11-10,21.67,5813,1396
9893,Organic,Brand Awareness Q1,121.64,2024-11-10,9.36,48214,1432
9894,LinkedIn,Cold Outbound,478.97,2024-11-10,22.81,43292,1923
9895,Organic,Brand Awareness Q1,142.6,2024-11-10,11.88,769,735
9896,Organic,End of Year Push,177.97,2024-11-10,13.69,48593,1132
9897,Referral,Inbound SEO,87.28,2024-11-10,7.27,37220,762
9898,Google Ads,Brand Awareness Q1,359.22,2024-11-10,29.94,38950,1975
9899,Meta Ads,Inbound SEO,289.68,2024-11-10,24.14,36729,1383
9900,Organic,Product Launch,151.13,2024-11-10,6.05,48652,740
9901,Google Ads,Cold Outbound,352.54,2024-11-10,14.1,28041,1028
9902,LinkedIn,Brand Awareness Q1,698.89,2024-11-10,53.76,15602,1759
9903,Referral,Partner Referral,120.41,2024-11-10,15.05,4241,162
9904,Organic,Partner Referral,136.8,2024-11-10,5.7,13766,785
9905,Direct,Summer Growth,171.03,2024-11-10,9.5,4091,985
9906,Google Ads,End of Year Push,265.4,2024-11-10,18.96,21241,1039
9907,Organic,Summer Growth,126.71,2024-11-10,6.03,21464,146
9908,Meta Ads,Brand Awareness Q1,263.84,2024-11-10,13.19,46074,762
9909,Direct,Product Launch,109.82,2024-11-10,4.99,2617,242
9910,LinkedIn,Retargeting Wave,693.77,2024-11-10,86.72,48199,284
9911,Organic,Partner Referral,155.68,2024-11-10,7.08,27869,594
9912,Organic,Inbound SEO,155.9,2024-11-10,9.17,32727,895
9913,Meta Ads,Product Launch,261.83,2024-11-10,15.4,30254,1157
9914,Referral,Summer Growth,90.57,2024-11-11,6.04,45449,335
9915,Google Ads,Brand Awareness Q1,323.54,2024-11-11,14.07,27018,246
9916,LinkedIn,Product Launch,655.29,2024-11-11,28.49,551,929
9917,LinkedIn,End of Year Push,721.7,2024-11-11,36.09,26457,265
9918,Organic,Summer Growth,161.97,2024-11-11,13.5,14666,1771
9919,Meta Ads,Product Launch,306.85,2024-11-11,12.79,6399,593
9920,LinkedIn,Product Launch,632.89,2024-11-11,48.68,41377,1100
9921,Organic,Cold Outbound,164.42,2024-11-11,10.28,30292,658
9922,Referral,Product Launch,88.6,2024-11-11,5.21,1535,623
9923,Organic,End of Year Push,135.54,2024-11-11,9.04,23377,1578
9924,LinkedIn,Summer Growth,736.84,2024-11-11,38.78,36062,1391
9925,Referral,Brand Awareness Q1,113.29,2024-11-11,8.71,17220,1339
9926,Referral,Inbound SEO,131.94,2024-11-11,10.15,34709,805
9927,Meta Ads,Retargeting Wave,204.49,2024-11-11,12.03,28072,1692
9928,Organic,Product Launch,175.16,2024-11-11,17.52,5409,203
9929,LinkedIn,Brand Awareness Q1,538.75,2024-11-11,53.88,5135,1063
9930,Referral,End of Year Push,126.0,2024-11-11,6.3,15094,1715
9931,LinkedIn,Brand Awareness Q1,479.8,2024-11-11,43.62,46004,1796
9932,LinkedIn,Partner Referral,464.75,2024-11-11,38.73,15871,1057
9933,Referral,Partner Referral,106.18,2024-11-11,4.83,7705,400
9934,Organic,Brand Awareness Q1,172.2,2024-11-11,17.22,29050,1069
9935,Email,End of Year Push,116.08,2024-11-11,12.9,10545,262
9936,Referral,Partner Referral,149.02,2024-11-11,7.45,15911,398
9937,LinkedIn,End of Year Push,608.17,2024-11-12,32.01,34620,1325
9938,Google Ads,Product Launch,279.14,2024-11-12,11.63,46088,819
9939,Google Ads,Retargeting Wave,394.69,2024-11-12,35.88,8709,846
9940,Google Ads,Partner Referral,244.47,2024-11-12,10.19,42695,500
9941,Referral,Product Launch,141.39,2024-11-12,9.43,14921,180
9942,Meta Ads,End of Year Push,249.41,2024-11-12,11.88,49181,654
9943,Referral,End of Year Push,124.91,2024-11-12,8.92,21240,1489
9944,Referral,Summer Growth,107.63,2024-11-12,4.68,42618,1527
9945,Google Ads,Inbound SEO,344.74,2024-11-12,14.99,41281,704
9946,Meta Ads,Brand Awareness Q1,270.96,2024-11-12,13.55,25257,1087
9947,LinkedIn,Brand Awareness Q1,582.32,2024-11-12,29.12,43194,1991
9948,Meta Ads,Brand Awareness Q1,229.55,2024-11-12,9.98,24799,846
9949,Direct,Partner Referral,141.92,2024-11-12,10.92,15320,449
9950,Meta Ads,Brand Awareness Q1,217.68,2024-11-12,21.77,31110,1219
9951,Direct,Brand Awareness Q1,153.59,2024-11-12,9.6,40185,1880
9952,Direct,Partner Referral,141.52,2024-11-13,15.72,14789,697
9953,Google Ads,End of Year Push,268.92,2024-11-13,10.76,2136,365
9954,Google Ads,Cold Outbound,291.7,2024-11-13,11.67,6163,1038
9955,Meta Ads,End of Year Push,304.79,2024-11-13,25.4,44163,1300
9956,Google Ads,Partner Referral,388.19,2024-11-13,17.64,20783,981
9957,Direct,End of Year Push,165.21,2024-11-13,7.51,24342,1994
9958,Referral,Summer Growth,141.41,2024-11-13,15.71,16905,426
9959,Google Ads,Partner Referral,341.97,2024-11-13,28.5,48995,1602
9960,Google Ads,Partner Referral,378.89,2024-11-13,16.47,18322,1230
9961,Meta Ads,Inbound SEO,254.25,2024-11-13,10.17,15592,1206
9962,Google Ads,End of Year Push,366.05,2024-11-13,33.28,34131,331
9963,Direct,Summer Growth,182.18,2024-11-13,7.29,8492,660
9964,Meta Ads,Partner Referral,232.19,2024-11-13,21.11,37302,947
9965,Meta Ads,Retargeting Wave,239.66,2024-11-13,14.98,2020,885
9966,LinkedIn,Product Launch,707.23,2024-11-13,41.6,31303,1415
9967,Meta Ads,Product Launch,292.57,2024-11-13,22.51,40702,1865
9968,Meta Ads,Brand Awareness Q1,291.95,2024-11-13,29.2,29747,1977
9969,Meta Ads,End of Year Push,275.2,2024-11-13,11.01,39540,1824
9970,LinkedIn,Brand Awareness Q1,775.96,2024-11-13,32.33,23562,1665
9971,Referral,Product Launch,139.78,2024-11-13,6.08,33039,1443
9972,Meta Ads,Inbound SEO,184.61,2024-11-13,20.51,14272,1932
9973,Meta Ads,Summer Growth,307.22,2024-11-13,15.36,9860,680
9974,Referral,Partner Referral,113.1,2024-11-13,6.28,46866,1258
9975,Organic,End of Year Push,172.22,2024-11-13,10.76,39519,1382
9976,Meta Ads,Retargeting Wave,310.36,2024-11-13,18.26,21948,207
9977,Organic,Inbound SEO,157.87,2024-11-13,6.31,16978,746
9978,Google Ads,Partner Referral,280.22,2024-11-13,23.35,14519,408
9979,Referral,Summer Growth,111.88,2024-11-13,6.99,45841,1433
9980,Email,Partner Referral,60.78,2024-11-13,3.8,12942,1518
9981,Google Ads,Partner Referral,315.1,2024-11-14,31.51,33153,80
9982,Direct,Cold Outbound,160.01,2024-11-14,12.31,33252,1942
9983,Organic,Product Launch,170.46,2024-11-14,10.65,24035,1879
9984,Google Ads,Cold Outbound,286.14,2024-11-14,22.01,28739,229
9985,Google Ads,End of Year Push,283.0,2024-11-14,17.69,7043,1559
9986,Meta Ads,Product Launch,305.04,2024-11-14,21.79,3803,1188
9987,LinkedIn,Product Launch,473.43,2024-11-14,22.54,38976,628
9988,Google Ads,Inbound SEO,301.3,2024-11-14,30.13,30971,1577
9989,Organic,Retargeting Wave,128.05,2024-11-14,10.67,44708,526
9990,Email,Product Launch,68.83,2024-11-14,3.82,27285,748
9991,Meta Ads,End of Year Push,240.45,2024-11-14,10.45,46776,883
9992,LinkedIn,Cold Outbound,725.84,2024-11-14,45.37,42833,364
9993,LinkedIn,Retargeting Wave,560.18,2024-11-14,40.01,31959,1910
9994,Organic,Summer Growth,142.19,2024-11-14,5.69,4674,766
9995,Email,Brand Awareness Q1,90.4,2024-11-14,3.77,17152,1256
9996,LinkedIn,Retargeting Wave,731.7,2024-11-14,31.81,28418,1337
9997,Google Ads,End of Year Push,265.87,2024-11-14,10.63,31012,317
9998,Google Ads,End of Year Push,326.78,2024-11-14,18.15,44236,1794
9999,Meta Ads,Partner Referral,205.41,2024-11-14,13.69,15219,1060
10000,Google Ads,End of Year Push,393.54,2024-11-14,19.68,5891,595
