usage_id,customer_id,week_start,plan,sessions,active_users,api_calls,storage_used_gb,pre_churn_flag
1,4,2022-01-15,Business,96,22,12881,48.23,0
2,4,2022-01-22,Business,75,48,2981,55.55,0
3,4,2022-01-29,Business,56,46,12350,81.47,0
4,4,2022-02-05,Business,112,30,12396,17.1,0
5,4,2022-02-12,Business,40,23,7382,60.04,0
6,4,2022-07-15,Pro,22,7,1303,19.3,1
7,4,2022-07-22,Pro,13,6,1656,2.06,1
8,4,2022-07-29,Pro,9,4,465,15.67,1
9,4,2022-08-05,Pro,8,2,888,17.42,1
10,4,2022-08-12,Pro,5,2,711,16.4,1
11,8,2023-01-16,Business,162,51,13599,57.68,0
12,8,2023-01-23,Business,128,19,8884,36.87,0
13,8,2023-01-30,Business,85,14,3534,89.31,0
14,8,2023-02-06,Business,82,20,12831,61.92,0
15,8,2023-02-13,Business,102,41,7432,59.17,0
16,8,2024-12-16,Enterprise,147,85,17844,59.9,0
17,8,2024-12-23,Enterprise,132,146,87221,388.9,0
18,8,2024-12-30,Enterprise,313,197,38610,128.66,0
19,13,2022-04-18,Pro,16,6,1836,11.73,1
20,13,2022-04-25,Pro,17,7,2433,14.54,1
21,13,2022-05-02,Pro,16,3,1454,17.69,1
22,13,2022-05-09,Pro,8,1,917,14.94,1
23,13,2022-05-16,Pro,4,1,366,12.39,1
24,16,2022-08-19,Pro,65,14,1025,7.54,0
25,16,2022-08-26,Pro,49,4,1153,14.39,0
26,16,2022-09-02,Pro,24,13,4598,18.01,0
27,16,2022-09-09,Pro,26,13,3604,18.96,0
28,16,2022-09-16,Pro,34,9,682,3.13,0
29,16,2023-09-19,Business,92,11,3798,61.86,1
30,16,2023-09-26,Business,53,19,3140,50.62,1
31,16,2023-10-03,Business,48,13,1071,53.56,1
32,16,2023-10-10,Business,14,10,1448,55.27,1
33,16,2023-10-17,Business,23,6,1531,95.01,1
34,17,2022-08-20,Business,47,42,12580,64.25,0
35,17,2022-08-27,Business,92,51,2479,29.11,0
36,17,2022-09-03,Business,50,44,13443,31.36,0
37,17,2022-09-10,Business,49,49,3799,79.95,0
38,17,2022-09-17,Business,46,39,5079,80.51,0
39,17,2024-12-20,Pro,32,11,2142,12.29,0
40,17,2024-12-27,Pro,27,12,4813,19.49,0
41,18,2022-04-20,Enterprise,479,36,79348,275.59,0
42,18,2022-04-27,Enterprise,184,46,20839,356.7,0
43,18,2022-05-04,Enterprise,299,136,48923,420.09,0
44,18,2022-05-11,Enterprise,423,89,51528,311.67,0
45,18,2022-05-18,Enterprise,423,84,49469,366.68,0
46,18,2024-12-20,Business,66,35,2193,58.71,0
47,18,2024-12-27,Business,122,26,17781,91.58,0
48,22,2022-02-22,Enterprise,117,104,15118,393.32,0
49,22,2022-03-01,Enterprise,474,31,109733,482.84,0
50,22,2022-03-08,Enterprise,353,89,45467,249.44,0
51,22,2022-03-15,Enterprise,375,181,71365,408.78,0
52,22,2022-03-22,Enterprise,518,131,33835,319.03,0
53,22,2022-10-22,Business,40,24,12332,83.14,0
54,22,2022-10-29,Business,42,13,18147,57.41,0
55,22,2022-11-05,Business,48,34,14856,79.95,0
56,22,2022-11-12,Business,58,30,2927,82.37,0
57,22,2022-11-19,Business,41,34,8141,9.88,0
58,22,2024-08-22,Pro,24,6,2926,17.3,1
59,22,2024-08-29,Pro,26,2,2562,9.45,1
60,22,2024-09-05,Pro,14,6,976,14.87,1
61,22,2024-09-12,Pro,7,2,685,13.96,1
62,22,2024-09-19,Pro,3,1,496,15.93,1
63,25,2022-02-27,Pro,10,2,1075,6.26,1
64,25,2022-03-06,Pro,7,4,2346,6.43,1
65,25,2022-03-13,Pro,4,4,429,11.34,1
66,25,2022-03-20,Pro,8,2,652,16.4,1
67,25,2022-03-27,Pro,35,10,1376,6.26,0
68,36,2022-06-03,Pro,23,9,1698,16.99,1
69,36,2022-06-10,Pro,24,6,370,17.27,1
70,36,2022-06-17,Pro,9,1,1435,12.88,1
71,36,2022-06-24,Pro,10,1,855,17.74,1
72,36,2022-07-01,Pro,11,2,867,13.02,1
73,40,2024-12-07,Enterprise,167,30,39653,363.05,0
74,40,2024-12-14,Enterprise,267,130,61690,165.06,0
75,40,2024-12-21,Enterprise,143,40,22301,171.99,0
76,40,2024-12-28,Enterprise,256,81,75023,235.59,0
77,41,2022-04-07,Business,44,18,4788,38.23,1
78,41,2022-04-14,Business,27,22,6561,21.84,1
79,41,2022-04-21,Business,21,11,4501,27.73,1
80,41,2022-04-28,Business,13,7,1676,50.21,1
81,41,2022-05-05,Business,32,5,1178,100.14,1
82,44,2022-04-08,Business,117,27,9075,17.05,0
83,44,2022-04-15,Business,62,43,17164,76.93,0
84,44,2022-04-22,Business,127,37,2948,50.01,0
85,44,2022-04-29,Business,165,11,5726,60.5,0
86,44,2022-05-06,Business,60,37,12172,58.64,0
87,44,2022-08-08,Enterprise,165,69,34825,441.89,0
88,44,2022-08-15,Enterprise,397,149,38165,106.24,0
89,44,2022-08-22,Enterprise,446,106,76769,210.66,0
90,44,2022-08-29,Enterprise,409,133,13894,179.21,0
91,44,2022-09-05,Enterprise,205,185,15159,326.59,0
92,44,2023-07-08,Business,47,32,4732,55.12,1
93,44,2023-07-15,Business,47,13,6954,13.84,1
94,44,2023-07-22,Business,18,11,5344,47.15,1
95,44,2023-07-29,Business,6,10,864,96.42,1
96,44,2023-08-05,Business,11,9,930,46.25,1
97,45,2022-02-09,Starter,6,1,700,3.5,1
98,45,2022-02-16,Starter,5,1,168,1.53,1
99,45,2022-02-23,Starter,3,1,91,3.64,1
100,45,2022-03-02,Starter,1,1,98,4.6,1
101,45,2022-03-09,Starter,21,2,403,2.59,0
102,49,2022-08-10,Business,44,7,12386,86.69,1
103,49,2022-08-17,Business,50,25,3373,75.37,1
104,49,2022-08-24,Business,17,4,4842,47.75,1
105,49,2022-08-31,Business,14,10,1811,89.26,1
106,49,2022-09-07,Business,28,3,3749,88.13,1
107,57,2022-04-15,Pro,29,12,2265,18.32,0
108,57,2022-04-22,Pro,62,8,5205,17.34,0
109,57,2022-04-29,Pro,18,7,4443,5.17,0
110,57,2022-05-06,Pro,19,11,1421,18.73,0
111,57,2022-05-13,Pro,48,12,2346,14.89,0
112,57,2023-11-15,Starter,4,1,327,5.06,1
113,57,2023-11-22,Starter,4,1,118,1.04,1
114,57,2023-11-29,Starter,3,2,97,3.47,1
115,57,2023-12-06,Starter,2,1,107,1.37,1
116,57,2023-12-13,Starter,2,1,25,4.57,1
117,62,2022-11-17,Pro,11,6,390,4.88,1
118,62,2022-11-24,Pro,27,3,1730,15.43,1
119,62,2022-12-01,Pro,20,2,418,5.31,1
120,62,2022-12-08,Pro,10,2,1015,15.45,1
121,62,2022-12-15,Pro,5,2,512,9.19,1
122,63,2022-03-17,Business,49,47,10929,48.96,0
123,63,2022-03-24,Business,76,14,14297,70.03,0
124,63,2022-03-31,Business,46,38,5983,64.41,0
125,63,2022-04-07,Business,122,34,13494,69.16,0
126,63,2022-04-14,Business,156,36,13068,56.4,0
127,63,2023-01-17,Pro,16,7,3237,10.28,1
128,63,2023-01-24,Pro,10,6,2254,15.07,1
129,63,2023-01-31,Pro,15,3,1674,5.71,1
130,63,2023-02-07,Pro,9,1,1063,3.13,1
131,63,2023-02-14,Pro,10,1,240,3.1,1
132,64,2023-10-17,Business,36,32,14498,85.42,1
133,64,2023-10-24,Business,25,21,5109,47.29,1
134,64,2023-10-31,Business,55,9,6848,38.46,1
135,64,2023-11-07,Business,21,6,4335,10.14,1
136,64,2023-11-14,Business,23,4,2165,102.18,1
137,70,2022-03-21,Enterprise,207,112,50219,382.19,1
138,70,2022-03-28,Enterprise,86,57,40209,245.49,1
139,70,2022-04-04,Enterprise,55,33,24837,423.32,1
140,70,2022-04-11,Enterprise,41,33,15576,66.23,1
141,70,2022-04-18,Enterprise,44,23,5592,239.87,1
142,72,2022-06-21,Business,90,48,11257,55.35,0
143,72,2022-06-28,Business,158,21,2770,16.86,0
144,72,2022-07-05,Business,97,49,16798,36.22,0
145,72,2022-07-12,Business,47,31,14548,59.4,0
146,72,2022-07-19,Business,47,34,18988,73.3,0
147,72,2023-03-21,Enterprise,185,150,62266,475.91,1
148,72,2023-03-28,Enterprise,236,41,21136,149.87,1
149,72,2023-04-04,Enterprise,117,66,23140,83.3,1
150,72,2023-04-11,Enterprise,106,35,17183,116.3,1
151,72,2023-04-18,Enterprise,23,9,16336,248.3,1
152,73,2023-07-22,Pro,23,7,3272,4.5,0
153,73,2023-07-29,Pro,43,4,2104,5.61,0
154,73,2023-08-05,Pro,37,8,4285,2.9,0
155,73,2023-08-12,Pro,24,6,1540,11.58,0
156,73,2023-08-19,Pro,17,8,4913,13.6,0
157,73,2023-09-22,Starter,6,2,527,3.03,1
158,73,2023-09-29,Starter,11,1,118,0.7,1
159,73,2023-10-06,Starter,5,1,129,0.63,1
160,73,2023-10-13,Starter,2,1,210,4.1,1
161,73,2023-10-20,Starter,1,1,196,1.94,1
162,76,2024-10-24,Enterprise,220,189,39639,75.76,0
163,76,2024-10-31,Enterprise,311,136,28635,240.73,0
164,76,2024-11-07,Enterprise,208,194,56312,280.58,0
165,76,2024-11-14,Enterprise,200,149,91047,298.51,0
166,76,2024-11-21,Enterprise,530,202,25390,463.12,0
167,76,2024-12-24,Business,47,50,15235,92.36,0
168,76,2024-12-31,Business,67,41,11913,78.67,0
169,79,2022-04-24,Starter,7,1,418,1.15,1
170,79,2022-05-01,Starter,6,1,475,4.81,1
171,79,2022-05-08,Starter,2,1,79,1.12,1
172,79,2022-05-15,Starter,2,1,143,3.5,1
173,79,2022-05-22,Starter,2,1,30,0.61,1
174,81,2022-03-25,Starter,11,2,493,3.56,1
175,81,2022-04-01,Starter,7,1,70,4.82,1
176,81,2022-04-08,Starter,3,1,346,5.06,1
177,81,2022-04-15,Starter,1,1,131,1.3,1
178,81,2022-04-22,Starter,1,1,45,3.7,1
179,82,2024-08-25,Business,29,9,7098,26.02,1
180,82,2024-09-01,Business,12,5,2776,44.12,1
181,82,2024-09-08,Business,23,12,942,49.57,1
182,82,2024-09-15,Business,8,2,3069,79.11,1
183,82,2024-09-22,Business,22,2,880,74.87,1
184,84,2022-03-25,Pro,15,10,1689,16.71,1
185,84,2022-04-01,Pro,18,8,355,11.76,1
186,84,2022-04-08,Pro,14,2,893,5.37,1
187,84,2022-04-15,Pro,3,1,1012,16.72,1
188,84,2022-04-22,Pro,8,1,520,12.14,1
189,87,2024-12-25,Enterprise,296,90,52393,114.13,0
190,98,2022-06-01,Starter,11,1,504,5.1,1
191,98,2022-06-08,Starter,9,1,408,4.21,1
192,98,2022-06-15,Starter,3,1,215,2.99,1
193,98,2022-06-22,Starter,4,1,173,4.62,1
194,98,2022-06-29,Starter,1,1,64,4.01,1
195,103,2023-07-03,Pro,50,4,4146,17.56,1
196,103,2023-07-10,Pro,21,8,878,9.27,1
197,103,2023-07-17,Pro,13,3,595,17.81,1
198,103,2023-07-24,Pro,6,2,642,2.66,1
199,103,2023-07-31,Pro,13,3,499,6.06,1
200,104,2022-08-04,Starter,10,4,1010,4.79,0
201,104,2022-08-11,Starter,12,2,133,0.6,0
202,104,2022-08-18,Starter,21,4,159,0.53,0
203,104,2022-08-25,Starter,18,1,652,1.82,0
204,104,2022-09-01,Starter,12,3,676,4.7,0
205,104,2022-11-04,Pro,55,13,2950,3.3,0
206,104,2022-11-11,Pro,27,6,1775,3.35,0
207,104,2022-11-18,Pro,39,6,2334,7.88,0
208,104,2022-11-25,Pro,44,11,1237,12.32,0
209,104,2022-12-02,Pro,36,11,3253,19.39,0
210,104,2024-12-04,Business,54,36,3376,79.49,0
211,104,2024-12-11,Business,112,38,16697,99.98,0
212,104,2024-12-18,Business,121,19,12118,85.6,0
213,104,2024-12-25,Business,55,29,16904,55.6,0
214,107,2022-06-06,Pro,21,9,2009,9.94,0
215,107,2022-06-13,Pro,18,6,2226,15.36,0
216,107,2022-06-20,Pro,31,9,554,13.95,0
217,107,2022-06-27,Pro,50,5,1775,4.54,0
218,107,2022-07-04,Pro,63,14,2594,8.4,0
219,107,2022-08-06,Business,90,28,12112,26.88,0
220,107,2022-08-13,Business,45,41,11141,82.77,0
221,107,2022-08-20,Business,67,25,11156,58.09,0
222,107,2022-08-27,Business,78,33,8577,92.97,0
223,107,2022-09-03,Business,77,21,14104,19.24,0
224,107,2023-03-06,Enterprise,151,106,30615,120.17,0
225,107,2023-03-13,Enterprise,426,120,16477,127.04,0
226,107,2023-03-20,Enterprise,394,70,10465,351.05,0
227,107,2023-03-27,Enterprise,237,197,58904,361.9,0
228,107,2023-04-03,Enterprise,242,42,27806,146.9,0
229,107,2024-12-06,Business,163,28,2660,68.49,0
230,107,2024-12-13,Business,70,12,14417,92.8,0
231,107,2024-12-20,Business,157,10,10880,88.91,0
232,107,2024-12-27,Business,68,31,7383,93.49,0
233,110,2024-04-06,Business,41,39,16825,86.51,0
234,110,2024-04-13,Business,47,39,16229,72.16,0
235,110,2024-04-20,Business,40,32,4706,31.64,0
236,110,2024-04-27,Business,50,45,11337,88.21,0
237,110,2024-05-04,Business,50,28,14850,11.23,0
238,110,2024-12-06,Pro,17,3,2061,16.94,0
239,110,2024-12-13,Pro,42,5,4120,3.46,0
240,110,2024-12-20,Pro,16,5,2897,17.46,0
241,110,2024-12-27,Pro,45,11,1435,8.23,0
242,112,2024-06-07,Enterprise,108,99,66579,341.71,0
243,112,2024-06-14,Enterprise,146,210,59064,114.6,0
244,112,2024-06-21,Enterprise,486,149,100872,477.74,0
245,112,2024-06-28,Enterprise,472,134,82662,234.2,0
246,112,2024-07-05,Enterprise,179,153,107483,186.2,0
247,112,2024-12-07,Business,44,19,2355,67.79,0
248,112,2024-12-14,Business,43,38,14926,91.79,0
249,112,2024-12-21,Business,69,40,16146,48.8,0
250,112,2024-12-28,Business,77,20,19597,102.96,0
251,115,2023-05-08,Business,130,25,21206,63.74,0
252,115,2023-05-15,Business,115,17,14132,23.82,0
253,115,2023-05-22,Business,73,16,11981,69.02,0
254,115,2023-05-29,Business,51,25,16111,29.91,0
255,115,2023-06-05,Business,103,41,14276,75.39,0
256,115,2024-12-08,Enterprise,141,146,73714,479.79,0
257,115,2024-12-15,Enterprise,205,59,25679,254.1,0
258,115,2024-12-22,Enterprise,104,50,22822,404.48,0
259,115,2024-12-29,Enterprise,70,156,64007,190.44,0
260,116,2024-12-08,Pro,21,3,1260,14.21,0
261,116,2024-12-15,Pro,42,9,2793,9.22,0
262,116,2024-12-22,Pro,15,3,2936,12.74,0
263,116,2024-12-29,Pro,12,4,1684,8.36,0
264,118,2022-10-09,Pro,35,4,4227,2.49,0
265,118,2022-10-16,Pro,41,3,3644,7.1,0
266,118,2022-10-23,Pro,32,10,709,12.92,0
267,118,2022-10-30,Pro,12,3,4033,7.27,0
268,118,2022-11-06,Pro,18,11,1809,7.29,0
269,118,2023-02-09,Business,45,15,1247,89.78,1
270,118,2023-02-16,Business,40,8,3210,66.27,1
271,118,2023-02-23,Business,17,8,3648,25.16,1
272,118,2023-03-02,Business,23,8,493,91.53,1
273,118,2023-03-09,Business,68,43,3371,85.28,0
274,123,2022-06-09,Starter,8,1,171,3.07,1
275,123,2022-06-16,Starter,6,2,87,3.4,1
276,123,2022-06-23,Starter,5,1,200,2.24,1
277,123,2022-06-30,Starter,4,1,141,4.89,1
278,123,2022-07-07,Starter,3,1,108,1.63,1
279,126,2022-08-11,Enterprise,449,138,43072,256.98,0
280,126,2022-08-18,Enterprise,405,158,99217,428.02,0
281,126,2022-08-25,Enterprise,399,105,92289,254.57,0
282,126,2022-09-01,Enterprise,218,144,83406,149.23,0
283,126,2022-09-08,Enterprise,435,75,71635,318.79,0
284,126,2024-12-11,Business,126,49,17274,34.64,0
285,126,2024-12-18,Business,115,38,14263,100.95,0
286,126,2024-12-25,Business,133,23,5595,62.41,0
287,128,2023-05-12,Pro,9,4,2021,16.34,1
288,128,2023-05-19,Pro,10,3,922,17.29,1
289,128,2023-05-26,Pro,14,5,1702,11.74,1
290,128,2023-06-02,Pro,10,1,797,2.82,1
291,128,2023-06-09,Pro,4,2,119,7.47,1
292,130,2024-03-12,Enterprise,117,93,56071,414.59,0
293,130,2024-03-19,Enterprise,412,38,43054,154.28,0
294,130,2024-03-26,Enterprise,392,139,26367,256.93,0
295,130,2024-04-02,Enterprise,196,171,63270,130.77,0
296,130,2024-04-09,Enterprise,192,49,49385,287.12,0
297,130,2024-12-12,Business,84,28,2843,77.33,0
298,130,2024-12-19,Business,162,21,10828,32.94,0
299,130,2024-12-26,Business,49,15,14649,90.6,0
300,132,2022-03-13,Starter,8,1,835,1.11,1
301,132,2022-03-20,Starter,5,2,277,2.97,1
302,132,2022-03-27,Starter,4,1,308,4.7,1
303,132,2022-04-03,Starter,2,1,265,1.22,1
304,132,2022-04-10,Starter,2,1,102,1.99,1
305,134,2022-05-14,Starter,4,4,262,2.1,0
306,134,2022-05-21,Starter,8,1,603,2.0,0
307,134,2022-05-28,Starter,5,1,328,2.85,0
308,134,2022-06-04,Starter,3,1,167,3.16,0
309,134,2022-06-11,Starter,3,1,702,1.62,0
310,134,2023-01-14,Starter,9,4,202,3.6,0
311,134,2023-01-21,Starter,4,3,351,4.69,0
312,134,2023-01-28,Starter,10,2,612,2.72,0
313,134,2023-02-04,Starter,4,4,394,0.55,0
314,134,2023-02-11,Starter,10,2,764,4.22,0
315,134,2023-02-18,Starter,13,4,139,3.98,0
316,134,2023-02-25,Starter,7,1,684,1.17,0
317,134,2023-03-04,Starter,11,1,591,3.76,0
318,134,2023-03-11,Starter,12,4,380,1.91,0
319,134,2023-03-18,Starter,8,1,264,2.34,0
320,134,2023-03-25,Starter,3,2,714,1.81,0
321,134,2023-04-01,Starter,6,3,626,4.11,0
322,134,2023-04-08,Starter,9,1,180,4.79,0
323,134,2023-04-15,Starter,9,1,783,4.87,0
324,134,2023-04-22,Starter,6,4,303,2.77,0
325,134,2023-04-29,Starter,7,2,143,1.31,0
326,134,2023-05-06,Starter,7,1,886,4.3,0
327,134,2023-05-13,Starter,10,2,768,2.48,0
328,134,2023-05-20,Starter,5,3,259,3.61,0
329,134,2023-05-27,Starter,4,2,861,4.11,0
330,134,2023-06-03,Starter,5,4,739,4.62,0
331,134,2023-06-10,Starter,11,1,341,4.43,0
332,134,2023-06-17,Starter,4,2,867,3.57,0
333,134,2023-06-24,Starter,11,2,441,2.78,0
334,134,2023-07-01,Starter,4,4,563,1.22,0
335,134,2023-07-08,Starter,7,4,329,4.73,0
336,134,2023-07-15,Starter,6,2,286,0.76,0
337,134,2023-07-22,Starter,10,4,254,1.09,0
338,134,2023-07-29,Starter,10,4,862,3.85,0
339,134,2023-08-05,Starter,12,2,974,1.62,0
340,134,2023-08-12,Starter,7,2,1103,3.44,0
341,134,2023-08-19,Starter,7,2,428,2.35,0
342,134,2023-08-26,Starter,6,2,270,2.44,0
343,134,2023-09-02,Starter,10,1,1091,0.9,0
344,134,2023-09-09,Starter,9,4,1082,2.58,0
345,134,2023-09-16,Starter,5,3,974,3.08,0
346,134,2023-09-23,Starter,10,2,127,1.1,0
347,134,2023-09-30,Starter,8,1,187,1.24,0
348,134,2023-10-07,Starter,7,1,763,4.41,0
349,134,2023-10-14,Starter,3,4,840,1.55,0
350,134,2023-10-21,Starter,10,2,653,1.21,0
351,134,2023-10-28,Starter,3,1,727,4.96,0
352,134,2023-11-04,Starter,8,4,936,1.84,0
353,134,2023-11-11,Starter,10,3,752,3.23,0
354,134,2023-11-18,Starter,7,1,121,3.65,0
355,134,2023-11-25,Starter,8,1,346,2.58,0
356,134,2023-12-02,Starter,9,2,205,1.07,0
357,134,2023-12-09,Starter,12,1,134,1.21,0
358,134,2023-12-16,Starter,3,2,406,2.2,0
359,134,2023-12-23,Starter,8,1,568,2.14,0
360,134,2023-12-30,Starter,7,3,642,2.02,0
361,134,2024-01-06,Starter,9,3,935,1.67,0
362,134,2024-01-13,Starter,8,3,771,3.78,0
363,134,2024-01-20,Starter,3,1,557,4.11,0
364,134,2024-01-27,Starter,9,1,641,3.35,0
365,134,2024-02-03,Starter,4,3,390,1.5,0
366,134,2024-02-10,Starter,3,4,771,3.58,0
367,134,2024-02-17,Starter,6,3,813,0.83,0
368,134,2024-02-24,Starter,10,1,443,3.88,0
369,134,2024-03-02,Starter,9,5,489,1.13,0
370,134,2024-03-09,Starter,4,2,747,1.82,0
371,134,2024-03-16,Starter,3,2,674,1.56,0
372,134,2024-03-23,Starter,9,5,199,3.54,0
373,134,2024-03-30,Starter,13,3,242,2.95,0
374,134,2024-04-06,Starter,6,4,253,2.54,0
375,134,2024-04-13,Starter,4,2,1064,3.33,0
376,134,2024-04-20,Starter,11,2,312,3.9,0
377,134,2024-04-27,Starter,10,1,842,1.35,0
378,134,2024-05-04,Starter,10,1,309,1.22,0
379,134,2024-05-11,Starter,12,5,734,1.49,0
380,134,2024-05-18,Starter,12,1,583,3.9,0
381,134,2024-05-25,Starter,10,1,269,1.56,0
382,134,2024-06-01,Starter,6,3,361,2.73,0
383,134,2024-06-08,Starter,4,2,615,4.72,0
384,134,2024-06-15,Starter,5,1,872,2.66,0
385,134,2024-06-22,Starter,6,2,1006,1.93,0
386,134,2024-06-29,Starter,8,4,839,3.16,0
387,134,2024-07-06,Starter,6,4,517,5.02,0
388,134,2024-07-13,Starter,5,5,671,3.56,0
389,134,2024-07-20,Starter,6,4,316,1.81,0
390,134,2024-07-27,Starter,7,1,229,2.56,0
391,134,2024-08-03,Starter,10,3,607,4.37,0
392,134,2024-08-10,Starter,7,1,597,2.72,0
393,134,2024-08-17,Starter,8,4,411,0.72,0
394,134,2024-08-24,Starter,13,1,181,1.74,0
395,134,2024-08-31,Starter,6,5,240,2.24,0
396,134,2024-09-07,Starter,12,2,909,1.15,0
397,134,2024-09-14,Starter,11,3,221,3.8,0
398,134,2024-09-21,Starter,4,1,210,1.27,0
399,134,2024-09-28,Starter,9,3,317,2.03,0
400,134,2024-10-05,Starter,3,4,771,0.54,0
401,134,2024-10-12,Starter,8,3,659,2.93,0
402,134,2024-10-19,Starter,5,4,590,1.59,0
403,134,2024-10-26,Starter,7,3,566,1.25,0
404,134,2024-11-02,Starter,12,3,576,2.66,0
405,134,2024-11-09,Starter,3,2,597,2.52,0
406,134,2024-11-16,Starter,8,1,331,2.86,0
407,134,2024-11-23,Starter,6,3,135,1.29,0
408,134,2024-11-30,Starter,12,1,870,5.01,0
409,134,2024-12-07,Starter,5,4,579,2.19,0
410,134,2024-12-14,Starter,3,3,254,2.89,0
411,134,2024-12-21,Starter,4,3,490,1.61,0
412,134,2024-12-28,Starter,11,1,546,1.18,0
413,136,2022-10-15,Enterprise,198,49,28557,53.73,1
414,136,2022-10-22,Enterprise,104,75,36292,85.71,1
415,136,2022-10-29,Enterprise,26,75,28373,76.8,1
416,136,2022-11-05,Enterprise,61,21,4877,266.06,1
417,136,2022-11-12,Enterprise,67,15,8131,381.76,1
418,139,2024-08-16,Starter,8,1,358,4.92,0
419,139,2024-08-23,Starter,11,2,100,1.73,0
420,139,2024-08-30,Starter,10,4,596,1.37,0
421,139,2024-09-06,Starter,8,1,281,4.13,0
422,139,2024-09-13,Starter,17,3,708,3.03,0
423,139,2024-12-16,Pro,13,10,4860,12.01,0
424,139,2024-12-23,Pro,58,14,2690,6.43,0
425,139,2024-12-30,Pro,43,5,2096,18.29,0
426,142,2023-02-18,Starter,2,2,293,2.29,1
427,142,2023-02-25,Starter,2,1,529,0.63,1
428,142,2023-03-04,Starter,2,1,210,0.52,1
429,142,2023-03-11,Starter,1,1,181,4.0,1
430,142,2023-03-18,Starter,10,1,279,3.05,0
431,143,2022-11-18,Pro,53,14,2200,4.1,0
432,143,2022-11-25,Pro,41,12,3326,19.45,0
433,143,2022-12-02,Pro,48,6,2675,12.2,0
434,143,2022-12-09,Pro,53,5,4516,8.39,0
435,143,2022-12-16,Pro,54,5,4175,17.51,0
436,143,2023-02-18,Business,40,24,17297,88.17,0
437,143,2023-02-25,Business,99,43,12100,97.44,0
438,143,2023-03-04,Business,89,31,5605,52.52,0
439,143,2023-03-11,Business,66,44,9924,15.84,0
440,143,2023-03-18,Business,54,31,12878,17.48,0
441,143,2024-12-18,Pro,26,12,2238,16.91,0
442,143,2024-12-25,Pro,40,7,3920,14.85,0
443,151,2022-08-21,Enterprise,113,51,50590,91.66,1
444,151,2022-08-28,Enterprise,165,55,28240,298.56,1
445,151,2022-09-04,Enterprise,102,67,33223,488.96,1
446,151,2022-09-11,Enterprise,63,22,6148,371.01,1
447,151,2022-09-18,Enterprise,43,34,6789,265.78,1
448,155,2024-12-23,Enterprise,118,95,110939,275.13,0
449,155,2024-12-30,Enterprise,389,114,67698,73.23,0
450,157,2024-12-25,Enterprise,128,77,39083,473.37,0
451,159,2022-03-25,Pro,30,4,917,2.38,0
452,159,2022-04-01,Pro,64,11,3416,3.96,0
453,159,2022-04-08,Pro,44,12,1865,5.75,0
454,159,2022-04-15,Pro,54,14,3793,12.67,0
455,159,2022-04-22,Pro,30,3,1267,8.76,0
456,159,2023-02-25,Starter,5,2,81,3.5,1
457,159,2023-03-04,Starter,4,2,191,2.35,1
458,159,2023-03-11,Starter,3,1,62,3.93,1
459,159,2023-03-18,Starter,2,1,190,1.89,1
460,159,2023-03-25,Starter,8,4,697,2.86,0
461,161,2024-12-27,Business,140,11,2792,62.46,0
462,163,2022-08-27,Starter,6,2,580,2.22,1
463,163,2022-09-03,Starter,6,2,226,4.73,1
464,163,2022-09-10,Starter,3,1,234,3.79,1
465,163,2022-09-17,Starter,1,1,66,2.63,1
466,163,2022-09-24,Starter,1,1,31,3.3,1
467,170,2024-12-01,Business,64,15,6854,25.21,0
468,170,2024-12-08,Business,48,29,11573,74.98,0
469,170,2024-12-15,Business,45,30,13148,30.61,0
470,170,2024-12-22,Business,83,28,5920,73.19,0
471,170,2024-12-29,Business,53,12,12504,62.98,0
472,175,2024-12-02,Enterprise,525,49,38578,174.21,0
473,175,2024-12-09,Enterprise,524,90,61088,168.73,0
474,175,2024-12-16,Enterprise,294,190,91328,253.02,0
475,175,2024-12-23,Enterprise,245,208,52428,251.83,0
476,175,2024-12-30,Enterprise,361,152,29570,443.13,0
477,176,2022-04-02,Business,31,11,6020,29.03,1
478,176,2022-04-09,Business,19,13,5693,87.71,1
479,176,2022-04-16,Business,16,5,5123,14.72,1
480,176,2022-04-23,Business,8,9,1538,98.23,1
481,176,2022-04-30,Business,19,9,519,44.2,1
482,181,2022-11-03,Starter,4,3,364,4.6,1
483,181,2022-11-10,Starter,4,2,276,2.55,1
484,181,2022-11-17,Starter,2,1,61,4.44,1
485,181,2022-11-24,Starter,3,1,45,4.62,1
486,181,2022-12-01,Starter,1,1,33,4.45,1
487,183,2022-06-05,Starter,8,2,532,1.84,1
488,183,2022-06-12,Starter,5,2,477,2.56,1
489,183,2022-06-19,Starter,3,1,240,0.72,1
490,183,2022-06-26,Starter,1,1,51,1.42,1
491,183,2022-07-03,Starter,0,1,43,2.9,1
492,188,2022-11-06,Enterprise,161,113,62276,298.89,0
493,188,2022-11-13,Enterprise,160,57,57360,181.72,0
494,188,2022-11-20,Enterprise,209,142,47649,51.02,0
495,188,2022-11-27,Enterprise,70,157,104846,149.04,0
496,188,2022-12-04,Enterprise,187,89,25149,378.34,0
497,188,2024-12-06,Business,61,17,2000,94.72,0
498,188,2024-12-13,Business,69,26,10328,21.66,0
499,188,2024-12-20,Business,63,18,15802,79.69,0
500,188,2024-12-27,Business,114,41,3019,81.58,0
501,189,2022-07-06,Starter,10,2,73,2.93,1
502,189,2022-07-13,Starter,5,2,338,2.7,1
503,189,2022-07-20,Starter,5,2,307,2.78,1
504,189,2022-07-27,Starter,2,1,129,1.26,1
505,189,2022-08-03,Starter,1,1,51,4.32,1
506,194,2023-02-08,Enterprise,553,45,85465,150.32,0
507,194,2023-02-15,Enterprise,111,124,59483,427.35,0
508,194,2023-02-22,Enterprise,293,90,31284,281.1,0
509,194,2023-03-01,Enterprise,212,52,28667,450.22,0
510,194,2023-03-08,Enterprise,255,114,46320,498.47,0
511,194,2023-12-08,Business,66,22,6709,30.06,1
512,194,2023-12-15,Business,68,27,10241,81.14,1
513,194,2023-12-22,Business,47,13,4918,88.06,1
514,194,2023-12-29,Business,35,6,825,17.34,1
515,194,2024-01-05,Business,25,6,4071,54.99,1
516,204,2023-08-11,Enterprise,131,116,15976,259.74,0
517,204,2023-08-18,Enterprise,425,130,95664,444.5,0
518,204,2023-08-25,Enterprise,279,61,38630,198.82,0
519,204,2023-09-01,Enterprise,200,147,36567,84.16,0
520,204,2023-09-08,Enterprise,204,154,17991,395.76,0
521,204,2024-10-11,Business,74,27,11886,61.34,1
522,204,2024-10-18,Business,33,5,6056,68.7,1
523,204,2024-10-25,Business,40,15,4533,58.78,1
524,204,2024-11-01,Business,19,5,1751,48.42,1
525,204,2024-11-08,Business,17,5,860,14.43,1
526,214,2023-07-16,Pro,26,12,2746,3.86,0
527,214,2023-07-23,Pro,20,14,4989,17.56,0
528,214,2023-07-30,Pro,18,4,5137,19.71,0
529,214,2023-08-06,Pro,30,3,2110,12.86,0
530,214,2023-08-13,Pro,17,10,565,16.31,0
531,214,2024-05-16,Business,62,24,2944,10.89,1
532,214,2024-05-23,Business,50,21,11665,93.67,1
533,214,2024-05-30,Business,17,8,5199,69.57,1
534,214,2024-06-06,Business,25,6,4114,40.52,1
535,214,2024-06-13,Business,11,10,2267,45.34,1
536,219,2022-04-17,Pro,22,4,3353,3.84,0
537,219,2022-04-24,Pro,26,15,4400,4.73,0
538,219,2022-05-01,Pro,32,6,3748,7.15,0
539,219,2022-05-08,Pro,29,5,3470,3.23,0
540,219,2022-05-15,Pro,9,13,3637,8.25,0
541,219,2023-03-17,Starter,11,1,613,3.6,0
542,219,2023-03-24,Starter,20,4,510,4.5,0
543,219,2023-03-31,Starter,18,1,115,1.19,0
544,219,2023-04-07,Starter,12,2,153,2.15,0
545,219,2023-04-14,Starter,7,2,587,3.61,0
546,219,2023-08-17,Starter,7,2,355,1.57,0
547,219,2023-08-24,Starter,10,2,596,2.53,0
548,219,2023-08-31,Starter,16,4,608,4.59,0
549,219,2023-09-07,Starter,22,3,406,4.77,0
550,219,2023-09-14,Starter,19,1,172,1.21,0
551,219,2023-09-21,Starter,15,1,590,2.55,0
552,219,2023-09-28,Starter,7,1,119,2.68,0
553,219,2023-10-05,Starter,15,1,747,3.07,0
554,219,2023-10-12,Starter,7,3,1032,4.24,0
555,219,2023-10-19,Starter,17,2,792,3.88,0
556,219,2023-10-26,Starter,18,2,453,2.86,0
557,219,2023-11-02,Starter,17,1,838,1.52,0
558,219,2023-11-09,Starter,14,4,1009,3.08,0
559,219,2023-11-16,Starter,10,4,995,0.55,0
560,219,2023-11-23,Starter,17,2,1004,1.24,0
561,219,2023-11-30,Starter,11,5,172,4.34,0
562,219,2023-12-07,Starter,4,3,859,3.86,0
563,219,2023-12-14,Starter,8,4,248,2.37,0
564,219,2023-12-21,Starter,7,2,988,3.3,0
565,219,2023-12-28,Starter,15,4,622,3.27,0
566,219,2024-01-04,Starter,21,3,182,1.43,0
567,219,2024-01-11,Starter,17,1,922,2.35,0
568,219,2024-01-18,Starter,16,1,769,0.59,0
569,219,2024-01-25,Starter,15,3,196,2.93,0
570,219,2024-02-01,Starter,19,4,888,2.82,0
571,219,2024-02-08,Starter,19,2,945,2.05,0
572,219,2024-02-15,Starter,13,2,871,4.86,0
573,219,2024-02-22,Starter,14,1,300,1.52,0
574,219,2024-02-29,Starter,18,4,193,3.48,0
575,219,2024-03-07,Starter,17,2,308,3.94,0
576,219,2024-03-14,Starter,8,3,395,4.76,0
577,219,2024-03-21,Starter,17,1,912,1.19,0
578,219,2024-03-28,Starter,15,4,370,2.2,0
579,219,2024-04-04,Starter,12,2,175,1.98,0
580,219,2024-04-11,Starter,12,2,458,1.25,0
581,219,2024-04-18,Starter,12,3,850,4.48,0
582,219,2024-04-25,Starter,8,1,116,1.02,0
583,219,2024-05-02,Starter,10,4,659,2.78,0
584,219,2024-05-09,Starter,12,2,353,4.8,0
585,219,2024-05-16,Starter,11,4,186,1.41,0
586,219,2024-05-23,Starter,13,1,819,1.46,0
587,219,2024-05-30,Starter,13,1,766,0.72,0
588,219,2024-06-06,Starter,7,3,853,2.24,0
589,219,2024-06-13,Starter,15,3,237,2.24,0
590,219,2024-06-20,Starter,20,4,395,1.2,0
591,219,2024-06-27,Starter,4,3,300,2.41,0
592,219,2024-07-04,Starter,10,4,880,0.71,0
593,219,2024-07-11,Starter,18,1,768,1.52,0
594,219,2024-07-18,Starter,19,5,214,4.35,0
595,219,2024-07-25,Starter,15,2,721,4.33,0
596,219,2024-08-01,Starter,8,1,133,2.1,0
597,219,2024-08-08,Starter,19,4,460,1.48,0
598,219,2024-08-15,Starter,10,2,166,4.3,0
599,219,2024-08-22,Starter,7,2,790,3.5,0
600,219,2024-08-29,Starter,14,2,461,1.4,0
601,219,2024-09-05,Starter,15,1,225,4.01,0
602,219,2024-09-12,Starter,4,3,226,0.65,0
603,219,2024-09-19,Starter,8,3,1025,3.17,0
604,219,2024-09-26,Starter,12,1,338,2.43,0
605,219,2024-10-03,Starter,9,4,323,4.47,0
606,219,2024-10-10,Starter,13,1,801,4.93,0
607,219,2024-10-17,Starter,16,3,849,2.68,0
608,219,2024-10-24,Starter,7,3,693,4.19,0
609,219,2024-10-31,Starter,12,2,937,4.7,0
610,219,2024-11-07,Starter,17,3,568,4.86,0
611,219,2024-11-14,Starter,13,1,732,1.56,0
612,219,2024-11-21,Starter,6,2,679,1.77,0
613,219,2024-11-28,Starter,22,1,723,1.11,0
614,219,2024-12-05,Starter,9,3,990,3.96,0
615,219,2024-12-12,Starter,9,1,117,1.06,0
616,219,2024-12-19,Starter,11,2,802,2.21,0
617,219,2024-12-26,Starter,5,2,472,4.44,0
618,224,2022-07-19,Business,73,16,8102,70.37,1
619,224,2022-07-26,Business,58,26,1215,45.73,1
620,224,2022-08-02,Business,38,4,1936,10.79,1
621,224,2022-08-09,Business,34,3,4930,39.05,1
622,224,2022-08-16,Business,22,2,3397,85.19,1
623,229,2022-11-21,Starter,10,1,555,4.58,1
624,229,2022-11-28,Starter,10,1,172,3.55,1
625,229,2022-12-05,Starter,5,1,101,4.73,1
626,229,2022-12-12,Starter,1,1,145,1.42,1
627,229,2022-12-19,Starter,1,1,72,4.53,1
628,232,2022-09-22,Starter,9,1,476,4.0,1
629,232,2022-09-29,Starter,11,2,124,4.86,1
630,232,2022-10-06,Starter,6,1,376,1.56,1
631,232,2022-10-13,Starter,1,1,112,1.75,1
632,232,2022-10-20,Starter,1,1,120,3.48,1
633,237,2022-05-23,Starter,9,2,383,1.69,1
634,237,2022-05-30,Starter,4,2,453,2.37,1
635,237,2022-06-06,Starter,6,1,124,1.78,1
636,237,2022-06-13,Starter,3,1,192,3.27,1
637,237,2022-06-20,Starter,2,1,61,4.85,1
638,239,2022-06-24,Business,59,48,9300,52.18,0
639,239,2022-07-01,Business,156,23,11561,45.9,0
640,239,2022-07-08,Business,42,23,14587,48.3,0
641,239,2022-07-15,Business,146,29,9819,87.68,0
642,239,2022-07-22,Business,70,51,16216,30.1,0
643,239,2022-08-24,Enterprise,341,40,31070,312.17,1
644,239,2022-08-31,Enterprise,101,50,53196,301.35,1
645,239,2022-09-07,Enterprise,195,38,31725,140.32,1
646,239,2022-09-14,Enterprise,91,10,18105,475.65,1
647,239,2022-09-21,Enterprise,77,10,10033,181.49,1
648,241,2022-12-24,Business,38,13,13145,23.02,1
649,241,2022-12-31,Business,16,17,3699,55.73,1
650,241,2023-01-07,Business,32,6,1164,75.1,1
651,241,2023-01-14,Business,11,3,3679,89.83,1
652,241,2023-01-21,Business,8,8,2622,66.3,1
653,248,2024-02-27,Enterprise,248,84,9604,399.35,1
654,248,2024-03-05,Enterprise,130,68,46338,73.88,1
655,248,2024-03-12,Enterprise,100,49,30328,267.2,1
656,248,2024-03-19,Enterprise,78,39,17885,446.21,1
657,248,2024-03-26,Enterprise,27,34,6183,442.43,1
658,252,2024-12-28,Starter,5,1,419,1.43,0
659,258,2023-02-28,Business,95,39,7266,32.14,0
660,258,2023-03-07,Business,149,14,17170,30.17,0
661,258,2023-03-14,Business,110,28,16375,66.24,0
662,258,2023-03-21,Business,115,32,6185,37.74,0
663,258,2023-03-28,Business,61,37,14835,28.37,0
664,258,2024-12-28,Enterprise,147,143,84510,288.93,0
665,261,2022-12-01,Pro,40,3,1634,8.09,1
666,261,2022-12-08,Pro,18,7,666,12.72,1
667,261,2022-12-15,Pro,11,5,799,2.75,1
668,261,2022-12-22,Pro,11,1,272,8.25,1
669,261,2022-12-29,Pro,3,1,511,7.47,1
670,268,2023-09-03,Starter,7,3,925,2.48,0
671,268,2023-09-10,Starter,6,4,151,2.55,0
672,268,2023-09-17,Starter,11,1,172,1.99,0
673,268,2023-09-24,Starter,12,1,513,3.11,0
674,268,2023-10-01,Starter,7,2,879,2.9,0
675,268,2023-10-03,Pro,19,10,3632,13.69,0
676,268,2023-10-10,Pro,53,14,3770,7.25,0
677,268,2023-10-17,Pro,42,3,2172,11.09,0
678,268,2023-10-24,Pro,32,5,743,15.82,0
679,268,2023-10-31,Pro,15,6,2491,15.13,0
680,268,2023-11-03,Business,95,14,20171,37.01,0
681,268,2023-11-10,Business,77,10,2788,67.04,0
682,268,2023-11-17,Business,121,11,8381,39.34,0
683,268,2023-11-24,Business,105,48,7314,36.5,0
684,268,2023-12-01,Business,66,12,4073,77.79,0
685,268,2024-08-03,Enterprise,114,139,52369,82.44,1
686,268,2024-08-10,Enterprise,110,62,34721,332.36,1
687,268,2024-08-17,Enterprise,59,34,26912,132.14,1
688,268,2024-08-24,Enterprise,73,30,18945,136.92,1
689,268,2024-08-31,Enterprise,17,28,16582,149.86,1
690,272,2022-11-06,Enterprise,143,89,15528,273.15,1
691,272,2022-11-13,Enterprise,131,60,31601,69.51,1
692,272,2022-11-20,Enterprise,27,68,17299,257.29,1
693,272,2022-11-27,Enterprise,60,34,17596,245.24,1
694,272,2022-12-04,Enterprise,31,10,8363,145.91,1
695,274,2023-10-07,Enterprise,181,110,9985,66.02,0
696,274,2023-10-14,Enterprise,87,59,41075,287.74,0
697,274,2023-10-21,Enterprise,90,31,73826,266.55,0
698,274,2023-10-28,Enterprise,92,134,37132,117.71,0
699,274,2023-11-04,Enterprise,286,134,76497,405.78,0
700,274,2024-12-07,Business,43,31,15779,59.64,0
701,274,2024-12-14,Business,51,19,4987,65.92,0
702,274,2024-12-21,Business,41,14,6083,34.78,0
703,274,2024-12-28,Business,34,14,17694,93.83,0
704,278,2022-08-09,Starter,13,1,243,2.35,1
705,278,2022-08-16,Starter,4,2,326,2.51,1
706,278,2022-08-23,Starter,2,1,141,3.02,1
707,278,2022-08-30,Starter,3,1,170,4.77,1
708,278,2022-09-06,Starter,2,1,163,1.13,1
709,281,2024-12-12,Enterprise,168,90,34563,303.04,0
710,281,2024-12-19,Enterprise,279,123,28530,299.11,0
711,281,2024-12-26,Enterprise,263,136,31042,238.72,0
712,292,2023-11-17,Pro,20,2,3867,16.84,1
713,292,2023-11-24,Pro,13,4,1689,9.38,1
714,292,2023-12-01,Pro,16,3,1089,8.19,1
715,292,2023-12-08,Pro,6,2,353,15.07,1
716,292,2023-12-15,Pro,8,1,373,3.08,1
717,293,2022-10-17,Starter,15,4,163,4.67,0
718,293,2022-10-24,Starter,12,1,133,4.15,0
719,293,2022-10-31,Starter,4,3,653,4.02,0
720,293,2022-11-07,Starter,9,1,747,2.8,0
721,293,2022-11-14,Starter,5,1,473,0.6,0
722,293,2024-12-17,Pro,20,9,617,10.84,0
723,293,2024-12-24,Pro,46,9,2899,16.37,0
724,293,2024-12-31,Pro,25,13,806,10.88,0
725,295,2022-08-18,Business,70,28,20811,19.04,0
726,295,2022-08-25,Business,85,31,4282,46.77,0
727,295,2022-09-01,Business,72,26,17493,42.32,0
728,295,2022-09-08,Business,105,15,16588,64.39,0
729,295,2022-09-15,Business,118,17,19785,78.86,0
730,295,2022-11-18,Enterprise,530,102,48794,297.31,0
731,295,2022-11-25,Enterprise,375,79,16808,169.07,0
732,295,2022-12-02,Enterprise,287,130,28497,409.16,0
733,295,2022-12-09,Enterprise,285,166,60258,364.78,0
734,295,2022-12-16,Enterprise,449,71,74307,354.41,0
735,295,2024-12-18,Business,54,39,17094,50.55,0
736,295,2024-12-25,Business,152,16,3894,11.26,0
737,297,2022-05-18,Business,58,52,20058,43.0,0
738,297,2022-05-25,Business,68,31,17385,89.35,0
739,297,2022-06-01,Business,92,38,10096,94.96,0
740,297,2022-06-08,Business,121,32,7227,52.13,0
741,297,2022-06-15,Business,67,24,16122,31.37,0
742,297,2022-09-18,Business,31,13,11687,93.91,0
743,297,2022-09-25,Business,24,46,6626,81.91,0
744,297,2022-10-02,Business,30,45,4592,32.67,0
745,297,2022-10-09,Business,95,10,6389,35.58,0
746,297,2022-10-16,Business,36,31,8439,46.04,0
747,297,2022-10-23,Business,93,40,16870,50.86,0
748,297,2022-10-30,Business,43,25,9907,46.98,0
749,297,2022-11-06,Business,34,42,20723,46.07,0
750,297,2022-11-13,Business,77,25,7398,24.03,0
751,297,2022-11-20,Business,43,51,2232,54.06,0
752,297,2022-11-27,Business,33,18,15997,72.71,0
753,297,2022-12-04,Business,75,40,9211,37.64,0
754,297,2022-12-11,Business,31,16,2367,60.9,0
755,297,2022-12-18,Business,98,12,2912,14.03,0
756,297,2022-12-25,Business,84,51,9712,31.38,0
757,297,2023-01-01,Business,92,11,12701,44.09,0
758,297,2023-01-08,Business,25,15,5321,21.06,0
759,297,2023-01-15,Business,47,15,13466,61.8,0
760,297,2023-01-22,Business,96,10,3383,85.76,0
761,297,2023-01-29,Business,25,28,4047,11.27,0
762,297,2023-02-05,Business,31,18,5739,69.52,0
763,297,2023-02-12,Business,37,46,5507,55.81,0
764,297,2023-02-19,Business,103,24,10592,28.21,0
765,297,2023-02-26,Business,100,20,12199,21.83,0
766,297,2023-03-05,Business,38,30,10732,47.47,0
767,297,2023-03-12,Business,47,33,8149,24.51,0
768,297,2023-03-19,Business,79,33,16043,56.9,0
769,297,2023-03-26,Business,48,24,8401,61.6,0
770,297,2023-04-02,Business,81,48,5729,97.2,0
771,297,2023-04-09,Business,69,43,10980,34.05,0
772,297,2023-04-16,Business,49,48,4288,83.17,0
773,297,2023-04-23,Business,108,15,16152,51.13,0
774,297,2023-04-30,Business,28,37,2239,31.58,0
775,297,2023-05-07,Business,38,24,17570,58.28,0
776,297,2023-05-14,Business,102,44,17005,86.44,0
777,297,2023-05-21,Business,75,52,17819,21.06,0
778,297,2023-05-28,Business,70,31,20561,32.67,0
779,297,2023-06-04,Business,36,37,3861,27.15,0
780,297,2023-06-11,Business,110,38,8369,70.61,0
781,297,2023-06-18,Business,31,34,4972,90.73,0
782,297,2023-06-25,Business,54,26,16716,67.18,0
783,297,2023-07-02,Business,57,31,7274,36.37,0
784,297,2023-07-09,Business,42,39,9065,21.85,0
785,297,2023-07-16,Business,38,36,2735,84.68,0
786,297,2023-07-23,Business,98,37,8519,65.31,0
787,297,2023-07-30,Business,56,37,17339,49.45,0
788,297,2023-08-06,Business,69,29,17100,94.42,0
789,297,2023-08-13,Business,38,37,4940,11.69,0
790,297,2023-08-20,Business,93,41,10945,52.35,0
791,297,2023-08-27,Business,69,21,11790,25.86,0
792,297,2023-09-03,Business,49,48,6315,61.31,0
793,297,2023-09-10,Business,47,15,7471,37.58,0
794,297,2023-09-17,Business,76,12,14085,66.85,0
795,297,2023-09-24,Business,97,28,14262,37.29,0
796,297,2023-10-01,Business,92,49,5277,73.4,0
797,297,2023-10-08,Business,60,16,6583,21.39,0
798,297,2023-10-15,Business,93,38,15794,58.67,0
799,297,2023-10-22,Business,72,33,17082,85.9,0
800,297,2023-10-29,Business,43,45,6497,73.66,0
801,297,2023-11-05,Business,107,44,6784,82.19,0
802,297,2023-11-12,Business,66,38,2723,50.94,0
803,297,2023-11-19,Business,72,26,8426,70.75,0
804,297,2023-11-26,Business,77,19,8425,63.13,0
805,297,2023-12-03,Business,69,15,20686,72.1,0
806,297,2023-12-10,Business,53,13,7176,92.19,0
807,297,2023-12-17,Business,70,18,13014,82.07,0
808,297,2023-12-24,Business,33,43,3670,63.68,0
809,297,2023-12-31,Business,89,46,12009,93.55,0
810,297,2024-01-07,Business,97,41,3085,66.45,0
811,297,2024-01-14,Business,62,42,20787,32.37,0
812,297,2024-01-21,Business,98,12,9948,83.58,0
813,297,2024-01-28,Business,91,26,5097,36.7,0
814,297,2024-02-04,Business,35,44,13617,37.15,0
815,297,2024-02-11,Business,74,30,3589,83.96,0
816,297,2024-02-18,Business,52,34,4340,13.15,0
817,297,2024-02-25,Business,103,28,16871,86.31,0
818,297,2024-03-03,Business,30,25,8103,28.49,0
819,297,2024-03-10,Business,63,33,10360,44.15,0
820,297,2024-03-17,Business,88,16,2298,49.26,0
821,297,2024-03-24,Business,86,23,5020,47.31,0
822,297,2024-03-31,Business,39,34,5576,27.63,0
823,297,2024-04-07,Business,56,38,4268,73.73,0
824,297,2024-04-14,Business,30,34,9857,93.35,0
825,297,2024-04-21,Business,57,19,3597,38.31,0
826,297,2024-04-28,Business,77,43,17710,88.9,0
827,297,2024-05-05,Business,73,25,15800,51.64,0
828,297,2024-05-12,Business,30,17,16170,50.56,0
829,297,2024-05-19,Business,77,43,3407,58.37,0
830,297,2024-05-26,Business,57,14,6795,28.28,0
831,297,2024-06-02,Business,105,12,1836,92.81,0
832,297,2024-06-09,Business,97,27,8641,92.64,0
833,297,2024-06-16,Business,34,23,8714,85.07,0
834,297,2024-06-23,Business,80,47,3228,54.97,0
835,297,2024-06-30,Business,74,45,3049,34.77,0
836,297,2024-07-07,Business,36,14,17901,63.02,0
837,297,2024-07-14,Business,37,18,9313,60.25,0
838,297,2024-07-21,Business,80,24,2406,79.29,0
839,297,2024-07-28,Business,96,44,3991,60.25,0
840,297,2024-08-04,Business,58,17,19770,30.18,0
841,297,2024-08-11,Business,56,51,10341,79.04,0
842,297,2024-08-18,Business,96,53,3166,64.74,0
843,297,2024-08-25,Business,76,13,12559,102.36,0
844,297,2024-09-01,Business,39,26,7868,76.61,0
845,297,2024-09-08,Business,48,42,17697,66.4,0
846,297,2024-09-15,Business,56,22,13361,21.96,0
847,297,2024-09-22,Business,51,45,18926,94.82,0
848,297,2024-09-29,Business,58,12,9696,38.22,0
849,297,2024-10-06,Business,48,40,9741,70.21,0
850,297,2024-10-13,Business,32,36,17197,52.33,0
851,297,2024-10-20,Business,26,40,5001,85.91,0
852,297,2024-10-27,Business,78,26,10317,17.01,0
853,297,2024-11-03,Business,46,28,3819,65.25,0
854,297,2024-11-10,Business,37,46,3134,23.1,0
855,297,2024-11-17,Business,41,50,12194,23.84,0
856,297,2024-11-24,Business,23,39,7170,45.11,0
857,297,2024-12-01,Business,67,23,7061,77.59,0
858,297,2024-12-08,Business,32,16,4732,77.15,0
859,297,2024-12-15,Business,33,22,8775,70.84,0
860,297,2024-12-22,Business,73,33,6671,92.54,0
861,297,2024-12-29,Business,36,10,5598,93.57,0
862,299,2023-06-19,Enterprise,186,136,12592,85.86,0
863,299,2023-06-26,Enterprise,124,115,33046,475.11,0
864,299,2023-07-03,Enterprise,436,73,41064,288.93,0
865,299,2023-07-10,Enterprise,305,93,47096,485.45,0
866,299,2023-07-17,Enterprise,354,205,70709,389.81,0
867,299,2024-03-19,Business,113,31,3685,61.17,0
868,299,2024-03-26,Business,93,40,16566,14.29,0
869,299,2024-04-02,Business,175,49,5298,85.01,0
870,299,2024-04-09,Business,75,37,13734,27.56,0
871,299,2024-04-16,Business,111,40,6628,20.69,0
872,299,2024-12-19,Enterprise,250,167,104382,203.72,0
873,299,2024-12-26,Enterprise,230,70,78746,347.45,0
874,300,2024-11-19,Starter,4,2,199,4.42,1
875,300,2024-11-26,Starter,6,1,409,3.44,1
876,300,2024-12-03,Starter,3,1,77,1.81,1
877,300,2024-12-10,Starter,1,1,75,0.74,1
878,300,2024-12-17,Starter,0,1,62,2.53,1
879,304,2022-10-20,Enterprise,192,165,73783,486.03,0
880,304,2022-10-27,Enterprise,144,188,25084,317.18,0
881,304,2022-11-03,Enterprise,294,142,70111,416.97,0
882,304,2022-11-10,Enterprise,509,164,71804,272.04,0
883,304,2022-11-17,Enterprise,483,144,56292,77.64,0
884,304,2022-12-20,Business,131,48,8793,84.35,0
885,304,2022-12-27,Business,99,15,21954,72.59,0
886,304,2023-01-03,Business,103,41,16219,63.22,0
887,304,2023-01-10,Business,98,43,7870,17.6,0
888,304,2023-01-17,Business,39,19,3955,84.27,0
889,304,2024-12-20,Enterprise,408,38,46411,305.35,0
890,304,2024-12-27,Enterprise,326,157,34290,149.49,0
891,306,2022-11-20,Starter,8,1,917,3.0,0
892,306,2022-11-27,Starter,9,2,584,2.83,0
893,306,2022-12-04,Starter,9,3,852,4.17,0
894,306,2022-12-11,Starter,7,5,704,1.26,0
895,306,2022-12-18,Starter,13,1,511,3.79,0
896,306,2024-12-20,Pro,47,12,3589,3.63,0
897,306,2024-12-27,Pro,26,13,776,12.83,0
898,313,2023-07-23,Pro,11,5,2683,11.29,1
899,313,2023-07-30,Pro,15,6,1855,3.72,1
900,313,2023-08-06,Pro,14,2,279,8.18,1
901,313,2023-08-13,Pro,5,3,545,16.99,1
902,313,2023-08-20,Pro,2,1,835,5.1,1
903,316,2023-07-25,Enterprise,391,110,89844,217.47,0
904,316,2023-08-01,Enterprise,371,86,27994,95.93,0
905,316,2023-08-08,Enterprise,369,105,10525,327.85,0
906,316,2023-08-15,Enterprise,312,71,76705,185.25,0
907,316,2023-08-22,Enterprise,202,76,77402,436.22,0
908,316,2024-01-25,Business,100,35,5004,89.32,0
909,316,2024-02-01,Business,143,13,3020,53.99,0
910,316,2024-02-08,Business,62,23,16706,59.16,0
911,316,2024-02-15,Business,58,23,14480,24.1,0
912,316,2024-02-22,Business,138,15,19469,44.73,0
913,316,2024-06-25,Pro,16,4,2182,10.29,1
914,316,2024-07-02,Pro,21,4,1322,4.18,1
915,316,2024-07-09,Pro,16,3,859,10.56,1
916,316,2024-07-16,Pro,4,1,645,14.73,1
917,316,2024-07-23,Pro,4,1,787,3.51,1
918,320,2022-12-26,Enterprise,432,192,36263,400.1,0
919,320,2023-01-02,Enterprise,192,171,30084,470.27,0
920,320,2023-01-09,Enterprise,369,140,95676,392.28,0
921,320,2023-01-16,Enterprise,123,51,80813,415.06,0
922,320,2023-01-23,Enterprise,339,128,14518,470.86,0
923,320,2023-06-26,Business,73,16,4823,22.47,0
924,320,2023-07-03,Business,165,38,14028,44.27,0
925,320,2023-07-10,Business,103,37,6252,10.61,0
926,320,2023-07-17,Business,109,15,17730,14.1,0
927,320,2023-07-24,Business,102,17,20799,50.11,0
928,320,2024-12-26,Enterprise,298,49,88503,116.06,0
929,332,2024-12-28,Pro,39,10,2996,4.11,0
930,335,2023-07-28,Enterprise,532,159,94053,86.74,0
931,335,2023-08-04,Enterprise,391,154,73383,79.8,0
932,335,2023-08-11,Enterprise,373,74,25782,102.7,0
933,335,2023-08-18,Enterprise,225,171,46963,330.81,0
934,335,2023-08-25,Enterprise,358,158,84074,341.38,0
935,335,2024-12-28,Business,112,29,15381,100.54,0
936,338,2023-11-01,Business,134,40,16442,44.71,0
937,338,2023-11-08,Business,36,18,8484,42.63,0
938,338,2023-11-15,Business,113,30,12066,48.2,0
939,338,2023-11-22,Business,77,40,20471,79.62,0
940,338,2023-11-29,Business,110,38,3286,24.26,0
941,338,2024-03-01,Pro,35,4,3204,7.52,0
942,338,2024-03-08,Pro,22,8,4334,3.65,0
943,338,2024-03-15,Pro,18,6,4015,7.81,0
944,338,2024-03-22,Pro,54,14,3483,10.09,0
945,338,2024-03-29,Pro,32,12,4514,18.54,0
946,338,2024-12-01,Business,40,37,1980,13.59,0
947,338,2024-12-08,Business,46,41,7341,12.92,0
948,338,2024-12-15,Business,45,36,7495,36.07,0
949,338,2024-12-22,Business,71,18,4837,58.73,0
950,338,2024-12-29,Business,52,29,6096,19.04,0
951,344,2022-07-04,Business,73,30,2512,47.39,0
952,344,2022-07-11,Business,123,46,15701,89.96,0
953,344,2022-07-18,Business,142,32,19240,18.87,0
954,344,2022-07-25,Business,112,39,11589,31.04,0
955,344,2022-08-01,Business,65,47,11558,79.42,0
956,344,2023-04-04,Business,149,40,11784,21.12,0
957,344,2023-04-11,Business,101,23,14633,88.15,0
958,344,2023-04-18,Business,110,44,15154,64.2,0
959,344,2023-04-25,Business,125,39,11119,86.66,0
960,344,2023-05-02,Business,71,40,17799,18.1,0
961,344,2023-05-09,Business,76,12,17747,92.73,0
962,344,2023-05-16,Business,138,31,5426,94.58,0
963,344,2023-05-23,Business,51,46,6777,103.93,0
964,344,2023-05-30,Business,152,23,4644,92.07,0
965,344,2023-06-06,Business,102,48,17850,48.61,0
966,344,2023-06-13,Business,96,12,14642,30.43,0
967,344,2023-06-20,Business,40,17,2133,23.78,0
968,344,2023-06-27,Business,95,25,15255,67.11,0
969,344,2023-07-04,Business,86,34,16211,58.86,0
970,344,2023-07-11,Business,76,30,15726,44.86,0
971,344,2023-07-18,Business,150,38,4162,22.19,0
972,344,2023-07-25,Business,115,13,12476,20.69,0
973,344,2023-08-01,Business,104,14,15233,60.15,0
974,344,2023-08-08,Business,143,27,17964,65.64,0
975,344,2023-08-15,Business,60,21,2442,22.8,0
976,344,2023-08-22,Business,64,48,3416,27.86,0
977,344,2023-08-29,Business,85,21,7215,52.65,0
978,344,2023-09-05,Business,73,32,2188,93.1,0
979,344,2023-09-12,Business,46,26,2517,44.7,0
980,344,2023-09-19,Business,114,51,6267,77.45,0
981,344,2023-09-26,Business,88,17,9562,63.64,0
982,344,2023-10-03,Business,58,17,4360,100.55,0
983,344,2023-10-10,Business,163,28,17312,13.16,0
984,344,2023-10-17,Business,131,33,13603,93.92,0
985,344,2023-10-24,Business,102,23,8050,64.16,0
986,344,2023-10-31,Business,129,15,12304,55.85,0
987,344,2023-11-07,Business,61,26,3128,62.34,0
988,344,2023-11-14,Business,112,14,5487,22.52,0
989,344,2023-11-21,Business,58,46,11628,40.57,0
990,344,2023-11-28,Business,99,28,6606,86.63,0
991,344,2023-12-05,Business,94,14,9424,62.21,0
992,344,2023-12-12,Business,141,20,14487,51.05,0
993,344,2023-12-19,Business,129,25,12254,53.71,0
994,344,2023-12-26,Business,82,34,10163,94.11,0
995,344,2024-01-02,Business,122,46,12290,82.73,0
996,344,2024-01-09,Business,104,46,10726,53.03,0
997,344,2024-01-16,Business,44,27,18986,34.48,0
998,344,2024-01-23,Business,120,41,18539,69.64,0
999,344,2024-01-30,Business,158,36,10518,46.69,0
1000,344,2024-02-06,Business,78,23,13924,82.46,0
1001,344,2024-02-13,Business,134,11,13267,48.49,0
1002,344,2024-02-20,Business,115,19,11346,69.39,0
1003,344,2024-02-27,Business,87,24,2993,58.87,0
1004,344,2024-03-05,Business,128,39,16901,60.32,0
1005,344,2024-03-12,Business,61,17,10723,77.44,0
1006,344,2024-03-19,Business,68,34,4127,12.01,0
1007,344,2024-03-26,Business,168,19,13226,21.97,0
1008,344,2024-04-02,Business,104,24,15141,17.45,0
1009,344,2024-04-09,Business,51,13,20540,94.85,0
1010,344,2024-04-16,Business,49,43,15204,22.18,0
1011,344,2024-04-23,Business,113,23,11919,21.8,0
1012,344,2024-04-30,Business,136,40,10587,94.96,0
1013,344,2024-05-07,Business,45,14,12884,40.74,0
1014,344,2024-05-14,Business,140,10,3292,103.27,0
1015,344,2024-05-21,Business,114,16,5215,87.37,0
1016,344,2024-05-28,Business,42,43,8500,16.29,0
1017,344,2024-06-04,Business,98,47,11612,60.11,0
1018,344,2024-06-11,Business,75,17,8692,22.48,0
1019,344,2024-06-18,Business,46,42,3981,28.04,0
1020,344,2024-06-25,Business,82,21,16066,88.23,0
1021,344,2024-07-02,Business,37,53,10737,16.99,0
1022,344,2024-07-09,Business,72,34,10937,61.96,0
1023,344,2024-07-16,Business,131,37,6115,63.84,0
1024,344,2024-07-23,Business,127,45,11720,53.46,0
1025,344,2024-07-30,Business,50,29,4938,78.01,0
1026,344,2024-08-06,Business,53,18,4002,20.82,0
1027,344,2024-08-13,Business,104,11,3095,96.73,0
1028,344,2024-08-20,Business,69,41,7571,19.28,0
1029,344,2024-08-27,Business,47,43,10064,81.8,0
1030,344,2024-09-03,Business,107,28,9913,81.14,0
1031,344,2024-09-10,Business,48,14,17289,45.51,0
1032,344,2024-09-17,Business,147,50,12634,80.15,0
1033,344,2024-09-24,Business,46,12,19537,96.02,0
1034,344,2024-10-01,Business,88,11,12530,62.29,0
1035,344,2024-10-08,Business,55,49,20871,23.44,0
1036,344,2024-10-15,Business,104,10,5674,35.59,0
1037,344,2024-10-22,Business,55,9,5682,46.87,0
1038,344,2024-10-29,Business,101,40,12999,72.7,0
1039,344,2024-11-05,Business,51,12,7269,91.69,0
1040,344,2024-11-12,Business,75,13,15865,46.5,0
1041,344,2024-11-19,Business,44,47,9137,73.53,0
1042,344,2024-11-26,Business,95,16,14227,75.94,0
1043,344,2024-12-03,Business,128,43,16478,57.22,0
1044,344,2024-12-10,Business,41,17,4017,75.32,0
1045,344,2024-12-17,Business,81,35,16904,86.39,0
1046,344,2024-12-24,Business,79,27,9179,51.06,0
1047,344,2024-12-31,Business,128,45,17589,19.49,0
1048,346,2022-06-05,Starter,2,1,115,3.57,1
1049,346,2022-06-12,Starter,2,1,248,4.91,1
1050,346,2022-06-19,Starter,3,1,331,2.44,1
1051,346,2022-06-26,Starter,1,1,65,3.15,1
1052,346,2022-07-03,Starter,1,1,40,2.34,1
1053,347,2024-12-06,Enterprise,392,197,36450,473.49,0
1054,347,2024-12-13,Enterprise,252,198,45609,56.78,0
1055,347,2024-12-20,Enterprise,186,198,71748,83.57,0
1056,347,2024-12-27,Enterprise,295,108,65402,388.14,0
1057,353,2022-09-08,Starter,10,3,589,3.76,1
1058,353,2022-09-15,Starter,5,1,179,4.76,1
1059,353,2022-09-22,Starter,5,1,150,4.24,1
1060,353,2022-09-29,Starter,2,1,123,2.09,1
1061,353,2022-10-06,Starter,3,1,108,4.2,1
1062,358,2022-09-09,Enterprise,539,122,73721,117.79,0
1063,358,2022-09-16,Enterprise,466,120,41900,283.68,0
1064,358,2022-09-23,Enterprise,397,143,78200,72.1,0
1065,358,2022-09-30,Enterprise,438,72,103537,356.47,0
1066,358,2022-10-07,Enterprise,133,109,66119,186.79,0
1067,358,2022-12-09,Business,82,22,2788,101.43,1
1068,358,2022-12-16,Business,69,6,1102,86.98,1
1069,358,2022-12-23,Business,52,6,6160,56.95,1
1070,358,2022-12-30,Business,16,3,955,30.69,1
1071,358,2023-01-06,Business,17,4,987,94.27,1
1072,362,2023-06-11,Starter,6,1,567,2.33,1
1073,362,2023-06-18,Starter,4,1,305,3.03,1
1074,362,2023-06-25,Starter,2,1,376,1.9,1
1075,362,2023-07-02,Starter,1,1,177,2.58,1
1076,362,2023-07-09,Starter,1,1,54,2.03,1
1077,366,2023-11-13,Enterprise,328,35,31685,337.01,1
1078,366,2023-11-20,Enterprise,206,65,9540,347.86,1
1079,366,2023-11-27,Enterprise,148,65,5750,50.1,1
1080,366,2023-12-04,Enterprise,71,37,4945,351.88,1
1081,366,2023-12-11,Enterprise,57,40,6784,261.83,1
1082,368,2023-09-13,Starter,11,3,150,2.11,1
1083,368,2023-09-20,Starter,3,2,396,1.52,1
1084,368,2023-09-27,Starter,2,1,375,2.11,1
1085,368,2023-10-04,Starter,4,1,116,0.55,1
1086,368,2023-10-11,Starter,1,1,19,4.98,1
1087,369,2022-07-13,Starter,16,1,83,2.63,1
1088,369,2022-07-20,Starter,10,1,127,2.95,1
1089,369,2022-07-27,Starter,2,1,307,1.05,1
1090,369,2022-08-03,Starter,4,1,243,1.26,1
1091,369,2022-08-10,Starter,2,1,43,1.87,1
1092,370,2023-02-13,Starter,4,2,421,2.55,1
1093,370,2023-02-20,Starter,7,1,441,4.53,1
1094,370,2023-02-27,Starter,4,1,87,2.02,1
1095,370,2023-03-06,Starter,4,1,120,3.29,1
1096,370,2023-03-13,Starter,21,4,182,1.61,0
1097,382,2023-07-16,Pro,28,10,2637,2.13,1
1098,382,2023-07-23,Pro,20,3,2118,9.03,1
1099,382,2023-07-30,Pro,5,2,2010,5.95,1
1100,382,2023-08-06,Pro,6,1,1062,15.82,1
1101,382,2023-08-13,Pro,8,3,325,13.52,1
1102,384,2022-06-16,Pro,33,8,564,12.85,1
1103,384,2022-06-23,Pro,25,3,348,3.85,1
1104,384,2022-06-30,Pro,18,1,1567,2.48,1
1105,384,2022-07-07,Pro,11,1,116,19.53,1
1106,384,2022-07-14,Pro,9,1,217,17.85,1
1107,385,2023-12-16,Pro,7,3,3134,8.76,1
1108,385,2023-12-23,Pro,17,6,2522,5.38,1
1109,385,2023-12-30,Pro,16,5,780,17.02,1
1110,385,2024-01-06,Pro,6,2,486,9.81,1
1111,385,2024-01-13,Pro,5,1,448,7.4,1
1112,386,2022-07-16,Starter,6,2,457,3.06,1
1113,386,2022-07-23,Starter,4,1,238,3.71,1
1114,386,2022-07-30,Starter,4,1,167,4.27,1
1115,386,2022-08-06,Starter,0,1,151,2.19,1
1116,386,2022-08-13,Starter,1,1,47,1.52,1
1117,387,2022-09-17,Pro,37,12,1910,4.22,0
1118,387,2022-09-24,Pro,18,3,2858,13.44,0
1119,387,2022-10-01,Pro,34,5,3233,4.72,0
1120,387,2022-10-08,Pro,19,14,3021,12.31,0
1121,387,2022-10-15,Pro,29,5,1413,7.23,0
1122,387,2023-12-17,Starter,4,2,359,3.21,1
1123,387,2023-12-24,Starter,6,1,157,4.56,1
1124,387,2023-12-31,Starter,2,1,307,2.48,1
1125,387,2024-01-07,Starter,1,1,193,1.83,1
1126,387,2024-01-14,Starter,2,1,161,0.88,1
1127,388,2023-07-17,Enterprise,313,141,56342,68.37,0
1128,388,2023-07-24,Enterprise,249,177,28681,350.5,0
1129,388,2023-07-31,Enterprise,94,73,74943,179.82,0
1130,388,2023-08-07,Enterprise,493,195,18962,205.05,1
1131,388,2023-08-14,Enterprise,274,125,19277,98.82,1
1132,388,2023-08-17,Business,97,29,2032,54.07,1
1133,388,2023-08-24,Business,92,6,8838,40.08,1
1134,388,2023-08-31,Business,46,6,6265,30.49,1
1135,388,2023-09-07,Business,18,8,3999,81.99,1
1136,388,2023-09-14,Business,12,2,1696,82.01,1
1137,394,2022-06-18,Business,55,11,2803,29.14,1
1138,394,2022-06-25,Business,27,19,5487,100.94,1
1139,394,2022-07-02,Business,27,7,6474,61.67,1
1140,394,2022-07-09,Business,9,9,1870,53.28,1
1141,394,2022-07-16,Business,13,9,1656,57.07,1
1142,401,2023-10-19,Pro,31,7,2644,6.35,1
1143,401,2023-10-26,Pro,24,4,2309,6.97,1
1144,401,2023-11-02,Pro,25,2,1920,8.03,1
1145,401,2023-11-09,Pro,12,2,1093,9.2,1
1146,401,2023-11-16,Pro,6,1,450,17.89,1
1147,407,2022-10-20,Pro,52,7,3497,2.41,0
1148,407,2022-10-27,Pro,45,8,2477,12.76,0
1149,407,2022-11-03,Pro,15,15,4310,7.55,0
1150,407,2022-11-10,Pro,39,8,1095,18.31,0
1151,407,2022-11-17,Pro,48,3,3159,9.53,0
1152,407,2023-04-20,Business,95,45,11252,90.68,0
1153,407,2023-04-27,Business,127,11,18689,17.02,0
1154,407,2023-05-04,Business,122,33,4232,68.34,0
1155,407,2023-05-11,Business,53,43,14976,78.11,0
1156,407,2023-05-18,Business,61,37,12277,21.33,0
1157,407,2023-05-20,Enterprise,128,77,26357,178.9,0
1158,407,2023-05-27,Enterprise,168,191,60205,72.92,0
1159,407,2023-06-03,Enterprise,121,59,14382,408.52,0
1160,407,2023-06-10,Enterprise,82,103,47610,454.84,0
1161,407,2023-06-17,Enterprise,187,51,87835,447.98,0
1162,407,2024-12-20,Business,34,10,18659,98.57,0
1163,407,2024-12-27,Business,93,29,8448,11.87,0
1164,411,2022-07-21,Starter,11,2,357,3.72,1
1165,411,2022-07-28,Starter,6,2,534,4.27,1
1166,411,2022-08-04,Starter,5,1,287,2.24,1
1167,411,2022-08-11,Starter,2,1,30,4.66,1
1168,411,2022-08-18,Starter,1,1,191,3.88,1
1169,415,2024-08-22,Pro,11,3,1312,7.59,1
1170,415,2024-08-29,Pro,19,3,1580,18.38,1
1171,415,2024-09-05,Pro,24,2,2204,19.54,1
1172,415,2024-09-12,Pro,7,1,992,3.34,1
1173,415,2024-09-19,Pro,5,2,120,7.14,1
1174,423,2022-12-25,Starter,8,1,676,4.36,0
1175,423,2023-01-01,Starter,4,3,316,1.42,0
1176,423,2023-01-08,Starter,8,2,462,4.13,0
1177,423,2023-01-15,Starter,11,4,839,4.14,0
1178,423,2023-01-22,Starter,8,1,196,2.3,0
1179,423,2023-02-25,Pro,38,3,2841,18.33,0
1180,423,2023-03-04,Pro,29,10,2823,7.72,0
1181,423,2023-03-11,Pro,13,12,1767,5.67,0
1182,423,2023-03-18,Pro,23,4,1237,17.18,0
1183,423,2023-03-25,Pro,35,3,1767,5.18,0
1184,423,2023-09-25,Starter,13,2,721,0.49,1
1185,423,2023-10-02,Starter,8,1,386,4.83,1
1186,423,2023-10-09,Starter,1,1,261,3.07,1
1187,423,2023-10-16,Starter,3,1,88,4.7,1
1188,423,2023-10-23,Starter,1,1,63,4.71,1
1189,428,2022-06-26,Starter,9,2,321,4.78,1
1190,428,2022-07-03,Starter,3,2,177,4.97,1
1191,428,2022-07-10,Starter,1,1,313,3.94,1
1192,428,2022-07-17,Starter,0,1,167,3.24,1
1193,428,2022-07-24,Starter,2,1,104,0.53,1
1194,429,2024-12-26,Enterprise,364,191,36061,58.63,0
1195,430,2023-07-28,Business,75,39,8988,90.1,1
1196,430,2023-08-04,Business,20,19,6330,26.82,1
1197,430,2023-08-11,Business,42,18,4665,39.19,1
1198,430,2023-08-18,Business,29,4,3099,83.59,1
1199,430,2023-08-25,Business,19,3,2877,93.93,1
1200,434,2023-01-30,Starter,12,2,567,2.61,1
1201,434,2023-02-06,Starter,2,1,106,4.93,1
1202,434,2023-02-13,Starter,5,1,276,1.55,1
1203,434,2023-02-20,Starter,1,1,93,3.54,1
1204,434,2023-02-27,Starter,2,1,21,0.62,1
1205,437,2022-10-01,Enterprise,311,176,63873,260.93,0
1206,437,2022-10-08,Enterprise,226,82,30242,425.29,0
1207,437,2022-10-15,Enterprise,325,161,64508,175.41,0
1208,437,2022-10-22,Enterprise,218,83,77585,451.83,0
1209,437,2022-10-29,Enterprise,128,208,98656,133.01,0
1210,437,2024-01-01,Business,109,20,5970,16.25,1
1211,437,2024-01-08,Business,52,6,4136,98.7,1
1212,437,2024-01-15,Business,60,14,4629,22.16,1
1213,437,2024-01-22,Business,13,7,4336,82.91,1
1214,437,2024-01-29,Business,18,9,876,66.93,1
1215,438,2023-01-01,Starter,6,3,509,4.73,1
1216,438,2023-01-08,Starter,3,2,125,4.34,1
1217,438,2023-01-15,Starter,3,2,105,2.34,1
1218,438,2023-01-22,Starter,2,1,51,4.9,1
1219,438,2023-01-29,Starter,2,1,173,1.53,1
1220,449,2023-10-04,Pro,14,13,1249,14.75,0
1221,449,2023-10-11,Pro,31,5,2575,17.6,0
1222,449,2023-10-18,Pro,19,10,4129,17.11,0
1223,449,2023-10-25,Pro,19,14,2868,5.73,0
1224,449,2023-11-01,Pro,20,10,4206,2.72,0
1225,449,2024-01-04,Business,80,26,5438,36.3,1
1226,449,2024-01-11,Business,30,26,9240,60.58,1
1227,449,2024-01-18,Business,37,13,2181,41.46,1
1228,449,2024-01-25,Business,19,10,3086,54.86,1
1229,449,2024-02-01,Business,14,9,1793,70.54,1
1230,453,2023-08-05,Enterprise,103,37,50815,160.76,1
1231,453,2023-08-12,Enterprise,92,112,45950,498.48,1
1232,453,2023-08-19,Enterprise,47,14,34116,417.19,1
1233,453,2023-08-26,Enterprise,72,39,16308,453.1,1
1234,453,2023-09-02,Enterprise,47,30,10011,362.99,1
1235,459,2022-08-08,Starter,8,3,618,1.5,0
1236,459,2022-08-15,Starter,13,3,308,2.53,0
1237,459,2022-08-22,Starter,14,3,643,1.38,0
1238,459,2022-08-29,Starter,10,4,220,4.15,0
1239,459,2022-09-05,Starter,12,1,171,0.54,0
1240,459,2023-05-08,Pro,22,9,2977,12.75,1
1241,459,2023-05-15,Pro,10,3,1586,5.03,1
1242,459,2023-05-22,Pro,15,1,1817,13.18,1
1243,459,2023-05-29,Pro,10,1,322,13.67,1
1244,459,2023-06-05,Pro,11,1,666,2.97,1
1245,461,2022-09-09,Business,57,30,11417,59.89,0
1246,461,2022-09-16,Business,89,53,19923,67.3,0
1247,461,2022-09-23,Business,164,46,6906,72.26,0
1248,461,2022-09-30,Business,145,26,2765,53.87,0
1249,461,2022-10-07,Business,71,23,12674,59.23,0
1250,461,2023-08-09,Enterprise,419,75,62043,50.7,0
1251,461,2023-08-16,Enterprise,146,157,34662,356.37,0
1252,461,2023-08-23,Enterprise,229,181,49730,290.71,0
1253,461,2023-08-30,Enterprise,390,161,41517,87.02,0
1254,461,2023-09-06,Enterprise,388,163,95075,206.3,0
1255,461,2024-12-09,Business,71,10,15025,78.95,0
1256,461,2024-12-16,Business,137,43,5522,36.94,0
1257,461,2024-12-23,Business,70,24,19710,26.03,0
1258,461,2024-12-30,Business,60,39,7694,76.57,0
1259,463,2024-12-10,Enterprise,342,57,85732,396.71,0
1260,463,2024-12-17,Enterprise,118,162,79605,223.66,0
1261,463,2024-12-24,Enterprise,390,115,18276,56.77,0
1262,463,2024-12-31,Enterprise,217,193,89012,243.34,0
1263,485,2022-11-18,Pro,36,8,3415,5.67,1
1264,485,2022-11-25,Pro,22,6,299,6.94,1
1265,485,2022-12-02,Pro,16,3,828,2.73,1
1266,485,2022-12-09,Pro,5,2,228,13.77,1
1267,485,2022-12-16,Pro,4,1,831,3.93,1
1268,493,2022-07-20,Pro,28,11,2616,3.69,1
1269,493,2022-07-27,Pro,12,3,2609,16.33,1
1270,493,2022-08-03,Pro,24,4,973,16.91,1
1271,493,2022-08-10,Pro,11,2,548,10.66,1
1272,493,2022-08-17,Pro,10,1,317,12.64,1
1273,501,2023-01-21,Pro,14,5,2578,6.29,0
1274,501,2023-01-28,Pro,20,10,793,10.71,0
1275,501,2023-02-04,Pro,35,11,4826,2.41,0
1276,501,2023-02-11,Pro,11,5,1571,11.94,0
1277,501,2023-02-18,Pro,12,5,2579,2.2,0
1278,501,2024-12-21,Business,98,34,10846,67.69,0
1279,501,2024-12-28,Business,68,23,16857,37.66,0
1280,503,2023-04-22,Pro,8,5,1920,18.45,1
1281,503,2023-04-29,Pro,11,2,1990,18.68,1
1282,503,2023-05-06,Pro,15,4,984,3.12,1
1283,503,2023-05-13,Pro,8,1,407,19.04,1
1284,503,2023-05-20,Pro,5,1,581,6.54,1
1285,505,2023-01-23,Enterprise,262,88,57795,78.03,0
1286,505,2023-01-30,Enterprise,267,73,60891,159.47,0
1287,505,2023-02-06,Enterprise,388,119,75064,137.52,0
1288,505,2023-02-13,Enterprise,464,92,27721,407.48,0
1289,505,2023-02-20,Enterprise,477,128,91966,451.68,0
1290,505,2024-05-23,Business,66,25,10160,10.52,1
1291,505,2024-05-30,Business,71,6,2146,98.08,1
1292,505,2024-06-06,Business,50,14,7565,33.06,1
1293,505,2024-06-13,Business,26,5,858,45.4,1
1294,505,2024-06-20,Business,26,6,3592,58.01,1
1295,508,2022-09-24,Starter,6,2,737,1.77,1
1296,508,2022-10-01,Starter,6,2,185,4.15,1
1297,508,2022-10-08,Starter,1,1,352,4.42,1
1298,508,2022-10-15,Starter,2,1,132,4.36,1
1299,508,2022-10-22,Starter,1,1,85,3.88,1
1300,510,2023-08-24,Starter,19,1,315,4.35,0
1301,510,2023-08-31,Starter,19,3,443,1.57,0
1302,510,2023-09-07,Starter,9,3,138,3.09,0
1303,510,2023-09-14,Starter,6,1,501,3.68,0
1304,510,2023-09-21,Starter,14,3,729,3.26,0
1305,510,2024-01-24,Starter,14,1,262,0.87,0
1306,510,2024-01-31,Starter,13,3,648,1.59,0
1307,510,2024-02-07,Starter,7,1,672,1.39,0
1308,510,2024-02-14,Starter,9,5,506,0.66,0
1309,510,2024-02-21,Starter,7,2,391,2.11,0
1310,510,2024-02-28,Starter,8,2,576,3.95,0
1311,510,2024-03-06,Starter,17,3,619,2.31,0
1312,510,2024-03-13,Starter,8,3,753,0.56,0
1313,510,2024-03-20,Starter,17,2,688,3.2,0
1314,510,2024-03-27,Starter,12,5,137,0.91,0
1315,510,2024-04-03,Starter,8,2,185,2.27,0
1316,510,2024-04-10,Starter,8,3,208,2.89,0
1317,510,2024-04-17,Starter,22,3,335,3.67,0
1318,510,2024-04-24,Starter,11,1,395,1.6,0
1319,510,2024-05-01,Starter,14,3,840,4.01,0
1320,510,2024-05-08,Starter,16,1,257,1.95,0
1321,510,2024-05-15,Starter,16,3,392,2.44,0
1322,510,2024-05-22,Starter,17,1,1002,0.7,0
1323,510,2024-05-29,Starter,20,2,867,3.38,0
1324,510,2024-06-05,Starter,16,4,804,1.22,0
1325,510,2024-06-12,Starter,8,3,855,3.98,0
1326,510,2024-06-19,Starter,8,4,711,3.41,0
1327,510,2024-06-26,Starter,15,3,692,4.57,0
1328,510,2024-07-03,Starter,6,2,138,3.53,0
1329,510,2024-07-10,Starter,22,2,463,3.33,0
1330,510,2024-07-17,Starter,12,3,209,3.42,0
1331,510,2024-07-24,Starter,16,4,271,1.48,0
1332,510,2024-07-31,Starter,12,4,890,2.05,0
1333,510,2024-08-07,Starter,11,3,821,2.37,0
1334,510,2024-08-14,Starter,5,1,675,2.79,0
1335,510,2024-08-21,Starter,22,1,600,3.21,0
1336,510,2024-08-28,Starter,8,5,921,4.19,0
1337,510,2024-09-04,Starter,8,2,384,2.83,0
1338,510,2024-09-11,Starter,21,4,421,3.48,0
1339,510,2024-09-18,Starter,19,1,836,1.68,0
1340,510,2024-09-25,Starter,6,1,1018,1.37,0
1341,510,2024-10-02,Starter,7,3,679,3.12,0
1342,510,2024-10-09,Starter,7,3,761,1.53,0
1343,510,2024-10-16,Starter,14,3,715,4.73,0
1344,510,2024-10-23,Starter,6,1,895,1.68,0
1345,510,2024-10-30,Starter,12,3,180,0.65,0
1346,510,2024-11-06,Starter,10,4,689,4.76,0
1347,510,2024-11-13,Starter,6,1,654,3.0,0
1348,510,2024-11-20,Starter,17,2,796,2.46,0
1349,510,2024-11-27,Starter,15,2,614,2.23,0
1350,510,2024-12-04,Starter,10,4,118,1.73,0
1351,510,2024-12-11,Starter,7,4,849,3.89,0
1352,510,2024-12-18,Starter,15,4,137,1.66,0
1353,510,2024-12-25,Starter,12,2,418,0.58,0
1354,513,2022-08-24,Pro,11,9,1966,8.54,1
1355,513,2022-08-31,Pro,13,2,446,13.95,1
1356,513,2022-09-07,Pro,16,4,408,18.26,1
1357,513,2022-09-14,Pro,5,1,413,14.36,1
1358,513,2022-09-21,Pro,4,2,441,7.58,1
1359,515,2022-07-25,Pro,19,4,3766,14.18,0
1360,515,2022-08-01,Pro,50,4,1045,16.19,0
1361,515,2022-08-08,Pro,23,5,1018,5.98,0
1362,515,2022-08-15,Pro,41,7,989,9.35,0
1363,515,2022-08-22,Pro,45,14,1508,16.59,0
1364,515,2022-09-25,Business,85,50,17214,90.81,0
1365,515,2022-10-02,Business,82,12,10659,33.04,0
1366,515,2022-10-09,Business,46,21,18369,68.99,0
1367,515,2022-10-16,Business,60,17,18612,66.6,0
1368,515,2022-10-23,Business,54,11,11421,55.5,0
1369,515,2022-11-25,Pro,26,6,1887,13.91,1
1370,515,2022-12-02,Pro,20,6,525,2.41,1
1371,515,2022-12-09,Pro,20,2,485,15.34,1
1372,515,2022-12-16,Pro,3,3,406,6.25,1
1373,515,2022-12-23,Pro,8,2,248,4.34,1
1374,516,2024-07-25,Business,64,29,11398,45.59,1
1375,516,2024-08-01,Business,75,21,8972,58.13,1
1376,516,2024-08-08,Business,29,18,6734,73.23,1
1377,516,2024-08-15,Business,20,4,511,27.98,1
1378,516,2024-08-22,Business,8,3,616,75.97,1
1379,522,2022-07-26,Starter,8,2,168,1.81,0
1380,522,2022-08-02,Starter,17,4,499,4.28,0
1381,522,2022-08-09,Starter,16,3,647,3.06,0
1382,522,2022-08-16,Starter,7,2,721,2.33,0
1383,522,2022-08-23,Starter,15,4,638,2.36,0
1384,522,2023-02-26,Starter,14,2,550,3.56,0
1385,522,2023-03-05,Starter,12,2,425,4.54,0
1386,522,2023-03-12,Starter,6,3,798,1.81,0
1387,522,2023-03-19,Starter,13,3,695,3.8,0
1388,522,2023-03-26,Starter,5,3,299,4.49,0
1389,522,2023-04-02,Starter,6,2,946,3.33,0
1390,522,2023-04-09,Starter,7,2,454,1.58,0
1391,522,2023-04-16,Starter,11,5,470,2.01,0
1392,522,2023-04-23,Starter,7,3,766,2.04,0
1393,522,2023-04-30,Starter,7,4,637,1.69,0
1394,522,2023-05-07,Starter,8,3,168,2.2,0
1395,522,2023-05-14,Starter,3,1,904,0.53,0
1396,522,2023-05-21,Starter,9,3,587,4.13,0
1397,522,2023-05-28,Starter,10,2,463,1.86,0
1398,522,2023-06-04,Starter,3,2,324,1.6,0
1399,522,2023-06-11,Starter,7,3,257,4.46,0
1400,522,2023-06-18,Starter,12,2,291,0.65,0
1401,522,2023-06-25,Starter,11,3,349,1.58,0
1402,522,2023-07-02,Starter,5,2,790,4.77,0
1403,522,2023-07-09,Starter,3,4,237,1.18,0
1404,522,2023-07-16,Starter,9,4,171,1.05,0
1405,522,2023-07-23,Starter,11,2,579,4.96,0
1406,522,2023-07-30,Starter,6,3,1045,1.0,0
1407,522,2023-08-06,Starter,3,4,346,2.58,0
1408,522,2023-08-13,Starter,3,3,319,5.02,0
1409,522,2023-08-20,Starter,13,5,291,3.14,0
1410,522,2023-08-27,Starter,9,3,1097,1.11,0
1411,522,2023-09-03,Starter,8,3,116,3.86,0
1412,522,2023-09-10,Starter,9,3,477,1.72,0
1413,522,2023-09-17,Starter,10,3,696,3.44,0
1414,522,2023-09-24,Starter,4,1,1040,3.7,0
1415,522,2023-10-01,Starter,7,3,357,4.36,0
1416,522,2023-10-08,Starter,6,4,546,2.22,0
1417,522,2023-10-15,Starter,10,2,929,2.71,0
1418,522,2023-10-22,Starter,7,2,853,1.01,0
1419,522,2023-10-29,Starter,6,3,771,1.1,0
1420,522,2023-11-05,Starter,7,2,614,0.88,0
1421,522,2023-11-12,Starter,4,2,986,0.67,0
1422,522,2023-11-19,Starter,3,3,162,1.7,0
1423,522,2023-11-26,Starter,12,3,679,1.14,0
1424,522,2023-12-03,Starter,9,4,537,3.69,0
1425,522,2023-12-10,Starter,8,2,575,3.88,0
1426,522,2023-12-17,Starter,9,1,485,4.53,0
1427,522,2023-12-24,Starter,5,2,942,1.25,0
1428,522,2023-12-31,Starter,9,3,362,2.04,0
1429,522,2024-01-07,Starter,7,2,510,1.99,0
1430,522,2024-01-14,Starter,4,1,613,2.94,0
1431,522,2024-01-21,Starter,9,4,438,0.6,0
1432,522,2024-01-28,Starter,4,4,847,2.31,0
1433,522,2024-02-04,Starter,8,2,726,1.69,0
1434,522,2024-02-11,Starter,11,3,707,4.8,0
1435,522,2024-02-18,Starter,13,3,764,2.53,0
1436,522,2024-02-25,Starter,6,1,599,1.33,0
1437,522,2024-03-03,Starter,4,3,327,4.25,0
1438,522,2024-03-10,Starter,10,2,582,2.08,0
1439,522,2024-03-17,Starter,6,2,549,3.28,0
1440,522,2024-03-24,Starter,8,5,772,2.36,0
1441,522,2024-03-31,Starter,3,1,852,3.7,0
1442,522,2024-04-07,Starter,4,1,518,2.4,0
1443,522,2024-04-14,Starter,4,1,502,0.66,0
1444,522,2024-04-21,Starter,8,1,191,3.74,0
1445,522,2024-04-28,Starter,3,1,248,0.94,0
1446,522,2024-05-05,Starter,2,1,477,4.18,0
1447,522,2024-05-12,Starter,5,3,464,2.91,0
1448,522,2024-05-19,Starter,6,1,340,1.24,0
1449,522,2024-05-26,Starter,10,3,723,0.88,0
1450,522,2024-06-02,Starter,5,2,177,2.51,0
1451,522,2024-06-09,Starter,4,3,392,1.64,0
1452,522,2024-06-16,Starter,4,1,495,4.83,0
1453,522,2024-06-23,Starter,6,4,245,2.98,0
1454,522,2024-06-30,Starter,5,4,856,1.26,0
1455,522,2024-07-07,Starter,10,1,790,3.05,0
1456,522,2024-07-14,Starter,7,3,716,1.29,0
1457,522,2024-07-21,Starter,6,3,397,2.17,0
1458,522,2024-07-28,Starter,6,1,257,1.13,0
1459,522,2024-08-04,Starter,3,1,470,4.39,0
1460,522,2024-08-11,Starter,7,1,177,2.36,0
1461,522,2024-08-18,Starter,14,1,403,4.79,0
1462,522,2024-08-25,Starter,7,3,859,2.36,0
1463,522,2024-09-01,Starter,9,3,813,1.81,0
1464,522,2024-09-08,Starter,4,1,389,1.23,0
1465,522,2024-09-15,Starter,3,5,555,3.94,0
1466,522,2024-09-22,Starter,6,3,559,2.72,0
1467,522,2024-09-29,Starter,9,3,321,2.81,0
1468,522,2024-10-06,Starter,3,4,487,1.96,0
1469,522,2024-10-13,Starter,6,3,216,1.67,0
1470,522,2024-10-20,Starter,10,1,1036,1.97,0
1471,522,2024-10-27,Starter,8,2,655,4.42,0
1472,522,2024-11-03,Starter,7,3,743,1.12,0
1473,522,2024-11-10,Starter,13,2,555,1.19,0
1474,522,2024-11-17,Starter,9,3,236,5.0,0
1475,522,2024-11-24,Starter,9,3,308,0.7,0
1476,522,2024-12-01,Starter,3,1,552,1.16,0
1477,522,2024-12-08,Starter,7,1,657,3.53,0
1478,522,2024-12-15,Starter,7,3,704,4.63,0
1479,522,2024-12-22,Starter,9,1,737,2.61,0
1480,522,2024-12-29,Starter,10,3,520,1.51,0
1481,523,2022-09-26,Pro,32,11,725,2.76,0
1482,523,2022-10-03,Pro,25,3,1126,3.24,0
1483,523,2022-10-10,Pro,33,4,3229,11.27,0
1484,523,2022-10-17,Pro,39,14,1514,3.39,0
1485,523,2022-10-24,Pro,35,11,2042,9.02,0
1486,523,2023-06-26,Starter,3,3,535,2.27,1
1487,523,2023-07-03,Starter,6,2,548,2.99,1
1488,523,2023-07-10,Starter,3,1,175,3.78,1
1489,523,2023-07-17,Starter,2,1,101,1.69,1
1490,523,2023-07-24,Starter,1,1,88,2.86,1
1491,526,2022-09-26,Starter,14,2,735,4.91,0
1492,526,2022-10-03,Starter,10,4,878,4.45,0
1493,526,2022-10-10,Starter,12,4,843,2.83,0
1494,526,2022-10-17,Starter,11,1,246,2.69,0
1495,526,2022-10-24,Starter,16,4,993,1.25,0
1496,526,2023-07-26,Pro,32,4,3258,10.18,1
1497,526,2023-08-02,Pro,26,7,852,17.66,1
1498,526,2023-08-09,Pro,12,4,545,3.09,1
1499,526,2023-08-16,Pro,9,1,815,8.62,1
1500,526,2023-08-23,Pro,7,1,288,7.07,1
1501,528,2024-12-27,Pro,49,6,3615,19.4,0
1502,529,2023-07-27,Business,138,23,21076,29.74,0
1503,529,2023-08-03,Business,62,36,10544,53.56,0
1504,529,2023-08-10,Business,39,21,8711,59.47,0
1505,529,2023-08-17,Business,145,20,13383,14.2,0
1506,529,2023-08-24,Business,54,43,19964,94.92,0
1507,529,2024-12-27,Pro,49,3,640,8.64,0
1508,531,2022-09-27,Starter,8,3,144,2.29,1
1509,531,2022-10-04,Starter,4,1,453,3.16,1
1510,531,2022-10-11,Starter,3,1,236,3.35,1
1511,531,2022-10-18,Starter,2,1,113,2.91,1
1512,531,2022-10-25,Starter,1,1,63,1.09,1
1513,532,2022-07-27,Pro,17,10,707,17.12,1
1514,532,2022-08-03,Pro,18,7,756,15.97,1
1515,532,2022-08-10,Pro,6,4,1738,2.32,1
1516,532,2022-08-17,Pro,3,1,162,15.76,1
1517,532,2022-08-24,Pro,10,2,419,20.19,1
1518,537,2023-07-28,Enterprise,188,108,38806,259.53,0
1519,537,2023-08-04,Enterprise,508,179,47936,494.74,0
1520,537,2023-08-11,Enterprise,375,45,12432,262.78,0
1521,537,2023-08-18,Enterprise,158,92,28465,439.91,0
1522,537,2023-08-25,Enterprise,354,156,19770,461.17,0
1523,537,2024-12-28,Business,24,38,7062,30.15,0
1524,538,2024-03-28,Pro,61,12,3747,3.97,0
1525,538,2024-04-04,Pro,61,12,1999,15.27,0
1526,538,2024-04-11,Pro,57,14,2089,9.52,0
1527,538,2024-04-18,Pro,47,3,4348,18.07,0
1528,538,2024-04-25,Pro,71,13,4677,19.98,0
1529,538,2024-08-28,Business,51,16,11870,64.66,1
1530,538,2024-09-04,Business,70,10,7539,10.31,1
1531,538,2024-09-11,Business,68,16,3163,36.0,1
1532,538,2024-09-18,Business,22,4,3460,55.78,1
1533,538,2024-09-25,Business,16,2,2956,23.53,1
1534,539,2022-09-29,Pro,51,12,1832,15.37,0
1535,539,2022-10-06,Pro,39,3,4204,19.0,0
1536,539,2022-10-13,Pro,39,3,5467,15.99,0
1537,539,2022-10-20,Pro,30,11,3619,8.36,0
1538,539,2022-10-27,Pro,30,5,1915,2.65,0
1539,539,2023-06-29,Pro,61,8,2203,3.83,0
1540,539,2023-07-06,Pro,22,4,2253,9.44,0
1541,539,2023-07-13,Pro,47,7,4382,5.64,0
1542,539,2023-07-20,Pro,40,3,4545,14.84,0
1543,539,2023-07-27,Pro,36,9,1489,16.51,0
1544,539,2023-08-03,Pro,44,11,4488,11.92,0
1545,539,2023-08-10,Pro,30,3,1005,9.96,0
1546,539,2023-08-17,Pro,43,11,3183,3.77,0
1547,539,2023-08-24,Pro,42,12,1419,3.19,0
1548,539,2023-08-31,Pro,31,11,678,16.6,0
1549,539,2023-09-07,Pro,52,13,1243,8.27,0
1550,539,2023-09-14,Pro,24,3,2499,2.76,0
1551,539,2023-09-21,Pro,26,5,3596,10.03,0
1552,539,2023-09-28,Pro,54,4,4739,3.16,0
1553,539,2023-10-05,Pro,56,6,586,3.0,0
1554,539,2023-10-12,Pro,60,12,2154,9.02,0
1555,539,2023-10-19,Pro,44,6,1326,7.2,0
1556,539,2023-10-26,Pro,55,9,2153,13.12,0
1557,539,2023-11-02,Pro,38,4,1182,14.67,0
1558,539,2023-11-09,Pro,59,5,1440,12.35,0
1559,539,2023-11-16,Pro,28,3,2624,13.46,0
1560,539,2023-11-23,Pro,33,7,1586,17.78,0
1561,539,2023-11-30,Pro,30,14,4141,18.53,0
1562,539,2023-12-07,Pro,29,10,1352,14.18,0
1563,539,2023-12-14,Pro,21,6,2707,12.7,0
1564,539,2023-12-21,Pro,52,8,5220,9.84,0
1565,539,2023-12-28,Pro,36,3,3989,7.13,0
1566,539,2024-01-04,Pro,47,9,4503,8.46,0
1567,539,2024-01-11,Pro,53,12,4816,16.67,0
1568,539,2024-01-18,Pro,30,11,1200,18.76,0
1569,539,2024-01-25,Pro,28,3,644,6.85,0
1570,539,2024-02-01,Pro,22,11,2752,18.05,0
1571,539,2024-02-08,Pro,17,10,4149,3.02,0
1572,539,2024-02-15,Pro,42,9,3009,14.13,0
1573,539,2024-02-22,Pro,35,14,4326,10.2,0
1574,539,2024-02-29,Pro,21,3,2912,6.75,0
1575,539,2024-03-07,Pro,32,8,2191,2.94,0
1576,539,2024-03-14,Pro,66,12,1226,17.7,0
1577,539,2024-03-21,Pro,29,14,3162,17.41,0
1578,539,2024-03-28,Pro,36,5,1450,5.43,0
1579,539,2024-04-04,Pro,22,9,3577,12.46,0
1580,539,2024-04-11,Pro,32,6,4796,9.91,0
1581,539,2024-04-18,Pro,22,4,4907,15.74,0
1582,539,2024-04-25,Pro,51,3,4320,19.36,0
1583,539,2024-05-02,Pro,14,3,2437,3.49,0
1584,539,2024-05-09,Pro,31,10,2203,18.2,0
1585,539,2024-05-16,Pro,36,3,2606,6.76,0
1586,539,2024-05-23,Pro,16,8,1579,18.89,0
1587,539,2024-05-30,Pro,23,7,2883,3.29,0
1588,539,2024-06-06,Pro,41,14,3087,6.46,0
1589,539,2024-06-13,Pro,37,12,4019,20.11,0
1590,539,2024-06-20,Pro,47,5,4408,12.77,0
1591,539,2024-06-27,Pro,21,12,4343,17.39,0
1592,539,2024-07-04,Pro,45,7,941,13.8,0
1593,539,2024-07-11,Pro,22,4,2183,14.13,0
1594,539,2024-07-18,Pro,40,14,2149,6.29,0
1595,539,2024-07-25,Pro,50,3,568,6.24,0
1596,539,2024-08-01,Pro,29,10,4176,7.27,0
1597,539,2024-08-08,Pro,29,3,1136,13.96,0
1598,539,2024-08-15,Pro,23,16,2256,13.76,0
1599,539,2024-08-22,Pro,59,15,4472,14.29,0
1600,539,2024-08-29,Pro,24,5,3273,17.72,0
1601,539,2024-09-05,Pro,46,3,1492,15.0,0
1602,539,2024-09-12,Pro,51,9,2941,19.52,0
1603,539,2024-09-19,Pro,20,12,3531,15.92,0
1604,539,2024-09-26,Pro,41,8,1729,14.07,0
1605,539,2024-10-03,Pro,61,13,4310,18.03,0
1606,539,2024-10-10,Pro,36,6,3819,10.66,0
1607,539,2024-10-17,Pro,37,12,2140,11.12,0
1608,539,2024-10-24,Pro,45,14,869,19.54,0
1609,539,2024-10-31,Pro,34,4,1237,12.27,0
1610,539,2024-11-07,Pro,15,11,2636,18.48,0
1611,539,2024-11-14,Pro,54,4,4072,2.89,0
1612,539,2024-11-21,Pro,27,13,2170,4.01,0
1613,539,2024-11-28,Pro,14,11,3335,3.85,0
1614,539,2024-12-05,Pro,49,15,2912,4.49,0
1615,539,2024-12-12,Pro,42,5,2284,17.67,0
1616,539,2024-12-19,Pro,22,13,638,13.42,0
1617,539,2024-12-26,Pro,51,6,4261,17.57,0
1618,548,2023-12-02,Enterprise,183,116,21418,105.65,1
1619,548,2023-12-09,Enterprise,126,34,53262,77.01,1
1620,548,2023-12-16,Enterprise,70,68,41722,213.06,1
1621,548,2023-12-23,Enterprise,68,34,2423,501.87,1
1622,548,2023-12-30,Enterprise,57,36,20093,320.26,1
1623,555,2024-12-03,Business,103,50,21554,86.09,0
1624,555,2024-12-10,Business,102,20,15254,71.24,0
1625,555,2024-12-17,Business,109,26,4612,68.08,0
1626,555,2024-12-24,Business,158,26,16607,82.98,0
1627,555,2024-12-31,Business,132,35,9725,13.11,0
1628,559,2023-12-04,Pro,16,10,656,2.41,1
1629,559,2023-12-11,Pro,16,4,1055,8.44,1
1630,559,2023-12-18,Pro,11,5,733,14.86,1
1631,559,2023-12-25,Pro,8,2,367,6.32,1
1632,559,2024-01-01,Pro,4,2,188,14.61,1
1633,561,2024-09-05,Business,32,16,7692,54.29,1
1634,561,2024-09-12,Business,69,17,7848,34.79,1
1635,561,2024-09-19,Business,21,11,1256,19.82,1
1636,561,2024-09-26,Business,11,5,3203,18.6,1
1637,561,2024-10-03,Business,9,9,1446,18.43,1
1638,564,2024-12-06,Starter,14,3,924,1.26,0
1639,564,2024-12-13,Starter,14,1,613,2.59,0
1640,564,2024-12-20,Starter,16,2,432,2.49,0
1641,564,2024-12-27,Starter,15,4,479,0.78,0
1642,565,2024-12-06,Business,54,37,2063,65.41,0
1643,565,2024-12-13,Business,55,21,15082,92.26,0
1644,565,2024-12-20,Business,133,11,3984,55.73,0
1645,565,2024-12-27,Business,63,35,8424,39.28,0
1646,572,2022-12-08,Business,161,23,6025,93.25,0
1647,572,2022-12-15,Business,93,11,19056,15.32,0
1648,572,2022-12-22,Business,122,30,2958,81.93,0
1649,572,2022-12-29,Business,117,21,9027,81.19,0
1650,572,2023-01-05,Business,106,14,18852,17.99,0
1651,572,2024-12-08,Enterprise,239,39,26754,370.4,0
1652,572,2024-12-15,Enterprise,269,86,89166,67.24,0
1653,572,2024-12-22,Enterprise,79,140,91945,210.58,0
1654,572,2024-12-29,Enterprise,75,122,84166,252.14,0
1655,573,2022-12-08,Business,99,41,8477,82.34,0
1656,573,2022-12-15,Business,123,28,15734,40.73,0
1657,573,2022-12-22,Business,89,11,18603,18.2,0
1658,573,2022-12-29,Business,44,12,12229,58.71,0
1659,573,2023-01-05,Business,106,25,8868,83.68,0
1660,573,2024-02-08,Enterprise,275,89,47911,331.28,0
1661,573,2024-02-15,Enterprise,337,35,41959,376.77,0
1662,573,2024-02-22,Enterprise,436,124,87922,448.3,0
1663,573,2024-02-29,Enterprise,280,152,94577,244.48,0
1664,573,2024-03-07,Enterprise,526,77,63763,366.49,0
1665,573,2024-07-08,Business,41,21,20390,13.71,0
1666,573,2024-07-15,Business,123,24,9916,18.73,0
1667,573,2024-07-22,Business,152,40,7081,73.55,0
1668,573,2024-07-29,Business,126,17,5174,42.66,0
1669,573,2024-08-05,Business,60,23,2697,21.28,0
1670,573,2024-12-08,Enterprise,90,56,19622,227.72,0
1671,573,2024-12-15,Enterprise,151,109,47428,467.5,0
1672,573,2024-12-22,Enterprise,292,204,81345,262.5,0
1673,573,2024-12-29,Enterprise,97,152,39639,273.86,0
1674,580,2023-05-09,Starter,6,2,550,2.06,1
1675,580,2023-05-16,Starter,7,1,237,2.64,1
1676,580,2023-05-23,Starter,2,1,137,2.04,1
1677,580,2023-05-30,Starter,2,1,54,3.13,1
1678,580,2023-06-06,Starter,2,1,149,2.78,1
1679,586,2022-10-11,Enterprise,310,32,54364,453.56,0
1680,586,2022-10-18,Enterprise,198,95,88945,328.77,0
1681,586,2022-10-25,Enterprise,253,59,19578,74.12,0
1682,586,2022-11-01,Enterprise,494,78,87475,295.94,0
1683,586,2022-11-08,Enterprise,140,189,43562,465.54,0
1684,586,2022-11-11,Business,99,31,9480,94.01,0
1685,586,2022-11-18,Business,43,21,19191,78.23,0
1686,586,2022-11-25,Business,73,39,7600,51.24,0
1687,586,2022-12-02,Business,103,12,20331,24.84,0
1688,586,2022-12-09,Business,79,24,17333,17.55,0
1689,586,2023-03-11,Business,35,20,8670,68.94,0
1690,586,2023-03-18,Business,52,35,16369,22.14,0
1691,586,2023-03-25,Business,61,42,6963,48.39,0
1692,586,2023-04-01,Business,80,29,9510,9.69,0
1693,586,2023-04-08,Business,72,29,14897,37.77,0
1694,586,2023-04-15,Business,75,49,15049,52.18,0
1695,586,2023-04-22,Business,71,12,2325,79.13,0
1696,586,2023-04-29,Business,42,34,17971,45.04,0
1697,586,2023-05-06,Business,80,17,22002,29.52,0
1698,586,2023-05-13,Business,100,34,12197,34.54,0
1699,586,2023-05-20,Business,43,38,10846,58.84,0
1700,586,2023-05-27,Business,74,18,2363,14.93,0
1701,586,2023-06-03,Business,75,9,10605,31.62,0
1702,586,2023-06-10,Business,65,18,16154,45.19,0
1703,586,2023-06-17,Business,61,25,15967,53.52,0
1704,586,2023-06-24,Business,74,31,13928,99.54,0
1705,586,2023-07-01,Business,38,27,17222,14.48,0
1706,586,2023-07-08,Business,57,23,18151,23.97,0
1707,586,2023-07-15,Business,37,42,15572,89.06,0
1708,586,2023-07-22,Business,45,40,4041,82.66,0
1709,586,2023-07-29,Business,31,14,10132,30.2,0
1710,586,2023-08-05,Business,41,9,4634,77.11,0
1711,586,2023-08-12,Business,76,34,10689,78.29,0
1712,586,2023-08-19,Business,31,14,2232,43.22,0
1713,586,2023-08-26,Business,30,32,16182,98.35,0
1714,586,2023-09-02,Business,78,32,13045,29.64,0
1715,586,2023-09-09,Business,113,19,7505,20.18,0
1716,586,2023-09-16,Business,37,10,5663,35.01,0
1717,586,2023-09-23,Business,72,35,18748,57.42,0
1718,586,2023-09-30,Business,25,21,18784,48.44,0
1719,586,2023-10-07,Business,50,45,2205,100.0,0
1720,586,2023-10-14,Business,55,16,8088,17.21,0
1721,586,2023-10-21,Business,21,15,7824,55.17,0
1722,586,2023-10-28,Business,51,29,9258,17.26,0
1723,586,2023-11-04,Business,30,48,4076,52.9,0
1724,586,2023-11-11,Business,72,35,5847,30.38,0
1725,586,2023-11-18,Business,82,38,12048,79.32,0
1726,586,2023-11-25,Business,41,35,9985,80.56,0
1727,586,2023-12-02,Business,63,41,6080,81.42,0
1728,586,2023-12-09,Business,77,34,15810,30.74,0
1729,586,2023-12-16,Business,106,39,14668,32.36,0
1730,586,2023-12-23,Business,67,28,2378,11.13,0
1731,586,2023-12-30,Business,29,33,9442,81.59,0
1732,586,2024-01-06,Business,69,52,21571,56.43,0
1733,586,2024-01-13,Business,42,30,2219,49.4,0
1734,586,2024-01-20,Business,71,10,17269,59.24,0
1735,586,2024-01-27,Business,99,36,10289,16.53,0
1736,586,2024-02-03,Business,73,33,14829,42.63,0
1737,586,2024-02-10,Business,90,11,9379,28.75,0
1738,586,2024-02-17,Business,91,19,15262,82.28,0
1739,586,2024-02-24,Business,108,46,6446,79.62,0
1740,586,2024-03-02,Business,55,15,5497,90.03,0
1741,586,2024-03-09,Business,77,44,5042,31.06,0
1742,586,2024-03-16,Business,25,32,10548,93.79,0
1743,586,2024-03-23,Business,53,25,9358,16.53,0
1744,586,2024-03-30,Business,51,16,17118,72.95,0
1745,586,2024-04-06,Business,71,39,4039,13.33,0
1746,586,2024-04-13,Business,97,49,9473,59.67,0
1747,586,2024-04-20,Business,101,44,3909,70.56,0
1748,586,2024-04-27,Business,57,34,15628,46.6,0
1749,586,2024-05-04,Business,66,36,13865,19.27,0
1750,586,2024-05-11,Business,59,46,7930,38.81,0
1751,586,2024-05-18,Business,97,40,12491,11.78,0
1752,586,2024-05-25,Business,73,35,13378,10.14,0
1753,586,2024-06-01,Business,31,28,19137,38.78,0
1754,586,2024-06-08,Business,59,38,12301,81.84,0
1755,586,2024-06-15,Business,57,27,3589,27.0,0
1756,586,2024-06-22,Business,31,26,14559,21.99,0
1757,586,2024-06-29,Business,33,24,17960,76.23,0
1758,586,2024-07-06,Business,65,19,15155,61.49,0
1759,586,2024-07-13,Business,39,42,6239,58.65,0
1760,586,2024-07-20,Business,42,32,6470,58.58,0
1761,586,2024-07-27,Business,99,31,12793,20.52,0
1762,586,2024-08-03,Business,69,18,17956,42.46,0
1763,586,2024-08-10,Business,35,17,16211,21.75,0
1764,586,2024-08-17,Business,81,12,12624,15.51,0
1765,586,2024-08-24,Business,71,26,12227,34.88,0
1766,586,2024-08-31,Business,29,12,2110,83.31,0
1767,586,2024-09-07,Business,30,21,15306,52.28,0
1768,586,2024-09-14,Business,25,16,12341,87.3,0
1769,586,2024-09-21,Business,65,10,8703,64.86,0
1770,586,2024-09-28,Business,32,16,18776,79.33,0
1771,586,2024-10-05,Business,85,17,20607,72.51,0
1772,586,2024-10-12,Business,55,21,7396,22.64,0
1773,586,2024-10-19,Business,74,12,15732,9.9,0
1774,586,2024-10-26,Business,38,35,3658,91.44,0
1775,586,2024-11-02,Business,72,29,6030,92.42,0
1776,586,2024-11-09,Business,82,40,18168,43.0,0
1777,586,2024-11-16,Business,55,27,8891,50.84,0
1778,586,2024-11-23,Business,82,30,13497,85.96,0
1779,586,2024-11-30,Business,72,18,20535,49.41,0
1780,586,2024-12-07,Business,84,52,13658,78.01,0
1781,586,2024-12-14,Business,107,25,2489,10.13,0
1782,586,2024-12-21,Business,61,17,2878,88.74,0
1783,586,2024-12-28,Business,76,19,9876,51.15,0
1784,590,2022-09-12,Business,76,36,6676,10.97,0
1785,590,2022-09-19,Business,41,13,12146,27.98,0
1786,590,2022-09-26,Business,129,21,7899,67.05,0
1787,590,2022-10-03,Business,117,15,2120,45.76,0
1788,590,2022-10-10,Business,104,41,21143,83.54,0
1789,590,2022-11-12,Pro,21,10,1041,13.14,1
1790,590,2022-11-19,Pro,5,6,2247,18.35,1
1791,590,2022-11-26,Pro,15,4,459,19.41,1
1792,590,2022-12-03,Pro,2,2,346,18.76,1
1793,590,2022-12-10,Pro,2,2,538,11.32,1
1794,599,2023-10-14,Pro,20,6,2223,7.6,1
1795,599,2023-10-21,Pro,6,2,741,6.49,1
1796,599,2023-10-28,Pro,9,2,1323,19.41,1
1797,599,2023-11-04,Pro,2,3,699,4.91,1
1798,599,2023-11-11,Pro,3,3,821,6.09,1
1799,601,2022-09-14,Pro,18,9,2310,16.81,0
1800,601,2022-09-21,Pro,19,11,4711,20.55,0
1801,601,2022-09-28,Pro,20,3,3430,7.98,0
1802,601,2022-10-05,Pro,17,14,2182,8.44,0
1803,601,2022-10-12,Pro,36,11,4698,17.25,0
1804,601,2023-02-14,Starter,8,1,643,1.84,0
1805,601,2023-02-21,Starter,10,5,709,2.28,0
1806,601,2023-02-28,Starter,16,2,288,3.88,0
1807,601,2023-03-07,Starter,11,3,540,1.59,0
1808,601,2023-03-14,Starter,10,2,355,2.47,0
1809,601,2023-12-14,Pro,41,10,3351,2.57,1
1810,601,2023-12-21,Pro,21,8,853,8.55,1
1811,601,2023-12-28,Pro,8,2,2130,20.25,1
1812,601,2024-01-04,Pro,8,1,349,17.75,1
1813,601,2024-01-11,Pro,10,1,847,3.19,1
1814,602,2024-11-14,Pro,44,5,469,16.34,1
1815,602,2024-11-21,Pro,17,7,2108,12.98,1
1816,602,2024-11-28,Pro,8,1,1087,2.68,1
1817,602,2024-12-05,Pro,8,1,825,4.38,1
1818,602,2024-12-12,Pro,11,1,269,16.21,1
1819,603,2023-01-17,Pro,42,7,2801,12.58,0
1820,603,2023-01-24,Pro,24,6,3939,11.37,0
1821,603,2023-01-31,Pro,68,3,1134,10.72,0
1822,603,2023-02-07,Pro,31,4,4064,11.45,0
1823,603,2023-02-14,Pro,59,7,468,3.23,0
1824,603,2024-05-17,Business,85,11,9996,75.47,0
1825,603,2024-05-24,Business,109,37,18139,36.89,0
1826,603,2024-05-31,Business,95,44,3161,10.72,0
1827,603,2024-06-07,Business,130,13,9188,41.71,0
1828,603,2024-06-14,Business,89,22,2449,36.96,0
1829,603,2024-12-17,Enterprise,354,165,95802,64.72,0
1830,603,2024-12-24,Enterprise,349,76,73376,207.25,0
1831,603,2024-12-31,Enterprise,449,86,111827,479.2,0
1832,606,2022-12-17,Pro,27,7,1855,12.44,0
1833,606,2022-12-24,Pro,19,15,1455,9.15,0
1834,606,2022-12-31,Pro,19,3,901,16.73,0
1835,606,2023-01-07,Pro,10,7,1924,12.91,0
1836,606,2023-01-14,Pro,24,6,2101,3.07,0
1837,606,2024-12-17,Business,118,38,14608,64.23,0
1838,606,2024-12-24,Business,89,22,12441,97.6,0
1839,606,2024-12-31,Business,134,25,5055,13.54,0
1840,607,2023-06-18,Enterprise,113,79,40150,484.49,1
1841,607,2023-06-25,Enterprise,82,111,14606,212.12,1
1842,607,2023-07-02,Enterprise,69,30,29078,317.61,1
1843,607,2023-07-09,Enterprise,65,30,23886,114.81,1
1844,607,2023-07-16,Enterprise,31,25,15959,90.95,1
1845,609,2022-08-18,Pro,13,6,1218,7.21,1
1846,609,2022-08-25,Pro,21,7,1121,10.65,1
1847,609,2022-09-01,Pro,13,4,2001,19.55,1
1848,609,2022-09-08,Pro,14,2,139,10.96,1
1849,609,2022-09-15,Pro,6,2,878,4.07,1
1850,610,2022-12-19,Starter,9,1,705,4.25,1
1851,610,2022-12-26,Starter,10,1,83,4.21,1
1852,610,2023-01-02,Starter,6,2,182,3.52,1
1853,610,2023-01-09,Starter,3,1,229,2.02,1
1854,610,2023-01-16,Starter,1,1,136,4.62,1
1855,612,2024-12-19,Business,47,17,7544,47.8,0
1856,612,2024-12-26,Business,78,10,6741,81.67,0
1857,613,2023-01-19,Starter,6,3,319,1.25,1
1858,613,2023-01-26,Starter,4,1,259,1.79,1
1859,613,2023-02-02,Starter,2,1,345,0.74,1
1860,613,2023-02-09,Starter,3,1,132,3.25,1
1861,613,2023-02-16,Starter,1,1,71,1.74,1
1862,618,2022-09-22,Starter,12,4,437,4.79,0
1863,618,2022-09-29,Starter,13,1,239,2.34,0
1864,618,2022-10-06,Starter,10,4,479,2.05,0
1865,618,2022-10-13,Starter,10,4,126,2.99,0
1866,618,2022-10-20,Starter,12,2,903,2.52,0
1867,618,2024-02-22,Pro,39,7,2981,5.5,1
1868,618,2024-02-29,Pro,23,6,1416,5.34,1
1869,618,2024-03-07,Pro,9,3,631,9.91,1
1870,618,2024-03-14,Pro,3,2,626,5.15,1
1871,618,2024-03-21,Pro,8,2,626,8.13,1
1872,619,2023-04-22,Enterprise,241,82,38007,256.75,0
1873,619,2023-04-29,Enterprise,302,56,64644,169.66,0
1874,619,2023-05-06,Enterprise,374,195,62096,131.0,0
1875,619,2023-05-13,Enterprise,102,80,27314,222.52,0
1876,619,2023-05-20,Enterprise,180,114,24774,373.84,0
1877,619,2024-12-22,Business,69,46,13396,60.02,0
1878,619,2024-12-29,Business,32,39,15398,72.14,0
1879,623,2023-11-23,Enterprise,301,151,62389,64.29,0
1880,623,2023-11-30,Enterprise,153,187,50405,439.05,0
1881,623,2023-12-07,Enterprise,225,97,71470,351.18,0
1882,623,2023-12-14,Enterprise,171,148,94157,472.36,0
1883,623,2023-12-21,Enterprise,539,32,15272,78.97,0
1884,623,2024-01-23,Business,95,24,10204,63.22,0
1885,623,2024-01-30,Business,109,18,13914,101.02,0
1886,623,2024-02-06,Business,72,18,9357,92.21,0
1887,623,2024-02-13,Business,121,14,17639,61.15,0
1888,623,2024-02-20,Business,51,26,7169,57.25,0
1889,623,2024-06-23,Enterprise,249,91,29985,158.71,0
1890,623,2024-06-30,Enterprise,143,144,47464,393.9,0
1891,623,2024-07-07,Enterprise,200,213,92283,365.61,0
1892,623,2024-07-14,Enterprise,192,38,91332,164.08,0
1893,623,2024-07-21,Enterprise,262,112,42426,287.58,0
1894,623,2024-12-23,Business,120,40,12180,52.68,0
1895,623,2024-12-30,Business,70,37,4933,23.18,0
1896,625,2024-12-24,Business,107,32,7915,45.49,0
1897,625,2024-12-31,Business,63,14,12147,29.54,0
1898,626,2023-02-24,Pro,37,3,1072,3.2,0
1899,626,2023-03-03,Pro,56,3,3746,9.24,0
1900,626,2023-03-10,Pro,32,2,4245,11.22,0
1901,626,2023-03-17,Pro,57,6,1997,4.37,0
1902,626,2023-03-24,Pro,20,15,3158,9.36,0
1903,626,2024-12-24,Business,53,37,8688,86.94,0
1904,626,2024-12-31,Business,75,17,11794,14.3,0
1905,630,2022-10-25,Enterprise,204,107,66305,238.76,1
1906,630,2022-11-01,Enterprise,124,88,15651,235.94,1
1907,630,2022-11-08,Enterprise,181,48,16823,310.06,1
1908,630,2022-11-15,Enterprise,89,9,22744,309.14,1
1909,630,2022-11-22,Enterprise,91,17,4147,436.87,1
1910,632,2022-11-25,Pro,45,14,610,8.38,0
1911,632,2022-12-02,Pro,39,11,4489,7.11,0
1912,632,2022-12-09,Pro,51,3,3231,7.86,0
1913,632,2022-12-16,Pro,20,8,1049,16.16,0
1914,632,2022-12-23,Pro,56,7,1865,6.69,0
1915,632,2023-07-25,Business,108,17,18007,83.82,0
1916,632,2023-08-01,Business,110,19,17220,37.51,0
1917,632,2023-08-08,Business,72,11,9857,63.55,0
1918,632,2023-08-15,Business,90,37,2043,98.96,0
1919,632,2023-08-22,Business,118,14,8982,19.55,0
1920,632,2024-12-25,Enterprise,342,157,74254,358.45,0
1921,633,2022-10-25,Starter,11,3,673,2.92,1
1922,633,2022-11-01,Starter,10,1,143,1.45,1
1923,633,2022-11-08,Starter,2,1,75,3.49,1
1924,633,2022-11-15,Starter,2,1,109,1.96,1
1925,633,2022-11-22,Starter,1,1,154,1.33,1
1926,636,2022-11-25,Starter,20,1,1029,3.45,0
1927,636,2022-12-02,Starter,18,3,432,4.31,0
1928,636,2022-12-09,Starter,10,2,1036,1.46,0
1929,636,2022-12-16,Starter,11,2,936,3.22,0
1930,636,2022-12-23,Starter,11,3,870,3.12,0
1931,636,2024-12-25,Pro,16,3,586,9.62,0
1932,637,2024-12-26,Pro,33,13,2143,13.09,0
1933,644,2024-06-28,Starter,11,2,378,1.03,1
1934,644,2024-07-05,Starter,10,1,217,3.18,1
1935,644,2024-07-12,Starter,6,1,53,3.95,1
1936,644,2024-07-19,Starter,1,1,139,1.6,1
1937,644,2024-07-26,Starter,2,1,104,4.65,1
1938,645,2022-11-28,Starter,16,3,625,0.58,0
1939,645,2022-12-05,Starter,9,3,483,2.12,0
1940,645,2022-12-12,Starter,14,1,803,4.19,0
1941,645,2022-12-19,Starter,11,1,227,1.18,0
1942,645,2022-12-26,Starter,12,3,841,3.81,0
1943,645,2024-12-28,Pro,4,1,266,12.78,1
1944,646,2023-08-28,Pro,34,8,1312,14.44,0
1945,646,2023-09-04,Pro,39,14,4049,4.05,0
1946,646,2023-09-11,Pro,21,6,5455,4.29,0
1947,646,2023-09-18,Pro,41,3,4260,4.3,1
1948,646,2023-09-25,Pro,29,4,3834,8.16,1
1949,646,2023-09-28,Business,68,33,1562,80.91,1
1950,646,2023-10-05,Business,36,19,7664,66.21,1
1951,646,2023-10-12,Business,28,8,2184,11.77,1
1952,646,2023-10-19,Business,19,10,2514,76.06,1
1953,646,2023-10-26,Business,25,3,1238,17.17,1
1954,650,2022-08-30,Starter,7,4,522,2.88,1
1955,650,2022-09-06,Starter,12,1,453,3.97,1
1956,650,2022-09-13,Starter,2,1,229,1.06,1
1957,650,2022-09-20,Starter,2,1,142,2.84,1
1958,650,2022-09-27,Starter,1,1,182,3.65,1
1959,652,2024-06-28,Business,25,7,7540,38.02,1
1960,652,2024-07-05,Business,60,17,8147,16.35,1
1961,652,2024-07-12,Business,38,12,2584,40.89,1
1962,652,2024-07-19,Business,16,10,3544,78.24,1
1963,652,2024-07-26,Business,29,5,3530,60.29,1
1964,656,2023-02-01,Enterprise,113,129,13094,301.49,0
1965,656,2023-02-08,Enterprise,433,68,76397,284.17,0
1966,656,2023-02-15,Enterprise,336,108,41803,421.12,0
1967,656,2023-02-22,Enterprise,275,131,46977,400.69,0
1968,656,2023-03-01,Enterprise,343,99,39196,86.8,0
1969,656,2023-05-01,Business,128,15,9106,79.52,1
1970,656,2023-05-08,Business,45,10,6832,24.78,1
1971,656,2023-05-15,Business,55,16,2193,54.08,1
1972,656,2023-05-22,Business,21,8,3267,25.35,1
1973,656,2023-05-29,Business,17,2,3911,60.42,1
1974,659,2024-10-02,Pro,20,8,1067,17.06,1
1975,659,2024-10-09,Pro,19,1,1567,19.16,1
1976,659,2024-10-16,Pro,25,5,1556,10.49,1
1977,659,2024-10-23,Pro,12,1,828,10.64,1
1978,659,2024-10-30,Pro,9,1,1106,7.01,1
1979,660,2024-12-02,Business,75,24,9958,16.51,0
1980,660,2024-12-09,Business,114,32,2767,46.26,0
1981,660,2024-12-16,Business,100,21,12706,63.88,0
1982,660,2024-12-23,Business,83,35,7667,38.91,0
1983,660,2024-12-30,Business,35,23,19203,16.64,0
1984,662,2024-11-03,Business,20,22,7837,41.9,1
1985,662,2024-11-10,Business,36,8,4285,16.56,1
1986,662,2024-11-17,Business,20,5,4107,60.42,1
1987,662,2024-11-24,Business,8,7,655,67.54,1
1988,662,2024-12-01,Business,12,4,380,73.58,1
1989,666,2024-03-03,Pro,22,5,4332,19.39,0
1990,666,2024-03-10,Pro,37,5,2508,19.01,0
1991,666,2024-03-17,Pro,29,3,2511,8.25,0
1992,666,2024-03-24,Pro,19,12,3778,3.95,0
1993,666,2024-03-31,Pro,21,5,1810,9.46,0
1994,666,2024-12-03,Starter,7,1,946,3.51,0
1995,666,2024-12-10,Starter,18,3,789,4.31,0
1996,666,2024-12-17,Starter,18,4,716,2.42,0
1997,666,2024-12-24,Starter,22,2,206,2.75,0
1998,666,2024-12-31,Starter,13,3,622,5.01,0
1999,671,2023-05-05,Pro,29,3,3138,11.53,0
2000,671,2023-05-12,Pro,21,9,3626,9.7,0
2001,671,2023-05-19,Pro,33,11,2055,6.22,0
2002,671,2023-05-26,Pro,37,3,3876,2.16,0
2003,671,2023-06-02,Pro,34,12,845,10.89,0
2004,671,2023-11-05,Starter,4,1,97,2.55,1
2005,671,2023-11-12,Starter,6,1,68,1.6,1
2006,671,2023-11-19,Starter,4,1,322,2.73,1
2007,671,2023-11-26,Starter,0,1,102,1.44,1
2008,671,2023-12-03,Starter,2,1,120,0.96,1
2009,675,2022-12-05,Starter,8,2,781,2.74,0
2010,675,2022-12-12,Starter,11,2,248,4.24,0
2011,675,2022-12-19,Starter,11,4,470,1.39,0
2012,675,2022-12-26,Starter,13,1,629,3.23,0
2013,675,2023-01-02,Starter,5,4,569,1.2,0
2014,675,2023-04-05,Pro,23,8,369,18.82,1
2015,675,2023-04-12,Pro,22,5,2064,7.54,1
2016,675,2023-04-19,Pro,13,1,713,11.88,1
2017,675,2023-04-26,Pro,13,1,926,8.05,1
2018,675,2023-05-03,Pro,7,1,311,9.06,1
2019,678,2023-07-06,Business,83,36,4566,14.45,1
2020,678,2023-07-13,Business,65,6,3669,100.22,1
2021,678,2023-07-20,Business,53,16,3897,77.97,1
2022,678,2023-07-27,Business,41,10,3513,11.97,1
2023,678,2023-08-03,Business,20,5,2562,49.78,1
2024,680,2024-06-06,Enterprise,386,116,74885,317.99,0
2025,680,2024-06-13,Enterprise,90,92,72188,152.57,0
2026,680,2024-06-20,Enterprise,228,81,87415,124.56,0
2027,680,2024-06-27,Enterprise,306,43,24259,140.42,0
2028,680,2024-07-04,Enterprise,228,124,90977,366.33,0
2029,680,2024-12-06,Business,106,13,14091,20.01,0
2030,680,2024-12-13,Business,94,25,5356,84.8,0
2031,680,2024-12-20,Business,108,20,2793,60.46,0
2032,680,2024-12-27,Business,144,36,5028,57.62,0
2033,681,2023-04-06,Starter,9,2,210,2.38,0
2034,681,2023-04-13,Starter,9,1,813,1.74,0
2035,681,2023-04-20,Starter,14,4,703,4.35,0
2036,681,2023-04-27,Starter,11,4,197,2.06,0
2037,681,2023-05-04,Starter,11,1,161,2.94,0
2038,681,2024-12-06,Pro,13,8,4928,7.34,0
2039,681,2024-12-13,Pro,14,10,4883,13.23,0
2040,681,2024-12-20,Pro,57,5,2835,16.62,0
2041,681,2024-12-27,Pro,31,4,2449,18.08,0
2042,683,2023-09-07,Pro,48,4,789,4.66,0
2043,683,2023-09-14,Pro,33,6,1998,15.2,0
2044,683,2023-09-21,Pro,48,4,2011,7.28,0
2045,683,2023-09-28,Pro,28,11,3884,10.88,0
2046,683,2023-10-05,Pro,53,13,3640,13.57,0
2047,683,2024-12-07,Business,64,49,15806,14.91,0
2048,683,2024-12-14,Business,49,21,14714,47.66,0
2049,683,2024-12-21,Business,58,35,4987,35.15,0
2050,683,2024-12-28,Business,94,32,18860,44.14,0
2051,689,2024-09-08,Pro,22,12,4895,17.38,0
2052,689,2024-09-15,Pro,27,14,3364,11.91,0
2053,689,2024-09-22,Pro,31,11,3258,13.77,0
2054,689,2024-09-29,Pro,28,14,3191,3.39,0
2055,689,2024-10-06,Pro,29,9,2596,8.07,0
2056,689,2024-12-08,Business,55,50,20842,76.39,0
2057,689,2024-12-15,Business,63,25,14506,76.46,0
2058,689,2024-12-22,Business,78,53,3562,33.66,0
2059,689,2024-12-29,Business,34,22,18848,86.23,0
2060,691,2023-01-08,Enterprise,132,66,36557,77.38,0
2061,691,2023-01-15,Enterprise,266,214,14132,349.46,0
2062,691,2023-01-22,Enterprise,110,166,70406,117.73,0
2063,691,2023-01-29,Enterprise,267,167,63193,223.29,0
2064,691,2023-02-05,Enterprise,271,162,27212,388.69,0
2065,691,2024-07-08,Business,93,19,6443,77.24,1
2066,691,2024-07-15,Business,53,9,6145,11.85,1
2067,691,2024-07-22,Business,47,9,6120,96.78,1
2068,691,2024-07-29,Business,25,6,2605,26.25,1
2069,691,2024-08-05,Business,22,10,496,55.33,1
2070,694,2022-10-09,Pro,11,6,813,3.63,1
2071,694,2022-10-16,Pro,16,2,437,9.45,1
2072,694,2022-10-23,Pro,4,4,702,7.92,1
2073,694,2022-10-30,Pro,5,2,620,15.27,1
2074,694,2022-11-06,Pro,7,1,425,14.89,1
2075,705,2024-12-11,Business,94,36,7176,24.59,0
2076,705,2024-12-18,Business,130,37,7031,51.35,0
2077,705,2024-12-25,Business,38,12,14137,47.12,0
2078,707,2022-10-11,Starter,16,4,270,1.2,0
2079,707,2022-10-18,Starter,20,2,259,3.98,0
2080,707,2022-10-25,Starter,13,3,635,3.66,0
2081,707,2022-11-01,Starter,13,4,308,4.82,0
2082,707,2022-11-08,Starter,7,4,585,1.27,0
2083,707,2023-05-11,Pro,69,15,3522,10.99,0
2084,707,2023-05-18,Pro,13,3,1739,11.84,0
2085,707,2023-05-25,Pro,52,7,4243,8.18,0
2086,707,2023-06-01,Pro,38,3,1981,12.93,0
2087,707,2023-06-08,Pro,25,13,4242,12.01,0
2088,707,2023-07-11,Starter,15,4,358,1.44,0
2089,707,2023-07-18,Starter,5,2,949,2.96,0
2090,707,2023-07-25,Starter,18,4,392,4.28,0
2091,707,2023-08-01,Starter,8,5,852,4.41,0
2092,707,2023-08-08,Starter,10,5,755,4.9,0
2093,707,2024-01-11,Pro,39,7,1953,10.44,0
2094,707,2024-01-18,Pro,59,10,3818,10.62,0
2095,707,2024-01-25,Pro,51,12,2963,13.83,0
2096,707,2024-02-01,Pro,57,14,1215,11.13,0
2097,707,2024-02-08,Pro,26,6,2990,6.15,0
2098,707,2024-12-11,Business,38,21,18099,40.03,0
2099,707,2024-12-18,Business,48,29,8247,31.88,0
2100,707,2024-12-25,Business,136,43,12823,97.25,0
2101,717,2023-02-14,Starter,4,2,67,1.57,1
2102,717,2023-02-21,Starter,3,1,441,2.04,1
2103,717,2023-02-28,Starter,2,1,232,3.1,1
2104,717,2023-03-07,Starter,1,1,43,1.01,1
2105,717,2023-03-14,Starter,16,1,490,4.08,0
2106,720,2023-07-16,Business,53,29,5676,36.09,0
2107,720,2023-07-23,Business,89,30,12604,82.33,0
2108,720,2023-07-30,Business,64,32,11891,62.31,0
2109,720,2023-08-06,Business,67,29,12643,43.87,0
2110,720,2023-08-13,Business,69,46,12826,45.63,0
2111,720,2023-12-16,Business,70,32,14602,20.66,0
2112,720,2023-12-23,Business,98,37,18063,70.69,0
2113,720,2023-12-30,Business,65,15,2053,67.72,0
2114,720,2024-01-06,Business,32,38,8182,77.79,0
2115,720,2024-01-13,Business,100,20,9630,35.42,0
2116,720,2024-01-20,Business,63,18,3845,32.29,0
2117,720,2024-01-27,Business,31,48,12035,39.59,0
2118,720,2024-02-03,Business,60,33,2735,92.41,0
2119,720,2024-02-10,Business,81,49,2357,32.69,0
2120,720,2024-02-17,Business,32,40,19949,93.65,0
2121,720,2024-02-24,Business,33,17,11297,98.97,0
2122,720,2024-03-02,Business,85,30,10685,36.09,0
2123,720,2024-03-09,Business,104,14,10560,40.11,0
2124,720,2024-03-16,Business,55,14,10951,72.27,0
2125,720,2024-03-23,Business,108,30,11767,81.27,0
2126,720,2024-03-30,Business,81,21,3420,32.86,0
2127,720,2024-04-06,Business,76,32,3319,44.5,0
2128,720,2024-04-13,Business,84,45,16798,86.64,0
2129,720,2024-04-20,Business,37,20,6619,57.15,0
2130,720,2024-04-27,Business,35,38,2817,79.62,0
2131,720,2024-05-04,Business,68,50,14952,78.08,0
2132,720,2024-05-11,Business,40,39,3982,72.36,0
2133,720,2024-05-18,Business,42,34,20874,85.03,0
2134,720,2024-05-25,Business,46,23,3189,64.92,0
2135,720,2024-06-01,Business,77,44,11478,68.16,0
2136,720,2024-06-08,Business,71,44,13192,28.46,0
2137,720,2024-06-15,Business,28,48,16071,35.27,0
2138,720,2024-06-22,Business,90,26,7691,51.7,0
2139,720,2024-06-29,Business,89,16,3342,57.3,0
2140,720,2024-07-06,Business,34,45,4173,96.65,0
2141,720,2024-07-13,Business,71,26,10607,48.19,0
2142,720,2024-07-20,Business,24,43,18222,87.15,0
2143,720,2024-07-27,Business,79,44,14068,32.12,0
2144,720,2024-08-03,Business,66,46,6036,23.1,0
2145,720,2024-08-10,Business,62,30,17226,67.18,0
2146,720,2024-08-17,Business,35,33,13501,79.27,0
2147,720,2024-08-24,Business,27,44,8152,63.57,0
2148,720,2024-08-31,Business,92,32,5846,46.78,0
2149,720,2024-09-07,Business,85,28,15311,53.1,0
2150,720,2024-09-14,Business,47,14,13506,100.63,0
2151,720,2024-09-21,Business,34,14,10850,31.29,0
2152,720,2024-09-28,Business,36,44,17950,41.28,0
2153,720,2024-10-05,Business,81,30,16849,98.34,0
2154,720,2024-10-12,Business,51,11,19162,30.85,0
2155,720,2024-10-19,Business,57,15,7941,36.35,0
2156,720,2024-10-26,Business,56,28,2293,77.21,0
2157,720,2024-11-02,Business,27,37,4336,29.57,0
2158,720,2024-11-09,Business,57,16,13503,73.5,0
2159,720,2024-11-16,Business,47,44,3083,81.09,0
2160,720,2024-11-23,Business,35,38,19002,76.14,0
2161,720,2024-11-30,Business,66,24,9883,56.63,0
2162,720,2024-12-07,Business,83,37,15894,65.12,0
2163,720,2024-12-14,Business,63,12,12437,29.23,0
2164,720,2024-12-21,Business,86,37,18285,71.9,0
2165,720,2024-12-28,Business,67,38,14382,47.88,0
2166,729,2024-12-17,Enterprise,420,155,28720,252.05,0
2167,729,2024-12-24,Enterprise,431,173,101328,338.48,0
2168,729,2024-12-31,Enterprise,261,208,97766,388.96,0
2169,736,2023-09-19,Starter,17,3,360,2.57,0
2170,736,2023-09-26,Starter,7,1,833,3.58,0
2171,736,2023-10-03,Starter,10,4,315,1.0,0
2172,736,2023-10-10,Starter,19,2,916,2.3,0
2173,736,2023-10-17,Starter,13,4,116,4.18,0
2174,736,2024-03-19,Starter,16,3,501,4.55,0
2175,736,2024-03-26,Starter,21,4,183,2.97,0
2176,736,2024-04-02,Starter,6,3,349,3.53,0
2177,736,2024-04-09,Starter,14,2,663,4.51,0
2178,736,2024-04-16,Starter,9,3,839,2.72,0
2179,736,2024-04-23,Starter,8,1,993,3.97,0
2180,736,2024-04-30,Starter,16,3,160,1.09,0
2181,736,2024-05-07,Starter,9,3,440,1.2,0
2182,736,2024-05-14,Starter,19,2,686,3.84,0
2183,736,2024-05-21,Starter,18,2,815,1.08,0
2184,736,2024-05-28,Starter,10,1,788,2.32,0
2185,736,2024-06-04,Starter,22,1,720,2.19,0
2186,736,2024-06-11,Starter,8,4,1020,4.5,0
2187,736,2024-06-18,Starter,14,2,846,2.83,0
2188,736,2024-06-25,Starter,9,4,649,2.61,0
2189,736,2024-07-02,Starter,16,2,245,0.58,0
2190,736,2024-07-09,Starter,10,1,813,2.82,0
2191,736,2024-07-16,Starter,16,1,1075,0.69,0
2192,736,2024-07-23,Starter,4,5,501,1.76,0
2193,736,2024-07-30,Starter,14,2,253,0.78,0
2194,736,2024-08-06,Starter,6,1,524,2.07,0
2195,736,2024-08-13,Starter,9,2,858,2.76,0
2196,736,2024-08-20,Starter,14,1,239,2.61,0
2197,736,2024-08-27,Starter,11,2,175,2.17,0
2198,736,2024-09-03,Starter,21,1,612,2.69,0
2199,736,2024-09-10,Starter,6,1,827,4.16,0
2200,736,2024-09-17,Starter,23,3,751,3.14,0
2201,736,2024-09-24,Starter,23,2,327,4.06,0
2202,736,2024-10-01,Starter,13,2,303,1.04,0
2203,736,2024-10-08,Starter,15,4,345,4.8,0
2204,736,2024-10-15,Starter,8,2,463,3.96,0
2205,736,2024-10-22,Starter,20,1,211,0.87,0
2206,736,2024-10-29,Starter,5,3,478,3.53,0
2207,736,2024-11-05,Starter,14,2,303,4.08,0
2208,736,2024-11-12,Starter,21,2,355,1.28,0
2209,736,2024-11-19,Starter,16,2,776,0.67,0
2210,736,2024-11-26,Starter,11,1,461,1.55,0
2211,736,2024-12-03,Starter,7,4,484,4.32,0
2212,736,2024-12-10,Starter,14,3,925,3.45,0
2213,736,2024-12-17,Starter,11,2,855,3.69,0
2214,736,2024-12-24,Starter,9,1,420,3.01,0
2215,736,2024-12-31,Starter,6,3,765,2.84,0
2216,741,2022-12-20,Starter,5,1,206,4.24,1
2217,741,2022-12-27,Starter,7,1,392,2.51,1
2218,741,2023-01-03,Starter,9,1,113,1.0,1
2219,741,2023-01-10,Starter,2,1,182,4.28,1
2220,741,2023-01-17,Starter,1,1,192,0.84,1
2221,744,2024-12-20,Business,110,18,20711,10.08,0
2222,744,2024-12-27,Business,78,34,16343,20.18,0
2223,745,2022-11-20,Starter,6,1,282,1.28,1
2224,745,2022-11-27,Starter,3,1,479,3.03,1
2225,745,2022-12-04,Starter,1,1,343,1.66,1
2226,745,2022-12-11,Starter,2,1,63,3.17,1
2227,745,2022-12-18,Starter,2,1,169,1.07,1
2228,748,2022-11-20,Starter,2,3,142,0.93,1
2229,748,2022-11-27,Starter,3,2,318,0.86,1
2230,748,2022-12-04,Starter,3,1,98,4.97,1
2231,748,2022-12-11,Starter,2,1,161,1.47,1
2232,748,2022-12-18,Starter,1,1,126,2.46,1
2233,749,2023-03-21,Pro,32,3,817,12.92,1
2234,749,2023-03-28,Pro,12,7,346,14.22,1
2235,749,2023-04-04,Pro,9,3,741,14.17,1
2236,749,2023-04-11,Pro,9,3,782,6.89,1
2237,749,2023-04-18,Pro,8,2,340,5.16,1
2238,750,2024-08-21,Enterprise,505,170,38982,143.36,0
2239,750,2024-08-28,Enterprise,528,74,60901,185.83,0
2240,750,2024-09-04,Enterprise,497,136,20172,273.05,0
2241,750,2024-09-11,Enterprise,397,99,92889,186.65,0
2242,750,2024-09-18,Enterprise,531,51,56062,179.35,0
2243,750,2024-12-21,Business,83,21,12779,37.13,0
2244,750,2024-12-28,Business,87,28,2552,29.95,0
2245,751,2022-09-21,Business,120,31,14566,49.24,1
2246,751,2022-09-28,Business,28,18,2669,61.59,1
2247,751,2022-10-05,Business,53,15,3717,22.2,1
2248,751,2022-10-12,Business,12,11,2078,59.78,1
2249,751,2022-10-19,Business,20,9,3670,59.48,1
2250,754,2022-12-21,Starter,10,1,613,1.28,1
2251,754,2022-12-28,Starter,4,1,334,4.62,1
2252,754,2023-01-04,Starter,6,1,229,4.46,1
2253,754,2023-01-11,Starter,2,1,65,2.81,1
2254,754,2023-01-18,Starter,2,1,125,5.08,1
2255,757,2024-12-22,Pro,28,13,3764,17.7,0
2256,757,2024-12-29,Pro,30,7,829,5.31,0
2257,758,2022-10-22,Starter,9,2,434,1.62,1
2258,758,2022-10-29,Starter,3,2,227,1.19,1
2259,758,2022-11-05,Starter,3,1,266,1.88,1
2260,758,2022-11-12,Starter,1,1,228,1.82,1
2261,758,2022-11-19,Starter,1,1,40,2.25,1
2262,762,2022-09-23,Pro,27,8,2704,11.27,1
2263,762,2022-09-30,Pro,18,7,678,16.58,1
2264,762,2022-10-07,Pro,15,3,1438,5.93,1
2265,762,2022-10-14,Pro,7,1,436,10.83,1
2266,762,2022-10-21,Pro,4,1,809,6.77,1
2267,764,2023-01-24,Enterprise,289,139,54485,494.54,0
2268,764,2023-01-31,Enterprise,194,44,86108,144.56,0
2269,764,2023-02-07,Enterprise,99,95,33657,411.34,0
2270,764,2023-02-14,Enterprise,322,36,51560,492.77,0
2271,764,2023-02-21,Enterprise,105,197,13951,191.9,0
2272,764,2024-12-24,Business,99,33,17350,85.33,0
2273,764,2024-12-31,Business,39,46,10166,82.89,0
2274,765,2023-01-25,Starter,8,4,431,4.59,0
2275,765,2023-02-01,Starter,14,4,1011,3.86,0
2276,765,2023-02-08,Starter,12,1,888,4.41,0
2277,765,2023-02-15,Starter,12,1,757,4.17,0
2278,765,2023-02-22,Starter,15,4,839,1.91,0
2279,765,2023-11-25,Pro,31,7,4222,8.57,0
2280,765,2023-12-02,Pro,45,4,4002,2.61,0
2281,765,2023-12-09,Pro,39,4,3924,10.85,0
2282,765,2023-12-16,Pro,35,10,3875,14.51,0
2283,765,2023-12-23,Pro,12,10,1309,7.19,0
2284,765,2024-12-25,Business,105,42,4139,82.43,0
2285,769,2023-01-25,Enterprise,514,198,23502,302.21,0
2286,769,2023-02-01,Enterprise,424,77,39901,136.54,0
2287,769,2023-02-08,Enterprise,375,49,33908,443.77,0
2288,769,2023-02-15,Enterprise,332,88,91145,193.11,0
2289,769,2023-02-22,Enterprise,132,143,52157,199.75,0
2290,769,2024-11-25,Business,52,30,15900,69.76,1
2291,769,2024-12-02,Business,53,9,8084,71.66,1
2292,769,2024-12-09,Business,43,8,2355,91.55,1
2293,769,2024-12-16,Business,16,10,1341,65.05,1
2294,769,2024-12-23,Business,20,4,3418,89.2,1
2295,771,2023-05-26,Pro,29,3,1885,3.4,1
2296,771,2023-06-02,Pro,18,6,509,19.59,1
2297,771,2023-06-09,Pro,8,5,1591,17.97,1
2298,771,2023-06-16,Pro,11,2,1036,5.78,1
2299,771,2023-06-23,Pro,8,2,260,7.8,1
2300,772,2022-12-26,Pro,37,14,4956,2.3,0
2301,772,2023-01-02,Pro,37,6,4971,7.75,0
2302,772,2023-01-09,Pro,46,9,4275,13.13,0
2303,772,2023-01-16,Pro,64,8,3933,16.61,0
2304,772,2023-01-23,Pro,54,8,3552,14.3,0
2305,772,2024-12-26,Business,66,19,8820,24.99,0
2306,773,2023-04-26,Business,81,26,1277,27.56,1
2307,773,2023-05-03,Business,28,8,5065,27.86,1
2308,773,2023-05-10,Business,48,7,6102,96.22,1
2309,773,2023-05-17,Business,16,9,2181,42.33,1
2310,773,2023-05-24,Business,28,7,1866,92.88,1
2311,776,2022-11-27,Business,71,44,8987,30.36,0
2312,776,2022-12-04,Business,36,35,7030,23.02,0
2313,776,2022-12-11,Business,58,22,13287,41.8,0
2314,776,2022-12-18,Business,66,14,6904,48.89,0
2315,776,2022-12-25,Business,50,29,8127,94.84,0
2316,776,2023-11-27,Enterprise,119,203,12739,326.87,0
2317,776,2023-12-04,Enterprise,220,51,78650,374.73,0
2318,776,2023-12-11,Enterprise,205,203,14998,466.32,0
2319,776,2023-12-18,Enterprise,498,112,72019,311.61,0
2320,776,2023-12-25,Enterprise,121,95,16288,179.27,0
2321,776,2024-07-27,Business,28,27,12668,68.02,1
2322,776,2024-08-03,Business,26,17,6742,79.37,1
2323,776,2024-08-10,Business,25,7,739,71.19,1
2324,776,2024-08-17,Business,6,3,3487,31.63,1
2325,776,2024-08-24,Business,21,5,1980,14.85,1
2326,777,2024-12-27,Business,110,28,16504,77.0,0
2327,778,2023-08-28,Enterprise,385,170,101436,281.52,0
2328,778,2023-09-04,Enterprise,465,70,12609,78.12,0
2329,778,2023-09-11,Enterprise,559,87,94954,263.52,0
2330,778,2023-09-18,Enterprise,494,81,59021,130.14,0
2331,778,2023-09-25,Enterprise,165,60,39715,132.29,0
2332,778,2024-12-28,Business,21,43,12843,76.83,0
2333,786,2024-12-28,Starter,10,3,474,2.59,0
2334,789,2022-11-30,Business,52,16,10699,48.05,1
2335,789,2022-12-07,Business,56,13,8561,70.13,1
2336,789,2022-12-14,Business,18,6,5356,10.67,1
2337,789,2022-12-21,Business,15,7,3550,76.06,1
2338,789,2022-12-28,Business,27,4,1655,57.88,1
2339,792,2023-10-02,Starter,5,2,617,1.81,1
2340,792,2023-10-09,Starter,4,1,532,4.8,1
2341,792,2023-10-16,Starter,6,1,226,2.16,1
2342,792,2023-10-23,Starter,3,1,192,0.81,1
2343,792,2023-10-30,Starter,1,1,198,1.68,1
2344,794,2022-11-02,Starter,11,1,631,4.05,1
2345,794,2022-11-09,Starter,11,1,150,0.75,1
2346,794,2022-11-16,Starter,7,1,368,1.41,1
2347,794,2022-11-23,Starter,2,1,135,3.74,1
2348,794,2022-11-30,Starter,2,1,71,0.6,1
2349,795,2024-12-02,Pro,21,13,2681,19.89,0
2350,795,2024-12-09,Pro,25,5,3323,9.93,0
2351,795,2024-12-16,Pro,23,14,3385,15.37,0
2352,795,2024-12-23,Pro,53,13,3063,15.76,0
2353,795,2024-12-30,Pro,15,8,4029,18.41,0
2354,797,2023-01-02,Pro,35,2,1141,4.93,1
2355,797,2023-01-09,Pro,29,6,2929,19.5,1
2356,797,2023-01-16,Pro,17,3,504,5.83,1
2357,797,2023-01-23,Pro,7,2,642,13.24,1
2358,797,2023-01-30,Pro,11,2,899,10.55,1
2359,798,2024-12-02,Starter,10,3,621,3.18,0
2360,798,2024-12-09,Starter,11,2,713,4.38,0
2361,798,2024-12-16,Starter,14,1,712,3.62,0
2362,798,2024-12-23,Starter,11,5,530,3.5,0
2363,798,2024-12-30,Starter,14,2,140,2.48,0
2364,802,2023-07-04,Starter,8,4,680,4.44,0
2365,802,2023-07-11,Starter,23,3,265,4.8,0
2366,802,2023-07-18,Starter,8,1,813,4.24,0
2367,802,2023-07-25,Starter,6,4,189,1.82,0
2368,802,2023-08-01,Starter,9,5,675,3.92,0
2369,802,2024-12-04,Pro,45,11,4392,18.08,0
2370,802,2024-12-11,Pro,37,3,2889,11.2,0
2371,802,2024-12-18,Pro,57,9,4484,3.48,0
2372,802,2024-12-25,Pro,19,15,1742,4.74,0
2373,804,2023-05-04,Starter,13,3,113,3.05,1
2374,804,2023-05-11,Starter,9,1,535,4.94,1
2375,804,2023-05-18,Starter,6,1,145,1.81,1
2376,804,2023-05-25,Starter,1,1,26,1.82,1
2377,804,2023-06-01,Starter,2,1,159,4.33,1
2378,805,2023-03-04,Pro,32,11,1709,16.4,0
2379,805,2023-03-11,Pro,19,9,3577,17.41,0
2380,805,2023-03-18,Pro,42,3,3497,14.08,0
2381,805,2023-03-25,Pro,25,6,3074,5.68,0
2382,805,2023-04-01,Pro,32,11,4772,16.93,0
2383,805,2024-12-04,Business,90,32,16932,96.61,0
2384,805,2024-12-11,Business,100,47,6226,90.06,0
2385,805,2024-12-18,Business,115,19,10130,31.88,0
2386,805,2024-12-25,Business,151,10,11121,39.78,0
2387,807,2022-12-05,Starter,18,4,371,4.82,0
2388,807,2022-12-12,Starter,6,2,792,4.15,0
2389,807,2022-12-19,Starter,19,4,195,2.43,0
2390,807,2022-12-26,Starter,18,1,330,1.15,0
2391,807,2023-01-02,Starter,16,4,308,3.63,0
2392,807,2023-08-05,Starter,12,4,216,4.04,0
2393,807,2023-08-12,Starter,7,3,662,1.88,0
2394,807,2023-08-19,Starter,13,2,1047,0.8,0
2395,807,2023-08-26,Starter,10,3,296,3.41,0
2396,807,2023-09-02,Starter,8,2,122,0.63,0
2397,807,2023-09-09,Starter,7,1,1002,2.96,0
2398,807,2023-09-16,Starter,3,5,897,0.71,0
2399,807,2023-09-23,Starter,4,2,443,4.83,0
2400,807,2023-09-30,Starter,8,2,479,4.34,0
2401,807,2023-10-07,Starter,3,1,616,2.08,0
2402,807,2023-10-14,Starter,14,2,967,1.93,0
2403,807,2023-10-21,Starter,4,4,921,3.21,0
2404,807,2023-10-28,Starter,7,4,870,3.31,0
2405,807,2023-11-04,Starter,4,1,577,4.78,0
2406,807,2023-11-11,Starter,5,4,477,0.81,0
2407,807,2023-11-18,Starter,14,1,686,4.38,0
2408,807,2023-11-25,Starter,10,3,738,0.74,0
2409,807,2023-12-02,Starter,9,3,263,2.37,0
2410,807,2023-12-09,Starter,4,3,407,3.0,0
2411,807,2023-12-16,Starter,7,1,507,4.98,0
2412,807,2023-12-23,Starter,8,1,587,2.69,0
2413,807,2023-12-30,Starter,5,2,358,2.36,0
2414,807,2024-01-06,Starter,10,1,977,1.98,0
2415,807,2024-01-13,Starter,14,1,149,3.0,0
2416,807,2024-01-20,Starter,8,3,144,1.37,0
2417,807,2024-01-27,Starter,10,1,789,1.42,0
2418,807,2024-02-03,Starter,9,3,482,0.83,0
2419,807,2024-02-10,Starter,8,4,367,2.2,0
2420,807,2024-02-17,Starter,6,2,321,3.91,0
2421,807,2024-02-24,Starter,4,2,190,1.67,0
2422,807,2024-03-02,Starter,8,3,546,4.62,0
2423,807,2024-03-09,Starter,11,1,782,3.49,0
2424,807,2024-03-16,Starter,7,4,537,5.2,0
2425,807,2024-03-23,Starter,8,4,233,4.85,0
2426,807,2024-03-30,Starter,9,4,527,2.87,0
2427,807,2024-04-06,Starter,9,1,635,4.7,0
2428,807,2024-04-13,Starter,9,4,350,3.13,0
2429,807,2024-04-20,Starter,5,3,873,3.46,0
2430,807,2024-04-27,Starter,9,1,116,4.83,0
2431,807,2024-05-04,Starter,7,4,308,0.65,0
2432,807,2024-05-11,Starter,11,2,185,4.71,0
2433,807,2024-05-18,Starter,3,2,331,3.89,0
2434,807,2024-05-25,Starter,10,3,262,1.2,0
2435,807,2024-06-01,Starter,9,3,316,3.98,0
2436,807,2024-06-08,Starter,5,4,359,3.31,0
2437,807,2024-06-15,Starter,3,4,331,4.99,0
2438,807,2024-06-22,Starter,12,4,856,0.81,0
2439,807,2024-06-29,Starter,6,4,475,4.79,0
2440,807,2024-07-06,Starter,10,1,266,0.65,0
2441,807,2024-07-13,Starter,6,1,1046,2.14,0
2442,807,2024-07-20,Starter,6,4,526,3.74,0
2443,807,2024-07-27,Starter,3,1,1091,2.56,0
2444,807,2024-08-03,Starter,4,4,309,3.47,0
2445,807,2024-08-10,Starter,6,2,389,1.28,0
2446,807,2024-08-17,Starter,8,3,656,2.5,0
2447,807,2024-08-24,Starter,10,2,235,4.68,0
2448,807,2024-08-31,Starter,4,1,591,1.42,0
2449,807,2024-09-07,Starter,9,1,721,1.7,0
2450,807,2024-09-14,Starter,4,1,638,1.06,0
2451,807,2024-09-21,Starter,12,2,492,3.68,0
2452,807,2024-09-28,Starter,9,1,737,2.41,0
2453,807,2024-10-05,Starter,5,3,474,3.88,0
2454,807,2024-10-12,Starter,5,4,190,2.74,0
2455,807,2024-10-19,Starter,10,2,317,4.49,0
2456,807,2024-10-26,Starter,4,3,676,1.13,0
2457,807,2024-11-02,Starter,4,2,395,3.44,0
2458,807,2024-11-09,Starter,12,2,738,3.89,0
2459,807,2024-11-16,Starter,6,2,114,3.8,0
2460,807,2024-11-23,Starter,14,2,138,0.65,0
2461,807,2024-11-30,Starter,4,2,520,4.72,0
2462,807,2024-12-07,Starter,9,1,691,2.55,0
2463,807,2024-12-14,Starter,4,3,641,1.21,0
2464,807,2024-12-21,Starter,8,3,170,3.86,0
2465,807,2024-12-28,Starter,11,1,1125,2.68,0
2466,808,2023-01-05,Pro,14,5,1519,11.44,1
2467,808,2023-01-12,Pro,12,7,1353,4.92,1
2468,808,2023-01-19,Pro,14,4,2152,14.36,1
2469,808,2023-01-26,Pro,4,3,482,5.15,1
2470,808,2023-02-02,Pro,6,1,794,14.7,1
2471,809,2022-12-05,Starter,10,3,360,0.88,1
2472,809,2022-12-12,Starter,7,2,298,2.02,1
2473,809,2022-12-19,Starter,5,1,148,1.59,1
2474,809,2022-12-26,Starter,3,1,207,0.88,1
2475,809,2023-01-02,Starter,3,1,181,1.21,1
2476,813,2024-11-06,Pro,36,10,4074,14.16,0
2477,813,2024-11-13,Pro,38,5,3119,2.58,0
2478,813,2024-11-20,Pro,26,6,1310,4.26,0
2479,813,2024-11-27,Pro,19,3,3245,9.66,0
2480,813,2024-12-04,Pro,67,14,1683,18.77,0
2481,813,2024-12-06,Business,111,38,5799,89.59,0
2482,813,2024-12-13,Business,68,38,12267,93.39,0
2483,813,2024-12-20,Business,126,34,10609,30.37,0
2484,813,2024-12-27,Business,58,14,14263,70.15,0
2485,815,2023-09-06,Pro,38,6,1884,9.49,1
2486,815,2023-09-13,Pro,10,2,2642,11.98,1
2487,815,2023-09-20,Pro,20,3,980,3.81,1
2488,815,2023-09-27,Pro,5,2,778,5.25,1
2489,815,2023-10-04,Pro,7,1,278,19.39,1
2490,825,2024-11-08,Business,98,34,9705,74.98,1
2491,825,2024-11-15,Business,26,12,3341,33.12,1
2492,825,2024-11-22,Business,33,11,747,34.26,1
2493,825,2024-11-29,Business,20,9,2469,95.43,1
2494,825,2024-12-06,Business,11,5,1721,87.57,1
2495,828,2024-12-09,Pro,62,6,3340,3.45,0
2496,828,2024-12-16,Pro,28,3,3454,8.75,0
2497,828,2024-12-23,Pro,16,9,578,20.02,0
2498,828,2024-12-30,Pro,14,2,1601,17.51,0
2499,834,2023-01-10,Business,75,35,1548,14.09,1
2500,834,2023-01-17,Business,48,19,4397,85.66,1
2501,834,2023-01-24,Business,48,8,2191,81.48,1
2502,834,2023-01-31,Business,28,2,2692,33.51,1
2503,834,2023-02-07,Business,33,3,3012,35.06,1
2504,838,2024-03-11,Business,84,15,12793,70.12,1
2505,838,2024-03-18,Business,58,10,1624,20.94,1
2506,838,2024-03-25,Business,18,6,2903,93.14,1
2507,838,2024-04-01,Business,12,5,677,74.38,1
2508,838,2024-04-08,Business,19,3,2646,89.64,1
2509,839,2022-10-11,Pro,32,2,3196,4.2,1
2510,839,2022-10-18,Pro,29,5,1468,18.92,1
2511,839,2022-10-25,Pro,16,1,1946,7.8,1
2512,839,2022-11-01,Pro,7,1,867,13.07,1
2513,839,2022-11-08,Pro,7,2,247,5.58,1
2514,843,2024-08-13,Pro,63,12,5255,11.92,0
2515,843,2024-08-20,Pro,54,6,1853,3.0,0
2516,843,2024-08-27,Pro,40,8,3748,11.97,0
2517,843,2024-09-03,Pro,38,12,1155,8.52,0
2518,843,2024-09-10,Pro,41,7,3615,14.53,0
2519,843,2024-12-13,Starter,3,1,158,4.24,1
2520,843,2024-12-20,Starter,2,1,142,4.19,1
2521,843,2024-12-27,Starter,4,1,67,4.83,1
2522,847,2022-10-14,Pro,9,3,3102,15.58,1
2523,847,2022-10-21,Pro,17,2,796,13.53,1
2524,847,2022-10-28,Pro,18,5,854,11.21,1
2525,847,2022-11-04,Pro,5,1,219,14.84,1
2526,847,2022-11-11,Pro,6,1,861,18.93,1
2527,848,2024-08-14,Business,36,33,14645,17.85,0
2528,848,2024-08-21,Business,107,37,3648,91.89,0
2529,848,2024-08-28,Business,120,14,13890,83.07,0
2530,848,2024-09-04,Business,49,23,6880,17.42,0
2531,848,2024-09-11,Business,142,37,13350,92.25,0
2532,848,2024-12-14,Pro,16,8,2996,4.32,0
2533,848,2024-12-21,Pro,40,6,2817,17.97,0
2534,848,2024-12-28,Pro,29,13,2686,13.39,0
2535,850,2024-11-14,Starter,10,1,397,2.25,1
2536,850,2024-11-21,Starter,5,1,85,1.31,1
2537,850,2024-11-28,Starter,2,1,93,4.32,1
2538,850,2024-12-05,Starter,3,1,71,2.94,1
2539,850,2024-12-12,Starter,3,1,60,1.79,1
2540,853,2024-10-15,Pro,26,8,1230,9.59,1
2541,853,2024-10-22,Pro,24,2,1048,16.02,1
2542,853,2024-10-29,Pro,16,4,1907,17.93,1
2543,853,2024-11-05,Pro,14,3,685,7.45,1
2544,853,2024-11-12,Pro,9,1,325,17.23,1
2545,867,2024-12-18,Enterprise,122,176,19046,437.82,0
2546,867,2024-12-25,Enterprise,280,135,49450,489.07,0
2547,872,2024-12-20,Business,146,42,15172,23.03,0
2548,872,2024-12-27,Business,58,38,8883,61.17,0
2549,878,2023-10-21,Starter,5,3,447,0.76,1
2550,878,2023-10-28,Starter,1,2,271,1.5,1
2551,878,2023-11-04,Starter,2,1,371,1.3,1
2552,878,2023-11-11,Starter,2,1,184,3.8,1
2553,878,2023-11-18,Starter,1,1,119,1.73,1
2554,885,2023-08-22,Starter,15,1,214,0.94,0
2555,885,2023-08-29,Starter,14,1,651,4.49,0
2556,885,2023-09-05,Starter,9,1,925,1.97,0
2557,885,2023-09-12,Starter,16,4,846,2.9,0
2558,885,2023-09-19,Starter,16,3,1046,2.78,0
2559,885,2023-12-22,Pro,13,4,1305,16.82,1
2560,885,2023-12-29,Pro,32,9,2784,13.77,1
2561,885,2024-01-05,Pro,7,2,409,11.18,1
2562,885,2024-01-12,Pro,12,3,530,16.86,1
2563,885,2024-01-19,Pro,5,1,729,12.41,1
2564,890,2024-05-23,Business,155,25,18237,58.48,0
2565,890,2024-05-30,Business,149,44,18127,61.94,0
2566,890,2024-06-06,Business,106,46,16818,55.09,0
2567,890,2024-06-13,Business,124,46,7449,21.03,0
2568,890,2024-06-20,Business,102,12,9961,41.98,0
2569,890,2024-12-23,Pro,31,3,1345,20.34,0
2570,890,2024-12-30,Pro,24,8,3309,7.97,0
2571,891,2023-04-23,Business,42,38,20315,80.73,0
2572,891,2023-04-30,Business,35,30,6428,80.14,0
2573,891,2023-05-07,Business,38,49,8889,36.58,0
2574,891,2023-05-14,Business,44,27,6164,98.12,0
2575,891,2023-05-21,Business,51,40,13399,22.76,0
2576,891,2023-12-23,Enterprise,131,153,87888,484.47,0
2577,891,2023-12-30,Enterprise,77,161,73472,490.14,0
2578,891,2024-01-06,Enterprise,254,169,68502,390.14,0
2579,891,2024-01-13,Enterprise,298,148,19121,407.65,0
2580,891,2024-01-20,Enterprise,191,60,47505,380.0,0
2581,891,2024-12-23,Business,71,21,3480,49.96,0
2582,891,2024-12-30,Business,53,10,14318,17.92,0
2583,896,2023-04-24,Pro,35,3,3932,18.79,0
2584,896,2023-05-01,Pro,55,7,4773,13.88,0
2585,896,2023-05-08,Pro,52,9,4905,6.11,0
2586,896,2023-05-15,Pro,31,4,4271,9.4,0
2587,896,2023-05-22,Pro,49,10,3172,5.05,0
2588,896,2024-08-24,Business,92,48,11137,90.95,0
2589,896,2024-08-31,Business,65,27,16687,10.76,0
2590,896,2024-09-07,Business,98,11,15594,27.76,0
2591,896,2024-09-14,Business,59,30,14106,64.78,0
2592,896,2024-09-21,Business,52,39,5789,60.33,0
2593,896,2024-12-24,Enterprise,113,36,55828,142.05,0
2594,896,2024-12-31,Enterprise,450,69,69166,489.68,0
2595,898,2023-05-25,Enterprise,362,94,22290,369.63,0
2596,898,2023-06-01,Enterprise,215,163,36402,182.5,0
2597,898,2023-06-08,Enterprise,126,85,110078,312.36,0
2598,898,2023-06-15,Enterprise,269,159,67450,271.28,0
2599,898,2023-06-22,Enterprise,144,89,35093,237.95,0
2600,898,2024-12-25,Business,147,29,20562,21.01,0
2601,899,2024-05-25,Enterprise,135,98,40082,100.33,1
2602,899,2024-06-01,Enterprise,85,63,9021,358.84,1
2603,899,2024-06-08,Enterprise,68,33,4649,197.15,1
2604,899,2024-06-15,Enterprise,72,48,11889,187.18,1
2605,899,2024-06-22,Enterprise,38,34,8927,203.14,1
2606,900,2024-12-25,Pro,43,11,481,5.82,0
2607,906,2024-03-27,Starter,6,2,212,2.37,1
2608,906,2024-04-03,Starter,6,2,471,3.05,1
2609,906,2024-04-10,Starter,2,1,286,3.66,1
2610,906,2024-04-17,Starter,2,1,130,3.34,1
2611,906,2024-04-24,Starter,1,1,175,3.51,1
2612,908,2023-01-27,Starter,8,2,85,0.97,1
2613,908,2023-02-03,Starter,9,1,367,3.14,1
2614,908,2023-02-10,Starter,5,1,169,0.89,1
2615,908,2023-02-17,Starter,1,1,135,0.87,1
2616,908,2023-02-24,Starter,2,1,192,1.28,1
2617,909,2023-10-27,Enterprise,274,130,57789,123.89,1
2618,909,2023-11-03,Enterprise,293,84,43159,111.27,1
2619,909,2023-11-10,Enterprise,100,56,24474,232.12,1
2620,909,2023-11-17,Enterprise,23,22,7859,276.56,1
2621,909,2023-11-24,Enterprise,84,37,12093,309.54,1
2622,910,2022-11-28,Starter,10,3,178,1.97,1
2623,910,2022-12-05,Starter,9,2,354,3.26,1
2624,910,2022-12-12,Starter,3,1,282,3.96,1
2625,910,2022-12-19,Starter,4,1,219,1.9,1
2626,910,2022-12-26,Starter,3,1,224,1.15,1
2627,913,2022-11-28,Starter,9,2,533,1.16,1
2628,913,2022-12-05,Starter,7,2,389,1.42,1
2629,913,2022-12-12,Starter,5,1,372,1.84,1
2630,913,2022-12-19,Starter,2,1,73,3.58,1
2631,913,2022-12-26,Starter,2,1,120,3.6,1
2632,915,2024-01-28,Pro,7,5,2674,2.08,1
2633,915,2024-02-04,Pro,21,3,1639,10.86,1
2634,915,2024-02-11,Pro,6,4,824,3.66,1
2635,915,2024-02-18,Pro,9,1,268,3.78,1
2636,915,2024-02-25,Pro,4,2,839,12.62,1
2637,918,2023-11-28,Business,110,21,8979,33.08,0
2638,918,2023-12-05,Business,117,13,12274,91.22,0
2639,918,2023-12-12,Business,101,22,18913,51.6,0
2640,918,2023-12-19,Business,145,34,11693,49.98,0
2641,918,2023-12-26,Business,119,49,22567,38.44,0
2642,918,2024-12-28,Enterprise,97,168,90812,180.65,0
2643,923,2022-11-30,Pro,38,4,595,6.03,1
2644,923,2022-12-07,Pro,11,1,1180,14.69,1
2645,923,2022-12-14,Pro,10,5,280,7.66,1
2646,923,2022-12-21,Pro,5,1,175,8.27,1
2647,923,2022-12-28,Pro,9,1,107,15.81,1
2648,928,2023-04-28,Enterprise,295,115,44375,386.12,0
2649,928,2023-05-05,Enterprise,496,64,20106,435.92,0
2650,928,2023-05-12,Enterprise,484,93,32996,256.54,0
2651,928,2023-05-19,Enterprise,510,115,39267,148.29,0
2652,928,2023-05-26,Enterprise,111,166,43908,68.36,0
2653,928,2024-09-28,Business,62,31,5311,34.66,0
2654,928,2024-10-05,Business,30,38,15271,12.59,0
2655,928,2024-10-12,Business,70,34,3665,21.67,0
2656,928,2024-10-19,Business,31,30,9259,44.95,0
2657,928,2024-10-26,Business,36,41,2837,80.87,0
2658,928,2024-12-28,Pro,20,11,628,5.09,0
2659,930,2023-11-28,Pro,18,3,860,17.82,1
2660,930,2023-12-05,Pro,32,6,1008,4.14,1
2661,930,2023-12-12,Pro,19,1,1053,7.9,1
2662,930,2023-12-19,Pro,11,1,448,2.62,1
2663,930,2023-12-26,Pro,9,2,445,14.2,1
2664,934,2023-01-01,Starter,5,1,228,1.35,1
2665,934,2023-01-08,Starter,5,1,334,2.32,1
2666,934,2023-01-15,Starter,1,1,61,3.38,1
2667,934,2023-01-22,Starter,1,1,43,2.14,1
2668,934,2023-01-29,Starter,0,1,191,4.15,1
2669,935,2024-12-01,Enterprise,103,198,79432,481.31,0
2670,935,2024-12-08,Enterprise,84,140,59563,342.47,0
2671,935,2024-12-15,Enterprise,115,152,43137,140.15,0
2672,935,2024-12-22,Enterprise,108,143,42766,219.94,0
2673,935,2024-12-29,Enterprise,124,162,85225,457.68,0
2674,950,2023-05-05,Starter,11,3,260,4.51,0
2675,950,2023-05-12,Starter,13,2,966,4.37,0
2676,950,2023-05-19,Starter,15,4,335,1.16,0
2677,950,2023-05-26,Starter,10,2,414,0.8,0
2678,950,2023-06-02,Starter,18,3,1001,1.23,0
2679,950,2024-10-05,Pro,17,8,3085,15.38,1
2680,950,2024-10-12,Pro,23,2,1686,4.17,1
2681,950,2024-10-19,Pro,4,3,1164,12.66,1
2682,950,2024-10-26,Pro,3,1,521,18.05,1
2683,950,2024-11-02,Pro,2,1,732,19.59,1
2684,951,2023-07-05,Starter,7,2,221,0.95,1
2685,951,2023-07-12,Starter,4,1,187,4.3,1
2686,951,2023-07-19,Starter,1,1,359,4.87,1
2687,951,2023-07-26,Starter,1,1,87,2.26,1
2688,951,2023-08-02,Starter,2,1,124,4.48,1
2689,953,2023-06-06,Starter,6,1,449,1.01,1
2690,953,2023-06-13,Starter,11,2,346,4.86,1
2691,953,2023-06-20,Starter,5,1,182,2.42,1
2692,953,2023-06-27,Starter,3,1,152,2.29,1
2693,953,2023-07-04,Starter,1,1,43,1.3,1
2694,961,2023-06-06,Starter,3,1,96,1.88,1
2695,961,2023-06-13,Starter,8,1,203,2.0,1
2696,961,2023-06-20,Starter,2,1,80,0.53,1
2697,961,2023-06-27,Starter,4,1,197,2.04,1
2698,961,2023-07-04,Starter,4,1,186,1.87,1
2699,963,2023-04-07,Starter,7,3,315,2.56,1
2700,963,2023-04-14,Starter,3,2,310,1.83,1
2701,963,2023-04-21,Starter,5,1,322,3.95,1
2702,963,2023-04-28,Starter,1,1,165,0.71,1
2703,963,2023-05-05,Starter,3,1,171,4.69,1
2704,966,2024-12-09,Pro,20,14,2301,17.61,0
2705,966,2024-12-16,Pro,24,7,1302,8.19,0
2706,966,2024-12-23,Pro,19,4,1736,9.07,0
2707,966,2024-12-30,Pro,46,9,1783,8.65,0
2708,969,2022-12-10,Starter,4,1,709,0.8,1
2709,969,2022-12-17,Starter,3,2,521,1.41,1
2710,969,2022-12-24,Starter,1,1,128,1.16,1
2711,969,2022-12-31,Starter,0,1,54,1.08,1
2712,969,2023-01-07,Starter,1,1,99,3.31,1
2713,974,2024-12-11,Enterprise,398,109,78398,254.44,0
2714,974,2024-12-18,Enterprise,420,182,24921,120.76,0
2715,974,2024-12-25,Enterprise,393,77,32400,143.51,0
2716,978,2024-04-12,Enterprise,364,141,19600,362.69,1
2717,978,2024-04-19,Enterprise,232,69,44581,516.7,1
2718,978,2024-04-26,Enterprise,91,16,15444,56.33,1
2719,978,2024-05-03,Enterprise,32,18,7003,345.41,1
2720,978,2024-05-10,Enterprise,38,16,7651,132.26,1
2721,980,2023-07-13,Business,136,44,3109,96.3,0
2722,980,2023-07-20,Business,71,21,11363,70.23,0
2723,980,2023-07-27,Business,83,32,15234,65.03,0
2724,980,2023-08-03,Business,135,23,17902,90.39,0
2725,980,2023-08-10,Business,41,30,5431,25.85,0
2726,980,2024-12-13,Pro,32,13,1286,8.16,0
2727,980,2024-12-20,Pro,50,3,3048,14.44,0
2728,980,2024-12-27,Pro,48,10,1485,16.73,0
2729,985,2023-08-14,Pro,47,4,2267,2.32,1
2730,985,2023-08-21,Pro,28,8,593,18.67,1
2731,985,2023-08-28,Pro,9,3,1782,11.36,1
2732,985,2023-09-04,Pro,15,1,1039,18.66,1
2733,985,2023-09-11,Pro,7,1,210,15.47,1
2734,987,2024-12-14,Business,30,11,7828,46.29,0
2735,987,2024-12-21,Business,91,27,14564,74.96,0
2736,987,2024-12-28,Business,103,9,8226,66.15,0
2737,989,2024-03-14,Starter,7,3,94,1.7,1
2738,989,2024-03-21,Starter,11,1,201,3.44,1
2739,989,2024-03-28,Starter,4,1,122,1.67,1
2740,989,2024-04-04,Starter,2,1,37,4.61,1
2741,989,2024-04-11,Starter,2,1,198,0.52,1
2742,999,2023-05-18,Enterprise,356,147,19187,330.94,0
2743,999,2023-05-25,Enterprise,301,73,99796,146.96,0
2744,999,2023-06-01,Enterprise,409,57,74584,474.37,0
2745,999,2023-06-08,Enterprise,228,187,84228,301.28,0
2746,999,2023-06-15,Enterprise,121,145,43134,489.91,0
2747,999,2024-12-18,Business,131,30,15422,52.95,0
2748,999,2024-12-25,Business,109,47,15916,100.51,0
2749,1000,2023-01-18,Pro,46,2,3298,13.11,1
2750,1000,2023-01-25,Pro,8,4,2382,10.83,1
2751,1000,2023-02-01,Pro,20,2,539,6.28,1
2752,1000,2023-02-08,Pro,5,3,782,7.06,1
2753,1000,2023-02-15,Pro,7,2,773,12.72,1
2754,1002,2023-10-18,Pro,18,13,1080,13.75,0
2755,1002,2023-10-25,Pro,26,6,802,4.21,0
2756,1002,2023-11-01,Pro,25,5,896,3.83,0
2757,1002,2023-11-08,Pro,21,3,4276,10.43,0
2758,1002,2023-11-15,Pro,28,8,3786,19.27,0
2759,1002,2024-07-18,Business,89,27,2103,43.85,0
2760,1002,2024-07-25,Business,115,32,14011,28.18,0
2761,1002,2024-08-01,Business,50,43,5578,75.9,0
2762,1002,2024-08-08,Business,51,17,4557,15.3,0
2763,1002,2024-08-15,Business,126,35,15078,78.73,0
2764,1002,2024-12-18,Enterprise,258,176,89091,279.69,0
2765,1002,2024-12-25,Enterprise,121,100,33478,326.22,0
2766,1003,2023-11-19,Starter,14,1,709,2.54,0
2767,1003,2023-11-26,Starter,9,5,102,2.91,0
2768,1003,2023-12-03,Starter,6,3,861,3.48,0
2769,1003,2023-12-10,Starter,12,3,441,3.34,0
2770,1003,2023-12-17,Starter,11,1,766,3.82,0
2771,1003,2024-12-19,Pro,28,12,5115,7.15,0
2772,1003,2024-12-26,Pro,35,9,2744,2.93,0
2773,1004,2024-12-19,Pro,45,15,2161,4.68,0
2774,1004,2024-12-26,Pro,33,3,671,17.93,0
2775,1005,2023-08-19,Pro,17,6,824,7.88,0
2776,1005,2023-08-26,Pro,33,11,2078,13.66,0
2777,1005,2023-09-02,Pro,32,5,722,9.12,0
2778,1005,2023-09-09,Pro,21,5,2536,18.38,0
2779,1005,2023-09-16,Pro,13,6,2423,14.96,0
2780,1005,2024-01-19,Starter,10,3,467,0.75,1
2781,1005,2024-01-26,Starter,7,2,461,0.76,1
2782,1005,2024-02-02,Starter,2,1,402,4.83,1
2783,1005,2024-02-09,Starter,2,1,137,2.86,1
2784,1005,2024-02-16,Starter,2,1,104,1.21,1
2785,1006,2024-04-19,Business,63,22,18212,51.36,0
2786,1006,2024-04-26,Business,103,46,6282,60.9,0
2787,1006,2024-05-03,Business,86,34,3956,78.44,0
2788,1006,2024-05-10,Business,86,18,5033,29.92,0
2789,1006,2024-05-17,Business,104,25,14466,37.64,0
2790,1006,2024-11-19,Enterprise,413,45,15875,324.56,0
2791,1006,2024-11-26,Enterprise,266,61,41440,90.06,0
2792,1006,2024-12-03,Enterprise,235,114,68119,286.58,0
2793,1006,2024-12-10,Enterprise,264,91,88865,200.82,0
2794,1006,2024-12-17,Enterprise,404,118,33311,467.19,0
2795,1006,2024-12-19,Business,99,42,2899,81.81,0
2796,1006,2024-12-26,Business,85,33,17456,49.36,0
2797,1007,2023-08-20,Pro,17,5,814,17.01,1
2798,1007,2023-08-27,Pro,11,3,540,2.23,1
2799,1007,2023-09-03,Pro,6,3,1301,7.43,1
2800,1007,2023-09-10,Pro,6,1,409,11.08,1
2801,1007,2023-09-17,Pro,3,1,265,20.67,1
2802,1008,2023-01-20,Pro,14,8,540,4.82,1
2803,1008,2023-01-27,Pro,23,9,617,11.06,1
2804,1008,2023-02-03,Pro,10,4,1160,3.36,1
2805,1008,2023-02-10,Pro,4,1,425,8.23,1
2806,1008,2023-02-17,Pro,10,2,170,8.31,1
2807,1009,2024-12-20,Pro,14,4,1812,5.17,0
2808,1009,2024-12-27,Pro,57,3,699,12.28,0
2809,1020,2023-03-22,Pro,41,8,3174,12.16,0
2810,1020,2023-03-29,Pro,26,4,1492,16.82,0
2811,1020,2023-04-05,Pro,32,3,5250,9.9,0
2812,1020,2023-04-12,Pro,34,6,771,14.91,0
2813,1020,2023-04-19,Pro,58,9,4788,10.78,0
2814,1020,2023-08-22,Business,75,23,10344,79.66,0
2815,1020,2023-08-29,Business,114,33,9230,84.03,0
2816,1020,2023-09-05,Business,70,32,15541,25.24,0
2817,1020,2023-09-12,Business,45,16,13016,56.46,0
2818,1020,2023-09-19,Business,84,13,14748,55.7,0
2819,1020,2023-12-22,Pro,25,5,1280,7.01,1
2820,1020,2023-12-29,Pro,20,8,1598,17.62,1
2821,1020,2024-01-05,Pro,6,4,1707,16.64,1
2822,1020,2024-01-12,Pro,5,2,496,18.24,1
2823,1020,2024-01-19,Pro,6,1,926,7.14,1
2824,1021,2022-11-23,Pro,22,10,1252,9.62,1
2825,1021,2022-11-30,Pro,23,3,1428,1.98,1
2826,1021,2022-12-07,Pro,15,5,296,9.45,1
2827,1021,2022-12-14,Pro,12,3,648,12.78,1
2828,1021,2022-12-21,Pro,7,1,359,15.94,1
2829,1025,2023-03-24,Pro,42,11,2252,6.54,0
2830,1025,2023-03-31,Pro,59,4,1014,8.12,0
2831,1025,2023-04-07,Pro,68,10,698,13.42,0
2832,1025,2023-04-14,Pro,55,5,2909,16.15,0
2833,1025,2023-04-21,Pro,25,15,4703,15.6,0
2834,1025,2024-06-24,Business,65,48,16644,79.9,0
2835,1025,2024-07-01,Business,126,12,8557,36.64,0
2836,1025,2024-07-08,Business,150,21,8336,58.12,0
2837,1025,2024-07-15,Business,105,25,9922,36.93,0
2838,1025,2024-07-22,Business,51,10,1790,30.84,0
2839,1025,2024-12-24,Pro,37,11,4332,12.04,0
2840,1025,2024-12-31,Pro,21,5,3990,10.41,0
2841,1034,2023-02-26,Business,47,20,11234,20.78,1
2842,1034,2023-03-05,Business,29,11,4783,89.31,1
2843,1034,2023-03-12,Business,15,13,5720,49.11,1
2844,1034,2023-03-19,Business,11,3,4142,80.65,1
2845,1034,2023-03-26,Business,85,19,3565,96.22,0
2846,1035,2023-12-27,Business,74,28,6539,61.21,1
2847,1035,2024-01-03,Business,43,12,10161,26.15,1
2848,1035,2024-01-10,Business,50,4,4016,32.6,1
2849,1035,2024-01-17,Business,20,4,4643,33.15,1
2850,1035,2024-01-24,Business,25,3,2600,62.76,1
2851,1038,2024-12-27,Enterprise,145,133,60619,295.15,0
2852,1041,2023-05-28,Business,53,37,13252,58.48,0
2853,1041,2023-06-04,Business,62,32,18907,42.95,0
2854,1041,2023-06-11,Business,67,15,12815,48.76,0
2855,1041,2023-06-18,Business,99,28,6147,55.26,0
2856,1041,2023-06-25,Business,22,36,2498,85.96,0
2857,1041,2024-05-28,Enterprise,279,197,49505,177.84,0
2858,1041,2024-06-04,Enterprise,184,177,37475,251.86,0
2859,1041,2024-06-11,Enterprise,427,165,37951,138.1,0
2860,1041,2024-06-18,Enterprise,173,210,64022,256.08,0
2861,1041,2024-06-25,Enterprise,177,120,54479,311.64,0
2862,1041,2024-12-28,Business,86,29,11401,43.14,0
2863,1044,2023-03-28,Enterprise,304,81,86294,435.99,0
2864,1044,2023-04-04,Enterprise,450,126,90757,83.22,0
2865,1044,2023-04-11,Enterprise,392,177,72941,98.04,0
2866,1044,2023-04-18,Enterprise,514,102,75253,466.65,0
2867,1044,2023-04-25,Enterprise,283,181,53438,310.06,0
2868,1044,2024-12-28,Business,83,47,9588,11.0,0
2869,1047,2023-11-28,Business,74,11,20131,92.4,0
2870,1047,2023-12-05,Business,73,38,18869,28.62,0
2871,1047,2023-12-12,Business,120,25,15776,38.46,0
2872,1047,2023-12-19,Business,145,41,7621,23.95,0
2873,1047,2023-12-26,Business,77,18,15347,51.33,0
2874,1047,2024-12-28,Enterprise,237,71,103940,264.06,0
2875,1051,2023-09-28,Business,122,22,10749,67.0,0
2876,1051,2023-10-05,Business,100,16,14770,34.23,0
2877,1051,2023-10-12,Business,53,38,12497,66.63,0
2878,1051,2023-10-19,Business,130,9,5195,40.53,0
2879,1051,2023-10-26,Business,151,27,4609,100.35,0
2880,1051,2024-12-28,Enterprise,247,147,89379,307.18,0
2881,1054,2023-01-01,Enterprise,75,35,72745,513.95,0
2882,1054,2023-01-08,Enterprise,140,172,50231,126.94,0
2883,1054,2023-01-15,Enterprise,86,71,16362,127.46,0
2884,1054,2023-01-22,Enterprise,160,188,65950,96.11,0
2885,1054,2023-01-29,Enterprise,160,180,54876,477.71,0
2886,1054,2024-07-01,Business,83,21,18243,49.08,0
2887,1054,2024-07-08,Business,81,17,9430,92.29,0
2888,1054,2024-07-15,Business,147,23,14339,32.28,0
2889,1054,2024-07-22,Business,47,39,10150,24.56,0
2890,1054,2024-07-29,Business,105,42,3606,24.8,0
2891,1054,2024-12-01,Enterprise,233,122,19922,427.0,0
2892,1054,2024-12-08,Enterprise,119,45,27695,137.94,0
2893,1054,2024-12-15,Enterprise,253,93,88191,88.58,0
2894,1054,2024-12-22,Enterprise,184,174,43644,220.83,0
2895,1054,2024-12-29,Enterprise,268,38,47374,66.69,0
2896,1055,2022-12-01,Starter,17,3,967,3.06,0
2897,1055,2022-12-08,Starter,10,2,442,3.93,0
2898,1055,2022-12-15,Starter,11,4,358,3.57,0
2899,1055,2022-12-22,Starter,18,4,937,0.83,0
2900,1055,2022-12-29,Starter,15,1,502,1.48,0
2901,1055,2023-06-01,Starter,12,2,920,3.97,0
2902,1055,2023-06-08,Starter,9,1,249,2.81,0
2903,1055,2023-06-15,Starter,10,1,674,4.28,0
2904,1055,2023-06-22,Starter,12,2,535,3.04,0
2905,1055,2023-06-29,Starter,8,1,226,3.19,0
2906,1055,2023-07-06,Starter,10,1,212,3.32,0
2907,1055,2023-07-13,Starter,10,2,197,2.37,0
2908,1055,2023-07-20,Starter,16,5,844,2.88,0
2909,1055,2023-07-27,Starter,13,4,133,2.11,0
2910,1055,2023-08-03,Starter,7,2,157,1.32,0
2911,1055,2023-08-10,Starter,9,4,775,4.12,0
2912,1055,2023-08-17,Starter,10,3,499,2.78,0
2913,1055,2023-08-24,Starter,10,2,362,4.99,0
2914,1055,2023-08-31,Starter,18,4,956,3.27,0
2915,1055,2023-09-07,Starter,16,3,126,1.65,0
2916,1055,2023-09-14,Starter,14,3,149,3.53,0
2917,1055,2023-09-21,Starter,14,2,644,1.53,0
2918,1055,2023-09-28,Starter,4,2,655,2.29,0
2919,1055,2023-10-05,Starter,7,1,1023,0.87,0
2920,1055,2023-10-12,Starter,6,1,103,1.55,0
2921,1055,2023-10-19,Starter,11,3,953,2.06,0
2922,1055,2023-10-26,Starter,12,4,677,0.68,0
2923,1055,2023-11-02,Starter,13,1,685,3.14,0
2924,1055,2023-11-09,Starter,14,2,642,2.8,0
2925,1055,2023-11-16,Starter,6,4,308,3.76,0
2926,1055,2023-11-23,Starter,14,2,921,2.65,0
2927,1055,2023-11-30,Starter,10,4,542,1.3,0
2928,1055,2023-12-07,Starter,14,3,984,2.61,0
2929,1055,2023-12-14,Starter,8,2,114,2.26,0
2930,1055,2023-12-21,Starter,17,3,432,4.75,0
2931,1055,2023-12-28,Starter,9,3,403,1.75,0
2932,1055,2024-01-04,Starter,14,1,240,2.31,0
2933,1055,2024-01-11,Starter,8,2,726,1.77,0
2934,1055,2024-01-18,Starter,17,2,338,1.7,0
2935,1055,2024-01-25,Starter,17,2,751,2.36,0
2936,1055,2024-02-01,Starter,12,4,456,2.56,0
2937,1055,2024-02-08,Starter,12,2,745,1.87,0
2938,1055,2024-02-15,Starter,4,2,344,3.53,0
2939,1055,2024-02-22,Starter,13,1,909,3.69,0
2940,1055,2024-02-29,Starter,8,1,899,3.62,0
2941,1055,2024-03-07,Starter,9,4,800,3.34,0
2942,1055,2024-03-14,Starter,5,1,780,0.83,0
2943,1055,2024-03-21,Starter,5,5,122,3.91,0
2944,1055,2024-03-28,Starter,5,4,722,1.65,0
2945,1055,2024-04-04,Starter,14,1,1008,3.93,0
2946,1055,2024-04-11,Starter,5,4,96,2.99,0
2947,1055,2024-04-18,Starter,9,4,771,0.77,0
2948,1055,2024-04-25,Starter,9,2,909,2.29,0
2949,1055,2024-05-02,Starter,10,3,153,2.72,0
2950,1055,2024-05-09,Starter,20,2,876,4.27,0
2951,1055,2024-05-16,Starter,8,3,181,1.83,0
2952,1055,2024-05-23,Starter,18,2,661,1.99,0
2953,1055,2024-05-30,Starter,17,1,117,3.42,0
2954,1055,2024-06-06,Starter,14,4,718,3.26,0
2955,1055,2024-06-13,Starter,14,2,155,1.42,0
2956,1055,2024-06-20,Starter,18,4,452,0.59,0
2957,1055,2024-06-27,Starter,9,2,1006,0.73,0
2958,1055,2024-07-04,Starter,12,3,642,2.6,0
2959,1055,2024-07-11,Starter,11,3,551,1.85,0
2960,1055,2024-07-18,Starter,9,1,796,3.52,0
2961,1055,2024-07-25,Starter,10,4,298,3.69,0
2962,1055,2024-08-01,Starter,4,2,474,0.87,0
2963,1055,2024-08-08,Starter,12,4,271,0.9,0
2964,1055,2024-08-15,Starter,6,1,736,1.29,0
2965,1055,2024-08-22,Starter,12,3,592,1.77,0
2966,1055,2024-08-29,Starter,14,4,244,4.44,0
2967,1055,2024-09-05,Starter,8,2,374,3.17,0
2968,1055,2024-09-12,Starter,9,4,1002,3.68,0
2969,1055,2024-09-19,Starter,4,4,822,4.42,0
2970,1055,2024-09-26,Starter,7,2,223,4.97,0
2971,1055,2024-10-03,Starter,16,2,194,2.79,0
2972,1055,2024-10-10,Starter,11,3,104,2.84,0
2973,1055,2024-10-17,Starter,12,2,977,3.2,0
2974,1055,2024-10-24,Starter,8,2,659,5.2,0
2975,1055,2024-10-31,Starter,6,2,696,2.78,0
2976,1055,2024-11-07,Starter,17,4,773,1.31,0
2977,1055,2024-11-14,Starter,6,2,345,1.69,0
2978,1055,2024-11-21,Starter,13,3,253,4.33,0
2979,1055,2024-11-28,Starter,20,1,111,1.42,0
2980,1055,2024-12-05,Starter,19,1,795,3.6,0
2981,1055,2024-12-12,Starter,8,1,257,4.73,0
2982,1055,2024-12-19,Starter,17,1,719,3.83,0
2983,1055,2024-12-26,Starter,12,1,669,4.22,0
2984,1061,2023-03-02,Pro,38,6,1015,12.0,1
2985,1061,2023-03-09,Pro,12,5,484,4.68,1
2986,1061,2023-03-16,Pro,25,5,1362,3.96,1
2987,1061,2023-03-23,Pro,7,2,549,3.16,1
2988,1061,2023-03-30,Pro,6,1,579,7.93,1
2989,1066,2023-10-03,Business,101,33,6505,66.95,0
2990,1066,2023-10-10,Business,128,20,8661,84.02,0
2991,1066,2023-10-17,Business,123,28,9703,82.73,0
2992,1066,2023-10-24,Business,53,25,21659,73.87,0
2993,1066,2023-10-31,Business,135,52,10094,91.27,0
2994,1066,2024-12-03,Enterprise,125,128,15564,167.88,0
2995,1066,2024-12-10,Enterprise,425,173,69505,369.17,0
2996,1066,2024-12-17,Enterprise,457,131,30841,185.26,0
2997,1066,2024-12-24,Enterprise,366,145,61775,266.92,0
2998,1066,2024-12-31,Enterprise,125,59,43701,400.06,0
2999,1067,2023-08-03,Starter,11,1,89,1.46,1
3000,1067,2023-08-10,Starter,5,2,85,2.0,1
3001,1067,2023-08-17,Starter,4,1,210,3.87,1
3002,1067,2023-08-24,Starter,2,1,134,1.03,1
3003,1067,2023-08-31,Starter,3,1,49,3.8,1
3004,1073,2023-01-05,Starter,3,1,252,3.6,1
3005,1073,2023-01-12,Starter,7,1,479,4.02,1
3006,1073,2023-01-19,Starter,3,2,142,2.62,1
3007,1073,2023-01-26,Starter,2,1,48,3.37,1
3008,1073,2023-02-02,Starter,2,1,98,1.86,1
3009,1075,2024-12-05,Enterprise,392,42,81526,75.46,0
3010,1075,2024-12-12,Enterprise,325,59,10542,259.03,0
3011,1075,2024-12-19,Enterprise,120,175,106125,452.73,0
3012,1075,2024-12-26,Enterprise,300,67,10513,397.36,0
3013,1076,2023-06-05,Starter,17,2,374,4.36,0
3014,1076,2023-06-12,Starter,16,2,1014,2.73,0
3015,1076,2023-06-19,Starter,5,4,320,2.38,0
3016,1076,2023-06-26,Starter,21,1,553,2.29,0
3017,1076,2023-07-03,Starter,7,3,616,4.73,0
3018,1076,2024-02-05,Pro,21,9,3413,3.24,0
3019,1076,2024-02-12,Pro,37,12,1809,9.71,0
3020,1076,2024-02-19,Pro,55,7,3060,12.11,0
3021,1076,2024-02-26,Pro,44,13,3930,13.3,0
3022,1076,2024-03-04,Pro,29,11,2672,18.85,0
3023,1076,2024-07-05,Starter,20,3,871,2.85,0
3024,1076,2024-07-12,Starter,17,5,1121,2.01,0
3025,1076,2024-07-19,Starter,10,1,470,1.87,0
3026,1076,2024-07-26,Starter,22,1,755,0.56,0
3027,1076,2024-08-02,Starter,11,2,992,4.68,0
3028,1076,2024-08-09,Starter,18,3,606,1.29,0
3029,1076,2024-08-16,Starter,15,1,679,2.7,0
3030,1076,2024-08-23,Starter,13,3,922,1.48,0
3031,1076,2024-08-30,Starter,6,1,791,0.68,0
3032,1076,2024-09-06,Starter,10,1,262,0.83,0
3033,1076,2024-09-13,Starter,12,4,636,1.64,0
3034,1076,2024-09-20,Starter,16,1,241,4.0,0
3035,1076,2024-09-27,Starter,12,4,294,3.46,0
3036,1076,2024-10-04,Starter,15,3,374,1.84,0
3037,1076,2024-10-11,Starter,6,1,227,4.6,0
3038,1076,2024-10-18,Starter,9,4,367,4.29,0
3039,1076,2024-10-25,Starter,16,2,124,4.63,0
3040,1076,2024-11-01,Starter,7,3,845,4.02,0
3041,1076,2024-11-08,Starter,13,2,771,4.39,0
3042,1076,2024-11-15,Starter,11,3,122,2.63,0
3043,1076,2024-11-22,Starter,19,4,569,0.74,0
3044,1076,2024-11-29,Starter,14,4,433,0.83,0
3045,1076,2024-12-06,Starter,16,5,88,3.34,0
3046,1076,2024-12-13,Starter,14,1,399,0.94,0
3047,1076,2024-12-20,Starter,13,4,568,2.26,0
3048,1076,2024-12-27,Starter,22,1,266,3.97,0
3049,1081,2024-09-06,Starter,11,2,549,4.35,1
3050,1081,2024-09-13,Starter,11,1,158,1.93,1
3051,1081,2024-09-20,Starter,6,1,37,3.46,1
3052,1081,2024-09-27,Starter,1,1,132,2.58,1
3053,1081,2024-10-04,Starter,2,1,160,3.95,1
3054,1083,2024-12-07,Enterprise,119,76,31204,97.86,0
3055,1083,2024-12-14,Enterprise,123,56,18072,454.09,0
3056,1083,2024-12-21,Enterprise,346,132,75119,111.26,0
3057,1083,2024-12-28,Enterprise,140,210,19712,339.21,0
3058,1084,2023-06-07,Pro,18,5,2253,7.92,1
3059,1084,2023-06-14,Pro,26,6,461,2.03,1
3060,1084,2023-06-21,Pro,21,1,946,10.79,1
3061,1084,2023-06-28,Pro,7,2,350,4.24,1
3062,1084,2023-07-05,Pro,10,1,245,13.58,1
3063,1085,2024-11-07,Business,49,26,9078,98.22,1
3064,1085,2024-11-14,Business,26,17,2060,83.39,1
3065,1085,2024-11-21,Business,49,5,6496,19.19,1
3066,1085,2024-11-28,Business,30,2,4477,64.76,1
3067,1085,2024-12-05,Business,31,3,1899,62.13,1
3068,1088,2023-01-07,Starter,8,2,342,1.54,1
3069,1088,2023-01-14,Starter,1,1,554,0.76,1
3070,1088,2023-01-21,Starter,1,1,261,0.85,1
3071,1088,2023-01-28,Starter,2,1,168,1.29,1
3072,1088,2023-02-04,Starter,3,1,102,2.97,1
3073,1089,2024-12-07,Enterprise,355,126,67193,179.81,0
3074,1089,2024-12-14,Enterprise,158,41,55388,266.57,0
3075,1089,2024-12-21,Enterprise,232,55,89272,341.19,0
3076,1089,2024-12-28,Enterprise,345,170,33491,376.99,0
3077,1090,2023-09-08,Enterprise,203,120,19372,51.43,1
3078,1090,2023-09-15,Enterprise,219,80,22318,281.94,1
3079,1090,2023-09-22,Enterprise,57,68,11211,520.88,1
3080,1090,2023-09-29,Enterprise,77,41,9218,258.35,1
3081,1090,2023-10-06,Enterprise,81,36,21008,259.13,1
3082,1093,2023-08-08,Pro,17,3,2586,15.9,1
3083,1093,2023-08-15,Pro,21,5,1272,12.01,1
3084,1093,2023-08-22,Pro,24,5,1669,5.05,1
3085,1093,2023-08-29,Pro,11,2,974,11.8,1
3086,1093,2023-09-05,Pro,4,2,437,13.87,1
3087,1096,2023-03-08,Pro,47,10,2969,11.88,0
3088,1096,2023-03-15,Pro,43,6,772,2.12,0
3089,1096,2023-03-22,Pro,55,7,3937,11.11,0
3090,1096,2023-03-29,Pro,33,13,2576,12.59,0
3091,1096,2023-04-05,Pro,47,14,4981,8.83,0
3092,1096,2024-12-08,Business,93,26,17693,40.62,0
3093,1096,2024-12-15,Business,38,34,17867,72.81,0
3094,1096,2024-12-22,Business,43,12,14237,44.65,0
3095,1096,2024-12-29,Business,86,45,13427,34.03,0
3096,1101,2024-12-09,Enterprise,429,87,57922,379.62,0
3097,1101,2024-12-16,Enterprise,204,103,56112,179.14,0
3098,1101,2024-12-23,Enterprise,337,169,54819,404.19,0
3099,1101,2024-12-30,Enterprise,302,150,16302,481.01,0
3100,1108,2023-11-10,Starter,5,3,142,4.22,1
3101,1108,2023-11-17,Starter,5,1,554,4.94,1
3102,1108,2023-11-24,Starter,5,1,51,2.34,1
3103,1108,2023-12-01,Starter,2,1,112,2.29,1
3104,1108,2023-12-08,Starter,3,1,127,1.58,1
3105,1110,2023-08-11,Enterprise,272,121,94319,152.61,0
3106,1110,2023-08-18,Enterprise,394,96,84070,498.49,0
3107,1110,2023-08-25,Enterprise,513,174,77466,49.16,0
3108,1110,2023-09-01,Enterprise,286,109,13123,287.05,0
3109,1110,2023-09-08,Enterprise,376,172,55729,149.3,0
3110,1110,2024-08-11,Business,49,18,9374,13.18,1
3111,1110,2024-08-18,Business,23,19,4925,38.18,1
3112,1110,2024-08-25,Business,19,6,3203,45.98,1
3113,1110,2024-09-01,Business,13,8,1623,14.26,1
3114,1110,2024-09-08,Business,14,4,729,57.06,1
3115,1112,2024-12-11,Enterprise,369,53,82488,453.31,0
3116,1112,2024-12-18,Enterprise,376,40,76061,297.63,0
3117,1112,2024-12-25,Enterprise,521,129,94004,354.37,0
3118,1115,2023-06-11,Enterprise,271,74,30378,78.84,0
3119,1115,2023-06-18,Enterprise,63,62,73249,101.55,0
3120,1115,2023-06-25,Enterprise,100,96,98448,298.14,0
3121,1115,2023-07-02,Enterprise,256,39,16335,243.92,0
3122,1115,2023-07-09,Enterprise,68,115,9799,248.39,0
3123,1115,2024-12-11,Business,46,41,11123,74.26,0
3124,1115,2024-12-18,Business,99,23,4213,90.77,0
3125,1115,2024-12-25,Business,53,38,2933,27.8,0
3126,1121,2023-01-13,Enterprise,173,104,48169,351.56,0
3127,1121,2023-01-20,Enterprise,347,67,94208,129.65,0
3128,1121,2023-01-27,Enterprise,87,57,14015,221.77,0
3129,1121,2023-02-03,Enterprise,117,54,47719,190.48,0
3130,1121,2023-02-10,Enterprise,352,190,15240,245.8,0
3131,1121,2024-12-13,Business,141,34,19002,37.24,0
3132,1121,2024-12-20,Business,110,37,16697,65.97,0
3133,1121,2024-12-27,Business,66,30,12565,56.9,0
3134,1125,2023-11-14,Pro,60,10,3314,9.88,0
3135,1125,2023-11-21,Pro,26,7,3739,18.08,0
3136,1125,2023-11-28,Pro,22,11,5486,9.9,0
3137,1125,2023-12-05,Pro,39,11,821,19.14,0
3138,1125,2023-12-12,Pro,51,4,1313,14.35,0
3139,1125,2024-08-14,Business,87,17,7478,42.22,1
3140,1125,2024-08-21,Business,27,19,10146,41.92,1
3141,1125,2024-08-28,Business,30,9,1268,10.45,1
3142,1125,2024-09-04,Business,20,4,3937,23.19,1
3143,1125,2024-09-11,Business,11,4,425,45.92,1
3144,1129,2024-03-16,Business,75,14,13432,33.75,0
3145,1129,2024-03-23,Business,69,23,3031,80.28,0
3146,1129,2024-03-30,Business,85,31,18273,32.32,0
3147,1129,2024-04-06,Business,44,48,11184,12.62,0
3148,1129,2024-04-13,Business,40,21,18199,80.17,0
3149,1129,2024-12-16,Enterprise,263,100,96514,372.07,0
3150,1129,2024-12-23,Enterprise,467,125,85727,330.77,0
3151,1129,2024-12-30,Enterprise,450,189,31097,114.24,0
3152,1130,2023-07-16,Pro,24,11,4658,9.22,0
3153,1130,2023-07-23,Pro,41,10,3161,5.74,0
3154,1130,2023-07-30,Pro,21,14,3414,5.82,0
3155,1130,2023-08-06,Pro,24,4,5086,10.33,0
3156,1130,2023-08-13,Pro,9,6,2863,11.46,0
3157,1130,2024-01-16,Starter,11,3,307,4.59,0
3158,1130,2024-01-23,Starter,21,4,635,0.99,0
3159,1130,2024-01-30,Starter,9,3,807,5.15,0
3160,1130,2024-02-06,Starter,13,3,135,1.41,0
3161,1130,2024-02-13,Starter,15,1,264,4.74,0
3162,1130,2024-02-20,Starter,9,1,859,3.57,0
3163,1130,2024-02-27,Starter,8,2,861,3.33,0
3164,1130,2024-03-05,Starter,14,4,151,2.63,0
3165,1130,2024-03-12,Starter,11,2,498,3.76,0
3166,1130,2024-03-19,Starter,11,1,834,1.63,0
3167,1130,2024-03-26,Starter,12,2,832,0.6,0
3168,1130,2024-04-02,Starter,21,2,525,3.99,0
3169,1130,2024-04-09,Starter,5,3,912,4.66,0
3170,1130,2024-04-16,Starter,15,4,649,1.34,0
3171,1130,2024-04-23,Starter,5,1,813,4.72,0
3172,1130,2024-04-30,Starter,15,4,972,2.39,0
3173,1130,2024-05-07,Starter,8,4,333,2.64,0
3174,1130,2024-05-14,Starter,5,4,786,0.69,0
3175,1130,2024-05-21,Starter,8,2,222,2.96,0
3176,1130,2024-05-28,Starter,12,3,942,2.83,0
3177,1130,2024-06-04,Starter,9,4,313,3.94,0
3178,1130,2024-06-11,Starter,8,2,394,2.29,0
3179,1130,2024-06-18,Starter,10,1,656,4.96,0
3180,1130,2024-06-25,Starter,6,3,896,1.89,0
3181,1130,2024-07-02,Starter,18,3,929,1.11,0
3182,1130,2024-07-09,Starter,16,4,321,0.54,0
3183,1130,2024-07-16,Starter,12,1,802,2.61,0
3184,1130,2024-07-23,Starter,19,4,191,1.13,0
3185,1130,2024-07-30,Starter,16,4,207,2.74,0
3186,1130,2024-08-06,Starter,19,4,203,4.91,0
3187,1130,2024-08-13,Starter,4,1,384,0.73,0
3188,1130,2024-08-20,Starter,18,3,896,4.34,0
3189,1130,2024-08-27,Starter,15,3,183,3.03,0
3190,1130,2024-09-03,Starter,8,2,574,4.09,0
3191,1130,2024-09-10,Starter,13,4,805,4.13,0
3192,1130,2024-09-17,Starter,7,3,791,4.01,0
3193,1130,2024-09-24,Starter,17,1,263,3.8,0
3194,1130,2024-10-01,Starter,11,3,560,0.9,0
3195,1130,2024-10-08,Starter,21,3,708,4.02,0
3196,1130,2024-10-15,Starter,15,2,231,2.64,0
3197,1130,2024-10-22,Starter,11,3,543,4.35,0
3198,1130,2024-10-29,Starter,12,4,881,3.09,0
3199,1130,2024-11-05,Starter,5,4,236,3.82,0
3200,1130,2024-11-12,Starter,19,2,769,3.23,0
3201,1130,2024-11-19,Starter,9,4,128,2.97,0
3202,1130,2024-11-26,Starter,16,2,793,3.06,0
3203,1130,2024-12-03,Starter,20,1,191,1.04,0
3204,1130,2024-12-10,Starter,10,4,549,3.59,0
3205,1130,2024-12-17,Starter,10,1,808,3.12,0
3206,1130,2024-12-24,Starter,7,2,179,3.15,0
3207,1130,2024-12-31,Starter,14,4,478,2.51,0
3208,1133,2024-09-17,Starter,9,2,72,5.02,1
3209,1133,2024-09-24,Starter,6,1,305,4.61,1
3210,1133,2024-10-01,Starter,5,1,153,4.49,1
3211,1133,2024-10-08,Starter,3,1,108,0.65,1
3212,1133,2024-10-15,Starter,1,1,158,4.73,1
3213,1134,2023-03-17,Starter,11,1,464,4.64,1
3214,1134,2023-03-24,Starter,5,2,129,1.95,1
3215,1134,2023-03-31,Starter,2,1,121,4.86,1
3216,1134,2023-04-07,Starter,4,1,247,1.89,1
3217,1134,2023-04-14,Starter,2,1,142,4.01,1
3218,1135,2023-11-17,Starter,12,3,919,1.07,0
3219,1135,2023-11-24,Starter,14,4,1122,1.33,0
3220,1135,2023-12-01,Starter,22,1,221,4.55,0
3221,1135,2023-12-08,Starter,9,4,890,2.14,0
3222,1135,2023-12-15,Starter,7,4,730,1.05,0
3223,1135,2024-02-17,Pro,44,12,3795,15.23,0
3224,1135,2024-02-24,Pro,27,4,2516,5.85,0
3225,1135,2024-03-02,Pro,13,7,4602,9.53,0
3226,1135,2024-03-09,Pro,36,14,2097,9.67,0
3227,1135,2024-03-16,Pro,13,7,4697,19.0,0
3228,1135,2024-12-17,Pro,28,4,4722,17.83,0
3229,1135,2024-12-24,Pro,29,6,3406,2.34,0
3230,1135,2024-12-31,Pro,56,11,1264,16.59,0
3231,1140,2023-01-18,Pro,25,8,2258,3.16,0
3232,1140,2023-01-25,Pro,49,7,4536,8.87,0
3233,1140,2023-02-01,Pro,16,3,3867,16.46,0
3234,1140,2023-02-08,Pro,33,7,1923,10.5,0
3235,1140,2023-02-15,Pro,50,3,1064,14.65,0
3236,1140,2024-12-18,Business,58,25,5677,38.18,0
3237,1140,2024-12-25,Business,47,47,15506,89.22,0
3238,1142,2024-07-19,Starter,13,2,95,1.13,1
3239,1142,2024-07-26,Starter,9,1,393,3.64,1
3240,1142,2024-08-02,Starter,6,1,230,3.46,1
3241,1142,2024-08-09,Starter,2,1,246,1.52,1
3242,1142,2024-08-16,Starter,1,1,178,1.29,1
3243,1149,2023-09-21,Pro,23,7,1015,5.38,0
3244,1149,2023-09-28,Pro,17,9,1939,15.48,0
3245,1149,2023-10-05,Pro,31,11,3612,12.58,0
3246,1149,2023-10-12,Pro,60,7,2871,14.92,0
3247,1149,2023-10-19,Pro,53,12,538,15.09,0
3248,1149,2023-10-21,Business,33,33,12623,60.66,0
3249,1149,2023-10-28,Business,41,20,9157,59.64,0
3250,1149,2023-11-04,Business,95,19,21545,39.62,0
3251,1149,2023-11-11,Business,61,35,5348,19.71,0
3252,1149,2023-11-18,Business,49,29,7418,99.58,0
3253,1149,2024-07-21,Pro,11,7,855,16.74,0
3254,1149,2024-07-28,Pro,26,12,3887,12.22,0
3255,1149,2024-08-04,Pro,38,15,4870,17.41,0
3256,1149,2024-08-11,Pro,17,4,4979,3.27,0
3257,1149,2024-08-18,Pro,25,15,3107,3.24,0
3258,1149,2024-12-21,Business,94,36,6778,70.93,0
3259,1149,2024-12-28,Business,88,44,6348,69.47,0
3260,1150,2024-03-22,Starter,11,1,545,0.94,1
3261,1150,2024-03-29,Starter,12,1,305,1.09,1
3262,1150,2024-04-05,Starter,7,1,205,1.28,1
3263,1150,2024-04-12,Starter,2,1,162,0.82,1
3264,1150,2024-04-19,Starter,3,1,89,1.98,1
3265,1161,2024-12-24,Pro,69,8,608,14.64,0
3266,1161,2024-12-31,Pro,39,5,4229,8.28,0
3267,1163,2023-11-24,Enterprise,204,144,81094,165.6,0
3268,1163,2023-12-01,Enterprise,452,111,78260,292.91,0
3269,1163,2023-12-08,Enterprise,556,171,99584,242.21,0
3270,1163,2023-12-15,Enterprise,386,78,17019,313.06,0
3271,1163,2023-12-22,Enterprise,349,77,60847,348.88,0
3272,1163,2023-12-24,Business,37,22,10286,28.9,0
3273,1163,2023-12-31,Business,74,31,11233,32.68,0
3274,1163,2024-01-07,Business,35,44,8446,81.11,0
3275,1163,2024-01-14,Business,81,26,13694,79.71,0
3276,1163,2024-01-21,Business,86,27,13723,92.64,0
3277,1163,2024-08-24,Pro,12,6,3343,4.92,0
3278,1163,2024-08-31,Pro,29,5,5637,13.06,0
3279,1163,2024-09-07,Pro,36,13,1889,17.98,0
3280,1163,2024-09-14,Pro,10,15,1577,11.73,0
3281,1163,2024-09-21,Pro,34,12,4113,9.09,0
3282,1163,2024-12-24,Business,137,18,6778,15.58,0
3283,1163,2024-12-31,Business,99,16,11784,67.61,0
3284,1164,2024-02-24,Business,49,11,13659,41.22,1
3285,1164,2024-03-02,Business,21,24,3255,66.63,1
3286,1164,2024-03-09,Business,22,9,5951,23.2,1
3287,1164,2024-03-16,Business,7,3,440,45.42,1
3288,1164,2024-03-23,Business,20,2,2575,52.44,1
3289,1171,2023-11-25,Pro,29,9,4115,2.47,0
3290,1171,2023-12-02,Pro,27,4,4305,13.94,0
3291,1171,2023-12-09,Pro,33,14,1232,10.07,0
3292,1171,2023-12-16,Pro,12,10,2773,12.79,0
3293,1171,2023-12-23,Pro,14,7,2203,6.52,0
3294,1171,2024-12-25,Business,146,46,11865,36.01,0
3295,1175,2023-01-26,Pro,40,15,3368,6.77,0
3296,1175,2023-02-02,Pro,15,13,1357,7.14,0
3297,1175,2023-02-09,Pro,49,3,1197,7.68,0
3298,1175,2023-02-16,Pro,26,13,4200,14.87,0
3299,1175,2023-02-23,Pro,46,14,2673,17.25,0
3300,1175,2024-04-26,Business,120,25,13852,13.79,0
3301,1175,2024-05-03,Business,128,50,14831,93.15,0
3302,1175,2024-05-10,Business,89,38,16698,96.8,0
3303,1175,2024-05-17,Business,151,34,10893,84.04,0
3304,1175,2024-05-24,Business,121,21,9073,79.43,0
3305,1175,2024-09-26,Pro,43,13,2041,14.06,0
3306,1175,2024-10-03,Pro,58,12,2766,3.3,0
3307,1175,2024-10-10,Pro,53,9,729,12.68,0
3308,1175,2024-10-17,Pro,62,11,2762,3.65,0
3309,1175,2024-10-24,Pro,35,6,722,9.52,0
3310,1175,2024-12-26,Business,14,6,410,80.42,1
3311,1179,2024-12-27,Enterprise,440,81,105624,60.63,0
3312,1181,2023-06-27,Starter,12,3,995,2.22,0
3313,1181,2023-07-04,Starter,9,1,668,1.71,0
3314,1181,2023-07-11,Starter,11,4,421,2.65,0
3315,1181,2023-07-18,Starter,11,4,396,3.74,0
3316,1181,2023-07-25,Starter,12,4,99,1.22,0
3317,1181,2023-11-27,Pro,31,10,947,15.89,1
3318,1181,2023-12-04,Pro,14,6,2671,16.66,1
3319,1181,2023-12-11,Pro,11,4,576,18.1,1
3320,1181,2023-12-18,Pro,8,2,409,20.42,1
3321,1181,2023-12-25,Pro,10,1,998,7.69,1
3322,1194,2024-12-28,Starter,7,2,630,2.21,0
3323,1197,2024-01-28,Starter,5,4,606,2.72,0
3324,1197,2024-02-04,Starter,5,4,1066,2.49,0
3325,1197,2024-02-11,Starter,13,3,502,1.38,0
3326,1197,2024-02-18,Starter,14,1,333,2.28,0
3327,1197,2024-02-25,Starter,8,4,297,3.44,0
3328,1197,2024-12-28,Pro,39,8,753,16.96,0
3329,1199,2023-03-28,Business,87,42,20301,74.01,0
3330,1199,2023-04-04,Business,103,35,13144,79.4,0
3331,1199,2023-04-11,Business,100,30,17311,86.5,0
3332,1199,2023-04-18,Business,72,13,7755,31.61,0
3333,1199,2023-04-25,Business,96,46,4515,49.95,0
3334,1199,2024-12-28,Enterprise,86,117,18975,420.95,0
3335,1201,2023-01-01,Pro,12,8,2342,3.06,0
3336,1201,2023-01-08,Pro,9,7,3542,17.33,0
3337,1201,2023-01-15,Pro,19,8,1589,6.28,0
3338,1201,2023-01-22,Pro,34,6,3295,7.38,0
3339,1201,2023-01-29,Pro,19,11,2341,19.65,0
3340,1201,2024-12-01,Business,87,23,5017,44.56,0
3341,1201,2024-12-08,Business,96,47,4505,65.57,0
3342,1201,2024-12-15,Business,86,15,16482,77.73,0
3343,1201,2024-12-22,Business,31,27,10299,33.74,0
3344,1201,2024-12-29,Business,26,32,14233,25.65,0
3345,1202,2023-11-01,Pro,19,8,666,7.56,0
3346,1202,2023-11-08,Pro,60,6,3704,16.23,0
3347,1202,2023-11-15,Pro,40,13,3107,7.89,0
3348,1202,2023-11-22,Pro,19,3,4286,13.19,0
3349,1202,2023-11-29,Pro,25,7,2929,19.65,0
3350,1202,2024-04-01,Business,41,21,6972,43.0,1
3351,1202,2024-04-08,Business,55,5,4553,21.64,1
3352,1202,2024-04-15,Business,16,11,4915,29.67,1
3353,1202,2024-04-22,Business,9,8,2292,61.25,1
3354,1202,2024-04-29,Business,20,4,2647,25.74,1
3355,1207,2024-12-02,Pro,14,7,4804,14.51,0
3356,1207,2024-12-09,Pro,18,10,2540,2.77,0
3357,1207,2024-12-16,Pro,47,5,4492,6.42,0
3358,1207,2024-12-23,Pro,58,12,4823,9.01,0
3359,1207,2024-12-30,Pro,30,13,1982,16.92,0
3360,1208,2024-02-02,Business,57,27,4145,35.16,1
3361,1208,2024-02-09,Business,63,21,8347,75.25,1
3362,1208,2024-02-16,Business,42,7,2060,28.14,1
3363,1208,2024-02-23,Business,7,5,1006,72.17,1
3364,1208,2024-03-01,Business,19,6,2372,40.16,1
3365,1212,2023-01-03,Starter,13,2,421,4.2,1
3366,1212,2023-01-10,Starter,8,2,146,3.92,1
3367,1212,2023-01-17,Starter,7,1,164,2.35,1
3368,1212,2023-01-24,Starter,2,1,109,4.62,1
3369,1212,2023-01-31,Starter,3,1,157,0.68,1
3370,1215,2023-01-03,Business,98,49,9402,45.22,0
3371,1215,2023-01-10,Business,98,40,16000,76.12,0
3372,1215,2023-01-17,Business,71,17,10829,52.63,0
3373,1215,2023-01-24,Business,73,19,12037,34.35,0
3374,1215,2023-01-31,Business,140,9,13562,88.89,0
3375,1215,2024-01-03,Enterprise,323,91,59912,171.65,0
3376,1215,2024-01-10,Enterprise,390,160,28606,221.82,0
3377,1215,2024-01-17,Enterprise,309,30,66161,160.39,0
3378,1215,2024-01-24,Enterprise,123,153,34376,378.21,0
3379,1215,2024-01-31,Enterprise,396,58,21699,119.38,0
3380,1215,2024-12-03,Business,74,14,18927,23.78,0
3381,1215,2024-12-10,Business,80,47,3251,86.01,0
3382,1215,2024-12-17,Business,148,40,12442,25.73,0
3383,1215,2024-12-24,Business,148,19,13508,80.61,0
3384,1215,2024-12-31,Business,102,27,10002,64.69,0
3385,1219,2023-06-04,Pro,17,2,536,7.18,1
3386,1219,2023-06-11,Pro,11,6,1520,3.04,1
3387,1219,2023-06-18,Pro,4,1,520,11.89,1
3388,1219,2023-06-25,Pro,4,1,584,3.46,1
3389,1219,2023-07-02,Pro,8,2,375,5.48,1
3390,1227,2023-04-06,Pro,28,6,4028,7.14,1
3391,1227,2023-04-13,Pro,11,5,603,11.6,1
3392,1227,2023-04-20,Pro,15,3,407,9.65,1
3393,1227,2023-04-27,Pro,6,1,905,8.4,1
3394,1227,2023-05-04,Pro,13,3,821,11.27,1
3395,1228,2023-03-06,Pro,29,12,2456,9.57,1
3396,1228,2023-03-13,Pro,10,6,1772,2.23,1
3397,1228,2023-03-20,Pro,22,5,1090,4.67,1
3398,1228,2023-03-27,Pro,9,1,423,17.67,1
3399,1228,2023-04-03,Pro,7,2,136,5.79,1
3400,1229,2023-08-06,Starter,5,1,287,2.74,1
3401,1229,2023-08-13,Starter,5,1,516,4.22,1
3402,1229,2023-08-20,Starter,2,1,132,1.19,1
3403,1229,2023-08-27,Starter,1,1,84,4.0,1
3404,1229,2023-09-03,Starter,1,1,40,0.64,1
3405,1231,2024-06-06,Pro,18,6,1197,18.25,1
3406,1231,2024-06-13,Pro,10,6,300,3.31,1
3407,1231,2024-06-20,Pro,18,3,1324,16.44,1
3408,1231,2024-06-27,Pro,6,1,1022,16.66,1
3409,1231,2024-07-04,Pro,6,1,614,19.41,1
3410,1234,2024-12-07,Starter,14,2,602,1.04,0
3411,1234,2024-12-14,Starter,5,4,560,3.13,0
3412,1234,2024-12-21,Starter,7,5,355,1.88,0
3413,1234,2024-12-28,Starter,7,3,411,4.18,0
3414,1237,2024-09-07,Pro,20,8,2168,4.13,1
3415,1237,2024-09-14,Pro,7,7,1430,14.66,1
3416,1237,2024-09-21,Pro,11,1,707,13.06,1
3417,1237,2024-09-28,Pro,7,1,214,8.44,1
3418,1237,2024-10-05,Pro,6,1,752,15.66,1
3419,1247,2023-02-09,Enterprise,290,67,51347,418.41,1
3420,1247,2023-02-16,Enterprise,93,52,31118,344.41,1
3421,1247,2023-02-23,Enterprise,109,65,16237,437.35,1
3422,1247,2023-03-02,Enterprise,89,13,11445,291.62,1
3423,1247,2023-03-09,Enterprise,155,70,92286,220.93,0
3424,1250,2024-02-09,Enterprise,464,89,45096,145.39,0
3425,1250,2024-02-16,Enterprise,118,105,78678,364.36,0
3426,1250,2024-02-23,Enterprise,130,155,44911,415.26,0
3427,1250,2024-03-01,Enterprise,295,125,93613,300.77,0
3428,1250,2024-03-08,Enterprise,365,117,63171,444.34,0
3429,1250,2024-09-09,Business,109,29,5026,69.21,0
3430,1250,2024-09-16,Business,77,24,18720,100.29,0
3431,1250,2024-09-23,Business,121,39,8866,62.32,0
3432,1250,2024-09-30,Business,132,52,13475,83.03,0
3433,1250,2024-10-07,Business,60,12,11372,22.38,0
3434,1250,2024-12-09,Enterprise,258,160,85016,176.39,0
3435,1250,2024-12-16,Enterprise,191,158,20010,167.29,0
3436,1250,2024-12-23,Enterprise,488,169,24643,408.26,0
3437,1250,2024-12-30,Enterprise,102,135,101914,357.94,0
3438,1251,2023-06-09,Pro,29,3,4611,6.76,0
3439,1251,2023-06-16,Pro,43,5,1107,8.74,0
3440,1251,2023-06-23,Pro,45,3,1922,9.52,0
3441,1251,2023-06-30,Pro,50,13,1399,6.75,0
3442,1251,2023-07-07,Pro,38,9,1562,9.58,0
3443,1251,2024-12-09,Business,134,48,6543,78.51,0
3444,1251,2024-12-16,Business,127,14,11447,96.31,0
3445,1251,2024-12-23,Business,46,40,9848,41.8,0
3446,1251,2024-12-30,Business,81,36,3715,15.53,0
3447,1255,2024-03-11,Business,91,20,5052,49.1,0
3448,1255,2024-03-18,Business,72,32,14066,29.84,0
3449,1255,2024-03-25,Business,36,25,7632,27.04,0
3450,1255,2024-04-01,Business,132,22,13153,100.23,0
3451,1255,2024-04-08,Business,106,32,5366,46.91,0
3452,1255,2024-05-11,Enterprise,107,112,59019,397.37,1
3453,1255,2024-05-18,Enterprise,126,55,56735,470.39,1
3454,1255,2024-05-25,Enterprise,115,21,11391,185.76,1
3455,1255,2024-06-01,Enterprise,49,22,9155,64.33,1
3456,1255,2024-06-08,Enterprise,25,21,5673,236.53,1
3457,1267,2023-04-13,Business,124,19,19936,86.13,0
3458,1267,2023-04-20,Business,40,16,6561,24.01,0
3459,1267,2023-04-27,Business,93,44,4529,91.73,0
3460,1267,2023-05-04,Business,87,40,17686,25.63,0
3461,1267,2023-05-11,Business,88,10,10041,34.3,0
3462,1267,2024-12-13,Enterprise,274,74,31202,352.79,0
3463,1267,2024-12-20,Enterprise,324,117,84662,438.81,0
3464,1267,2024-12-27,Enterprise,280,137,80997,350.59,0
3465,1269,2023-03-13,Pro,31,13,1060,8.6,0
3466,1269,2023-03-20,Pro,21,7,5076,5.22,0
3467,1269,2023-03-27,Pro,52,12,3199,18.51,0
3468,1269,2023-04-03,Pro,42,9,790,15.92,0
3469,1269,2023-04-10,Pro,50,12,3438,16.94,0
3470,1269,2023-07-13,Business,128,14,5901,103.12,1
3471,1269,2023-07-20,Business,41,10,2271,76.73,1
3472,1269,2023-07-27,Business,15,17,8788,40.17,1
3473,1269,2023-08-03,Business,21,7,794,75.43,1
3474,1269,2023-08-10,Business,10,6,3340,20.01,1
3475,1276,2023-03-16,Starter,4,3,442,1.38,1
3476,1276,2023-03-23,Starter,4,2,416,4.53,1
3477,1276,2023-03-30,Starter,2,1,161,1.3,1
3478,1276,2023-04-06,Starter,3,1,95,1.92,1
3479,1276,2023-04-13,Starter,3,1,161,2.64,1
3480,1278,2023-06-16,Business,100,47,3917,51.37,0
3481,1278,2023-06-23,Business,61,36,4997,56.88,0
3482,1278,2023-06-30,Business,81,41,2033,68.35,0
3483,1278,2023-07-07,Business,39,24,15582,72.88,0
3484,1278,2023-07-14,Business,172,21,3241,55.52,0
3485,1278,2024-12-16,Enterprise,268,50,27870,264.06,0
3486,1278,2024-12-23,Enterprise,146,30,90261,123.18,0
3487,1278,2024-12-30,Enterprise,207,94,48333,307.89,0
3488,1281,2024-12-17,Enterprise,418,52,32411,460.11,0
3489,1281,2024-12-24,Enterprise,129,95,31781,116.38,0
3490,1281,2024-12-31,Enterprise,563,64,86190,411.54,0
3491,1282,2023-01-17,Business,154,24,16199,49.31,0
3492,1282,2023-01-24,Business,99,21,11307,91.57,0
3493,1282,2023-01-31,Business,57,14,3341,51.13,0
3494,1282,2023-02-07,Business,81,25,10985,22.67,0
3495,1282,2023-02-14,Business,99,33,17448,32.83,0
3496,1282,2024-07-17,Pro,53,12,5451,11.69,0
3497,1282,2024-07-24,Pro,32,13,1915,1.99,0
3498,1282,2024-07-31,Pro,16,8,1896,18.9,0
3499,1282,2024-08-07,Pro,26,14,2851,11.74,0
3500,1282,2024-08-14,Pro,43,11,1919,16.86,0
3501,1282,2024-12-17,Starter,11,2,430,1.48,0
3502,1282,2024-12-24,Starter,12,1,354,1.93,0
3503,1282,2024-12-31,Starter,13,4,646,1.14,0
3504,1283,2023-07-18,Pro,29,4,1742,18.15,1
3505,1283,2023-07-25,Pro,27,3,2339,15.69,1
3506,1283,2023-08-01,Pro,14,2,667,13.15,1
3507,1283,2023-08-08,Pro,8,1,1318,10.54,1
3508,1283,2023-08-15,Pro,3,2,810,12.59,1
3509,1285,2023-10-18,Pro,27,5,3647,16.17,0
3510,1285,2023-10-25,Pro,45,10,3438,19.39,0
3511,1285,2023-11-01,Pro,20,9,5433,15.59,0
3512,1285,2023-11-08,Pro,51,6,3043,19.51,0
3513,1285,2023-11-15,Pro,50,7,4818,17.36,0
3514,1285,2024-05-18,Starter,7,4,203,3.44,0
3515,1285,2024-05-25,Starter,4,4,644,4.27,0
3516,1285,2024-06-01,Starter,10,3,851,3.59,0
3517,1285,2024-06-08,Starter,6,1,718,3.69,0
3518,1285,2024-06-15,Starter,3,4,290,4.48,0
3519,1285,2024-06-22,Starter,6,3,695,1.4,0
3520,1285,2024-06-29,Starter,3,1,172,4.56,0
3521,1285,2024-07-06,Starter,12,4,259,4.78,0
3522,1285,2024-07-13,Starter,8,3,439,2.84,0
3523,1285,2024-07-20,Starter,8,3,255,3.79,0
3524,1285,2024-07-27,Starter,4,3,955,4.88,0
3525,1285,2024-08-03,Starter,6,3,147,2.85,0
3526,1285,2024-08-10,Starter,5,3,516,3.9,0
3527,1285,2024-08-17,Starter,11,1,454,4.25,0
3528,1285,2024-08-24,Starter,7,1,688,4.85,0
3529,1285,2024-08-31,Starter,6,4,185,3.74,0
3530,1285,2024-09-07,Starter,4,2,500,1.94,0
3531,1285,2024-09-14,Starter,9,4,598,5.08,0
3532,1285,2024-09-21,Starter,3,1,905,0.88,0
3533,1285,2024-09-28,Starter,6,2,795,2.2,0
3534,1285,2024-10-05,Starter,14,3,639,1.95,0
3535,1285,2024-10-12,Starter,5,1,351,4.52,0
3536,1285,2024-10-19,Starter,3,4,635,5.12,0
3537,1285,2024-10-26,Starter,5,1,470,4.73,0
3538,1285,2024-11-02,Starter,9,3,99,4.61,0
3539,1285,2024-11-09,Starter,8,4,836,1.14,0
3540,1285,2024-11-16,Starter,4,1,1054,4.74,0
3541,1285,2024-11-23,Starter,8,1,349,3.58,0
3542,1285,2024-11-30,Starter,8,1,730,3.54,0
3543,1285,2024-12-07,Starter,10,3,734,3.02,0
3544,1285,2024-12-14,Starter,8,3,506,2.62,0
3545,1285,2024-12-21,Starter,9,1,315,4.6,0
3546,1285,2024-12-28,Starter,3,2,484,3.24,0
3547,1287,2023-10-18,Business,46,35,16458,71.97,0
3548,1287,2023-10-25,Business,141,48,16605,72.4,0
3549,1287,2023-11-01,Business,64,44,2665,11.67,0
3550,1287,2023-11-08,Business,142,17,10937,97.61,0
3551,1287,2023-11-15,Business,43,26,12795,86.23,0
3552,1287,2024-12-18,Enterprise,263,135,58432,342.03,0
3553,1287,2024-12-25,Enterprise,187,115,40922,276.18,0
3554,1288,2024-09-18,Pro,29,3,2118,10.0,0
3555,1288,2024-09-25,Pro,57,10,2509,16.49,0
3556,1288,2024-10-02,Pro,23,8,3850,14.88,0
3557,1288,2024-10-09,Pro,32,8,1243,12.64,0
3558,1288,2024-10-16,Pro,13,5,1577,5.44,0
3559,1288,2024-12-18,Business,96,33,11108,12.39,0
3560,1288,2024-12-25,Business,65,40,9564,73.27,0
3561,1289,2023-04-18,Pro,24,6,1615,10.27,1
3562,1289,2023-04-25,Pro,15,4,1610,11.91,1
3563,1289,2023-05-02,Pro,14,2,1294,2.24,1
3564,1289,2023-05-09,Pro,10,2,1024,3.6,1
3565,1289,2023-05-16,Pro,6,1,559,10.62,1
3566,1298,2024-03-19,Enterprise,135,146,15677,333.87,0
3567,1298,2024-03-26,Enterprise,167,92,16240,310.77,0
3568,1298,2024-04-02,Enterprise,189,188,40120,359.44,0
3569,1298,2024-04-09,Enterprise,359,92,35006,239.51,0
3570,1298,2024-04-16,Enterprise,451,194,77900,429.12,0
3571,1298,2024-07-19,Business,102,14,17191,71.75,0
3572,1298,2024-07-26,Business,58,27,7694,67.76,0
3573,1298,2024-08-02,Business,67,17,16257,35.77,0
3574,1298,2024-08-09,Business,66,17,14956,82.18,0
3575,1298,2024-08-16,Business,102,48,11775,41.53,0
3576,1298,2024-12-19,Enterprise,357,65,42194,416.61,0
3577,1298,2024-12-26,Enterprise,394,116,51385,112.22,0
3578,1304,2023-09-20,Starter,11,1,359,4.7,0
3579,1304,2023-09-27,Starter,10,3,104,2.48,0
3580,1304,2023-10-04,Starter,15,4,567,0.92,0
3581,1304,2023-10-11,Starter,19,1,622,3.35,0
3582,1304,2023-10-18,Starter,7,3,786,4.41,0
3583,1304,2024-03-20,Pro,15,9,1424,6.22,0
3584,1304,2024-03-27,Pro,51,3,2771,6.03,0
3585,1304,2024-04-03,Pro,49,12,1769,17.16,0
3586,1304,2024-04-10,Pro,31,10,724,10.72,1
3587,1304,2024-04-17,Pro,22,11,1137,7.52,1
3588,1304,2024-04-20,Starter,1,2,98,2.2,1
3589,1304,2024-04-27,Starter,6,1,282,5.17,1
3590,1304,2024-05-04,Starter,2,1,94,4.32,1
3591,1304,2024-05-11,Starter,1,1,114,3.82,1
3592,1304,2024-05-18,Starter,0,1,183,2.07,1
3593,1308,2023-09-20,Pro,12,10,1598,12.25,1
3594,1308,2023-09-27,Pro,18,2,2010,18.92,1
3595,1308,2023-10-04,Pro,16,5,1125,11.38,1
3596,1308,2023-10-11,Pro,5,1,800,6.36,1
3597,1308,2023-10-18,Pro,5,1,204,18.26,1
3598,1311,2024-01-21,Business,103,36,4734,39.34,0
3599,1311,2024-01-28,Business,99,25,9602,94.83,0
3600,1311,2024-02-04,Business,77,46,20232,36.68,0
3601,1311,2024-02-11,Business,30,24,12415,50.36,0
3602,1311,2024-02-18,Business,88,24,16815,93.1,0
3603,1311,2024-12-21,Enterprise,80,131,53440,302.92,0
3604,1311,2024-12-28,Enterprise,99,84,67141,205.28,0
3605,1318,2023-07-22,Pro,30,11,5173,2.65,0
3606,1318,2023-07-29,Pro,33,10,3717,15.31,0
3607,1318,2023-08-05,Pro,11,13,3547,7.89,0
3608,1318,2023-08-12,Pro,11,12,3770,3.49,1
3609,1318,2023-08-19,Pro,23,4,1643,8.91,1
3610,1318,2023-08-22,Starter,13,2,691,1.63,1
3611,1318,2023-08-29,Starter,11,1,423,0.84,1
3612,1318,2023-09-05,Starter,2,1,354,0.81,1
3613,1318,2023-09-12,Starter,2,1,53,3.94,1
3614,1318,2023-09-19,Starter,2,1,30,1.68,1
3615,1320,2023-04-22,Starter,6,2,599,0.95,1
3616,1320,2023-04-29,Starter,2,1,172,1.01,1
3617,1320,2023-05-06,Starter,2,1,302,2.22,1
3618,1320,2023-05-13,Starter,2,1,25,2.77,1
3619,1320,2023-05-20,Starter,2,1,49,2.79,1
3620,1323,2023-05-23,Pro,34,9,4408,7.19,0
3621,1323,2023-05-30,Pro,36,3,3914,16.69,0
3622,1323,2023-06-06,Pro,16,14,698,9.11,0
3623,1323,2023-06-13,Pro,21,9,3282,8.39,0
3624,1323,2023-06-20,Pro,52,6,2159,8.59,0
3625,1323,2023-12-23,Business,43,37,5782,43.39,1
3626,1323,2023-12-30,Business,28,14,3687,75.43,1
3627,1323,2024-01-06,Business,35,21,3612,34.27,1
3628,1323,2024-01-13,Business,13,4,2761,76.3,1
3629,1323,2024-01-20,Business,11,2,1582,38.87,1
3630,1333,2023-07-24,Starter,14,2,663,1.93,0
3631,1333,2023-07-31,Starter,17,3,174,4.19,0
3632,1333,2023-08-07,Starter,12,2,273,4.92,0
3633,1333,2023-08-14,Starter,12,1,453,1.92,0
3634,1333,2023-08-21,Starter,21,1,755,1.19,0
3635,1333,2024-10-24,Pro,33,3,1292,12.47,0
3636,1333,2024-10-31,Pro,48,14,4855,11.29,0
3637,1333,2024-11-07,Pro,30,14,2151,13.51,0
3638,1333,2024-11-14,Pro,55,10,2727,19.01,0
3639,1333,2024-11-21,Pro,67,5,1619,5.14,0
3640,1333,2024-12-24,Starter,13,3,394,1.96,0
3641,1333,2024-12-31,Starter,5,2,245,2.89,0
3642,1334,2023-06-24,Pro,22,10,2325,12.9,0
3643,1334,2023-07-01,Pro,45,5,4246,12.52,0
3644,1334,2023-07-08,Pro,17,5,3198,12.75,0
3645,1334,2023-07-15,Pro,26,7,5376,8.17,0
3646,1334,2023-07-22,Pro,13,9,1936,3.49,0
3647,1334,2023-07-24,Starter,13,2,708,0.8,0
3648,1334,2023-07-31,Starter,16,4,686,3.62,0
3649,1334,2023-08-07,Starter,4,4,972,2.19,0
3650,1334,2023-08-14,Starter,16,2,468,2.95,0
3651,1334,2023-08-21,Starter,6,3,856,1.64,0
3652,1334,2024-12-24,Pro,54,12,944,18.42,0
3653,1334,2024-12-31,Pro,59,4,1742,7.51,0
3654,1335,2024-12-25,Business,80,16,12982,50.04,0
3655,1336,2023-03-25,Starter,7,4,801,4.52,0
3656,1336,2023-04-01,Starter,10,3,192,3.97,0
3657,1336,2023-04-08,Starter,2,5,730,4.33,0
3658,1336,2023-04-15,Starter,10,1,536,0.96,1
3659,1336,2023-04-22,Starter,4,3,383,3.33,1
3660,1336,2023-04-25,Pro,35,3,747,9.0,1
3661,1336,2023-05-02,Pro,7,2,374,2.02,1
3662,1336,2023-05-09,Pro,23,3,702,5.98,1
3663,1336,2023-05-16,Pro,3,2,528,2.1,1
3664,1336,2023-05-23,Pro,5,2,633,10.31,1
3665,1343,2023-12-26,Starter,5,1,402,3.48,1
3666,1343,2024-01-02,Starter,6,2,513,0.82,1
3667,1343,2024-01-09,Starter,6,1,410,1.23,1
3668,1343,2024-01-16,Starter,2,1,204,1.94,1
3669,1343,2024-01-23,Starter,1,1,21,4.07,1
3670,1344,2023-06-27,Pro,22,14,3217,17.68,0
3671,1344,2023-07-04,Pro,43,4,1564,12.19,0
3672,1344,2023-07-11,Pro,23,7,4257,10.87,0
3673,1344,2023-07-18,Pro,46,6,3637,13.61,0
3674,1344,2023-07-25,Pro,22,13,4079,6.18,0
3675,1344,2023-11-27,Starter,12,4,1000,2.05,0
3676,1344,2023-12-04,Starter,12,1,472,2.5,0
3677,1344,2023-12-11,Starter,11,1,782,2.79,0
3678,1344,2023-12-18,Starter,14,2,831,2.44,0
3679,1344,2023-12-25,Starter,21,2,1091,0.68,0
3680,1344,2024-01-01,Starter,9,2,333,3.4,0
3681,1344,2024-01-08,Starter,19,3,317,2.77,0
3682,1344,2024-01-15,Starter,5,3,666,4.36,0
3683,1344,2024-01-22,Starter,11,1,650,4.4,0
3684,1344,2024-01-29,Starter,12,1,838,2.28,0
3685,1344,2024-02-05,Starter,16,1,389,1.76,0
3686,1344,2024-02-12,Starter,14,4,299,4.48,0
3687,1344,2024-02-19,Starter,11,1,187,3.61,0
3688,1344,2024-02-26,Starter,17,3,1092,0.64,0
3689,1344,2024-03-04,Starter,5,2,834,2.47,0
3690,1344,2024-03-11,Starter,5,3,597,4.07,0
3691,1344,2024-03-18,Starter,16,2,432,4.36,0
3692,1344,2024-03-25,Starter,5,2,427,1.34,0
3693,1344,2024-04-01,Starter,14,3,168,4.37,0
3694,1344,2024-04-08,Starter,10,3,220,4.63,0
3695,1344,2024-04-15,Starter,5,1,750,2.28,0
3696,1344,2024-04-22,Starter,11,2,627,3.29,0
3697,1344,2024-04-29,Starter,16,4,630,1.12,0
3698,1344,2024-05-06,Starter,10,2,895,1.17,0
3699,1344,2024-05-13,Starter,14,3,534,3.68,0
3700,1344,2024-05-20,Starter,14,2,844,4.76,0
3701,1344,2024-05-27,Starter,13,3,529,2.17,0
3702,1344,2024-06-03,Starter,6,4,430,2.33,0
3703,1344,2024-06-10,Starter,13,3,557,3.21,0
3704,1344,2024-06-17,Starter,7,4,363,1.47,0
3705,1344,2024-06-24,Starter,19,4,975,0.9,0
3706,1344,2024-07-01,Starter,8,4,287,2.04,0
3707,1344,2024-07-08,Starter,8,2,143,1.96,0
3708,1344,2024-07-15,Starter,8,1,661,4.88,0
3709,1344,2024-07-22,Starter,17,1,838,4.64,0
3710,1344,2024-07-29,Starter,14,1,254,4.76,0
3711,1344,2024-08-05,Starter,11,2,719,4.6,0
3712,1344,2024-08-12,Starter,22,3,493,1.82,0
3713,1344,2024-08-19,Starter,11,5,909,0.65,0
3714,1344,2024-08-26,Starter,11,4,349,2.59,0
3715,1344,2024-09-02,Starter,8,1,446,2.79,0
3716,1344,2024-09-09,Starter,16,4,935,4.6,0
3717,1344,2024-09-16,Starter,11,4,190,2.36,0
3718,1344,2024-09-23,Starter,8,2,952,1.25,0
3719,1344,2024-09-30,Starter,7,4,940,4.17,0
3720,1344,2024-10-07,Starter,10,4,1067,2.59,0
3721,1344,2024-10-14,Starter,12,4,786,1.65,0
3722,1344,2024-10-21,Starter,9,3,162,0.57,0
3723,1344,2024-10-28,Starter,7,2,292,4.06,0
3724,1344,2024-11-04,Starter,9,2,357,4.89,0
3725,1344,2024-11-11,Starter,13,3,296,3.72,0
3726,1344,2024-11-18,Starter,13,3,162,2.71,0
3727,1344,2024-11-25,Starter,21,2,476,2.83,0
3728,1344,2024-12-02,Starter,6,3,647,4.72,0
3729,1344,2024-12-09,Starter,5,4,907,1.84,0
3730,1344,2024-12-16,Starter,18,1,688,0.63,0
3731,1344,2024-12-23,Starter,14,5,115,0.89,0
3732,1344,2024-12-30,Starter,12,3,826,1.53,0
3733,1345,2023-02-27,Starter,4,2,260,1.96,1
3734,1345,2023-03-06,Starter,8,1,369,1.46,1
3735,1345,2023-03-13,Starter,6,1,161,4.9,1
3736,1345,2023-03-20,Starter,3,1,156,1.75,1
3737,1345,2023-03-27,Starter,20,3,164,2.89,0
3738,1347,2023-04-27,Business,116,24,10123,30.11,0
3739,1347,2023-05-04,Business,92,39,18371,90.05,0
3740,1347,2023-05-11,Business,88,14,4478,66.15,0
3741,1347,2023-05-18,Business,84,32,17412,14.84,0
3742,1347,2023-05-25,Business,141,51,3303,102.5,0
3743,1347,2024-02-27,Enterprise,374,102,92100,399.84,0
3744,1347,2024-03-05,Enterprise,356,163,15640,365.42,0
3745,1347,2024-03-12,Enterprise,279,113,24812,461.57,0
3746,1347,2024-03-19,Enterprise,400,136,44341,429.89,0
3747,1347,2024-03-26,Enterprise,355,166,68549,96.87,0
3748,1347,2024-12-27,Business,49,36,7370,75.59,0
3749,1353,2023-01-28,Pro,19,4,4406,11.56,0
3750,1353,2023-02-04,Pro,21,12,2056,9.89,0
3751,1353,2023-02-11,Pro,15,6,510,6.52,0
3752,1353,2023-02-18,Pro,33,9,1369,3.12,0
3753,1353,2023-02-25,Pro,8,13,1463,9.41,0
3754,1353,2023-04-28,Business,48,36,10599,59.39,1
3755,1353,2023-05-05,Business,55,13,9964,26.81,1
3756,1353,2023-05-12,Business,51,17,7086,23.7,1
3757,1353,2023-05-19,Business,11,3,3468,71.95,1
3758,1353,2023-05-26,Business,18,4,566,20.43,1
3759,1354,2023-02-28,Enterprise,195,79,27240,292.27,1
3760,1354,2023-03-07,Enterprise,210,44,23891,267.92,1
3761,1354,2023-03-14,Enterprise,167,65,21913,256.62,1
3762,1354,2023-03-21,Enterprise,53,30,15718,220.61,1
3763,1354,2023-03-28,Enterprise,498,117,99660,251.81,0
3764,1355,2024-12-28,Business,61,13,19564,92.97,0
3765,1357,2023-05-28,Pro,19,5,979,5.38,0
3766,1357,2023-06-04,Pro,19,5,879,6.46,0
3767,1357,2023-06-11,Pro,33,11,3879,17.05,0
3768,1357,2023-06-18,Pro,42,8,4742,14.79,0
3769,1357,2023-06-25,Pro,20,5,2501,17.43,0
3770,1357,2024-12-28,Business,93,28,4454,80.06,0
3771,1358,2023-04-28,Enterprise,92,130,85305,492.52,0
3772,1358,2023-05-05,Enterprise,380,119,82114,291.17,0
3773,1358,2023-05-12,Enterprise,339,70,13652,432.36,0
3774,1358,2023-05-19,Enterprise,347,42,54762,446.69,0
3775,1358,2023-05-26,Enterprise,139,81,24549,325.26,0
3776,1358,2023-07-28,Business,111,14,8739,100.34,0
3777,1358,2023-08-04,Business,85,10,16210,69.31,0
3778,1358,2023-08-11,Business,116,20,6228,63.92,0
3779,1358,2023-08-18,Business,58,38,14678,48.16,0
3780,1358,2023-08-25,Business,129,43,15552,47.94,0
3781,1358,2024-07-28,Pro,16,6,2559,4.68,1
3782,1358,2024-08-04,Pro,9,5,723,19.53,1
3783,1358,2024-08-11,Pro,11,3,1135,11.47,1
3784,1358,2024-08-18,Pro,5,1,461,18.27,1
3785,1358,2024-08-25,Pro,6,3,197,12.26,1
3786,1359,2024-03-28,Pro,37,5,1208,19.64,0
3787,1359,2024-04-04,Pro,30,3,4825,5.74,0
3788,1359,2024-04-11,Pro,27,8,4743,4.87,0
3789,1359,2024-04-18,Pro,56,5,3883,10.66,0
3790,1359,2024-04-25,Pro,58,12,2008,8.86,0
3791,1359,2024-12-28,Business,95,23,7903,97.24,0
3792,1360,2024-07-28,Starter,10,2,301,3.96,1
3793,1360,2024-08-04,Starter,2,1,340,1.63,1
3794,1360,2024-08-11,Starter,4,1,297,4.25,1
3795,1360,2024-08-18,Starter,3,1,137,3.72,1
3796,1360,2024-08-25,Starter,1,1,74,4.62,1
3797,1362,2024-12-28,Enterprise,338,196,39714,261.37,0
3798,1374,2023-04-28,Pro,33,9,1261,13.87,1
3799,1374,2023-05-05,Pro,9,2,753,2.56,1
3800,1374,2023-05-12,Pro,19,1,1698,10.07,1
3801,1374,2023-05-19,Pro,13,1,217,17.11,1
3802,1374,2023-05-26,Pro,10,1,411,14.0,1
3803,1378,2023-03-28,Pro,30,2,1852,9.53,1
3804,1378,2023-04-04,Pro,22,7,638,17.19,1
3805,1378,2023-04-11,Pro,13,4,659,16.8,1
3806,1378,2023-04-18,Pro,6,2,650,17.38,1
3807,1378,2023-04-25,Pro,4,2,759,13.71,1
3808,1381,2023-08-01,Pro,19,8,2822,2.72,1
3809,1381,2023-08-08,Pro,17,8,361,6.96,1
3810,1381,2023-08-15,Pro,18,3,1238,17.93,1
3811,1381,2023-08-22,Pro,11,1,451,8.23,1
3812,1381,2023-08-29,Pro,6,1,616,11.27,1
3813,1382,2023-02-01,Starter,7,1,249,3.27,1
3814,1382,2023-02-08,Starter,7,1,492,3.2,1
3815,1382,2023-02-15,Starter,5,1,48,3.2,1
3816,1382,2023-02-22,Starter,1,1,47,1.9,1
3817,1382,2023-03-01,Starter,17,2,677,0.86,0
3818,1383,2024-12-02,Enterprise,293,79,9672,448.4,0
3819,1383,2024-12-09,Enterprise,287,54,71061,179.84,0
3820,1383,2024-12-16,Enterprise,343,214,42375,446.04,0
3821,1383,2024-12-23,Enterprise,405,130,83725,389.1,0
3822,1383,2024-12-30,Enterprise,125,130,87453,359.16,0
3823,1384,2023-09-02,Starter,6,2,472,2.34,1
3824,1384,2023-09-09,Starter,5,1,188,2.49,1
3825,1384,2023-09-16,Starter,3,1,86,0.76,1
3826,1384,2023-09-23,Starter,2,1,35,0.57,1
3827,1384,2023-09-30,Starter,2,1,81,1.39,1
3828,1385,2023-11-02,Starter,12,2,217,3.54,1
3829,1385,2023-11-09,Starter,10,1,80,3.26,1
3830,1385,2023-11-16,Starter,4,1,382,1.56,1
3831,1385,2023-11-23,Starter,1,1,118,1.48,1
3832,1385,2023-11-30,Starter,1,1,204,2.86,1
3833,1386,2023-06-02,Pro,29,4,3931,17.99,1
3834,1386,2023-06-09,Pro,19,6,783,3.92,1
3835,1386,2023-06-16,Pro,14,1,231,11.41,1
3836,1386,2023-06-23,Pro,8,2,1110,15.58,1
3837,1386,2023-06-30,Pro,4,1,621,18.98,1
3838,1388,2024-12-02,Starter,11,3,746,1.66,0
3839,1388,2024-12-09,Starter,15,5,527,0.52,0
3840,1388,2024-12-16,Starter,14,2,822,4.48,0
3841,1388,2024-12-23,Starter,11,4,876,4.77,0
3842,1388,2024-12-30,Starter,4,3,527,2.95,0
3843,1393,2023-09-03,Starter,3,1,572,4.8,1
3844,1393,2023-09-10,Starter,1,1,469,2.1,1
3845,1393,2023-09-17,Starter,4,1,291,4.64,1
3846,1393,2023-09-24,Starter,1,1,129,2.84,1
3847,1393,2023-10-01,Starter,1,1,196,4.53,1
3848,1400,2023-06-05,Enterprise,180,71,13807,124.04,0
3849,1400,2023-06-12,Enterprise,243,120,28973,228.55,0
3850,1400,2023-06-19,Enterprise,153,46,56846,187.7,0
3851,1400,2023-06-26,Enterprise,351,123,33305,283.24,0
3852,1400,2023-07-03,Enterprise,545,177,49650,365.04,0
3853,1400,2023-08-05,Business,93,46,17939,48.16,0
3854,1400,2023-08-12,Business,42,16,11636,87.2,0
3855,1400,2023-08-19,Business,53,27,10424,30.86,0
3856,1400,2023-08-26,Business,29,42,3792,60.5,0
3857,1400,2023-09-02,Business,36,33,3586,55.55,0
3858,1400,2024-06-05,Enterprise,264,83,54039,311.48,1
3859,1400,2024-06-12,Enterprise,174,99,36677,145.87,1
3860,1400,2024-06-19,Enterprise,163,57,9400,485.21,1
3861,1400,2024-06-26,Enterprise,91,17,6513,235.86,1
3862,1400,2024-07-03,Enterprise,25,14,2041,408.09,1
3863,1406,2023-12-06,Pro,41,4,1130,10.06,1
3864,1406,2023-12-13,Pro,33,7,680,19.31,1
3865,1406,2023-12-20,Pro,24,1,1367,19.54,1
3866,1406,2023-12-27,Pro,10,1,891,19.53,1
3867,1406,2024-01-03,Pro,4,1,275,9.74,1
3868,1409,2024-12-06,Enterprise,185,53,53758,367.25,0
3869,1409,2024-12-13,Enterprise,149,103,27903,298.43,0
3870,1409,2024-12-20,Enterprise,176,181,32639,159.39,0
3871,1409,2024-12-27,Enterprise,324,29,83429,184.66,0
3872,1410,2024-12-06,Enterprise,338,71,22935,416.77,0
3873,1410,2024-12-13,Enterprise,401,57,96349,336.02,0
3874,1410,2024-12-20,Enterprise,431,93,88946,248.36,0
3875,1410,2024-12-27,Enterprise,99,130,51671,282.73,0
3876,1415,2024-12-07,Pro,29,15,2942,11.11,0
3877,1415,2024-12-14,Pro,15,7,960,3.99,0
3878,1415,2024-12-21,Pro,35,10,4524,11.02,0
3879,1415,2024-12-28,Pro,17,12,2252,14.31,0
3880,1420,2024-12-08,Business,52,13,12854,19.35,0
3881,1420,2024-12-15,Business,46,40,3755,56.11,0
3882,1420,2024-12-22,Business,42,52,14078,36.29,0
3883,1420,2024-12-29,Business,21,44,19553,61.66,0
3884,1429,2023-02-11,Starter,1,1,396,0.65,1
3885,1429,2023-02-18,Starter,2,1,370,4.49,1
3886,1429,2023-02-25,Starter,0,1,40,3.95,1
3887,1429,2023-03-04,Starter,0,1,79,2.84,1
3888,1429,2023-03-11,Starter,8,2,382,4.7,0
3889,1431,2023-03-11,Pro,25,10,1017,8.5,0
3890,1431,2023-03-18,Pro,32,7,4627,10.56,0
3891,1431,2023-03-25,Pro,29,12,1979,8.59,0
3892,1431,2023-04-01,Pro,26,14,4469,10.6,0
3893,1431,2023-04-08,Pro,30,6,2401,7.13,0
3894,1431,2023-05-11,Starter,5,1,138,1.28,1
3895,1431,2023-05-18,Starter,11,2,605,3.43,1
3896,1431,2023-05-25,Starter,6,1,247,4.2,1
3897,1431,2023-06-01,Starter,3,1,117,1.61,1
3898,1431,2023-06-08,Starter,2,1,64,0.51,1
3899,1432,2024-06-11,Starter,13,1,822,4.15,0
3900,1432,2024-06-18,Starter,5,2,233,4.53,0
3901,1432,2024-06-25,Starter,20,2,146,2.72,0
3902,1432,2024-07-02,Starter,16,4,280,2.94,0
3903,1432,2024-07-09,Starter,12,3,259,2.01,0
3904,1432,2024-12-11,Pro,24,7,3026,4.8,0
3905,1432,2024-12-18,Pro,41,9,4708,10.47,0
3906,1432,2024-12-25,Pro,31,15,5333,13.33,0
3907,1441,2024-07-13,Starter,3,4,264,3.37,0
3908,1441,2024-07-20,Starter,8,2,602,3.81,0
3909,1441,2024-07-27,Starter,9,1,620,1.4,0
3910,1441,2024-08-03,Starter,15,1,154,3.2,0
3911,1441,2024-08-10,Starter,5,3,1060,5.12,0
3912,1441,2024-09-13,Pro,37,4,2613,16.53,0
3913,1441,2024-09-20,Pro,33,4,4411,9.61,0
3914,1441,2024-09-27,Pro,29,8,1881,18.72,0
3915,1441,2024-10-04,Pro,15,9,857,9.1,0
3916,1441,2024-10-11,Pro,48,4,3476,12.54,0
3917,1441,2024-12-13,Business,126,23,11126,99.23,0
3918,1441,2024-12-20,Business,95,16,10488,52.71,0
3919,1441,2024-12-27,Business,101,28,15286,71.93,0
3920,1444,2023-11-13,Enterprise,343,78,74576,177.55,1
3921,1444,2023-11-20,Enterprise,225,68,49720,433.13,1
3922,1444,2023-11-27,Enterprise,47,35,25543,295.46,1
3923,1444,2023-12-04,Enterprise,48,8,2982,160.46,1
3924,1444,2023-12-11,Enterprise,84,27,11374,196.52,1
3925,1446,2024-03-14,Business,118,24,1866,12.83,1
3926,1446,2024-03-21,Business,30,25,10226,74.39,1
3927,1446,2024-03-28,Business,44,13,854,41.35,1
3928,1446,2024-04-04,Business,26,7,2849,30.62,1
3929,1446,2024-04-11,Business,14,4,1442,20.44,1
3930,1447,2024-12-14,Enterprise,290,44,102635,106.23,0
3931,1447,2024-12-21,Enterprise,248,146,77044,279.02,0
3932,1447,2024-12-28,Enterprise,109,103,22950,213.42,0
3933,1449,2024-01-14,Pro,19,7,2686,14.83,1
3934,1449,2024-01-21,Pro,9,5,709,13.88,1
3935,1449,2024-01-28,Pro,16,3,1499,17.66,1
3936,1449,2024-02-04,Pro,7,1,137,9.32,1
3937,1449,2024-02-11,Pro,6,3,375,11.03,1
3938,1451,2023-03-14,Starter,12,3,558,3.46,1
3939,1451,2023-03-21,Starter,10,1,350,1.79,1
3940,1451,2023-03-28,Starter,2,1,104,1.18,1
3941,1451,2023-04-04,Starter,2,1,179,1.34,1
3942,1451,2023-04-11,Starter,2,1,128,3.99,1
3943,1456,2023-08-15,Pro,21,8,397,9.16,1
3944,1456,2023-08-22,Pro,8,5,2911,12.7,1
3945,1456,2023-08-29,Pro,17,2,846,19.59,1
3946,1456,2023-09-05,Pro,15,3,562,16.67,1
3947,1456,2023-09-12,Pro,5,1,461,4.85,1
3948,1457,2023-07-15,Business,46,14,9970,13.97,1
3949,1457,2023-07-22,Business,26,16,5270,23.8,1
3950,1457,2023-07-29,Business,35,7,3125,78.59,1
3951,1457,2023-08-05,Business,23,4,4888,28.08,1
3952,1457,2023-08-12,Business,18,9,3104,54.23,1
3953,1459,2023-03-16,Starter,7,1,199,3.66,1
3954,1459,2023-03-23,Starter,7,1,414,2.61,1
3955,1459,2023-03-30,Starter,6,1,214,1.28,1
3956,1459,2023-04-06,Starter,3,1,245,5.06,1
3957,1459,2023-04-13,Starter,1,1,137,4.71,1
3958,1466,2024-06-17,Starter,14,2,186,1.26,1
3959,1466,2024-06-24,Starter,5,1,234,3.18,1
3960,1466,2024-07-01,Starter,1,1,373,4.75,1
3961,1466,2024-07-08,Starter,4,1,151,0.98,1
3962,1466,2024-07-15,Starter,2,1,126,4.87,1
3963,1467,2024-12-18,Pro,46,5,3696,3.24,0
3964,1467,2024-12-25,Pro,43,5,1168,19.37,0
3965,1469,2024-12-18,Enterprise,314,45,70085,206.2,0
3966,1469,2024-12-25,Enterprise,150,81,52162,348.59,0
3967,1472,2023-09-19,Pro,18,14,1575,12.35,0
3968,1472,2023-09-26,Pro,33,3,4287,14.85,0
3969,1472,2023-10-03,Pro,32,7,3422,6.2,0
3970,1472,2023-10-10,Pro,31,4,3002,16.74,0
3971,1472,2023-10-17,Pro,36,14,3751,3.27,0
3972,1472,2024-12-19,Starter,19,4,567,1.93,0
3973,1472,2024-12-26,Starter,14,1,634,3.99,0
3974,1477,2024-12-19,Enterprise,148,161,94474,390.4,0
3975,1477,2024-12-26,Enterprise,198,161,34995,161.47,0
3976,1481,2023-06-19,Business,156,10,9960,52.03,0
3977,1481,2023-06-26,Business,155,44,11910,87.53,0
3978,1481,2023-07-03,Business,81,18,5229,46.33,0
3979,1481,2023-07-10,Business,123,14,17030,89.34,0
3980,1481,2023-07-17,Business,58,27,13682,21.13,0
3981,1481,2024-08-19,Enterprise,203,119,21257,444.46,0
3982,1481,2024-08-26,Enterprise,331,182,57902,53.6,0
3983,1481,2024-09-02,Enterprise,258,206,100842,370.91,0
3984,1481,2024-09-09,Enterprise,407,124,76622,103.47,0
3985,1481,2024-09-16,Enterprise,153,88,16597,389.44,0
3986,1481,2024-12-19,Business,75,28,18924,36.37,0
3987,1481,2024-12-26,Business,49,25,1987,90.16,0
3988,1485,2023-08-21,Starter,6,1,502,1.31,1
3989,1485,2023-08-28,Starter,8,1,550,4.32,1
3990,1485,2023-09-04,Starter,3,1,140,2.59,1
3991,1485,2023-09-11,Starter,4,1,160,4.64,1
3992,1485,2023-09-18,Starter,1,1,144,3.47,1
3993,1489,2023-06-22,Pro,41,6,2934,7.27,0
3994,1489,2023-06-29,Pro,44,8,1155,2.3,0
3995,1489,2023-07-06,Pro,44,11,835,8.73,0
3996,1489,2023-07-13,Pro,15,5,2476,12.2,0
3997,1489,2023-07-20,Pro,37,5,3884,10.53,0
3998,1489,2024-02-22,Business,71,15,6892,103.68,0
3999,1489,2024-02-29,Business,67,43,11269,44.92,0
4000,1489,2024-03-07,Business,87,12,20028,93.93,0
4001,1489,2024-03-14,Business,118,43,11757,84.81,0
4002,1489,2024-03-21,Business,146,48,11397,99.24,0
4003,1489,2024-12-22,Pro,3,1,404,2.31,1
4004,1489,2024-12-29,Pro,6,2,169,10.71,1
4005,1496,2023-08-23,Enterprise,116,60,38457,96.1,0
4006,1496,2023-08-30,Enterprise,196,112,72024,221.33,0
4007,1496,2023-09-06,Enterprise,235,39,93241,163.32,0
4008,1496,2023-09-13,Enterprise,580,65,68476,286.64,0
4009,1496,2023-09-20,Enterprise,277,166,36187,277.37,0
4010,1496,2023-11-23,Business,58,26,11737,65.9,0
4011,1496,2023-11-30,Business,96,40,5461,48.31,0
4012,1496,2023-12-07,Business,117,24,7630,63.55,0
4013,1496,2023-12-14,Business,112,31,13971,77.02,0
4014,1496,2023-12-21,Business,62,45,14030,68.22,0
4015,1496,2024-12-23,Enterprise,188,166,48178,314.21,0
4016,1496,2024-12-30,Enterprise,343,125,51882,356.82,0
4017,1498,2023-05-24,Pro,20,2,2870,8.56,1
4018,1498,2023-05-31,Pro,27,2,1470,5.26,1
4019,1498,2023-06-07,Pro,10,4,1577,18.54,1
4020,1498,2023-06-14,Pro,3,1,886,17.27,1
4021,1498,2023-06-21,Pro,4,1,763,12.55,1
4022,1501,2023-04-25,Starter,5,1,685,4.93,1
4023,1501,2023-05-02,Starter,8,1,272,4.0,1
4024,1501,2023-05-09,Starter,6,1,302,4.21,1
4025,1501,2023-05-16,Starter,2,1,137,4.77,1
4026,1501,2023-05-23,Starter,4,1,206,3.69,1
4027,1503,2024-12-25,Enterprise,189,173,88556,260.79,0
4028,1504,2024-05-25,Starter,8,1,507,3.25,1
4029,1504,2024-06-01,Starter,2,1,355,1.04,1
4030,1504,2024-06-08,Starter,5,1,260,4.94,1
4031,1504,2024-06-15,Starter,3,1,64,4.86,1
4032,1504,2024-06-22,Starter,2,1,91,1.53,1
4033,1506,2024-12-26,Business,99,27,9134,43.79,0
4034,1510,2023-03-26,Starter,2,1,81,0.7,1
4035,1510,2023-04-02,Starter,6,2,165,2.69,1
4036,1510,2023-04-09,Starter,4,1,211,2.85,1
4037,1510,2023-04-16,Starter,2,1,169,1.75,1
4038,1510,2023-04-23,Starter,1,1,45,1.12,1
4039,1513,2023-08-27,Starter,5,2,574,2.09,1
4040,1513,2023-09-03,Starter,7,1,420,3.7,1
4041,1513,2023-09-10,Starter,5,1,273,2.29,1
4042,1513,2023-09-17,Starter,3,1,50,2.71,1
4043,1513,2023-09-24,Starter,1,1,95,3.83,1
4044,1516,2023-07-27,Pro,23,9,3434,7.83,1
4045,1516,2023-08-03,Pro,28,7,1009,19.04,1
4046,1516,2023-08-10,Pro,7,2,584,8.62,1
4047,1516,2023-08-17,Pro,12,3,536,15.97,1
4048,1516,2023-08-24,Pro,3,2,787,4.77,1
4049,1518,2023-06-27,Pro,35,5,3334,10.84,0
4050,1518,2023-07-04,Pro,24,9,769,10.66,0
4051,1518,2023-07-11,Pro,57,9,3063,9.28,0
4052,1518,2023-07-18,Pro,17,10,2330,6.6,0
4053,1518,2023-07-25,Pro,50,14,3897,6.4,0
4054,1518,2024-06-27,Business,45,12,6716,54.28,1
4055,1518,2024-07-04,Business,64,22,6022,54.39,1
4056,1518,2024-07-11,Business,53,3,2299,64.73,1
4057,1518,2024-07-18,Business,18,7,4490,77.35,1
4058,1518,2024-07-25,Business,23,5,877,77.7,1
4059,1526,2023-04-02,Business,28,23,9391,21.85,1
4060,1526,2023-04-09,Business,36,12,11383,58.1,1
4061,1526,2023-04-16,Business,31,18,3041,27.04,1
4062,1526,2023-04-23,Business,9,3,2901,95.12,1
4063,1526,2023-04-30,Business,18,2,3270,43.45,1
4064,1528,2023-08-02,Starter,15,1,613,2.32,1
4065,1528,2023-08-09,Starter,6,1,112,3.35,1
4066,1528,2023-08-16,Starter,4,1,342,4.67,1
4067,1528,2023-08-23,Starter,3,1,199,2.08,1
4068,1528,2023-08-30,Starter,1,1,104,4.04,1
4069,1529,2024-12-03,Pro,47,6,1466,16.98,0
4070,1529,2024-12-10,Pro,16,9,2885,18.3,0
4071,1529,2024-12-17,Pro,31,6,2590,10.84,0
4072,1529,2024-12-24,Pro,45,11,1616,18.4,0
4073,1529,2024-12-31,Pro,21,9,4136,15.81,0
4074,1535,2024-12-04,Enterprise,393,104,90398,229.0,0
4075,1535,2024-12-11,Enterprise,238,159,49432,229.76,0
4076,1535,2024-12-18,Enterprise,244,119,17475,429.28,0
4077,1535,2024-12-25,Enterprise,229,97,74767,136.0,0
4078,1537,2023-06-04,Enterprise,112,140,65771,440.44,1
4079,1537,2023-06-11,Enterprise,146,46,47041,346.84,1
4080,1537,2023-06-18,Enterprise,126,48,17608,181.29,1
4081,1537,2023-06-25,Enterprise,23,32,14039,155.09,1
4082,1537,2023-07-02,Enterprise,47,12,11327,99.77,1
4083,1540,2023-03-05,Starter,2,1,557,3.8,1
4084,1540,2023-03-12,Starter,7,2,151,4.82,1
4085,1540,2023-03-19,Starter,3,1,60,3.86,1
4086,1540,2023-03-26,Starter,2,1,173,1.66,1
4087,1540,2023-04-02,Starter,1,1,31,3.49,1
4088,1541,2024-04-05,Starter,12,2,284,3.14,1
4089,1541,2024-04-12,Starter,7,1,330,2.95,1
4090,1541,2024-04-19,Starter,3,2,166,3.44,1
4091,1541,2024-04-26,Starter,4,1,186,1.88,1
4092,1541,2024-05-03,Starter,3,1,96,2.9,1
4093,1553,2024-12-07,Pro,18,10,2531,15.68,0
4094,1553,2024-12-14,Pro,26,7,4475,13.78,0
4095,1553,2024-12-21,Pro,15,3,4159,17.26,0
4096,1553,2024-12-28,Pro,37,6,3875,18.79,0
4097,1557,2024-12-08,Enterprise,117,124,46547,252.32,0
4098,1557,2024-12-15,Enterprise,165,94,58815,297.24,0
4099,1557,2024-12-22,Enterprise,174,89,67191,483.38,0
4100,1557,2024-12-29,Enterprise,170,147,62425,343.48,0
4101,1560,2024-07-09,Starter,13,1,524,1.05,1
4102,1560,2024-07-16,Starter,4,2,208,2.32,1
4103,1560,2024-07-23,Starter,5,1,251,4.11,1
4104,1560,2024-07-30,Starter,3,1,28,3.28,1
4105,1560,2024-08-06,Starter,1,1,31,1.11,1
4106,1561,2024-09-09,Pro,34,9,3772,14.83,1
4107,1561,2024-09-16,Pro,31,1,887,4.58,1
4108,1561,2024-09-23,Pro,14,5,504,14.48,1
4109,1561,2024-09-30,Pro,4,1,424,18.57,1
4110,1561,2024-10-07,Pro,7,2,703,11.09,1
4111,1562,2023-09-09,Business,88,41,6422,45.94,0
4112,1562,2023-09-16,Business,64,27,8385,30.46,0
4113,1562,2023-09-23,Business,29,24,7809,95.78,0
4114,1562,2023-09-30,Business,31,50,20028,23.17,0
4115,1562,2023-10-07,Business,38,13,3176,55.08,0
4116,1562,2024-12-09,Pro,32,3,1981,6.99,0
4117,1562,2024-12-16,Pro,44,16,652,9.45,0
4118,1562,2024-12-23,Pro,65,3,4306,14.79,0
4119,1562,2024-12-30,Pro,36,9,2143,11.2,0
4120,1565,2024-05-10,Starter,5,3,453,1.91,1
4121,1565,2024-05-17,Starter,10,1,108,4.35,1
4122,1565,2024-05-24,Starter,8,1,173,2.56,1
4123,1565,2024-05-31,Starter,1,1,132,3.59,1
4124,1565,2024-06-07,Starter,3,1,142,0.82,1
4125,1571,2023-06-11,Starter,8,1,134,0.75,1
4126,1571,2023-06-18,Starter,7,1,142,3.31,1
4127,1571,2023-06-25,Starter,2,1,236,3.48,1
4128,1571,2023-07-02,Starter,1,1,147,1.31,1
4129,1571,2023-07-09,Starter,2,1,139,3.81,1
4130,1578,2023-05-12,Enterprise,305,24,23016,504.57,1
4131,1578,2023-05-19,Enterprise,78,86,13686,111.86,1
4132,1578,2023-05-26,Enterprise,98,60,8925,110.27,1
4133,1578,2023-06-02,Enterprise,91,45,18033,238.95,1
4134,1578,2023-06-09,Enterprise,84,12,5077,472.58,1
4135,1584,2023-06-14,Starter,19,2,798,1.48,0
4136,1584,2023-06-21,Starter,17,3,438,3.46,0
4137,1584,2023-06-28,Starter,17,4,524,3.94,0
4138,1584,2023-07-05,Starter,10,2,618,1.28,1
4139,1584,2023-07-12,Starter,11,2,621,2.46,1
4140,1584,2023-07-14,Pro,23,8,1715,18.57,1
4141,1584,2023-07-21,Pro,25,3,1017,6.33,1
4142,1584,2023-07-28,Pro,9,3,1856,15.72,1
4143,1584,2023-08-04,Pro,9,1,247,7.37,1
4144,1584,2023-08-11,Pro,9,2,524,6.6,1
4145,1585,2023-08-14,Pro,18,9,4200,19.1,0
4146,1585,2023-08-21,Pro,42,3,1200,8.86,0
4147,1585,2023-08-28,Pro,20,13,2914,4.74,0
4148,1585,2023-09-04,Pro,29,3,4437,16.98,0
4149,1585,2023-09-11,Pro,57,11,3582,13.28,0
4150,1585,2024-12-14,Business,57,41,4663,93.16,0
4151,1585,2024-12-21,Business,43,28,12432,92.35,0
4152,1585,2024-12-28,Business,56,34,4349,93.47,0
4153,1586,2023-11-14,Pro,14,8,1069,11.58,1
4154,1586,2023-11-21,Pro,15,2,2237,16.92,1
4155,1586,2023-11-28,Pro,13,1,1715,4.44,1
4156,1586,2023-12-05,Pro,6,2,126,3.02,1
4157,1586,2023-12-12,Pro,5,1,344,3.67,1
4158,1595,2024-12-15,Enterprise,180,56,65686,288.95,0
4159,1595,2024-12-22,Enterprise,211,183,29217,415.71,0
4160,1595,2024-12-29,Enterprise,216,102,15234,384.03,0
4161,1597,2023-04-15,Starter,10,2,778,3.89,1
4162,1597,2023-04-22,Starter,6,1,79,2.5,1
4163,1597,2023-04-29,Starter,5,1,199,3.3,1
4164,1597,2023-05-06,Starter,1,1,155,4.12,1
4165,1597,2023-05-13,Starter,1,1,54,1.1,1
4166,1598,2024-01-15,Pro,33,5,3588,4.93,0
4167,1598,2024-01-22,Pro,25,13,5003,4.78,0
4168,1598,2024-01-29,Pro,20,11,5423,10.16,0
4169,1598,2024-02-05,Pro,20,5,2337,14.23,0
4170,1598,2024-02-12,Pro,13,15,2986,14.3,0
4171,1598,2024-09-15,Pro,36,13,506,16.65,0
4172,1598,2024-09-22,Pro,32,4,627,12.65,0
4173,1598,2024-09-29,Pro,20,12,1466,10.07,0
4174,1598,2024-10-06,Pro,14,5,1792,16.96,0
4175,1598,2024-10-13,Pro,41,3,3300,12.81,0
4176,1598,2024-10-20,Pro,9,7,1592,10.85,0
4177,1598,2024-10-27,Pro,19,10,2632,17.07,0
4178,1598,2024-11-03,Pro,46,5,1011,8.79,0
4179,1598,2024-11-10,Pro,16,3,1358,8.5,0
4180,1598,2024-11-17,Pro,22,9,3820,7.48,0
4181,1598,2024-11-24,Pro,29,12,2849,19.49,0
4182,1598,2024-12-01,Pro,19,3,1971,5.71,0
4183,1598,2024-12-08,Pro,11,3,3527,4.83,0
4184,1598,2024-12-15,Pro,25,7,2807,18.74,0
4185,1598,2024-12-22,Pro,18,12,1727,4.67,0
4186,1598,2024-12-29,Pro,12,3,3874,6.8,0
4187,1599,2023-07-15,Starter,3,1,349,1.21,1
4188,1599,2023-07-22,Starter,6,1,232,1.07,1
4189,1599,2023-07-29,Starter,2,1,303,2.92,1
4190,1599,2023-08-05,Starter,0,1,51,5.08,1
4191,1599,2023-08-12,Starter,1,1,46,2.52,1
4192,1602,2024-01-16,Enterprise,283,82,33009,224.57,0
4193,1602,2024-01-23,Enterprise,397,84,17821,209.0,0
4194,1602,2024-01-30,Enterprise,438,209,32432,237.76,0
4195,1602,2024-02-06,Enterprise,273,132,75587,360.65,0
4196,1602,2024-02-13,Enterprise,508,77,78137,287.2,0
4197,1602,2024-12-16,Business,156,45,17176,36.39,0
4198,1602,2024-12-23,Business,96,40,11912,90.06,0
4199,1602,2024-12-30,Business,149,20,17015,65.92,0
4200,1607,2024-10-16,Starter,12,3,219,5.22,0
4201,1607,2024-10-23,Starter,16,1,669,1.74,0
4202,1607,2024-10-30,Starter,12,4,371,0.59,0
4203,1607,2024-11-06,Starter,10,4,661,3.28,0
4204,1607,2024-11-13,Starter,6,1,586,5.18,0
4205,1607,2024-12-16,Pro,55,14,1243,2.45,0
4206,1607,2024-12-23,Pro,40,13,570,10.03,0
4207,1607,2024-12-30,Pro,34,6,5021,15.56,0
4208,1609,2023-07-17,Pro,15,11,4266,14.89,0
4209,1609,2023-07-24,Pro,32,11,1885,4.99,0
4210,1609,2023-07-31,Pro,56,10,2566,9.73,0
4211,1609,2023-08-07,Pro,39,6,997,14.57,0
4212,1609,2023-08-14,Pro,48,10,1205,5.75,0
4213,1609,2024-04-17,Business,52,33,2606,90.44,1
4214,1609,2024-04-24,Business,68,26,8987,60.32,1
4215,1609,2024-05-01,Business,26,5,4303,93.78,1
4216,1609,2024-05-08,Business,23,5,1831,30.23,1
4217,1609,2024-05-15,Business,20,6,2072,43.29,1
4218,1612,2023-07-18,Starter,5,1,647,2.86,1
4219,1612,2023-07-25,Starter,7,2,304,2.18,1
4220,1612,2023-08-01,Starter,6,1,207,0.79,1
4221,1612,2023-08-08,Starter,1,1,188,2.15,1
4222,1612,2023-08-15,Starter,3,1,63,3.03,1
4223,1622,2024-05-20,Pro,29,5,993,12.48,1
4224,1622,2024-05-27,Pro,18,4,1099,13.16,1
4225,1622,2024-06-03,Pro,11,4,322,15.57,1
4226,1622,2024-06-10,Pro,9,1,501,11.33,1
4227,1622,2024-06-17,Pro,10,2,697,5.43,1
4228,1625,2024-02-21,Starter,14,2,361,1.34,1
4229,1625,2024-02-28,Starter,4,1,224,1.35,1
4230,1625,2024-03-06,Starter,5,1,311,4.71,1
4231,1625,2024-03-13,Starter,2,1,23,2.08,1
4232,1625,2024-03-20,Starter,2,1,190,2.33,1
4233,1628,2023-06-21,Business,109,42,13950,72.04,0
4234,1628,2023-06-28,Business,164,35,2198,49.06,0
4235,1628,2023-07-05,Business,79,33,3624,25.91,0
4236,1628,2023-07-12,Business,142,25,14078,61.3,0
4237,1628,2023-07-19,Business,86,45,16743,64.6,0
4238,1628,2024-12-21,Enterprise,77,156,20741,439.37,0
4239,1628,2024-12-28,Enterprise,224,155,65334,195.78,0
4240,1634,2024-08-22,Starter,11,1,673,4.64,1
4241,1634,2024-08-29,Starter,5,1,170,2.9,1
4242,1634,2024-09-05,Starter,5,1,266,2.69,1
4243,1634,2024-09-12,Starter,4,1,117,2.94,1
4244,1634,2024-09-19,Starter,2,1,68,3.12,1
4245,1635,2023-05-22,Starter,11,4,930,3.16,0
4246,1635,2023-05-29,Starter,11,4,799,3.01,0
4247,1635,2023-06-05,Starter,15,1,755,3.45,0
4248,1635,2023-06-12,Starter,12,3,702,3.28,0
4249,1635,2023-06-19,Starter,8,3,252,1.69,0
4250,1635,2024-02-22,Starter,8,1,1041,1.18,0
4251,1635,2024-02-29,Starter,12,1,820,1.53,0
4252,1635,2024-03-07,Starter,12,1,446,1.14,0
4253,1635,2024-03-14,Starter,11,5,931,1.54,0
4254,1635,2024-03-21,Starter,14,1,203,1.22,0
4255,1635,2024-03-28,Starter,4,2,682,3.56,0
4256,1635,2024-04-04,Starter,8,1,872,2.8,0
4257,1635,2024-04-11,Starter,16,2,211,0.77,0
4258,1635,2024-04-18,Starter,15,4,149,0.75,0
4259,1635,2024-04-25,Starter,14,1,201,5.04,0
4260,1635,2024-05-02,Starter,18,1,616,2.6,0
4261,1635,2024-05-09,Starter,15,4,302,1.28,0
4262,1635,2024-05-16,Starter,4,3,480,1.49,0
4263,1635,2024-05-23,Starter,18,3,113,1.25,0
4264,1635,2024-05-30,Starter,21,4,728,2.35,0
4265,1635,2024-06-06,Starter,17,3,474,1.12,0
4266,1635,2024-06-13,Starter,12,2,557,1.12,0
4267,1635,2024-06-20,Starter,16,5,521,3.14,0
4268,1635,2024-06-27,Starter,15,1,196,1.17,0
4269,1635,2024-07-04,Starter,18,1,140,4.88,0
4270,1635,2024-07-11,Starter,13,1,633,0.51,0
4271,1635,2024-07-18,Starter,8,1,898,4.18,0
4272,1635,2024-07-25,Starter,8,4,283,4.46,0
4273,1635,2024-08-01,Starter,4,1,372,3.99,0
4274,1635,2024-08-08,Starter,13,2,792,3.34,0
4275,1635,2024-08-15,Starter,18,3,238,0.51,0
4276,1635,2024-08-22,Starter,18,5,330,2.61,0
4277,1635,2024-08-29,Starter,16,3,686,3.32,0
4278,1635,2024-09-05,Starter,6,4,854,0.9,0
4279,1635,2024-09-12,Starter,7,3,345,2.76,0
4280,1635,2024-09-19,Starter,12,2,251,4.57,0
4281,1635,2024-09-26,Starter,15,2,537,4.03,0
4282,1635,2024-10-03,Starter,13,3,667,2.31,0
4283,1635,2024-10-10,Starter,12,4,568,0.93,0
4284,1635,2024-10-17,Starter,9,3,613,3.77,0
4285,1635,2024-10-24,Starter,14,4,607,3.78,0
4286,1635,2024-10-31,Starter,6,1,494,2.87,0
4287,1635,2024-11-07,Starter,9,2,357,3.89,0
4288,1635,2024-11-14,Starter,8,4,237,0.59,0
4289,1635,2024-11-21,Starter,8,1,689,1.23,0
4290,1635,2024-11-28,Starter,17,2,687,4.44,0
4291,1635,2024-12-05,Starter,11,3,336,4.78,0
4292,1635,2024-12-12,Starter,5,3,768,2.69,0
4293,1635,2024-12-19,Starter,15,3,170,3.85,0
4294,1635,2024-12-26,Starter,11,4,940,4.92,0
4295,1642,2023-04-23,Starter,7,1,505,2.27,1
4296,1642,2023-04-30,Starter,5,2,370,2.73,1
4297,1642,2023-05-07,Starter,2,1,291,3.7,1
4298,1642,2023-05-14,Starter,1,1,52,4.18,1
4299,1642,2023-05-21,Starter,1,1,68,2.09,1
4300,1644,2024-12-23,Pro,42,14,3122,4.35,0
4301,1644,2024-12-30,Pro,19,10,773,3.15,0
4302,1650,2024-12-24,Enterprise,327,154,17214,165.82,0
4303,1650,2024-12-31,Enterprise,562,55,60100,478.56,0
4304,1660,2023-10-25,Business,72,13,4856,41.42,1
4305,1660,2023-11-01,Business,44,21,9011,66.28,1
4306,1660,2023-11-08,Business,31,5,7365,83.65,1
4307,1660,2023-11-15,Business,17,4,612,25.65,1
4308,1660,2023-11-22,Business,21,2,2196,60.01,1
4309,1662,2023-07-26,Pro,33,10,2091,3.8,0
4310,1662,2023-08-02,Pro,25,7,3107,13.84,0
4311,1662,2023-08-09,Pro,52,4,2854,5.84,0
4312,1662,2023-08-16,Pro,26,3,4644,7.79,0
4313,1662,2023-08-23,Pro,34,14,2718,11.36,0
4314,1662,2024-05-26,Business,72,31,5312,83.16,0
4315,1662,2024-06-02,Business,101,40,2509,25.94,0
4316,1662,2024-06-09,Business,65,29,12719,99.74,0
4317,1662,2024-06-16,Business,77,43,10188,31.46,0
4318,1662,2024-06-23,Business,80,33,3483,12.39,0
4319,1662,2024-06-26,Enterprise,337,69,58744,408.82,0
4320,1662,2024-07-03,Enterprise,93,123,11852,48.93,0
4321,1662,2024-07-10,Enterprise,298,49,61348,105.95,0
4322,1662,2024-07-17,Enterprise,426,56,56932,317.41,0
4323,1662,2024-07-24,Enterprise,171,91,60812,197.5,0
4324,1662,2024-12-26,Business,69,44,17993,16.01,0
4325,1663,2023-04-26,Starter,5,1,521,3.05,1
4326,1663,2023-05-03,Starter,2,1,55,4.65,1
4327,1663,2023-05-10,Starter,4,1,329,4.21,1
4328,1663,2023-05-17,Starter,2,1,38,1.59,1
4329,1663,2023-05-24,Starter,1,1,83,2.7,1
4330,1669,2023-03-27,Starter,13,2,705,4.67,1
4331,1669,2023-04-03,Starter,6,2,68,1.64,1
4332,1669,2023-04-10,Starter,4,1,111,3.9,1
4333,1669,2023-04-17,Starter,3,1,38,1.48,1
4334,1669,2023-04-24,Starter,1,1,84,4.46,1
4335,1671,2023-07-27,Starter,20,2,644,3.01,0
4336,1671,2023-08-03,Starter,10,1,345,2.72,0
4337,1671,2023-08-10,Starter,12,4,348,1.89,0
4338,1671,2023-08-17,Starter,13,2,298,2.08,0
4339,1671,2023-08-24,Starter,8,2,809,1.22,0
4340,1671,2024-12-27,Pro,15,6,2786,10.54,0
4341,1672,2024-12-27,Starter,17,5,309,3.62,0
4342,1673,2023-05-27,Enterprise,191,127,8675,308.59,1
4343,1673,2023-06-03,Enterprise,149,82,31637,56.56,1
4344,1673,2023-06-10,Enterprise,88,37,10393,418.44,1
4345,1673,2023-06-17,Enterprise,24,39,19201,311.6,1
4346,1673,2023-06-24,Enterprise,70,9,16080,132.93,1
4347,1677,2023-03-28,Starter,13,1,480,3.88,0
4348,1677,2023-04-04,Starter,9,2,116,1.64,0
4349,1677,2023-04-11,Starter,8,4,629,2.32,0
4350,1677,2023-04-18,Starter,8,2,322,4.94,0
4351,1677,2023-04-25,Starter,21,2,903,0.61,0
4352,1677,2023-07-28,Starter,15,1,145,2.43,0
4353,1677,2023-08-04,Starter,13,4,833,3.52,0
4354,1677,2023-08-11,Starter,7,2,380,3.04,0
4355,1677,2023-08-18,Starter,6,4,946,1.34,0
4356,1677,2023-08-25,Starter,14,4,291,4.7,0
4357,1677,2023-09-01,Starter,19,3,863,1.9,0
4358,1677,2023-09-08,Starter,6,1,432,1.65,0
4359,1677,2023-09-15,Starter,6,2,467,1.98,0
4360,1677,2023-09-22,Starter,18,1,171,4.2,0
4361,1677,2023-09-29,Starter,16,2,701,4.67,0
4362,1677,2023-10-06,Starter,14,4,945,3.88,0
4363,1677,2023-10-13,Starter,17,3,495,1.73,0
4364,1677,2023-10-20,Starter,12,4,226,4.09,0
4365,1677,2023-10-27,Starter,18,2,765,0.78,0
4366,1677,2023-11-03,Starter,17,1,419,0.89,0
4367,1677,2023-11-10,Starter,12,1,603,4.67,0
4368,1677,2023-11-17,Starter,15,4,617,2.95,0
4369,1677,2023-11-24,Starter,9,4,336,4.66,0
4370,1677,2023-12-01,Starter,11,1,461,2.13,0
4371,1677,2023-12-08,Starter,11,4,556,4.95,0
4372,1677,2023-12-15,Starter,7,5,145,2.54,0
4373,1677,2023-12-22,Starter,6,4,249,4.57,0
4374,1677,2023-12-29,Starter,9,3,374,3.98,0
4375,1677,2024-01-05,Starter,15,1,838,4.73,0
4376,1677,2024-01-12,Starter,16,3,761,1.33,0
4377,1677,2024-01-19,Starter,14,2,829,0.8,0
4378,1677,2024-01-26,Starter,7,4,713,2.43,0
4379,1677,2024-02-02,Starter,12,3,775,1.22,0
4380,1677,2024-02-09,Starter,21,1,670,0.8,0
4381,1677,2024-02-16,Starter,16,2,564,1.36,0
4382,1677,2024-02-23,Starter,4,4,947,0.94,0
4383,1677,2024-03-01,Starter,6,1,638,1.27,0
4384,1677,2024-03-08,Starter,14,4,773,0.8,0
4385,1677,2024-03-15,Starter,22,4,448,0.9,0
4386,1677,2024-03-22,Starter,14,3,260,0.93,0
4387,1677,2024-03-29,Starter,6,3,259,1.97,0
4388,1677,2024-04-05,Starter,13,3,396,4.9,0
4389,1677,2024-04-12,Starter,12,1,692,2.63,0
4390,1677,2024-04-19,Starter,19,3,670,2.38,0
4391,1677,2024-04-26,Starter,5,3,382,2.1,0
4392,1677,2024-05-03,Starter,7,1,506,3.46,0
4393,1677,2024-05-10,Starter,6,1,312,0.55,0
4394,1677,2024-05-17,Starter,10,5,929,3.67,0
4395,1677,2024-05-24,Starter,21,3,889,0.79,0
4396,1677,2024-05-31,Starter,10,3,878,2.04,0
4397,1677,2024-06-07,Starter,15,1,477,2.05,0
4398,1677,2024-06-14,Starter,8,3,675,3.53,0
4399,1677,2024-06-21,Starter,12,3,442,2.16,0
4400,1677,2024-06-28,Starter,20,3,357,2.32,0
4401,1677,2024-07-05,Starter,16,2,707,1.17,0
4402,1677,2024-07-12,Starter,12,1,533,1.07,0
4403,1677,2024-07-19,Starter,16,1,703,5.12,0
4404,1677,2024-07-26,Starter,16,2,690,4.79,0
4405,1677,2024-08-02,Starter,7,4,945,4.27,0
4406,1677,2024-08-09,Starter,9,2,311,3.61,0
4407,1677,2024-08-16,Starter,10,4,534,4.3,0
4408,1677,2024-08-23,Starter,7,2,456,2.73,0
4409,1677,2024-08-30,Starter,7,1,777,5.02,0
4410,1677,2024-09-06,Starter,13,1,369,1.63,0
4411,1677,2024-09-13,Starter,5,1,196,3.71,0
4412,1677,2024-09-20,Starter,12,3,677,4.04,0
4413,1677,2024-09-27,Starter,5,3,367,3.08,0
4414,1677,2024-10-04,Starter,20,4,990,3.38,0
4415,1677,2024-10-11,Starter,15,1,446,1.73,0
4416,1677,2024-10-18,Starter,6,2,1100,3.53,0
4417,1677,2024-10-25,Starter,8,3,826,4.26,0
4418,1677,2024-11-01,Starter,5,1,1022,1.67,0
4419,1677,2024-11-08,Starter,16,4,308,3.91,0
4420,1677,2024-11-15,Starter,10,4,247,2.11,0
4421,1677,2024-11-22,Starter,23,1,898,4.67,0
4422,1677,2024-11-29,Starter,8,4,153,2.73,0
4423,1677,2024-12-06,Starter,19,4,721,3.3,0
4424,1677,2024-12-13,Starter,14,1,702,1.19,0
4425,1677,2024-12-20,Starter,14,1,905,1.54,0
4426,1677,2024-12-27,Starter,22,2,474,1.77,0
4427,1682,2023-10-28,Business,37,33,12222,37.25,1
4428,1682,2023-11-04,Business,40,11,1388,23.44,1
4429,1682,2023-11-11,Business,35,17,7090,91.71,1
4430,1682,2023-11-18,Business,21,7,3238,50.39,1
4431,1682,2023-11-25,Business,5,8,2715,60.37,1
4432,1688,2024-12-29,Enterprise,224,158,50185,384.2,0
4433,1694,2023-10-30,Starter,10,1,228,1.71,1
4434,1694,2023-11-06,Starter,8,1,446,0.52,1
4435,1694,2023-11-13,Starter,3,1,365,4.84,1
4436,1694,2023-11-20,Starter,4,1,70,2.89,1
4437,1694,2023-11-27,Starter,3,1,163,2.96,1
4438,1701,2024-03-29,Enterprise,433,147,28136,433.01,0
4439,1701,2024-04-05,Enterprise,450,38,27820,203.2,0
4440,1701,2024-04-12,Enterprise,204,33,53635,186.82,0
4441,1701,2024-04-19,Enterprise,418,91,70307,239.0,0
4442,1701,2024-04-26,Enterprise,208,31,99769,153.92,0
4443,1701,2024-12-29,Business,80,42,3012,72.06,0
4444,1718,2023-04-03,Starter,13,1,342,1.75,1
4445,1718,2023-04-10,Starter,10,1,575,4.85,1
4446,1718,2023-04-17,Starter,8,1,410,3.71,1
4447,1718,2023-04-24,Starter,4,1,150,4.3,1
4448,1718,2023-05-01,Starter,1,1,126,3.77,1
4449,1723,2023-10-03,Business,66,26,12335,72.96,1
4450,1723,2023-10-10,Business,59,26,10165,47.45,1
4451,1723,2023-10-17,Business,70,11,5820,51.96,1
4452,1723,2023-10-24,Business,29,2,2709,14.38,1
4453,1723,2023-10-31,Business,28,4,1367,93.01,1
4454,1726,2023-04-04,Business,139,19,5088,88.11,0
4455,1726,2023-04-11,Business,65,40,4076,68.2,0
4456,1726,2023-04-18,Business,115,40,15709,82.14,0
4457,1726,2023-04-25,Business,81,24,11218,21.13,0
4458,1726,2023-05-02,Business,129,26,15822,98.66,0
4459,1726,2024-02-04,Enterprise,239,198,78569,310.23,0
4460,1726,2024-02-11,Enterprise,275,204,78176,252.91,0
4461,1726,2024-02-18,Enterprise,195,145,41253,179.32,0
4462,1726,2024-02-25,Enterprise,238,39,80378,241.26,0
4463,1726,2024-03-03,Enterprise,261,215,38768,69.42,0
4464,1726,2024-12-04,Business,89,23,2656,89.02,0
4465,1726,2024-12-11,Business,144,42,7864,94.15,0
4466,1726,2024-12-18,Business,91,37,11616,87.11,0
4467,1726,2024-12-25,Business,80,12,8875,72.8,0
4468,1732,2023-04-05,Starter,4,2,339,1.45,1
4469,1732,2023-04-12,Starter,5,2,458,1.25,1
4470,1732,2023-04-19,Starter,4,1,312,3.16,1
4471,1732,2023-04-26,Starter,2,1,133,2.86,1
4472,1732,2023-05-03,Starter,1,1,49,3.69,1
4473,1737,2024-12-05,Pro,25,13,1733,15.26,0
4474,1737,2024-12-12,Pro,28,13,3441,11.26,0
4475,1737,2024-12-19,Pro,61,7,4314,9.37,0
4476,1737,2024-12-26,Pro,23,3,4908,11.65,0
4477,1739,2024-12-06,Starter,16,3,420,1.8,0
4478,1739,2024-12-13,Starter,15,4,231,2.18,0
4479,1739,2024-12-20,Starter,16,3,910,4.22,0
4480,1739,2024-12-27,Starter,7,2,224,2.09,0
4481,1743,2024-12-06,Enterprise,150,188,61476,81.88,0
4482,1743,2024-12-13,Enterprise,138,118,83311,57.39,0
4483,1743,2024-12-20,Enterprise,283,145,39687,226.25,0
4484,1743,2024-12-27,Enterprise,212,141,104096,88.04,0
4485,1747,2023-06-07,Enterprise,186,79,39410,239.67,1
4486,1747,2023-06-14,Enterprise,105,57,18475,140.49,1
4487,1747,2023-06-21,Enterprise,58,25,34320,68.45,1
4488,1747,2023-06-28,Enterprise,66,32,14737,323.38,1
4489,1747,2023-07-05,Enterprise,53,20,3778,363.56,1
4490,1748,2023-04-07,Pro,23,5,2515,7.63,1
4491,1748,2023-04-14,Pro,11,3,1831,6.11,1
4492,1748,2023-04-21,Pro,18,4,1721,8.91,1
4493,1748,2023-04-28,Pro,3,1,925,14.4,1
4494,1748,2023-05-05,Pro,5,2,801,14.57,1
4495,1755,2024-07-08,Business,58,39,9909,35.34,1
4496,1755,2024-07-15,Business,38,28,7778,70.22,1
4497,1755,2024-07-22,Business,36,20,4940,58.64,1
4498,1755,2024-07-29,Business,32,4,4106,92.74,1
4499,1755,2024-08-05,Business,11,4,2786,87.69,1
4500,1763,2023-09-09,Business,83,27,5398,96.84,0
4501,1763,2023-09-16,Business,96,35,11748,38.45,0
4502,1763,2023-09-23,Business,76,33,15989,86.0,0
4503,1763,2023-09-30,Business,39,32,13577,45.9,0
4504,1763,2023-10-07,Business,94,38,3334,93.07,0
4505,1763,2024-12-09,Enterprise,529,68,59027,337.1,0
4506,1763,2024-12-16,Enterprise,175,147,63261,94.09,0
4507,1763,2024-12-23,Enterprise,319,68,17435,414.11,0
4508,1763,2024-12-30,Enterprise,111,208,26397,72.78,0
4509,1767,2024-12-09,Business,83,19,3249,60.16,0
4510,1767,2024-12-16,Business,153,37,11568,88.11,0
4511,1767,2024-12-23,Business,97,23,13380,24.12,0
4512,1767,2024-12-30,Business,51,10,15833,80.62,0
4513,1770,2023-09-10,Starter,5,2,700,4.44,1
4514,1770,2023-09-17,Starter,4,2,376,2.89,1
4515,1770,2023-09-24,Starter,3,1,152,5.03,1
4516,1770,2023-10-01,Starter,1,1,117,4.08,1
4517,1770,2023-10-08,Starter,2,1,20,1.23,1
4518,1776,2024-06-12,Enterprise,185,143,48112,312.01,0
4519,1776,2024-06-19,Enterprise,202,100,86652,60.96,0
4520,1776,2024-06-26,Enterprise,355,38,64949,68.51,0
4521,1776,2024-07-03,Enterprise,304,92,43659,460.17,0
4522,1776,2024-07-10,Enterprise,251,193,37817,239.91,0
4523,1776,2024-07-12,Business,106,30,16864,96.24,0
4524,1776,2024-07-19,Business,117,11,3954,84.95,0
4525,1776,2024-07-26,Business,126,26,6995,82.18,0
4526,1776,2024-08-02,Business,110,41,15171,74.37,0
4527,1776,2024-08-09,Business,110,22,11249,76.29,0
4528,1776,2024-11-12,Enterprise,144,80,30792,133.87,0
4529,1776,2024-11-19,Enterprise,465,49,30732,182.25,0
4530,1776,2024-11-26,Enterprise,178,166,92728,422.73,0
4531,1776,2024-12-03,Enterprise,175,74,97745,437.84,0
4532,1776,2024-12-10,Enterprise,368,116,55163,281.68,0
4533,1776,2024-12-12,Business,133,13,3743,87.33,0
4534,1776,2024-12-19,Business,141,45,6252,57.31,0
4535,1776,2024-12-26,Business,84,28,18476,63.21,0
4536,1779,2023-09-12,Business,145,34,3914,11.63,0
4537,1779,2023-09-19,Business,102,15,10495,42.13,0
4538,1779,2023-09-26,Business,91,35,8657,83.05,0
4539,1779,2023-10-03,Business,118,24,12166,46.46,0
4540,1779,2023-10-10,Business,61,39,21343,59.72,0
4541,1779,2024-12-12,Enterprise,467,74,81816,402.74,0
4542,1779,2024-12-19,Enterprise,201,156,72998,441.86,0
4543,1779,2024-12-26,Enterprise,249,193,77169,405.28,0
4544,1781,2024-12-12,Business,108,24,4972,66.03,0
4545,1781,2024-12-19,Business,156,28,11893,79.79,0
4546,1781,2024-12-26,Business,124,18,8118,25.85,0
4547,1785,2023-06-13,Pro,47,2,4338,6.0,0
4548,1785,2023-06-20,Pro,38,7,676,6.42,0
4549,1785,2023-06-27,Pro,22,11,1616,15.33,0
4550,1785,2023-07-04,Pro,43,6,2107,3.15,0
4551,1785,2023-07-11,Pro,38,10,2340,11.72,0
4552,1785,2023-08-13,Starter,8,3,555,3.54,0
4553,1785,2023-08-20,Starter,4,4,602,2.05,0
4554,1785,2023-08-27,Starter,5,3,330,1.32,0
4555,1785,2023-09-03,Starter,11,2,914,4.65,0
4556,1785,2023-09-10,Starter,14,2,677,2.55,0
4557,1785,2023-10-13,Pro,23,3,2535,11.98,1
4558,1785,2023-10-20,Pro,23,2,669,16.07,1
4559,1785,2023-10-27,Pro,14,4,1342,9.32,1
4560,1785,2023-11-03,Pro,10,3,961,2.1,1
4561,1785,2023-11-10,Pro,6,1,854,11.32,1
4562,1789,2023-11-14,Enterprise,262,121,107057,201.77,0
4563,1789,2023-11-21,Enterprise,199,204,50784,306.24,0
4564,1789,2023-11-28,Enterprise,85,80,13848,93.57,0
4565,1789,2023-12-05,Enterprise,235,42,94685,269.65,0
4566,1789,2023-12-12,Enterprise,119,52,64531,126.75,0
4567,1789,2024-12-14,Business,62,26,13586,44.38,0
4568,1789,2024-12-21,Business,43,40,7015,25.45,0
4569,1789,2024-12-28,Business,88,39,15812,53.21,0
4570,1791,2023-07-14,Pro,42,10,3148,15.53,0
4571,1791,2023-07-21,Pro,25,7,3705,11.02,0
4572,1791,2023-07-28,Pro,15,12,940,6.19,0
4573,1791,2023-08-04,Pro,30,4,3260,18.56,0
4574,1791,2023-08-11,Pro,23,13,2854,10.68,0
4575,1791,2024-05-14,Business,74,25,8487,89.73,1
4576,1791,2024-05-21,Business,41,14,4958,71.48,1
4577,1791,2024-05-28,Business,26,15,1991,76.12,1
4578,1791,2024-06-04,Business,26,9,904,65.64,1
4579,1791,2024-06-11,Business,10,5,1368,56.55,1
4580,1792,2024-12-14,Pro,17,8,3843,5.09,0
4581,1792,2024-12-21,Pro,34,9,2291,19.65,0
4582,1792,2024-12-28,Pro,39,13,2501,16.39,0
4583,1796,2023-08-14,Pro,19,2,927,13.08,1
4584,1796,2023-08-21,Pro,23,4,1319,10.68,1
4585,1796,2023-08-28,Pro,14,4,1009,13.08,1
4586,1796,2023-09-04,Pro,3,3,1000,9.37,1
4587,1796,2023-09-11,Pro,4,1,539,14.93,1
4588,1800,2023-06-15,Starter,16,1,129,3.16,1
4589,1800,2023-06-22,Starter,3,1,373,4.86,1
4590,1800,2023-06-29,Starter,5,1,159,3.51,1
4591,1800,2023-07-06,Starter,1,1,122,3.09,1
4592,1800,2023-07-13,Starter,1,1,27,3.92,1
4593,1801,2023-04-15,Starter,4,2,625,5.2,1
4594,1801,2023-04-22,Starter,5,2,60,1.87,1
4595,1801,2023-04-29,Starter,3,1,315,0.83,1
4596,1801,2023-05-06,Starter,1,1,179,2.93,1
4597,1801,2023-05-13,Starter,0,1,146,1.43,1
4598,1803,2024-12-15,Pro,27,6,1196,18.59,0
4599,1803,2024-12-22,Pro,12,11,3241,5.07,0
4600,1803,2024-12-29,Pro,35,5,2971,11.55,0
4601,1805,2023-05-16,Starter,6,1,399,1.38,1
4602,1805,2023-05-23,Starter,9,1,348,4.49,1
4603,1805,2023-05-30,Starter,6,1,155,1.41,1
4604,1805,2023-06-06,Starter,3,1,219,4.76,1
4605,1805,2023-06-13,Starter,3,1,179,3.48,1
4606,1806,2023-09-16,Starter,6,2,640,2.42,1
4607,1806,2023-09-23,Starter,6,1,304,3.18,1
4608,1806,2023-09-30,Starter,2,1,108,4.15,1
4609,1806,2023-10-07,Starter,1,1,178,4.24,1
4610,1806,2023-10-14,Starter,2,1,103,4.06,1
4611,1812,2024-04-17,Pro,11,2,773,13.57,1
4612,1812,2024-04-24,Pro,21,3,743,17.11,1
4613,1812,2024-05-01,Pro,7,4,753,7.13,1
4614,1812,2024-05-08,Pro,6,1,145,17.68,1
4615,1812,2024-05-15,Pro,5,2,347,18.7,1
4616,1813,2024-12-18,Starter,6,2,890,3.7,0
4617,1813,2024-12-25,Starter,4,2,931,4.32,0
4618,1820,2024-08-18,Starter,7,2,493,0.92,1
4619,1820,2024-08-25,Starter,8,1,148,1.59,1
4620,1820,2024-09-01,Starter,2,1,72,5.02,1
4621,1820,2024-09-08,Starter,3,1,30,1.5,1
4622,1820,2024-09-15,Starter,1,1,164,4.51,1
4623,1825,2023-04-20,Starter,7,2,431,3.02,1
4624,1825,2023-04-27,Starter,9,1,561,2.1,1
4625,1825,2023-05-04,Starter,5,1,222,1.12,1
4626,1825,2023-05-11,Starter,1,1,72,1.58,1
4627,1825,2023-05-18,Starter,2,1,76,3.05,1
4628,1828,2024-07-21,Pro,36,13,1769,5.75,0
4629,1828,2024-07-28,Pro,25,8,3342,11.53,0
4630,1828,2024-08-04,Pro,33,14,5357,18.68,0
4631,1828,2024-08-11,Pro,36,4,1373,18.56,0
4632,1828,2024-08-18,Pro,17,9,3084,9.07,0
4633,1828,2024-12-21,Business,34,25,13650,51.78,0
4634,1828,2024-12-28,Business,24,13,13059,18.61,0
4635,1832,2024-01-21,Starter,8,2,757,2.15,0
4636,1832,2024-01-28,Starter,10,5,795,3.46,0
4637,1832,2024-02-04,Starter,5,3,534,0.99,0
4638,1832,2024-02-11,Starter,7,3,559,3.17,0
4639,1832,2024-02-18,Starter,6,2,639,1.02,0
4640,1832,2024-08-21,Pro,45,6,1831,8.33,1
4641,1832,2024-08-28,Pro,10,7,1262,10.1,1
4642,1832,2024-09-04,Pro,22,2,928,6.4,1
4643,1832,2024-09-11,Pro,3,1,533,15.12,1
4644,1832,2024-09-18,Pro,5,1,569,13.29,1
4645,1834,2023-06-21,Pro,30,2,2486,19.36,1
4646,1834,2023-06-28,Pro,32,1,1428,4.14,1
4647,1834,2023-07-05,Pro,15,1,569,13.23,1
4648,1834,2023-07-12,Pro,3,3,344,18.91,1
4649,1834,2023-07-19,Pro,9,2,205,17.8,1
4650,1838,2024-11-22,Enterprise,265,130,59389,268.19,0
4651,1838,2024-11-29,Enterprise,394,192,20517,314.49,0
4652,1838,2024-12-06,Enterprise,407,187,35313,498.35,0
4653,1838,2024-12-13,Enterprise,116,153,54124,100.18,0
4654,1838,2024-12-20,Enterprise,118,105,35975,256.23,0
4655,1838,2024-12-22,Business,71,49,14344,89.4,0
4656,1838,2024-12-29,Business,52,11,4713,81.64,0
4657,1841,2023-05-23,Starter,5,1,478,1.65,1
4658,1841,2023-05-30,Starter,10,1,207,1.44,1
4659,1841,2023-06-06,Starter,3,1,295,1.13,1
4660,1841,2023-06-13,Starter,3,1,127,3.38,1
4661,1841,2023-06-20,Starter,2,1,149,2.52,1
4662,1844,2024-01-23,Business,92,14,10867,99.4,0
4663,1844,2024-01-30,Business,71,11,3851,84.05,0
4664,1844,2024-02-06,Business,45,45,14051,14.33,0
4665,1844,2024-02-13,Business,81,34,5927,50.31,0
4666,1844,2024-02-20,Business,54,46,8209,26.84,0
4667,1844,2024-10-23,Enterprise,351,124,64118,490.82,1
4668,1844,2024-10-30,Enterprise,160,79,51496,146.6,1
4669,1844,2024-11-06,Enterprise,123,39,33025,235.32,1
4670,1844,2024-11-13,Enterprise,26,49,10946,349.42,1
4671,1844,2024-11-20,Enterprise,59,24,20495,436.22,1
4672,1846,2024-12-23,Enterprise,323,175,87393,478.8,0
4673,1846,2024-12-30,Enterprise,505,165,18640,69.4,0
4674,1848,2023-10-24,Business,45,32,4127,25.03,1
4675,1848,2023-10-31,Business,30,21,6185,39.14,1
4676,1848,2023-11-07,Business,23,8,5420,87.66,1
4677,1848,2023-11-14,Business,30,4,4066,17.52,1
4678,1848,2023-11-21,Business,6,7,1081,34.54,1
4679,1850,2023-08-24,Business,96,26,13387,81.27,0
4680,1850,2023-08-31,Business,131,30,5813,33.12,0
4681,1850,2023-09-07,Business,123,16,17621,99.18,0
4682,1850,2023-09-14,Business,50,18,8539,18.23,0
4683,1850,2023-09-21,Business,57,31,8711,53.03,0
4684,1850,2023-10-24,Enterprise,153,143,72347,493.06,1
4685,1850,2023-10-31,Enterprise,115,41,30404,88.63,1
4686,1850,2023-11-07,Enterprise,147,42,5459,362.14,1
4687,1850,2023-11-14,Enterprise,62,36,8814,445.29,1
4688,1850,2023-11-21,Enterprise,76,23,16783,484.14,1
4689,1869,2024-07-27,Starter,2,1,198,2.92,1
4690,1869,2024-08-03,Starter,2,2,316,2.69,1
4691,1869,2024-08-10,Starter,2,1,104,2.24,1
4692,1869,2024-08-17,Starter,1,1,212,2.94,1
4693,1869,2024-08-24,Starter,1,1,66,2.28,1
4694,1871,2024-04-28,Business,51,23,14844,49.04,0
4695,1871,2024-05-05,Business,42,51,5988,68.65,0
4696,1871,2024-05-12,Business,102,19,14871,82.9,0
4697,1871,2024-05-19,Business,35,23,13301,59.44,0
4698,1871,2024-05-26,Business,47,11,20302,20.65,0
4699,1871,2024-12-28,Enterprise,239,108,14479,312.13,0
4700,1874,2023-08-28,Starter,12,2,392,0.85,1
4701,1874,2023-09-04,Starter,4,1,353,1.88,1
4702,1874,2023-09-11,Starter,4,1,188,1.53,1
4703,1874,2023-09-18,Starter,1,1,23,2.74,1
4704,1874,2023-09-25,Starter,2,1,122,1.75,1
4705,1876,2024-02-29,Enterprise,312,66,21484,376.61,0
4706,1876,2024-03-07,Enterprise,422,80,51142,459.38,0
4707,1876,2024-03-14,Enterprise,203,155,78296,366.32,0
4708,1876,2024-03-21,Enterprise,287,59,15908,81.05,0
4709,1876,2024-03-28,Enterprise,377,152,47655,218.86,0
4710,1876,2024-12-29,Business,55,31,17493,74.23,0
4711,1878,2024-12-29,Enterprise,96,174,48070,144.18,0
4712,1881,2023-05-29,Starter,13,3,491,1.38,1
4713,1881,2023-06-05,Starter,4,1,78,1.58,1
4714,1881,2023-06-12,Starter,3,1,305,1.07,1
4715,1881,2023-06-19,Starter,4,1,119,0.74,1
4716,1881,2023-06-26,Starter,3,1,149,3.14,1
4717,1886,2023-07-30,Pro,12,12,3595,2.68,0
4718,1886,2023-08-06,Pro,13,5,2277,15.58,0
4719,1886,2023-08-13,Pro,29,11,2522,18.77,0
4720,1886,2023-08-20,Pro,38,11,5061,17.78,0
4721,1886,2023-08-27,Pro,23,9,2568,7.33,0
4722,1886,2024-09-29,Business,29,7,4527,86.17,1
4723,1886,2024-10-06,Business,20,11,9850,24.44,1
4724,1886,2024-10-13,Business,13,17,5489,17.79,1
4725,1886,2024-10-20,Business,19,5,1418,84.94,1
4726,1886,2024-10-27,Business,13,2,3492,46.75,1
4727,1896,2023-06-01,Pro,34,7,1002,14.75,0
4728,1896,2023-06-08,Pro,29,14,2935,12.85,0
4729,1896,2023-06-15,Pro,43,13,857,2.96,0
4730,1896,2023-06-22,Pro,15,8,1286,12.82,0
4731,1896,2023-06-29,Pro,50,11,841,10.73,0
4732,1896,2024-03-01,Starter,15,1,282,2.54,0
4733,1896,2024-03-08,Starter,10,3,701,1.44,0
4734,1896,2024-03-15,Starter,16,4,720,2.46,0
4735,1896,2024-03-22,Starter,14,3,561,1.88,0
4736,1896,2024-03-29,Starter,9,2,971,1.91,0
4737,1896,2024-04-05,Starter,14,2,113,2.53,0
4738,1896,2024-04-12,Starter,9,2,758,1.97,0
4739,1896,2024-04-19,Starter,5,3,567,1.25,0
4740,1896,2024-04-26,Starter,14,4,589,1.01,0
4741,1896,2024-05-03,Starter,20,2,707,0.77,0
4742,1896,2024-05-10,Starter,12,1,505,2.04,0
4743,1896,2024-05-17,Starter,13,2,617,1.85,0
4744,1896,2024-05-24,Starter,17,5,644,2.74,0
4745,1896,2024-05-31,Starter,12,3,828,3.08,0
4746,1896,2024-06-07,Starter,11,2,398,3.14,0
4747,1896,2024-06-14,Starter,19,1,862,3.52,0
4748,1896,2024-06-21,Starter,17,4,838,4.44,0
4749,1896,2024-06-28,Starter,21,3,154,1.77,0
4750,1896,2024-07-05,Starter,8,2,877,3.23,0
4751,1896,2024-07-12,Starter,16,4,824,1.09,0
4752,1896,2024-07-19,Starter,15,2,1033,3.7,0
4753,1896,2024-07-26,Starter,12,3,343,4.56,0
4754,1896,2024-08-02,Starter,11,4,655,3.88,0
4755,1896,2024-08-09,Starter,8,1,386,4.83,0
4756,1896,2024-08-16,Starter,16,2,897,3.7,0
4757,1896,2024-08-23,Starter,16,1,149,4.02,0
4758,1896,2024-08-30,Starter,16,1,617,2.75,0
4759,1896,2024-09-06,Starter,15,1,368,2.4,0
4760,1896,2024-09-13,Starter,16,2,132,4.71,0
4761,1896,2024-09-20,Starter,22,1,342,3.72,0
4762,1896,2024-09-27,Starter,14,2,221,3.34,0
4763,1896,2024-10-04,Starter,16,1,967,2.01,0
4764,1896,2024-10-11,Starter,21,1,597,4.47,0
4765,1896,2024-10-18,Starter,15,3,848,2.14,0
4766,1896,2024-10-25,Starter,9,1,427,2.14,0
4767,1896,2024-11-01,Starter,17,5,614,3.93,0
4768,1896,2024-11-08,Starter,10,4,431,2.39,0
4769,1896,2024-11-15,Starter,10,4,657,0.55,0
4770,1896,2024-11-22,Starter,14,3,557,4.77,0
4771,1896,2024-11-29,Starter,14,4,390,1.69,0
4772,1896,2024-12-06,Starter,19,2,588,1.54,0
4773,1896,2024-12-13,Starter,9,2,236,3.94,0
4774,1896,2024-12-20,Starter,10,3,324,0.85,0
4775,1896,2024-12-27,Starter,12,5,432,4.31,0
4776,1897,2023-06-01,Starter,10,2,341,2.93,1
4777,1897,2023-06-08,Starter,5,1,147,0.83,1
4778,1897,2023-06-15,Starter,3,1,236,3.69,1
4779,1897,2023-06-22,Starter,2,1,38,0.9,1
4780,1897,2023-06-29,Starter,2,1,94,0.58,1
4781,1898,2023-05-01,Starter,16,3,548,2.32,1
4782,1898,2023-05-08,Starter,5,2,175,1.75,1
4783,1898,2023-05-15,Starter,4,1,163,4.37,1
4784,1898,2023-05-22,Starter,1,1,28,4.12,1
4785,1898,2023-05-29,Starter,2,1,91,2.02,1
4786,1899,2024-03-02,Business,26,12,8954,90.83,1
4787,1899,2024-03-09,Business,46,14,5824,83.0,1
4788,1899,2024-03-16,Business,20,10,3700,81.56,1
4789,1899,2024-03-23,Business,22,9,1051,23.14,1
4790,1899,2024-03-30,Business,7,2,3444,52.22,1
4791,1900,2024-12-02,Enterprise,113,44,40978,446.3,0
4792,1900,2024-12-09,Enterprise,346,49,64087,306.09,0
4793,1900,2024-12-16,Enterprise,113,183,16205,333.77,0
4794,1900,2024-12-23,Enterprise,279,62,26700,303.49,0
4795,1900,2024-12-30,Enterprise,185,88,88403,347.8,0
4796,1901,2024-01-02,Enterprise,402,34,83725,285.66,0
4797,1901,2024-01-09,Enterprise,150,56,35428,404.1,0
4798,1901,2024-01-16,Enterprise,199,186,42195,276.22,0
4799,1901,2024-01-23,Enterprise,122,49,53994,398.49,0
4800,1901,2024-01-30,Enterprise,244,122,16377,101.97,0
4801,1901,2024-03-02,Business,27,11,15742,53.78,0
4802,1901,2024-03-09,Business,34,23,5170,94.36,0
4803,1901,2024-03-16,Business,83,22,2500,48.93,0
4804,1901,2024-03-23,Business,33,30,3256,96.34,0
4805,1901,2024-03-30,Business,68,13,4867,101.71,0
4806,1901,2024-12-02,Enterprise,469,114,23497,479.41,0
4807,1901,2024-12-09,Enterprise,368,60,94654,205.19,0
4808,1901,2024-12-16,Enterprise,87,132,30179,158.47,0
4809,1901,2024-12-23,Enterprise,277,84,53747,220.37,0
4810,1901,2024-12-30,Enterprise,377,161,19817,288.32,0
4811,1905,2024-12-02,Enterprise,109,207,78112,374.93,0
4812,1905,2024-12-09,Enterprise,122,137,34176,73.53,0
4813,1905,2024-12-16,Enterprise,432,158,27539,171.96,0
4814,1905,2024-12-23,Enterprise,355,40,53909,364.05,0
4815,1905,2024-12-30,Enterprise,221,50,80062,403.71,0
4816,1909,2023-05-02,Business,45,19,6263,100.44,0
4817,1909,2023-05-09,Business,79,27,12453,69.24,0
4818,1909,2023-05-16,Business,58,26,7905,68.96,0
4819,1909,2023-05-23,Business,113,19,4599,90.33,0
4820,1909,2023-05-30,Business,56,25,12488,90.63,0
4821,1909,2024-12-02,Enterprise,213,68,86492,361.44,0
4822,1909,2024-12-09,Enterprise,126,169,79112,239.22,0
4823,1909,2024-12-16,Enterprise,514,81,60808,78.91,0
4824,1909,2024-12-23,Enterprise,126,182,34036,285.97,0
4825,1909,2024-12-30,Enterprise,157,95,57834,270.35,0
4826,1910,2023-11-02,Starter,10,1,103,3.62,1
4827,1910,2023-11-09,Starter,11,2,193,0.52,1
4828,1910,2023-11-16,Starter,3,1,93,2.39,1
4829,1910,2023-11-23,Starter,3,1,134,1.84,1
4830,1910,2023-11-30,Starter,2,1,45,3.41,1
4831,1912,2023-05-03,Starter,9,2,232,4.56,1
4832,1912,2023-05-10,Starter,3,1,110,2.8,1
4833,1912,2023-05-17,Starter,6,1,228,2.62,1
4834,1912,2023-05-24,Starter,3,1,160,3.36,1
4835,1912,2023-05-31,Starter,1,1,141,4.55,1
4836,1918,2023-07-04,Starter,6,1,420,0.99,1
4837,1918,2023-07-11,Starter,7,2,219,4.08,1
4838,1918,2023-07-18,Starter,3,1,70,4.41,1
4839,1918,2023-07-25,Starter,3,1,70,2.32,1
4840,1918,2023-08-01,Starter,2,1,170,1.09,1
4841,1929,2023-10-06,Starter,6,1,180,4.88,1
4842,1929,2023-10-13,Starter,6,2,251,4.6,1
4843,1929,2023-10-20,Starter,6,1,85,4.96,1
4844,1929,2023-10-27,Starter,3,1,244,5.2,1
4845,1929,2023-11-03,Starter,2,1,52,0.71,1
4846,1936,2024-12-07,Pro,40,14,3696,2.55,0
4847,1936,2024-12-14,Pro,15,2,604,8.37,0
4848,1936,2024-12-21,Pro,21,9,3914,7.92,0
4849,1936,2024-12-28,Pro,12,12,1355,13.22,0
4850,1943,2023-10-08,Starter,8,2,312,0.98,1
4851,1943,2023-10-15,Starter,3,1,536,4.33,1
4852,1943,2023-10-22,Starter,3,1,284,2.12,1
4853,1943,2023-10-29,Starter,1,1,107,1.84,1
4854,1943,2023-11-05,Starter,1,1,109,1.07,1
4855,1945,2024-08-08,Starter,5,2,600,0.75,1
4856,1945,2024-08-15,Starter,3,1,401,4.2,1
4857,1945,2024-08-22,Starter,8,1,206,2.18,1
4858,1945,2024-08-29,Starter,4,1,202,2.98,1
4859,1945,2024-09-05,Starter,1,1,141,3.0,1
4860,1946,2023-12-09,Starter,10,3,1106,4.51,0
4861,1946,2023-12-16,Starter,11,4,732,1.85,0
4862,1946,2023-12-23,Starter,6,1,959,1.93,0
4863,1946,2023-12-30,Starter,8,3,623,1.04,0
4864,1946,2024-01-06,Starter,7,5,990,2.46,0
4865,1946,2024-12-09,Pro,67,10,4669,10.13,0
4866,1946,2024-12-16,Pro,68,3,3572,15.88,0
4867,1946,2024-12-23,Pro,46,7,2901,12.25,0
4868,1946,2024-12-30,Pro,26,4,2497,17.32,0
4869,1947,2023-11-09,Pro,54,4,1326,12.55,0
4870,1947,2023-11-16,Pro,69,13,2290,8.24,0
4871,1947,2023-11-23,Pro,16,7,1626,10.87,0
4872,1947,2023-11-30,Pro,37,10,3224,13.88,0
4873,1947,2023-12-07,Pro,15,12,2615,15.03,0
4874,1947,2024-12-09,Business,124,10,4706,51.76,0
4875,1947,2024-12-16,Business,133,39,17219,28.82,0
4876,1947,2024-12-23,Business,75,34,13837,83.53,0
4877,1947,2024-12-30,Business,118,27,5964,74.38,0
4878,1949,2024-01-09,Starter,4,2,105,0.52,1
4879,1949,2024-01-16,Starter,9,1,130,2.38,1
4880,1949,2024-01-23,Starter,6,1,54,0.66,1
4881,1949,2024-01-30,Starter,4,1,114,2.36,1
4882,1949,2024-02-06,Starter,1,1,143,2.58,1
4883,1952,2023-06-09,Starter,6,2,215,3.01,1
4884,1952,2023-06-16,Starter,2,2,480,1.73,1
4885,1952,2023-06-23,Starter,3,1,113,1.94,1
4886,1952,2023-06-30,Starter,1,1,143,4.12,1
4887,1952,2023-07-07,Starter,3,1,47,3.4,1
4888,1958,2024-05-10,Pro,39,4,699,7.33,1
4889,1958,2024-05-17,Pro,15,4,1871,5.84,1
4890,1958,2024-05-24,Pro,18,5,1426,7.28,1
4891,1958,2024-05-31,Pro,9,1,318,17.12,1
4892,1958,2024-06-07,Pro,11,1,272,12.01,1
4893,1960,2023-05-11,Starter,14,3,127,0.92,1
4894,1960,2023-05-18,Starter,10,2,211,2.07,1
4895,1960,2023-05-25,Starter,5,1,116,1.55,1
4896,1960,2023-06-01,Starter,2,1,70,1.54,1
4897,1960,2023-06-08,Starter,1,1,114,5.14,1
4898,1968,2023-05-12,Enterprise,207,78,29807,334.6,0
4899,1968,2023-05-19,Enterprise,180,88,9823,358.83,0
4900,1968,2023-05-26,Enterprise,147,44,97360,110.42,0
4901,1968,2023-06-02,Enterprise,419,91,80254,351.37,0
4902,1968,2023-06-09,Enterprise,331,105,79333,463.48,0
4903,1968,2024-02-12,Business,57,21,4679,77.36,0
4904,1968,2024-02-19,Business,56,46,16421,79.57,0
4905,1968,2024-02-26,Business,90,28,14112,47.0,0
4906,1968,2024-03-04,Business,76,38,14063,100.13,0
4907,1968,2024-03-11,Business,105,15,3658,33.28,0
4908,1968,2024-12-12,Enterprise,149,151,26337,491.9,0
4909,1968,2024-12-19,Enterprise,520,54,76828,286.43,0
4910,1968,2024-12-26,Enterprise,109,59,11372,217.03,0
4911,1970,2023-09-13,Enterprise,260,82,18238,375.79,0
4912,1970,2023-09-20,Enterprise,189,65,64983,463.05,0
4913,1970,2023-09-27,Enterprise,231,73,25635,132.17,0
4914,1970,2023-10-04,Enterprise,134,150,57861,456.96,0
4915,1970,2023-10-11,Enterprise,148,116,25500,457.96,0
4916,1970,2024-07-13,Enterprise,316,141,59406,411.64,0
4917,1970,2024-07-20,Enterprise,228,84,95726,266.1,0
4918,1970,2024-07-27,Enterprise,370,91,53933,368.64,0
4919,1970,2024-08-03,Enterprise,102,49,33621,420.26,0
4920,1970,2024-08-10,Enterprise,156,149,64626,52.03,0
4921,1970,2024-08-17,Enterprise,301,49,59632,227.32,0
4922,1970,2024-08-24,Enterprise,197,37,19181,240.86,0
4923,1970,2024-08-31,Enterprise,118,33,41886,373.74,0
4924,1970,2024-09-07,Enterprise,198,151,63818,191.7,0
4925,1970,2024-09-14,Enterprise,216,149,62805,104.44,0
4926,1970,2024-09-21,Enterprise,86,77,37093,380.79,0
4927,1970,2024-09-28,Enterprise,183,202,18945,397.45,0
4928,1970,2024-10-05,Enterprise,138,122,39461,383.21,0
4929,1970,2024-10-12,Enterprise,132,52,14284,316.46,0
4930,1970,2024-10-19,Enterprise,71,201,22932,211.83,0
4931,1970,2024-10-26,Enterprise,118,39,51312,264.59,0
4932,1970,2024-11-02,Enterprise,247,146,34152,209.89,0
4933,1970,2024-11-09,Enterprise,256,65,62428,326.61,0
4934,1970,2024-11-16,Enterprise,145,30,44125,320.39,0
4935,1970,2024-11-23,Enterprise,295,216,36464,221.36,0
4936,1970,2024-11-30,Enterprise,173,86,90011,353.38,0
4937,1970,2024-12-07,Enterprise,183,56,97806,374.64,0
4938,1970,2024-12-14,Enterprise,102,66,18203,321.28,0
4939,1970,2024-12-21,Enterprise,157,101,98508,221.84,0
4940,1970,2024-12-28,Enterprise,238,36,30466,398.07,0
4941,1971,2024-12-13,Pro,41,9,1080,6.52,0
4942,1971,2024-12-20,Pro,31,8,3218,3.73,0
4943,1971,2024-12-27,Pro,28,10,638,5.89,0
4944,1972,2023-06-13,Starter,11,3,804,3.47,0
4945,1972,2023-06-20,Starter,11,2,398,1.64,0
4946,1972,2023-06-27,Starter,12,3,422,3.56,0
4947,1972,2023-07-04,Starter,16,2,434,2.0,0
4948,1972,2023-07-11,Starter,6,5,748,1.45,0
4949,1972,2023-07-13,Pro,15,13,1031,6.9,0
4950,1972,2023-07-20,Pro,42,7,2387,12.94,0
4951,1972,2023-07-27,Pro,13,10,4382,17.25,0
4952,1972,2023-08-03,Pro,16,9,3116,10.22,0
4953,1972,2023-08-10,Pro,16,10,4808,8.36,0
4954,1972,2024-12-13,Business,106,32,10898,62.53,0
4955,1972,2024-12-20,Business,111,12,2660,59.17,0
4956,1972,2024-12-27,Business,41,17,20355,9.63,0
4957,1973,2024-12-13,Pro,24,11,4133,13.61,0
4958,1973,2024-12-20,Pro,45,3,4684,18.56,0
4959,1973,2024-12-27,Pro,34,10,1054,5.48,0
4960,1975,2024-12-13,Pro,44,16,5153,10.52,0
4961,1975,2024-12-20,Pro,53,15,4831,11.67,0
4962,1975,2024-12-27,Pro,39,5,3573,11.89,0
4963,1979,2023-05-14,Starter,4,1,729,4.16,1
4964,1979,2023-05-21,Starter,2,2,543,2.34,1
4965,1979,2023-05-28,Starter,3,1,144,3.84,1
4966,1979,2023-06-04,Starter,0,1,72,1.62,1
4967,1979,2023-06-11,Starter,1,1,101,1.92,1
4968,1980,2024-07-14,Enterprise,162,128,14225,472.39,0
4969,1980,2024-07-21,Enterprise,146,59,60846,286.29,0
4970,1980,2024-07-28,Enterprise,113,63,14549,123.73,0
4971,1980,2024-08-04,Enterprise,143,73,82160,354.71,0
4972,1980,2024-08-11,Enterprise,294,144,56173,479.17,0
4973,1980,2024-08-14,Business,115,23,2098,60.99,0
4974,1980,2024-08-21,Business,64,41,15160,65.29,0
4975,1980,2024-08-28,Business,160,34,4088,82.32,0
4976,1980,2024-09-04,Business,68,46,22858,18.29,0
4977,1980,2024-09-11,Business,111,20,18150,66.38,0
4978,1980,2024-12-14,Pro,13,6,2412,16.14,0
4979,1980,2024-12-21,Pro,25,7,1925,7.77,0
4980,1980,2024-12-28,Pro,13,8,3541,2.73,0
4981,1981,2024-08-15,Enterprise,280,22,56786,199.53,1
4982,1981,2024-08-22,Enterprise,231,59,16429,248.81,1
4983,1981,2024-08-29,Enterprise,88,32,32682,159.94,1
4984,1981,2024-09-05,Enterprise,97,14,13461,200.05,1
4985,1981,2024-09-12,Enterprise,118,29,3839,431.86,1
4986,1984,2023-06-15,Pro,36,3,3282,3.35,1
4987,1984,2023-06-22,Pro,11,4,642,6.47,1
4988,1984,2023-06-29,Pro,12,4,1537,11.05,1
4989,1984,2023-07-06,Pro,14,1,279,16.82,1
4990,1984,2023-07-13,Pro,7,1,640,12.35,1
4991,1989,2024-06-16,Pro,21,10,1038,3.58,1
4992,1989,2024-06-23,Pro,7,6,906,6.16,1
4993,1989,2024-06-30,Pro,14,1,635,3.91,1
4994,1989,2024-07-07,Pro,1,1,343,8.71,1
4995,1989,2024-07-14,Pro,4,1,286,10.45,1
4996,1990,2024-04-16,Pro,31,9,1135,12.77,1
4997,1990,2024-04-23,Pro,16,6,472,16.26,1
4998,1990,2024-04-30,Pro,15,3,1779,11.37,1
4999,1990,2024-05-07,Pro,12,1,248,6.37,1
5000,1990,2024-05-14,Pro,9,1,372,10.99,1
5001,1995,2024-12-16,Business,105,27,15137,32.43,0
5002,1995,2024-12-23,Business,66,16,13220,74.12,0
5003,1995,2024-12-30,Business,73,16,14591,52.63,0
5004,1999,2023-12-17,Starter,9,1,618,4.17,1
5005,1999,2023-12-24,Starter,6,1,376,3.08,1
5006,1999,2023-12-31,Starter,2,1,340,2.89,1
5007,1999,2024-01-07,Starter,0,1,258,1.69,1
5008,1999,2024-01-14,Starter,2,1,38,4.34,1
5009,2001,2023-05-17,Pro,13,2,924,13.96,1
5010,2001,2023-05-24,Pro,11,8,2962,6.56,1
5011,2001,2023-05-31,Pro,19,3,643,3.92,1
5012,2001,2023-06-07,Pro,5,1,207,4.9,1
5013,2001,2023-06-14,Pro,6,1,335,15.78,1
5014,2010,2024-12-18,Business,95,36,7410,57.09,0
5015,2010,2024-12-25,Business,127,30,5473,85.93,0
5016,2013,2024-12-18,Pro,30,4,4385,3.01,0
5017,2013,2024-12-25,Pro,33,15,1016,19.25,0
5018,2017,2024-01-19,Pro,21,10,4880,7.21,0
5019,2017,2024-01-26,Pro,13,5,3997,7.56,0
5020,2017,2024-02-02,Pro,29,13,3383,4.72,0
5021,2017,2024-02-09,Pro,17,10,4259,12.41,1
5022,2017,2024-02-16,Pro,13,8,2733,4.61,1
5023,2017,2024-02-19,Starter,2,2,523,4.39,1
5024,2017,2024-02-26,Starter,10,1,202,1.46,1
5025,2017,2024-03-04,Starter,1,1,204,1.74,1
5026,2017,2024-03-11,Starter,2,1,154,2.27,1
5027,2017,2024-03-18,Starter,2,1,161,4.54,1
5028,2022,2023-06-20,Enterprise,98,37,63665,282.96,0
5029,2022,2023-06-27,Enterprise,115,165,49031,68.3,0
5030,2022,2023-07-04,Enterprise,352,80,49108,122.06,0
5031,2022,2023-07-11,Enterprise,130,64,23659,131.1,0
5032,2022,2023-07-18,Enterprise,492,76,84711,75.43,0
5033,2022,2023-08-20,Business,38,24,16191,60.45,0
5034,2022,2023-08-27,Business,40,31,5747,98.07,0
5035,2022,2023-09-03,Business,45,38,4493,52.02,0
5036,2022,2023-09-10,Business,68,22,7993,60.54,0
5037,2022,2023-09-17,Business,54,13,5834,41.5,0
5038,2022,2024-10-20,Enterprise,126,85,95175,232.64,0
5039,2022,2024-10-27,Enterprise,132,153,75043,322.91,0
5040,2022,2024-11-03,Enterprise,286,138,74273,500.83,0
5041,2022,2024-11-10,Enterprise,274,44,10701,77.87,0
5042,2022,2024-11-17,Enterprise,159,172,17226,96.08,0
5043,2022,2024-12-20,Business,80,29,3958,23.78,0
5044,2022,2024-12-27,Business,99,15,12887,51.3,0
5045,2025,2023-05-20,Pro,33,3,1412,7.15,0
5046,2025,2023-05-27,Pro,27,4,3928,4.64,0
5047,2025,2023-06-03,Pro,27,9,3291,19.57,0
5048,2025,2023-06-10,Pro,27,7,3713,3.84,0
5049,2025,2023-06-17,Pro,13,10,2163,4.89,0
5050,2025,2024-12-20,Business,129,28,17033,80.14,0
5051,2025,2024-12-27,Business,80,30,7931,40.33,0
5052,2028,2023-05-21,Enterprise,88,148,14965,54.9,1
5053,2028,2023-05-28,Enterprise,107,26,14588,79.77,1
5054,2028,2023-06-04,Enterprise,104,28,28396,109.88,1
5055,2028,2023-06-11,Enterprise,58,11,26215,338.04,1
5056,2028,2023-06-18,Enterprise,38,22,8265,352.53,1
5057,2034,2024-01-21,Pro,22,13,4891,12.09,0
5058,2034,2024-01-28,Pro,15,6,694,17.16,0
5059,2034,2024-02-04,Pro,14,4,2245,4.07,0
5060,2034,2024-02-11,Pro,34,16,3635,3.11,0
5061,2034,2024-02-18,Pro,17,2,4023,11.24,0
5062,2034,2024-02-21,Business,97,14,3819,48.87,0
5063,2034,2024-02-28,Business,44,45,16058,74.35,0
5064,2034,2024-03-06,Business,57,40,6939,28.67,0
5065,2034,2024-03-13,Business,47,33,2212,28.25,0
5066,2034,2024-03-20,Business,92,36,15908,22.41,0
5067,2034,2024-12-21,Enterprise,147,112,61732,177.88,0
5068,2034,2024-12-28,Enterprise,101,156,79736,353.61,0
5069,2036,2023-07-21,Business,104,32,15500,89.03,0
5070,2036,2023-07-28,Business,127,18,2710,60.87,0
5071,2036,2023-08-04,Business,104,26,7650,35.47,0
5072,2036,2023-08-11,Business,151,16,14180,12.7,0
5073,2036,2023-08-18,Business,125,44,7856,11.05,0
5074,2036,2024-10-21,Enterprise,403,101,10149,288.62,0
5075,2036,2024-10-28,Enterprise,476,108,86727,343.44,0
5076,2036,2024-11-04,Enterprise,160,104,26401,330.52,0
5077,2036,2024-11-11,Enterprise,209,201,62816,261.44,0
5078,2036,2024-11-18,Enterprise,455,68,11765,447.69,0
5079,2036,2024-11-21,Business,63,20,16173,44.84,0
5080,2036,2024-11-28,Business,70,16,6999,61.96,0
5081,2036,2024-12-05,Business,42,19,19460,10.44,0
5082,2036,2024-12-12,Business,88,13,10568,68.83,0
5083,2036,2024-12-19,Business,159,43,18327,10.0,0
5084,2036,2024-12-21,Enterprise,107,169,81804,483.01,0
5085,2036,2024-12-28,Enterprise,181,193,94597,332.23,0
5086,2037,2024-12-21,Enterprise,229,154,79703,117.9,0
5087,2037,2024-12-28,Enterprise,341,151,41559,416.65,0
5088,2040,2024-01-22,Enterprise,200,72,30332,263.67,0
5089,2040,2024-01-29,Enterprise,434,192,57405,142.12,0
5090,2040,2024-02-05,Enterprise,364,174,57176,120.3,0
5091,2040,2024-02-12,Enterprise,340,164,22920,172.93,0
5092,2040,2024-02-19,Enterprise,387,108,39283,343.86,0
5093,2040,2024-12-22,Business,55,45,9236,78.37,0
5094,2040,2024-12-29,Business,95,39,18096,32.98,0
5095,2041,2024-12-22,Starter,8,4,877,1.89,0
5096,2041,2024-12-29,Starter,8,5,349,0.75,0
5097,2042,2023-05-22,Pro,27,7,1330,3.02,1
5098,2042,2023-05-29,Pro,20,6,2117,4.85,1
5099,2042,2023-06-05,Pro,12,1,275,6.24,1
5100,2042,2023-06-12,Pro,8,1,245,15.06,1
5101,2042,2023-06-19,Pro,13,1,486,17.18,1
5102,2043,2024-12-22,Business,68,22,3257,30.56,0
5103,2043,2024-12-29,Business,93,28,19908,37.37,0
5104,2045,2024-12-23,Pro,10,2,492,9.2,1
5105,2045,2024-12-30,Pro,12,2,873,13.19,1
5106,2051,2024-12-23,Enterprise,321,90,46328,278.12,0
5107,2051,2024-12-30,Enterprise,117,78,99838,470.71,0
5108,2055,2024-08-24,Starter,4,2,677,3.09,1
5109,2055,2024-08-31,Starter,6,2,358,2.26,1
5110,2055,2024-09-07,Starter,4,1,446,4.52,1
5111,2055,2024-09-14,Starter,2,1,74,2.74,1
5112,2055,2024-09-21,Starter,1,1,182,0.5,1
5113,2056,2024-12-24,Enterprise,374,52,33807,401.76,0
5114,2056,2024-12-31,Enterprise,314,95,76572,347.94,0
5115,2061,2024-12-24,Pro,35,6,4638,12.08,0
5116,2061,2024-12-31,Pro,65,13,4122,11.41,0
5117,2073,2024-12-27,Enterprise,244,183,45490,60.51,0
5118,2077,2023-08-27,Starter,9,5,755,4.68,0
5119,2077,2023-09-03,Starter,3,2,618,3.33,0
5120,2077,2023-09-10,Starter,4,4,441,0.54,0
5121,2077,2023-09-17,Starter,8,4,439,3.87,0
5122,2077,2023-09-24,Starter,11,3,692,4.72,0
5123,2077,2023-09-27,Pro,58,14,3128,6.81,0
5124,2077,2023-10-04,Pro,32,11,4329,8.32,0
5125,2077,2023-10-11,Pro,20,15,1815,14.19,0
5126,2077,2023-10-18,Pro,18,6,3975,14.79,0
5127,2077,2023-10-25,Pro,55,6,1066,2.34,0
5128,2077,2024-03-27,Starter,4,1,91,4.91,1
5129,2077,2024-04-03,Starter,9,1,401,4.35,1
5130,2077,2024-04-10,Starter,3,1,63,4.22,1
5131,2077,2024-04-17,Starter,1,1,69,2.31,1
5132,2077,2024-04-24,Starter,2,1,141,0.56,1
5133,2078,2024-12-27,Pro,29,6,4193,5.54,0
5134,2079,2024-08-28,Starter,11,3,547,0.62,1
5135,2079,2024-09-04,Starter,3,1,336,1.64,1
5136,2079,2024-09-11,Starter,5,1,142,2.65,1
5137,2079,2024-09-18,Starter,2,1,152,3.64,1
5138,2079,2024-09-25,Starter,2,1,184,1.77,1
5139,2081,2023-06-28,Starter,9,2,185,3.03,1
5140,2081,2023-07-05,Starter,10,2,443,0.57,1
5141,2081,2023-07-12,Starter,3,1,319,2.91,1
5142,2081,2023-07-19,Starter,2,1,62,1.34,1
5143,2081,2023-07-26,Starter,2,1,198,2.45,1
5144,2086,2024-04-28,Starter,5,2,464,4.97,1
5145,2086,2024-05-05,Starter,3,1,438,4.08,1
5146,2086,2024-05-12,Starter,2,1,336,2.16,1
5147,2086,2024-05-19,Starter,0,1,184,4.93,1
5148,2086,2024-05-26,Starter,2,1,128,3.63,1
5149,2090,2023-06-29,Starter,10,2,260,5.06,1
5150,2090,2023-07-06,Starter,4,1,488,2.88,1
5151,2090,2023-07-13,Starter,2,1,153,1.79,1
5152,2090,2023-07-20,Starter,1,1,72,3.32,1
5153,2090,2023-07-27,Starter,3,1,181,3.06,1
5154,2091,2023-11-29,Pro,22,7,2964,9.94,1
5155,2091,2023-12-06,Pro,10,7,817,7.23,1
5156,2091,2023-12-13,Pro,16,1,2075,5.34,1
5157,2091,2023-12-20,Pro,3,1,386,13.16,1
5158,2091,2023-12-27,Pro,8,1,511,4.81,1
5159,2096,2023-05-30,Pro,67,12,3622,15.84,0
5160,2096,2023-06-06,Pro,56,2,2160,14.08,0
5161,2096,2023-06-13,Pro,43,11,2468,8.13,0
5162,2096,2023-06-20,Pro,61,8,943,13.01,0
5163,2096,2023-06-27,Pro,63,3,2338,10.85,0
5164,2096,2024-09-29,Starter,3,2,123,2.02,1
5165,2096,2024-10-06,Starter,4,1,140,0.58,1
5166,2096,2024-10-13,Starter,3,1,206,1.6,1
5167,2096,2024-10-20,Starter,0,1,44,3.31,1
5168,2096,2024-10-27,Starter,1,1,30,1.68,1
5169,2101,2024-07-29,Pro,35,7,2517,17.02,0
5170,2101,2024-08-05,Pro,20,12,1543,15.92,0
5171,2101,2024-08-12,Pro,16,6,1213,4.99,0
5172,2101,2024-08-19,Pro,40,15,1943,8.36,0
5173,2101,2024-08-26,Pro,21,12,1868,6.21,0
5174,2101,2024-12-29,Starter,5,3,588,1.99,0
5175,2107,2023-05-31,Pro,28,6,1821,10.95,0
5176,2107,2023-06-07,Pro,51,8,2544,15.79,0
5177,2107,2023-06-14,Pro,54,14,4329,20.14,0
5178,2107,2023-06-21,Pro,28,6,961,7.79,0
5179,2107,2023-06-28,Pro,20,4,3776,18.23,0
5180,2107,2023-07-30,Business,93,21,14120,50.49,0
5181,2107,2023-08-06,Business,79,27,10457,39.49,0
5182,2107,2023-08-13,Business,82,42,11097,15.86,0
5183,2107,2023-08-20,Business,77,24,17573,92.65,0
5184,2107,2023-08-27,Business,85,9,10528,63.56,0
5185,2107,2024-12-29,Enterprise,258,95,17986,449.55,0
5186,2111,2023-08-01,Starter,10,3,343,3.68,1
5187,2111,2023-08-08,Starter,4,1,479,4.3,1
5188,2111,2023-08-15,Starter,8,1,226,2.46,1
5189,2111,2023-08-22,Starter,3,1,71,2.48,1
5190,2111,2023-08-29,Starter,1,1,202,0.88,1
5191,2114,2023-10-01,Starter,4,3,587,3.75,1
5192,2114,2023-10-08,Starter,4,2,253,1.87,1
5193,2114,2023-10-15,Starter,3,1,368,3.61,1
5194,2114,2023-10-22,Starter,1,1,50,1.65,1
5195,2114,2023-10-29,Starter,1,1,177,0.55,1
5196,2115,2023-08-01,Pro,28,4,3402,4.59,1
5197,2115,2023-08-08,Pro,18,4,708,16.49,1
5198,2115,2023-08-15,Pro,14,1,1776,3.08,1
5199,2115,2023-08-22,Pro,10,1,310,13.29,1
5200,2115,2023-08-29,Pro,3,1,1039,14.01,1
5201,2119,2023-12-02,Starter,2,1,197,0.66,1
5202,2119,2023-12-09,Starter,3,1,170,2.04,1
5203,2119,2023-12-16,Starter,4,1,302,3.6,1
5204,2119,2023-12-23,Starter,0,1,118,2.74,1
5205,2119,2023-12-30,Starter,2,1,171,1.98,1
5206,2123,2023-12-03,Pro,32,3,520,17.85,0
5207,2123,2023-12-10,Pro,33,11,2174,4.97,0
5208,2123,2023-12-17,Pro,12,4,4495,5.1,0
5209,2123,2023-12-24,Pro,23,8,2470,18.94,0
5210,2123,2023-12-31,Pro,13,8,4030,2.56,0
5211,2123,2024-08-03,Business,87,14,11265,42.56,0
5212,2123,2024-08-10,Business,74,52,18940,46.58,0
5213,2123,2024-08-17,Business,33,38,9849,48.18,0
5214,2123,2024-08-24,Business,50,32,7945,95.24,0
5215,2123,2024-08-31,Business,73,14,13467,65.66,0
5216,2123,2024-12-03,Enterprise,141,151,69905,142.61,0
5217,2123,2024-12-10,Enterprise,434,70,62773,398.84,0
5218,2123,2024-12-17,Enterprise,136,82,49904,300.16,0
5219,2123,2024-12-24,Enterprise,237,133,24714,151.35,0
5220,2123,2024-12-31,Enterprise,247,28,79484,137.08,0
5221,2124,2024-04-03,Starter,3,3,63,3.19,1
5222,2124,2024-04-10,Starter,7,1,151,3.84,1
5223,2124,2024-04-17,Starter,7,1,321,1.66,1
5224,2124,2024-04-24,Starter,3,1,214,1.32,1
5225,2124,2024-05-01,Starter,2,1,128,3.64,1
5226,2127,2023-09-04,Business,74,14,5515,31.7,0
5227,2127,2023-09-11,Business,56,18,18459,59.36,0
5228,2127,2023-09-18,Business,113,35,16389,43.75,0
5229,2127,2023-09-25,Business,50,29,11802,83.48,0
5230,2127,2023-10-02,Business,93,13,5656,82.09,0
5231,2127,2023-11-04,Enterprise,270,165,62721,315.19,0
5232,2127,2023-11-11,Enterprise,223,160,12126,414.9,0
5233,2127,2023-11-18,Enterprise,184,164,74568,100.45,0
5234,2127,2023-11-25,Enterprise,289,126,73159,59.62,1
5235,2127,2023-12-02,Enterprise,47,50,73361,297.27,1
5236,2127,2023-12-04,Business,58,35,4265,57.96,1
5237,2127,2023-12-11,Business,26,8,11343,12.42,1
5238,2127,2023-12-18,Business,58,9,5248,25.39,1
5239,2127,2023-12-25,Business,38,10,1849,36.29,1
5240,2127,2024-01-01,Business,23,8,759,30.92,1
5241,2132,2024-12-04,Pro,46,5,988,12.07,0
5242,2132,2024-12-11,Pro,23,8,1532,7.17,0
5243,2132,2024-12-18,Pro,29,3,3161,18.56,0
5244,2132,2024-12-25,Pro,36,12,629,3.86,0
5245,2137,2024-12-05,Enterprise,541,104,61588,511.67,0
5246,2137,2024-12-12,Enterprise,283,83,72180,68.97,0
5247,2137,2024-12-19,Enterprise,119,123,94868,211.44,0
5248,2137,2024-12-26,Enterprise,143,88,21138,278.52,0
5249,2141,2024-07-05,Pro,14,6,1212,4.06,1
5250,2141,2024-07-12,Pro,34,3,1483,13.78,1
5251,2141,2024-07-19,Pro,16,2,1174,12.19,1
5252,2141,2024-07-26,Pro,6,2,481,3.56,1
5253,2141,2024-08-02,Pro,4,1,120,7.29,1
5254,2142,2023-12-05,Enterprise,487,33,99682,397.74,0
5255,2142,2023-12-12,Enterprise,356,51,19207,86.52,0
5256,2142,2023-12-19,Enterprise,407,195,55808,349.92,0
5257,2142,2023-12-26,Enterprise,245,62,71431,140.6,0
5258,2142,2024-01-02,Enterprise,366,99,48289,153.37,0
5259,2142,2024-01-05,Business,80,33,13810,62.72,0
5260,2142,2024-01-12,Business,61,15,7698,34.99,0
5261,2142,2024-01-19,Business,121,13,11964,90.89,0
5262,2142,2024-01-26,Business,51,37,7822,50.38,0
5263,2142,2024-02-02,Business,175,42,8902,40.45,0
5264,2142,2024-12-05,Pro,32,5,1691,9.93,1
5265,2142,2024-12-12,Pro,10,3,1987,3.83,1
5266,2142,2024-12-19,Pro,16,3,185,16.03,1
5267,2142,2024-12-26,Pro,7,3,649,12.04,1
5268,2143,2023-08-05,Pro,13,7,2078,3.01,1
5269,2143,2023-08-12,Pro,12,7,1722,7.05,1
5270,2143,2023-08-19,Pro,15,5,1098,6.57,1
5271,2143,2023-08-26,Pro,3,1,311,12.34,1
5272,2143,2023-09-02,Pro,5,1,680,7.42,1
5273,2148,2024-07-06,Starter,3,3,624,1.49,1
5274,2148,2024-07-13,Starter,3,2,223,4.25,1
5275,2148,2024-07-20,Starter,2,2,344,4.54,1
5276,2148,2024-07-27,Starter,2,1,186,2.68,1
5277,2148,2024-08-03,Starter,1,1,215,3.71,1
5278,2150,2024-09-06,Pro,42,5,1520,5.33,1
5279,2150,2024-09-13,Pro,25,3,582,2.3,1
5280,2150,2024-09-20,Pro,10,3,1018,17.22,1
5281,2150,2024-09-27,Pro,7,1,770,19.76,1
5282,2150,2024-10-04,Pro,6,1,147,10.24,1
5283,2152,2024-06-06,Enterprise,371,73,37773,373.55,0
5284,2152,2024-06-13,Enterprise,389,160,23846,132.61,0
5285,2152,2024-06-20,Enterprise,278,199,53833,93.57,0
5286,2152,2024-06-27,Enterprise,303,154,73502,328.79,0
5287,2152,2024-07-04,Enterprise,197,124,44181,138.98,0
5288,2152,2024-12-06,Business,114,18,21638,64.91,0
5289,2152,2024-12-13,Business,57,22,12100,40.93,0
5290,2152,2024-12-20,Business,86,25,16436,29.06,0
5291,2152,2024-12-27,Business,137,23,15839,26.0,0
5292,2155,2023-12-07,Starter,12,2,181,2.92,1
5293,2155,2023-12-14,Starter,8,1,247,2.19,1
5294,2155,2023-12-21,Starter,3,1,309,2.14,1
5295,2155,2023-12-28,Starter,2,1,44,3.6,1
5296,2155,2024-01-04,Starter,2,1,62,2.73,1
5297,2156,2024-02-07,Enterprise,373,152,105796,249.52,0
5298,2156,2024-02-14,Enterprise,422,91,97302,336.26,0
5299,2156,2024-02-21,Enterprise,223,190,85519,153.08,0
5300,2156,2024-02-28,Enterprise,361,137,82648,51.0,1
5301,2156,2024-03-06,Enterprise,153,71,44286,312.86,1
5302,2156,2024-03-07,Business,38,19,8411,45.25,1
5303,2156,2024-03-14,Business,23,11,8870,23.61,1
5304,2156,2024-03-21,Business,47,11,3810,87.03,1
5305,2156,2024-03-28,Business,33,10,2553,44.79,1
5306,2156,2024-04-04,Business,23,3,2920,67.9,1
5307,2157,2024-09-07,Starter,3,2,489,3.71,1
5308,2157,2024-09-14,Starter,5,1,221,2.39,1
5309,2157,2024-09-21,Starter,1,1,307,3.8,1
5310,2157,2024-09-28,Starter,2,1,154,3.05,1
5311,2157,2024-10-05,Starter,1,1,31,4.86,1
5312,2161,2024-12-07,Pro,19,7,2222,3.25,0
5313,2161,2024-12-14,Pro,24,13,1530,6.57,0
5314,2161,2024-12-21,Pro,24,10,828,9.88,0
5315,2161,2024-12-28,Pro,34,5,1887,3.81,0
5316,2163,2023-10-07,Business,62,34,8986,52.01,0
5317,2163,2023-10-14,Business,32,14,11478,32.57,0
5318,2163,2023-10-21,Business,73,17,12374,41.11,0
5319,2163,2023-10-28,Business,33,52,11159,31.87,0
5320,2163,2023-11-04,Business,58,19,8944,65.5,0
5321,2163,2024-12-07,Enterprise,189,117,88484,342.23,0
5322,2163,2024-12-14,Enterprise,275,183,101548,164.02,0
5323,2163,2024-12-21,Enterprise,286,77,33467,248.92,0
5324,2163,2024-12-28,Enterprise,85,35,14871,377.93,0
5325,2180,2024-12-10,Enterprise,519,112,12795,340.59,0
5326,2180,2024-12-17,Enterprise,423,45,17951,169.77,0
5327,2180,2024-12-24,Enterprise,221,194,79369,394.34,0
5328,2180,2024-12-31,Enterprise,458,156,69129,419.08,0
5329,2181,2024-12-10,Enterprise,111,121,50276,134.59,0
5330,2181,2024-12-17,Enterprise,131,81,14616,388.84,0
5331,2181,2024-12-24,Enterprise,230,45,82404,473.52,0
5332,2181,2024-12-31,Enterprise,125,56,30342,512.36,0
5333,2182,2023-11-10,Pro,14,6,3121,20.31,0
5334,2182,2023-11-17,Pro,47,14,2263,8.09,0
5335,2182,2023-11-24,Pro,19,13,3507,5.16,0
5336,2182,2023-12-01,Pro,52,12,4049,8.58,0
5337,2182,2023-12-08,Pro,24,5,3458,11.97,0
5338,2182,2024-12-10,Business,62,33,19379,49.8,0
5339,2182,2024-12-17,Business,85,18,2271,54.43,0
5340,2182,2024-12-24,Business,99,20,10809,40.99,0
5341,2182,2024-12-31,Business,62,36,4059,57.74,0
5342,2184,2024-12-11,Business,92,23,13748,61.64,0
5343,2184,2024-12-18,Business,76,11,2500,95.98,0
5344,2184,2024-12-25,Business,52,40,9063,62.34,0
5345,2189,2024-06-12,Starter,11,3,398,3.47,1
5346,2189,2024-06-19,Starter,7,2,130,4.53,1
5347,2189,2024-06-26,Starter,4,1,277,2.4,1
5348,2189,2024-07-03,Starter,3,1,97,1.82,1
5349,2189,2024-07-10,Starter,1,1,161,0.95,1
5350,2190,2023-12-12,Pro,19,9,1625,4.03,1
5351,2190,2023-12-19,Pro,27,7,2693,19.32,1
5352,2190,2023-12-26,Pro,8,5,479,2.25,1
5353,2190,2024-01-02,Pro,15,3,713,5.43,1
5354,2190,2024-01-09,Pro,7,2,599,8.02,1
5355,2191,2024-12-12,Enterprise,269,112,71858,299.1,0
5356,2191,2024-12-19,Enterprise,561,39,37828,486.43,0
5357,2191,2024-12-26,Enterprise,134,165,50913,442.71,0
5358,2195,2024-10-12,Starter,9,1,552,2.0,1
5359,2195,2024-10-19,Starter,5,1,345,0.94,1
5360,2195,2024-10-26,Starter,5,1,298,3.37,1
5361,2195,2024-11-02,Starter,1,1,145,0.65,1
5362,2195,2024-11-09,Starter,1,1,152,2.95,1
5363,2199,2023-08-12,Pro,24,12,3373,13.51,0
5364,2199,2023-08-19,Pro,20,14,2765,14.33,0
5365,2199,2023-08-26,Pro,24,9,2198,9.59,0
5366,2199,2023-09-02,Pro,17,6,4692,11.62,0
5367,2199,2023-09-09,Pro,10,10,2401,12.72,0
5368,2199,2024-03-12,Business,135,15,2755,81.6,0
5369,2199,2024-03-19,Business,59,15,14958,26.68,0
5370,2199,2024-03-26,Business,111,48,16553,88.17,0
5371,2199,2024-04-02,Business,50,23,12327,46.56,0
5372,2199,2024-04-09,Business,92,24,8046,56.43,0
5373,2199,2024-12-12,Enterprise,262,165,34635,298.97,0
5374,2199,2024-12-19,Enterprise,344,37,83228,157.97,0
5375,2199,2024-12-26,Enterprise,401,173,20736,370.2,0
5376,2202,2023-06-13,Enterprise,508,152,26354,120.51,0
5377,2202,2023-06-20,Enterprise,255,51,39530,438.78,0
5378,2202,2023-06-27,Enterprise,279,109,107446,353.97,0
5379,2202,2023-07-04,Enterprise,203,76,77153,81.64,0
5380,2202,2023-07-11,Enterprise,333,166,79573,54.87,0
5381,2202,2023-07-13,Business,108,50,3683,65.66,0
5382,2202,2023-07-20,Business,137,39,13891,77.43,0
5383,2202,2023-07-27,Business,129,26,3776,76.78,0
5384,2202,2023-08-03,Business,61,36,6708,21.23,0
5385,2202,2023-08-10,Business,72,33,16663,36.66,0
5386,2202,2024-12-13,Enterprise,174,145,35683,175.67,0
5387,2202,2024-12-20,Enterprise,381,159,28560,462.36,0
5388,2202,2024-12-27,Enterprise,131,110,53261,242.85,0
5389,2206,2023-12-13,Business,124,37,3341,16.6,0
5390,2206,2023-12-20,Business,47,14,14602,45.98,0
5391,2206,2023-12-27,Business,96,27,2562,64.34,0
5392,2206,2024-01-03,Business,117,19,11426,13.86,0
5393,2206,2024-01-10,Business,61,43,11132,28.92,0
5394,2206,2024-12-13,Pro,17,3,2989,18.51,0
5395,2206,2024-12-20,Pro,61,11,1937,11.6,0
5396,2206,2024-12-27,Pro,14,12,2242,10.99,0
5397,2208,2023-09-13,Pro,17,2,3373,3.15,1
5398,2208,2023-09-20,Pro,35,6,1323,11.54,1
5399,2208,2023-09-27,Pro,19,3,267,12.46,1
5400,2208,2023-10-04,Pro,7,2,911,5.68,1
5401,2208,2023-10-11,Pro,10,1,294,4.61,1
5402,2209,2024-10-14,Enterprise,477,102,96821,365.28,0
5403,2209,2024-10-21,Enterprise,146,81,34014,308.71,0
5404,2209,2024-10-28,Enterprise,380,70,68638,310.13,0
5405,2209,2024-11-04,Enterprise,373,188,75133,135.22,0
5406,2209,2024-11-11,Enterprise,403,79,71284,461.4,0
5407,2209,2024-12-14,Business,55,33,15401,72.95,0
5408,2209,2024-12-21,Business,107,49,20474,19.28,0
5409,2209,2024-12-28,Business,105,22,7085,34.96,0
5410,2210,2024-05-14,Pro,37,9,2583,9.2,1
5411,2210,2024-05-21,Pro,27,8,726,6.33,1
5412,2210,2024-05-28,Pro,6,3,1401,10.35,1
5413,2210,2024-06-04,Pro,7,2,909,5.67,1
5414,2210,2024-06-11,Pro,8,1,203,6.85,1
5415,2212,2024-12-14,Business,42,27,17491,67.02,0
5416,2212,2024-12-21,Business,65,41,15670,91.2,0
5417,2212,2024-12-28,Business,56,12,17470,60.66,0
5418,2213,2024-12-14,Pro,39,11,4209,7.09,0
5419,2213,2024-12-21,Pro,17,4,3197,2.9,0
5420,2213,2024-12-28,Pro,32,11,1322,17.54,0
5421,2224,2024-12-16,Pro,47,12,3690,13.52,0
5422,2224,2024-12-23,Pro,57,5,1305,19.98,0
5423,2224,2024-12-30,Pro,26,4,2909,14.43,0
5424,2227,2024-10-18,Enterprise,158,78,42304,389.03,1
5425,2227,2024-10-25,Enterprise,148,49,53795,239.29,1
5426,2227,2024-11-01,Enterprise,70,82,10340,414.4,1
5427,2227,2024-11-08,Enterprise,87,32,5162,174.53,1
5428,2227,2024-11-15,Enterprise,55,21,15269,208.49,1
5429,2228,2023-08-18,Pro,63,6,3877,16.41,0
5430,2228,2023-08-25,Pro,59,6,2347,7.98,0
5431,2228,2023-09-01,Pro,47,14,3639,19.99,0
5432,2228,2023-09-08,Pro,27,12,1223,16.07,0
5433,2228,2023-09-15,Pro,27,8,4203,5.19,0
5434,2228,2024-01-18,Business,35,35,12888,65.33,1
5435,2228,2024-01-25,Business,55,9,6788,83.99,1
5436,2228,2024-02-01,Business,51,12,6715,16.7,1
5437,2228,2024-02-08,Business,24,7,2745,40.65,1
5438,2228,2024-02-15,Business,26,2,2118,43.95,1
5439,2229,2024-12-18,Enterprise,340,145,51516,94.0,0
5440,2229,2024-12-25,Enterprise,118,156,53390,79.42,0
5441,2233,2024-12-18,Business,52,28,9233,30.94,0
5442,2233,2024-12-25,Business,44,13,18964,77.41,0
5443,2244,2023-11-20,Starter,11,1,368,0.86,1
5444,2244,2023-11-27,Starter,7,1,332,3.89,1
5445,2244,2023-12-04,Starter,5,1,344,2.91,1
5446,2244,2023-12-11,Starter,2,1,53,4.63,1
5447,2244,2023-12-18,Starter,2,1,52,4.52,1
5448,2247,2024-08-20,Pro,17,7,1445,17.71,1
5449,2247,2024-08-27,Pro,25,4,1451,17.81,1
5450,2247,2024-09-03,Pro,20,3,1364,10.81,1
5451,2247,2024-09-10,Pro,3,1,1043,5.57,1
5452,2247,2024-09-17,Pro,9,3,411,1.98,1
5453,2252,2023-06-20,Business,112,18,16011,15.18,0
5454,2252,2023-06-27,Business,57,22,5127,100.78,0
5455,2252,2023-07-04,Business,48,31,3604,93.02,0
5456,2252,2023-07-11,Business,110,19,20279,89.32,0
5457,2252,2023-07-18,Business,86,11,12010,94.11,0
5458,2252,2023-11-20,Pro,56,14,3639,12.84,0
5459,2252,2023-11-27,Pro,29,8,4485,7.56,0
5460,2252,2023-12-04,Pro,61,12,669,10.19,0
5461,2252,2023-12-11,Pro,46,3,3171,10.36,0
5462,2252,2023-12-18,Pro,41,4,1990,9.79,0
5463,2252,2024-07-20,Business,82,24,2541,34.33,0
5464,2252,2024-07-27,Business,63,23,13243,15.27,0
5465,2252,2024-08-03,Business,101,32,14482,50.04,0
5466,2252,2024-08-10,Business,35,26,15719,16.47,0
5467,2252,2024-08-17,Business,81,23,11499,42.12,0
5468,2252,2024-12-20,Pro,40,5,4116,7.82,0
5469,2252,2024-12-27,Pro,30,13,1378,11.56,0
5470,2253,2024-12-21,Starter,7,2,151,2.59,0
5471,2253,2024-12-28,Starter,5,3,869,3.7,0
5472,2259,2024-12-21,Business,44,22,14240,72.62,0
5473,2259,2024-12-28,Business,33,30,10314,71.29,0
5474,2262,2023-10-22,Starter,8,4,497,1.05,0
5475,2262,2023-10-29,Starter,14,3,927,5.06,0
5476,2262,2023-11-05,Starter,4,4,396,0.75,0
5477,2262,2023-11-12,Starter,5,3,734,2.81,0
5478,2262,2023-11-19,Starter,11,3,908,0.74,0
5479,2262,2024-11-22,Pro,43,8,4426,8.06,0
5480,2262,2024-11-29,Pro,29,5,3496,12.06,0
5481,2262,2024-12-06,Pro,49,12,3479,19.34,0
5482,2262,2024-12-13,Pro,25,5,2934,16.06,0
5483,2262,2024-12-20,Pro,19,6,746,3.49,0
5484,2262,2024-12-22,Business,58,21,16069,20.31,0
5485,2262,2024-12-29,Business,42,22,5281,88.88,0
5486,2265,2024-07-22,Business,66,35,11361,64.17,1
5487,2265,2024-07-29,Business,46,24,12112,30.7,1
5488,2265,2024-08-05,Business,28,18,4650,77.82,1
5489,2265,2024-08-12,Business,23,9,4655,48.16,1
5490,2265,2024-08-19,Business,22,7,1684,80.3,1
5491,2273,2023-11-24,Business,65,26,12235,66.48,1
5492,2273,2023-12-01,Business,74,22,9863,46.74,1
5493,2273,2023-12-08,Business,53,4,5156,43.94,1
5494,2273,2023-12-15,Business,27,4,2167,48.77,1
5495,2273,2023-12-22,Business,31,7,2051,24.79,1
5496,2277,2023-06-25,Starter,10,2,214,2.13,0
5497,2277,2023-07-02,Starter,10,1,101,4.54,0
5498,2277,2023-07-09,Starter,7,1,263,0.85,0
5499,2277,2023-07-16,Starter,10,2,856,3.16,0
5500,2277,2023-07-23,Starter,6,2,780,5.0,0
5501,2277,2024-02-25,Starter,7,1,184,1.7,0
5502,2277,2024-03-03,Starter,11,3,816,2.3,0
5503,2277,2024-03-10,Starter,3,2,275,4.92,0
5504,2277,2024-03-17,Starter,6,3,873,2.88,0
5505,2277,2024-03-24,Starter,4,2,187,3.96,0
5506,2277,2024-03-31,Starter,10,1,370,3.58,0
5507,2277,2024-04-07,Starter,12,2,180,4.27,0
5508,2277,2024-04-14,Starter,4,3,254,3.55,0
5509,2277,2024-04-21,Starter,3,1,1047,3.75,0
5510,2277,2024-04-28,Starter,7,2,228,3.47,0
5511,2277,2024-05-05,Starter,4,1,655,3.19,0
5512,2277,2024-05-12,Starter,10,1,1146,2.68,0
5513,2277,2024-05-19,Starter,7,2,498,4.01,0
5514,2277,2024-05-26,Starter,8,3,525,1.11,0
5515,2277,2024-06-02,Starter,9,4,893,0.77,0
5516,2277,2024-06-09,Starter,12,1,853,4.19,0
5517,2277,2024-06-16,Starter,7,4,741,0.79,0
5518,2277,2024-06-23,Starter,7,3,286,3.11,0
5519,2277,2024-06-30,Starter,12,4,243,3.84,0
5520,2277,2024-07-07,Starter,3,3,547,1.2,0
5521,2277,2024-07-14,Starter,4,2,415,3.89,0
5522,2277,2024-07-21,Starter,10,4,539,2.47,0
5523,2277,2024-07-28,Starter,9,4,452,2.29,0
5524,2277,2024-08-04,Starter,12,2,208,3.42,0
5525,2277,2024-08-11,Starter,8,1,102,4.16,0
5526,2277,2024-08-18,Starter,3,3,953,2.52,0
5527,2277,2024-08-25,Starter,7,2,1093,2.25,0
5528,2277,2024-09-01,Starter,9,1,973,2.88,0
5529,2277,2024-09-08,Starter,9,2,764,4.93,0
5530,2277,2024-09-15,Starter,8,1,355,3.5,0
5531,2277,2024-09-22,Starter,12,1,365,2.35,0
5532,2277,2024-09-29,Starter,11,5,678,2.74,0
5533,2277,2024-10-06,Starter,9,5,378,2.57,0
5534,2277,2024-10-13,Starter,10,2,457,1.08,0
5535,2277,2024-10-20,Starter,7,1,992,2.68,0
5536,2277,2024-10-27,Starter,7,3,806,4.98,0
5537,2277,2024-11-03,Starter,9,1,761,2.68,0
5538,2277,2024-11-10,Starter,7,1,164,4.25,0
5539,2277,2024-11-17,Starter,5,2,709,4.41,0
5540,2277,2024-11-24,Starter,10,3,578,4.31,0
5541,2277,2024-12-01,Starter,10,4,602,0.59,0
5542,2277,2024-12-08,Starter,9,3,640,1.64,0
5543,2277,2024-12-15,Starter,10,1,687,1.77,0
5544,2277,2024-12-22,Starter,3,1,145,1.77,0
5545,2277,2024-12-29,Starter,5,1,426,4.68,0
5546,2282,2023-10-26,Business,95,18,5829,72.94,1
5547,2282,2023-11-02,Business,53,20,10711,78.76,1
5548,2282,2023-11-09,Business,55,9,1537,88.67,1
5549,2282,2023-11-16,Business,18,8,1268,97.78,1
5550,2282,2023-11-23,Business,17,9,2400,84.25,1
5551,2286,2023-10-26,Enterprise,193,99,44268,76.45,0
5552,2286,2023-11-02,Enterprise,256,119,47983,371.24,0
5553,2286,2023-11-09,Enterprise,388,118,35659,294.27,0
5554,2286,2023-11-16,Enterprise,394,98,89086,89.29,0
5555,2286,2023-11-23,Enterprise,421,154,26586,182.11,0
5556,2286,2024-12-26,Business,108,20,4468,40.7,0
5557,2288,2024-12-27,Business,41,40,14866,95.85,0
5558,2291,2023-09-27,Pro,41,9,3635,3.7,0
5559,2291,2023-10-04,Pro,27,12,1777,11.14,0
5560,2291,2023-10-11,Pro,43,9,3021,2.18,0
5561,2291,2023-10-18,Pro,23,6,1299,11.17,0
5562,2291,2023-10-25,Pro,29,8,2689,3.79,0
5563,2291,2024-12-27,Business,50,42,10020,28.66,0
5564,2293,2024-09-27,Pro,38,9,4110,7.12,0
5565,2293,2024-10-04,Pro,20,12,2830,11.24,0
5566,2293,2024-10-11,Pro,48,8,3402,16.88,0
5567,2293,2024-10-18,Pro,17,4,2503,11.12,0
5568,2293,2024-10-25,Pro,34,8,1926,9.05,0
5569,2293,2024-12-27,Business,95,34,11591,95.72,0
5570,2297,2023-07-28,Starter,10,2,568,4.19,1
5571,2297,2023-08-04,Starter,9,1,54,0.75,1
5572,2297,2023-08-11,Starter,3,1,377,2.73,1
5573,2297,2023-08-18,Starter,3,1,78,0.59,1
5574,2297,2023-08-25,Starter,2,1,195,3.18,1
5575,2303,2023-07-29,Starter,11,1,361,1.45,1
5576,2303,2023-08-05,Starter,2,1,418,3.57,1
5577,2303,2023-08-12,Starter,5,1,150,0.6,1
5578,2303,2023-08-19,Starter,2,1,124,3.16,1
5579,2303,2023-08-26,Starter,2,1,74,2.59,1
5580,2309,2023-11-29,Pro,35,3,2154,8.45,1
5581,2309,2023-12-06,Pro,13,3,834,18.41,1
5582,2309,2023-12-13,Pro,13,1,1088,9.19,1
5583,2309,2023-12-20,Pro,11,1,248,2.31,1
5584,2309,2023-12-27,Pro,8,1,322,5.47,1
5585,2313,2023-12-30,Pro,14,9,888,4.23,1
5586,2313,2024-01-06,Pro,21,4,849,10.44,1
5587,2313,2024-01-13,Pro,10,5,947,8.54,1
5588,2313,2024-01-20,Pro,4,1,656,15.22,1
5589,2313,2024-01-27,Pro,6,1,738,5.63,1
5590,2314,2023-08-30,Pro,17,5,705,16.39,1
5591,2314,2023-09-06,Pro,16,7,1310,14.18,1
5592,2314,2023-09-13,Pro,15,2,463,3.84,1
5593,2314,2023-09-20,Pro,9,1,351,10.67,1
5594,2314,2023-09-27,Pro,10,1,527,6.3,1
5595,2315,2024-06-29,Pro,8,10,2127,17.85,1
5596,2315,2024-07-06,Pro,10,4,2223,5.31,1
5597,2315,2024-07-13,Pro,5,1,1579,4.15,1
5598,2315,2024-07-20,Pro,4,1,541,2.33,1
5599,2315,2024-07-27,Pro,2,2,449,5.37,1
5600,2317,2024-02-29,Starter,7,2,591,0.65,1
5601,2317,2024-03-07,Starter,8,2,405,1.77,1
5602,2317,2024-03-14,Starter,7,1,238,0.94,1
5603,2317,2024-03-21,Starter,3,1,62,1.98,1
5604,2317,2024-03-28,Starter,2,1,32,1.14,1
5605,2321,2024-03-01,Starter,20,4,533,1.02,0
5606,2321,2024-03-08,Starter,22,2,159,4.11,0
5607,2321,2024-03-15,Starter,8,4,888,0.82,0
5608,2321,2024-03-22,Starter,13,4,411,1.65,0
5609,2321,2024-03-29,Starter,15,2,483,1.44,0
5610,2321,2024-05-01,Pro,16,6,4200,6.79,1
5611,2321,2024-05-08,Pro,28,7,293,18.14,1
5612,2321,2024-05-15,Pro,10,3,653,18.76,1
5613,2321,2024-05-22,Pro,8,3,895,13.65,1
5614,2321,2024-05-29,Pro,4,2,725,2.44,1
5615,2323,2023-12-01,Business,76,48,15684,43.76,0
5616,2323,2023-12-08,Business,56,11,19619,43.96,0
5617,2323,2023-12-15,Business,85,19,7076,49.21,0
5618,2323,2023-12-22,Business,109,36,15727,61.27,0
5619,2323,2023-12-29,Business,83,29,9656,65.28,0
5620,2323,2024-12-01,Enterprise,109,105,17143,108.16,0
5621,2323,2024-12-08,Enterprise,169,153,24612,119.09,0
5622,2323,2024-12-15,Enterprise,101,168,45553,371.74,0
5623,2323,2024-12-22,Enterprise,248,108,63790,195.37,0
5624,2323,2024-12-29,Enterprise,83,83,15047,454.4,0
5625,2327,2023-07-01,Business,72,23,14901,85.45,1
5626,2327,2023-07-08,Business,18,9,4852,84.37,1
5627,2327,2023-07-15,Business,15,18,3439,70.64,1
5628,2327,2023-07-22,Business,8,5,4086,72.09,1
5629,2327,2023-07-29,Business,8,3,1879,32.4,1
5630,2328,2023-10-01,Pro,12,6,393,18.03,1
5631,2328,2023-10-08,Pro,16,3,2173,3.26,1
5632,2328,2023-10-15,Pro,12,1,1537,14.48,1
5633,2328,2023-10-22,Pro,5,2,1138,12.76,1
5634,2328,2023-10-29,Pro,3,2,425,6.22,1
5635,2332,2023-10-02,Enterprise,141,95,96887,247.84,0
5636,2332,2023-10-09,Enterprise,133,104,31886,382.14,0
5637,2332,2023-10-16,Enterprise,242,69,51660,120.03,0
5638,2332,2023-10-23,Enterprise,264,48,31983,70.23,1
5639,2332,2023-10-30,Enterprise,343,137,70732,419.2,1
5640,2332,2023-11-02,Business,32,14,12484,38.68,1
5641,2332,2023-11-09,Business,30,24,2973,89.41,1
5642,2332,2023-11-16,Business,30,12,1243,33.49,1
5643,2332,2023-11-23,Business,23,6,2185,29.89,1
5644,2332,2023-11-30,Business,24,1,1343,30.65,1
5645,2350,2024-03-05,Starter,8,1,424,2.39,1
5646,2350,2024-03-12,Starter,5,2,109,2.66,1
5647,2350,2024-03-19,Starter,6,1,277,3.34,1
5648,2350,2024-03-26,Starter,2,1,89,0.84,1
5649,2350,2024-04-02,Starter,1,1,39,0.48,1
5650,2355,2023-12-05,Enterprise,167,36,31631,210.64,0
5651,2355,2023-12-12,Enterprise,239,104,72360,269.92,0
5652,2355,2023-12-19,Enterprise,204,77,22803,70.26,0
5653,2355,2023-12-26,Enterprise,173,133,25678,218.52,0
5654,2355,2024-01-02,Enterprise,296,64,45560,148.02,0
5655,2355,2024-02-05,Business,70,43,2680,69.16,0
5656,2355,2024-02-12,Business,117,49,14695,21.36,0
5657,2355,2024-02-19,Business,97,20,21661,41.97,0
5658,2355,2024-02-26,Business,159,16,16657,33.25,0
5659,2355,2024-03-04,Business,89,41,19345,95.02,0
5660,2355,2024-12-05,Enterprise,466,89,84976,434.56,0
5661,2355,2024-12-12,Enterprise,412,54,51964,320.28,0
5662,2355,2024-12-19,Enterprise,316,82,51901,269.12,0
5663,2355,2024-12-26,Enterprise,355,136,80000,181.32,0
5664,2358,2023-08-06,Starter,6,1,564,1.57,1
5665,2358,2023-08-13,Starter,3,1,602,2.49,1
5666,2358,2023-08-20,Starter,4,1,110,2.02,1
5667,2358,2023-08-27,Starter,3,1,84,2.87,1
5668,2358,2023-09-03,Starter,1,1,196,4.05,1
5669,2359,2024-12-06,Pro,42,15,1732,9.24,0
5670,2359,2024-12-13,Pro,25,9,558,6.33,0
5671,2359,2024-12-20,Pro,24,14,773,6.25,0
5672,2359,2024-12-27,Pro,52,7,5460,17.69,0
5673,2363,2023-07-06,Starter,5,3,493,1.48,1
5674,2363,2023-07-13,Starter,7,1,426,2.68,1
5675,2363,2023-07-20,Starter,7,1,270,4.04,1
5676,2363,2023-07-27,Starter,3,1,134,2.15,1
5677,2363,2023-08-03,Starter,3,1,172,3.54,1
5678,2366,2023-12-06,Pro,35,10,2447,10.07,1
5679,2366,2023-12-13,Pro,31,5,1090,6.74,1
5680,2366,2023-12-20,Pro,15,2,1867,15.5,1
5681,2366,2023-12-27,Pro,5,3,980,7.81,1
5682,2366,2024-01-03,Pro,9,2,842,16.0,1
5683,2369,2023-10-07,Enterprise,58,35,72902,65.02,1
5684,2369,2023-10-14,Enterprise,83,79,6739,317.19,1
5685,2369,2023-10-21,Enterprise,91,51,13733,456.27,1
5686,2369,2023-10-28,Enterprise,50,15,7265,334.22,1
5687,2369,2023-11-04,Enterprise,16,15,7799,318.92,1
5688,2373,2023-09-07,Pro,25,8,2871,16.98,1
5689,2373,2023-09-14,Pro,22,2,667,8.84,1
5690,2373,2023-09-21,Pro,6,2,1210,11.57,1
5691,2373,2023-09-28,Pro,7,1,312,6.04,1
5692,2373,2023-10-05,Pro,8,1,546,18.52,1
5693,2377,2024-01-07,Starter,10,2,307,1.67,1
5694,2377,2024-01-14,Starter,7,2,488,0.99,1
5695,2377,2024-01-21,Starter,4,1,313,3.99,1
5696,2377,2024-01-28,Starter,0,1,63,2.6,1
5697,2377,2024-02-04,Starter,2,1,192,0.61,1
5698,2383,2023-08-08,Starter,6,3,444,1.3,1
5699,2383,2023-08-15,Starter,3,2,281,2.67,1
5700,2383,2023-08-22,Starter,7,1,130,4.1,1
5701,2383,2023-08-29,Starter,3,1,164,3.33,1
5702,2383,2023-09-05,Starter,1,1,155,2.05,1
5703,2388,2023-07-09,Starter,5,2,473,2.86,1
5704,2388,2023-07-16,Starter,5,1,374,2.69,1
5705,2388,2023-07-23,Starter,1,1,56,2.38,1
5706,2388,2023-07-30,Starter,1,1,97,0.69,1
5707,2388,2023-08-06,Starter,1,1,121,1.78,1
5708,2391,2023-09-09,Pro,18,5,3446,11.24,1
5709,2391,2023-09-16,Pro,12,6,1354,5.13,1
5710,2391,2023-09-23,Pro,9,4,576,2.87,1
5711,2391,2023-09-30,Pro,3,1,305,9.73,1
5712,2391,2023-10-07,Pro,3,1,664,7.67,1
5713,2393,2024-11-10,Business,60,36,11145,18.12,0
5714,2393,2024-11-17,Business,97,43,2727,65.04,0
5715,2393,2024-11-24,Business,77,46,21640,12.15,0
5716,2393,2024-12-01,Business,37,23,8100,66.02,0
5717,2393,2024-12-08,Business,90,45,8631,66.36,0
5718,2393,2024-12-10,Enterprise,261,59,46836,246.62,0
5719,2393,2024-12-17,Enterprise,150,124,38478,365.14,0
5720,2393,2024-12-24,Enterprise,174,192,68142,230.14,0
5721,2393,2024-12-31,Enterprise,211,144,75602,137.8,0
5722,2401,2023-07-11,Starter,5,2,439,3.38,1
5723,2401,2023-07-18,Starter,3,2,397,1.1,1
5724,2401,2023-07-25,Starter,2,1,111,1.55,1
5725,2401,2023-08-01,Starter,3,1,90,3.17,1
5726,2401,2023-08-08,Starter,1,1,53,1.71,1
5727,2402,2023-12-11,Pro,59,12,5277,4.54,0
5728,2402,2023-12-18,Pro,57,7,2979,8.96,0
5729,2402,2023-12-25,Pro,25,9,2838,20.51,0
5730,2402,2024-01-01,Pro,34,10,4103,18.37,0
5731,2402,2024-01-08,Pro,37,9,1326,10.07,0
5732,2402,2024-04-11,Business,58,11,9115,39.84,1
5733,2402,2024-04-18,Business,37,13,1759,37.31,1
5734,2402,2024-04-25,Business,29,14,7517,25.89,1
5735,2402,2024-05-02,Business,19,9,2474,62.79,1
5736,2402,2024-05-09,Business,31,2,1942,66.64,1
5737,2404,2023-07-12,Enterprise,165,198,88810,132.18,0
5738,2404,2023-07-19,Enterprise,518,162,76273,487.0,0
5739,2404,2023-07-26,Enterprise,243,101,75175,417.16,0
5740,2404,2023-08-02,Enterprise,308,145,53041,184.19,0
5741,2404,2023-08-09,Enterprise,549,57,25428,163.49,0
5742,2404,2023-08-12,Business,49,9,17319,10.2,0
5743,2404,2023-08-19,Business,50,46,3648,24.88,0
5744,2404,2023-08-26,Business,25,21,7324,69.45,0
5745,2404,2023-09-02,Business,26,27,8279,27.09,0
5746,2404,2023-09-09,Business,58,13,12271,89.74,0
5747,2404,2024-12-12,Pro,42,9,1776,8.65,0
5748,2404,2024-12-19,Pro,27,6,1265,10.22,0
5749,2404,2024-12-26,Pro,32,9,5044,13.96,0
5750,2410,2024-08-12,Business,146,27,16778,53.76,0
5751,2410,2024-08-19,Business,54,41,11968,99.33,0
5752,2410,2024-08-26,Business,143,12,11695,74.75,0
5753,2410,2024-09-02,Business,78,32,6650,23.99,0
5754,2410,2024-09-09,Business,114,36,7190,98.33,0
5755,2410,2024-12-12,Enterprise,349,188,15073,137.28,0
5756,2410,2024-12-19,Enterprise,385,45,52654,281.81,0
5757,2410,2024-12-26,Enterprise,242,159,79272,384.71,0
5758,2413,2023-07-12,Business,128,40,9081,56.98,0
5759,2413,2023-07-19,Business,119,13,10850,53.38,0
5760,2413,2023-07-26,Business,147,12,10667,61.6,0
5761,2413,2023-08-02,Business,44,19,13838,64.56,0
5762,2413,2023-08-09,Business,160,23,16771,38.49,0
5763,2413,2023-11-12,Business,80,35,6990,15.8,0
5764,2413,2023-11-19,Business,65,16,12371,70.14,0
5765,2413,2023-11-26,Business,52,34,15823,63.27,0
5766,2413,2023-12-03,Business,71,40,9979,92.47,0
5767,2413,2023-12-10,Business,89,21,12179,57.12,0
5768,2413,2023-12-17,Business,62,44,6211,26.84,0
5769,2413,2023-12-24,Business,98,37,1892,13.19,0
5770,2413,2023-12-31,Business,36,21,12589,58.32,0
5771,2413,2024-01-07,Business,53,36,11323,21.83,0
5772,2413,2024-01-14,Business,60,43,11362,81.31,0
5773,2413,2024-01-21,Business,25,28,12750,79.28,0
5774,2413,2024-01-28,Business,76,36,16512,72.05,0
5775,2413,2024-02-04,Business,47,13,8560,47.88,0
5776,2413,2024-02-11,Business,80,48,7416,11.85,0
5777,2413,2024-02-18,Business,26,20,15936,75.71,0
5778,2413,2024-02-25,Business,53,40,9402,80.56,0
5779,2413,2024-03-03,Business,38,10,17285,38.75,0
5780,2413,2024-03-10,Business,47,34,9615,43.41,0
5781,2413,2024-03-17,Business,82,22,18229,15.48,0
5782,2413,2024-03-24,Business,35,46,16531,73.75,0
5783,2413,2024-03-31,Business,110,19,16807,94.73,0
5784,2413,2024-04-07,Business,65,41,8558,83.62,0
5785,2413,2024-04-14,Business,104,21,9942,17.45,0
5786,2413,2024-04-21,Business,92,44,16410,23.9,0
5787,2413,2024-04-28,Business,45,11,16336,83.13,0
5788,2413,2024-05-05,Business,32,26,3213,22.89,0
5789,2413,2024-05-12,Business,55,20,16110,34.02,0
5790,2413,2024-05-19,Business,51,22,17607,24.31,0
5791,2413,2024-05-26,Business,48,18,4550,61.77,0
5792,2413,2024-06-02,Business,43,19,7722,25.85,0
5793,2413,2024-06-09,Business,100,25,15169,67.81,0
5794,2413,2024-06-16,Business,110,32,13762,58.01,0
5795,2413,2024-06-23,Business,70,33,19120,56.3,0
5796,2413,2024-06-30,Business,74,46,15651,69.01,0
5797,2413,2024-07-07,Business,60,29,18563,37.28,0
5798,2413,2024-07-14,Business,51,50,12023,41.05,0
5799,2413,2024-07-21,Business,43,48,14386,32.6,0
5800,2413,2024-07-28,Business,70,12,2392,86.52,0
5801,2413,2024-08-04,Business,60,15,11555,13.15,0
5802,2413,2024-08-11,Business,27,30,8818,29.15,0
5803,2413,2024-08-18,Business,96,42,15488,13.0,0
5804,2413,2024-08-25,Business,80,53,7254,87.48,0
5805,2413,2024-09-01,Business,59,28,16734,99.34,0
5806,2413,2024-09-08,Business,61,29,18760,54.65,0
5807,2413,2024-09-15,Business,96,47,5525,52.68,0
5808,2413,2024-09-22,Business,40,14,15289,93.22,0
5809,2413,2024-09-29,Business,29,43,16991,80.94,0
5810,2413,2024-10-06,Business,35,26,19723,23.98,0
5811,2413,2024-10-13,Business,41,41,6121,75.46,0
5812,2413,2024-10-20,Business,96,31,16331,65.76,0
5813,2413,2024-10-27,Business,36,44,3938,61.33,0
5814,2413,2024-11-03,Business,102,48,7147,75.12,0
5815,2413,2024-11-10,Business,33,41,11981,63.36,0
5816,2413,2024-11-17,Business,38,23,13354,55.39,0
5817,2413,2024-11-24,Business,52,47,5633,62.24,0
5818,2413,2024-12-01,Business,64,28,12462,40.28,0
5819,2413,2024-12-08,Business,91,16,19028,43.99,0
5820,2413,2024-12-15,Business,48,35,9835,43.62,0
5821,2413,2024-12-22,Business,83,27,14369,16.81,0
5822,2413,2024-12-29,Business,46,32,11321,87.61,0
5823,2417,2024-06-13,Starter,5,4,659,1.39,0
5824,2417,2024-06-20,Starter,7,4,329,1.39,0
5825,2417,2024-06-27,Starter,9,1,486,3.03,0
5826,2417,2024-07-04,Starter,5,2,856,0.62,0
5827,2417,2024-07-11,Starter,15,3,630,0.6,0
5828,2417,2024-10-13,Pro,35,3,2782,19.57,0
5829,2417,2024-10-20,Pro,17,10,4249,14.86,0
5830,2417,2024-10-27,Pro,33,15,723,12.86,0
5831,2417,2024-11-03,Pro,17,10,4110,2.72,0
5832,2417,2024-11-10,Pro,23,11,1022,12.02,0
5833,2417,2024-12-13,Starter,17,2,387,0.82,0
5834,2417,2024-12-20,Starter,14,2,187,4.49,0
5835,2417,2024-12-27,Starter,12,5,897,3.41,0
5836,2418,2023-11-13,Starter,12,3,392,4.3,1
5837,2418,2023-11-20,Starter,2,1,621,3.37,1
5838,2418,2023-11-27,Starter,2,1,128,2.43,1
5839,2418,2023-12-04,Starter,2,1,126,0.77,1
5840,2418,2023-12-11,Starter,2,1,107,3.54,1
5841,2425,2024-03-14,Pro,38,14,1276,10.54,0
5842,2425,2024-03-21,Pro,22,5,4069,7.28,0
5843,2425,2024-03-28,Pro,26,5,4714,9.18,0
5844,2425,2024-04-04,Pro,50,6,2299,4.95,0
5845,2425,2024-04-11,Pro,22,11,460,13.83,0
5846,2425,2024-12-14,Business,83,30,5563,27.01,0
5847,2425,2024-12-21,Business,32,9,13602,91.19,0
5848,2425,2024-12-28,Business,74,19,11276,67.63,0
5849,2429,2024-12-15,Enterprise,110,185,61423,53.65,0
5850,2429,2024-12-22,Enterprise,144,79,59281,313.71,0
5851,2429,2024-12-29,Enterprise,187,180,36888,57.73,0
5852,2437,2023-12-16,Pro,31,9,4976,2.35,0
5853,2437,2023-12-23,Pro,28,8,1174,9.83,0
5854,2437,2023-12-30,Pro,11,6,1707,5.74,0
5855,2437,2024-01-06,Pro,15,4,2450,2.46,0
5856,2437,2024-01-13,Pro,28,9,4452,2.19,0
5857,2437,2024-06-16,Starter,9,4,698,2.18,0
5858,2437,2024-06-23,Starter,3,1,513,1.96,0
5859,2437,2024-06-30,Starter,8,3,265,4.55,0
5860,2437,2024-07-07,Starter,13,4,136,1.42,0
5861,2437,2024-07-14,Starter,13,3,886,5.14,0
5862,2437,2024-07-21,Starter,6,1,251,1.4,0
5863,2437,2024-07-28,Starter,11,2,197,1.81,0
5864,2437,2024-08-04,Starter,10,2,508,1.7,0
5865,2437,2024-08-11,Starter,8,2,135,4.18,0
5866,2437,2024-08-18,Starter,10,1,982,5.09,0
5867,2437,2024-08-25,Starter,9,2,306,1.37,0
5868,2437,2024-09-01,Starter,3,4,1083,3.95,0
5869,2437,2024-09-08,Starter,12,4,508,1.17,0
5870,2437,2024-09-15,Starter,5,4,287,1.42,0
5871,2437,2024-09-22,Starter,8,2,997,4.89,0
5872,2437,2024-09-29,Starter,7,2,151,1.77,0
5873,2437,2024-10-06,Starter,4,2,890,2.09,0
5874,2437,2024-10-13,Starter,11,2,667,2.62,0
5875,2437,2024-10-20,Starter,12,1,346,1.77,0
5876,2437,2024-10-27,Starter,8,3,503,4.08,0
5877,2437,2024-11-03,Starter,3,3,764,5.05,0
5878,2437,2024-11-10,Starter,5,1,405,0.87,0
5879,2437,2024-11-17,Starter,6,4,277,1.27,0
5880,2437,2024-11-24,Starter,6,1,347,0.99,0
5881,2437,2024-12-01,Starter,12,1,200,4.4,0
5882,2437,2024-12-08,Starter,8,3,897,1.99,0
5883,2437,2024-12-15,Starter,8,3,162,4.31,0
5884,2437,2024-12-22,Starter,6,4,527,2.64,0
5885,2437,2024-12-29,Starter,10,2,284,0.54,0
5886,2439,2024-12-16,Enterprise,497,166,31178,54.51,0
5887,2439,2024-12-23,Enterprise,253,30,35198,51.12,0
5888,2439,2024-12-30,Enterprise,261,160,89608,106.32,0
5889,2441,2024-12-16,Enterprise,266,96,11378,348.24,0
5890,2441,2024-12-23,Enterprise,128,135,42512,76.02,0
5891,2441,2024-12-30,Enterprise,196,79,17051,95.4,0
5892,2445,2024-07-17,Pro,27,9,2293,13.58,0
5893,2445,2024-07-24,Pro,42,15,1596,17.58,0
5894,2445,2024-07-31,Pro,18,3,2273,6.28,0
5895,2445,2024-08-07,Pro,45,9,1936,5.66,0
5896,2445,2024-08-14,Pro,54,8,777,6.97,0
5897,2445,2024-12-17,Business,77,39,7624,26.01,0
5898,2445,2024-12-24,Business,78,37,12145,55.28,0
5899,2445,2024-12-31,Business,54,13,7211,10.5,0
5900,2449,2023-08-17,Starter,10,1,506,3.37,1
5901,2449,2023-08-24,Starter,11,2,394,2.9,1
5902,2449,2023-08-31,Starter,3,1,106,4.83,1
5903,2449,2023-09-07,Starter,2,1,125,2.03,1
5904,2449,2023-09-14,Starter,3,1,60,1.04,1
5905,2455,2024-04-18,Enterprise,118,49,101236,408.8,0
5906,2455,2024-04-25,Enterprise,452,192,15139,193.61,0
5907,2455,2024-05-02,Enterprise,491,181,19443,411.99,0
5908,2455,2024-05-09,Enterprise,133,136,16856,331.76,0
5909,2455,2024-05-16,Enterprise,116,134,84046,65.85,0
5910,2455,2024-12-18,Business,54,45,6874,13.56,0
5911,2455,2024-12-25,Business,115,36,4381,86.04,0
5912,2462,2024-12-18,Enterprise,286,51,85654,433.68,0
5913,2462,2024-12-25,Enterprise,414,205,29992,227.05,0
5914,2468,2024-05-18,Starter,3,1,740,0.81,0
5915,2468,2024-05-25,Starter,6,2,533,2.23,0
5916,2468,2024-06-01,Starter,5,1,740,1.45,0
5917,2468,2024-06-08,Starter,3,1,887,1.63,0
5918,2468,2024-06-15,Starter,9,2,315,5.14,0
5919,2468,2024-12-18,Pro,32,14,1944,11.96,0
5920,2468,2024-12-25,Pro,24,7,1494,4.75,0
5921,2475,2023-12-20,Starter,4,3,460,3.8,1
5922,2475,2023-12-27,Starter,3,1,573,2.01,1
5923,2475,2024-01-03,Starter,8,1,382,1.23,1
5924,2475,2024-01-10,Starter,1,1,111,1.59,1
5925,2475,2024-01-17,Starter,2,1,97,2.43,1
5926,2478,2023-09-20,Starter,10,1,533,4.97,1
5927,2478,2023-09-27,Starter,8,1,53,1.92,1
5928,2478,2023-10-04,Starter,3,1,55,1.23,1
5929,2478,2023-10-11,Starter,2,1,76,2.36,1
5930,2478,2023-10-18,Starter,2,1,72,5.03,1
5931,2480,2023-11-20,Enterprise,365,57,17410,306.42,0
5932,2480,2023-11-27,Enterprise,534,81,96789,297.41,0
5933,2480,2023-12-04,Enterprise,221,132,55518,279.09,0
5934,2480,2023-12-11,Enterprise,102,182,20118,218.92,0
5935,2480,2023-12-18,Enterprise,225,89,13479,259.86,0
5936,2480,2024-03-20,Business,52,13,11560,50.97,0
5937,2480,2024-03-27,Business,45,18,13800,63.28,0
5938,2480,2024-04-03,Business,102,37,15815,92.22,0
5939,2480,2024-04-10,Business,53,45,5594,24.67,0
5940,2480,2024-04-17,Business,68,45,6088,18.52,0
5941,2480,2024-12-20,Enterprise,190,128,28551,181.26,0
5942,2480,2024-12-27,Enterprise,362,53,31136,381.94,0
5943,2484,2024-12-21,Enterprise,247,99,42957,350.94,0
5944,2484,2024-12-28,Enterprise,261,191,62203,307.87,0
5945,2488,2024-02-22,Starter,10,2,526,3.21,1
5946,2488,2024-02-29,Starter,5,1,123,5.03,1
5947,2488,2024-03-07,Starter,5,1,205,3.22,1
5948,2488,2024-03-14,Starter,1,1,159,0.88,1
5949,2488,2024-03-21,Starter,2,1,62,2.42,1
5950,2494,2023-08-23,Enterprise,227,73,58517,110.26,0
5951,2494,2023-08-30,Enterprise,353,122,12717,470.63,0
5952,2494,2023-09-06,Enterprise,423,49,18666,427.8,0
5953,2494,2023-09-13,Enterprise,567,120,34411,294.04,0
5954,2494,2023-09-20,Enterprise,540,179,29624,116.25,0
5955,2494,2023-10-23,Business,44,36,8745,37.77,0
5956,2494,2023-10-30,Business,109,11,5914,31.61,0
5957,2494,2023-11-06,Business,60,23,2989,88.59,0
5958,2494,2023-11-13,Business,106,29,9364,82.97,0
5959,2494,2023-11-20,Business,124,22,16544,30.02,0
5960,2494,2024-12-23,Enterprise,167,74,46307,185.05,0
5961,2494,2024-12-30,Enterprise,303,153,76564,360.16,0
5962,2502,2023-08-24,Starter,10,1,326,3.1,1
5963,2502,2023-08-31,Starter,12,2,436,1.11,1
5964,2502,2023-09-07,Starter,2,1,129,4.29,1
5965,2502,2023-09-14,Starter,2,1,217,1.43,1
5966,2502,2023-09-21,Starter,1,1,115,3.11,1
5967,2507,2023-07-24,Pro,22,10,3318,18.51,1
5968,2507,2023-07-31,Pro,28,3,2066,16.09,1
5969,2507,2023-08-07,Pro,14,5,1424,5.15,1
5970,2507,2023-08-14,Pro,11,1,324,8.29,1
5971,2507,2023-08-21,Pro,8,2,982,17.34,1
5972,2509,2024-01-24,Enterprise,163,165,91071,175.78,0
5973,2509,2024-01-31,Enterprise,393,70,37493,446.87,0
5974,2509,2024-02-07,Enterprise,264,95,93073,490.3,0
5975,2509,2024-02-14,Enterprise,228,74,55540,196.61,0
5976,2509,2024-02-21,Enterprise,431,182,58840,445.34,0
5977,2509,2024-03-24,Business,23,35,11340,49.07,1
5978,2509,2024-03-31,Business,24,15,7658,91.54,1
5979,2509,2024-04-07,Business,38,15,4297,79.86,1
5980,2509,2024-04-14,Business,16,5,3760,42.78,1
5981,2509,2024-04-21,Business,19,4,2431,49.25,1
5982,2512,2023-10-24,Pro,24,5,508,12.56,1
5983,2512,2023-10-31,Pro,16,4,3061,17.22,1
5984,2512,2023-11-07,Pro,9,3,350,19.4,1
5985,2512,2023-11-14,Pro,14,2,866,18.66,1
5986,2512,2023-11-21,Pro,8,2,223,11.23,1
5987,2522,2024-09-25,Pro,19,3,2311,11.43,1
5988,2522,2024-10-02,Pro,32,3,1120,20.38,1
5989,2522,2024-10-09,Pro,15,4,550,10.03,1
5990,2522,2024-10-16,Pro,8,1,545,2.77,1
5991,2522,2024-10-23,Pro,8,1,143,3.92,1
5992,2526,2024-03-26,Starter,3,2,198,2.86,1
5993,2526,2024-04-02,Starter,7,1,86,1.41,1
5994,2526,2024-04-09,Starter,2,1,101,1.0,1
5995,2526,2024-04-16,Starter,4,1,80,2.02,1
5996,2526,2024-04-23,Starter,1,1,146,0.94,1
5997,2528,2023-09-26,Pro,20,5,2608,6.75,1
5998,2528,2023-10-03,Pro,32,7,1801,20.16,1
5999,2528,2023-10-10,Pro,20,2,428,8.95,1
6000,2528,2023-10-17,Pro,6,1,205,2.34,1
6001,2528,2023-10-24,Pro,7,1,743,7.86,1
6002,2532,2024-12-27,Business,134,43,3726,75.15,0
6003,2534,2023-08-27,Starter,7,1,352,2.32,1
6004,2534,2023-09-03,Starter,6,1,243,1.44,1
6005,2534,2023-09-10,Starter,3,1,445,4.57,1
6006,2534,2023-09-17,Starter,1,1,150,0.98,1
6007,2534,2023-09-24,Starter,1,1,171,1.13,1
6008,2535,2024-12-27,Pro,21,6,902,6.25,0
6009,2536,2023-07-27,Pro,13,2,459,7.73,1
6010,2536,2023-08-03,Pro,31,6,779,12.05,1
6011,2536,2023-08-10,Pro,7,2,573,18.29,1
6012,2536,2023-08-17,Pro,7,1,601,11.89,1
6013,2536,2023-08-24,Pro,7,1,503,18.39,1
6014,2537,2023-08-27,Starter,10,2,991,1.17,0
6015,2537,2023-09-03,Starter,4,1,582,0.48,0
6016,2537,2023-09-10,Starter,12,4,232,3.05,0
6017,2537,2023-09-17,Starter,7,4,239,0.65,0
6018,2537,2023-09-24,Starter,9,1,437,4.84,0
6019,2537,2024-05-27,Pro,39,11,3017,10.05,0
6020,2537,2024-06-03,Pro,54,13,3413,17.14,0
6021,2537,2024-06-10,Pro,52,5,3728,19.51,0
6022,2537,2024-06-17,Pro,23,9,4715,3.99,0
6023,2537,2024-06-24,Pro,60,14,1656,3.15,0
6024,2537,2024-12-27,Business,86,15,14127,35.34,0
6025,2539,2023-10-28,Starter,8,2,645,1.83,1
6026,2539,2023-11-04,Starter,6,2,485,2.2,1
6027,2539,2023-11-11,Starter,4,1,341,3.35,1
6028,2539,2023-11-18,Starter,1,1,126,0.76,1
6029,2539,2023-11-25,Starter,1,1,34,4.3,1
6030,2540,2024-02-28,Pro,26,3,961,6.73,1
6031,2540,2024-03-06,Pro,14,2,866,8.17,1
6032,2540,2024-03-13,Pro,20,3,1313,9.11,1
6033,2540,2024-03-20,Pro,3,2,449,18.5,1
6034,2540,2024-03-27,Pro,5,1,736,4.66,1
6035,2542,2023-07-28,Starter,8,1,576,2.34,1
6036,2542,2023-08-04,Starter,9,2,172,3.4,1
6037,2542,2023-08-11,Starter,6,1,135,1.1,1
6038,2542,2023-08-18,Starter,2,1,140,0.97,1
6039,2542,2023-08-25,Starter,1,1,57,4.17,1
6040,2543,2024-12-28,Pro,32,12,2171,17.35,0
6041,2546,2023-07-28,Pro,31,11,2010,14.62,0
6042,2546,2023-08-04,Pro,24,5,1019,7.54,0
6043,2546,2023-08-11,Pro,53,5,4407,15.3,0
6044,2546,2023-08-18,Pro,36,12,1173,13.0,0
6045,2546,2023-08-25,Pro,39,5,1971,4.25,0
6046,2546,2024-01-28,Starter,5,1,257,3.32,0
6047,2546,2024-02-04,Starter,7,2,1044,3.75,0
6048,2546,2024-02-11,Starter,8,4,701,1.07,0
6049,2546,2024-02-18,Starter,9,3,255,2.49,0
6050,2546,2024-02-25,Starter,4,1,158,5.06,0
6051,2546,2024-03-03,Starter,4,4,254,2.58,0
6052,2546,2024-03-10,Starter,5,1,449,4.22,0
6053,2546,2024-03-17,Starter,7,3,296,3.25,0
6054,2546,2024-03-24,Starter,9,3,879,1.93,0
6055,2546,2024-03-31,Starter,4,1,495,4.05,0
6056,2546,2024-04-07,Starter,8,4,529,1.11,0
6057,2546,2024-04-14,Starter,3,1,1047,0.7,0
6058,2546,2024-04-21,Starter,6,4,188,1.9,0
6059,2546,2024-04-28,Starter,4,4,195,2.95,0
6060,2546,2024-05-05,Starter,9,4,621,0.92,0
6061,2546,2024-05-12,Starter,9,1,767,3.08,0
6062,2546,2024-05-19,Starter,4,2,904,2.88,0
6063,2546,2024-05-26,Starter,5,1,668,2.39,0
6064,2546,2024-06-02,Starter,8,2,465,4.95,0
6065,2546,2024-06-09,Starter,8,3,1080,3.41,0
6066,2546,2024-06-16,Starter,7,1,372,3.2,0
6067,2546,2024-06-23,Starter,11,4,1003,0.73,0
6068,2546,2024-06-30,Starter,6,3,891,3.69,0
6069,2546,2024-07-07,Starter,13,3,690,0.8,0
6070,2546,2024-07-14,Starter,11,3,794,1.75,0
6071,2546,2024-07-21,Starter,10,3,212,3.15,0
6072,2546,2024-07-28,Starter,13,4,592,3.13,0
6073,2546,2024-08-04,Starter,9,2,981,0.91,0
6074,2546,2024-08-11,Starter,4,4,752,1.07,0
6075,2546,2024-08-18,Starter,4,1,191,1.73,0
6076,2546,2024-08-25,Starter,5,2,160,1.81,0
6077,2546,2024-09-01,Starter,10,2,323,3.16,0
6078,2546,2024-09-08,Starter,5,3,443,4.37,0
6079,2546,2024-09-15,Starter,10,4,585,2.87,0
6080,2546,2024-09-22,Starter,10,3,900,5.17,0
6081,2546,2024-09-29,Starter,5,3,349,3.95,0
6082,2546,2024-10-06,Starter,5,1,503,0.96,0
6083,2546,2024-10-13,Starter,6,1,866,4.0,0
6084,2546,2024-10-20,Starter,8,4,1040,4.72,0
6085,2546,2024-10-27,Starter,9,1,231,2.76,0
6086,2546,2024-11-03,Starter,4,2,657,2.54,0
6087,2546,2024-11-10,Starter,4,1,923,2.09,0
6088,2546,2024-11-17,Starter,14,2,764,3.47,0
6089,2546,2024-11-24,Starter,5,4,438,4.31,0
6090,2546,2024-12-01,Starter,7,1,658,1.5,0
6091,2546,2024-12-08,Starter,13,2,150,2.99,0
6092,2546,2024-12-15,Starter,7,2,571,1.9,0
6093,2546,2024-12-22,Starter,6,4,884,3.66,0
6094,2546,2024-12-29,Starter,8,1,589,3.66,0
6095,2548,2024-09-28,Enterprise,275,143,53007,320.98,0
6096,2548,2024-10-05,Enterprise,162,90,37880,274.53,0
6097,2548,2024-10-12,Enterprise,141,167,25566,388.18,0
6098,2548,2024-10-19,Enterprise,255,179,53664,234.26,0
6099,2548,2024-10-26,Enterprise,190,88,26788,312.65,0
6100,2548,2024-12-28,Business,58,34,17446,92.96,0
6101,2551,2023-09-29,Pro,34,10,2227,12.78,1
6102,2551,2023-10-06,Pro,8,8,2251,8.95,1
6103,2551,2023-10-13,Pro,4,5,1763,6.63,1
6104,2551,2023-10-20,Pro,13,1,516,9.06,1
6105,2551,2023-10-27,Pro,4,1,626,17.91,1
6106,2552,2024-12-29,Enterprise,70,181,44629,201.57,0
6107,2555,2023-09-29,Business,46,27,10370,33.57,0
6108,2555,2023-10-06,Business,104,49,16286,26.6,0
6109,2555,2023-10-13,Business,155,11,10568,25.17,0
6110,2555,2023-10-20,Business,103,50,16989,23.57,0
6111,2555,2023-10-27,Business,103,44,3523,93.66,0
6112,2555,2024-10-29,Pro,34,8,1294,7.77,1
6113,2555,2024-11-05,Pro,24,4,337,10.02,1
6114,2555,2024-11-12,Pro,7,5,1326,16.29,1
6115,2555,2024-11-19,Pro,5,2,802,5.65,1
6116,2555,2024-11-26,Pro,6,1,605,13.05,1
6117,2560,2023-07-30,Pro,17,2,689,3.49,1
6118,2560,2023-08-06,Pro,19,5,996,14.22,1
6119,2560,2023-08-13,Pro,4,1,469,6.12,1
6120,2560,2023-08-20,Pro,3,3,975,5.54,1
6121,2560,2023-08-27,Pro,8,2,752,15.01,1
6122,2563,2023-07-30,Pro,26,3,2533,13.38,1
6123,2563,2023-08-06,Pro,11,2,2654,15.3,1
6124,2563,2023-08-13,Pro,12,2,797,13.76,1
6125,2563,2023-08-20,Pro,3,1,308,11.64,1
6126,2563,2023-08-27,Pro,7,3,191,17.91,1
6127,2564,2023-09-30,Pro,32,6,2783,13.38,0
6128,2564,2023-10-07,Pro,27,7,1741,6.39,0
6129,2564,2023-10-14,Pro,20,9,3603,3.02,0
6130,2564,2023-10-21,Pro,19,7,3426,4.32,0
6131,2564,2023-10-28,Pro,19,9,1517,13.12,0
6132,2564,2024-12-29,Business,67,36,4144,95.6,0
6133,2566,2024-07-29,Business,125,27,14714,52.94,0
6134,2566,2024-08-05,Business,47,41,5376,68.32,0
6135,2566,2024-08-12,Business,90,26,13574,44.64,0
6136,2566,2024-08-19,Business,53,21,14049,37.27,0
6137,2566,2024-08-26,Business,84,38,3084,76.03,0
6138,2566,2024-10-29,Pro,40,7,1409,12.14,0
6139,2566,2024-11-05,Pro,48,7,4036,9.28,0
6140,2566,2024-11-12,Pro,31,7,4923,8.03,0
6141,2566,2024-11-19,Pro,55,6,3857,5.66,0
6142,2566,2024-11-26,Pro,22,14,2621,5.99,0
6143,2566,2024-12-29,Business,43,18,10241,82.02,0
6144,2567,2023-07-31,Starter,13,2,475,1.48,1
6145,2567,2023-08-07,Starter,3,1,86,4.13,1
6146,2567,2023-08-14,Starter,4,2,332,3.42,1
6147,2567,2023-08-21,Starter,1,1,128,2.98,1
6148,2567,2023-08-28,Starter,0,1,43,0.51,1
6149,2571,2024-01-30,Enterprise,289,33,30843,58.71,0
6150,2571,2024-02-06,Enterprise,323,88,61913,302.14,0
6151,2571,2024-02-13,Enterprise,383,200,96745,96.77,0
6152,2571,2024-02-20,Enterprise,414,148,86392,369.74,0
6153,2571,2024-02-27,Enterprise,276,158,29609,506.83,0
6154,2571,2024-11-29,Business,76,30,5414,11.53,1
6155,2571,2024-12-06,Business,41,14,2641,74.69,1
6156,2571,2024-12-13,Business,65,18,2060,18.08,1
6157,2571,2024-12-20,Business,24,7,1190,16.72,1
6158,2571,2024-12-27,Business,11,6,876,55.22,1
6159,2572,2024-03-29,Business,82,51,13326,86.52,0
6160,2572,2024-04-05,Business,61,40,22003,58.8,0
6161,2572,2024-04-12,Business,115,47,3155,73.49,0
6162,2572,2024-04-19,Business,56,29,13478,52.27,0
6163,2572,2024-04-26,Business,126,39,7653,71.36,0
6164,2572,2024-12-29,Pro,36,15,4253,10.91,0
6165,2573,2023-07-31,Starter,3,3,264,1.29,1
6166,2573,2023-08-07,Starter,7,2,471,0.94,1
6167,2573,2023-08-14,Starter,5,1,227,4.37,1
6168,2573,2023-08-21,Starter,3,1,75,1.89,1
6169,2573,2023-08-28,Starter,2,1,100,4.72,1
6170,2577,2024-03-29,Starter,6,1,293,1.19,1
6171,2577,2024-04-05,Starter,9,1,474,3.35,1
6172,2577,2024-04-12,Starter,9,1,200,3.27,1
6173,2577,2024-04-19,Starter,1,1,179,3.97,1
6174,2577,2024-04-26,Starter,1,1,176,2.67,1
6175,2579,2023-10-01,Business,36,28,15229,37.24,0
6176,2579,2023-10-08,Business,45,27,17178,15.11,0
6177,2579,2023-10-15,Business,49,12,6908,83.65,0
6178,2579,2023-10-22,Business,24,46,10155,27.71,0
6179,2579,2023-10-29,Business,71,31,6030,21.37,0
6180,2579,2024-12-01,Enterprise,307,198,83284,101.08,0
6181,2579,2024-12-08,Enterprise,161,89,72533,111.03,0
6182,2579,2024-12-15,Enterprise,198,89,28836,465.47,0
6183,2579,2024-12-22,Enterprise,282,171,59960,141.34,0
6184,2579,2024-12-29,Enterprise,89,71,41503,437.37,0
6185,2585,2023-11-01,Starter,12,1,486,3.1,1
6186,2585,2023-11-08,Starter,9,1,511,1.87,1
6187,2585,2023-11-15,Starter,6,1,46,4.04,1
6188,2585,2023-11-22,Starter,1,1,88,3.25,1
6189,2585,2023-11-29,Starter,2,1,197,1.24,1
6190,2587,2024-12-01,Enterprise,222,134,45654,60.75,0
6191,2587,2024-12-08,Enterprise,199,172,49403,179.92,0
6192,2587,2024-12-15,Enterprise,235,184,52809,289.66,0
6193,2587,2024-12-22,Enterprise,210,28,44694,438.73,0
6194,2587,2024-12-29,Enterprise,108,88,99365,309.42,0
6195,2589,2024-12-01,Pro,33,15,3121,6.5,0
6196,2589,2024-12-08,Pro,28,3,2688,13.06,0
6197,2589,2024-12-15,Pro,37,6,3423,11.99,0
6198,2589,2024-12-22,Pro,20,11,1448,2.43,0
6199,2589,2024-12-29,Pro,12,6,752,17.81,0
6200,2597,2024-05-03,Pro,25,2,1906,11.38,1
6201,2597,2024-05-10,Pro,17,4,2237,18.96,1
6202,2597,2024-05-17,Pro,16,3,1176,15.94,1
6203,2597,2024-05-24,Pro,4,1,190,19.48,1
6204,2597,2024-05-31,Pro,9,3,1030,9.57,1
6205,2598,2024-12-03,Business,70,51,16689,44.66,0
6206,2598,2024-12-10,Business,56,41,12913,78.45,0
6207,2598,2024-12-17,Business,100,29,6995,71.32,0
6208,2598,2024-12-24,Business,85,41,3019,15.65,0
6209,2598,2024-12-31,Business,123,44,15895,72.89,0
6210,2603,2024-12-04,Pro,42,8,1715,3.67,0
6211,2603,2024-12-11,Pro,36,10,1695,10.18,0
6212,2603,2024-12-18,Pro,21,15,1043,7.01,0
6213,2603,2024-12-25,Pro,33,7,3439,4.52,0
6214,2605,2024-12-05,Enterprise,313,60,53500,349.16,0
6215,2605,2024-12-12,Enterprise,112,170,69001,170.81,0
6216,2605,2024-12-19,Enterprise,368,91,11479,241.25,0
6217,2605,2024-12-26,Enterprise,176,124,20665,95.07,0
6218,2606,2023-08-05,Business,80,40,6282,93.06,0
6219,2606,2023-08-12,Business,100,47,9823,29.79,0
6220,2606,2023-08-19,Business,70,20,17322,96.77,0
6221,2606,2023-08-26,Business,61,23,17308,53.09,0
6222,2606,2023-09-02,Business,38,26,7843,83.29,0
6223,2606,2024-12-05,Enterprise,199,93,57808,201.17,0
6224,2606,2024-12-12,Enterprise,395,113,77860,400.63,0
6225,2606,2024-12-19,Enterprise,197,159,63498,392.45,0
6226,2606,2024-12-26,Enterprise,245,43,31006,361.0,0
6227,2607,2024-12-05,Pro,20,2,2911,5.24,0
6228,2607,2024-12-12,Pro,32,4,4304,7.57,0
6229,2607,2024-12-19,Pro,27,9,1892,18.23,0
6230,2607,2024-12-26,Pro,27,11,4293,14.91,0
6231,2610,2024-12-05,Business,171,14,7669,19.07,0
6232,2610,2024-12-12,Business,98,18,20868,78.95,0
6233,2610,2024-12-19,Business,86,20,4605,40.11,0
6234,2610,2024-12-26,Business,117,25,10825,91.09,0
6235,2613,2024-12-05,Enterprise,154,107,15256,442.99,1
6236,2613,2024-12-12,Enterprise,171,26,36069,463.84,1
6237,2613,2024-12-19,Enterprise,118,29,6646,355.09,1
6238,2613,2024-12-26,Enterprise,41,10,4142,204.92,1
6239,2632,2023-08-07,Enterprise,164,79,45460,102.37,0
6240,2632,2023-08-14,Enterprise,472,158,55665,73.42,0
6241,2632,2023-08-21,Enterprise,174,121,51472,185.49,0
6242,2632,2023-08-28,Enterprise,337,115,33867,434.11,0
6243,2632,2023-09-04,Enterprise,206,102,105123,64.42,0
6244,2632,2024-06-07,Enterprise,157,66,75284,192.73,0
6245,2632,2024-06-14,Enterprise,209,138,76478,403.05,0
6246,2632,2024-06-21,Enterprise,338,176,67666,203.56,0
6247,2632,2024-06-28,Enterprise,223,147,67350,401.73,0
6248,2632,2024-07-05,Enterprise,182,158,31669,259.76,0
6249,2632,2024-07-12,Enterprise,595,153,92686,483.04,0
6250,2632,2024-07-19,Enterprise,171,154,30846,138.94,0
6251,2632,2024-07-26,Enterprise,394,142,58841,394.95,0
6252,2632,2024-08-02,Enterprise,158,92,43354,333.02,0
6253,2632,2024-08-09,Enterprise,295,33,13737,209.12,0
6254,2632,2024-08-16,Enterprise,444,141,53123,116.26,0
6255,2632,2024-08-23,Enterprise,125,92,80745,404.03,0
6256,2632,2024-08-30,Enterprise,206,81,73895,222.76,0
6257,2632,2024-09-06,Enterprise,394,161,65978,171.51,0
6258,2632,2024-09-13,Enterprise,265,207,78909,202.3,0
6259,2632,2024-09-20,Enterprise,321,209,39727,193.57,0
6260,2632,2024-09-27,Enterprise,490,70,69793,129.8,0
6261,2632,2024-10-04,Enterprise,321,72,43086,350.12,0
6262,2632,2024-10-11,Enterprise,165,212,43215,216.17,0
6263,2632,2024-10-18,Enterprise,312,180,106359,428.08,0
6264,2632,2024-10-25,Enterprise,487,116,85923,58.84,0
6265,2632,2024-11-01,Enterprise,341,75,94062,476.66,0
6266,2632,2024-11-08,Enterprise,438,165,18585,71.15,0
6267,2632,2024-11-15,Enterprise,122,46,15132,161.05,0
6268,2632,2024-11-22,Enterprise,206,128,34358,287.9,0
6269,2632,2024-11-29,Enterprise,286,146,87853,187.68,0
6270,2632,2024-12-06,Enterprise,413,129,61687,231.99,0
6271,2632,2024-12-13,Enterprise,542,63,36604,218.11,0
6272,2632,2024-12-20,Enterprise,158,171,31016,325.79,0
6273,2632,2024-12-27,Enterprise,389,114,45870,72.58,0
6274,2635,2023-09-07,Pro,23,4,2131,6.25,1
6275,2635,2023-09-14,Pro,21,2,511,17.51,1
6276,2635,2023-09-21,Pro,12,2,1692,15.5,1
6277,2635,2023-09-28,Pro,6,2,128,8.39,1
6278,2635,2023-10-05,Pro,6,2,195,16.66,1
6279,2636,2023-10-07,Starter,11,4,816,2.0,0
6280,2636,2023-10-14,Starter,6,3,944,2.58,0
6281,2636,2023-10-21,Starter,12,2,698,2.47,0
6282,2636,2023-10-28,Starter,3,4,862,3.37,0
6283,2636,2023-11-04,Starter,8,1,462,3.45,0
6284,2636,2024-12-07,Pro,23,11,4105,8.28,0
6285,2636,2024-12-14,Pro,10,11,1830,11.43,0
6286,2636,2024-12-21,Pro,11,6,4776,15.4,0
6287,2636,2024-12-28,Pro,33,3,3045,13.35,0
6288,2639,2024-03-08,Business,146,44,15096,78.12,0
6289,2639,2024-03-15,Business,95,35,15857,97.69,0
6290,2639,2024-03-22,Business,114,44,4364,54.61,0
6291,2639,2024-03-29,Business,166,38,5038,66.12,0
6292,2639,2024-04-05,Business,79,42,14820,38.93,0
6293,2639,2024-12-08,Enterprise,348,110,19791,350.66,0
6294,2639,2024-12-15,Enterprise,239,145,79800,409.03,0
6295,2639,2024-12-22,Enterprise,322,75,14128,219.64,0
6296,2639,2024-12-29,Enterprise,218,188,31230,457.09,0
6297,2641,2024-12-08,Starter,4,1,390,4.6,0
6298,2641,2024-12-15,Starter,9,2,976,0.82,0
6299,2641,2024-12-22,Starter,9,3,990,2.71,0
6300,2641,2024-12-29,Starter,4,2,934,3.45,0
6301,2648,2024-02-09,Pro,43,13,1246,5.82,0
6302,2648,2024-02-16,Pro,37,10,1937,13.37,0
6303,2648,2024-02-23,Pro,40,8,4172,10.54,0
6304,2648,2024-03-01,Pro,34,7,4335,17.12,0
6305,2648,2024-03-08,Pro,13,4,2498,15.55,0
6306,2648,2024-12-09,Business,59,45,1995,13.91,0
6307,2648,2024-12-16,Business,92,51,3371,70.43,0
6308,2648,2024-12-23,Business,131,15,11196,35.94,0
6309,2648,2024-12-30,Business,161,9,20279,27.44,0
6310,2649,2024-07-09,Enterprise,422,86,68056,385.74,1
6311,2649,2024-07-16,Enterprise,134,107,25471,321.27,1
6312,2649,2024-07-23,Enterprise,184,54,5405,437.13,1
6313,2649,2024-07-30,Enterprise,77,39,7833,414.61,1
6314,2649,2024-08-06,Enterprise,109,6,14862,281.56,1
6315,2650,2024-03-09,Pro,41,7,894,6.4,0
6316,2650,2024-03-16,Pro,18,12,4414,16.18,0
6317,2650,2024-03-23,Pro,13,12,2446,10.23,0
6318,2650,2024-03-30,Pro,45,11,1025,18.64,0
6319,2650,2024-04-06,Pro,37,8,3066,4.65,0
6320,2650,2024-06-09,Business,74,8,14019,101.53,1
6321,2650,2024-06-16,Business,54,7,2360,49.53,1
6322,2650,2024-06-23,Business,26,6,6297,48.91,1
6323,2650,2024-06-30,Business,7,7,802,11.95,1
6324,2650,2024-07-07,Business,10,8,2416,59.36,1
6325,2651,2024-12-09,Enterprise,383,190,17746,281.19,0
6326,2651,2024-12-16,Enterprise,315,101,78200,348.6,0
6327,2651,2024-12-23,Enterprise,412,182,46303,267.55,0
6328,2651,2024-12-30,Enterprise,154,69,95587,158.4,0
6329,2662,2023-11-10,Pro,13,3,1404,9.3,1
6330,2662,2023-11-17,Pro,31,4,716,7.5,1
6331,2662,2023-11-24,Pro,16,2,1007,10.68,1
6332,2662,2023-12-01,Pro,3,1,375,2.2,1
6333,2662,2023-12-08,Pro,7,1,887,15.38,1
6334,2668,2024-01-12,Pro,22,15,2687,9.57,0
6335,2668,2024-01-19,Pro,32,13,3632,9.59,0
6336,2668,2024-01-26,Pro,58,13,4144,3.58,0
6337,2668,2024-02-02,Pro,17,10,1647,11.88,0
6338,2668,2024-02-09,Pro,14,5,4332,4.37,0
6339,2668,2024-11-12,Business,77,37,3801,34.63,0
6340,2668,2024-11-19,Business,112,21,19219,59.12,0
6341,2668,2024-11-26,Business,75,17,5816,79.55,0
6342,2668,2024-12-03,Business,112,42,2246,20.53,0
6343,2668,2024-12-10,Business,117,23,11999,22.78,0
6344,2668,2024-12-12,Pro,61,11,2634,7.78,0
6345,2668,2024-12-19,Pro,22,3,3659,9.2,0
6346,2668,2024-12-26,Pro,37,12,3844,10.65,0
6347,2670,2023-08-12,Business,74,17,16252,22.91,0
6348,2670,2023-08-19,Business,58,39,11349,41.36,0
6349,2670,2023-08-26,Business,101,29,5249,92.84,0
6350,2670,2023-09-02,Business,76,29,9859,73.08,1
6351,2670,2023-09-09,Business,57,35,6991,53.03,1
6352,2670,2023-09-12,Pro,28,4,904,15.76,1
6353,2670,2023-09-19,Pro,26,5,2716,17.76,1
6354,2670,2023-09-26,Pro,10,2,385,17.82,1
6355,2670,2023-10-03,Pro,11,3,377,4.13,1
6356,2670,2023-10-10,Pro,8,2,785,15.32,1
6357,2674,2024-05-12,Pro,30,3,3526,6.07,0
6358,2674,2024-05-19,Pro,29,4,3774,3.03,0
6359,2674,2024-05-26,Pro,15,13,4083,4.45,0
6360,2674,2024-06-02,Pro,31,7,5037,6.39,0
6361,2674,2024-06-09,Pro,25,5,688,9.75,0
6362,2674,2024-12-12,Business,138,21,3831,81.58,0
6363,2674,2024-12-19,Business,49,25,8098,16.35,0
6364,2674,2024-12-26,Business,126,11,10249,81.04,0
6365,2676,2024-10-12,Pro,8,8,1745,8.33,1
6366,2676,2024-10-19,Pro,19,2,964,11.49,1
6367,2676,2024-10-26,Pro,15,5,1343,13.04,1
6368,2676,2024-11-02,Pro,3,1,332,10.88,1
6369,2676,2024-11-09,Pro,6,2,222,7.8,1
6370,2683,2023-12-13,Business,76,18,9851,88.61,1
6371,2683,2023-12-20,Business,60,25,6474,85.94,1
6372,2683,2023-12-27,Business,16,10,4237,24.23,1
6373,2683,2024-01-03,Business,17,9,2626,77.06,1
6374,2683,2024-01-10,Business,28,7,2455,13.16,1
6375,2686,2024-05-14,Starter,13,2,582,0.6,1
6376,2686,2024-05-21,Starter,3,1,503,1.86,1
6377,2686,2024-05-28,Starter,4,1,71,2.23,1
6378,2686,2024-06-04,Starter,3,1,158,2.7,1
6379,2686,2024-06-11,Starter,3,1,161,4.01,1
6380,2687,2024-03-14,Starter,6,3,228,2.69,1
6381,2687,2024-03-21,Starter,4,2,551,0.74,1
6382,2687,2024-03-28,Starter,8,1,37,0.65,1
6383,2687,2024-04-04,Starter,1,1,248,0.95,1
6384,2687,2024-04-11,Starter,1,1,94,4.37,1
6385,2692,2024-01-15,Enterprise,249,199,98240,482.95,0
6386,2692,2024-01-22,Enterprise,398,123,44731,414.78,0
6387,2692,2024-01-29,Enterprise,501,138,47824,191.01,0
6388,2692,2024-02-05,Enterprise,529,190,13293,464.6,0
6389,2692,2024-02-12,Enterprise,120,30,10772,200.54,0
6390,2692,2024-06-15,Business,76,17,15051,85.95,0
6391,2692,2024-06-22,Business,34,25,5215,97.38,0
6392,2692,2024-06-29,Business,77,19,4481,33.34,0
6393,2692,2024-07-06,Business,65,13,5691,88.03,0
6394,2692,2024-07-13,Business,30,11,18120,61.39,0
6395,2692,2024-12-15,Pro,17,14,2952,12.69,0
6396,2692,2024-12-22,Pro,37,3,3771,5.32,0
6397,2692,2024-12-29,Pro,38,11,782,3.03,0
6398,2695,2024-12-15,Enterprise,154,151,99155,122.45,0
6399,2695,2024-12-22,Enterprise,227,116,92937,206.78,0
6400,2695,2024-12-29,Enterprise,171,57,82686,277.88,0
6401,2696,2024-03-15,Pro,44,8,3903,3.49,0
6402,2696,2024-03-22,Pro,38,4,3240,7.24,0
6403,2696,2024-03-29,Pro,61,6,2573,17.07,0
6404,2696,2024-04-05,Pro,29,8,3264,16.75,0
6405,2696,2024-04-12,Pro,66,7,2189,11.47,0
6406,2696,2024-05-15,Starter,14,3,1055,1.95,0
6407,2696,2024-05-22,Starter,5,4,358,3.11,0
6408,2696,2024-05-29,Starter,6,2,770,1.39,0
6409,2696,2024-06-05,Starter,22,1,158,4.53,0
6410,2696,2024-06-12,Starter,20,2,709,1.97,0
6411,2696,2024-12-15,Pro,37,5,5164,18.8,0
6412,2696,2024-12-22,Pro,36,4,2998,2.12,0
6413,2696,2024-12-29,Pro,19,8,1755,17.4,0
6414,2702,2023-10-16,Starter,9,2,263,3.45,1
6415,2702,2023-10-23,Starter,8,2,196,2.44,1
6416,2702,2023-10-30,Starter,8,1,337,3.23,1
6417,2702,2023-11-06,Starter,5,1,212,2.13,1
6418,2702,2023-11-13,Starter,2,1,45,0.52,1
6419,2705,2024-11-16,Enterprise,73,29,30383,181.07,0
6420,2705,2024-11-23,Enterprise,334,41,18032,299.61,0
6421,2705,2024-11-30,Enterprise,307,65,16962,383.79,0
6422,2705,2024-12-07,Enterprise,106,61,13839,310.27,0
6423,2705,2024-12-14,Enterprise,188,83,45391,184.61,0
6424,2705,2024-12-16,Business,152,46,9118,66.78,0
6425,2705,2024-12-23,Business,79,34,16880,60.43,0
6426,2705,2024-12-30,Business,78,25,21574,76.37,0
6427,2707,2024-05-16,Business,116,40,11222,42.52,0
6428,2707,2024-05-23,Business,42,30,13766,22.45,0
6429,2707,2024-05-30,Business,113,47,15335,13.11,0
6430,2707,2024-06-06,Business,122,20,5429,13.39,0
6431,2707,2024-06-13,Business,49,13,9356,25.82,0
6432,2707,2024-12-16,Pro,31,7,3738,16.42,0
6433,2707,2024-12-23,Pro,41,14,1241,3.71,0
6434,2707,2024-12-30,Pro,35,5,4634,14.22,0
6435,2709,2024-03-16,Business,53,28,10249,30.37,1
6436,2709,2024-03-23,Business,24,30,2248,18.36,1
6437,2709,2024-03-30,Business,40,16,6301,33.65,1
6438,2709,2024-04-06,Business,17,6,4042,90.31,1
6439,2709,2024-04-13,Business,13,7,2991,36.94,1
6440,2713,2023-09-16,Starter,5,1,561,0.6,0
6441,2713,2023-09-23,Starter,9,2,791,1.34,0
6442,2713,2023-09-30,Starter,11,2,778,2.41,0
6443,2713,2023-10-07,Starter,9,2,289,4.69,0
6444,2713,2023-10-14,Starter,10,2,141,3.78,0
6445,2713,2024-03-16,Pro,22,4,3772,5.76,1
6446,2713,2024-03-23,Pro,5,3,881,14.68,1
6447,2713,2024-03-30,Pro,9,1,1044,16.03,1
6448,2713,2024-04-06,Pro,6,2,940,7.26,1
6449,2713,2024-04-13,Pro,2,2,373,7.04,1
6450,2714,2024-03-17,Enterprise,154,168,60840,408.94,0
6451,2714,2024-03-24,Enterprise,103,124,43157,148.07,0
6452,2714,2024-03-31,Enterprise,324,151,47633,191.77,0
6453,2714,2024-04-07,Enterprise,167,122,43083,137.85,0
6454,2714,2024-04-14,Enterprise,303,170,47443,83.68,0
6455,2714,2024-12-17,Business,58,22,4635,42.91,0
6456,2714,2024-12-24,Business,105,45,9237,72.66,0
6457,2714,2024-12-31,Business,121,41,8507,15.13,0
6458,2716,2023-11-17,Business,71,25,9854,37.32,0
6459,2716,2023-11-24,Business,50,38,15720,26.17,0
6460,2716,2023-12-01,Business,72,25,9261,83.01,0
6461,2716,2023-12-08,Business,142,21,18261,10.95,0
6462,2716,2023-12-15,Business,94,27,5641,73.25,0
6463,2716,2024-03-17,Pro,24,3,2993,15.07,1
6464,2716,2024-03-24,Pro,19,7,2485,11.58,1
6465,2716,2024-03-31,Pro,7,1,460,18.19,1
6466,2716,2024-04-07,Pro,3,1,717,14.11,1
6467,2716,2024-04-14,Pro,7,1,116,11.73,1
6468,2726,2024-02-19,Starter,12,3,338,2.31,0
6469,2726,2024-02-26,Starter,12,5,253,2.89,0
6470,2726,2024-03-04,Starter,5,4,718,3.83,0
6471,2726,2024-03-11,Starter,17,3,565,2.53,0
6472,2726,2024-03-18,Starter,10,3,362,2.18,0
6473,2726,2024-12-19,Pro,56,13,2077,16.78,0
6474,2726,2024-12-26,Pro,54,9,4107,18.23,0
6475,2730,2024-07-19,Pro,32,10,4109,13.71,1
6476,2730,2024-07-26,Pro,19,2,294,4.8,1
6477,2730,2024-08-02,Pro,26,3,1680,12.92,1
6478,2730,2024-08-09,Pro,10,3,488,3.93,1
6479,2730,2024-08-16,Pro,3,1,519,18.19,1
6480,2732,2023-12-19,Pro,61,10,3381,17.75,0
6481,2732,2023-12-26,Pro,23,8,5680,2.39,0
6482,2732,2024-01-02,Pro,16,10,4094,6.11,0
6483,2732,2024-01-09,Pro,26,13,3377,5.67,0
6484,2732,2024-01-16,Pro,38,11,1917,2.6,0
6485,2732,2024-09-19,Business,67,42,12558,78.18,0
6486,2732,2024-09-26,Business,104,15,10117,70.06,0
6487,2732,2024-10-03,Business,60,40,2426,92.88,0
6488,2732,2024-10-10,Business,40,34,18629,98.6,0
6489,2732,2024-10-17,Business,36,15,9235,61.97,0
6490,2732,2024-12-19,Enterprise,175,113,28586,114.97,0
6491,2732,2024-12-26,Enterprise,145,178,82757,394.07,0
6492,2739,2024-09-20,Pro,44,9,869,8.25,1
6493,2739,2024-09-27,Pro,22,4,2864,20.11,1
6494,2739,2024-10-04,Pro,6,2,446,13.02,1
6495,2739,2024-10-11,Pro,8,1,487,15.61,1
6496,2739,2024-10-18,Pro,9,1,282,9.41,1
6497,2741,2024-01-20,Starter,4,2,556,1.58,1
6498,2741,2024-01-27,Starter,2,1,267,3.67,1
6499,2741,2024-02-03,Starter,2,1,358,4.08,1
6500,2741,2024-02-10,Starter,1,1,94,1.28,1
6501,2741,2024-02-17,Starter,2,1,55,3.85,1
6502,2742,2024-12-20,Pro,54,10,1493,17.78,0
6503,2742,2024-12-27,Pro,48,3,4772,2.97,0
6504,2743,2024-12-20,Enterprise,289,124,66767,224.67,0
6505,2743,2024-12-27,Enterprise,398,161,60391,462.03,0
6506,2746,2024-01-21,Starter,7,3,502,3.17,0
6507,2746,2024-01-28,Starter,13,2,647,1.08,0
6508,2746,2024-02-04,Starter,5,2,894,2.47,0
6509,2746,2024-02-11,Starter,13,1,911,4.51,0
6510,2746,2024-02-18,Starter,12,4,523,2.01,0
6511,2746,2024-07-21,Pro,23,6,551,9.96,1
6512,2746,2024-07-28,Pro,8,5,2265,2.29,1
6513,2746,2024-08-04,Pro,13,2,1604,9.66,1
6514,2746,2024-08-11,Pro,7,1,537,11.48,1
6515,2746,2024-08-18,Pro,4,1,283,13.48,1
6516,2753,2023-11-21,Starter,18,4,242,0.69,0
6517,2753,2023-11-28,Starter,11,1,553,1.52,0
6518,2753,2023-12-05,Starter,7,4,299,1.56,0
6519,2753,2023-12-12,Starter,15,3,721,2.2,0
6520,2753,2023-12-19,Starter,20,4,273,4.04,0
6521,2753,2024-04-21,Pro,11,8,2091,8.51,1
6522,2753,2024-04-28,Pro,14,6,1010,9.2,1
6523,2753,2024-05-05,Pro,13,4,1609,13.45,1
6524,2753,2024-05-12,Pro,3,2,1054,4.52,1
6525,2753,2024-05-19,Pro,5,1,506,7.64,1
6526,2754,2024-01-21,Enterprise,186,131,48741,483.8,0
6527,2754,2024-01-28,Enterprise,166,38,92926,411.34,0
6528,2754,2024-02-04,Enterprise,209,108,56908,80.33,0
6529,2754,2024-02-11,Enterprise,328,30,63419,295.24,0
6530,2754,2024-02-18,Enterprise,101,159,56006,450.44,0
6531,2754,2024-03-21,Business,119,18,12014,34.43,1
6532,2754,2024-03-28,Business,31,17,12043,90.67,1
6533,2754,2024-04-04,Business,50,15,1471,63.06,1
6534,2754,2024-04-11,Business,16,2,4619,58.45,1
6535,2754,2024-04-18,Business,24,5,3526,55.26,1
6536,2758,2023-08-22,Starter,7,1,155,3.41,0
6537,2758,2023-08-29,Starter,21,4,909,0.62,0
6538,2758,2023-09-05,Starter,11,4,465,4.55,0
6539,2758,2023-09-12,Starter,14,3,154,1.96,0
6540,2758,2023-09-19,Starter,8,2,210,1.94,0
6541,2758,2023-12-22,Starter,22,2,710,2.46,0
6542,2758,2023-12-29,Starter,13,1,929,1.4,0
6543,2758,2024-01-05,Starter,11,3,967,3.45,0
6544,2758,2024-01-12,Starter,17,3,361,4.02,0
6545,2758,2024-01-19,Starter,22,2,475,4.81,0
6546,2758,2024-01-26,Starter,11,3,250,1.12,0
6547,2758,2024-02-02,Starter,7,1,139,3.68,0
6548,2758,2024-02-09,Starter,14,4,540,4.24,0
6549,2758,2024-02-16,Starter,12,1,902,5.0,0
6550,2758,2024-02-23,Starter,21,1,383,2.87,0
6551,2758,2024-03-01,Starter,18,3,651,1.61,0
6552,2758,2024-03-08,Starter,15,1,664,2.26,0
6553,2758,2024-03-15,Starter,6,4,531,3.15,0
6554,2758,2024-03-22,Starter,7,2,939,2.59,0
6555,2758,2024-03-29,Starter,18,3,548,2.5,0
6556,2758,2024-04-05,Starter,18,4,145,2.67,0
6557,2758,2024-04-12,Starter,7,3,834,3.64,0
6558,2758,2024-04-19,Starter,8,4,563,1.72,0
6559,2758,2024-04-26,Starter,9,3,998,4.14,0
6560,2758,2024-05-03,Starter,11,1,364,1.97,0
6561,2758,2024-05-10,Starter,17,2,471,3.63,0
6562,2758,2024-05-17,Starter,10,2,511,1.97,0
6563,2758,2024-05-24,Starter,10,4,730,2.29,0
6564,2758,2024-05-31,Starter,19,5,272,3.72,0
6565,2758,2024-06-07,Starter,22,4,430,4.86,0
6566,2758,2024-06-14,Starter,6,3,681,1.34,0
6567,2758,2024-06-21,Starter,18,1,683,3.57,0
6568,2758,2024-06-28,Starter,6,4,932,5.08,0
6569,2758,2024-07-05,Starter,19,4,561,4.28,0
6570,2758,2024-07-12,Starter,8,1,694,2.65,0
6571,2758,2024-07-19,Starter,8,2,419,1.15,0
6572,2758,2024-07-26,Starter,15,3,514,2.76,0
6573,2758,2024-08-02,Starter,8,4,824,5.15,0
6574,2758,2024-08-09,Starter,13,3,389,3.38,0
6575,2758,2024-08-16,Starter,9,3,543,3.99,0
6576,2758,2024-08-23,Starter,6,3,938,4.39,0
6577,2758,2024-08-30,Starter,19,3,389,2.46,0
6578,2758,2024-09-06,Starter,4,2,310,2.88,0
6579,2758,2024-09-13,Starter,13,3,698,0.49,0
6580,2758,2024-09-20,Starter,7,1,583,1.85,0
6581,2758,2024-09-27,Starter,9,3,481,4.32,0
6582,2758,2024-10-04,Starter,11,3,949,3.86,0
6583,2758,2024-10-11,Starter,18,4,664,2.01,0
6584,2758,2024-10-18,Starter,10,2,897,1.35,0
6585,2758,2024-10-25,Starter,14,1,834,4.07,0
6586,2758,2024-11-01,Starter,9,1,699,4.34,0
6587,2758,2024-11-08,Starter,5,3,1015,2.05,0
6588,2758,2024-11-15,Starter,10,4,430,2.13,0
6589,2758,2024-11-22,Starter,5,4,552,3.78,0
6590,2758,2024-11-29,Starter,10,1,217,3.88,0
6591,2758,2024-12-06,Starter,14,3,378,4.05,0
6592,2758,2024-12-13,Starter,8,3,1076,2.48,0
6593,2758,2024-12-20,Starter,16,3,650,3.84,0
6594,2758,2024-12-27,Starter,15,2,568,1.96,0
6595,2761,2024-12-22,Enterprise,95,136,47140,222.13,0
6596,2761,2024-12-29,Enterprise,287,44,63437,367.28,0
6597,2764,2024-06-22,Starter,8,1,347,1.31,1
6598,2764,2024-06-29,Starter,3,1,255,4.6,1
6599,2764,2024-07-06,Starter,1,1,155,4.51,1
6600,2764,2024-07-13,Starter,2,1,196,3.95,1
6601,2764,2024-07-20,Starter,1,1,202,4.5,1
6602,2766,2024-06-22,Starter,7,3,530,4.62,1
6603,2766,2024-06-29,Starter,6,2,231,1.16,1
6604,2766,2024-07-06,Starter,3,1,131,3.45,1
6605,2766,2024-07-13,Starter,1,1,103,5.0,1
6606,2766,2024-07-20,Starter,2,1,80,4.14,1
6607,2768,2023-12-22,Starter,10,2,699,2.5,1
6608,2768,2023-12-29,Starter,7,1,459,2.08,1
6609,2768,2024-01-05,Starter,3,1,143,2.68,1
6610,2768,2024-01-12,Starter,3,1,228,2.99,1
6611,2768,2024-01-19,Starter,1,1,171,4.39,1
6612,2775,2023-10-23,Enterprise,545,68,51831,310.59,0
6613,2775,2023-10-30,Enterprise,384,169,36710,232.28,0
6614,2775,2023-11-06,Enterprise,92,64,79713,267.53,0
6615,2775,2023-11-13,Enterprise,158,43,26546,430.08,0
6616,2775,2023-11-20,Enterprise,311,119,14486,212.35,0
6617,2775,2024-12-23,Business,108,43,3759,79.46,0
6618,2775,2024-12-30,Business,114,50,20621,76.46,0
6619,2781,2024-11-24,Business,55,37,3929,81.85,0
6620,2781,2024-12-01,Business,65,38,2999,95.4,0
6621,2781,2024-12-08,Business,82,24,12780,10.98,0
6622,2781,2024-12-15,Business,54,45,20737,22.27,0
6623,2781,2024-12-22,Business,82,39,16348,23.4,0
6624,2781,2024-12-24,Enterprise,213,180,51812,323.64,0
6625,2781,2024-12-31,Enterprise,428,184,21743,312.42,0
6626,2782,2024-04-24,Starter,8,2,69,0.86,1
6627,2782,2024-05-01,Starter,4,1,490,4.79,1
6628,2782,2024-05-08,Starter,5,1,161,2.26,1
6629,2782,2024-05-15,Starter,1,1,123,4.66,1
6630,2782,2024-05-22,Starter,1,1,104,2.27,1
6631,2785,2023-08-24,Pro,14,6,3518,20.17,0
6632,2785,2023-08-31,Pro,40,8,2486,4.6,0
6633,2785,2023-09-07,Pro,16,11,2350,16.02,0
6634,2785,2023-09-14,Pro,54,7,3414,12.64,0
6635,2785,2023-09-21,Pro,24,13,3094,19.36,0
6636,2785,2023-12-24,Business,64,49,5597,92.89,0
6637,2785,2023-12-31,Business,41,42,2134,61.53,0
6638,2785,2024-01-07,Business,38,38,10554,41.59,0
6639,2785,2024-01-14,Business,46,44,8403,90.72,0
6640,2785,2024-01-21,Business,54,28,13746,44.28,0
6641,2785,2024-12-24,Enterprise,119,70,26135,384.79,0
6642,2785,2024-12-31,Enterprise,346,49,12069,240.53,0
6643,2789,2024-01-25,Starter,9,3,151,5.12,1
6644,2789,2024-02-01,Starter,10,2,134,3.15,1
6645,2789,2024-02-08,Starter,6,1,75,3.46,1
6646,2789,2024-02-15,Starter,3,1,140,2.29,1
6647,2789,2024-02-22,Starter,2,1,57,4.64,1
6648,2790,2024-12-25,Business,38,48,5763,74.94,0
6649,2791,2024-07-25,Starter,14,4,177,4.12,0
6650,2791,2024-08-01,Starter,16,2,566,4.95,0
6651,2791,2024-08-08,Starter,8,2,815,3.25,0
6652,2791,2024-08-15,Starter,21,4,247,3.7,0
6653,2791,2024-08-22,Starter,17,3,142,3.82,0
6654,2791,2024-12-25,Pro,40,12,3919,18.16,0
6655,2793,2024-12-25,Business,134,41,3000,21.12,0
6656,2795,2024-06-26,Business,50,16,18955,16.52,0
6657,2795,2024-07-03,Business,83,10,17548,79.16,0
6658,2795,2024-07-10,Business,137,34,17544,66.43,0
6659,2795,2024-07-17,Business,44,37,8034,77.33,0
6660,2795,2024-07-24,Business,81,17,10225,60.17,0
6661,2795,2024-09-26,Pro,37,8,1770,13.87,1
6662,2795,2024-10-03,Pro,24,6,937,12.1,1
6663,2795,2024-10-10,Pro,22,1,1705,13.63,1
6664,2795,2024-10-17,Pro,8,1,975,10.06,1
6665,2795,2024-10-24,Pro,7,2,668,17.91,1
6666,2796,2024-12-26,Enterprise,427,136,30714,180.77,0
6667,2801,2024-05-26,Starter,5,1,131,3.48,1
6668,2801,2024-06-02,Starter,4,2,503,2.7,1
6669,2801,2024-06-09,Starter,2,1,119,3.57,1
6670,2801,2024-06-16,Starter,1,1,131,3.53,1
6671,2801,2024-06-23,Starter,0,1,62,1.49,1
6672,2813,2024-12-27,Business,35,11,10658,81.7,0
6673,2820,2023-10-28,Starter,8,1,630,4.68,1
6674,2820,2023-11-04,Starter,2,2,548,2.11,1
6675,2820,2023-11-11,Starter,4,1,370,0.73,1
6676,2820,2023-11-18,Starter,2,1,145,2.98,1
6677,2820,2023-11-25,Starter,2,1,136,0.98,1
6678,2821,2024-12-28,Enterprise,191,156,16628,95.09,0
6679,2822,2024-04-28,Starter,10,4,125,1.67,0
6680,2822,2024-05-05,Starter,8,4,836,2.83,0
6681,2822,2024-05-12,Starter,11,4,612,1.87,0
6682,2822,2024-05-19,Starter,10,1,520,1.89,0
6683,2822,2024-05-26,Starter,6,3,362,1.59,0
6684,2822,2024-12-28,Pro,24,9,2400,19.63,0
6685,2823,2024-01-29,Pro,27,3,2014,11.25,1
6686,2823,2024-02-05,Pro,25,3,2517,14.26,1
6687,2823,2024-02-12,Pro,21,3,1310,16.72,1
6688,2823,2024-02-19,Pro,6,1,1208,5.08,1
6689,2823,2024-02-26,Pro,13,2,814,9.42,1
6690,2824,2024-03-29,Starter,12,3,311,3.31,1
6691,2824,2024-04-05,Starter,5,2,491,0.65,1
6692,2824,2024-04-12,Starter,5,1,66,1.6,1
6693,2824,2024-04-19,Starter,2,1,75,3.06,1
6694,2824,2024-04-26,Starter,3,1,57,2.15,1
6695,2828,2024-02-29,Pro,12,5,2746,1.95,1
6696,2828,2024-03-07,Pro,23,5,1172,16.48,1
6697,2828,2024-03-14,Pro,9,3,1182,13.25,1
6698,2828,2024-03-21,Pro,4,1,971,5.49,1
6699,2828,2024-03-28,Pro,9,2,214,8.76,1
6700,2840,2023-10-30,Business,54,18,11698,47.4,0
6701,2840,2023-11-06,Business,83,37,18362,48.34,0
6702,2840,2023-11-13,Business,102,38,13078,88.32,0
6703,2840,2023-11-20,Business,56,13,14605,97.27,0
6704,2840,2023-11-27,Business,137,28,15057,40.75,0
6705,2840,2024-12-29,Enterprise,184,156,85262,216.77,0
6706,2841,2024-12-29,Business,60,18,13996,18.49,0
6707,2842,2024-06-29,Pro,12,14,3251,9.89,0
6708,2842,2024-07-06,Pro,21,3,2903,14.41,0
6709,2842,2024-07-13,Pro,27,12,2304,17.58,0
6710,2842,2024-07-20,Pro,31,13,2718,13.93,0
6711,2842,2024-07-27,Pro,18,6,1265,19.85,0
6712,2842,2024-12-29,Business,56,27,16607,31.92,0
6713,2849,2024-12-01,Enterprise,211,51,50190,422.91,0
6714,2849,2024-12-08,Enterprise,237,139,40007,329.16,0
6715,2849,2024-12-15,Enterprise,174,164,79540,287.11,0
6716,2849,2024-12-22,Enterprise,76,169,85187,282.19,0
6717,2849,2024-12-29,Enterprise,241,132,69273,292.7,0
6718,2851,2024-08-01,Starter,6,1,102,4.02,1
6719,2851,2024-08-08,Starter,9,1,188,1.17,1
6720,2851,2024-08-15,Starter,4,1,48,3.18,1
6721,2851,2024-08-22,Starter,1,1,103,2.53,1
6722,2851,2024-08-29,Starter,3,1,127,0.85,1
6723,2854,2024-03-01,Starter,6,2,326,1.97,1
6724,2854,2024-03-08,Starter,5,1,247,3.84,1
6725,2854,2024-03-15,Starter,8,1,183,1.93,1
6726,2854,2024-03-22,Starter,1,1,87,4.33,1
6727,2854,2024-03-29,Starter,1,1,23,0.54,1
6728,2856,2023-10-02,Pro,35,3,548,14.63,1
6729,2856,2023-10-09,Pro,15,3,1023,11.07,1
6730,2856,2023-10-16,Pro,13,4,1288,4.95,1
6731,2856,2023-10-23,Pro,6,1,880,7.82,1
6732,2856,2023-10-30,Pro,10,1,313,4.22,1
6733,2858,2023-09-02,Pro,19,8,861,19.3,1
6734,2858,2023-09-09,Pro,23,5,1297,8.52,1
6735,2858,2023-09-16,Pro,14,4,964,13.07,1
6736,2858,2023-09-23,Pro,6,2,314,5.16,1
6737,2858,2023-09-30,Pro,6,1,413,2.61,1
6738,2859,2024-12-02,Business,92,47,12993,71.85,0
6739,2859,2024-12-09,Business,93,46,13126,100.19,0
6740,2859,2024-12-16,Business,61,46,11431,17.77,0
6741,2859,2024-12-23,Business,59,35,5607,18.33,0
6742,2859,2024-12-30,Business,81,40,15869,74.88,0
6743,2860,2024-12-02,Pro,46,12,2883,15.55,0
6744,2860,2024-12-09,Pro,15,16,2164,17.7,0
6745,2860,2024-12-16,Pro,51,4,1588,15.31,0
6746,2860,2024-12-23,Pro,14,13,906,4.7,0
6747,2860,2024-12-30,Pro,56,5,3019,5.07,0
6748,2863,2024-12-02,Business,97,11,10468,22.76,0
6749,2863,2024-12-09,Business,48,35,15819,64.69,0
6750,2863,2024-12-16,Business,68,15,8400,58.05,0
6751,2863,2024-12-23,Business,79,32,7673,57.46,0
6752,2863,2024-12-30,Business,77,15,14671,90.33,0
6753,2864,2024-02-02,Starter,5,3,604,1.36,1
6754,2864,2024-02-09,Starter,11,1,417,2.94,1
6755,2864,2024-02-16,Starter,2,1,185,3.46,1
6756,2864,2024-02-23,Starter,3,1,164,4.31,1
6757,2864,2024-03-01,Starter,3,1,88,4.88,1
6758,2866,2024-12-03,Pro,39,11,2535,2.34,0
6759,2866,2024-12-10,Pro,49,9,4746,13.79,0
6760,2866,2024-12-17,Pro,24,11,1398,6.07,0
6761,2866,2024-12-24,Pro,35,11,2892,5.99,0
6762,2866,2024-12-31,Pro,17,4,656,17.95,0
6763,2872,2023-10-03,Enterprise,165,72,87461,100.79,0
6764,2872,2023-10-10,Enterprise,472,147,89750,389.83,0
6765,2872,2023-10-17,Enterprise,264,192,24506,187.56,0
6766,2872,2023-10-24,Enterprise,183,65,88842,178.07,0
6767,2872,2023-10-31,Enterprise,470,32,57434,108.67,0
6768,2872,2024-12-03,Business,93,22,19202,16.01,0
6769,2872,2024-12-10,Business,83,21,7947,72.59,0
6770,2872,2024-12-17,Business,66,34,14155,35.52,0
6771,2872,2024-12-24,Business,93,35,2855,60.37,0
6772,2872,2024-12-31,Business,89,11,15463,88.86,0
6773,2876,2024-03-04,Business,61,10,14478,45.6,0
6774,2876,2024-03-11,Business,125,29,15414,80.36,0
6775,2876,2024-03-18,Business,57,36,19270,19.54,0
6776,2876,2024-03-25,Business,103,10,7817,64.02,0
6777,2876,2024-04-01,Business,134,24,18710,39.88,0
6778,2876,2024-06-04,Enterprise,353,132,23862,295.51,0
6779,2876,2024-06-11,Enterprise,225,101,84899,99.9,0
6780,2876,2024-06-18,Enterprise,305,163,21094,313.79,0
6781,2876,2024-06-25,Enterprise,301,75,9648,189.41,0
6782,2876,2024-07-02,Enterprise,215,181,109310,492.6,0
6783,2876,2024-12-04,Business,128,44,19917,49.19,0
6784,2876,2024-12-11,Business,147,26,14427,93.74,0
6785,2876,2024-12-18,Business,107,12,11271,34.0,0
6786,2876,2024-12-25,Business,144,29,3757,79.34,0
6787,2880,2024-01-04,Business,46,37,2774,18.67,0
6788,2880,2024-01-11,Business,57,21,13967,49.34,0
6789,2880,2024-01-18,Business,84,24,13373,74.75,0
6790,2880,2024-01-25,Business,149,42,18868,51.56,0
6791,2880,2024-02-01,Business,139,16,7912,27.93,0
6792,2880,2024-09-04,Enterprise,243,39,85817,157.6,0
6793,2880,2024-09-11,Enterprise,251,44,82626,50.9,0
6794,2880,2024-09-18,Enterprise,400,73,45846,362.58,0
6795,2880,2024-09-25,Enterprise,224,161,21244,345.62,1
6796,2880,2024-10-02,Enterprise,231,130,8642,363.42,1
6797,2880,2024-10-04,Business,61,24,7256,73.77,1
6798,2880,2024-10-11,Business,48,6,7536,85.93,1
6799,2880,2024-10-18,Business,37,10,5673,26.73,1
6800,2880,2024-10-25,Business,16,6,2172,81.21,1
6801,2880,2024-11-01,Business,18,5,3792,39.81,1
6802,2883,2023-09-05,Starter,16,2,848,1.86,0
6803,2883,2023-09-12,Starter,11,2,648,4.21,0
6804,2883,2023-09-19,Starter,15,3,148,0.5,0
6805,2883,2023-09-26,Starter,20,4,426,4.92,0
6806,2883,2023-10-03,Starter,11,1,993,3.82,0
6807,2883,2024-10-05,Pro,8,7,1755,19.92,1
6808,2883,2024-10-12,Pro,17,2,1408,4.47,1
6809,2883,2024-10-19,Pro,13,5,1754,16.73,1
6810,2883,2024-10-26,Pro,5,2,489,7.7,1
6811,2883,2024-11-02,Pro,2,1,941,8.68,1
6812,2889,2024-04-05,Starter,12,2,396,3.78,1
6813,2889,2024-04-12,Starter,7,1,68,4.46,1
6814,2889,2024-04-19,Starter,8,1,206,2.86,1
6815,2889,2024-04-26,Starter,2,1,182,3.41,1
6816,2889,2024-05-03,Starter,1,1,97,4.97,1
6817,2894,2024-07-06,Pro,12,2,1491,2.54,1
6818,2894,2024-07-13,Pro,18,8,950,11.83,1
6819,2894,2024-07-20,Pro,8,1,1296,2.37,1
6820,2894,2024-07-27,Pro,6,3,943,14.0,1
6821,2894,2024-08-03,Pro,4,1,991,5.03,1
6822,2897,2024-12-07,Business,99,39,11172,46.3,0
6823,2897,2024-12-14,Business,47,37,3435,36.23,0
6824,2897,2024-12-21,Business,55,22,7485,82.77,0
6825,2897,2024-12-28,Business,112,10,14951,43.63,0
6826,2902,2024-02-07,Starter,7,2,171,1.34,1
6827,2902,2024-02-14,Starter,4,2,332,0.65,1
6828,2902,2024-02-21,Starter,7,1,260,2.55,1
6829,2902,2024-02-28,Starter,3,1,116,1.71,1
6830,2902,2024-03-06,Starter,4,1,58,3.66,1
6831,2903,2024-03-07,Pro,38,7,3574,20.03,0
6832,2903,2024-03-14,Pro,50,3,2453,12.27,0
6833,2903,2024-03-21,Pro,40,11,2280,5.23,0
6834,2903,2024-03-28,Pro,50,14,1488,9.06,0
6835,2903,2024-04-04,Pro,31,4,2717,11.61,0
6836,2903,2024-12-07,Business,84,26,18589,64.66,0
6837,2903,2024-12-14,Business,38,35,19255,54.09,0
6838,2903,2024-12-21,Business,29,32,21846,19.82,0
6839,2903,2024-12-28,Business,75,51,6689,56.28,0
6840,2906,2023-12-08,Pro,17,4,3146,2.53,1
6841,2906,2023-12-15,Pro,29,2,1044,6.82,1
6842,2906,2023-12-22,Pro,8,5,349,12.29,1
6843,2906,2023-12-29,Pro,4,1,327,10.0,1
6844,2906,2024-01-05,Pro,9,2,484,15.11,1
6845,2908,2024-04-08,Starter,4,1,428,4.27,1
6846,2908,2024-04-15,Starter,5,1,495,2.74,1
6847,2908,2024-04-22,Starter,4,1,319,4.54,1
6848,2908,2024-04-29,Starter,1,1,194,2.72,1
6849,2908,2024-05-06,Starter,1,1,136,0.61,1
6850,2909,2024-12-08,Enterprise,158,115,38049,71.77,0
6851,2909,2024-12-15,Enterprise,335,149,26297,493.02,0
6852,2909,2024-12-22,Enterprise,255,45,11139,258.03,0
6853,2909,2024-12-29,Enterprise,71,102,58722,218.65,0
6854,2911,2024-02-08,Business,104,24,6477,65.21,0
6855,2911,2024-02-15,Business,65,20,5103,33.99,0
6856,2911,2024-02-22,Business,114,14,7417,72.85,0
6857,2911,2024-02-29,Business,103,22,7510,52.87,0
6858,2911,2024-03-07,Business,129,17,7213,38.17,0
6859,2911,2024-12-08,Enterprise,223,51,72819,94.75,0
6860,2911,2024-12-15,Enterprise,228,128,64932,112.92,0
6861,2911,2024-12-22,Enterprise,180,75,22133,443.07,0
6862,2911,2024-12-29,Enterprise,270,136,10099,291.71,0
6863,2916,2024-12-08,Business,83,22,1938,27.15,0
6864,2916,2024-12-15,Business,48,24,14716,33.41,0
6865,2916,2024-12-22,Business,110,37,15277,12.06,0
6866,2916,2024-12-29,Business,72,16,15109,59.17,0
6867,2926,2024-12-09,Starter,14,3,426,2.98,0
6868,2926,2024-12-16,Starter,7,4,399,2.21,0
6869,2926,2024-12-23,Starter,16,3,134,0.98,0
6870,2926,2024-12-30,Starter,11,1,1034,0.89,0
6871,2929,2024-12-09,Starter,21,2,205,3.08,0
6872,2929,2024-12-16,Starter,12,1,518,2.72,0
6873,2929,2024-12-23,Starter,14,3,475,5.05,0
6874,2929,2024-12-30,Starter,7,4,300,3.1,0
6875,2933,2024-11-10,Business,48,24,13711,70.84,1
6876,2933,2024-11-17,Business,28,7,5907,13.81,1
6877,2933,2024-11-24,Business,13,12,5511,41.02,1
6878,2933,2024-12-01,Business,16,4,3958,19.17,1
6879,2933,2024-12-08,Business,12,7,3140,60.77,1
6880,2942,2023-10-11,Enterprise,154,98,63765,75.96,1
6881,2942,2023-10-18,Enterprise,162,33,58845,250.43,1
6882,2942,2023-10-25,Enterprise,110,70,23464,339.87,1
6883,2942,2023-11-01,Enterprise,59,26,7730,284.65,1
6884,2942,2023-11-08,Enterprise,56,22,2245,509.94,1
6885,2943,2024-03-11,Business,134,13,18708,21.58,0
6886,2943,2024-03-18,Business,144,41,5626,69.91,0
6887,2943,2024-03-25,Business,80,40,5707,80.2,0
6888,2943,2024-04-01,Business,88,19,13419,98.29,0
6889,2943,2024-04-08,Business,103,33,3138,27.21,0
6890,2943,2024-12-11,Enterprise,180,123,50245,371.49,0
6891,2943,2024-12-18,Enterprise,459,111,46467,478.12,0
6892,2943,2024-12-25,Enterprise,197,156,71672,157.67,0
6893,2949,2024-12-11,Business,116,23,10706,34.76,0
6894,2949,2024-12-18,Business,121,34,5537,34.63,0
6895,2949,2024-12-25,Business,39,43,6605,20.91,0
6896,2955,2024-12-12,Business,53,36,5101,99.07,0
6897,2955,2024-12-19,Business,127,47,13373,18.07,0
6898,2955,2024-12-26,Business,103,26,6330,35.52,0
6899,2957,2024-12-12,Enterprise,242,44,58364,442.61,0
6900,2957,2024-12-19,Enterprise,184,152,31621,188.27,0
6901,2957,2024-12-26,Enterprise,497,73,31065,168.75,0
6902,2960,2024-12-12,Business,97,12,4230,69.29,0
6903,2960,2024-12-19,Business,104,26,20086,27.41,0
6904,2960,2024-12-26,Business,128,41,11926,94.48,0
6905,2962,2024-06-12,Pro,27,14,3307,11.79,0
6906,2962,2024-06-19,Pro,21,4,3747,2.68,0
6907,2962,2024-06-26,Pro,29,6,5390,6.65,0
6908,2962,2024-07-03,Pro,53,3,2072,15.78,0
6909,2962,2024-07-10,Pro,47,9,2626,6.19,0
6910,2962,2024-10-12,Starter,7,3,960,2.8,0
6911,2962,2024-10-19,Starter,9,4,420,2.31,0
6912,2962,2024-10-26,Starter,6,4,755,2.55,0
6913,2962,2024-11-02,Starter,11,2,280,4.28,0
6914,2962,2024-11-09,Starter,8,3,552,1.64,0
6915,2962,2024-12-12,Pro,63,9,5078,17.88,0
6916,2962,2024-12-19,Pro,53,3,2348,15.8,0
6917,2962,2024-12-26,Pro,55,13,2494,7.62,0
6918,2964,2024-12-13,Enterprise,211,70,103184,426.66,0
6919,2964,2024-12-20,Enterprise,449,160,32891,229.25,0
6920,2964,2024-12-27,Enterprise,352,147,73694,189.58,0
6921,2966,2023-10-13,Pro,48,8,4097,4.07,0
6922,2966,2023-10-20,Pro,25,5,1999,5.96,0
6923,2966,2023-10-27,Pro,45,11,786,17.92,0
6924,2966,2023-11-03,Pro,32,10,3908,17.85,1
6925,2966,2023-11-10,Pro,49,7,3761,3.54,1
6926,2966,2023-11-13,Starter,6,1,293,1.71,1
6927,2966,2023-11-20,Starter,6,1,205,1.7,1
6928,2966,2023-11-27,Starter,6,1,300,1.92,1
6929,2966,2023-12-04,Starter,1,1,57,0.95,1
6930,2966,2023-12-11,Starter,3,1,62,1.6,1
6931,2970,2023-09-14,Starter,7,2,103,3.51,1
6932,2970,2023-09-21,Starter,8,1,534,0.91,1
6933,2970,2023-09-28,Starter,1,1,151,3.39,1
6934,2970,2023-10-05,Starter,3,1,145,3.25,1
6935,2970,2023-10-12,Starter,1,1,99,2.13,1
6936,2975,2023-09-14,Starter,14,1,337,1.5,1
6937,2975,2023-09-21,Starter,6,1,380,0.63,1
6938,2975,2023-09-28,Starter,1,1,123,2.61,1
6939,2975,2023-10-05,Starter,2,1,39,4.05,1
6940,2975,2023-10-12,Starter,1,1,120,0.87,1
6941,2977,2024-08-15,Pro,14,6,1005,3.51,1
6942,2977,2024-08-22,Pro,13,8,366,8.64,1
6943,2977,2024-08-29,Pro,19,3,915,2.2,1
6944,2977,2024-09-05,Pro,8,2,842,19.77,1
6945,2977,2024-09-12,Pro,14,1,629,11.65,1
6946,2978,2024-01-15,Starter,11,1,324,0.96,1
6947,2978,2024-01-22,Starter,7,1,613,3.67,1
6948,2978,2024-01-29,Starter,3,1,276,4.22,1
6949,2978,2024-02-05,Starter,3,1,64,0.88,1
6950,2978,2024-02-12,Starter,1,1,71,4.51,1
6951,2983,2023-11-15,Starter,3,1,593,3.18,1
6952,2983,2023-11-22,Starter,8,2,126,3.88,1
6953,2983,2023-11-29,Starter,3,1,306,0.51,1
6954,2983,2023-12-06,Starter,3,1,62,0.65,1
6955,2983,2023-12-13,Starter,2,1,143,2.6,1
6956,2988,2023-11-16,Pro,27,9,2514,4.08,0
6957,2988,2023-11-23,Pro,61,3,1062,10.17,0
6958,2988,2023-11-30,Pro,23,15,505,18.09,0
6959,2988,2023-12-07,Pro,42,7,5217,3.0,0
6960,2988,2023-12-14,Pro,43,9,3844,12.95,0
6961,2988,2024-12-16,Business,72,32,9698,26.37,0
6962,2988,2024-12-23,Business,80,44,10863,65.72,0
6963,2988,2024-12-30,Business,70,14,5623,82.22,0
6964,2990,2024-05-17,Starter,15,3,297,4.35,1
6965,2990,2024-05-24,Starter,4,2,348,5.23,1
6966,2990,2024-05-31,Starter,6,1,301,4.38,1
6967,2990,2024-06-07,Starter,4,1,85,0.96,1
6968,2990,2024-06-14,Starter,0,1,217,0.87,1
6969,2993,2023-10-17,Pro,43,4,382,17.24,1
6970,2993,2023-10-24,Pro,32,5,2472,3.75,1
6971,2993,2023-10-31,Pro,11,5,565,3.88,1
6972,2993,2023-11-07,Pro,10,2,294,10.4,1
6973,2993,2023-11-14,Pro,6,1,489,19.48,1
6974,2994,2023-09-17,Enterprise,88,43,13982,127.31,1
6975,2994,2023-09-24,Enterprise,159,64,18635,298.11,1
6976,2994,2023-10-01,Enterprise,109,52,12979,228.66,1
6977,2994,2023-10-08,Enterprise,22,30,3591,58.6,1
6978,2994,2023-10-15,Enterprise,25,42,17645,113.62,1
6979,3005,2024-09-19,Starter,11,2,285,3.3,1
6980,3005,2024-09-26,Starter,10,2,140,2.73,1
6981,3005,2024-10-03,Starter,6,1,323,2.74,1
6982,3005,2024-10-10,Starter,4,1,23,4.21,1
6983,3005,2024-10-17,Starter,1,1,187,0.93,1
6984,3007,2024-12-19,Enterprise,462,173,22113,126.14,0
6985,3007,2024-12-26,Enterprise,145,94,60485,496.06,0
6986,3008,2024-12-19,Starter,12,1,757,1.17,0
6987,3008,2024-12-26,Starter,20,3,260,4.15,0
6988,3010,2024-07-19,Enterprise,313,128,55781,254.77,0
6989,3010,2024-07-26,Enterprise,476,141,97946,381.44,0
6990,3010,2024-08-02,Enterprise,126,83,64009,178.62,0
6991,3010,2024-08-09,Enterprise,385,191,89168,248.98,0
6992,3010,2024-08-16,Enterprise,327,75,50606,132.28,0
6993,3010,2024-12-19,Business,94,41,11236,36.25,0
6994,3010,2024-12-26,Business,84,23,2718,54.92,0
6995,3011,2024-08-19,Enterprise,109,143,65226,236.75,1
6996,3011,2024-08-26,Enterprise,56,88,61638,192.09,1
6997,3011,2024-09-02,Enterprise,177,30,31147,471.54,1
6998,3011,2024-09-09,Enterprise,70,13,6223,447.81,1
6999,3011,2024-09-16,Enterprise,76,15,2771,229.19,1
7000,3014,2023-12-20,Business,76,23,14511,47.08,0
7001,3014,2023-12-27,Business,110,10,9247,76.82,0
7002,3014,2024-01-03,Business,98,47,16929,78.67,0
7003,3014,2024-01-10,Business,152,26,8005,49.68,0
7004,3014,2024-01-17,Business,107,34,3833,89.16,0
7005,3014,2024-04-20,Enterprise,104,88,35251,86.91,0
7006,3014,2024-04-27,Enterprise,152,170,43618,423.27,0
7007,3014,2024-05-04,Enterprise,183,66,81342,125.12,0
7008,3014,2024-05-11,Enterprise,296,93,92165,478.73,0
7009,3014,2024-05-18,Enterprise,98,60,76114,424.22,0
7010,3014,2024-12-20,Business,59,25,6770,83.15,0
7011,3014,2024-12-27,Business,141,32,16887,63.39,0
7012,3015,2024-01-20,Enterprise,263,38,83206,104.78,0
7013,3015,2024-01-27,Enterprise,120,179,22773,364.47,0
7014,3015,2024-02-03,Enterprise,291,176,85266,468.91,0
7015,3015,2024-02-10,Enterprise,226,127,79352,107.96,0
7016,3015,2024-02-17,Enterprise,108,139,106591,308.87,0
7017,3015,2024-03-20,Business,135,45,9346,25.01,0
7018,3015,2024-03-27,Business,90,11,8072,56.84,0
7019,3015,2024-04-03,Business,146,26,8104,56.71,0
7020,3015,2024-04-10,Business,109,31,12027,93.12,0
7021,3015,2024-04-17,Business,159,21,7023,90.86,0
7022,3015,2024-07-20,Business,34,9,16616,51.95,0
7023,3015,2024-07-27,Business,34,24,19492,28.4,0
7024,3015,2024-08-03,Business,31,27,7673,12.16,0
7025,3015,2024-08-10,Business,39,33,10951,70.84,0
7026,3015,2024-08-17,Business,86,11,3361,50.33,0
7027,3015,2024-08-24,Business,63,28,13932,30.36,0
7028,3015,2024-08-31,Business,94,43,9498,52.62,0
7029,3015,2024-09-07,Business,92,43,9916,57.85,0
7030,3015,2024-09-14,Business,41,19,3646,41.17,0
7031,3015,2024-09-21,Business,70,17,21165,30.0,0
7032,3015,2024-09-28,Business,82,29,17438,51.79,0
7033,3015,2024-10-05,Business,51,37,20755,35.73,0
7034,3015,2024-10-12,Business,38,32,21931,91.44,0
7035,3015,2024-10-19,Business,40,25,16674,57.4,0
7036,3015,2024-10-26,Business,25,42,12596,55.2,0
7037,3015,2024-11-02,Business,71,51,6664,90.28,0
7038,3015,2024-11-09,Business,37,35,6469,90.03,0
7039,3015,2024-11-16,Business,40,26,4845,61.33,0
7040,3015,2024-11-23,Business,94,21,6668,85.37,0
7041,3015,2024-11-30,Business,44,33,11397,33.58,0
7042,3015,2024-12-07,Business,26,27,15462,52.94,0
7043,3015,2024-12-14,Business,44,12,2537,42.28,0
7044,3015,2024-12-21,Business,61,26,13930,79.02,0
7045,3015,2024-12-28,Business,73,14,1890,63.43,0
7046,3018,2024-12-20,Starter,13,2,540,3.72,0
7047,3018,2024-12-27,Starter,16,2,900,1.3,0
7048,3019,2024-06-20,Business,68,30,21127,20.83,0
7049,3019,2024-06-27,Business,71,29,2077,33.53,0
7050,3019,2024-07-04,Business,85,19,17722,80.09,0
7051,3019,2024-07-11,Business,103,26,12739,37.3,1
7052,3019,2024-07-18,Business,49,21,10854,20.48,1
7053,3019,2024-07-20,Pro,14,10,427,12.6,1
7054,3019,2024-07-27,Pro,10,3,1052,2.32,1
7055,3019,2024-08-03,Pro,10,1,486,12.73,1
7056,3019,2024-08-10,Pro,3,2,763,4.43,1
7057,3019,2024-08-17,Pro,2,1,689,15.19,1
7058,3020,2024-12-20,Business,77,46,14505,42.29,0
7059,3020,2024-12-27,Business,95,17,8440,71.48,0
7060,3026,2023-10-21,Starter,4,3,178,2.94,1
7061,3026,2023-10-28,Starter,3,1,179,3.3,1
7062,3026,2023-11-04,Starter,4,1,245,4.27,1
7063,3026,2023-11-11,Starter,1,1,50,2.23,1
7064,3026,2023-11-18,Starter,2,1,98,0.71,1
7065,3035,2024-01-22,Enterprise,457,161,51451,314.8,0
7066,3035,2024-01-29,Enterprise,145,97,93893,460.68,0
7067,3035,2024-02-05,Enterprise,339,173,10513,266.58,0
7068,3035,2024-02-12,Enterprise,414,181,48553,79.31,0
7069,3035,2024-02-19,Enterprise,167,116,54570,207.51,0
7070,3035,2024-02-22,Business,130,17,4267,49.29,0
7071,3035,2024-02-29,Business,67,23,3989,55.94,0
7072,3035,2024-03-07,Business,141,37,7141,28.27,0
7073,3035,2024-03-14,Business,83,36,10354,35.37,0
7074,3035,2024-03-21,Business,60,35,10411,67.16,0
7075,3035,2024-08-22,Pro,31,2,987,19.21,1
7076,3035,2024-08-29,Pro,31,4,2036,5.78,1
7077,3035,2024-09-05,Pro,13,4,494,16.98,1
7078,3035,2024-09-12,Pro,14,1,447,19.52,1
7079,3035,2024-09-19,Pro,6,1,245,11.53,1
7080,3036,2023-11-22,Business,83,15,3081,18.33,1
7081,3036,2023-11-29,Business,66,21,6914,28.85,1
7082,3036,2023-12-06,Business,55,5,1586,35.56,1
7083,3036,2023-12-13,Business,14,3,1465,11.16,1
7084,3036,2023-12-20,Business,27,6,2901,60.88,1
7085,3039,2024-12-22,Pro,21,14,3663,13.71,0
7086,3039,2024-12-29,Pro,29,10,1792,5.55,0
7087,3042,2024-01-22,Pro,19,6,2627,3.68,1
7088,3042,2024-01-29,Pro,29,7,1399,16.75,1
7089,3042,2024-02-05,Pro,11,5,1031,8.36,1
7090,3042,2024-02-12,Pro,11,1,465,3.34,1
7091,3042,2024-02-19,Pro,7,1,667,8.87,1
7092,3043,2024-01-22,Enterprise,363,152,58344,162.36,0
7093,3043,2024-01-29,Enterprise,105,49,70768,153.34,0
7094,3043,2024-02-05,Enterprise,103,34,59268,481.38,0
7095,3043,2024-02-12,Enterprise,428,96,32859,458.95,0
7096,3043,2024-02-19,Enterprise,460,184,92194,304.01,0
7097,3043,2024-09-22,Business,35,13,8602,85.41,0
7098,3043,2024-09-29,Business,30,39,21257,55.79,0
7099,3043,2024-10-06,Business,35,39,14414,51.03,0
7100,3043,2024-10-13,Business,81,25,2906,12.58,0
7101,3043,2024-10-20,Business,69,43,15028,74.36,0
7102,3043,2024-11-22,Enterprise,97,178,60839,494.3,0
7103,3043,2024-11-29,Enterprise,293,37,106314,179.93,0
7104,3043,2024-12-06,Enterprise,140,81,58837,124.78,0
7105,3043,2024-12-13,Enterprise,331,179,55858,269.56,0
7106,3043,2024-12-20,Enterprise,118,212,53259,278.41,0
7107,3043,2024-12-22,Business,41,47,20874,88.06,0
7108,3043,2024-12-29,Business,46,12,13511,73.16,0
7109,3045,2024-11-23,Starter,7,1,101,2.58,1
7110,3045,2024-11-30,Starter,4,1,120,1.56,1
7111,3045,2024-12-07,Starter,3,1,354,3.71,1
7112,3045,2024-12-14,Starter,1,1,28,2.33,1
7113,3045,2024-12-21,Starter,1,1,25,1.87,1
7114,3050,2023-12-24,Pro,43,7,1680,10.45,0
7115,3050,2023-12-31,Pro,18,13,4458,11.64,0
7116,3050,2024-01-07,Pro,13,11,1307,19.06,0
7117,3050,2024-01-14,Pro,30,9,5269,18.26,0
7118,3050,2024-01-21,Pro,10,7,1243,15.33,0
7119,3050,2024-12-24,Business,68,47,8082,40.88,0
7120,3050,2024-12-31,Business,71,39,5266,16.09,0
7121,3051,2023-09-24,Enterprise,213,141,85719,206.85,0
7122,3051,2023-10-01,Enterprise,285,33,57958,196.57,0
7123,3051,2023-10-08,Enterprise,295,114,59668,431.8,0
7124,3051,2023-10-15,Enterprise,358,87,24290,118.04,0
7125,3051,2023-10-22,Enterprise,256,103,20059,71.81,0
7126,3051,2024-07-24,Business,65,44,2918,68.08,0
7127,3051,2024-07-31,Business,130,39,13326,78.53,0
7128,3051,2024-08-07,Business,132,41,4493,82.8,0
7129,3051,2024-08-14,Business,102,24,4726,47.44,0
7130,3051,2024-08-21,Business,71,45,17097,12.9,0
7131,3051,2024-12-24,Pro,54,15,4837,11.98,0
7132,3051,2024-12-31,Pro,35,8,1356,14.58,0
7133,3052,2024-02-24,Starter,7,3,444,0.54,1
7134,3052,2024-03-02,Starter,5,1,276,2.48,1
7135,3052,2024-03-09,Starter,1,1,267,3.34,1
7136,3052,2024-03-16,Starter,1,1,84,1.7,1
7137,3052,2024-03-23,Starter,1,1,157,4.2,1
7138,3054,2024-12-24,Enterprise,413,36,72750,240.22,0
7139,3054,2024-12-31,Enterprise,491,174,77288,338.59,0
7140,3059,2024-03-25,Starter,8,2,232,1.04,1
7141,3059,2024-04-01,Starter,9,1,67,3.77,1
7142,3059,2024-04-08,Starter,2,1,290,3.45,1
7143,3059,2024-04-15,Starter,2,1,84,3.66,1
7144,3059,2024-04-22,Starter,1,1,87,3.29,1
7145,3062,2023-11-25,Starter,2,3,394,0.81,1
7146,3062,2023-12-02,Starter,6,1,74,1.73,1
7147,3062,2023-12-09,Starter,5,1,242,3.22,1
7148,3062,2023-12-16,Starter,2,1,173,1.66,1
7149,3062,2023-12-23,Starter,1,1,146,0.95,1
7150,3073,2024-05-26,Enterprise,93,78,76158,354.86,0
7151,3073,2024-06-02,Enterprise,204,95,28466,354.53,0
7152,3073,2024-06-09,Enterprise,106,34,96516,394.6,0
7153,3073,2024-06-16,Enterprise,171,103,86688,481.57,0
7154,3073,2024-06-23,Enterprise,287,194,17256,415.64,0
7155,3073,2024-08-26,Business,92,25,2035,37.51,1
7156,3073,2024-09-02,Business,37,23,1423,91.5,1
7157,3073,2024-09-09,Business,62,6,2190,61.22,1
7158,3073,2024-09-16,Business,19,6,2316,29.39,1
7159,3073,2024-09-23,Business,9,4,3570,52.65,1
7160,3076,2023-09-27,Starter,12,1,78,3.39,1
7161,3076,2023-10-04,Starter,5,2,506,3.32,1
7162,3076,2023-10-11,Starter,6,1,103,3.31,1
7163,3076,2023-10-18,Starter,2,1,72,3.49,1
7164,3076,2023-10-25,Starter,2,1,42,4.46,1
7165,3077,2024-12-27,Enterprise,518,51,58625,236.64,0
7166,3082,2023-11-27,Starter,6,1,297,4.98,1
7167,3082,2023-12-04,Starter,9,1,450,4.89,1
7168,3082,2023-12-11,Starter,4,1,244,3.88,1
7169,3082,2023-12-18,Starter,1,1,189,0.57,1
7170,3082,2023-12-25,Starter,1,1,100,2.91,1
7171,3089,2023-11-28,Pro,38,4,3336,12.13,1
7172,3089,2023-12-05,Pro,20,4,2983,16.5,1
7173,3089,2023-12-12,Pro,16,2,1520,7.48,1
7174,3089,2023-12-19,Pro,5,1,693,2.71,1
7175,3089,2023-12-26,Pro,12,1,927,9.75,1
7176,3093,2024-04-28,Starter,4,1,563,3.06,1
7177,3093,2024-05-05,Starter,2,1,266,5.05,1
7178,3093,2024-05-12,Starter,3,1,202,1.29,1
7179,3093,2024-05-19,Starter,1,1,151,3.91,1
7180,3093,2024-05-26,Starter,0,1,25,0.7,1
7181,3097,2023-09-28,Starter,3,1,86,4.75,1
7182,3097,2023-10-05,Starter,6,1,417,4.08,1
7183,3097,2023-10-12,Starter,8,1,347,0.83,1
7184,3097,2023-10-19,Starter,2,1,26,3.82,1
7185,3097,2023-10-26,Starter,3,1,120,3.02,1
7186,3099,2024-12-28,Enterprise,248,43,24165,417.67,0
7187,3100,2024-08-28,Pro,48,5,1685,13.85,0
7188,3100,2024-09-04,Pro,39,13,1798,9.42,0
7189,3100,2024-09-11,Pro,15,6,2688,16.96,0
7190,3100,2024-09-18,Pro,37,10,5604,8.59,0
7191,3100,2024-09-25,Pro,27,12,5048,6.92,0
7192,3100,2024-12-28,Starter,8,4,866,5.12,0
7193,3101,2024-08-29,Enterprise,226,69,41543,474.68,0
7194,3101,2024-09-05,Enterprise,185,128,107280,385.56,0
7195,3101,2024-09-12,Enterprise,232,79,61013,406.04,0
7196,3101,2024-09-19,Enterprise,203,40,88998,118.77,0
7197,3101,2024-09-26,Enterprise,357,189,101686,226.49,0
7198,3101,2024-12-29,Business,67,10,17927,55.72,0
7199,3102,2024-12-29,Pro,31,3,953,13.27,0
7200,3105,2024-09-29,Pro,36,11,2108,14.18,0
7201,3105,2024-10-06,Pro,24,3,3494,11.01,0
7202,3105,2024-10-13,Pro,23,6,4514,8.45,0
7203,3105,2024-10-20,Pro,17,10,2077,16.28,0
7204,3105,2024-10-27,Pro,21,2,1677,18.43,0
7205,3105,2024-12-29,Business,61,26,16006,10.44,0
7206,3107,2023-09-29,Starter,8,2,329,1.52,0
7207,3107,2023-10-06,Starter,14,4,1026,1.31,0
7208,3107,2023-10-13,Starter,7,3,746,1.83,0
7209,3107,2023-10-20,Starter,6,5,879,2.01,0
7210,3107,2023-10-27,Starter,13,2,193,2.14,0
7211,3107,2024-09-29,Pro,10,2,1237,16.44,1
7212,3107,2024-10-06,Pro,9,6,1486,10.63,1
7213,3107,2024-10-13,Pro,7,2,1431,13.1,1
7214,3107,2024-10-20,Pro,3,1,659,9.76,1
7215,3107,2024-10-27,Pro,2,1,988,15.02,1
7216,3108,2024-05-29,Starter,5,3,251,5.1,1
7217,3108,2024-06-05,Starter,5,1,369,3.19,1
7218,3108,2024-06-12,Starter,4,1,227,2.1,1
7219,3108,2024-06-19,Starter,2,1,156,0.54,1
7220,3108,2024-06-26,Starter,0,1,53,2.25,1
7221,3110,2024-01-30,Starter,9,3,330,1.5,1
7222,3110,2024-02-06,Starter,7,1,173,0.52,1
7223,3110,2024-02-13,Starter,2,1,434,1.07,1
7224,3110,2024-02-20,Starter,1,1,181,1.83,1
7225,3110,2024-02-27,Starter,2,1,41,3.46,1
7226,3113,2023-09-30,Business,56,20,9865,87.75,1
7227,3113,2023-10-07,Business,58,27,2435,12.39,1
7228,3113,2023-10-14,Business,39,13,1541,75.96,1
7229,3113,2023-10-21,Business,8,9,1530,22.83,1
7230,3113,2023-10-28,Business,7,7,3573,52.36,1
7231,3121,2024-12-01,Pro,28,4,2125,17.77,0
7232,3121,2024-12-08,Pro,16,12,1806,16.73,0
7233,3121,2024-12-15,Pro,8,8,674,2.69,0
7234,3121,2024-12-22,Pro,17,6,623,10.31,0
7235,3121,2024-12-29,Pro,29,8,4667,19.19,0
7236,3125,2024-07-02,Pro,35,3,3424,17.51,1
7237,3125,2024-07-09,Pro,18,5,647,13.23,1
7238,3125,2024-07-16,Pro,19,2,918,4.23,1
7239,3125,2024-07-23,Pro,8,2,1089,13.62,1
7240,3125,2024-07-30,Pro,10,1,440,10.02,1
7241,3127,2023-10-02,Business,110,37,14779,87.99,0
7242,3127,2023-10-09,Business,40,39,13394,52.1,0
7243,3127,2023-10-16,Business,149,19,5358,102.01,0
7244,3127,2023-10-23,Business,86,32,12584,62.12,0
7245,3127,2023-10-30,Business,158,18,3763,52.24,0
7246,3127,2023-12-02,Pro,15,10,623,4.36,1
7247,3127,2023-12-09,Pro,15,7,520,8.45,1
7248,3127,2023-12-16,Pro,7,3,513,16.34,1
7249,3127,2023-12-23,Pro,4,1,1197,5.93,1
7250,3127,2023-12-30,Pro,6,1,367,12.41,1
7251,3128,2024-12-02,Starter,9,2,863,4.49,0
7252,3128,2024-12-09,Starter,15,1,611,2.95,0
7253,3128,2024-12-16,Starter,14,4,1067,3.53,0
7254,3128,2024-12-23,Starter,21,1,673,4.41,0
7255,3128,2024-12-30,Starter,7,4,219,1.96,0
7256,3129,2024-12-02,Enterprise,518,97,56290,301.08,0
7257,3129,2024-12-09,Enterprise,180,69,32076,118.41,0
7258,3129,2024-12-16,Enterprise,191,143,44424,422.28,0
7259,3129,2024-12-23,Enterprise,305,145,16631,382.76,0
7260,3129,2024-12-30,Enterprise,112,75,89733,413.82,0
7261,3130,2023-10-02,Starter,11,1,594,0.89,1
7262,3130,2023-10-09,Starter,12,2,403,0.72,1
7263,3130,2023-10-16,Starter,3,1,192,1.55,1
7264,3130,2023-10-23,Starter,1,1,134,0.92,1
7265,3130,2023-10-30,Starter,3,1,65,1.31,1
7266,3144,2024-03-04,Business,67,17,5669,67.77,0
7267,3144,2024-03-11,Business,46,18,14914,67.97,0
7268,3144,2024-03-18,Business,75,46,2301,15.23,0
7269,3144,2024-03-25,Business,95,16,5678,79.74,0
7270,3144,2024-04-01,Business,74,38,7054,16.29,0
7271,3144,2024-12-04,Enterprise,273,69,11546,429.75,0
7272,3144,2024-12-11,Enterprise,296,126,10441,75.56,0
7273,3144,2024-12-18,Enterprise,415,142,77821,291.35,0
7274,3144,2024-12-25,Enterprise,336,78,99654,287.68,0
7275,3156,2024-03-05,Starter,12,4,481,3.06,0
7276,3156,2024-03-12,Starter,19,3,399,4.12,0
7277,3156,2024-03-19,Starter,5,1,358,1.09,0
7278,3156,2024-03-26,Starter,7,2,722,3.49,0
7279,3156,2024-04-02,Starter,16,3,806,0.67,0
7280,3156,2024-12-05,Pro,30,12,4275,4.46,0
7281,3156,2024-12-12,Pro,59,7,2311,15.48,0
7282,3156,2024-12-19,Pro,18,6,4539,3.38,0
7283,3156,2024-12-26,Pro,15,4,5426,4.77,0
7284,3157,2024-12-06,Enterprise,104,21,17939,97.21,1
7285,3157,2024-12-13,Enterprise,46,60,10602,259.14,1
7286,3157,2024-12-20,Enterprise,131,8,14263,317.23,1
7287,3157,2024-12-27,Enterprise,96,38,12394,257.39,1
7288,3161,2023-12-06,Starter,13,3,489,1.99,1
7289,3161,2023-12-13,Starter,5,2,78,4.35,1
7290,3161,2023-12-20,Starter,2,1,385,1.5,1
7291,3161,2023-12-27,Starter,5,1,27,3.03,1
7292,3161,2024-01-03,Starter,3,1,24,1.2,1
7293,3163,2024-07-06,Starter,9,2,478,0.89,1
7294,3163,2024-07-13,Starter,8,2,533,3.51,1
7295,3163,2024-07-20,Starter,3,1,107,2.02,1
7296,3163,2024-07-27,Starter,2,1,174,4.79,1
7297,3163,2024-08-03,Starter,0,1,22,3.3,1
7298,3164,2024-11-06,Starter,7,2,344,0.87,0
7299,3164,2024-11-13,Starter,16,2,811,1.94,0
7300,3164,2024-11-20,Starter,14,1,314,3.95,0
7301,3164,2024-11-27,Starter,12,2,323,3.08,0
7302,3164,2024-12-04,Starter,8,4,196,3.15,0
7303,3164,2024-12-06,Pro,19,11,557,6.25,0
7304,3164,2024-12-13,Pro,53,11,1685,5.72,0
7305,3164,2024-12-20,Pro,19,14,4450,2.15,0
7306,3164,2024-12-27,Pro,20,4,1000,5.99,0
7307,3175,2024-12-07,Business,44,38,7227,25.08,0
7308,3175,2024-12-14,Business,83,40,13479,78.72,0
7309,3175,2024-12-21,Business,34,40,8754,23.32,0
7310,3175,2024-12-28,Business,32,38,8909,16.24,0
7311,3176,2024-03-07,Starter,5,1,419,2.4,1
7312,3176,2024-03-14,Starter,11,1,528,2.46,1
7313,3176,2024-03-21,Starter,5,1,50,1.11,1
7314,3176,2024-03-28,Starter,2,1,105,1.52,1
7315,3176,2024-04-04,Starter,2,1,76,4.06,1
7316,3181,2024-01-08,Pro,17,5,3077,12.49,1
7317,3181,2024-01-15,Pro,36,3,1355,19.54,1
7318,3181,2024-01-22,Pro,12,2,1625,18.13,1
7319,3181,2024-01-29,Pro,11,2,564,8.49,1
7320,3181,2024-02-05,Pro,8,1,777,10.18,1
7321,3183,2024-12-08,Starter,10,2,729,4.53,0
7322,3183,2024-12-15,Starter,5,1,769,4.68,0
7323,3183,2024-12-22,Starter,8,1,330,1.23,0
7324,3183,2024-12-29,Starter,10,3,592,4.89,0
7325,3196,2023-11-10,Business,38,18,5146,48.1,1
7326,3196,2023-11-17,Business,46,10,6185,41.65,1
7327,3196,2023-11-24,Business,54,9,5788,10.12,1
7328,3196,2023-12-01,Business,24,11,1251,56.71,1
7329,3196,2023-12-08,Business,22,8,2309,45.09,1
7330,3198,2024-01-10,Business,70,8,11924,45.62,1
7331,3198,2024-01-17,Business,69,11,9015,28.61,1
7332,3198,2024-01-24,Business,39,5,2962,42.81,1
7333,3198,2024-01-31,Business,15,5,497,13.14,1
7334,3198,2024-02-07,Business,27,9,1369,45.52,1
7335,3199,2024-12-10,Enterprise,287,102,30052,105.29,0
7336,3199,2024-12-17,Enterprise,119,152,27606,289.26,0
7337,3199,2024-12-24,Enterprise,164,146,47107,461.24,0
7338,3199,2024-12-31,Enterprise,504,70,69898,120.54,0
7339,3207,2024-12-10,Enterprise,200,150,58006,104.17,0
7340,3207,2024-12-17,Enterprise,224,185,22086,77.53,0
7341,3207,2024-12-24,Enterprise,202,186,19931,369.97,0
7342,3207,2024-12-31,Enterprise,400,74,26140,334.89,0
7343,3208,2024-12-10,Starter,8,2,775,1.57,0
7344,3208,2024-12-17,Starter,21,2,303,3.47,0
7345,3208,2024-12-24,Starter,9,4,210,1.19,0
7346,3208,2024-12-31,Starter,10,2,302,2.56,0
7347,3210,2024-09-11,Pro,36,4,900,18.15,1
7348,3210,2024-09-18,Pro,18,3,1025,4.85,1
7349,3210,2024-09-25,Pro,18,2,427,8.14,1
7350,3210,2024-10-02,Pro,11,2,791,7.46,1
7351,3210,2024-10-09,Pro,7,2,481,11.12,1
7352,3220,2024-12-11,Enterprise,63,87,45708,141.02,1
7353,3220,2024-12-18,Enterprise,134,17,21435,348.39,1
7354,3220,2024-12-25,Enterprise,50,18,11094,430.58,1
7355,3221,2023-12-11,Enterprise,219,109,71278,441.58,0
7356,3221,2023-12-18,Enterprise,96,98,29642,166.16,0
7357,3221,2023-12-25,Enterprise,361,168,61011,322.8,0
7358,3221,2024-01-01,Enterprise,427,197,17530,169.26,0
7359,3221,2024-01-08,Enterprise,277,119,55741,176.9,0
7360,3221,2024-12-11,Business,46,30,18229,22.85,0
7361,3221,2024-12-18,Business,87,43,4424,89.39,0
7362,3221,2024-12-25,Business,146,12,9126,85.08,0
7363,3222,2024-12-12,Enterprise,321,42,39448,258.7,0
7364,3222,2024-12-19,Enterprise,429,45,92059,408.35,0
7365,3222,2024-12-26,Enterprise,383,199,13673,477.89,0
7366,3223,2024-12-12,Enterprise,517,106,55013,292.3,0
7367,3223,2024-12-19,Enterprise,362,87,12821,239.85,0
7368,3223,2024-12-26,Enterprise,242,112,52956,415.42,0
7369,3232,2023-10-13,Starter,9,3,402,1.61,1
7370,3232,2023-10-20,Starter,3,1,173,0.67,1
7371,3232,2023-10-27,Starter,6,1,135,1.86,1
7372,3232,2023-11-03,Starter,3,1,36,0.63,1
7373,3232,2023-11-10,Starter,3,1,205,1.79,1
7374,3234,2024-12-14,Pro,32,5,5307,9.24,0
7375,3234,2024-12-21,Pro,11,6,1531,3.21,0
7376,3234,2024-12-28,Pro,8,10,2534,9.66,0
7377,3238,2024-08-14,Pro,21,6,1734,14.94,0
7378,3238,2024-08-21,Pro,38,10,1074,17.21,0
7379,3238,2024-08-28,Pro,21,9,1240,4.58,0
7380,3238,2024-09-04,Pro,43,7,1277,17.0,0
7381,3238,2024-09-11,Pro,43,14,3044,7.77,0
7382,3238,2024-12-14,Starter,3,1,362,1.51,1
7383,3238,2024-12-21,Starter,1,1,29,2.24,1
7384,3238,2024-12-28,Starter,2,1,64,4.34,1
7385,3261,2023-10-16,Starter,7,3,675,4.11,1
7386,3261,2023-10-23,Starter,3,2,240,1.9,1
7387,3261,2023-10-30,Starter,7,1,72,4.8,1
7388,3261,2023-11-06,Starter,3,1,242,4.56,1
7389,3261,2023-11-13,Starter,2,1,137,3.63,1
7390,3263,2024-12-16,Enterprise,430,76,67086,304.69,0
7391,3263,2024-12-23,Enterprise,469,37,43311,284.92,0
7392,3263,2024-12-30,Enterprise,525,48,94442,360.34,0
7393,3270,2023-10-17,Starter,20,2,662,3.42,0
7394,3270,2023-10-24,Starter,7,3,757,2.63,0
7395,3270,2023-10-31,Starter,18,4,202,2.4,0
7396,3270,2023-11-07,Starter,7,4,421,3.41,0
7397,3270,2023-11-14,Starter,4,3,167,1.0,0
7398,3270,2024-12-17,Pro,33,16,4184,17.33,0
7399,3270,2024-12-24,Pro,55,8,2126,2.73,0
7400,3270,2024-12-31,Pro,44,9,4700,12.08,0
7401,3280,2024-03-18,Enterprise,413,142,71089,250.62,0
7402,3280,2024-03-25,Enterprise,454,118,30204,115.22,0
7403,3280,2024-04-01,Enterprise,323,81,21159,409.46,0
7404,3280,2024-04-08,Enterprise,403,56,8944,157.74,0
7405,3280,2024-04-15,Enterprise,436,68,78212,398.38,0
7406,3280,2024-12-18,Business,46,8,3008,39.31,1
7407,3280,2024-12-25,Business,17,5,3694,69.17,1
7408,3282,2023-10-18,Starter,4,2,80,4.7,1
7409,3282,2023-10-25,Starter,4,2,385,1.71,1
7410,3282,2023-11-01,Starter,8,1,272,0.94,1
7411,3282,2023-11-08,Starter,2,1,47,2.32,1
7412,3282,2023-11-15,Starter,1,1,168,2.87,1
7413,3284,2024-05-18,Pro,31,11,699,5.03,0
7414,3284,2024-05-25,Pro,20,4,4332,16.58,0
7415,3284,2024-06-01,Pro,20,13,1656,8.01,0
7416,3284,2024-06-08,Pro,29,12,783,17.64,0
7417,3284,2024-06-15,Pro,43,5,1180,9.49,0
7418,3284,2024-12-18,Business,119,36,10908,40.8,0
7419,3284,2024-12-25,Business,59,32,5774,10.15,0
7420,3286,2024-12-19,Starter,15,3,493,2.96,0
7421,3286,2024-12-26,Starter,9,2,934,3.68,0
7422,3289,2023-12-19,Enterprise,211,132,21346,447.68,0
7423,3289,2023-12-26,Enterprise,273,105,62468,206.07,0
7424,3289,2024-01-02,Enterprise,377,73,43178,128.49,0
7425,3289,2024-01-09,Enterprise,141,130,27505,143.75,0
7426,3289,2024-01-16,Enterprise,354,162,102220,270.98,0
7427,3289,2024-12-19,Business,141,24,15164,40.41,0
7428,3289,2024-12-26,Business,54,21,13518,85.82,0
7429,3290,2024-12-19,Pro,34,6,960,10.74,0
7430,3290,2024-12-26,Pro,32,4,1590,13.66,0
7431,3294,2024-09-20,Business,77,24,12484,38.83,1
7432,3294,2024-09-27,Business,40,11,2988,13.57,1
7433,3294,2024-10-04,Business,40,8,7879,15.55,1
7434,3294,2024-10-11,Business,28,6,2506,95.06,1
7435,3294,2024-10-18,Business,27,5,1368,65.19,1
7436,3301,2023-11-20,Pro,57,11,4443,13.13,0
7437,3301,2023-11-27,Pro,23,10,2372,8.91,0
7438,3301,2023-12-04,Pro,42,15,2880,9.73,0
7439,3301,2023-12-11,Pro,45,12,2322,16.69,0
7440,3301,2023-12-18,Pro,24,9,3197,18.02,0
7441,3301,2024-02-20,Starter,11,2,265,4.09,1
7442,3301,2024-02-27,Starter,5,2,301,3.54,1
7443,3301,2024-03-05,Starter,6,1,148,4.02,1
7444,3301,2024-03-12,Starter,4,1,47,2.43,1
7445,3301,2024-03-19,Starter,1,1,108,1.95,1
7446,3305,2024-02-20,Pro,19,13,3316,17.55,0
7447,3305,2024-02-27,Pro,15,8,2121,14.75,0
7448,3305,2024-03-05,Pro,42,8,4684,19.54,0
7449,3305,2024-03-12,Pro,40,13,2036,3.46,0
7450,3305,2024-03-19,Pro,35,6,3893,12.32,0
7451,3305,2024-12-20,Business,106,30,6891,38.18,0
7452,3305,2024-12-27,Business,40,22,11878,42.74,0
7453,3308,2024-12-21,Enterprise,247,126,71969,100.43,0
7454,3308,2024-12-28,Enterprise,291,96,60690,372.46,0
7455,3310,2024-12-21,Pro,28,4,1466,17.61,0
7456,3310,2024-12-28,Pro,18,10,2579,14.81,0
7457,3313,2024-01-21,Pro,10,4,2908,3.04,0
7458,3313,2024-01-28,Pro,43,5,2875,2.66,0
7459,3313,2024-02-04,Pro,30,8,1885,16.23,0
7460,3313,2024-02-11,Pro,11,6,1710,14.93,0
7461,3313,2024-02-18,Pro,12,7,1408,6.64,0
7462,3313,2024-04-21,Business,37,20,10054,12.69,1
7463,3313,2024-04-28,Business,31,25,9959,83.32,1
7464,3313,2024-05-05,Business,10,18,6889,87.94,1
7465,3313,2024-05-12,Business,8,3,2143,30.1,1
7466,3313,2024-05-19,Business,17,7,1930,38.04,1
7467,3316,2024-01-22,Business,52,38,17978,41.96,0
7468,3316,2024-01-29,Business,42,29,2027,99.38,0
7469,3316,2024-02-05,Business,88,16,13952,102.18,0
7470,3316,2024-02-12,Business,139,38,11050,42.29,0
7471,3316,2024-02-19,Business,107,36,19734,59.65,0
7472,3316,2024-12-22,Enterprise,278,48,74626,68.51,0
7473,3316,2024-12-29,Enterprise,215,163,35134,250.57,0
7474,3320,2024-02-22,Business,104,13,16474,19.16,0
7475,3320,2024-02-29,Business,124,29,8118,90.83,0
7476,3320,2024-03-07,Business,109,46,6212,77.94,0
7477,3320,2024-03-14,Business,38,47,14797,94.92,0
7478,3320,2024-03-21,Business,59,25,18333,89.03,0
7479,3320,2024-12-22,Enterprise,221,198,94652,187.36,0
7480,3320,2024-12-29,Enterprise,116,67,40080,233.37,0
7481,3321,2024-12-22,Starter,9,1,265,0.91,0
7482,3321,2024-12-29,Starter,7,4,331,1.23,0
7483,3323,2024-11-22,Business,144,43,19119,62.52,0
7484,3323,2024-11-29,Business,58,24,4647,86.28,0
7485,3323,2024-12-06,Business,48,40,4681,79.71,0
7486,3323,2024-12-13,Business,142,41,10279,99.19,0
7487,3323,2024-12-20,Business,145,24,6739,95.19,0
7488,3323,2024-12-22,Enterprise,316,196,15128,390.72,0
7489,3323,2024-12-29,Enterprise,213,87,42212,419.47,0
7490,3325,2024-12-22,Enterprise,125,135,98601,248.25,0
7491,3325,2024-12-29,Enterprise,253,213,28508,266.21,0
7492,3326,2023-11-23,Starter,11,2,235,3.16,1
7493,3326,2023-11-30,Starter,5,1,318,2.56,1
7494,3326,2023-12-07,Starter,5,1,214,3.13,1
7495,3326,2023-12-14,Starter,2,1,149,1.69,1
7496,3326,2023-12-21,Starter,3,1,44,3.0,1
7497,3336,2024-01-24,Starter,6,3,255,3.48,1
7498,3336,2024-01-31,Starter,2,2,428,4.33,1
7499,3336,2024-02-07,Starter,5,1,241,0.59,1
7500,3336,2024-02-14,Starter,3,1,61,3.37,1
7501,3336,2024-02-21,Starter,3,1,99,5.0,1
7502,3340,2024-12-24,Pro,46,10,2974,17.5,0
7503,3340,2024-12-31,Pro,25,13,482,4.39,0
7504,3342,2024-08-24,Business,43,17,19217,23.87,0
7505,3342,2024-08-31,Business,71,47,16699,76.29,0
7506,3342,2024-09-07,Business,39,25,11977,84.96,0
7507,3342,2024-09-14,Business,52,43,3053,36.68,0
7508,3342,2024-09-21,Business,47,14,13203,99.16,0
7509,3342,2024-12-24,Pro,30,14,1076,2.11,0
7510,3342,2024-12-31,Pro,23,7,2925,10.13,0
7511,3344,2024-01-24,Starter,12,3,463,4.37,1
7512,3344,2024-01-31,Starter,8,1,125,4.03,1
7513,3344,2024-02-07,Starter,2,1,310,3.92,1
7514,3344,2024-02-14,Starter,1,1,242,1.14,1
7515,3344,2024-02-21,Starter,3,1,54,4.35,1
7516,3345,2023-10-24,Starter,5,1,632,4.63,1
7517,3345,2023-10-31,Starter,9,1,279,3.74,1
7518,3345,2023-11-07,Starter,5,1,155,4.81,1
7519,3345,2023-11-14,Starter,1,1,174,0.74,1
7520,3345,2023-11-21,Starter,2,1,100,3.42,1
7521,3347,2024-06-25,Pro,28,7,2185,8.63,1
7522,3347,2024-07-02,Pro,26,7,1037,18.74,1
7523,3347,2024-07-09,Pro,18,3,493,9.95,1
7524,3347,2024-07-16,Pro,6,2,356,19.6,1
7525,3347,2024-07-23,Pro,8,2,211,16.74,1
7526,3352,2024-12-25,Starter,16,5,142,4.66,0
7527,3354,2024-03-26,Enterprise,326,39,60753,233.26,1
7528,3354,2024-04-02,Enterprise,69,78,14241,288.42,1
7529,3354,2024-04-09,Enterprise,188,75,16066,335.02,1
7530,3354,2024-04-16,Enterprise,123,17,7286,51.85,1
7531,3354,2024-04-23,Enterprise,105,10,4155,282.64,1
7532,3360,2024-12-27,Pro,25,5,1744,6.42,0
7533,3365,2024-05-27,Starter,8,3,609,2.89,1
7534,3365,2024-06-03,Starter,13,2,391,4.47,1
7535,3365,2024-06-10,Starter,4,1,236,4.38,1
7536,3365,2024-06-17,Starter,4,1,91,2.58,1
7537,3365,2024-06-24,Starter,4,1,163,2.06,1
7538,3366,2024-01-27,Pro,34,14,2683,13.44,0
7539,3366,2024-02-03,Pro,27,10,2822,3.04,0
7540,3366,2024-02-10,Pro,43,7,1412,11.28,0
7541,3366,2024-02-17,Pro,16,12,3161,3.94,0
7542,3366,2024-02-24,Pro,14,13,2363,9.08,0
7543,3366,2024-06-27,Business,111,25,14930,61.45,0
7544,3366,2024-07-04,Business,76,45,7095,90.69,0
7545,3366,2024-07-11,Business,102,12,15220,64.92,0
7546,3366,2024-07-18,Business,98,10,9591,39.9,0
7547,3366,2024-07-25,Business,61,42,13815,94.02,0
7548,3366,2024-12-27,Enterprise,214,206,17277,397.8,0
7549,3371,2024-12-28,Business,54,44,7249,97.69,0
7550,3376,2024-04-28,Starter,6,3,436,4.2,1
7551,3376,2024-05-05,Starter,3,2,360,4.4,1
7552,3376,2024-05-12,Starter,2,1,128,3.41,1
7553,3376,2024-05-19,Starter,1,1,151,2.12,1
7554,3376,2024-05-26,Starter,0,1,43,1.16,1
7555,3380,2024-12-29,Pro,23,8,4281,14.6,0
7556,3381,2024-12-29,Enterprise,199,66,15289,350.48,0
7557,3384,2024-01-29,Pro,62,13,4164,4.28,0
7558,3384,2024-02-05,Pro,27,5,3007,15.65,0
7559,3384,2024-02-12,Pro,44,8,4004,8.33,0
7560,3384,2024-02-19,Pro,14,8,4544,10.91,0
7561,3384,2024-02-26,Pro,37,4,3024,3.39,0
7562,3384,2024-12-29,Business,96,45,4946,67.2,0
7563,3388,2023-11-29,Starter,7,1,124,2.4,1
7564,3388,2023-12-06,Starter,10,2,240,1.58,1
7565,3388,2023-12-13,Starter,3,1,283,4.21,1
7566,3388,2023-12-20,Starter,2,1,48,3.55,1
7567,3388,2023-12-27,Starter,2,1,147,4.75,1
7568,3389,2024-01-29,Pro,42,4,2347,14.97,1
7569,3389,2024-02-05,Pro,21,7,2065,12.12,1
7570,3389,2024-02-12,Pro,20,3,2188,17.88,1
7571,3389,2024-02-19,Pro,11,1,302,12.25,1
7572,3389,2024-02-26,Pro,6,1,193,4.51,1
7573,3390,2024-12-29,Business,74,27,7536,73.24,0
7574,3394,2024-12-29,Pro,45,6,2527,19.56,0
7575,3395,2023-10-30,Starter,8,2,94,4.88,1
7576,3395,2023-11-06,Starter,9,1,346,2.8,1
7577,3395,2023-11-13,Starter,5,1,155,0.53,1
7578,3395,2023-11-20,Starter,3,1,158,4.74,1
7579,3395,2023-11-27,Starter,2,1,88,0.71,1
7580,3397,2024-03-29,Pro,17,9,521,9.49,1
7581,3397,2024-04-05,Pro,33,1,3137,3.65,1
7582,3397,2024-04-12,Pro,13,4,268,9.29,1
7583,3397,2024-04-19,Pro,7,1,664,19.15,1
7584,3397,2024-04-26,Pro,6,1,107,15.07,1
7585,3400,2023-11-30,Business,112,13,17147,54.29,0
7586,3400,2023-12-07,Business,149,52,2985,63.16,0
7587,3400,2023-12-14,Business,67,19,15930,46.56,0
7588,3400,2023-12-21,Business,165,18,16516,52.18,0
7589,3400,2023-12-28,Business,88,11,10661,61.28,0
7590,3400,2024-12-29,Pro,25,7,2068,6.27,0
7591,3402,2024-06-29,Pro,10,4,1969,8.76,0
7592,3402,2024-07-06,Pro,11,3,4543,14.49,0
7593,3402,2024-07-13,Pro,39,8,1807,14.59,0
7594,3402,2024-07-20,Pro,19,10,3160,8.66,0
7595,3402,2024-07-27,Pro,11,12,2311,6.53,0
7596,3402,2024-10-29,Starter,9,1,465,4.68,1
7597,3402,2024-11-05,Starter,12,1,206,1.92,1
7598,3402,2024-11-12,Starter,3,1,198,0.95,1
7599,3402,2024-11-19,Starter,2,1,63,0.98,1
7600,3402,2024-11-26,Starter,0,1,27,1.14,1
7601,3404,2023-12-30,Pro,25,4,650,4.36,0
7602,3404,2024-01-06,Pro,38,9,740,17.66,0
7603,3404,2024-01-13,Pro,40,14,2190,20.26,0
7604,3404,2024-01-20,Pro,33,5,775,6.43,0
7605,3404,2024-01-27,Pro,29,5,3943,8.8,0
7606,3404,2024-02-29,Starter,13,2,443,3.75,1
7607,3404,2024-03-07,Starter,5,1,85,4.14,1
7608,3404,2024-03-14,Starter,4,1,121,3.56,1
7609,3404,2024-03-21,Starter,1,1,69,4.62,1
7610,3404,2024-03-28,Starter,2,1,23,4.37,1
7611,3405,2024-05-29,Enterprise,452,91,60258,130.02,0
7612,3405,2024-06-05,Enterprise,149,35,38534,382.71,0
7613,3405,2024-06-12,Enterprise,261,176,73046,451.22,0
7614,3405,2024-06-19,Enterprise,165,153,36500,373.84,0
7615,3405,2024-06-26,Enterprise,425,70,58455,144.11,0
7616,3405,2024-12-29,Business,54,34,16399,75.55,0
7617,3408,2023-10-31,Enterprise,125,122,9965,302.22,0
7618,3408,2023-11-07,Enterprise,474,44,39975,60.47,0
7619,3408,2023-11-14,Enterprise,544,175,15981,118.25,0
7620,3408,2023-11-21,Enterprise,415,186,42151,220.52,0
7621,3408,2023-11-28,Enterprise,116,165,23230,188.75,0
7622,3408,2024-02-29,Business,65,40,7226,91.18,0
7623,3408,2024-03-07,Business,51,30,3553,11.07,0
7624,3408,2024-03-14,Business,50,17,17727,78.52,0
7625,3408,2024-03-21,Business,70,22,13456,81.23,0
7626,3408,2024-03-28,Business,111,12,9734,91.02,0
7627,3408,2024-12-29,Enterprise,103,38,28543,138.81,0
7628,3412,2024-01-30,Starter,10,3,632,3.84,1
7629,3412,2024-02-06,Starter,4,1,141,3.9,1
7630,3412,2024-02-13,Starter,2,1,38,1.81,1
7631,3412,2024-02-20,Starter,3,1,120,1.34,1
7632,3412,2024-02-27,Starter,2,1,69,3.37,1
7633,3413,2024-04-01,Pro,18,5,832,19.85,1
7634,3413,2024-04-08,Pro,17,5,462,7.55,1
7635,3413,2024-04-15,Pro,13,3,1521,10.61,1
7636,3413,2024-04-22,Pro,4,1,366,6.61,1
7637,3413,2024-04-29,Pro,7,3,156,8.96,1
7638,3415,2024-11-01,Pro,34,6,708,19.16,1
7639,3415,2024-11-08,Pro,20,3,2263,12.86,1
7640,3415,2024-11-15,Pro,13,2,2062,19.56,1
7641,3415,2024-11-22,Pro,12,1,844,8.43,1
7642,3415,2024-11-29,Pro,3,1,276,14.09,1
7643,3416,2024-01-01,Pro,12,3,1317,13.83,1
7644,3416,2024-01-08,Pro,10,5,2020,7.35,1
7645,3416,2024-01-15,Pro,20,2,1718,5.7,1
7646,3416,2024-01-22,Pro,7,1,831,12.85,1
7647,3416,2024-01-29,Pro,8,1,964,18.58,1
7648,3418,2024-01-01,Starter,4,1,164,1.36,1
7649,3418,2024-01-08,Starter,6,1,151,2.97,1
7650,3418,2024-01-15,Starter,5,1,270,1.5,1
7651,3418,2024-01-22,Starter,4,1,209,2.02,1
7652,3418,2024-01-29,Starter,1,1,86,2.6,1
7653,3425,2024-02-01,Pro,17,12,4410,8.96,0
7654,3425,2024-02-08,Pro,40,5,602,17.43,0
7655,3425,2024-02-15,Pro,33,13,1733,12.62,0
7656,3425,2024-02-22,Pro,18,13,1395,9.51,0
7657,3425,2024-02-29,Pro,68,14,2843,3.93,0
7658,3425,2024-06-01,Business,60,20,14473,23.01,0
7659,3425,2024-06-08,Business,74,19,2386,65.2,0
7660,3425,2024-06-15,Business,22,23,7245,53.27,0
7661,3425,2024-06-22,Business,89,28,10306,68.3,0
7662,3425,2024-06-29,Business,60,40,4971,34.97,0
7663,3425,2024-12-01,Enterprise,219,63,20588,323.89,0
7664,3425,2024-12-08,Enterprise,73,156,70822,410.26,0
7665,3425,2024-12-15,Enterprise,113,108,62952,415.1,0
7666,3425,2024-12-22,Enterprise,151,111,37967,491.93,0
7667,3425,2024-12-29,Enterprise,307,62,70256,355.93,0
7668,3426,2024-12-01,Starter,8,1,965,0.78,0
7669,3426,2024-12-08,Starter,9,3,944,4.99,0
7670,3426,2024-12-15,Starter,5,3,280,3.43,0
7671,3426,2024-12-22,Starter,7,2,385,3.74,0
7672,3426,2024-12-29,Starter,7,4,239,2.84,0
7673,3427,2023-11-02,Pro,43,4,3888,8.7,0
7674,3427,2023-11-09,Pro,51,10,4906,16.98,0
7675,3427,2023-11-16,Pro,59,7,980,12.43,0
7676,3427,2023-11-23,Pro,19,3,811,5.75,1
7677,3427,2023-11-30,Pro,15,6,3046,9.54,1
7678,3427,2023-12-02,Starter,2,3,205,1.73,1
7679,3427,2023-12-09,Starter,5,1,205,1.97,1
7680,3427,2023-12-16,Starter,3,1,340,2.84,1
7681,3427,2023-12-23,Starter,1,1,108,4.64,1
7682,3427,2023-12-30,Starter,0,1,216,2.49,1
7683,3428,2024-12-02,Enterprise,424,68,68706,164.93,0
7684,3428,2024-12-09,Enterprise,425,180,26148,78.18,0
7685,3428,2024-12-16,Enterprise,301,32,24288,366.64,0
7686,3428,2024-12-23,Enterprise,242,112,25070,89.63,0
7687,3428,2024-12-30,Enterprise,319,164,68594,76.03,0
7688,3429,2024-10-02,Starter,3,1,390,2.92,1
7689,3429,2024-10-09,Starter,6,2,301,3.21,1
7690,3429,2024-10-16,Starter,3,1,364,4.63,1
7691,3429,2024-10-23,Starter,2,1,62,3.7,1
7692,3429,2024-10-30,Starter,1,1,23,4.62,1
7693,3432,2024-12-02,Pro,52,5,2384,3.18,0
7694,3432,2024-12-09,Pro,17,13,2356,8.22,0
7695,3432,2024-12-16,Pro,17,9,2900,2.34,0
7696,3432,2024-12-23,Pro,35,9,3909,7.02,0
7697,3432,2024-12-30,Pro,31,8,2907,17.27,0
7698,3435,2024-12-02,Enterprise,397,138,98865,441.35,0
7699,3435,2024-12-09,Enterprise,452,151,85356,127.48,0
7700,3435,2024-12-16,Enterprise,127,69,55456,197.84,0
7701,3435,2024-12-23,Enterprise,267,121,98276,223.1,0
7702,3435,2024-12-30,Enterprise,373,123,56433,233.67,0
7703,3437,2024-01-02,Pro,34,9,862,15.09,1
7704,3437,2024-01-09,Pro,21,5,443,16.07,1
7705,3437,2024-01-16,Pro,7,4,792,15.7,1
7706,3437,2024-01-23,Pro,7,2,694,2.74,1
7707,3437,2024-01-30,Pro,9,1,208,17.84,1
7708,3439,2024-12-03,Pro,34,5,801,18.8,0
7709,3439,2024-12-10,Pro,14,7,3585,8.78,0
7710,3439,2024-12-17,Pro,35,11,1825,2.69,0
7711,3439,2024-12-24,Pro,35,9,3974,16.5,0
7712,3439,2024-12-31,Pro,46,13,4785,15.34,0
7713,3440,2024-12-03,Enterprise,345,120,65787,180.43,0
7714,3440,2024-12-10,Enterprise,359,73,48468,104.69,0
7715,3440,2024-12-17,Enterprise,317,72,38933,86.85,0
7716,3440,2024-12-24,Enterprise,364,184,91584,275.43,0
7717,3440,2024-12-31,Enterprise,241,127,10443,334.75,0
7718,3445,2023-11-03,Business,108,18,18385,42.23,0
7719,3445,2023-11-10,Business,66,36,18089,19.31,0
7720,3445,2023-11-17,Business,112,21,20398,15.0,0
7721,3445,2023-11-24,Business,120,43,13334,31.8,0
7722,3445,2023-12-01,Business,82,23,20060,58.19,0
7723,3445,2024-12-03,Pro,46,7,4175,19.88,0
7724,3445,2024-12-10,Pro,37,8,2986,2.85,0
7725,3445,2024-12-17,Pro,51,13,967,9.9,0
7726,3445,2024-12-24,Pro,18,6,3279,3.19,0
7727,3445,2024-12-31,Pro,33,6,657,6.93,0
7728,3447,2024-12-03,Pro,34,12,882,6.73,0
7729,3447,2024-12-10,Pro,57,6,3647,16.1,0
7730,3447,2024-12-17,Pro,38,5,2230,15.3,0
7731,3447,2024-12-24,Pro,43,6,4880,9.48,0
7732,3447,2024-12-31,Pro,59,12,4385,5.74,0
7733,3448,2023-11-04,Enterprise,137,199,10295,450.37,0
7734,3448,2023-11-11,Enterprise,121,38,38346,198.45,0
7735,3448,2023-11-18,Enterprise,364,35,80888,130.05,0
7736,3448,2023-11-25,Enterprise,237,32,14865,173.26,0
7737,3448,2023-12-02,Enterprise,91,41,88179,369.12,0
7738,3448,2024-12-04,Business,107,42,2543,15.51,0
7739,3448,2024-12-11,Business,148,46,17307,49.07,0
7740,3448,2024-12-18,Business,60,11,9465,61.58,0
7741,3448,2024-12-25,Business,65,48,18619,36.15,0
7742,3450,2024-03-04,Pro,34,8,2689,9.78,0
7743,3450,2024-03-11,Pro,32,4,3421,7.19,0
7744,3450,2024-03-18,Pro,44,5,3530,3.01,0
7745,3450,2024-03-25,Pro,25,14,1011,9.86,0
7746,3450,2024-04-01,Pro,30,13,2699,11.8,0
7747,3450,2024-12-04,Business,124,50,7420,46.28,0
7748,3450,2024-12-11,Business,100,35,15767,31.09,0
7749,3450,2024-12-18,Business,84,47,16597,95.62,0
7750,3450,2024-12-25,Business,54,42,7841,13.08,0
7751,3452,2023-11-04,Pro,33,13,1948,3.58,0
7752,3452,2023-11-11,Pro,30,15,710,19.32,0
7753,3452,2023-11-18,Pro,35,4,2221,8.41,0
7754,3452,2023-11-25,Pro,27,3,4299,17.52,0
7755,3452,2023-12-02,Pro,16,14,2249,19.15,0
7756,3452,2024-04-04,Business,98,30,6407,22.82,1
7757,3452,2024-04-11,Business,52,9,8399,44.93,1
7758,3452,2024-04-18,Business,62,9,3140,39.99,1
7759,3452,2024-04-25,Business,30,6,3824,46.23,1
7760,3452,2024-05-02,Business,9,3,1239,22.7,1
7761,3456,2024-02-04,Business,65,27,15158,34.41,0
7762,3456,2024-02-11,Business,60,23,6754,43.87,0
7763,3456,2024-02-18,Business,37,36,3254,18.77,0
7764,3456,2024-02-25,Business,69,35,5556,93.02,0
7765,3456,2024-03-03,Business,41,34,11757,70.35,0
7766,3456,2024-12-04,Pro,18,12,1680,12.1,0
7767,3456,2024-12-11,Pro,47,10,1466,3.41,0
7768,3456,2024-12-18,Pro,59,5,1934,15.9,0
7769,3456,2024-12-25,Pro,43,9,2803,13.2,0
7770,3459,2024-09-05,Pro,22,7,1868,20.41,1
7771,3459,2024-09-12,Pro,10,5,2325,11.76,1
7772,3459,2024-09-19,Pro,5,1,196,15.45,1
7773,3459,2024-09-26,Pro,4,3,645,5.41,1
7774,3459,2024-10-03,Pro,11,2,948,3.8,1
7775,3463,2024-12-05,Enterprise,367,52,83985,290.62,0
7776,3463,2024-12-12,Enterprise,186,93,58989,471.47,0
7777,3463,2024-12-19,Enterprise,397,84,27615,259.34,0
7778,3463,2024-12-26,Enterprise,358,151,30922,76.88,0
7779,3468,2024-12-05,Enterprise,476,202,59612,50.79,0
7780,3468,2024-12-12,Enterprise,358,216,95815,171.07,0
7781,3468,2024-12-19,Enterprise,213,173,88224,263.7,0
7782,3468,2024-12-26,Enterprise,454,74,74804,182.39,0
7783,3470,2023-12-06,Starter,15,1,91,3.75,1
7784,3470,2023-12-13,Starter,10,1,87,2.73,1
7785,3470,2023-12-20,Starter,4,1,220,4.83,1
7786,3470,2023-12-27,Starter,1,1,211,1.11,1
7787,3470,2024-01-03,Starter,1,1,213,1.45,1
7788,3471,2024-02-06,Pro,56,10,2103,13.26,0
7789,3471,2024-02-13,Pro,49,8,1850,17.26,0
7790,3471,2024-02-20,Pro,62,3,556,8.35,0
7791,3471,2024-02-27,Pro,49,6,4546,13.73,0
7792,3471,2024-03-05,Pro,49,4,582,11.99,0
7793,3471,2024-12-06,Starter,14,4,955,3.46,0
7794,3471,2024-12-13,Starter,14,1,189,1.03,0
7795,3471,2024-12-20,Starter,10,1,432,2.71,0
7796,3471,2024-12-27,Starter,14,1,806,2.36,0
7797,3473,2023-12-06,Enterprise,340,155,23619,248.23,1
7798,3473,2023-12-13,Enterprise,89,90,56030,369.21,1
7799,3473,2023-12-20,Enterprise,62,33,14963,360.26,1
7800,3473,2023-12-27,Enterprise,63,40,2152,486.23,1
7801,3473,2024-01-03,Enterprise,96,27,14832,138.31,1
7802,3475,2024-05-06,Pro,18,9,3460,9.82,0
7803,3475,2024-05-13,Pro,51,14,3016,14.53,0
7804,3475,2024-05-20,Pro,13,11,2093,9.85,0
7805,3475,2024-05-27,Pro,58,14,1404,3.11,0
7806,3475,2024-06-03,Pro,57,10,4400,19.0,0
7807,3475,2024-12-06,Business,47,23,11850,79.19,0
7808,3475,2024-12-13,Business,69,38,8693,67.74,0
7809,3475,2024-12-20,Business,131,18,6321,80.07,0
7810,3475,2024-12-27,Business,48,30,2268,48.22,0
7811,3478,2024-01-06,Pro,21,6,2844,16.36,1
7812,3478,2024-01-13,Pro,9,3,2219,18.62,1
7813,3478,2024-01-20,Pro,18,2,1401,10.6,1
7814,3478,2024-01-27,Pro,4,1,528,4.98,1
7815,3478,2024-02-03,Pro,8,2,246,11.42,1
7816,3479,2024-02-06,Starter,12,1,433,2.11,1
7817,3479,2024-02-13,Starter,2,2,424,3.39,1
7818,3479,2024-02-20,Starter,6,1,191,3.32,1
7819,3479,2024-02-27,Starter,4,1,99,3.66,1
7820,3479,2024-03-05,Starter,1,1,135,3.68,1
7821,3487,2024-01-07,Enterprise,331,95,43037,60.42,0
7822,3487,2024-01-14,Enterprise,114,201,33991,274.38,0
7823,3487,2024-01-21,Enterprise,316,147,65695,458.94,0
7824,3487,2024-01-28,Enterprise,328,180,74333,378.65,0
7825,3487,2024-02-04,Enterprise,203,87,33302,336.48,0
7826,3487,2024-12-07,Business,70,28,14293,14.04,0
7827,3487,2024-12-14,Business,64,35,4189,101.13,0
7828,3487,2024-12-21,Business,37,19,9753,61.59,0
7829,3487,2024-12-28,Business,107,18,6787,14.46,0
7830,3488,2024-07-07,Starter,9,4,326,3.61,0
7831,3488,2024-07-14,Starter,8,3,706,1.68,0
7832,3488,2024-07-21,Starter,4,1,899,0.74,0
7833,3488,2024-07-28,Starter,10,2,253,4.07,0
7834,3488,2024-08-04,Starter,11,1,376,3.8,0
7835,3488,2024-10-07,Pro,15,7,3365,19.79,1
7836,3488,2024-10-14,Pro,35,2,344,2.99,1
7837,3488,2024-10-21,Pro,19,1,797,16.81,1
7838,3488,2024-10-28,Pro,4,2,932,2.36,1
7839,3488,2024-11-04,Pro,4,2,1082,9.38,1
7840,3490,2024-12-07,Enterprise,232,173,40245,59.42,0
7841,3490,2024-12-14,Enterprise,195,152,58530,439.82,0
7842,3490,2024-12-21,Enterprise,183,181,13414,295.12,0
7843,3490,2024-12-28,Enterprise,148,192,45820,91.57,0
7844,3494,2024-12-07,Starter,5,1,646,2.47,0
7845,3494,2024-12-14,Starter,4,2,506,4.05,0
7846,3494,2024-12-21,Starter,12,3,709,3.34,0
7847,3494,2024-12-28,Starter,5,1,190,4.38,0
7848,3496,2024-01-08,Enterprise,320,140,15236,179.77,0
7849,3496,2024-01-15,Enterprise,411,92,82871,177.14,0
7850,3496,2024-01-22,Enterprise,139,89,53518,458.14,0
7851,3496,2024-01-29,Enterprise,278,168,71452,329.35,0
7852,3496,2024-02-05,Enterprise,307,99,30550,155.7,0
7853,3496,2024-12-08,Business,41,32,7850,40.61,0
7854,3496,2024-12-15,Business,57,11,17267,31.45,0
7855,3496,2024-12-22,Business,31,29,16976,70.49,0
7856,3496,2024-12-29,Business,66,24,12714,94.67,0
7857,3498,2024-12-08,Enterprise,228,32,43982,467.25,0
7858,3498,2024-12-15,Enterprise,106,66,57659,481.38,0
7859,3498,2024-12-22,Enterprise,226,199,90273,471.08,0
7860,3498,2024-12-29,Enterprise,135,101,64446,434.09,0
7861,3500,2024-05-08,Pro,45,11,3497,13.46,0
7862,3500,2024-05-15,Pro,28,7,548,3.72,0
7863,3500,2024-05-22,Pro,39,8,4599,20.16,0
7864,3500,2024-05-29,Pro,49,10,4775,10.66,0
7865,3500,2024-06-05,Pro,48,3,2563,15.55,0
7866,3500,2024-12-08,Starter,11,4,768,2.86,0
7867,3500,2024-12-15,Starter,6,2,944,1.87,0
7868,3500,2024-12-22,Starter,3,2,749,2.95,0
7869,3500,2024-12-29,Starter,12,3,107,1.74,0
7870,3501,2024-12-09,Pro,61,3,2202,12.98,0
7871,3501,2024-12-16,Pro,64,7,4241,15.6,0
7872,3501,2024-12-23,Pro,54,11,3188,14.6,0
7873,3501,2024-12-30,Pro,36,11,768,10.06,0
7874,3502,2024-09-09,Pro,31,10,2717,14.08,0
7875,3502,2024-09-16,Pro,17,15,1066,15.98,0
7876,3502,2024-09-23,Pro,62,11,2586,3.73,0
7877,3502,2024-09-30,Pro,40,7,4229,7.83,0
7878,3502,2024-10-07,Pro,37,7,4559,4.8,0
7879,3502,2024-12-09,Business,57,48,16769,25.91,0
7880,3502,2024-12-16,Business,54,44,19088,63.44,0
7881,3502,2024-12-23,Business,143,42,2290,18.34,0
7882,3502,2024-12-30,Business,114,23,13580,18.93,0
7883,3509,2024-02-09,Starter,3,2,362,1.89,1
7884,3509,2024-02-16,Starter,5,1,94,0.97,1
7885,3509,2024-02-23,Starter,5,1,41,4.42,1
7886,3509,2024-03-01,Starter,1,1,155,3.55,1
7887,3509,2024-03-08,Starter,3,1,36,3.0,1
7888,3511,2024-03-09,Pro,19,9,1791,16.61,1
7889,3511,2024-03-16,Pro,19,7,1794,15.53,1
7890,3511,2024-03-23,Pro,4,3,345,16.5,1
7891,3511,2024-03-30,Pro,8,2,787,12.8,1
7892,3511,2024-04-06,Pro,5,1,868,8.9,1
7893,3517,2024-03-10,Starter,3,3,394,4.18,1
7894,3517,2024-03-17,Starter,3,2,482,4.63,1
7895,3517,2024-03-24,Starter,3,1,49,3.53,1
7896,3517,2024-03-31,Starter,3,1,89,2.63,1
7897,3517,2024-04-07,Starter,1,1,69,2.26,1
7898,3520,2024-01-10,Starter,10,1,319,2.55,1
7899,3520,2024-01-17,Starter,12,1,415,1.75,1
7900,3520,2024-01-24,Starter,9,1,189,4.52,1
7901,3520,2024-01-31,Starter,1,1,93,1.08,1
7902,3520,2024-02-07,Starter,3,1,87,4.21,1
7903,3524,2024-09-10,Business,47,22,8683,24.96,1
7904,3524,2024-09-17,Business,70,20,1954,69.92,1
7905,3524,2024-09-24,Business,45,13,5132,96.6,1
7906,3524,2024-10-01,Business,29,4,689,98.3,1
7907,3524,2024-10-08,Business,23,6,3625,25.04,1
7908,3525,2024-12-10,Pro,46,8,703,4.0,0
7909,3525,2024-12-17,Pro,33,6,936,14.31,0
7910,3525,2024-12-24,Pro,58,3,3854,3.88,0
7911,3525,2024-12-31,Pro,36,10,621,10.12,0
7912,3527,2024-04-11,Starter,14,3,630,2.89,1
7913,3527,2024-04-18,Starter,11,1,88,1.52,1
7914,3527,2024-04-25,Starter,7,1,129,4.67,1
7915,3527,2024-05-02,Starter,2,1,148,4.32,1
7916,3527,2024-05-09,Starter,2,1,97,2.97,1
7917,3529,2024-06-11,Pro,32,9,2247,5.8,1
7918,3529,2024-06-18,Pro,19,6,1507,11.37,1
7919,3529,2024-06-25,Pro,15,5,1190,11.45,1
7920,3529,2024-07-02,Pro,7,2,732,15.37,1
7921,3529,2024-07-09,Pro,4,2,197,9.76,1
7922,3535,2024-12-11,Enterprise,356,79,20736,364.12,0
7923,3535,2024-12-18,Enterprise,143,105,97303,422.18,0
7924,3535,2024-12-25,Enterprise,141,123,76700,452.79,0
7925,3540,2024-01-12,Business,123,24,13943,15.5,1
7926,3540,2024-01-19,Business,41,10,7248,78.5,1
7927,3540,2024-01-26,Business,39,15,3331,52.12,1
7928,3540,2024-02-02,Business,18,4,1120,60.93,1
7929,3540,2024-02-09,Business,17,9,746,70.4,1
7930,3541,2024-03-12,Pro,38,12,3389,15.92,0
7931,3541,2024-03-19,Pro,28,4,2989,14.28,0
7932,3541,2024-03-26,Pro,52,2,3050,17.45,0
7933,3541,2024-04-02,Pro,37,13,1250,6.1,0
7934,3541,2024-04-09,Pro,28,3,2172,11.14,0
7935,3541,2024-12-12,Business,125,35,2699,50.77,0
7936,3541,2024-12-19,Business,68,15,5118,41.56,0
7937,3541,2024-12-26,Business,61,20,17286,95.63,0
7938,3552,2024-12-13,Enterprise,422,162,42476,192.96,0
7939,3552,2024-12-20,Enterprise,409,40,45429,204.21,0
7940,3552,2024-12-27,Enterprise,259,59,71155,352.26,0
7941,3561,2023-11-14,Starter,9,1,502,4.47,1
7942,3561,2023-11-21,Starter,10,2,346,2.74,1
7943,3561,2023-11-28,Starter,8,1,35,0.76,1
7944,3561,2023-12-05,Starter,1,1,137,4.64,1
7945,3561,2023-12-12,Starter,1,1,196,1.9,1
7946,3562,2024-12-14,Starter,3,4,581,3.56,0
7947,3562,2024-12-21,Starter,9,2,907,3.49,0
7948,3562,2024-12-28,Starter,11,1,130,4.42,0
7949,3564,2024-02-14,Starter,10,3,177,2.98,1
7950,3564,2024-02-21,Starter,3,1,245,3.56,1
7951,3564,2024-02-28,Starter,6,1,284,3.68,1
7952,3564,2024-03-06,Starter,2,1,204,0.85,1
7953,3564,2024-03-13,Starter,3,1,168,5.08,1
7954,3569,2024-06-14,Pro,29,8,524,14.42,1
7955,3569,2024-06-21,Pro,14,3,2561,7.61,1
7956,3569,2024-06-28,Pro,18,3,1711,6.84,1
7957,3569,2024-07-05,Pro,4,1,266,14.49,1
7958,3569,2024-07-12,Pro,6,1,519,5.38,1
7959,3571,2024-04-15,Business,138,42,20632,89.74,0
7960,3571,2024-04-22,Business,157,36,7630,65.55,0
7961,3571,2024-04-29,Business,70,22,19328,16.3,0
7962,3571,2024-05-06,Business,132,16,9609,36.87,0
7963,3571,2024-05-13,Business,85,9,13333,87.15,0
7964,3571,2024-12-15,Pro,12,9,1468,6.02,0
7965,3571,2024-12-22,Pro,11,11,2907,7.25,0
7966,3571,2024-12-29,Pro,15,13,4799,4.33,0
7967,3572,2024-02-15,Starter,7,1,340,3.73,1
7968,3572,2024-02-22,Starter,5,2,497,3.22,1
7969,3572,2024-02-29,Starter,5,1,77,4.34,1
7970,3572,2024-03-07,Starter,2,1,172,3.45,1
7971,3572,2024-03-14,Starter,1,1,24,1.3,1
7972,3580,2024-12-16,Enterprise,184,53,29648,203.87,0
7973,3580,2024-12-23,Enterprise,294,73,71439,393.83,0
7974,3580,2024-12-30,Enterprise,180,215,10784,312.42,0
7975,3589,2024-04-17,Business,106,33,15309,15.63,0
7976,3589,2024-04-24,Business,97,49,1934,74.43,0
7977,3589,2024-05-01,Business,159,34,10451,26.57,0
7978,3589,2024-05-08,Business,65,35,12209,32.62,0
7979,3589,2024-05-15,Business,114,11,14931,86.4,0
7980,3589,2024-12-17,Pro,44,9,2776,3.2,0
7981,3589,2024-12-24,Pro,57,11,2099,2.9,0
7982,3589,2024-12-31,Pro,45,8,2548,14.35,0
7983,3598,2024-02-18,Business,72,32,4109,80.13,0
7984,3598,2024-02-25,Business,40,40,15314,18.43,0
7985,3598,2024-03-03,Business,81,22,15297,96.32,0
7986,3598,2024-03-10,Business,61,49,15458,94.61,0
7987,3598,2024-03-17,Business,71,14,14531,26.82,0
7988,3598,2024-12-18,Enterprise,561,60,10277,473.48,0
7989,3598,2024-12-25,Enterprise,141,181,107669,264.59,0
7990,3599,2024-02-18,Pro,8,5,2170,2.37,1
7991,3599,2024-02-25,Pro,19,2,1107,2.88,1
7992,3599,2024-03-03,Pro,5,3,1230,6.54,1
7993,3599,2024-03-10,Pro,3,1,899,10.15,1
7994,3599,2024-03-17,Pro,5,2,523,9.04,1
7995,3601,2024-12-18,Starter,13,2,755,2.02,0
7996,3601,2024-12-25,Starter,9,3,247,1.15,0
7997,3606,2024-05-18,Business,73,27,8641,53.17,0
7998,3606,2024-05-25,Business,72,28,15547,93.42,0
7999,3606,2024-06-01,Business,99,41,9926,85.25,0
8000,3606,2024-06-08,Business,54,33,9950,22.25,0
8001,3606,2024-06-15,Business,25,38,10594,48.32,0
8002,3606,2024-12-18,Enterprise,243,58,55585,450.19,0
8003,3606,2024-12-25,Enterprise,334,105,35665,313.86,0
8004,3609,2024-03-18,Starter,12,4,1025,2.87,0
8005,3609,2024-03-25,Starter,9,3,882,1.95,0
8006,3609,2024-04-01,Starter,17,1,458,1.34,0
8007,3609,2024-04-08,Starter,7,4,662,3.34,0
8008,3609,2024-04-15,Starter,12,2,356,1.45,0
8009,3609,2024-08-18,Pro,33,13,2438,4.24,0
8010,3609,2024-08-25,Pro,27,2,890,10.57,0
8011,3609,2024-09-01,Pro,31,9,4170,4.21,0
8012,3609,2024-09-08,Pro,36,12,1739,13.14,0
8013,3609,2024-09-15,Pro,26,9,4086,13.12,0
8014,3609,2024-12-18,Starter,19,4,615,1.6,0
8015,3609,2024-12-25,Starter,13,2,843,4.52,0
8016,3610,2024-02-18,Enterprise,68,90,53557,131.09,1
8017,3610,2024-02-25,Enterprise,62,77,20477,228.46,1
8018,3610,2024-03-03,Enterprise,85,35,17714,339.71,1
8019,3610,2024-03-10,Enterprise,53,24,2756,356.7,1
8020,3610,2024-03-17,Enterprise,33,14,12401,489.97,1
8021,3616,2024-08-19,Starter,17,1,1084,0.57,0
8022,3616,2024-08-26,Starter,12,2,695,4.76,0
8023,3616,2024-09-02,Starter,13,3,223,0.96,0
8024,3616,2024-09-09,Starter,10,1,443,4.02,0
8025,3616,2024-09-16,Starter,11,1,628,3.6,0
8026,3616,2024-10-19,Pro,36,3,1062,7.16,0
8027,3616,2024-10-26,Pro,34,10,1436,7.88,0
8028,3616,2024-11-02,Pro,19,4,1065,6.12,0
8029,3616,2024-11-09,Pro,26,8,882,7.94,0
8030,3616,2024-11-16,Pro,27,6,1214,11.19,0
8031,3616,2024-12-19,Starter,2,1,280,2.44,1
8032,3616,2024-12-26,Starter,2,1,34,3.56,1
8033,3618,2023-12-19,Starter,12,4,197,1.52,0
8034,3618,2023-12-26,Starter,14,5,144,1.14,0
8035,3618,2024-01-02,Starter,10,1,922,1.35,0
8036,3618,2024-01-09,Starter,16,3,736,2.14,0
8037,3618,2024-01-16,Starter,14,1,724,1.95,0
8038,3618,2024-04-19,Pro,25,4,3691,9.15,0
8039,3618,2024-04-26,Pro,15,7,5108,13.14,0
8040,3618,2024-05-03,Pro,22,9,3338,4.67,0
8041,3618,2024-05-10,Pro,40,10,4770,4.74,0
8042,3618,2024-05-17,Pro,39,6,3995,13.18,0
8043,3618,2024-10-19,Business,64,35,8705,59.6,0
8044,3618,2024-10-26,Business,64,50,11125,36.47,0
8045,3618,2024-11-02,Business,41,20,5449,86.16,0
8046,3618,2024-11-09,Business,79,44,3621,73.19,0
8047,3618,2024-11-16,Business,31,28,11623,16.02,0
8048,3618,2024-12-19,Enterprise,489,47,35011,395.28,0
8049,3618,2024-12-26,Enterprise,144,154,58461,414.17,0
8050,3628,2024-08-20,Starter,9,1,753,3.47,0
8051,3628,2024-08-27,Starter,6,4,1019,4.08,0
8052,3628,2024-09-03,Starter,13,3,909,0.94,0
8053,3628,2024-09-10,Starter,6,4,637,3.39,0
8054,3628,2024-09-17,Starter,7,1,853,3.69,0
8055,3628,2024-12-20,Pro,17,13,1036,2.18,0
8056,3628,2024-12-27,Pro,44,13,3131,6.35,0
8057,3629,2024-08-20,Business,38,14,12957,28.83,1
8058,3629,2024-08-27,Business,68,7,3001,35.14,1
8059,3629,2024-09-03,Business,30,6,5511,62.0,1
8060,3629,2024-09-10,Business,12,9,4035,22.92,1
8061,3629,2024-09-17,Business,23,6,3323,44.98,1
8062,3630,2023-11-20,Pro,40,2,826,19.8,1
8063,3630,2023-11-27,Pro,13,4,2099,12.08,1
8064,3630,2023-12-04,Pro,7,5,420,16.49,1
8065,3630,2023-12-11,Pro,3,1,698,11.95,1
8066,3630,2023-12-18,Pro,3,2,824,15.99,1
8067,3635,2024-08-20,Pro,40,5,1943,12.63,0
8068,3635,2024-08-27,Pro,49,12,2973,13.47,0
8069,3635,2024-09-03,Pro,33,14,1432,11.95,0
8070,3635,2024-09-10,Pro,40,9,2362,11.38,0
8071,3635,2024-09-17,Pro,29,5,3646,8.14,0
8072,3635,2024-12-20,Business,68,24,14651,52.93,0
8073,3635,2024-12-27,Business,41,25,7268,78.71,0
8074,3636,2023-12-20,Pro,22,2,3189,6.25,1
8075,3636,2023-12-27,Pro,25,4,2090,17.15,1
8076,3636,2024-01-03,Pro,6,3,741,8.0,1
8077,3636,2024-01-10,Pro,8,1,655,8.81,1
8078,3636,2024-01-17,Pro,10,1,522,3.74,1
8079,3637,2024-04-20,Pro,21,7,2121,14.51,1
8080,3637,2024-04-27,Pro,11,7,731,4.64,1
8081,3637,2024-05-04,Pro,9,2,1340,7.73,1
8082,3637,2024-05-11,Pro,6,1,695,9.84,1
8083,3637,2024-05-18,Pro,4,2,401,11.56,1
8084,3642,2024-12-21,Business,94,14,4646,81.03,0
8085,3642,2024-12-28,Business,51,34,13860,11.78,0
8086,3645,2023-12-21,Business,29,14,7492,69.52,1
8087,3645,2023-12-28,Business,54,6,8361,36.2,1
8088,3645,2024-01-04,Business,30,5,7520,44.74,1
8089,3645,2024-01-11,Business,39,11,2075,21.14,1
8090,3645,2024-01-18,Business,20,8,2620,25.5,1
8091,3647,2024-02-22,Enterprise,270,54,68174,170.61,0
8092,3647,2024-02-29,Enterprise,468,102,29996,481.21,0
8093,3647,2024-03-07,Enterprise,199,67,110100,119.52,0
8094,3647,2024-03-14,Enterprise,140,112,13793,416.73,0
8095,3647,2024-03-21,Enterprise,438,139,67590,388.49,0
8096,3647,2024-12-22,Business,74,20,12909,100.25,0
8097,3647,2024-12-29,Business,91,36,12574,32.2,0
8098,3651,2024-12-22,Pro,21,3,3220,18.33,0
8099,3651,2024-12-29,Pro,42,7,1502,4.32,0
8100,3656,2024-01-22,Pro,32,8,1349,4.44,1
8101,3656,2024-01-29,Pro,20,4,2644,17.81,1
8102,3656,2024-02-05,Pro,23,1,2019,18.37,1
8103,3656,2024-02-12,Pro,7,1,968,8.76,1
8104,3656,2024-02-19,Pro,4,1,538,8.33,1
8105,3659,2024-02-23,Starter,9,1,583,4.37,0
8106,3659,2024-03-01,Starter,10,1,1059,3.48,0
8107,3659,2024-03-08,Starter,6,1,860,0.72,0
8108,3659,2024-03-15,Starter,14,3,312,4.93,0
8109,3659,2024-03-22,Starter,18,2,381,1.53,0
8110,3659,2024-12-23,Pro,23,7,1982,3.95,0
8111,3659,2024-12-30,Pro,33,15,1378,14.01,0
8112,3663,2024-03-23,Enterprise,195,126,23978,304.5,0
8113,3663,2024-03-30,Enterprise,63,194,86172,280.04,0
8114,3663,2024-04-06,Enterprise,105,166,67674,279.72,0
8115,3663,2024-04-13,Enterprise,293,201,81830,65.02,0
8116,3663,2024-04-20,Enterprise,200,131,84317,127.4,0
8117,3663,2024-07-23,Business,80,8,8678,19.14,1
8118,3663,2024-07-30,Business,99,12,2984,28.91,1
8119,3663,2024-08-06,Business,34,7,2884,38.9,1
8120,3663,2024-08-13,Business,20,12,526,51.76,1
8121,3663,2024-08-20,Business,21,5,2227,14.48,1
8122,3664,2024-05-23,Enterprise,309,124,46783,227.56,0
8123,3664,2024-05-30,Enterprise,402,163,16808,419.17,0
8124,3664,2024-06-06,Enterprise,364,80,24458,185.87,0
8125,3664,2024-06-13,Enterprise,381,55,11314,320.76,0
8126,3664,2024-06-20,Enterprise,119,217,100415,206.14,0
8127,3664,2024-07-23,Business,79,16,5824,62.74,1
8128,3664,2024-07-30,Business,64,22,1815,32.64,1
8129,3664,2024-08-06,Business,21,12,7306,46.19,1
8130,3664,2024-08-13,Business,30,5,3808,11.55,1
8131,3664,2024-08-20,Business,8,9,1386,36.93,1
8132,3665,2024-02-23,Pro,33,7,665,15.05,1
8133,3665,2024-03-01,Pro,12,6,442,13.5,1
8134,3665,2024-03-08,Pro,12,2,1081,14.78,1
8135,3665,2024-03-15,Pro,8,2,781,14.05,1
8136,3665,2024-03-22,Pro,9,2,1114,11.08,1
8137,3672,2024-03-24,Starter,7,3,297,2.37,1
8138,3672,2024-03-31,Starter,7,1,186,1.88,1
8139,3672,2024-04-07,Starter,2,1,61,4.12,1
8140,3672,2024-04-14,Starter,1,1,240,3.52,1
8141,3672,2024-04-21,Starter,2,1,37,2.76,1
8142,3674,2024-12-25,Starter,5,3,902,4.82,0
8143,3676,2024-01-25,Starter,13,1,894,0.67,0
8144,3676,2024-02-01,Starter,5,1,786,3.97,0
8145,3676,2024-02-08,Starter,17,3,833,3.85,0
8146,3676,2024-02-15,Starter,16,2,472,1.23,0
8147,3676,2024-02-22,Starter,8,4,985,3.11,0
8148,3676,2024-09-25,Pro,18,7,667,17.86,1
8149,3676,2024-10-02,Pro,22,6,475,6.47,1
8150,3676,2024-10-09,Pro,6,4,845,9.13,1
8151,3676,2024-10-16,Pro,6,1,126,12.23,1
8152,3676,2024-10-23,Pro,5,1,313,8.82,1
8153,3678,2024-12-25,Business,76,50,8929,49.6,0
8154,3684,2024-12-26,Starter,20,1,604,2.13,0
8155,3686,2024-12-26,Enterprise,147,78,93819,154.8,0
8156,3690,2024-03-26,Starter,4,3,108,1.43,1
8157,3690,2024-04-02,Starter,4,1,136,1.71,1
8158,3690,2024-04-09,Starter,5,1,311,1.29,1
8159,3690,2024-04-16,Starter,2,1,38,2.62,1
8160,3690,2024-04-23,Starter,1,1,212,2.15,1
8161,3692,2024-03-26,Enterprise,86,122,78243,433.88,0
8162,3692,2024-04-02,Enterprise,132,191,71854,274.38,0
8163,3692,2024-04-09,Enterprise,229,40,34635,272.95,0
8164,3692,2024-04-16,Enterprise,189,87,49394,230.16,0
8165,3692,2024-04-23,Enterprise,374,86,45523,352.53,0
8166,3692,2024-12-26,Business,124,53,9875,22.6,0
8167,3695,2024-05-27,Starter,7,1,232,2.85,0
8168,3695,2024-06-03,Starter,8,2,832,3.05,0
8169,3695,2024-06-10,Starter,12,3,754,3.95,0
8170,3695,2024-06-17,Starter,7,1,136,1.41,0
8171,3695,2024-06-24,Starter,18,2,563,1.41,0
8172,3695,2024-12-27,Pro,49,13,3293,6.15,0
8173,3699,2023-11-27,Business,39,12,18342,78.15,0
8174,3699,2023-12-04,Business,78,24,11651,79.65,0
8175,3699,2023-12-11,Business,154,31,9286,14.0,0
8176,3699,2023-12-18,Business,91,20,3874,49.78,0
8177,3699,2023-12-25,Business,103,11,17154,75.06,0
8178,3699,2024-01-27,Pro,16,9,1217,7.19,0
8179,3699,2024-02-03,Pro,13,3,3971,12.89,0
8180,3699,2024-02-10,Pro,27,8,3306,15.08,0
8181,3699,2024-02-17,Pro,13,11,3386,6.29,0
8182,3699,2024-02-24,Pro,11,11,1795,3.82,0
8183,3699,2024-11-27,Business,58,31,8314,50.44,1
8184,3699,2024-12-04,Business,84,25,2856,92.43,1
8185,3699,2024-12-11,Business,29,9,3040,69.47,1
8186,3699,2024-12-18,Business,23,7,2906,88.02,1
8187,3699,2024-12-25,Business,9,5,1681,82.4,1
8188,3703,2024-12-28,Enterprise,119,117,97936,517.78,0
8189,3705,2024-12-28,Business,54,30,8948,87.02,0
8190,3706,2024-08-28,Starter,4,3,458,3.36,1
8191,3706,2024-09-04,Starter,5,1,120,3.74,1
8192,3706,2024-09-11,Starter,5,1,230,1.7,1
8193,3706,2024-09-18,Starter,4,1,192,1.24,1
8194,3706,2024-09-25,Starter,1,1,83,4.45,1
8195,3708,2024-06-28,Pro,56,13,781,9.43,0
8196,3708,2024-07-05,Pro,22,10,2936,15.05,0
8197,3708,2024-07-12,Pro,60,11,3318,12.5,0
8198,3708,2024-07-19,Pro,44,5,1712,14.09,0
8199,3708,2024-07-26,Pro,42,8,956,18.63,0
8200,3708,2024-12-28,Business,70,49,14742,16.83,0
8201,3710,2024-03-29,Starter,10,1,457,3.71,1
8202,3710,2024-04-05,Starter,3,2,123,2.08,1
8203,3710,2024-04-12,Starter,6,1,337,0.71,1
8204,3710,2024-04-19,Starter,2,1,71,1.36,1
8205,3710,2024-04-26,Starter,2,1,153,0.62,1
8206,3713,2023-11-29,Starter,6,1,650,4.75,1
8207,3713,2023-12-06,Starter,3,2,368,3.07,1
8208,3713,2023-12-13,Starter,2,1,291,1.78,1
8209,3713,2023-12-20,Starter,1,1,52,1.19,1
8210,3713,2023-12-27,Starter,2,1,188,0.5,1
8211,3716,2024-11-29,Enterprise,469,194,39744,405.56,0
8212,3716,2024-12-06,Enterprise,148,57,86385,476.69,0
8213,3716,2024-12-13,Enterprise,309,161,92039,278.51,0
8214,3716,2024-12-20,Enterprise,443,146,54617,270.87,0
8215,3716,2024-12-27,Enterprise,313,73,24887,71.06,0
8216,3716,2024-12-29,Business,39,15,10560,39.39,0
8217,3726,2024-12-29,Pro,21,6,4096,17.39,0
8218,3727,2024-12-29,Business,74,48,9197,75.35,0
8219,3728,2024-01-30,Enterprise,252,76,63607,319.96,1
8220,3728,2024-02-06,Enterprise,210,45,42005,453.1,1
8221,3728,2024-02-13,Enterprise,38,16,33151,216.98,1
8222,3728,2024-02-20,Enterprise,60,9,3969,386.54,1
8223,3728,2024-02-27,Enterprise,41,33,7953,117.54,1
8224,3729,2024-08-29,Starter,10,3,759,0.78,1
8225,3729,2024-09-05,Starter,4,1,79,4.86,1
8226,3729,2024-09-12,Starter,2,1,329,3.91,1
8227,3729,2024-09-19,Starter,1,1,43,1.42,1
8228,3729,2024-09-26,Starter,3,1,167,1.44,1
8229,3735,2024-12-01,Pro,17,5,3391,18.27,0
8230,3735,2024-12-08,Pro,14,14,4821,11.31,0
8231,3735,2024-12-15,Pro,10,4,1833,17.74,0
8232,3735,2024-12-22,Pro,43,9,3119,5.2,0
8233,3735,2024-12-29,Pro,22,15,486,20.61,0
8234,3737,2024-04-01,Starter,5,4,166,3.16,0
8235,3737,2024-04-08,Starter,14,2,771,3.56,0
8236,3737,2024-04-15,Starter,6,4,781,3.79,0
8237,3737,2024-04-22,Starter,13,4,232,2.42,0
8238,3737,2024-04-29,Starter,18,4,262,3.2,0
8239,3737,2024-12-01,Pro,26,9,442,7.0,0
8240,3737,2024-12-08,Pro,26,2,3836,12.49,0
8241,3737,2024-12-15,Pro,34,14,2390,15.17,0
8242,3737,2024-12-22,Pro,28,5,1914,17.08,0
8243,3737,2024-12-29,Pro,18,10,4303,14.19,0
8244,3743,2024-04-01,Enterprise,130,60,20826,427.12,1
8245,3743,2024-04-08,Enterprise,218,54,5659,212.58,1
8246,3743,2024-04-15,Enterprise,67,49,27858,102.54,1
8247,3743,2024-04-22,Enterprise,108,25,4826,354.16,1
8248,3743,2024-04-29,Enterprise,43,14,9097,425.55,1
8249,3749,2024-01-02,Starter,5,2,628,1.05,1
8250,3749,2024-01-09,Starter,5,2,169,0.77,1
8251,3749,2024-01-16,Starter,3,1,153,1.03,1
8252,3749,2024-01-23,Starter,2,1,100,0.75,1
8253,3749,2024-01-30,Starter,2,1,62,0.79,1
8254,3750,2024-12-02,Enterprise,201,68,52831,410.1,0
8255,3750,2024-12-09,Enterprise,314,137,86697,409.91,0
8256,3750,2024-12-16,Enterprise,110,49,40457,116.38,0
8257,3750,2024-12-23,Enterprise,342,152,49150,206.71,0
8258,3750,2024-12-30,Enterprise,407,175,79142,246.31,0
8259,3754,2024-09-02,Starter,10,3,82,2.39,1
8260,3754,2024-09-09,Starter,2,1,557,0.66,1
8261,3754,2024-09-16,Starter,1,1,293,4.8,1
8262,3754,2024-09-23,Starter,1,1,191,3.34,1
8263,3754,2024-09-30,Starter,3,1,206,4.04,1
8264,3755,2024-12-02,Pro,49,3,3550,6.52,0
8265,3755,2024-12-09,Pro,23,3,1727,16.25,0
8266,3755,2024-12-16,Pro,49,6,4597,12.31,0
8267,3755,2024-12-23,Pro,23,14,1655,16.76,0
8268,3755,2024-12-30,Pro,47,7,3598,10.26,0
8269,3763,2024-03-03,Enterprise,286,160,78228,87.29,0
8270,3763,2024-03-10,Enterprise,131,39,45680,514.11,0
8271,3763,2024-03-17,Enterprise,144,171,83950,57.23,0
8272,3763,2024-03-24,Enterprise,194,160,67418,334.41,0
8273,3763,2024-03-31,Enterprise,113,61,76386,71.79,0
8274,3763,2024-11-03,Business,103,40,15887,72.61,0
8275,3763,2024-11-10,Business,86,51,7239,65.79,0
8276,3763,2024-11-17,Business,43,44,2816,87.71,0
8277,3763,2024-11-24,Business,36,34,14295,68.8,0
8278,3763,2024-12-01,Business,74,19,4549,58.27,0
8279,3763,2024-12-03,Enterprise,254,103,75347,471.77,0
8280,3763,2024-12-10,Enterprise,373,177,46441,423.59,0
8281,3763,2024-12-17,Enterprise,466,160,71274,343.84,0
8282,3763,2024-12-24,Enterprise,171,182,39007,82.83,0
8283,3763,2024-12-31,Enterprise,409,148,45532,53.3,0
8284,3768,2024-04-04,Enterprise,399,137,54629,439.69,0
8285,3768,2024-04-11,Enterprise,346,203,83191,178.67,0
8286,3768,2024-04-18,Enterprise,384,152,63139,344.89,0
8287,3768,2024-04-25,Enterprise,284,83,70863,63.81,0
8288,3768,2024-05-02,Enterprise,336,93,10355,320.86,0
8289,3768,2024-12-04,Business,68,12,12734,16.17,0
8290,3768,2024-12-11,Business,63,19,15460,76.96,0
8291,3768,2024-12-18,Business,151,10,7864,98.98,0
8292,3768,2024-12-25,Business,50,50,3834,99.31,0
8293,3772,2024-12-04,Starter,12,3,117,2.24,1
8294,3772,2024-12-11,Starter,3,1,339,2.45,1
8295,3772,2024-12-18,Starter,3,1,231,1.75,1
8296,3772,2024-12-25,Starter,2,1,63,2.01,1
8297,3774,2024-06-04,Starter,10,3,220,2.97,1
8298,3774,2024-06-11,Starter,6,1,94,3.47,1
8299,3774,2024-06-18,Starter,3,1,241,1.05,1
8300,3774,2024-06-25,Starter,3,1,151,3.41,1
8301,3774,2024-07-02,Starter,2,1,161,3.34,1
8302,3791,2023-12-05,Pro,57,10,1445,12.92,0
8303,3791,2023-12-12,Pro,47,3,3487,16.24,0
8304,3791,2023-12-19,Pro,17,5,2652,2.34,0
8305,3791,2023-12-26,Pro,22,5,2499,8.59,0
8306,3791,2024-01-02,Pro,51,9,1704,17.61,0
8307,3791,2024-12-05,Business,42,12,9141,37.29,1
8308,3791,2024-12-12,Business,67,23,8211,72.3,1
8309,3791,2024-12-19,Business,40,14,4857,38.78,1
8310,3791,2024-12-26,Business,9,6,956,70.58,1
8311,3793,2024-12-06,Business,103,43,15656,81.29,0
8312,3793,2024-12-13,Business,102,26,4359,77.1,0
8313,3793,2024-12-20,Business,101,32,4520,67.31,0
8314,3793,2024-12-27,Business,95,19,17135,73.32,0
8315,3803,2024-01-07,Starter,4,4,664,2.15,0
8316,3803,2024-01-14,Starter,10,4,248,4.39,0
8317,3803,2024-01-21,Starter,4,2,271,4.27,0
8318,3803,2024-01-28,Starter,11,3,754,1.33,0
8319,3803,2024-02-04,Starter,11,4,146,5.09,0
8320,3803,2024-10-07,Starter,13,3,298,4.83,0
8321,3803,2024-10-14,Starter,11,4,1073,4.52,0
8322,3803,2024-10-21,Starter,4,1,806,1.99,0
8323,3803,2024-10-28,Starter,13,1,162,4.3,0
8324,3803,2024-11-04,Starter,15,4,294,4.54,0
8325,3803,2024-11-11,Starter,11,1,986,3.45,0
8326,3803,2024-11-18,Starter,10,5,260,2.55,0
8327,3803,2024-11-25,Starter,14,3,535,1.16,0
8328,3803,2024-12-02,Starter,15,4,686,4.65,0
8329,3803,2024-12-09,Starter,17,3,815,5.16,0
8330,3803,2024-12-16,Starter,7,4,490,4.83,0
8331,3803,2024-12-23,Starter,19,2,626,2.14,0
8332,3803,2024-12-30,Starter,15,4,612,3.12,0
8333,3806,2024-07-07,Business,33,18,14804,56.48,0
8334,3806,2024-07-14,Business,77,26,13704,28.25,0
8335,3806,2024-07-21,Business,77,38,13837,71.06,0
8336,3806,2024-07-28,Business,110,33,7068,94.49,0
8337,3806,2024-08-04,Business,51,43,11734,11.09,0
8338,3806,2024-12-07,Enterprise,74,108,95041,317.8,0
8339,3806,2024-12-14,Enterprise,125,136,57585,452.31,0
8340,3806,2024-12-21,Enterprise,214,101,13664,118.96,0
8341,3806,2024-12-28,Enterprise,138,93,78571,337.18,0
8342,3817,2024-06-08,Starter,9,1,138,2.12,1
8343,3817,2024-06-15,Starter,1,2,296,4.71,1
8344,3817,2024-06-22,Starter,4,1,290,1.24,1
8345,3817,2024-06-29,Starter,1,1,187,1.83,1
8346,3817,2024-07-06,Starter,2,1,55,1.71,1
8347,3819,2024-04-08,Starter,9,3,794,3.36,1
8348,3819,2024-04-15,Starter,3,2,87,2.27,1
8349,3819,2024-04-22,Starter,4,1,239,1.94,1
8350,3819,2024-04-29,Starter,3,1,153,3.5,1
8351,3819,2024-05-06,Starter,1,1,190,2.18,1
8352,3827,2024-06-09,Starter,6,1,643,0.56,1
8353,3827,2024-06-16,Starter,5,1,446,0.65,1
8354,3827,2024-06-23,Starter,4,1,125,2.79,1
8355,3827,2024-06-30,Starter,2,1,84,2.33,1
8356,3827,2024-07-07,Starter,2,1,96,3.93,1
8357,3832,2024-12-09,Enterprise,387,96,49642,394.93,0
8358,3832,2024-12-16,Enterprise,277,68,49398,152.92,0
8359,3832,2024-12-23,Enterprise,397,136,28638,513.33,0
8360,3832,2024-12-30,Enterprise,369,73,44956,426.91,0
8361,3834,2024-01-09,Starter,3,1,447,2.54,1
8362,3834,2024-01-16,Starter,11,2,118,1.57,1
8363,3834,2024-01-23,Starter,7,1,294,2.01,1
8364,3834,2024-01-30,Starter,1,1,172,4.19,1
8365,3834,2024-02-06,Starter,2,1,30,2.18,1
8366,3836,2024-03-10,Enterprise,206,189,94621,414.26,0
8367,3836,2024-03-17,Enterprise,286,104,55266,195.71,0
8368,3836,2024-03-24,Enterprise,184,163,55870,390.92,0
8369,3836,2024-03-31,Enterprise,118,126,54211,164.07,0
8370,3836,2024-04-07,Enterprise,246,180,36878,268.44,0
8371,3836,2024-12-10,Business,56,53,7142,70.71,0
8372,3836,2024-12-17,Business,102,11,13991,91.92,0
8373,3836,2024-12-24,Business,64,16,15396,11.59,0
8374,3836,2024-12-31,Business,165,46,10489,72.55,0
8375,3842,2024-02-10,Business,21,26,11035,42.0,1
8376,3842,2024-02-17,Business,27,9,9211,41.18,1
8377,3842,2024-02-24,Business,28,10,5247,67.9,1
8378,3842,2024-03-02,Business,13,8,2185,34.62,1
8379,3842,2024-03-09,Business,9,7,2631,74.33,1
8380,3844,2024-03-11,Business,58,24,4124,55.32,0
8381,3844,2024-03-18,Business,141,19,13535,79.38,0
8382,3844,2024-03-25,Business,88,21,7120,75.84,0
8383,3844,2024-04-01,Business,48,11,5092,47.54,0
8384,3844,2024-04-08,Business,163,28,12909,16.91,0
8385,3844,2024-05-11,Enterprise,324,121,44526,184.34,0
8386,3844,2024-05-18,Enterprise,164,165,25725,319.44,0
8387,3844,2024-05-25,Enterprise,313,140,28530,259.17,0
8388,3844,2024-06-01,Enterprise,258,156,100404,369.35,0
8389,3844,2024-06-08,Enterprise,312,208,84419,258.99,0
8390,3844,2024-12-11,Business,71,16,5504,40.04,0
8391,3844,2024-12-18,Business,53,10,16592,33.88,0
8392,3844,2024-12-25,Business,153,42,8444,37.84,0
8393,3845,2024-01-11,Pro,48,6,2225,10.93,0
8394,3845,2024-01-18,Pro,48,9,4150,4.55,0
8395,3845,2024-01-25,Pro,27,3,1463,9.75,0
8396,3845,2024-02-01,Pro,27,4,4785,15.43,0
8397,3845,2024-02-08,Pro,18,9,1060,2.58,0
8398,3845,2024-03-11,Starter,10,3,180,4.71,0
8399,3845,2024-03-18,Starter,8,1,134,1.76,0
8400,3845,2024-03-25,Starter,14,1,514,1.11,0
8401,3845,2024-04-01,Starter,16,4,936,4.17,0
8402,3845,2024-04-08,Starter,8,2,497,4.08,0
8403,3845,2024-09-11,Pro,24,10,2911,12.18,1
8404,3845,2024-09-18,Pro,22,4,1873,14.25,1
8405,3845,2024-09-25,Pro,16,3,966,4.05,1
8406,3845,2024-10-02,Pro,9,2,835,5.67,1
8407,3845,2024-10-09,Pro,4,1,145,5.74,1
8408,3846,2024-09-11,Enterprise,414,77,27154,481.07,0
8409,3846,2024-09-18,Enterprise,197,188,34884,130.62,0
8410,3846,2024-09-25,Enterprise,540,121,86298,309.55,0
8411,3846,2024-10-02,Enterprise,235,207,89146,150.83,0
8412,3846,2024-10-09,Enterprise,441,112,63080,72.16,0
8413,3846,2024-12-11,Business,77,39,5460,56.99,0
8414,3846,2024-12-18,Business,98,32,15568,74.22,0
8415,3846,2024-12-25,Business,165,30,6935,47.7,0
8416,3847,2024-12-11,Enterprise,280,98,9904,479.27,0
8417,3847,2024-12-18,Enterprise,509,90,14263,76.36,0
8418,3847,2024-12-25,Enterprise,338,87,39403,227.08,0
8419,3850,2023-12-11,Starter,8,2,552,1.92,1
8420,3850,2023-12-18,Starter,11,1,450,1.34,1
8421,3850,2023-12-25,Starter,3,1,60,1.87,1
8422,3850,2024-01-01,Starter,2,1,58,4.77,1
8423,3850,2024-01-08,Starter,2,1,121,4.9,1
8424,3852,2023-12-11,Pro,47,6,4220,9.7,0
8425,3852,2023-12-18,Pro,28,10,2325,9.57,0
8426,3852,2023-12-25,Pro,36,10,1299,18.47,0
8427,3852,2024-01-01,Pro,58,4,2133,11.1,0
8428,3852,2024-01-08,Pro,28,7,1071,13.84,0
8429,3852,2024-10-11,Starter,7,4,680,3.58,0
8430,3852,2024-10-18,Starter,18,1,510,4.23,0
8431,3852,2024-10-25,Starter,12,1,1065,1.85,0
8432,3852,2024-11-01,Starter,13,3,939,2.15,0
8433,3852,2024-11-08,Starter,13,1,559,1.67,0
8434,3852,2024-11-15,Starter,11,1,354,0.67,0
8435,3852,2024-11-22,Starter,15,1,250,1.02,0
8436,3852,2024-11-29,Starter,9,2,859,2.71,0
8437,3852,2024-12-06,Starter,10,1,242,0.58,0
8438,3852,2024-12-13,Starter,8,1,946,1.63,0
8439,3852,2024-12-20,Starter,21,3,325,2.77,0
8440,3852,2024-12-27,Starter,6,2,892,1.41,0
8441,3853,2024-03-11,Business,95,32,7966,29.1,0
8442,3853,2024-03-18,Business,90,10,10651,85.79,0
8443,3853,2024-03-25,Business,83,10,5103,77.01,0
8444,3853,2024-04-01,Business,137,33,8928,54.68,0
8445,3853,2024-04-08,Business,173,39,12843,75.11,0
8446,3853,2024-12-11,Enterprise,273,134,51339,404.29,0
8447,3853,2024-12-18,Enterprise,110,152,91743,66.45,0
8448,3853,2024-12-25,Enterprise,280,123,34332,78.53,0
8449,3859,2024-12-12,Pro,24,8,4475,7.65,0
8450,3859,2024-12-19,Pro,19,5,1748,11.06,0
8451,3859,2024-12-26,Pro,31,14,4004,2.64,0
8452,3861,2024-06-12,Business,90,47,10963,50.63,0
8453,3861,2024-06-19,Business,112,29,12974,52.19,0
8454,3861,2024-06-26,Business,55,15,12976,45.62,0
8455,3861,2024-07-03,Business,52,15,11503,20.01,0
8456,3861,2024-07-10,Business,120,40,13092,55.99,0
8457,3861,2024-07-12,Enterprise,399,139,19629,470.05,0
8458,3861,2024-07-19,Enterprise,203,167,16748,173.64,0
8459,3861,2024-07-26,Enterprise,241,153,89062,227.44,0
8460,3861,2024-08-02,Enterprise,262,174,31197,269.32,0
8461,3861,2024-08-09,Enterprise,138,148,61416,366.97,0
8462,3861,2024-12-12,Business,134,25,10149,82.93,0
8463,3861,2024-12-19,Business,54,33,9987,57.05,0
8464,3861,2024-12-26,Business,62,29,6818,51.68,0
8465,3864,2024-05-12,Business,63,15,1733,84.07,0
8466,3864,2024-05-19,Business,57,12,11349,60.97,0
8467,3864,2024-05-26,Business,40,23,14632,61.18,0
8468,3864,2024-06-02,Business,82,25,7868,45.58,0
8469,3864,2024-06-09,Business,65,29,3556,89.85,0
8470,3864,2024-12-12,Enterprise,124,166,51413,143.87,0
8471,3864,2024-12-19,Enterprise,185,100,56180,357.01,0
8472,3864,2024-12-26,Enterprise,355,71,26818,187.29,0
8473,3867,2024-09-13,Business,82,29,13731,99.51,0
8474,3867,2024-09-20,Business,62,42,10587,59.36,0
8475,3867,2024-09-27,Business,125,21,6132,94.53,0
8476,3867,2024-10-04,Business,92,10,3547,13.37,0
8477,3867,2024-10-11,Business,51,13,14680,87.63,0
8478,3867,2024-12-13,Pro,22,3,3740,8.95,0
8479,3867,2024-12-20,Pro,38,8,3507,14.08,0
8480,3867,2024-12-27,Pro,64,7,4751,18.6,0
8481,3871,2024-08-13,Enterprise,132,183,32370,127.62,0
8482,3871,2024-08-20,Enterprise,90,170,72019,444.35,0
8483,3871,2024-08-27,Enterprise,183,31,82400,78.83,0
8484,3871,2024-09-03,Enterprise,293,185,68790,182.42,0
8485,3871,2024-09-10,Enterprise,177,42,39348,250.11,0
8486,3871,2024-12-13,Business,111,18,2465,68.16,0
8487,3871,2024-12-20,Business,96,42,17272,74.37,0
8488,3871,2024-12-27,Business,92,42,7645,89.68,0
8489,3874,2024-10-14,Pro,18,9,2627,3.79,1
8490,3874,2024-10-21,Pro,26,7,2696,11.01,1
8491,3874,2024-10-28,Pro,22,4,1808,4.32,1
8492,3874,2024-11-04,Pro,11,1,745,17.94,1
8493,3874,2024-11-11,Pro,4,2,960,17.39,1
8494,3877,2024-12-14,Enterprise,133,162,84572,297.28,0
8495,3877,2024-12-21,Enterprise,162,60,51274,141.12,0
8496,3877,2024-12-28,Enterprise,309,74,82829,312.4,0
8497,3878,2024-05-14,Starter,5,3,816,1.69,0
8498,3878,2024-05-21,Starter,7,1,160,0.96,0
8499,3878,2024-05-28,Starter,7,2,564,0.97,0
8500,3878,2024-06-04,Starter,7,1,128,1.67,0
8501,3878,2024-06-11,Starter,14,5,833,0.95,0
8502,3878,2024-07-14,Pro,33,7,1948,2.37,0
8503,3878,2024-07-21,Pro,9,3,4914,14.64,0
8504,3878,2024-07-28,Pro,16,11,3940,17.51,0
8505,3878,2024-08-04,Pro,25,9,2086,4.15,0
8506,3878,2024-08-11,Pro,32,3,3580,10.34,0
8507,3878,2024-12-14,Starter,5,2,742,1.04,0
8508,3878,2024-12-21,Starter,4,1,592,4.35,0
8509,3878,2024-12-28,Starter,8,3,329,4.22,0
8510,3879,2024-06-14,Starter,12,3,800,1.9,0
8511,3879,2024-06-21,Starter,12,3,159,2.39,0
8512,3879,2024-06-28,Starter,14,3,669,1.88,0
8513,3879,2024-07-05,Starter,15,1,821,3.28,0
8514,3879,2024-07-12,Starter,16,1,258,1.35,0
8515,3879,2024-12-14,Pro,29,5,3063,17.43,0
8516,3879,2024-12-21,Pro,25,4,1082,3.2,0
8517,3879,2024-12-28,Pro,13,6,5588,3.54,0
8518,3881,2023-12-14,Starter,14,1,89,3.0,1
8519,3881,2023-12-21,Starter,5,1,470,3.49,1
8520,3881,2023-12-28,Starter,4,1,69,1.31,1
8521,3881,2024-01-04,Starter,3,1,158,2.68,1
8522,3881,2024-01-11,Starter,2,1,27,3.06,1
8523,3883,2024-05-14,Starter,8,2,761,4.81,0
8524,3883,2024-05-21,Starter,6,4,1017,4.1,0
8525,3883,2024-05-28,Starter,7,2,967,3.57,0
8526,3883,2024-06-04,Starter,13,4,265,2.15,0
8527,3883,2024-06-11,Starter,13,5,712,4.79,0
8528,3883,2024-07-14,Pro,11,3,1953,19.28,0
8529,3883,2024-07-21,Pro,22,4,4554,8.18,0
8530,3883,2024-07-28,Pro,15,10,3852,18.28,0
8531,3883,2024-08-04,Pro,29,9,3860,15.33,0
8532,3883,2024-08-11,Pro,18,5,1379,4.97,0
8533,3883,2024-12-14,Business,80,14,17521,34.51,0
8534,3883,2024-12-21,Business,51,14,6489,84.38,0
8535,3883,2024-12-28,Business,63,34,14735,49.75,0
8536,3888,2024-12-15,Enterprise,202,170,78155,242.36,0
8537,3888,2024-12-22,Enterprise,325,203,15265,334.84,0
8538,3888,2024-12-29,Enterprise,100,73,44884,395.62,0
8539,3890,2023-12-15,Pro,21,5,4713,6.15,0
8540,3890,2023-12-22,Pro,23,10,3760,3.18,0
8541,3890,2023-12-29,Pro,41,5,4409,18.77,0
8542,3890,2024-01-05,Pro,15,15,4174,3.67,0
8543,3890,2024-01-12,Pro,68,10,848,7.05,0
8544,3890,2024-04-15,Business,49,11,8971,55.26,0
8545,3890,2024-04-22,Business,128,39,10517,94.15,0
8546,3890,2024-04-29,Business,100,22,4817,90.96,0
8547,3890,2024-05-06,Business,43,22,3992,54.24,0
8548,3890,2024-05-13,Business,91,46,20187,36.99,0
8549,3890,2024-12-15,Enterprise,212,154,113555,370.38,0
8550,3890,2024-12-22,Enterprise,280,57,80082,302.41,0
8551,3890,2024-12-29,Enterprise,315,139,55195,251.16,0
8552,3891,2024-04-15,Business,81,32,6124,69.57,1
8553,3891,2024-04-22,Business,25,12,4465,62.91,1
8554,3891,2024-04-29,Business,38,14,1003,70.16,1
8555,3891,2024-05-06,Business,9,3,1377,28.88,1
8556,3891,2024-05-13,Business,22,7,3957,11.13,1
8557,3895,2024-03-15,Enterprise,192,147,88683,294.7,0
8558,3895,2024-03-22,Enterprise,398,167,15149,259.98,0
8559,3895,2024-03-29,Enterprise,449,196,81743,86.85,0
8560,3895,2024-04-05,Enterprise,370,46,57167,53.23,0
8561,3895,2024-04-12,Enterprise,317,157,29275,80.24,0
8562,3895,2024-12-15,Business,25,44,16063,29.81,0
8563,3895,2024-12-22,Business,22,30,6894,95.45,0
8564,3895,2024-12-29,Business,95,32,2489,81.53,0
8565,3898,2024-12-15,Pro,24,9,3542,2.27,0
8566,3898,2024-12-22,Pro,37,5,2838,16.13,0
8567,3898,2024-12-29,Pro,27,12,4417,9.09,0
8568,3902,2024-12-16,Enterprise,235,72,21009,429.99,0
8569,3902,2024-12-23,Enterprise,128,87,15357,216.95,0
8570,3902,2024-12-30,Enterprise,207,119,74540,358.65,0
8571,3903,2024-06-16,Business,87,32,12297,70.81,0
8572,3903,2024-06-23,Business,83,43,4476,42.89,0
8573,3903,2024-06-30,Business,27,11,10110,42.02,0
8574,3903,2024-07-07,Business,62,48,14832,87.63,0
8575,3903,2024-07-14,Business,75,29,16406,11.59,0
8576,3903,2024-12-16,Enterprise,187,53,93480,266.25,0
8577,3903,2024-12-23,Enterprise,109,166,60696,302.9,0
8578,3903,2024-12-30,Enterprise,325,36,54608,196.81,0
8579,3904,2024-02-16,Pro,44,3,3215,13.66,0
8580,3904,2024-02-23,Pro,37,9,1205,16.34,0
8581,3904,2024-03-01,Pro,24,12,2432,6.74,0
8582,3904,2024-03-08,Pro,38,8,5287,18.89,0
8583,3904,2024-03-15,Pro,42,11,1812,6.16,0
8584,3904,2024-04-16,Starter,7,2,306,3.37,1
8585,3904,2024-04-23,Starter,4,1,479,3.55,1
8586,3904,2024-04-30,Starter,2,1,350,0.55,1
8587,3904,2024-05-07,Starter,4,1,171,3.22,1
8588,3904,2024-05-14,Starter,1,1,45,1.15,1
8589,3907,2024-05-17,Starter,4,1,196,4.79,1
8590,3907,2024-05-24,Starter,3,1,92,0.93,1
8591,3907,2024-05-31,Starter,2,1,183,2.21,1
8592,3907,2024-06-07,Starter,1,1,166,1.88,1
8593,3907,2024-06-14,Starter,1,1,57,0.58,1
8594,3909,2024-03-17,Starter,7,1,351,3.72,1
8595,3909,2024-03-24,Starter,8,2,118,1.8,1
8596,3909,2024-03-31,Starter,2,1,60,5.01,1
8597,3909,2024-04-07,Starter,1,1,120,2.3,1
8598,3909,2024-04-14,Starter,1,1,165,1.66,1
8599,3918,2024-03-17,Business,47,9,4335,85.92,1
8600,3918,2024-03-24,Business,46,22,4437,53.96,1
8601,3918,2024-03-31,Business,39,13,3163,58.57,1
8602,3918,2024-04-07,Business,23,7,4627,86.76,1
8603,3918,2024-04-14,Business,7,8,503,99.47,1
8604,3922,2024-12-18,Starter,4,1,223,4.7,0
8605,3922,2024-12-25,Starter,7,2,921,4.89,0
8606,3926,2024-10-18,Starter,12,1,650,2.36,1
8607,3926,2024-10-25,Starter,4,1,570,4.46,1
8608,3926,2024-11-01,Starter,9,1,56,1.59,1
8609,3926,2024-11-08,Starter,2,1,205,3.33,1
8610,3926,2024-11-15,Starter,2,1,152,0.57,1
8611,3928,2024-04-18,Starter,13,4,436,2.11,0
8612,3928,2024-04-25,Starter,12,1,179,1.31,0
8613,3928,2024-05-02,Starter,9,1,342,3.94,0
8614,3928,2024-05-09,Starter,18,3,632,4.77,0
8615,3928,2024-05-16,Starter,18,4,767,2.9,0
8616,3928,2024-12-18,Pro,23,6,3472,6.85,0
8617,3928,2024-12-25,Pro,30,5,1445,11.71,0
8618,3937,2024-06-19,Business,136,34,12146,92.82,0
8619,3937,2024-06-26,Business,93,44,6478,19.66,0
8620,3937,2024-07-03,Business,62,43,18826,33.69,0
8621,3937,2024-07-10,Business,66,38,7885,57.72,0
8622,3937,2024-07-17,Business,107,42,18460,38.56,0
8623,3937,2024-12-19,Pro,51,3,3044,8.69,0
8624,3937,2024-12-26,Pro,48,4,1513,15.52,0
8625,3940,2024-01-19,Starter,12,1,411,1.14,1
8626,3940,2024-01-26,Starter,10,3,459,4.36,1
8627,3940,2024-02-02,Starter,5,1,304,1.52,1
8628,3940,2024-02-09,Starter,1,1,137,2.57,1
8629,3940,2024-02-16,Starter,2,1,101,1.37,1
8630,3942,2024-10-19,Pro,27,9,1940,18.27,1
8631,3942,2024-10-26,Pro,18,6,360,7.34,1
8632,3942,2024-11-02,Pro,11,4,1939,13.35,1
8633,3942,2024-11-09,Pro,7,2,1120,14.82,1
8634,3942,2024-11-16,Pro,5,2,667,7.46,1
8635,3944,2024-06-20,Pro,63,3,3324,13.75,0
8636,3944,2024-06-27,Pro,27,14,3494,9.42,0
8637,3944,2024-07-04,Pro,49,9,3880,18.25,0
8638,3944,2024-07-11,Pro,48,10,1372,7.65,0
8639,3944,2024-07-18,Pro,23,3,1152,2.5,0
8640,3944,2024-09-20,Business,120,43,2622,47.83,0
8641,3944,2024-09-27,Business,61,39,14384,67.69,0
8642,3944,2024-10-04,Business,120,15,9934,99.05,0
8643,3944,2024-10-11,Business,50,33,2225,94.02,0
8644,3944,2024-10-18,Business,114,35,16629,12.46,0
8645,3944,2024-12-20,Enterprise,137,160,90197,373.46,0
8646,3944,2024-12-27,Enterprise,320,103,24955,184.96,0
8647,3947,2024-01-20,Pro,15,6,3016,14.86,1
8648,3947,2024-01-27,Pro,14,5,3035,11.05,1
8649,3947,2024-02-03,Pro,15,6,338,4.0,1
8650,3947,2024-02-10,Pro,8,3,565,16.19,1
8651,3947,2024-02-17,Pro,4,3,723,3.34,1
8652,3948,2024-12-20,Pro,23,9,2714,18.62,0
8653,3948,2024-12-27,Pro,21,5,2238,2.79,0
8654,3950,2023-12-20,Starter,7,1,408,4.02,1
8655,3950,2023-12-27,Starter,3,1,353,2.07,1
8656,3950,2024-01-03,Starter,7,1,120,4.45,1
8657,3950,2024-01-10,Starter,3,1,71,1.59,1
8658,3950,2024-01-17,Starter,3,1,78,1.36,1
8659,3957,2024-01-21,Pro,20,2,2153,17.39,1
8660,3957,2024-01-28,Pro,14,5,2963,6.67,1
8661,3957,2024-02-04,Pro,13,4,1956,7.93,1
8662,3957,2024-02-11,Pro,8,2,243,15.38,1
8663,3957,2024-02-18,Pro,2,3,421,4.37,1
8664,3968,2024-03-22,Pro,11,8,1056,3.0,1
8665,3968,2024-03-29,Pro,15,4,996,7.12,1
8666,3968,2024-04-05,Pro,15,2,2116,6.71,1
8667,3968,2024-04-12,Pro,9,3,210,5.95,1
8668,3968,2024-04-19,Pro,9,2,860,11.84,1
8669,3969,2024-12-22,Enterprise,347,184,56934,471.78,0
8670,3969,2024-12-29,Enterprise,181,112,45229,329.78,0
8671,3972,2024-06-23,Starter,12,3,960,3.53,0
8672,3972,2024-06-30,Starter,5,1,1113,1.03,0
8673,3972,2024-07-07,Starter,12,4,590,3.57,0
8674,3972,2024-07-14,Starter,13,2,396,3.61,0
8675,3972,2024-07-21,Starter,3,4,138,3.97,0
8676,3972,2024-09-23,Pro,21,7,4548,13.46,0
8677,3972,2024-09-30,Pro,30,14,2086,4.96,0
8678,3972,2024-10-07,Pro,13,4,3490,4.57,0
8679,3972,2024-10-14,Pro,29,8,2251,2.61,0
8680,3972,2024-10-21,Pro,41,14,2852,16.57,0
8681,3972,2024-12-23,Business,91,30,12706,39.84,0
8682,3972,2024-12-30,Business,45,38,19737,96.56,0
8683,3974,2024-02-23,Starter,11,1,662,0.53,0
8684,3974,2024-03-01,Starter,18,2,628,2.63,0
8685,3974,2024-03-08,Starter,14,2,393,2.28,0
8686,3974,2024-03-15,Starter,10,3,249,4.77,0
8687,3974,2024-03-22,Starter,4,2,225,1.18,0
8688,3974,2024-12-23,Pro,47,11,3740,8.59,0
8689,3974,2024-12-30,Pro,31,5,649,3.07,0
8690,3975,2024-04-23,Pro,19,4,1098,9.25,1
8691,3975,2024-04-30,Pro,14,7,1521,19.88,1
8692,3975,2024-05-07,Pro,17,3,1121,18.43,1
8693,3975,2024-05-14,Pro,3,1,586,3.52,1
8694,3975,2024-05-21,Pro,10,2,301,19.96,1
8695,3984,2024-12-23,Business,40,22,3083,18.34,0
8696,3984,2024-12-30,Business,51,44,2227,55.03,0
8697,3985,2024-12-23,Enterprise,241,153,78627,333.88,0
8698,3985,2024-12-30,Enterprise,351,186,57398,152.12,0
8699,3986,2024-03-23,Business,33,18,3220,36.15,1
8700,3986,2024-03-30,Business,60,17,10899,40.94,1
8701,3986,2024-04-06,Business,21,6,7138,42.85,1
8702,3986,2024-04-13,Business,10,10,3835,81.95,1
8703,3986,2024-04-20,Business,15,9,1758,47.07,1
8704,3990,2023-12-24,Pro,25,10,2323,7.09,0
8705,3990,2023-12-31,Pro,17,12,2452,16.13,0
8706,3990,2024-01-07,Pro,26,14,1905,5.08,0
8707,3990,2024-01-14,Pro,36,13,1601,10.55,0
8708,3990,2024-01-21,Pro,16,4,3766,9.14,0
8709,3990,2024-04-24,Business,92,31,8305,13.78,0
8710,3990,2024-05-01,Business,89,31,6150,74.85,0
8711,3990,2024-05-08,Business,81,48,9852,32.2,0
8712,3990,2024-05-15,Business,116,20,9379,61.61,0
8713,3990,2024-05-22,Business,134,15,16725,91.47,0
8714,3990,2024-12-24,Enterprise,394,103,78918,57.69,0
8715,3990,2024-12-31,Enterprise,159,40,44255,443.57,0
8716,3993,2024-07-24,Pro,23,6,1866,19.01,1
8717,3993,2024-07-31,Pro,15,3,2181,17.31,1
8718,3993,2024-08-07,Pro,11,3,385,2.91,1
8719,3993,2024-08-14,Pro,4,2,626,17.68,1
8720,3993,2024-08-21,Pro,8,1,332,19.95,1
8721,3995,2024-12-24,Enterprise,380,139,74553,355.53,0
8722,3995,2024-12-31,Enterprise,419,170,45497,429.35,0
8723,4002,2024-12-25,Pro,47,3,1394,11.38,0
8724,4010,2024-06-25,Starter,9,1,381,2.77,1
8725,4010,2024-07-02,Starter,9,1,550,4.14,1
8726,4010,2024-07-09,Starter,8,1,202,3.76,1
8727,4010,2024-07-16,Starter,2,1,208,1.87,1
8728,4010,2024-07-23,Starter,1,1,115,4.82,1
8729,4015,2024-01-26,Pro,43,6,1689,12.96,1
8730,4015,2024-02-02,Pro,27,8,1010,10.04,1
8731,4015,2024-02-09,Pro,8,5,595,9.83,1
8732,4015,2024-02-16,Pro,4,1,355,17.67,1
8733,4015,2024-02-23,Pro,4,1,560,17.07,1
8734,4019,2024-01-26,Pro,40,9,2445,6.33,1
8735,4019,2024-02-02,Pro,21,9,2845,8.47,1
8736,4019,2024-02-09,Pro,18,6,1887,4.57,1
8737,4019,2024-02-16,Pro,15,1,397,11.28,1
8738,4019,2024-02-23,Pro,10,1,733,15.44,1
8739,4021,2024-07-26,Business,66,42,7325,80.89,0
8740,4021,2024-08-02,Business,120,23,11500,83.95,0
8741,4021,2024-08-09,Business,124,20,16903,40.38,0
8742,4021,2024-08-16,Business,129,46,18884,52.69,0
8743,4021,2024-08-23,Business,77,48,13073,21.76,0
8744,4021,2024-12-26,Enterprise,160,167,36776,344.7,0
8745,4025,2024-01-26,Pro,44,7,2759,16.41,1
8746,4025,2024-02-02,Pro,8,3,1828,18.13,1
8747,4025,2024-02-09,Pro,22,4,797,18.07,1
8748,4025,2024-02-16,Pro,10,2,532,13.58,1
8749,4025,2024-02-23,Pro,2,2,739,15.58,1
8750,4033,2024-12-27,Enterprise,407,30,85455,296.41,0
8751,4034,2024-03-27,Starter,5,1,96,1.64,1
8752,4034,2024-04-03,Starter,4,2,182,1.68,1
8753,4034,2024-04-10,Starter,4,1,161,1.01,1
8754,4034,2024-04-17,Starter,4,1,207,4.78,1
8755,4034,2024-04-24,Starter,3,1,165,0.89,1
8756,4035,2024-12-27,Pro,35,14,808,2.89,0
8757,4038,2024-07-27,Pro,32,6,1517,5.18,0
8758,4038,2024-08-03,Pro,37,6,4113,4.21,0
8759,4038,2024-08-10,Pro,11,9,1677,2.32,0
8760,4038,2024-08-17,Pro,23,10,1032,8.39,0
8761,4038,2024-08-24,Pro,10,8,702,7.47,0
8762,4038,2024-10-27,Business,25,26,3667,93.97,1
8763,4038,2024-11-03,Business,28,7,5931,15.5,1
8764,4038,2024-11-10,Business,10,6,1111,10.69,1
8765,4038,2024-11-17,Business,7,9,607,81.96,1
8766,4038,2024-11-24,Business,12,5,2666,16.82,1
8767,4044,2024-02-27,Starter,21,2,869,1.57,0
8768,4044,2024-03-05,Starter,8,1,228,1.37,0
8769,4044,2024-03-12,Starter,8,1,1017,0.54,0
8770,4044,2024-03-19,Starter,8,1,415,2.37,0
8771,4044,2024-03-26,Starter,12,1,1015,1.06,0
8772,4044,2024-03-27,Pro,31,10,2121,6.76,0
8773,4044,2024-04-03,Pro,22,13,3620,15.12,0
8774,4044,2024-04-10,Pro,20,15,1090,3.54,0
8775,4044,2024-04-17,Pro,38,3,2167,10.71,1
8776,4044,2024-04-24,Pro,51,7,594,3.2,1
8777,4044,2024-04-27,Starter,6,1,244,4.53,1
8778,4044,2024-05-04,Starter,4,1,481,1.2,1
8779,4044,2024-05-11,Starter,4,1,159,3.17,1
8780,4044,2024-05-18,Starter,1,1,202,1.36,1
8781,4044,2024-05-25,Starter,1,1,135,3.62,1
8782,4047,2024-03-28,Pro,54,14,818,10.43,0
8783,4047,2024-04-04,Pro,38,13,1763,13.35,0
8784,4047,2024-04-11,Pro,21,7,4424,4.07,0
8785,4047,2024-04-18,Pro,29,3,2945,11.07,0
8786,4047,2024-04-25,Pro,55,6,2407,9.0,0
8787,4047,2024-07-28,Business,76,37,14521,50.42,0
8788,4047,2024-08-04,Business,25,17,17826,61.46,0
8789,4047,2024-08-11,Business,103,34,15886,11.59,0
8790,4047,2024-08-18,Business,86,50,10195,56.75,0
8791,4047,2024-08-25,Business,82,15,6205,87.5,0
8792,4047,2024-12-28,Pro,34,9,2225,8.92,0
8793,4048,2024-12-28,Starter,12,4,597,4.43,0
8794,4049,2024-02-28,Pro,43,5,3347,11.03,1
8795,4049,2024-03-06,Pro,10,6,366,4.26,1
8796,4049,2024-03-13,Pro,14,1,926,15.95,1
8797,4049,2024-03-20,Pro,3,2,922,2.79,1
8798,4049,2024-03-27,Pro,5,1,1040,4.65,1
8799,4050,2024-02-28,Pro,41,7,2572,19.67,1
8800,4050,2024-03-06,Pro,10,2,631,4.06,1
8801,4050,2024-03-13,Pro,10,4,1033,9.64,1
8802,4050,2024-03-20,Pro,4,1,822,16.5,1
8803,4050,2024-03-27,Pro,5,1,557,7.09,1
8804,4051,2024-09-28,Starter,3,1,207,1.37,1
8805,4051,2024-10-05,Starter,1,1,434,2.42,1
8806,4051,2024-10-12,Starter,1,1,240,1.45,1
8807,4051,2024-10-19,Starter,1,1,54,1.48,1
8808,4051,2024-10-26,Starter,1,1,182,3.04,1
8809,4053,2024-12-28,Pro,10,11,1040,6.94,0
8810,4055,2024-12-28,Enterprise,99,137,85164,241.74,0
8811,4060,2024-04-29,Pro,54,12,3003,12.59,0
8812,4060,2024-05-06,Pro,52,13,3025,15.74,0
8813,4060,2024-05-13,Pro,24,8,2963,13.2,0
8814,4060,2024-05-20,Pro,22,12,5300,17.61,0
8815,4060,2024-05-27,Pro,49,12,1368,4.01,0
8816,4060,2024-12-29,Business,47,31,4901,45.82,0
8817,4061,2024-12-29,Pro,28,10,2887,15.42,0
8818,4066,2024-12-29,Enterprise,238,107,15051,333.96,0
8819,4070,2023-12-30,Business,84,31,10850,31.8,0
8820,4070,2024-01-06,Business,94,25,4755,88.49,0
8821,4070,2024-01-13,Business,45,39,13449,59.84,0
8822,4070,2024-01-20,Business,50,15,2518,49.96,0
8823,4070,2024-01-27,Business,37,10,16042,43.39,0
8824,4070,2024-12-29,Enterprise,219,157,72630,452.92,0
8825,4073,2024-06-29,Business,53,25,18332,96.27,0
8826,4073,2024-07-06,Business,74,41,14459,53.28,0
8827,4073,2024-07-13,Business,95,30,15219,49.2,0
8828,4073,2024-07-20,Business,80,45,12041,57.74,0
8829,4073,2024-07-27,Business,94,47,4429,28.26,0
8830,4073,2024-12-29,Enterprise,77,31,68368,361.49,0
8831,4076,2024-05-29,Enterprise,143,182,61767,233.14,0
8832,4076,2024-06-05,Enterprise,377,92,69221,56.53,0
8833,4076,2024-06-12,Enterprise,401,195,76782,124.81,0
8834,4076,2024-06-19,Enterprise,136,141,81026,393.36,0
8835,4076,2024-06-26,Enterprise,163,115,18818,301.05,0
8836,4076,2024-11-29,Business,133,23,7333,65.03,0
8837,4076,2024-12-06,Business,101,44,16366,31.94,0
8838,4076,2024-12-13,Business,94,33,14255,68.7,0
8839,4076,2024-12-20,Business,47,21,9882,47.96,0
8840,4076,2024-12-27,Business,137,31,12983,30.0,0
8841,4076,2024-12-29,Enterprise,224,168,64413,223.64,0
8842,4079,2024-05-29,Pro,26,4,2557,12.67,0
8843,4079,2024-06-05,Pro,47,12,1104,16.57,0
8844,4079,2024-06-12,Pro,16,15,3314,13.14,0
8845,4079,2024-06-19,Pro,38,4,2884,16.19,0
8846,4079,2024-06-26,Pro,50,3,1571,2.73,0
8847,4079,2024-12-29,Business,82,41,8412,89.56,0
8848,4088,2024-12-29,Pro,5,1,219,5.76,1
8849,4090,2024-12-29,Starter,10,4,832,1.88,0
8850,4092,2024-12-29,Pro,40,7,4071,10.33,0
8851,4104,2024-06-01,Pro,22,4,853,10.06,1
8852,4104,2024-06-08,Pro,9,3,2210,11.43,1
8853,4104,2024-06-15,Pro,4,1,1469,5.01,1
8854,4104,2024-06-22,Pro,3,2,488,15.32,1
8855,4104,2024-06-29,Pro,3,1,545,13.72,1
8856,4106,2024-04-02,Business,90,23,12742,37.39,0
8857,4106,2024-04-09,Business,40,40,4628,49.44,0
8858,4106,2024-04-16,Business,115,47,13132,54.69,0
8859,4106,2024-04-23,Business,115,43,6514,34.09,0
8860,4106,2024-04-30,Business,51,37,6306,41.67,0
8861,4106,2024-12-02,Enterprise,118,70,22657,462.55,0
8862,4106,2024-12-09,Enterprise,107,188,82919,234.42,0
8863,4106,2024-12-16,Enterprise,152,39,80982,118.81,0
8864,4106,2024-12-23,Enterprise,222,166,20695,185.56,0
8865,4106,2024-12-30,Enterprise,267,55,16631,169.95,0
8866,4109,2024-08-02,Pro,20,11,3807,4.2,0
8867,4109,2024-08-09,Pro,44,3,3440,18.34,0
8868,4109,2024-08-16,Pro,37,2,2674,16.42,0
8869,4109,2024-08-23,Pro,69,9,3555,11.94,0
8870,4109,2024-08-30,Pro,19,15,591,16.36,0
8871,4109,2024-12-02,Business,79,27,11362,55.48,1
8872,4109,2024-12-09,Business,23,18,12177,21.99,1
8873,4109,2024-12-16,Business,37,17,4501,53.98,1
8874,4109,2024-12-23,Business,14,5,2995,12.46,1
8875,4109,2024-12-30,Business,11,5,1332,30.62,1
8876,4113,2024-08-02,Pro,13,4,1822,10.56,1
8877,4113,2024-08-09,Pro,9,3,736,6.64,1
8878,4113,2024-08-16,Pro,12,5,1941,9.71,1
8879,4113,2024-08-23,Pro,9,3,804,10.32,1
8880,4113,2024-08-30,Pro,3,2,1020,3.14,1
8881,4116,2024-12-02,Starter,19,3,268,3.88,0
8882,4116,2024-12-09,Starter,15,2,769,0.6,0
8883,4116,2024-12-16,Starter,16,1,465,1.94,0
8884,4116,2024-12-23,Starter,8,4,135,1.74,0
8885,4116,2024-12-30,Starter,19,2,744,1.36,0
8886,4117,2024-01-03,Business,84,22,3374,20.05,1
8887,4117,2024-01-10,Business,63,14,6113,31.63,1
8888,4117,2024-01-17,Business,61,14,8661,41.61,1
8889,4117,2024-01-24,Business,30,9,905,69.44,1
8890,4117,2024-01-31,Business,21,2,1639,48.59,1
8891,4120,2024-12-03,Business,132,18,8502,48.67,0
8892,4120,2024-12-10,Business,120,14,14801,89.15,0
8893,4120,2024-12-17,Business,70,38,2848,57.96,0
8894,4120,2024-12-24,Business,44,20,3441,13.56,0
8895,4120,2024-12-31,Business,83,37,3080,59.57,0
8896,4121,2024-12-03,Business,57,22,18521,10.66,0
8897,4121,2024-12-10,Business,80,32,6206,78.83,0
8898,4121,2024-12-17,Business,139,26,6165,52.49,0
8899,4121,2024-12-24,Business,48,40,10485,55.2,0
8900,4121,2024-12-31,Business,81,38,1847,14.23,0
8901,4125,2024-05-03,Business,40,34,2847,47.32,1
8902,4125,2024-05-10,Business,84,20,4050,49.83,1
8903,4125,2024-05-17,Business,37,9,2566,37.18,1
8904,4125,2024-05-24,Business,13,7,2925,42.89,1
8905,4125,2024-05-31,Business,32,3,2622,53.41,1
8906,4129,2024-02-04,Starter,6,3,312,2.88,1
8907,4129,2024-02-11,Starter,3,1,481,3.85,1
8908,4129,2024-02-18,Starter,3,1,292,2.53,1
8909,4129,2024-02-25,Starter,2,1,63,2.52,1
8910,4129,2024-03-03,Starter,0,1,163,2.63,1
8911,4137,2024-12-04,Enterprise,287,115,23549,348.94,0
8912,4137,2024-12-11,Enterprise,177,170,29803,435.99,0
8913,4137,2024-12-18,Enterprise,102,152,37513,130.16,0
8914,4137,2024-12-25,Enterprise,337,137,50022,352.08,0
8915,4139,2024-07-04,Pro,42,3,1604,8.23,1
8916,4139,2024-07-11,Pro,25,5,1873,16.33,1
8917,4139,2024-07-18,Pro,24,4,378,19.14,1
8918,4139,2024-07-25,Pro,14,2,752,7.89,1
8919,4139,2024-08-01,Pro,10,2,156,20.2,1
8920,4144,2024-03-05,Starter,18,4,800,3.56,0
8921,4144,2024-03-12,Starter,22,1,493,3.13,0
8922,4144,2024-03-19,Starter,6,1,176,1.25,0
8923,4144,2024-03-26,Starter,12,4,690,4.11,0
8924,4144,2024-04-02,Starter,5,1,187,3.62,0
8925,4144,2024-06-05,Pro,18,6,2218,7.99,1
8926,4144,2024-06-12,Pro,7,7,787,5.27,1
8927,4144,2024-06-19,Pro,16,2,1699,15.56,1
8928,4144,2024-06-26,Pro,5,1,823,10.44,1
8929,4144,2024-07-03,Pro,10,1,782,20.44,1
8930,4149,2024-02-05,Starter,12,1,673,2.39,1
8931,4149,2024-02-12,Starter,4,1,256,2.39,1
8932,4149,2024-02-19,Starter,1,1,265,4.07,1
8933,4149,2024-02-26,Starter,1,1,61,1.38,1
8934,4149,2024-03-04,Starter,4,1,138,1.56,1
8935,4151,2024-08-05,Pro,51,7,3114,18.48,0
8936,4151,2024-08-12,Pro,30,4,3258,16.75,0
8937,4151,2024-08-19,Pro,26,8,4434,5.83,0
8938,4151,2024-08-26,Pro,41,8,604,18.84,0
8939,4151,2024-09-02,Pro,32,6,1682,15.99,0
8940,4151,2024-12-05,Business,65,43,7257,78.48,0
8941,4151,2024-12-12,Business,93,24,5319,40.18,0
8942,4151,2024-12-19,Business,44,33,15508,35.05,0
8943,4151,2024-12-26,Business,98,42,2505,48.86,0
8944,4154,2024-02-06,Starter,4,4,676,2.45,0
8945,4154,2024-02-13,Starter,8,3,768,3.53,0
8946,4154,2024-02-20,Starter,19,4,723,2.33,0
8947,4154,2024-02-27,Starter,8,1,169,1.89,0
8948,4154,2024-03-05,Starter,21,2,618,0.95,0
8949,4154,2024-11-06,Pro,11,2,655,17.35,1
8950,4154,2024-11-13,Pro,10,6,431,18.85,1
8951,4154,2024-11-20,Pro,16,5,960,7.37,1
8952,4154,2024-11-27,Pro,6,1,296,7.33,1
8953,4154,2024-12-04,Pro,12,2,626,15.33,1
8954,4155,2024-01-06,Starter,9,3,508,1.85,1
8955,4155,2024-01-13,Starter,6,1,141,2.57,1
8956,4155,2024-01-20,Starter,1,1,130,4.46,1
8957,4155,2024-01-27,Starter,1,1,97,3.06,1
8958,4155,2024-02-03,Starter,1,1,194,4.37,1
8959,4157,2024-03-06,Enterprise,291,25,55135,230.76,1
8960,4157,2024-03-13,Enterprise,140,100,34538,192.89,1
8961,4157,2024-03-20,Enterprise,219,19,13435,349.59,1
8962,4157,2024-03-27,Enterprise,46,39,18578,53.41,1
8963,4157,2024-04-03,Enterprise,77,16,15132,443.9,1
8964,4158,2024-12-06,Starter,5,5,226,2.73,0
8965,4158,2024-12-13,Starter,4,4,206,2.93,0
8966,4158,2024-12-20,Starter,7,4,747,3.47,0
8967,4158,2024-12-27,Starter,10,1,228,1.25,0
8968,4160,2024-12-06,Starter,10,3,115,3.11,0
8969,4160,2024-12-13,Starter,11,5,479,2.51,0
8970,4160,2024-12-20,Starter,6,1,309,0.64,0
8971,4160,2024-12-27,Starter,11,3,320,2.72,0
8972,4161,2024-05-06,Business,128,34,22367,19.63,0
8973,4161,2024-05-13,Business,155,22,6724,42.8,0
8974,4161,2024-05-20,Business,65,13,13972,12.1,0
8975,4161,2024-05-27,Business,102,24,9124,91.76,0
8976,4161,2024-06-03,Business,104,19,14936,98.45,0
8977,4161,2024-12-06,Enterprise,139,112,38916,506.45,0
8978,4161,2024-12-13,Enterprise,106,137,93525,330.02,0
8979,4161,2024-12-20,Enterprise,531,146,42316,285.98,0
8980,4161,2024-12-27,Enterprise,466,97,55721,447.86,0
8981,4162,2024-04-06,Enterprise,144,196,49564,436.24,0
8982,4162,2024-04-13,Enterprise,212,89,92328,200.85,0
8983,4162,2024-04-20,Enterprise,317,77,25113,148.69,0
8984,4162,2024-04-27,Enterprise,135,103,38247,242.91,0
8985,4162,2024-05-04,Enterprise,95,84,43388,111.1,0
8986,4162,2024-08-06,Business,49,40,13618,38.49,0
8987,4162,2024-08-13,Business,62,45,13242,46.91,0
8988,4162,2024-08-20,Business,80,14,7545,12.01,0
8989,4162,2024-08-27,Business,117,21,5148,92.49,0
8990,4162,2024-09-03,Business,80,12,5957,37.97,0
8991,4162,2024-12-06,Enterprise,482,112,39189,217.01,0
8992,4162,2024-12-13,Enterprise,233,58,33484,443.03,0
8993,4162,2024-12-20,Enterprise,145,168,104181,132.34,0
8994,4162,2024-12-27,Enterprise,216,185,19484,91.87,0
8995,4166,2024-03-06,Starter,8,3,535,2.36,1
8996,4166,2024-03-13,Starter,8,1,460,4.1,1
8997,4166,2024-03-20,Starter,6,1,384,2.88,1
8998,4166,2024-03-27,Starter,2,1,202,3.64,1
8999,4166,2024-04-03,Starter,3,1,79,4.0,1
9000,4167,2024-12-06,Enterprise,110,137,105752,373.39,0
9001,4167,2024-12-13,Enterprise,125,117,16926,53.58,0
9002,4167,2024-12-20,Enterprise,345,195,25805,245.1,0
9003,4167,2024-12-27,Enterprise,494,189,31892,396.03,0
9004,4168,2024-07-06,Business,38,7,7441,29.87,1
9005,4168,2024-07-13,Business,25,12,5337,69.88,1
9006,4168,2024-07-20,Business,29,8,7360,79.38,1
9007,4168,2024-07-27,Business,15,9,983,29.75,1
9008,4168,2024-08-03,Business,13,6,2378,79.95,1
9009,4173,2024-12-07,Enterprise,145,85,82174,382.3,0
9010,4173,2024-12-14,Enterprise,169,69,77138,179.57,0
9011,4173,2024-12-21,Enterprise,188,49,37401,158.37,0
9012,4173,2024-12-28,Enterprise,207,145,67049,133.4,0
9013,4178,2024-06-07,Starter,17,1,798,3.59,0
9014,4178,2024-06-14,Starter,10,3,592,1.71,0
9015,4178,2024-06-21,Starter,9,1,872,0.98,0
9016,4178,2024-06-28,Starter,12,4,864,1.08,0
9017,4178,2024-07-05,Starter,13,3,167,0.53,0
9018,4178,2024-12-07,Pro,23,9,2252,13.52,0
9019,4178,2024-12-14,Pro,36,11,4637,12.6,0
9020,4178,2024-12-21,Pro,28,3,1802,19.3,0
9021,4178,2024-12-28,Pro,8,14,3792,2.75,0
9022,4183,2024-11-07,Pro,26,4,3108,10.2,1
9023,4183,2024-11-14,Pro,14,4,1893,17.01,1
9024,4183,2024-11-21,Pro,16,5,1256,5.4,1
9025,4183,2024-11-28,Pro,6,1,1006,2.55,1
9026,4183,2024-12-05,Pro,7,2,719,15.71,1
9027,4186,2024-12-07,Pro,22,7,1736,7.05,0
9028,4186,2024-12-14,Pro,39,15,2291,19.61,0
9029,4186,2024-12-21,Pro,30,10,1020,2.32,0
9030,4186,2024-12-28,Pro,29,15,1917,16.37,0
9031,4187,2024-02-07,Enterprise,153,44,36838,142.32,1
9032,4187,2024-02-14,Enterprise,127,72,12682,312.83,1
9033,4187,2024-02-21,Enterprise,159,12,25033,240.75,1
9034,4187,2024-02-28,Enterprise,23,24,15649,384.17,1
9035,4187,2024-03-06,Enterprise,45,10,11314,115.23,1
9036,4189,2024-04-07,Business,46,36,8817,23.07,1
9037,4189,2024-04-14,Business,25,17,5254,61.92,1
9038,4189,2024-04-21,Business,22,6,1631,98.09,1
9039,4189,2024-04-28,Business,5,5,1357,25.89,1
9040,4189,2024-05-05,Business,5,7,3546,52.91,1
9041,4192,2024-09-07,Business,52,19,10138,18.19,1
9042,4192,2024-09-14,Business,19,11,5931,22.88,1
9043,4192,2024-09-21,Business,27,9,2133,27.64,1
9044,4192,2024-09-28,Business,16,10,1289,17.15,1
9045,4192,2024-10-05,Business,6,2,1616,55.96,1
9046,4199,2024-07-08,Business,84,51,8713,63.64,0
9047,4199,2024-07-15,Business,142,34,19745,32.29,0
9048,4199,2024-07-22,Business,90,15,1972,77.82,0
9049,4199,2024-07-29,Business,57,19,6218,36.61,0
9050,4199,2024-08-05,Business,91,27,4109,67.91,0
9051,4199,2024-12-08,Enterprise,336,120,64431,196.05,0
9052,4199,2024-12-15,Enterprise,189,138,35084,159.23,0
9053,4199,2024-12-22,Enterprise,187,96,81032,460.4,0
9054,4199,2024-12-29,Enterprise,231,192,93824,92.28,0
9055,4200,2024-08-08,Pro,45,9,3082,14.19,0
9056,4200,2024-08-15,Pro,34,8,1535,16.34,0
9057,4200,2024-08-22,Pro,26,11,1639,5.43,0
9058,4200,2024-08-29,Pro,38,3,3904,18.81,0
9059,4200,2024-09-05,Pro,29,6,2838,6.48,0
9060,4200,2024-12-08,Business,81,37,20479,84.19,0
9061,4200,2024-12-15,Business,47,40,3732,94.67,0
9062,4200,2024-12-22,Business,28,25,10977,39.64,0
9063,4200,2024-12-29,Business,96,13,13635,103.81,0
9064,4201,2024-12-08,Business,72,41,9038,16.83,0
9065,4201,2024-12-15,Business,38,44,7767,45.92,0
9066,4201,2024-12-22,Business,102,21,16003,20.92,0
9067,4201,2024-12-29,Business,57,48,6726,92.14,0
9068,4211,2024-06-09,Pro,28,13,1163,17.6,0
9069,4211,2024-06-16,Pro,32,11,4620,10.26,0
9070,4211,2024-06-23,Pro,44,12,2187,4.6,0
9071,4211,2024-06-30,Pro,14,14,965,5.51,1
9072,4211,2024-07-07,Pro,18,5,635,15.53,1
9073,4211,2024-07-09,Starter,9,1,488,4.34,1
9074,4211,2024-07-16,Starter,8,2,338,2.88,1
9075,4211,2024-07-23,Starter,4,1,366,4.11,1
9076,4211,2024-07-30,Starter,4,1,207,4.33,1
9077,4211,2024-08-06,Starter,2,1,160,3.97,1
9078,4215,2024-12-09,Enterprise,112,144,90721,448.15,0
9079,4215,2024-12-16,Enterprise,238,188,89087,93.74,0
9080,4215,2024-12-23,Enterprise,229,61,18999,432.35,0
9081,4215,2024-12-30,Enterprise,375,85,91643,101.93,0
9082,4216,2024-12-09,Business,114,18,17991,19.08,0
9083,4216,2024-12-16,Business,127,50,4037,23.57,0
9084,4216,2024-12-23,Business,121,46,13832,48.9,0
9085,4216,2024-12-30,Business,60,17,14643,42.28,0
9086,4217,2024-12-10,Pro,20,13,4467,17.39,0
9087,4217,2024-12-17,Pro,42,14,1388,7.15,0
9088,4217,2024-12-24,Pro,34,3,4402,19.05,0
9089,4217,2024-12-31,Pro,31,12,4453,14.27,0
9090,4218,2024-04-10,Pro,31,4,3955,17.46,1
9091,4218,2024-04-17,Pro,25,6,737,16.5,1
9092,4218,2024-04-24,Pro,21,3,1814,9.07,1
9093,4218,2024-05-01,Pro,3,1,391,8.05,1
9094,4218,2024-05-08,Pro,10,2,276,17.68,1
9095,4220,2024-09-10,Starter,9,2,315,0.72,1
9096,4220,2024-09-17,Starter,11,2,448,3.81,1
9097,4220,2024-09-24,Starter,2,1,147,2.22,1
9098,4220,2024-10-01,Starter,3,1,63,4.07,1
9099,4220,2024-10-08,Starter,1,1,117,0.57,1
9100,4222,2024-12-10,Pro,44,9,4807,11.84,0
9101,4222,2024-12-17,Pro,61,11,1637,16.93,0
9102,4222,2024-12-24,Pro,42,12,891,19.24,0
9103,4222,2024-12-31,Pro,38,5,3748,10.34,0
9104,4224,2024-06-10,Pro,30,8,1450,9.72,1
9105,4224,2024-06-17,Pro,18,2,2476,14.64,1
9106,4224,2024-06-24,Pro,17,3,1089,18.19,1
9107,4224,2024-07-01,Pro,11,1,301,4.59,1
9108,4224,2024-07-08,Pro,4,1,377,16.52,1
9109,4228,2024-02-11,Pro,18,11,5655,20.27,0
9110,4228,2024-02-18,Pro,25,8,1431,5.86,0
9111,4228,2024-02-25,Pro,26,6,2545,19.6,0
9112,4228,2024-03-03,Pro,23,5,791,3.06,0
9113,4228,2024-03-10,Pro,18,7,869,19.75,0
9114,4228,2024-12-11,Business,106,18,11069,93.99,0
9115,4228,2024-12-18,Business,58,14,8072,76.8,0
9116,4228,2024-12-25,Business,136,24,13562,78.35,0
9117,4231,2024-12-11,Starter,17,2,701,1.12,0
9118,4231,2024-12-18,Starter,11,2,310,4.22,0
9119,4231,2024-12-25,Starter,10,1,235,1.54,0
9120,4242,2024-12-12,Starter,17,3,590,0.79,0
9121,4242,2024-12-19,Starter,19,3,1046,0.7,0
9122,4242,2024-12-26,Starter,8,3,812,1.37,0
9123,4244,2024-05-12,Starter,2,3,105,3.66,1
9124,4244,2024-05-19,Starter,2,1,242,1.05,1
9125,4244,2024-05-26,Starter,1,1,285,0.95,1
9126,4244,2024-06-02,Starter,2,1,27,2.93,1
9127,4244,2024-06-09,Starter,1,1,121,0.94,1
9128,4246,2024-05-12,Pro,27,8,2584,15.8,0
9129,4246,2024-05-19,Pro,27,3,4584,20.23,0
9130,4246,2024-05-26,Pro,26,5,4338,12.23,0
9131,4246,2024-06-02,Pro,20,7,2422,17.32,0
9132,4246,2024-06-09,Pro,15,13,915,18.34,0
9133,4246,2024-10-12,Business,41,35,4374,80.8,1
9134,4246,2024-10-19,Business,29,26,8082,97.67,1
9135,4246,2024-10-26,Business,21,12,4567,63.19,1
9136,4246,2024-11-02,Business,17,11,3403,78.68,1
9137,4246,2024-11-09,Business,6,4,3418,90.6,1
9138,4248,2024-12-12,Enterprise,456,195,13693,228.33,0
9139,4248,2024-12-19,Enterprise,204,68,75998,336.24,0
9140,4248,2024-12-26,Enterprise,388,124,42829,392.94,0
9141,4252,2024-08-13,Starter,3,3,555,4.47,1
9142,4252,2024-08-20,Starter,5,2,475,3.88,1
9143,4252,2024-08-27,Starter,5,1,61,2.66,1
9144,4252,2024-09-03,Starter,2,1,154,4.24,1
9145,4252,2024-09-10,Starter,3,1,208,2.01,1
9146,4254,2024-03-13,Business,33,33,15813,79.33,1
9147,4254,2024-03-20,Business,64,22,5417,42.95,1
9148,4254,2024-03-27,Business,34,19,7985,70.09,1
9149,4254,2024-04-03,Business,26,11,3962,86.0,1
9150,4254,2024-04-10,Business,28,6,3018,26.85,1
9151,4255,2024-12-13,Pro,21,4,3023,17.16,0
9152,4255,2024-12-20,Pro,37,3,2962,7.43,0
9153,4255,2024-12-27,Pro,41,12,3961,14.57,0
9154,4257,2024-12-13,Pro,45,13,3617,13.83,0
9155,4257,2024-12-20,Pro,17,7,526,5.58,0
9156,4257,2024-12-27,Pro,18,10,1603,8.16,0
9157,4263,2024-12-13,Business,144,33,5991,14.42,0
9158,4263,2024-12-20,Business,102,44,2484,87.9,0
9159,4263,2024-12-27,Business,52,48,16197,24.72,0
9160,4265,2024-08-13,Business,36,14,8649,17.46,1
9161,4265,2024-08-20,Business,86,22,3387,19.79,1
9162,4265,2024-08-27,Business,47,17,3818,92.37,1
9163,4265,2024-09-03,Business,13,10,3251,73.13,1
9164,4265,2024-09-10,Business,10,3,2486,32.92,1
9165,4269,2024-01-14,Pro,35,9,688,4.68,0
9166,4269,2024-01-21,Pro,14,7,3957,4.66,0
9167,4269,2024-01-28,Pro,19,3,1416,12.53,0
9168,4269,2024-02-04,Pro,35,6,2222,14.09,0
9169,4269,2024-02-11,Pro,14,6,3254,17.27,0
9170,4269,2024-03-14,Business,54,25,10744,98.91,1
9171,4269,2024-03-21,Business,66,15,11524,87.93,1
9172,4269,2024-03-28,Business,21,15,7062,52.57,1
9173,4269,2024-04-04,Business,17,6,1917,16.21,1
9174,4269,2024-04-11,Business,18,8,3437,94.43,1
9175,4271,2024-06-14,Pro,20,4,2335,11.41,1
9176,4271,2024-06-21,Pro,32,1,413,8.89,1
9177,4271,2024-06-28,Pro,5,5,1237,19.17,1
9178,4271,2024-07-05,Pro,8,1,826,8.51,1
9179,4271,2024-07-12,Pro,6,2,121,8.41,1
9180,4274,2024-04-14,Pro,22,14,2948,19.25,0
9181,4274,2024-04-21,Pro,23,5,3952,5.28,0
9182,4274,2024-04-28,Pro,19,11,4358,14.64,0
9183,4274,2024-05-05,Pro,13,3,3864,5.89,0
9184,4274,2024-05-12,Pro,23,4,2672,14.83,0
9185,4274,2024-11-14,Business,94,36,5968,61.55,1
9186,4274,2024-11-21,Business,26,24,10817,37.43,1
9187,4274,2024-11-28,Business,40,12,6019,76.61,1
9188,4274,2024-12-05,Business,9,9,3577,68.22,1
9189,4274,2024-12-12,Business,20,9,3810,47.02,1
9190,4275,2024-12-14,Pro,23,5,4102,18.84,0
9191,4275,2024-12-21,Pro,23,9,2166,18.48,0
9192,4275,2024-12-28,Pro,8,6,3421,15.88,0
9193,4278,2024-08-14,Starter,11,1,284,1.46,1
9194,4278,2024-08-21,Starter,6,2,498,4.66,1
9195,4278,2024-08-28,Starter,2,1,179,4.49,1
9196,4278,2024-09-04,Starter,3,1,149,1.75,1
9197,4278,2024-09-11,Starter,1,1,64,0.95,1
9198,4280,2024-12-14,Pro,24,16,3698,15.63,0
9199,4280,2024-12-21,Pro,13,5,5090,12.48,0
9200,4280,2024-12-28,Pro,30,8,3741,7.18,0
9201,4285,2024-12-14,Business,79,16,5800,25.61,0
9202,4285,2024-12-21,Business,28,46,8237,98.57,0
9203,4285,2024-12-28,Business,89,42,5438,90.6,0
9204,4287,2024-12-15,Pro,10,6,769,10.72,0
9205,4287,2024-12-22,Pro,10,7,743,8.58,0
9206,4287,2024-12-29,Pro,27,5,1615,10.66,0
9207,4292,2024-07-15,Enterprise,157,58,19196,494.99,1
9208,4292,2024-07-22,Enterprise,170,65,29855,368.22,1
9209,4292,2024-07-29,Enterprise,181,26,24660,134.21,1
9210,4292,2024-08-05,Enterprise,114,14,21959,472.61,1
9211,4292,2024-08-12,Enterprise,99,28,16276,503.67,1
9212,4294,2024-03-16,Starter,9,1,128,1.98,0
9213,4294,2024-03-23,Starter,7,2,743,3.85,0
9214,4294,2024-03-30,Starter,10,2,168,1.23,0
9215,4294,2024-04-06,Starter,8,3,118,3.96,0
9216,4294,2024-04-13,Starter,8,2,376,2.93,0
9217,4294,2024-04-16,Pro,55,5,982,16.54,0
9218,4294,2024-04-23,Pro,53,7,2666,19.56,0
9219,4294,2024-04-30,Pro,38,6,4047,9.15,0
9220,4294,2024-05-07,Pro,35,6,652,16.37,0
9221,4294,2024-05-14,Pro,19,12,3278,15.75,0
9222,4294,2024-10-16,Starter,13,1,611,0.82,1
9223,4294,2024-10-23,Starter,10,1,425,2.15,1
9224,4294,2024-10-30,Starter,6,1,353,1.32,1
9225,4294,2024-11-06,Starter,5,1,241,2.33,1
9226,4294,2024-11-13,Starter,3,1,135,2.63,1
9227,4297,2024-06-16,Business,58,23,13417,95.57,1
9228,4297,2024-06-23,Business,38,19,9478,59.19,1
9229,4297,2024-06-30,Business,20,4,1021,42.26,1
9230,4297,2024-07-07,Business,15,3,2679,77.35,1
9231,4297,2024-07-14,Business,16,5,1957,27.24,1
9232,4303,2024-12-16,Business,49,18,18845,55.38,0
9233,4303,2024-12-23,Business,67,35,14550,95.41,0
9234,4303,2024-12-30,Business,67,10,6461,100.1,0
9235,4306,2024-12-17,Enterprise,197,112,53749,227.97,0
9236,4306,2024-12-24,Enterprise,396,91,38675,125.66,0
9237,4306,2024-12-31,Enterprise,409,181,11802,347.76,0
9238,4307,2024-12-17,Enterprise,265,63,101305,176.7,0
9239,4307,2024-12-24,Enterprise,538,117,65261,426.15,0
9240,4307,2024-12-31,Enterprise,293,119,98052,384.26,0
9241,4308,2024-06-17,Starter,9,1,586,3.35,1
9242,4308,2024-06-24,Starter,3,2,463,3.15,1
9243,4308,2024-07-01,Starter,6,1,205,3.02,1
9244,4308,2024-07-08,Starter,4,1,143,2.74,1
9245,4308,2024-07-15,Starter,2,1,107,2.43,1
9246,4310,2024-12-17,Enterprise,247,88,84227,53.55,0
9247,4310,2024-12-24,Enterprise,455,182,39337,268.26,0
9248,4310,2024-12-31,Enterprise,354,149,42989,271.71,0
9249,4314,2024-12-17,Starter,15,1,860,1.24,0
9250,4314,2024-12-24,Starter,16,3,242,2.53,0
9251,4314,2024-12-31,Starter,4,1,261,1.91,0
9252,4315,2024-12-18,Business,123,13,7724,61.58,0
9253,4315,2024-12-25,Business,78,48,17167,51.45,0
9254,4317,2024-12-18,Enterprise,269,50,54420,144.26,0
9255,4317,2024-12-25,Enterprise,398,168,20968,269.27,0
9256,4323,2024-04-18,Business,111,11,11794,41.23,0
9257,4323,2024-04-25,Business,113,15,2248,22.25,0
9258,4323,2024-05-02,Business,63,50,9453,70.89,0
9259,4323,2024-05-09,Business,116,10,14295,64.51,0
9260,4323,2024-05-16,Business,55,19,9930,58.19,0
9261,4323,2024-12-18,Enterprise,376,180,97965,264.7,0
9262,4323,2024-12-25,Enterprise,455,107,46793,296.02,0
9263,4325,2024-03-18,Starter,5,1,266,1.83,1
9264,4325,2024-03-25,Starter,4,1,414,4.56,1
9265,4325,2024-04-01,Starter,6,1,212,1.7,1
9266,4325,2024-04-08,Starter,1,1,226,2.16,1
9267,4325,2024-04-15,Starter,2,1,134,3.56,1
9268,4329,2024-07-19,Enterprise,388,121,28329,373.7,0
9269,4329,2024-07-26,Enterprise,332,175,70772,455.39,0
9270,4329,2024-08-02,Enterprise,319,103,32567,415.61,0
9271,4329,2024-08-09,Enterprise,347,191,23230,316.99,0
9272,4329,2024-08-16,Enterprise,409,50,25759,50.83,0
9273,4329,2024-10-19,Business,31,50,3745,21.92,0
9274,4329,2024-10-26,Business,47,36,7359,85.16,0
9275,4329,2024-11-02,Business,101,37,10152,87.73,0
9276,4329,2024-11-09,Business,41,45,2316,22.87,0
9277,4329,2024-11-16,Business,96,49,20911,58.73,0
9278,4329,2024-12-19,Enterprise,327,178,74320,507.97,0
9279,4329,2024-12-26,Enterprise,217,201,55388,190.77,0
9280,4338,2024-12-20,Enterprise,348,154,86072,430.42,0
9281,4338,2024-12-27,Enterprise,272,40,40731,132.88,0
9282,4341,2024-10-20,Starter,6,1,191,1.14,1
9283,4341,2024-10-27,Starter,5,1,286,4.65,1
9284,4341,2024-11-03,Starter,2,1,41,4.34,1
9285,4341,2024-11-10,Starter,1,1,129,2.72,1
9286,4341,2024-11-17,Starter,1,1,187,4.54,1
9287,4343,2024-12-20,Pro,26,6,1673,4.91,0
9288,4343,2024-12-27,Pro,64,7,2997,13.12,0
9289,4355,2024-12-21,Starter,3,1,128,2.78,1
9290,4355,2024-12-28,Starter,2,1,134,2.82,1
9291,4360,2024-12-21,Enterprise,103,57,55892,248.5,0
9292,4360,2024-12-28,Enterprise,130,178,57513,324.08,0
9293,4363,2024-12-21,Starter,8,2,321,4.65,0
9294,4363,2024-12-28,Starter,11,1,1028,2.01,0
9295,4364,2024-06-22,Enterprise,190,157,28669,286.68,0
9296,4364,2024-06-29,Enterprise,282,92,26209,99.38,0
9297,4364,2024-07-06,Enterprise,81,51,25439,319.28,0
9298,4364,2024-07-13,Enterprise,179,160,68471,268.39,0
9299,4364,2024-07-20,Enterprise,255,138,31950,338.43,0
9300,4364,2024-12-22,Business,27,36,16685,37.95,0
9301,4364,2024-12-29,Business,61,11,6398,56.66,0
9302,4368,2024-12-22,Business,52,10,7040,33.19,0
9303,4368,2024-12-29,Business,103,43,3717,53.73,0
9304,4369,2024-02-22,Starter,11,2,277,0.66,1
9305,4369,2024-02-29,Starter,9,1,306,4.78,1
9306,4369,2024-03-07,Starter,2,1,187,4.37,1
9307,4369,2024-03-14,Starter,4,1,157,3.06,1
9308,4369,2024-03-21,Starter,1,1,190,3.28,1
9309,4370,2024-12-22,Pro,27,6,706,8.25,0
9310,4370,2024-12-29,Pro,32,6,2496,6.19,0
9311,4373,2024-12-22,Business,73,24,12853,39.17,0
9312,4373,2024-12-29,Business,77,47,9149,35.03,0
9313,4375,2024-01-22,Starter,4,3,179,3.77,1
9314,4375,2024-01-29,Starter,9,1,459,3.5,1
9315,4375,2024-02-05,Starter,4,1,63,3.17,1
9316,4375,2024-02-12,Starter,1,1,86,2.84,1
9317,4375,2024-02-19,Starter,2,1,137,2.26,1
9318,4381,2024-12-23,Business,83,29,6961,37.29,0
9319,4381,2024-12-30,Business,53,34,6810,26.49,0
9320,4384,2024-07-23,Business,36,50,13887,70.32,0
9321,4384,2024-07-30,Business,41,42,8781,78.5,0
9322,4384,2024-08-06,Business,122,35,2061,36.94,0
9323,4384,2024-08-13,Business,132,28,20831,88.05,0
9324,4384,2024-08-20,Business,74,39,4300,78.48,0
9325,4384,2024-12-23,Enterprise,194,131,40092,290.32,0
9326,4384,2024-12-30,Enterprise,119,203,79802,312.19,0
9327,4385,2024-06-23,Business,34,30,3785,48.28,1
9328,4385,2024-06-30,Business,23,23,6949,14.36,1
9329,4385,2024-07-07,Business,24,19,7202,16.25,1
9330,4385,2024-07-14,Business,13,5,2376,43.92,1
9331,4385,2024-07-21,Business,8,3,1259,101.0,1
9332,4386,2024-04-23,Starter,9,3,147,4.94,0
9333,4386,2024-04-30,Starter,7,4,399,4.9,0
9334,4386,2024-05-07,Starter,7,3,835,2.67,0
9335,4386,2024-05-14,Starter,10,1,497,2.07,0
9336,4386,2024-05-21,Starter,13,1,1013,1.13,0
9337,4386,2024-11-23,Pro,19,8,1798,3.57,1
9338,4386,2024-11-30,Pro,14,5,287,10.62,1
9339,4386,2024-12-07,Pro,11,4,1390,9.79,1
9340,4386,2024-12-14,Pro,3,2,143,19.12,1
9341,4386,2024-12-21,Pro,6,2,1046,17.52,1
9342,4389,2024-10-23,Starter,5,3,306,2.69,1
9343,4389,2024-10-30,Starter,5,1,420,4.36,1
9344,4389,2024-11-06,Starter,4,1,116,2.01,1
9345,4389,2024-11-13,Starter,4,1,187,2.27,1
9346,4389,2024-11-20,Starter,3,1,145,2.87,1
9347,4390,2024-03-24,Pro,28,11,2806,6.15,0
9348,4390,2024-03-31,Pro,29,5,2663,15.47,0
9349,4390,2024-04-07,Pro,35,10,1544,16.48,0
9350,4390,2024-04-14,Pro,10,11,975,4.43,0
9351,4390,2024-04-21,Pro,16,10,3459,2.92,0
9352,4390,2024-07-24,Pro,59,6,2119,7.38,0
9353,4390,2024-07-31,Pro,59,3,4829,10.48,0
9354,4390,2024-08-07,Pro,29,5,2507,10.81,0
9355,4390,2024-08-14,Pro,40,5,2005,10.0,0
9356,4390,2024-08-21,Pro,45,11,1065,13.4,0
9357,4390,2024-08-28,Pro,32,5,656,3.95,0
9358,4390,2024-09-04,Pro,29,13,5329,11.87,0
9359,4390,2024-09-11,Pro,19,6,1489,16.82,0
9360,4390,2024-09-18,Pro,24,11,3287,13.68,0
9361,4390,2024-09-25,Pro,22,5,3057,18.06,0
9362,4390,2024-10-02,Pro,69,11,3443,15.9,0
9363,4390,2024-10-09,Pro,37,8,1700,10.37,0
9364,4390,2024-10-16,Pro,46,6,3230,17.43,0
9365,4390,2024-10-23,Pro,52,6,3723,9.61,0
9366,4390,2024-10-30,Pro,19,3,2304,16.38,0
9367,4390,2024-11-06,Pro,33,12,766,10.96,0
9368,4390,2024-11-13,Pro,18,7,845,11.09,0
9369,4390,2024-11-20,Pro,40,11,4878,3.64,0
9370,4390,2024-11-27,Pro,37,3,4047,14.86,0
9371,4390,2024-12-04,Pro,51,8,3491,2.72,0
9372,4390,2024-12-11,Pro,32,13,5030,2.5,0
9373,4390,2024-12-18,Pro,25,8,2905,15.18,0
9374,4390,2024-12-25,Pro,50,12,1432,11.44,0
9375,4391,2024-02-24,Pro,19,10,841,9.13,0
9376,4391,2024-03-02,Pro,32,3,2645,3.99,0
9377,4391,2024-03-09,Pro,14,11,1439,5.29,0
9378,4391,2024-03-16,Pro,24,3,3002,5.24,0
9379,4391,2024-03-23,Pro,16,15,1514,12.63,0
9380,4391,2024-06-24,Starter,14,1,670,2.38,1
9381,4391,2024-07-01,Starter,3,2,568,3.17,1
9382,4391,2024-07-08,Starter,3,1,273,2.28,1
9383,4391,2024-07-15,Starter,2,1,22,2.21,1
9384,4391,2024-07-22,Starter,4,1,163,3.1,1
9385,4392,2024-01-24,Enterprise,128,183,50772,372.75,0
9386,4392,2024-01-31,Enterprise,157,91,11455,272.6,0
9387,4392,2024-02-07,Enterprise,461,53,74946,450.46,0
9388,4392,2024-02-14,Enterprise,470,135,42430,443.19,0
9389,4392,2024-02-21,Enterprise,362,127,58900,222.02,0
9390,4392,2024-09-24,Business,55,21,2064,61.74,1
9391,4392,2024-10-01,Business,28,21,5254,93.24,1
9392,4392,2024-10-08,Business,35,7,979,33.13,1
9393,4392,2024-10-15,Business,32,11,2647,40.13,1
9394,4392,2024-10-22,Business,18,6,715,36.38,1
9395,4394,2024-09-24,Business,118,10,1757,86.11,1
9396,4394,2024-10-01,Business,54,23,8269,10.29,1
9397,4394,2024-10-08,Business,54,15,6593,55.4,1
9398,4394,2024-10-15,Business,11,7,953,27.72,1
9399,4394,2024-10-22,Business,28,4,2023,93.18,1
9400,4399,2024-11-24,Business,31,29,14045,102.57,1
9401,4399,2024-12-01,Business,14,26,10462,62.49,1
9402,4399,2024-12-08,Business,26,5,1067,52.92,1
9403,4399,2024-12-15,Business,11,7,3565,49.31,1
9404,4399,2024-12-22,Business,5,4,697,92.68,1
9405,4401,2024-04-24,Starter,11,1,695,3.03,1
9406,4401,2024-05-01,Starter,10,2,267,2.2,1
9407,4401,2024-05-08,Starter,2,1,359,2.5,1
9408,4401,2024-05-15,Starter,1,1,86,3.93,1
9409,4401,2024-05-22,Starter,2,1,72,4.05,1
9410,4407,2024-05-25,Starter,6,3,310,3.35,1
9411,4407,2024-06-01,Starter,1,1,396,4.03,1
9412,4407,2024-06-08,Starter,3,1,354,1.37,1
9413,4407,2024-06-15,Starter,1,1,122,2.63,1
9414,4407,2024-06-22,Starter,1,1,174,4.59,1
9415,4408,2024-12-25,Starter,16,4,675,4.74,0
9416,4409,2024-01-25,Pro,15,10,1615,5.06,0
9417,4409,2024-02-01,Pro,25,8,1323,17.27,0
9418,4409,2024-02-08,Pro,55,11,1405,16.41,0
9419,4409,2024-02-15,Pro,48,10,2286,9.6,0
9420,4409,2024-02-22,Pro,53,8,2012,7.27,0
9421,4409,2024-12-25,Business,95,49,9287,11.23,0
9422,4412,2024-01-25,Enterprise,107,166,41548,56.7,0
9423,4412,2024-02-01,Enterprise,287,119,16602,371.78,0
9424,4412,2024-02-08,Enterprise,159,37,82832,280.3,0
9425,4412,2024-02-15,Enterprise,374,43,42274,496.3,0
9426,4412,2024-02-22,Enterprise,421,106,43183,249.05,0
9427,4412,2024-12-25,Business,110,16,14193,88.98,0
9428,4418,2024-01-26,Pro,13,3,2230,2.2,1
9429,4418,2024-02-02,Pro,8,4,1660,9.08,1
9430,4418,2024-02-09,Pro,16,5,754,9.98,1
9431,4418,2024-02-16,Pro,11,3,1058,11.99,1
9432,4418,2024-02-23,Pro,8,1,213,18.04,1
9433,4421,2024-01-26,Starter,9,1,662,1.22,1
9434,4421,2024-02-02,Starter,8,1,378,2.19,1
9435,4421,2024-02-09,Starter,6,1,283,0.81,1
9436,4421,2024-02-16,Starter,3,1,224,3.07,1
9437,4421,2024-02-23,Starter,4,1,23,3.16,1
9438,4427,2024-06-26,Starter,5,2,145,0.79,1
9439,4427,2024-07-03,Starter,4,1,296,5.09,1
9440,4427,2024-07-10,Starter,7,1,72,1.83,1
9441,4427,2024-07-17,Starter,4,1,89,4.07,1
9442,4427,2024-07-24,Starter,1,1,27,3.02,1
9443,4429,2024-01-26,Pro,20,5,3104,19.1,1
9444,4429,2024-02-02,Pro,22,2,2179,16.64,1
9445,4429,2024-02-09,Pro,17,3,1591,13.06,1
9446,4429,2024-02-16,Pro,11,1,349,3.31,1
9447,4429,2024-02-23,Pro,5,1,341,6.46,1
9448,4430,2024-12-26,Starter,11,2,901,4.73,0
9449,4431,2024-04-26,Starter,13,1,424,5.04,1
9450,4431,2024-05-03,Starter,5,1,288,2.14,1
9451,4431,2024-05-10,Starter,8,1,383,3.88,1
9452,4431,2024-05-17,Starter,4,1,147,2.74,1
9453,4431,2024-05-24,Starter,3,1,204,0.77,1
9454,4436,2024-12-27,Pro,54,13,1449,15.43,0
9455,4440,2024-12-28,Starter,11,4,600,2.93,0
9456,4441,2024-12-28,Pro,26,7,681,9.9,0
9457,4442,2024-12-28,Business,38,37,19997,56.73,0
9458,4447,2024-01-28,Starter,8,1,261,0.8,1
9459,4447,2024-02-04,Starter,5,1,401,3.79,1
9460,4447,2024-02-11,Starter,2,1,112,3.66,1
9461,4447,2024-02-18,Starter,1,1,136,4.64,1
9462,4447,2024-02-25,Starter,1,1,87,3.05,1
9463,4448,2024-12-28,Enterprise,371,143,55479,454.35,0
9464,4452,2024-12-29,Business,99,34,8254,47.6,0
9465,4456,2024-11-29,Business,139,23,2360,68.2,0
9466,4456,2024-12-06,Business,135,13,3444,95.59,0
9467,4456,2024-12-13,Business,136,15,16259,73.03,0
9468,4456,2024-12-20,Business,58,47,21465,18.62,0
9469,4456,2024-12-27,Business,52,13,6684,30.99,0
9470,4456,2024-12-29,Enterprise,86,43,28650,186.68,0
9471,4468,2024-01-30,Business,52,38,13288,102.33,0
9472,4468,2024-02-06,Business,108,10,11657,96.02,0
9473,4468,2024-02-13,Business,73,23,10797,41.12,0
9474,4468,2024-02-20,Business,69,28,3512,27.39,0
9475,4468,2024-02-27,Business,68,35,4615,15.42,0
9476,4468,2024-12-29,Enterprise,241,180,11328,454.02,0
9477,4470,2024-03-29,Starter,4,3,720,1.81,1
9478,4470,2024-04-05,Starter,9,1,361,2.84,1
9479,4470,2024-04-12,Starter,6,1,209,0.78,1
9480,4470,2024-04-19,Starter,2,1,139,2.24,1
9481,4470,2024-04-26,Starter,2,1,150,5.05,1
9482,4477,2024-02-29,Starter,15,2,592,4.49,1
9483,4477,2024-03-07,Starter,3,1,285,1.99,1
9484,4477,2024-03-14,Starter,3,1,133,3.53,1
9485,4477,2024-03-21,Starter,2,1,81,3.41,1
9486,4477,2024-03-28,Starter,2,1,22,4.16,1
9487,4480,2024-12-29,Enterprise,326,181,95705,481.82,0
9488,4484,2024-09-29,Starter,9,2,605,2.59,1
9489,4484,2024-10-06,Starter,5,1,91,1.93,1
9490,4484,2024-10-13,Starter,4,1,376,4.54,1
9491,4484,2024-10-20,Starter,2,1,192,1.34,1
9492,4484,2024-10-27,Starter,1,1,161,0.82,1
9493,4490,2024-12-29,Pro,15,16,735,11.29,0
9494,4496,2024-12-01,Business,54,47,13685,65.25,0
9495,4496,2024-12-08,Business,46,36,5234,12.13,0
9496,4496,2024-12-15,Business,60,16,14143,96.82,0
9497,4496,2024-12-22,Business,98,20,7833,37.48,0
9498,4496,2024-12-29,Business,28,40,16069,63.27,0
9499,4500,2024-09-01,Starter,8,2,515,3.94,1
9500,4500,2024-09-08,Starter,6,1,411,1.1,1
9501,4500,2024-09-15,Starter,2,1,165,0.95,1
9502,4500,2024-09-22,Starter,2,1,73,1.36,1
9503,4500,2024-09-29,Starter,1,1,184,1.48,1
9504,4502,2024-08-01,Enterprise,313,145,25986,325.66,0
9505,4502,2024-08-08,Enterprise,292,124,58128,155.15,0
9506,4502,2024-08-15,Enterprise,229,97,17214,136.02,0
9507,4502,2024-08-22,Enterprise,348,165,99729,365.38,0
9508,4502,2024-08-29,Enterprise,163,39,32484,304.51,0
9509,4502,2024-12-01,Business,70,42,10104,99.88,0
9510,4502,2024-12-08,Business,54,44,15957,71.17,0
9511,4502,2024-12-15,Business,36,44,15776,19.65,0
9512,4502,2024-12-22,Business,72,19,16336,82.16,0
9513,4502,2024-12-29,Business,48,43,15285,74.37,0
9514,4504,2024-12-02,Enterprise,256,45,42792,197.32,0
9515,4504,2024-12-09,Enterprise,334,54,77142,435.66,0
9516,4504,2024-12-16,Enterprise,166,143,78357,269.84,0
9517,4504,2024-12-23,Enterprise,332,70,68659,453.45,0
9518,4504,2024-12-30,Enterprise,225,35,102421,400.8,0
9519,4505,2024-05-02,Enterprise,225,118,58804,334.57,0
9520,4505,2024-05-09,Enterprise,192,165,55039,352.12,0
9521,4505,2024-05-16,Enterprise,438,28,77439,183.2,0
9522,4505,2024-05-23,Enterprise,130,129,89983,279.37,0
9523,4505,2024-05-30,Enterprise,304,166,44421,153.88,0
9524,4505,2024-08-02,Business,133,37,17851,43.52,0
9525,4505,2024-08-09,Business,94,33,20160,12.82,0
9526,4505,2024-08-16,Business,135,45,3635,51.94,0
9527,4505,2024-08-23,Business,86,36,16096,12.96,0
9528,4505,2024-08-30,Business,141,26,16972,82.8,0
9529,4505,2024-09-02,Enterprise,384,157,97539,254.71,0
9530,4505,2024-09-09,Enterprise,221,143,88451,192.21,0
9531,4505,2024-09-16,Enterprise,260,62,92629,435.62,0
9532,4505,2024-09-23,Enterprise,440,148,77348,69.66,0
9533,4505,2024-09-30,Enterprise,136,49,66566,222.75,0
9534,4505,2024-12-02,Business,78,35,6633,66.59,0
9535,4505,2024-12-09,Business,104,37,8398,75.44,0
9536,4505,2024-12-16,Business,85,33,9576,69.25,0
9537,4505,2024-12-23,Business,111,31,6406,65.64,0
9538,4505,2024-12-30,Business,163,32,8118,67.92,0
9539,4508,2024-12-02,Pro,24,9,2263,6.64,0
9540,4508,2024-12-09,Pro,33,11,5101,11.6,0
9541,4508,2024-12-16,Pro,50,14,1622,14.38,0
9542,4508,2024-12-23,Pro,48,4,1353,19.91,0
9543,4508,2024-12-30,Pro,20,12,934,7.55,0
9544,4510,2024-11-02,Starter,9,2,506,2.27,0
9545,4510,2024-11-09,Starter,5,4,439,2.38,0
9546,4510,2024-11-16,Starter,4,3,802,4.64,0
9547,4510,2024-11-23,Starter,3,3,603,4.57,0
9548,4510,2024-11-30,Starter,10,1,404,3.24,0
9549,4510,2024-12-02,Pro,58,11,3166,13.7,0
9550,4510,2024-12-09,Pro,53,5,1739,18.31,0
9551,4510,2024-12-16,Pro,22,4,2722,14.59,0
9552,4510,2024-12-23,Pro,34,7,799,17.9,0
9553,4510,2024-12-30,Pro,16,13,2239,17.15,0
9554,4511,2024-09-02,Starter,6,1,740,2.4,0
9555,4511,2024-09-09,Starter,15,1,264,2.6,0
9556,4511,2024-09-16,Starter,4,4,571,3.5,0
9557,4511,2024-09-23,Starter,16,4,1061,1.19,0
9558,4511,2024-09-30,Starter,13,1,441,1.28,0
9559,4511,2024-11-02,Pro,30,6,3598,11.96,0
9560,4511,2024-11-09,Pro,14,9,4334,6.86,0
9561,4511,2024-11-16,Pro,18,3,3769,14.62,0
9562,4511,2024-11-23,Pro,18,8,3988,12.52,1
9563,4511,2024-11-30,Pro,18,10,2956,14.89,1
9564,4511,2024-12-02,Business,78,32,6371,38.01,1
9565,4511,2024-12-09,Business,59,20,6432,34.39,1
9566,4511,2024-12-16,Business,32,15,5362,99.02,1
9567,4511,2024-12-23,Business,17,9,1053,12.0,1
9568,4511,2024-12-30,Business,21,7,2866,76.51,1
9569,4512,2024-12-02,Starter,22,1,107,3.54,0
9570,4512,2024-12-09,Starter,8,1,224,0.99,0
9571,4512,2024-12-16,Starter,17,1,964,4.76,0
9572,4512,2024-12-23,Starter,6,1,524,4.48,0
9573,4512,2024-12-30,Starter,11,4,664,4.01,0
9574,4513,2024-02-02,Starter,9,1,527,1.17,0
9575,4513,2024-02-09,Starter,7,4,378,2.36,0
9576,4513,2024-02-16,Starter,16,2,156,4.32,0
9577,4513,2024-02-23,Starter,9,3,773,4.48,0
9578,4513,2024-03-01,Starter,4,1,743,1.81,0
9579,4513,2024-12-02,Pro,32,12,2940,11.39,0
9580,4513,2024-12-09,Pro,52,15,589,2.29,0
9581,4513,2024-12-16,Pro,17,14,2015,11.09,0
9582,4513,2024-12-23,Pro,16,8,869,13.74,0
9583,4513,2024-12-30,Pro,53,5,4274,3.92,0
9584,4515,2024-12-02,Business,69,38,17837,67.53,0
9585,4515,2024-12-09,Business,113,40,10152,29.04,0
9586,4515,2024-12-16,Business,132,29,15761,18.1,0
9587,4515,2024-12-23,Business,67,35,12946,23.86,0
9588,4515,2024-12-30,Business,64,27,14398,48.57,0
9589,4519,2024-02-02,Business,36,25,4223,20.33,1
9590,4519,2024-02-09,Business,39,15,8002,59.14,1
9591,4519,2024-02-16,Business,25,13,1067,68.45,1
9592,4519,2024-02-23,Business,25,3,2343,71.14,1
9593,4519,2024-03-01,Business,22,8,3344,67.81,1
9594,4521,2024-05-03,Starter,6,1,447,1.53,1
9595,4521,2024-05-10,Starter,5,2,83,4.37,1
9596,4521,2024-05-17,Starter,6,1,54,3.32,1
9597,4521,2024-05-24,Starter,3,1,190,1.27,1
9598,4521,2024-05-31,Starter,2,1,60,2.69,1
9599,4526,2024-06-03,Enterprise,200,125,29668,246.83,0
9600,4526,2024-06-10,Enterprise,335,196,35193,422.77,0
9601,4526,2024-06-17,Enterprise,212,32,89615,173.89,0
9602,4526,2024-06-24,Enterprise,167,165,37075,404.5,0
9603,4526,2024-07-01,Enterprise,339,99,78563,66.23,0
9604,4526,2024-08-03,Business,41,25,14031,59.88,0
9605,4526,2024-08-10,Business,38,34,7243,78.27,0
9606,4526,2024-08-17,Business,87,25,7641,39.6,0
9607,4526,2024-08-24,Business,97,27,13905,46.7,0
9608,4526,2024-08-31,Business,24,17,3167,11.07,0
9609,4526,2024-12-03,Enterprise,394,196,60338,410.51,0
9610,4526,2024-12-10,Enterprise,137,148,56007,265.46,0
9611,4526,2024-12-17,Enterprise,418,89,60491,387.64,0
9612,4526,2024-12-24,Enterprise,288,126,89671,163.94,0
9613,4526,2024-12-31,Enterprise,366,44,55471,53.3,0
9614,4527,2024-12-03,Business,142,28,16802,72.54,0
9615,4527,2024-12-10,Business,47,27,8671,23.18,0
9616,4527,2024-12-17,Business,55,28,3774,21.62,0
9617,4527,2024-12-24,Business,36,36,2075,59.56,0
9618,4527,2024-12-31,Business,72,35,15911,14.19,0
9619,4528,2024-12-03,Starter,15,3,112,3.74,0
9620,4528,2024-12-10,Starter,7,2,655,1.04,0
9621,4528,2024-12-17,Starter,12,3,549,3.74,0
9622,4528,2024-12-24,Starter,10,2,707,3.93,0
9623,4528,2024-12-31,Starter,13,3,463,3.55,0
9624,4529,2024-12-03,Pro,37,7,3537,4.66,0
9625,4529,2024-12-10,Pro,66,13,4189,11.42,0
9626,4529,2024-12-17,Pro,23,4,2622,7.98,0
9627,4529,2024-12-24,Pro,62,10,4939,17.84,0
9628,4529,2024-12-31,Pro,54,5,893,9.13,0
9629,4533,2024-02-04,Business,46,21,11798,38.32,1
9630,4533,2024-02-11,Business,33,18,9368,57.94,1
9631,4533,2024-02-18,Business,28,9,2581,80.07,1
9632,4533,2024-02-25,Business,6,9,2425,53.92,1
9633,4533,2024-03-03,Business,6,3,2453,98.35,1
9634,4534,2024-12-04,Pro,16,2,2379,6.21,1
9635,4534,2024-12-11,Pro,9,3,1416,9.05,1
9636,4534,2024-12-18,Pro,11,1,1613,18.56,1
9637,4534,2024-12-25,Pro,8,1,572,10.61,1
9638,4539,2024-07-04,Business,118,24,16529,90.55,0
9639,4539,2024-07-11,Business,126,13,9201,45.91,0
9640,4539,2024-07-18,Business,58,27,16632,87.42,0
9641,4539,2024-07-25,Business,66,23,8588,11.26,0
9642,4539,2024-08-01,Business,55,37,4275,34.92,0
9643,4539,2024-11-04,Pro,25,9,2398,9.33,0
9644,4539,2024-11-11,Pro,49,5,4571,16.45,0
9645,4539,2024-11-18,Pro,22,12,5563,4.28,0
9646,4539,2024-11-25,Pro,26,9,1527,15.46,0
9647,4539,2024-12-02,Pro,39,9,4984,15.05,0
9648,4539,2024-12-09,Pro,69,12,770,13.43,0
9649,4539,2024-12-16,Pro,34,7,2289,12.55,0
9650,4539,2024-12-23,Pro,23,6,1566,4.02,0
9651,4539,2024-12-30,Pro,43,9,3568,10.92,0
9652,4542,2024-04-05,Pro,21,8,1185,8.64,1
9653,4542,2024-04-12,Pro,30,4,1331,14.91,1
9654,4542,2024-04-19,Pro,13,3,307,16.35,1
9655,4542,2024-04-26,Pro,7,1,895,15.42,1
9656,4542,2024-05-03,Pro,7,1,497,6.34,1
9657,4543,2024-12-05,Starter,18,2,963,2.61,0
9658,4543,2024-12-12,Starter,5,2,487,2.84,0
9659,4543,2024-12-19,Starter,4,3,908,1.06,0
9660,4543,2024-12-26,Starter,6,1,525,4.04,0
9661,4548,2024-03-05,Starter,18,3,751,4.06,0
9662,4548,2024-03-12,Starter,17,3,185,3.79,0
9663,4548,2024-03-19,Starter,9,1,958,3.63,0
9664,4548,2024-03-26,Starter,7,2,315,4.79,0
9665,4548,2024-04-02,Starter,12,1,231,1.15,0
9666,4548,2024-08-05,Starter,20,3,379,3.74,0
9667,4548,2024-08-12,Starter,8,1,476,4.54,0
9668,4548,2024-08-19,Starter,9,1,524,2.35,0
9669,4548,2024-08-26,Starter,15,3,848,2.37,0
9670,4548,2024-09-02,Starter,18,2,390,4.71,0
9671,4548,2024-09-09,Starter,23,3,492,1.8,0
9672,4548,2024-09-16,Starter,5,3,237,3.33,0
9673,4548,2024-09-23,Starter,11,2,810,3.94,0
9674,4548,2024-09-30,Starter,19,3,450,4.45,0
9675,4548,2024-10-07,Starter,15,3,426,2.34,0
9676,4548,2024-10-14,Starter,15,5,655,1.65,0
9677,4548,2024-10-21,Starter,12,3,650,4.46,0
9678,4548,2024-10-28,Starter,12,3,757,4.12,0
9679,4548,2024-11-04,Starter,12,3,690,0.96,0
9680,4548,2024-11-11,Starter,8,2,388,3.21,0
9681,4548,2024-11-18,Starter,7,3,942,2.21,0
9682,4548,2024-11-25,Starter,9,3,589,4.75,0
9683,4548,2024-12-02,Starter,5,2,289,1.17,0
9684,4548,2024-12-09,Starter,6,4,902,4.28,0
9685,4548,2024-12-16,Starter,17,1,222,3.09,0
9686,4548,2024-12-23,Starter,7,3,276,0.71,0
9687,4548,2024-12-30,Starter,16,1,897,1.01,0
9688,4556,2024-03-06,Pro,43,2,2312,6.0,1
9689,4556,2024-03-13,Pro,18,6,995,4.37,1
9690,4556,2024-03-20,Pro,26,1,249,5.8,1
9691,4556,2024-03-27,Pro,5,1,878,16.69,1
9692,4556,2024-04-03,Pro,5,1,86,4.25,1
9693,4561,2024-12-06,Pro,38,3,1072,14.99,0
9694,4561,2024-12-13,Pro,47,5,3656,6.19,0
9695,4561,2024-12-20,Pro,25,9,1984,11.13,0
9696,4561,2024-12-27,Pro,47,7,3408,7.96,0
9697,4562,2024-10-06,Starter,5,3,378,1.31,1
9698,4562,2024-10-13,Starter,2,1,289,1.18,1
9699,4562,2024-10-20,Starter,3,1,190,1.3,1
9700,4562,2024-10-27,Starter,2,1,85,0.49,1
9701,4562,2024-11-03,Starter,1,1,163,1.77,1
9702,4563,2024-02-06,Pro,19,9,3841,9.38,0
9703,4563,2024-02-13,Pro,45,6,1173,3.16,0
9704,4563,2024-02-20,Pro,33,8,3850,6.31,0
9705,4563,2024-02-27,Pro,42,13,1693,15.96,0
9706,4563,2024-03-05,Pro,57,8,2248,3.0,0
9707,4563,2024-05-06,Starter,17,4,375,4.25,0
9708,4563,2024-05-13,Starter,14,3,184,2.11,0
9709,4563,2024-05-20,Starter,7,4,730,1.43,0
9710,4563,2024-05-27,Starter,16,1,606,1.85,0
9711,4563,2024-06-03,Starter,8,5,542,3.18,0
9712,4563,2024-12-06,Pro,33,9,2527,6.36,0
9713,4563,2024-12-13,Pro,61,3,727,2.56,0
9714,4563,2024-12-20,Pro,19,12,1074,19.37,0
9715,4563,2024-12-27,Pro,49,8,3393,2.54,0
9716,4568,2024-08-07,Starter,12,2,384,3.38,0
9717,4568,2024-08-14,Starter,5,4,670,4.53,0
9718,4568,2024-08-21,Starter,6,2,211,4.49,0
9719,4568,2024-08-28,Starter,16,2,691,4.05,0
9720,4568,2024-09-04,Starter,8,2,360,0.58,0
9721,4568,2024-12-07,Pro,31,3,3027,2.46,0
9722,4568,2024-12-14,Pro,11,4,3771,6.7,0
9723,4568,2024-12-21,Pro,13,7,1795,4.12,0
9724,4568,2024-12-28,Pro,28,8,3322,2.88,0
9725,4572,2024-12-07,Enterprise,137,192,50346,318.58,0
9726,4572,2024-12-14,Enterprise,195,160,43536,317.14,0
9727,4572,2024-12-21,Enterprise,78,115,107363,474.26,0
9728,4572,2024-12-28,Enterprise,95,94,49134,397.96,0
9729,4573,2024-12-07,Pro,27,8,762,15.5,0
9730,4573,2024-12-14,Pro,37,15,3373,12.78,0
9731,4573,2024-12-21,Pro,32,4,952,2.76,0
9732,4573,2024-12-28,Pro,25,11,2804,14.55,0
9733,4575,2024-12-07,Pro,18,13,2406,15.21,0
9734,4575,2024-12-14,Pro,10,8,1614,5.88,0
9735,4575,2024-12-21,Pro,16,6,2355,6.89,0
9736,4575,2024-12-28,Pro,21,14,3239,11.76,0
9737,4585,2024-12-08,Enterprise,123,170,36101,58.69,0
9738,4585,2024-12-15,Enterprise,258,109,29534,254.92,0
9739,4585,2024-12-22,Enterprise,223,149,76631,341.51,0
9740,4585,2024-12-29,Enterprise,103,92,69852,113.05,0
9741,4588,2024-08-08,Business,79,32,3367,14.79,0
9742,4588,2024-08-15,Business,44,49,2555,84.36,0
9743,4588,2024-08-22,Business,99,19,6953,76.21,0
9744,4588,2024-08-29,Business,160,51,10700,45.66,0
9745,4588,2024-09-05,Business,140,45,10827,16.74,0
9746,4588,2024-12-08,Pro,23,6,4787,12.72,0
9747,4588,2024-12-15,Pro,9,8,3965,3.81,0
9748,4588,2024-12-22,Pro,17,3,3251,5.05,0
9749,4588,2024-12-29,Pro,18,11,1227,14.95,0
9750,4589,2024-12-08,Starter,4,3,493,4.67,0
9751,4589,2024-12-15,Starter,6,3,163,2.08,0
9752,4589,2024-12-22,Starter,10,1,218,2.48,0
9753,4589,2024-12-29,Starter,4,2,422,1.44,0
9754,4590,2024-12-08,Enterprise,163,92,23639,127.2,0
9755,4590,2024-12-15,Enterprise,137,141,64581,287.84,0
9756,4590,2024-12-22,Enterprise,241,164,11927,477.7,0
9757,4590,2024-12-29,Enterprise,175,149,55152,507.74,0
9758,4594,2024-05-08,Enterprise,571,183,26673,126.78,0
9759,4594,2024-05-15,Enterprise,166,105,46298,488.54,0
9760,4594,2024-05-22,Enterprise,86,194,20309,184.2,0
9761,4594,2024-05-29,Enterprise,295,121,65270,316.43,0
9762,4594,2024-06-05,Enterprise,569,77,15841,289.51,0
9763,4594,2024-11-08,Business,65,26,14082,67.65,1
9764,4594,2024-11-15,Business,51,27,1191,98.13,1
9765,4594,2024-11-22,Business,38,13,5077,33.06,1
9766,4594,2024-11-29,Business,19,4,3522,43.67,1
9767,4594,2024-12-06,Business,8,4,1234,45.77,1
9768,4603,2024-12-09,Business,66,27,4358,81.9,0
9769,4603,2024-12-16,Business,136,15,7323,60.59,0
9770,4603,2024-12-23,Business,90,15,7232,26.85,0
9771,4603,2024-12-30,Business,174,18,14856,48.81,0
9772,4608,2024-04-09,Starter,9,2,359,1.48,1
9773,4608,2024-04-16,Starter,7,1,345,0.93,1
9774,4608,2024-04-23,Starter,2,1,180,3.61,1
9775,4608,2024-04-30,Starter,3,1,184,2.83,1
9776,4608,2024-05-07,Starter,2,1,145,2.62,1
9777,4610,2024-12-09,Business,125,42,13562,96.06,0
9778,4610,2024-12-16,Business,100,32,16143,67.43,0
9779,4610,2024-12-23,Business,55,35,18443,44.31,0
9780,4610,2024-12-30,Business,133,30,16700,45.31,0
9781,4612,2024-12-09,Pro,28,7,1827,8.26,0
9782,4612,2024-12-16,Pro,18,5,1941,13.98,0
9783,4612,2024-12-23,Pro,54,9,3524,6.96,0
9784,4612,2024-12-30,Pro,31,13,5262,14.12,0
9785,4614,2024-12-09,Pro,48,6,1983,8.09,0
9786,4614,2024-12-16,Pro,34,12,771,3.37,0
9787,4614,2024-12-23,Pro,49,4,743,11.08,0
9788,4614,2024-12-30,Pro,50,11,4299,7.85,0
9789,4620,2024-04-10,Starter,10,1,117,5.01,1
9790,4620,2024-04-17,Starter,4,1,105,3.49,1
9791,4620,2024-04-24,Starter,2,1,381,4.42,1
9792,4620,2024-05-01,Starter,2,1,212,3.12,1
9793,4620,2024-05-08,Starter,1,1,146,2.57,1
9794,4622,2024-10-11,Starter,9,1,409,1.25,1
9795,4622,2024-10-18,Starter,4,1,266,1.26,1
9796,4622,2024-10-25,Starter,3,1,334,3.14,1
9797,4622,2024-11-01,Starter,1,1,66,3.83,1
9798,4622,2024-11-08,Starter,3,1,53,1.17,1
9799,4624,2024-12-11,Business,111,27,3216,45.17,0
9800,4624,2024-12-18,Business,148,42,10627,57.77,0
9801,4624,2024-12-25,Business,77,49,5831,12.79,0
9802,4625,2024-03-11,Business,102,29,6563,15.41,0
9803,4625,2024-03-18,Business,72,39,8687,34.34,0
9804,4625,2024-03-25,Business,66,23,3058,97.14,0
9805,4625,2024-04-01,Business,65,27,15047,14.01,0
9806,4625,2024-04-08,Business,118,21,11274,15.12,0
9807,4625,2024-07-11,Pro,13,4,803,13.3,1
9808,4625,2024-07-18,Pro,25,3,1362,13.49,1
9809,4625,2024-07-25,Pro,12,1,1198,8.22,1
9810,4625,2024-08-01,Pro,7,3,1214,17.04,1
9811,4625,2024-08-08,Pro,4,1,155,2.85,1
9812,4631,2024-02-11,Starter,6,2,99,3.66,1
9813,4631,2024-02-18,Starter,6,1,386,3.83,1
9814,4631,2024-02-25,Starter,1,1,344,0.95,1
9815,4631,2024-03-03,Starter,2,1,49,3.7,1
9816,4631,2024-03-10,Starter,2,1,201,2.67,1
9817,4632,2024-08-11,Starter,4,1,148,1.04,0
9818,4632,2024-08-18,Starter,11,2,489,4.03,0
9819,4632,2024-08-25,Starter,5,2,170,0.88,0
9820,4632,2024-09-01,Starter,9,1,182,4.18,0
9821,4632,2024-09-08,Starter,11,1,1012,1.64,0
9822,4632,2024-11-11,Pro,28,6,442,14.46,1
9823,4632,2024-11-18,Pro,25,2,573,15.49,1
9824,4632,2024-11-25,Pro,13,5,1972,10.9,1
9825,4632,2024-12-02,Pro,5,1,709,2.58,1
9826,4632,2024-12-09,Pro,4,1,147,16.22,1
9827,4636,2024-07-11,Pro,33,10,4150,4.9,0
9828,4636,2024-07-18,Pro,41,5,2380,9.08,0
9829,4636,2024-07-25,Pro,51,12,2560,4.13,0
9830,4636,2024-08-01,Pro,26,8,473,10.6,0
9831,4636,2024-08-08,Pro,43,5,2798,11.21,0
9832,4636,2024-09-11,Starter,7,3,355,2.05,1
9833,4636,2024-09-18,Starter,8,1,438,2.72,1
9834,4636,2024-09-25,Starter,6,1,171,4.63,1
9835,4636,2024-10-02,Starter,3,1,138,3.99,1
9836,4636,2024-10-09,Starter,1,1,34,1.55,1
9837,4637,2024-12-11,Starter,20,4,962,2.62,0
9838,4637,2024-12-18,Starter,7,2,720,5.1,0
9839,4637,2024-12-25,Starter,20,1,800,2.98,0
9840,4639,2024-12-12,Starter,21,3,1052,3.46,0
9841,4639,2024-12-19,Starter,18,1,141,4.96,0
9842,4639,2024-12-26,Starter,19,4,150,1.01,0
9843,4647,2024-12-12,Enterprise,187,105,81278,145.76,0
9844,4647,2024-12-19,Enterprise,362,77,42530,359.07,0
9845,4647,2024-12-26,Enterprise,252,151,16313,226.96,0
9846,4653,2024-12-12,Starter,19,1,159,0.82,0
9847,4653,2024-12-19,Starter,5,3,904,0.55,0
9848,4653,2024-12-26,Starter,14,3,321,4.85,0
9849,4658,2024-02-13,Enterprise,499,119,75153,264.54,0
9850,4658,2024-02-20,Enterprise,270,157,27899,331.01,0
9851,4658,2024-02-27,Enterprise,341,129,42726,464.29,0
9852,4658,2024-03-05,Enterprise,228,197,84884,332.42,0
9853,4658,2024-03-12,Enterprise,389,45,36762,61.93,0
9854,4658,2024-12-13,Business,138,38,5851,50.11,0
9855,4658,2024-12-20,Business,130,26,6770,99.03,0
9856,4658,2024-12-27,Business,125,24,4017,16.31,0
9857,4659,2024-12-14,Pro,16,11,2795,11.62,0
9858,4659,2024-12-21,Pro,21,16,2334,11.76,0
9859,4659,2024-12-28,Pro,16,6,4128,8.68,0
9860,4665,2024-11-14,Starter,9,1,355,4.73,1
9861,4665,2024-11-21,Starter,3,2,473,3.07,1
9862,4665,2024-11-28,Starter,6,1,211,3.44,1
9863,4665,2024-12-05,Starter,1,1,103,0.79,1
9864,4665,2024-12-12,Starter,3,1,69,2.26,1
9865,4666,2024-12-14,Business,66,26,19793,40.93,0
9866,4666,2024-12-21,Business,55,44,3357,74.41,0
9867,4666,2024-12-28,Business,41,40,14162,28.18,0
9868,4671,2024-08-14,Pro,24,4,4711,12.67,0
9869,4671,2024-08-21,Pro,28,9,5196,8.62,0
9870,4671,2024-08-28,Pro,39,7,533,18.39,0
9871,4671,2024-09-04,Pro,59,11,3520,2.88,0
9872,4671,2024-09-11,Pro,46,14,1648,9.26,0
9873,4671,2024-11-14,Business,101,44,17373,99.29,0
9874,4671,2024-11-21,Business,104,42,4814,91.7,0
9875,4671,2024-11-28,Business,90,30,3013,40.1,0
9876,4671,2024-12-05,Business,73,46,14191,25.17,0
9877,4671,2024-12-12,Business,139,32,3163,84.34,0
9878,4671,2024-12-14,Enterprise,193,117,13962,67.5,0
9879,4671,2024-12-21,Enterprise,137,119,46169,64.23,0
9880,4671,2024-12-28,Enterprise,305,151,53864,465.78,0
9881,4673,2024-04-14,Starter,6,1,328,2.89,1
9882,4673,2024-04-21,Starter,5,1,114,3.37,1
9883,4673,2024-04-28,Starter,3,1,393,0.62,1
9884,4673,2024-05-05,Starter,2,1,147,3.72,1
9885,4673,2024-05-12,Starter,2,1,41,1.47,1
9886,4675,2024-03-14,Pro,31,8,2676,2.24,1
9887,4675,2024-03-21,Pro,23,6,1421,7.64,1
9888,4675,2024-03-28,Pro,7,5,1269,8.69,1
9889,4675,2024-04-04,Pro,11,2,788,8.21,1
9890,4675,2024-04-11,Pro,6,1,377,12.69,1
9891,4678,2024-12-15,Business,106,29,6276,102.19,0
9892,4678,2024-12-22,Business,81,9,12158,36.67,0
9893,4678,2024-12-29,Business,94,35,10767,83.44,0
9894,4682,2024-12-15,Pro,33,11,2736,10.09,0
9895,4682,2024-12-22,Pro,24,6,2814,12.81,0
9896,4682,2024-12-29,Pro,33,3,1031,2.09,0
9897,4684,2024-12-15,Pro,16,6,2972,17.02,0
9898,4684,2024-12-22,Pro,40,11,2483,19.9,0
9899,4684,2024-12-29,Pro,30,3,2024,14.6,0
9900,4693,2024-09-16,Enterprise,549,147,21050,105.05,0
9901,4693,2024-09-23,Enterprise,298,133,22877,418.08,0
9902,4693,2024-09-30,Enterprise,267,57,96214,407.32,0
9903,4693,2024-10-07,Enterprise,405,58,18796,59.19,0
9904,4693,2024-10-14,Enterprise,205,88,56212,409.16,0
9905,4693,2024-12-16,Business,150,15,17069,40.82,0
9906,4693,2024-12-23,Business,146,29,15183,79.94,0
9907,4693,2024-12-30,Business,44,43,11280,26.89,0
9908,4696,2024-12-16,Pro,45,13,634,4.78,0
9909,4696,2024-12-23,Pro,65,5,1473,18.13,0
9910,4696,2024-12-30,Pro,21,8,3504,8.62,0
9911,4704,2024-12-16,Enterprise,470,61,87272,441.78,0
9912,4704,2024-12-23,Enterprise,334,190,44351,150.1,0
9913,4704,2024-12-30,Enterprise,107,146,40732,317.7,0
9914,4707,2024-05-16,Pro,46,6,893,10.48,1
9915,4707,2024-05-23,Pro,17,4,605,6.75,1
9916,4707,2024-05-30,Pro,22,5,1027,16.66,1
9917,4707,2024-06-06,Pro,3,3,1143,2.93,1
9918,4707,2024-06-13,Pro,11,1,523,7.62,1
9919,4710,2024-12-17,Enterprise,299,72,27605,229.23,0
9920,4710,2024-12-24,Enterprise,276,84,24027,195.8,0
9921,4710,2024-12-31,Enterprise,382,149,109031,114.42,0
9922,4714,2024-07-17,Enterprise,362,104,26109,323.68,0
9923,4714,2024-07-24,Enterprise,330,138,52412,135.22,0
9924,4714,2024-07-31,Enterprise,401,99,49720,512.39,0
9925,4714,2024-08-07,Enterprise,224,158,45179,362.81,0
9926,4714,2024-08-14,Enterprise,358,74,67702,451.27,0
9927,4714,2024-12-17,Business,163,50,13878,49.57,0
9928,4714,2024-12-24,Business,153,32,11376,49.06,0
9929,4714,2024-12-31,Business,121,30,12671,63.85,0
9930,4717,2024-06-17,Starter,5,4,185,2.64,0
9931,4717,2024-06-24,Starter,10,4,749,1.66,0
9932,4717,2024-07-01,Starter,19,2,209,4.81,0
9933,4717,2024-07-08,Starter,7,4,793,3.47,0
9934,4717,2024-07-15,Starter,16,3,864,1.72,0
9935,4717,2024-12-17,Pro,38,10,1890,18.88,0
9936,4717,2024-12-24,Pro,39,13,2676,14.4,0
9937,4717,2024-12-31,Pro,34,9,3227,6.86,0
9938,4719,2024-07-17,Pro,49,6,1714,10.84,0
9939,4719,2024-07-24,Pro,49,11,1040,4.15,0
9940,4719,2024-07-31,Pro,42,13,919,17.02,0
9941,4719,2024-08-07,Pro,42,9,1626,3.89,0
9942,4719,2024-08-14,Pro,42,6,2670,14.64,0
9943,4719,2024-09-17,Business,67,14,17637,54.62,0
9944,4719,2024-09-24,Business,131,11,1814,79.33,0
9945,4719,2024-10-01,Business,90,24,4655,17.05,0
9946,4719,2024-10-08,Business,109,28,19476,35.0,0
9947,4719,2024-10-15,Business,125,42,14970,94.15,0
9948,4719,2024-12-17,Pro,61,5,3928,2.87,0
9949,4719,2024-12-24,Pro,53,8,3081,10.63,0
9950,4719,2024-12-31,Pro,45,9,2359,10.69,0
9951,4721,2024-06-17,Pro,32,6,1304,10.91,1
9952,4721,2024-06-24,Pro,13,7,1424,9.76,1
9953,4721,2024-07-01,Pro,11,4,2014,3.83,1
9954,4721,2024-07-08,Pro,5,1,1057,5.68,1
9955,4721,2024-07-15,Pro,6,1,813,9.76,1
9956,4729,2024-03-18,Starter,4,2,187,2.02,1
9957,4729,2024-03-25,Starter,4,2,402,3.28,1
9958,4729,2024-04-01,Starter,1,1,370,1.17,1
9959,4729,2024-04-08,Starter,4,1,196,3.33,1
9960,4729,2024-04-15,Starter,1,1,162,3.35,1
9961,4731,2024-12-18,Starter,5,1,681,1.83,0
9962,4731,2024-12-25,Starter,6,3,366,3.43,0
9963,4732,2024-12-18,Enterprise,373,162,36560,111.45,0
9964,4732,2024-12-25,Enterprise,445,29,19642,398.16,0
9965,4738,2024-04-19,Starter,6,2,247,2.89,1
9966,4738,2024-04-26,Starter,4,1,73,1.04,1
9967,4738,2024-05-03,Starter,2,1,147,5.13,1
9968,4738,2024-05-10,Starter,3,1,105,0.55,1
9969,4738,2024-05-17,Starter,1,1,77,3.6,1
9970,4745,2024-06-19,Starter,10,2,350,1.65,1
9971,4745,2024-06-26,Starter,7,1,529,1.05,1
9972,4745,2024-07-03,Starter,6,1,149,1.64,1
9973,4745,2024-07-10,Starter,1,1,102,3.27,1
9974,4745,2024-07-17,Starter,3,1,112,1.28,1
9975,4754,2024-12-20,Starter,7,3,228,4.31,0
9976,4754,2024-12-27,Starter,10,3,1038,3.16,0
9977,4755,2024-04-20,Starter,3,1,364,0.8,1
9978,4755,2024-04-27,Starter,2,2,147,1.19,1
9979,4755,2024-05-04,Starter,1,1,78,3.84,1
9980,4755,2024-05-11,Starter,0,1,46,1.52,1
9981,4755,2024-05-18,Starter,1,1,203,3.9,1
9982,4756,2024-06-20,Starter,10,1,157,3.81,1
9983,4756,2024-06-27,Starter,4,2,140,2.93,1
9984,4756,2024-07-04,Starter,2,1,349,2.08,1
9985,4756,2024-07-11,Starter,1,1,157,3.45,1
9986,4756,2024-07-18,Starter,1,1,81,4.93,1
9987,4761,2024-09-21,Pro,38,6,4202,8.09,0
9988,4761,2024-09-28,Pro,19,5,1783,17.76,0
9989,4761,2024-10-05,Pro,39,8,3926,13.45,0
9990,4761,2024-10-12,Pro,9,10,4224,14.79,0
9991,4761,2024-10-19,Pro,25,4,3465,18.65,0
9992,4761,2024-12-21,Starter,8,2,946,3.22,0
9993,4761,2024-12-28,Starter,4,2,838,2.8,0
9994,4762,2024-12-21,Business,66,45,14443,11.0,0
9995,4762,2024-12-28,Business,70,30,15570,97.62,0
9996,4769,2024-12-22,Starter,2,1,214,3.63,1
9997,4769,2024-12-29,Starter,2,1,20,3.62,1
9998,4770,2024-04-22,Starter,11,1,705,3.1,1
9999,4770,2024-04-29,Starter,5,1,512,3.33,1
10000,4770,2024-05-06,Starter,3,1,74,4.23,1
10001,4770,2024-05-13,Starter,1,1,188,2.44,1
10002,4770,2024-05-20,Starter,4,1,114,3.64,1
10003,4774,2024-10-22,Pro,24,5,2358,6.94,0
10004,4774,2024-10-29,Pro,16,7,579,12.8,0
10005,4774,2024-11-05,Pro,30,14,1264,10.27,0
10006,4774,2024-11-12,Pro,33,12,1551,15.31,0
10007,4774,2024-11-19,Pro,24,3,3795,12.79,0
10008,4774,2024-12-22,Starter,7,3,297,5.09,0
10009,4774,2024-12-29,Starter,4,1,589,3.89,0
10010,4777,2024-12-22,Enterprise,245,137,41539,369.46,0
10011,4777,2024-12-29,Enterprise,258,180,22380,260.18,0
10012,4783,2024-02-23,Starter,5,2,235,1.4,1
10013,4783,2024-03-01,Starter,3,2,57,4.33,1
10014,4783,2024-03-08,Starter,4,1,284,0.53,1
10015,4783,2024-03-15,Starter,2,1,162,4.82,1
10016,4783,2024-03-22,Starter,2,1,161,2.36,1
10017,4785,2024-12-23,Enterprise,402,172,51539,154.3,0
10018,4785,2024-12-30,Enterprise,328,122,48371,329.73,0
10019,4793,2024-10-24,Enterprise,127,153,10002,264.6,1
10020,4793,2024-10-31,Enterprise,120,36,39937,214.97,1
10021,4793,2024-11-07,Enterprise,188,69,40558,152.79,1
10022,4793,2024-11-14,Enterprise,63,25,10017,277.43,1
10023,4793,2024-11-21,Enterprise,30,23,19817,434.58,1
10024,4794,2024-10-24,Business,71,19,2437,92.13,1
10025,4794,2024-10-31,Business,37,11,12340,20.26,1
10026,4794,2024-11-07,Business,30,7,6404,20.92,1
10027,4794,2024-11-14,Business,12,10,4096,70.34,1
10028,4794,2024-11-21,Business,9,9,2694,33.17,1
10029,4798,2024-10-24,Enterprise,533,108,35554,92.8,0
10030,4798,2024-10-31,Enterprise,303,75,40666,166.28,0
10031,4798,2024-11-07,Enterprise,481,166,73027,292.97,0
10032,4798,2024-11-14,Enterprise,445,50,30375,262.9,0
10033,4798,2024-11-21,Enterprise,260,194,81553,143.98,0
10034,4798,2024-12-24,Business,75,28,10566,86.08,0
10035,4798,2024-12-31,Business,87,32,9834,75.69,0
10036,4802,2024-12-24,Business,74,23,18548,95.67,0
10037,4802,2024-12-31,Business,88,36,6242,47.16,0
10038,4805,2024-05-24,Pro,14,7,1869,3.79,0
10039,4805,2024-05-31,Pro,24,14,618,14.23,0
10040,4805,2024-06-07,Pro,38,5,835,19.03,0
10041,4805,2024-06-14,Pro,36,11,4263,9.65,0
10042,4805,2024-06-21,Pro,48,5,1643,10.46,0
10043,4805,2024-12-24,Business,93,19,8832,60.43,0
10044,4805,2024-12-31,Business,130,46,17584,65.24,0
10045,4809,2024-12-25,Enterprise,124,173,79318,158.22,0
10046,4813,2024-10-25,Pro,36,2,3247,5.27,1
10047,4813,2024-11-01,Pro,22,3,2443,19.67,1
10048,4813,2024-11-08,Pro,16,4,333,7.14,1
10049,4813,2024-11-15,Pro,6,2,606,11.67,1
10050,4813,2024-11-22,Pro,10,1,267,11.53,1
10051,4817,2024-12-26,Enterprise,378,126,85835,199.41,0
10052,4820,2024-12-26,Enterprise,294,43,34286,369.71,0
10053,4822,2024-02-26,Business,77,33,9514,73.0,1
10054,4822,2024-03-04,Business,24,14,6441,33.64,1
10055,4822,2024-03-11,Business,16,16,1974,15.19,1
10056,4822,2024-03-18,Business,25,2,3559,41.03,1
10057,4822,2024-03-25,Business,18,7,1640,35.51,1
10058,4828,2024-07-27,Pro,26,6,3523,19.02,0
10059,4828,2024-08-03,Pro,16,5,1056,18.95,0
10060,4828,2024-08-10,Pro,18,10,3382,18.91,0
10061,4828,2024-08-17,Pro,25,5,2270,2.95,0
10062,4828,2024-08-24,Pro,15,10,4046,19.0,0
10063,4828,2024-12-27,Business,62,11,16625,35.85,0
10064,4829,2024-03-27,Starter,12,1,478,2.78,1
10065,4829,2024-04-03,Starter,3,1,515,5.1,1
10066,4829,2024-04-10,Starter,6,1,68,3.29,1
10067,4829,2024-04-17,Starter,1,1,220,3.38,1
10068,4829,2024-04-24,Starter,2,1,45,0.88,1
10069,4833,2024-03-27,Enterprise,348,72,36800,434.14,0
10070,4833,2024-04-03,Enterprise,457,122,9944,308.57,0
10071,4833,2024-04-10,Enterprise,207,206,68054,239.9,0
10072,4833,2024-04-17,Enterprise,487,162,38571,366.81,0
10073,4833,2024-04-24,Enterprise,459,81,70922,179.91,0
10074,4833,2024-11-27,Business,86,24,4521,10.65,1
10075,4833,2024-12-04,Business,57,14,8956,20.05,1
10076,4833,2024-12-11,Business,52,5,5582,59.99,1
10077,4833,2024-12-18,Business,14,9,3225,57.51,1
10078,4833,2024-12-25,Business,19,4,4430,35.11,1
10079,4838,2024-12-27,Enterprise,485,179,77896,340.59,0
10080,4845,2024-12-28,Enterprise,318,104,83581,267.16,0
10081,4848,2024-09-28,Pro,12,4,649,18.1,1
10082,4848,2024-10-05,Pro,5,6,2367,14.55,1
10083,4848,2024-10-12,Pro,9,2,886,5.68,1
10084,4848,2024-10-19,Pro,4,1,273,2.23,1
10085,4848,2024-10-26,Pro,2,1,274,7.47,1
10086,4851,2024-12-28,Pro,11,10,1526,7.78,0
10087,4855,2024-12-28,Pro,10,12,4244,8.58,0
10088,4864,2024-11-01,Business,69,19,2778,78.42,1
10089,4864,2024-11-08,Business,35,21,4356,93.91,1
10090,4864,2024-11-15,Business,17,15,6896,72.29,1
10091,4864,2024-11-22,Business,9,8,3264,32.73,1
10092,4864,2024-11-29,Business,13,9,738,49.97,1
10093,4865,2024-08-01,Starter,10,3,375,3.61,1
10094,4865,2024-08-08,Starter,8,1,66,2.77,1
10095,4865,2024-08-15,Starter,4,1,44,1.42,1
10096,4865,2024-08-22,Starter,5,1,210,3.71,1
10097,4865,2024-08-29,Starter,2,1,157,3.9,1
10098,4868,2024-06-02,Pro,17,8,1154,10.77,0
10099,4868,2024-06-09,Pro,24,15,1143,10.43,0
10100,4868,2024-06-16,Pro,31,9,881,7.57,0
10101,4868,2024-06-23,Pro,42,6,3520,3.94,0
10102,4868,2024-06-30,Pro,21,8,3879,17.18,0
10103,4868,2024-12-02,Business,105,17,14902,37.54,0
10104,4868,2024-12-09,Business,136,31,15009,93.05,0
10105,4868,2024-12-16,Business,78,45,16504,85.69,0
10106,4868,2024-12-23,Business,70,13,19061,57.68,0
10107,4868,2024-12-30,Business,74,10,5903,81.4,0
10108,4870,2024-04-02,Business,94,19,3834,52.27,0
10109,4870,2024-04-09,Business,113,41,18152,90.55,0
10110,4870,2024-04-16,Business,85,45,2717,51.27,0
10111,4870,2024-04-23,Business,47,22,13221,61.34,0
10112,4870,2024-04-30,Business,156,31,11705,64.35,0
10113,4870,2024-12-02,Pro,31,7,1972,2.44,0
10114,4870,2024-12-09,Pro,41,7,4224,12.89,0
10115,4870,2024-12-16,Pro,50,5,3293,15.99,0
10116,4870,2024-12-23,Pro,18,7,4346,4.42,0
10117,4870,2024-12-30,Pro,26,9,3688,5.31,0
10118,4871,2024-12-02,Pro,51,6,5543,5.68,0
10119,4871,2024-12-09,Pro,50,9,2501,18.06,0
10120,4871,2024-12-16,Pro,49,11,4895,4.68,0
10121,4871,2024-12-23,Pro,15,13,3925,11.46,0
10122,4871,2024-12-30,Pro,58,9,2977,4.93,0
10123,4872,2024-04-02,Enterprise,455,64,81779,343.81,0
10124,4872,2024-04-09,Enterprise,520,181,37800,317.22,0
10125,4872,2024-04-16,Enterprise,271,122,68646,176.02,0
10126,4872,2024-04-23,Enterprise,517,33,11878,134.08,0
10127,4872,2024-04-30,Enterprise,355,75,95406,487.37,0
10128,4872,2024-12-02,Business,35,16,2583,64.67,1
10129,4872,2024-12-09,Business,39,20,3749,55.48,1
10130,4872,2024-12-16,Business,16,20,2416,94.53,1
10131,4872,2024-12-23,Business,22,6,404,56.0,1
10132,4872,2024-12-30,Business,25,9,3215,48.32,1
10133,4876,2024-12-02,Business,98,19,10606,27.98,0
10134,4876,2024-12-09,Business,135,37,16070,77.03,0
10135,4876,2024-12-16,Business,84,18,14513,69.59,0
10136,4876,2024-12-23,Business,71,14,11809,40.72,0
10137,4876,2024-12-30,Business,133,38,12983,12.12,0
10138,4881,2024-04-02,Business,46,22,7513,69.16,0
10139,4881,2024-04-09,Business,111,41,4314,27.43,0
10140,4881,2024-04-16,Business,65,44,9722,27.1,0
10141,4881,2024-04-23,Business,152,29,9583,23.88,0
10142,4881,2024-04-30,Business,136,34,15686,12.97,0
10143,4881,2024-05-02,Enterprise,283,110,63164,174.09,0
10144,4881,2024-05-09,Enterprise,395,181,38768,460.68,0
10145,4881,2024-05-16,Enterprise,152,163,68532,93.73,0
10146,4881,2024-05-23,Enterprise,397,163,73305,260.28,0
10147,4881,2024-05-30,Enterprise,352,139,80183,138.25,0
10148,4881,2024-12-02,Business,99,52,12777,43.98,0
10149,4881,2024-12-09,Business,43,31,7440,47.68,0
10150,4881,2024-12-16,Business,51,51,8959,53.34,0
10151,4881,2024-12-23,Business,70,35,8577,89.83,0
10152,4881,2024-12-30,Business,70,45,4197,78.14,0
10153,4885,2024-11-03,Enterprise,120,110,43306,314.29,0
10154,4885,2024-11-10,Enterprise,233,131,58497,133.47,0
10155,4885,2024-11-17,Enterprise,96,164,33542,409.28,0
10156,4885,2024-11-24,Enterprise,316,88,23581,66.31,0
10157,4885,2024-12-01,Enterprise,129,195,66161,141.64,0
10158,4885,2024-12-03,Business,42,32,17120,34.24,0
10159,4885,2024-12-10,Business,45,19,18320,23.42,0
10160,4885,2024-12-17,Business,174,20,8170,64.82,0
10161,4885,2024-12-24,Business,117,26,9187,44.58,0
10162,4885,2024-12-31,Business,109,39,8173,54.59,0
10163,4886,2024-12-03,Pro,33,7,1560,16.95,0
10164,4886,2024-12-10,Pro,41,6,4132,12.77,0
10165,4886,2024-12-17,Pro,43,3,2864,3.85,0
10166,4886,2024-12-24,Pro,18,6,1826,7.07,0
10167,4886,2024-12-31,Pro,32,6,4105,15.78,0
10168,4892,2024-12-03,Enterprise,336,167,106006,169.06,0
10169,4892,2024-12-10,Enterprise,172,98,38430,413.82,0
10170,4892,2024-12-17,Enterprise,209,143,82884,317.51,0
10171,4892,2024-12-24,Enterprise,227,41,32172,114.76,0
10172,4892,2024-12-31,Enterprise,115,182,27578,245.38,0
10173,4898,2024-12-04,Business,125,14,7410,56.15,0
10174,4898,2024-12-11,Business,102,37,15425,15.47,0
10175,4898,2024-12-18,Business,71,41,20319,59.16,0
10176,4898,2024-12-25,Business,54,18,9502,102.69,0
10177,4899,2024-12-04,Enterprise,355,37,25833,246.84,0
10178,4899,2024-12-11,Enterprise,232,111,20340,249.26,0
10179,4899,2024-12-18,Enterprise,263,120,44755,208.63,0
10180,4899,2024-12-25,Enterprise,153,73,84055,334.82,0
10181,4902,2024-12-04,Starter,21,2,675,3.41,0
10182,4902,2024-12-11,Starter,14,1,901,1.68,0
10183,4902,2024-12-18,Starter,16,4,366,0.54,0
10184,4902,2024-12-25,Starter,18,4,931,4.66,0
10185,4903,2024-12-04,Starter,7,3,925,1.42,0
10186,4903,2024-12-11,Starter,9,1,296,4.17,0
10187,4903,2024-12-18,Starter,8,2,553,4.18,0
10188,4903,2024-12-25,Starter,12,3,565,4.01,0
10189,4904,2024-03-04,Starter,6,3,323,2.08,0
10190,4904,2024-03-11,Starter,11,2,404,3.26,0
10191,4904,2024-03-18,Starter,14,4,420,2.19,0
10192,4904,2024-03-25,Starter,15,1,437,3.11,0
10193,4904,2024-04-01,Starter,10,2,248,4.13,0
10194,4904,2024-09-04,Starter,11,4,487,3.42,0
10195,4904,2024-09-11,Starter,6,2,465,4.0,0
10196,4904,2024-09-18,Starter,16,3,825,0.83,0
10197,4904,2024-09-25,Starter,6,3,643,3.29,0
10198,4904,2024-10-02,Starter,7,4,575,0.9,0
10199,4904,2024-10-09,Starter,7,4,1013,3.95,0
10200,4904,2024-10-16,Starter,12,4,348,4.73,0
10201,4904,2024-10-23,Starter,20,3,723,2.09,0
10202,4904,2024-10-30,Starter,10,2,590,2.5,0
10203,4904,2024-11-06,Starter,10,1,777,2.32,0
10204,4904,2024-11-13,Starter,6,3,1056,2.68,0
10205,4904,2024-11-20,Starter,14,2,495,4.97,0
10206,4904,2024-11-27,Starter,5,2,468,1.41,0
10207,4904,2024-12-04,Starter,14,3,972,2.46,0
10208,4904,2024-12-11,Starter,11,2,193,3.99,0
10209,4904,2024-12-18,Starter,19,3,753,1.4,0
10210,4904,2024-12-25,Starter,8,4,1081,1.47,0
10211,4909,2024-12-04,Business,85,14,7223,22.93,0
10212,4909,2024-12-11,Business,145,41,8678,97.09,0
10213,4909,2024-12-18,Business,92,39,16725,26.26,0
10214,4909,2024-12-25,Business,89,36,17875,93.83,0
10215,4910,2024-11-04,Starter,10,1,579,4.36,1
10216,4910,2024-11-11,Starter,9,1,250,2.59,1
10217,4910,2024-11-18,Starter,2,1,367,3.96,1
10218,4910,2024-11-25,Starter,3,1,146,1.03,1
10219,4910,2024-12-02,Starter,1,1,131,4.83,1
10220,4919,2024-05-05,Enterprise,115,63,80649,142.1,0
10221,4919,2024-05-12,Enterprise,86,167,78755,488.39,0
10222,4919,2024-05-19,Enterprise,241,95,37421,338.19,0
10223,4919,2024-05-26,Enterprise,128,102,33954,213.81,0
10224,4919,2024-06-02,Enterprise,121,104,54975,107.13,0
10225,4919,2024-12-05,Business,90,32,6355,52.23,0
10226,4919,2024-12-12,Business,164,23,15128,82.77,0
10227,4919,2024-12-19,Business,168,15,4741,48.27,0
10228,4919,2024-12-26,Business,147,33,6580,42.09,0
10229,4920,2024-08-05,Starter,6,3,666,2.89,1
10230,4920,2024-08-12,Starter,5,2,142,2.11,1
10231,4920,2024-08-19,Starter,3,1,350,3.01,1
10232,4920,2024-08-26,Starter,2,1,114,0.76,1
10233,4920,2024-09-02,Starter,2,1,175,2.01,1
10234,4926,2024-07-05,Pro,31,7,2679,6.83,0
10235,4926,2024-07-12,Pro,14,15,2140,3.76,0
10236,4926,2024-07-19,Pro,21,6,973,20.51,0
10237,4926,2024-07-26,Pro,22,3,2843,12.74,0
10238,4926,2024-08-02,Pro,27,6,1605,7.04,0
10239,4926,2024-12-05,Business,100,25,9100,90.7,0
10240,4926,2024-12-12,Business,39,39,3682,31.73,0
10241,4926,2024-12-19,Business,130,42,13500,53.9,0
10242,4926,2024-12-26,Business,105,45,15162,74.03,0
10243,4927,2024-12-05,Business,62,44,6987,26.4,0
10244,4927,2024-12-12,Business,151,41,12852,90.65,0
10245,4927,2024-12-19,Business,43,39,7209,41.1,0
10246,4927,2024-12-26,Business,67,24,6837,46.26,0
10247,4932,2024-12-05,Business,167,44,20011,36.67,0
10248,4932,2024-12-12,Business,89,28,13910,90.21,0
10249,4932,2024-12-19,Business,88,29,3631,32.28,0
10250,4932,2024-12-26,Business,67,38,13047,13.05,0
10251,4933,2024-12-06,Pro,25,6,2166,20.64,0
10252,4933,2024-12-13,Pro,24,8,2135,8.56,0
10253,4933,2024-12-20,Pro,27,4,675,7.16,0
10254,4933,2024-12-27,Pro,14,4,1728,6.47,0
10255,4939,2024-12-06,Business,81,11,13783,23.18,0
10256,4939,2024-12-13,Business,58,20,5796,27.9,0
10257,4939,2024-12-20,Business,100,50,2974,81.46,0
10258,4939,2024-12-27,Business,46,18,13815,37.83,0
10259,4941,2024-12-06,Pro,12,7,1374,4.24,1
10260,4941,2024-12-13,Pro,24,2,982,19.96,1
10261,4941,2024-12-20,Pro,6,3,552,7.94,1
10262,4941,2024-12-27,Pro,5,1,670,13.41,1
10263,4960,2024-12-07,Business,39,20,7282,45.21,0
10264,4960,2024-12-14,Business,61,23,11206,51.35,0
10265,4960,2024-12-21,Business,25,36,9363,57.5,0
10266,4960,2024-12-28,Business,61,50,16390,88.13,0
10267,4961,2024-12-07,Business,80,21,14924,44.89,0
10268,4961,2024-12-14,Business,67,44,10596,52.65,0
10269,4961,2024-12-21,Business,59,11,18605,16.13,0
10270,4961,2024-12-28,Business,35,13,7976,66.56,0
10271,4963,2024-12-08,Pro,32,12,1443,2.14,0
10272,4963,2024-12-15,Pro,24,11,2750,8.96,0
10273,4963,2024-12-22,Pro,27,7,588,8.18,0
10274,4963,2024-12-29,Pro,26,8,2458,8.7,0
10275,4965,2024-12-08,Enterprise,291,151,94580,293.74,0
10276,4965,2024-12-15,Enterprise,200,98,13213,88.41,0
10277,4965,2024-12-22,Enterprise,289,186,53561,186.3,0
10278,4965,2024-12-29,Enterprise,181,200,25660,295.06,0
10279,4973,2024-12-08,Starter,9,2,257,3.49,0
10280,4973,2024-12-15,Starter,6,1,510,3.74,0
10281,4973,2024-12-22,Starter,7,2,811,4.44,0
10282,4973,2024-12-29,Starter,7,2,673,1.78,0
10283,4977,2024-11-08,Pro,27,5,2191,4.81,1
10284,4977,2024-11-15,Pro,13,7,2020,10.26,1
10285,4977,2024-11-22,Pro,17,2,1240,19.68,1
10286,4977,2024-11-29,Pro,7,1,518,14.31,1
10287,4977,2024-12-06,Pro,5,1,565,13.77,1
10288,4978,2024-04-09,Pro,29,8,2060,3.42,1
10289,4978,2024-04-16,Pro,24,8,2511,10.8,1
10290,4978,2024-04-23,Pro,14,2,697,18.96,1
10291,4978,2024-04-30,Pro,7,1,688,4.82,1
10292,4978,2024-05-07,Pro,12,2,173,7.33,1
10293,4982,2024-09-09,Starter,17,4,191,3.6,0
10294,4982,2024-09-16,Starter,17,4,342,2.57,0
10295,4982,2024-09-23,Starter,18,1,474,5.01,0
10296,4982,2024-09-30,Starter,13,1,386,3.68,0
10297,4982,2024-10-07,Starter,6,3,270,1.83,0
10298,4982,2024-12-09,Pro,32,12,4061,15.45,0
10299,4982,2024-12-16,Pro,40,10,4157,6.13,0
10300,4982,2024-12-23,Pro,20,4,1447,15.02,0
10301,4982,2024-12-30,Pro,49,7,2070,16.71,0
10302,4985,2024-05-10,Pro,21,13,3999,4.65,0
10303,4985,2024-05-17,Pro,46,5,2849,4.46,0
10304,4985,2024-05-24,Pro,54,3,4698,2.46,0
10305,4985,2024-05-31,Pro,40,6,584,3.85,0
10306,4985,2024-06-07,Pro,42,9,3950,8.76,0
10307,4985,2024-08-10,Starter,2,1,456,2.51,1
10308,4985,2024-08-17,Starter,6,1,594,2.72,1
10309,4985,2024-08-24,Starter,4,1,215,2.54,1
10310,4985,2024-08-31,Starter,2,1,114,4.14,1
10311,4985,2024-09-07,Starter,2,1,88,2.96,1
10312,4987,2024-12-10,Enterprise,453,111,43112,507.22,0
10313,4987,2024-12-17,Enterprise,225,171,39569,90.59,0
10314,4987,2024-12-24,Enterprise,103,203,79641,161.03,0
10315,4987,2024-12-31,Enterprise,180,93,45774,192.3,0
10316,4995,2024-09-10,Pro,39,8,2197,7.73,0
10317,4995,2024-09-17,Pro,26,4,4367,8.25,0
10318,4995,2024-09-24,Pro,15,12,2129,5.9,0
10319,4995,2024-10-01,Pro,38,4,3579,5.48,0
10320,4995,2024-10-08,Pro,36,14,1815,9.16,0
10321,4995,2024-12-10,Business,40,41,18119,64.47,0
10322,4995,2024-12-17,Business,73,35,11151,72.96,0
10323,4995,2024-12-24,Business,66,15,8934,61.51,0
10324,4995,2024-12-31,Business,124,32,13258,61.38,0
10325,4999,2024-12-10,Enterprise,111,161,52929,97.8,0
10326,4999,2024-12-17,Enterprise,191,174,17337,253.44,0
10327,4999,2024-12-24,Enterprise,137,161,92443,195.36,0
10328,4999,2024-12-31,Enterprise,235,180,84378,72.89,0
10329,5000,2024-12-10,Pro,23,7,675,3.79,1
10330,5000,2024-12-17,Pro,8,3,703,11.87,1
10331,5000,2024-12-24,Pro,4,1,512,10.02,1
10332,5000,2024-12-31,Pro,7,1,577,8.4,1
10333,5001,2024-12-10,Starter,11,4,583,3.49,0
10334,5001,2024-12-17,Starter,11,4,843,3.03,0
10335,5001,2024-12-24,Starter,19,1,442,4.72,0
10336,5001,2024-12-31,Starter,7,1,1029,3.86,0
10337,5002,2024-07-10,Starter,5,2,495,0.57,0
10338,5002,2024-07-17,Starter,19,2,950,4.04,0
10339,5002,2024-07-24,Starter,5,1,1044,2.4,0
10340,5002,2024-07-31,Starter,8,1,162,1.4,0
10341,5002,2024-08-07,Starter,13,2,703,4.22,0
10342,5002,2024-12-10,Pro,51,15,5228,10.82,0
10343,5002,2024-12-17,Pro,25,3,1730,15.44,0
10344,5002,2024-12-24,Pro,40,5,1005,18.85,0
10345,5002,2024-12-31,Pro,48,5,3034,17.57,0
10346,5006,2024-12-11,Business,40,18,19005,39.41,0
10347,5006,2024-12-18,Business,56,41,16336,55.48,0
10348,5006,2024-12-25,Business,106,28,3163,80.99,0
10349,5009,2024-12-11,Business,37,30,14767,47.63,0
10350,5009,2024-12-18,Business,66,15,2117,26.87,0
10351,5009,2024-12-25,Business,92,15,8696,89.39,0
10352,5019,2024-12-11,Enterprise,320,134,52039,429.71,0
10353,5019,2024-12-18,Enterprise,264,126,34492,428.26,0
10354,5019,2024-12-25,Enterprise,293,100,22176,446.48,0
10355,5020,2024-04-12,Pro,37,7,2104,7.97,1
10356,5020,2024-04-19,Pro,19,3,2646,6.57,1
10357,5020,2024-04-26,Pro,9,1,770,4.49,1
10358,5020,2024-05-03,Pro,6,1,874,3.39,1
10359,5020,2024-05-10,Pro,4,1,876,12.25,1
10360,5022,2024-12-12,Enterprise,150,166,93230,423.18,0
10361,5022,2024-12-19,Enterprise,219,147,41468,444.53,0
10362,5022,2024-12-26,Enterprise,366,49,46838,112.3,0
10363,5029,2024-09-12,Business,140,15,8070,19.46,0
10364,5029,2024-09-19,Business,127,19,17855,26.96,0
10365,5029,2024-09-26,Business,74,47,15762,14.72,0
10366,5029,2024-10-03,Business,109,50,14653,14.46,0
10367,5029,2024-10-10,Business,42,21,4628,15.1,0
10368,5029,2024-12-12,Enterprise,415,44,26640,337.36,0
10369,5029,2024-12-19,Enterprise,297,107,64699,279.03,0
10370,5029,2024-12-26,Enterprise,499,65,67599,468.42,0
10371,5032,2024-10-13,Starter,8,3,538,1.52,0
10372,5032,2024-10-20,Starter,10,2,397,3.16,0
10373,5032,2024-10-27,Starter,6,4,201,4.73,0
10374,5032,2024-11-03,Starter,8,1,178,4.43,1
10375,5032,2024-11-10,Starter,7,3,498,2.41,1
10376,5032,2024-11-13,Pro,22,5,662,2.63,1
10377,5032,2024-11-20,Pro,22,2,1888,11.5,1
10378,5032,2024-11-27,Pro,12,5,1694,2.46,1
10379,5032,2024-12-04,Pro,7,1,261,9.31,1
10380,5032,2024-12-11,Pro,5,2,274,8.17,1
10381,5034,2024-09-13,Starter,19,3,687,2.83,0
10382,5034,2024-09-20,Starter,16,4,143,2.51,0
10383,5034,2024-09-27,Starter,14,4,626,1.35,0
10384,5034,2024-10-04,Starter,19,3,946,2.61,0
10385,5034,2024-10-11,Starter,8,2,704,4.23,0
10386,5034,2024-12-13,Pro,59,11,2313,8.08,0
10387,5034,2024-12-20,Pro,40,10,3405,19.41,0
10388,5034,2024-12-27,Pro,45,9,1158,3.29,0
10389,5035,2024-03-13,Pro,16,10,3441,7.18,1
10390,5035,2024-03-20,Pro,14,2,2584,11.61,1
10391,5035,2024-03-27,Pro,19,4,793,14.53,1
10392,5035,2024-04-03,Pro,4,1,203,8.24,1
10393,5035,2024-04-10,Pro,4,2,181,5.14,1
10394,5037,2024-12-13,Enterprise,505,149,72268,514.56,0
10395,5037,2024-12-20,Enterprise,166,73,61020,352.92,0
10396,5037,2024-12-27,Enterprise,209,207,33505,147.2,0
10397,5047,2024-12-13,Pro,29,7,2850,5.44,0
10398,5047,2024-12-20,Pro,26,13,2065,12.08,0
10399,5047,2024-12-27,Pro,57,4,2620,19.93,0
10400,5059,2024-09-14,Enterprise,147,57,60968,425.55,0
10401,5059,2024-09-21,Enterprise,183,59,75616,439.24,0
10402,5059,2024-09-28,Enterprise,194,151,52947,367.76,0
10403,5059,2024-10-05,Enterprise,228,72,20052,165.43,0
10404,5059,2024-10-12,Enterprise,91,189,20404,137.71,0
10405,5059,2024-12-14,Business,83,10,18258,82.01,0
10406,5059,2024-12-21,Business,66,22,12803,69.2,0
10407,5059,2024-12-28,Business,74,17,5519,73.65,0
10408,5060,2024-12-14,Starter,8,3,862,2.24,0
10409,5060,2024-12-21,Starter,5,3,532,5.0,0
10410,5060,2024-12-28,Starter,3,2,479,3.92,0
10411,5067,2024-11-15,Pro,34,4,2823,13.88,1
10412,5067,2024-11-22,Pro,10,3,2600,10.83,1
10413,5067,2024-11-29,Pro,10,5,909,11.13,1
10414,5067,2024-12-06,Pro,4,1,597,16.75,1
10415,5067,2024-12-13,Pro,6,2,492,5.14,1
10416,5069,2024-04-15,Starter,7,2,375,3.95,1
10417,5069,2024-04-22,Starter,5,2,73,2.4,1
10418,5069,2024-04-29,Starter,3,1,352,2.3,1
10419,5069,2024-05-06,Starter,2,1,58,2.48,1
10420,5069,2024-05-13,Starter,3,1,37,0.96,1
10421,5070,2024-12-15,Pro,29,6,3223,12.82,0
10422,5070,2024-12-22,Pro,37,8,1517,8.35,0
10423,5070,2024-12-29,Pro,12,13,5333,2.35,0
10424,5073,2024-06-15,Pro,30,6,2307,11.94,0
10425,5073,2024-06-22,Pro,20,5,1399,4.78,0
10426,5073,2024-06-29,Pro,9,10,3191,7.61,0
10427,5073,2024-07-06,Pro,15,11,566,15.36,0
10428,5073,2024-07-13,Pro,30,11,4330,14.86,0
10429,5073,2024-12-15,Starter,7,4,710,0.77,0
10430,5073,2024-12-22,Starter,12,1,418,4.62,0
10431,5073,2024-12-29,Starter,3,1,452,3.59,0
10432,5074,2024-07-15,Business,103,15,21001,52.76,0
10433,5074,2024-07-22,Business,116,41,7950,24.36,0
10434,5074,2024-07-29,Business,83,43,14170,19.3,0
10435,5074,2024-08-05,Business,73,29,12778,26.65,0
10436,5074,2024-08-12,Business,56,45,4125,16.89,0
10437,5074,2024-12-15,Pro,41,4,4048,7.41,0
10438,5074,2024-12-22,Pro,22,14,1700,6.74,0
10439,5074,2024-12-29,Pro,41,8,3447,10.13,0
10440,5075,2024-07-15,Pro,27,2,3120,20.38,1
10441,5075,2024-07-22,Pro,16,2,1622,6.19,1
10442,5075,2024-07-29,Pro,11,3,239,10.61,1
10443,5075,2024-08-05,Pro,9,1,986,13.68,1
10444,5075,2024-08-12,Pro,8,1,1010,2.93,1
10445,5080,2024-12-16,Pro,26,8,1807,16.07,0
10446,5080,2024-12-23,Pro,42,7,1272,6.42,0
10447,5080,2024-12-30,Pro,26,9,2922,8.45,0
10448,5081,2024-12-16,Business,66,16,15849,93.34,0
10449,5081,2024-12-23,Business,72,41,11801,82.39,0
10450,5081,2024-12-30,Business,87,13,12771,63.72,0
10451,5084,2024-12-16,Pro,49,7,903,12.47,0
10452,5084,2024-12-23,Pro,31,13,2864,18.54,0
10453,5084,2024-12-30,Pro,18,12,4764,17.55,0
10454,5086,2024-03-16,Pro,31,6,3998,14.98,0
10455,5086,2024-03-23,Pro,19,14,3403,10.42,0
10456,5086,2024-03-30,Pro,33,7,4402,13.15,0
10457,5086,2024-04-06,Pro,17,6,3018,5.53,0
10458,5086,2024-04-13,Pro,16,14,3023,9.5,0
10459,5086,2024-04-16,Business,148,35,18780,96.11,0
10460,5086,2024-04-23,Business,128,43,3549,25.44,0
10461,5086,2024-04-30,Business,129,14,18591,33.61,0
10462,5086,2024-05-07,Business,45,27,14047,36.41,1
10463,5086,2024-05-14,Business,82,22,13110,46.87,1
10464,5086,2024-05-16,Pro,34,8,1170,7.85,1
10465,5086,2024-05-23,Pro,14,6,407,5.66,1
10466,5086,2024-05-30,Pro,8,2,1459,11.43,1
10467,5086,2024-06-06,Pro,16,1,968,11.41,1
10468,5086,2024-06-13,Pro,10,1,495,7.93,1
10469,5087,2024-05-16,Pro,28,14,1696,14.22,0
10470,5087,2024-05-23,Pro,49,9,1687,9.81,0
10471,5087,2024-05-30,Pro,54,11,4127,13.1,0
10472,5087,2024-06-06,Pro,38,7,4398,17.66,0
10473,5087,2024-06-13,Pro,40,3,1685,2.97,0
10474,5087,2024-06-16,Starter,3,1,921,1.81,0
10475,5087,2024-06-23,Starter,6,4,693,1.34,0
10476,5087,2024-06-30,Starter,6,4,400,4.7,0
10477,5087,2024-07-07,Starter,12,4,396,4.23,0
10478,5087,2024-07-14,Starter,9,3,393,3.17,0
10479,5087,2024-08-16,Pro,44,15,1327,15.54,0
10480,5087,2024-08-23,Pro,18,8,1481,5.01,0
10481,5087,2024-08-30,Pro,43,8,1956,9.4,0
10482,5087,2024-09-06,Pro,17,4,2565,16.93,0
10483,5087,2024-09-13,Pro,25,12,1995,6.89,0
10484,5087,2024-12-16,Business,109,16,3409,29.09,0
10485,5087,2024-12-23,Business,110,16,5254,34.42,0
10486,5087,2024-12-30,Business,53,44,15583,14.31,0
10487,5089,2024-12-16,Starter,4,1,197,4.64,1
10488,5089,2024-12-23,Starter,2,1,42,3.28,1
10489,5089,2024-12-30,Starter,3,1,187,0.54,1
10490,5091,2024-05-17,Pro,14,9,2008,3.2,1
10491,5091,2024-05-24,Pro,12,3,2825,4.02,1
10492,5091,2024-05-31,Pro,9,4,310,10.11,1
10493,5091,2024-06-07,Pro,16,1,238,15.19,1
10494,5091,2024-06-14,Pro,13,1,902,17.66,1
10495,5092,2024-12-17,Starter,7,3,854,4.29,0
10496,5092,2024-12-24,Starter,12,1,478,1.53,0
10497,5092,2024-12-31,Starter,9,5,808,2.29,0
10498,5093,2024-12-17,Enterprise,106,125,33757,60.82,0
10499,5093,2024-12-24,Enterprise,373,52,41606,159.67,0
10500,5093,2024-12-31,Enterprise,156,188,68947,471.16,0
10501,5101,2024-07-17,Pro,27,3,1984,13.05,0
10502,5101,2024-07-24,Pro,41,4,2226,6.35,0
10503,5101,2024-07-31,Pro,49,4,3815,16.86,0
10504,5101,2024-08-07,Pro,36,8,2243,15.41,0
10505,5101,2024-08-14,Pro,36,15,3911,19.74,0
10506,5101,2024-12-17,Business,61,41,4255,85.58,0
10507,5101,2024-12-24,Business,101,37,13897,81.02,0
10508,5101,2024-12-31,Business,41,42,9090,23.84,0
10509,5103,2024-12-17,Enterprise,142,85,12317,300.09,0
10510,5103,2024-12-24,Enterprise,123,156,93067,253.51,0
10511,5103,2024-12-31,Enterprise,197,188,82312,110.98,0
10512,5109,2024-10-18,Starter,17,2,963,1.27,0
10513,5109,2024-10-25,Starter,12,3,885,4.5,0
10514,5109,2024-11-01,Starter,10,4,297,3.77,0
10515,5109,2024-11-08,Starter,17,2,687,4.08,0
10516,5109,2024-11-15,Starter,11,3,647,1.73,0
10517,5109,2024-12-18,Pro,7,2,356,4.33,1
10518,5109,2024-12-25,Pro,4,2,609,5.16,1
10519,5112,2024-04-18,Business,32,8,16081,85.67,1
10520,5112,2024-04-25,Business,23,7,10501,70.01,1
10521,5112,2024-05-02,Business,37,9,6335,38.59,1
10522,5112,2024-05-09,Business,29,8,1425,97.4,1
10523,5112,2024-05-16,Business,9,6,874,14.14,1
10524,5114,2024-09-18,Enterprise,123,34,37028,78.25,1
10525,5114,2024-09-25,Enterprise,80,33,13626,478.11,1
10526,5114,2024-10-02,Enterprise,94,65,26528,408.9,1
10527,5114,2024-10-09,Enterprise,72,43,16308,404.9,1
10528,5114,2024-10-16,Enterprise,49,41,14088,184.59,1
10529,5118,2024-04-18,Starter,7,2,777,3.61,0
10530,5118,2024-04-25,Starter,15,3,527,3.42,0
10531,5118,2024-05-02,Starter,15,3,245,1.92,0
10532,5118,2024-05-09,Starter,13,2,831,2.94,0
10533,5118,2024-05-16,Starter,15,3,142,2.74,0
10534,5118,2024-07-18,Pro,22,6,2174,4.05,0
10535,5118,2024-07-25,Pro,27,12,2460,7.12,0
10536,5118,2024-08-01,Pro,21,8,2325,6.52,0
10537,5118,2024-08-08,Pro,29,9,2280,11.65,0
10538,5118,2024-08-15,Pro,22,6,2283,16.96,0
10539,5118,2024-12-18,Starter,7,1,159,2.98,1
10540,5118,2024-12-25,Starter,3,1,180,3.34,1
10541,5124,2024-06-18,Business,39,10,9716,31.95,0
10542,5124,2024-06-25,Business,61,27,5505,73.53,0
10543,5124,2024-07-02,Business,77,11,9395,42.56,0
10544,5124,2024-07-09,Business,88,28,8747,55.79,0
10545,5124,2024-07-16,Business,110,41,2411,98.29,0
10546,5124,2024-12-18,Enterprise,252,85,106648,333.58,0
10547,5124,2024-12-25,Enterprise,270,81,96091,290.58,0
10548,5128,2024-11-19,Business,32,13,6329,59.67,1
10549,5128,2024-11-26,Business,67,27,6169,40.69,1
10550,5128,2024-12-03,Business,46,18,1078,32.34,1
10551,5128,2024-12-10,Business,32,8,654,67.7,1
10552,5128,2024-12-17,Business,11,6,2205,91.8,1
10553,5129,2024-04-19,Business,88,11,7259,13.99,0
10554,5129,2024-04-26,Business,52,17,14167,62.44,0
10555,5129,2024-05-03,Business,61,38,3755,68.06,0
10556,5129,2024-05-10,Business,115,24,17377,79.37,0
10557,5129,2024-05-17,Business,72,32,22861,19.95,0
10558,5129,2024-12-19,Enterprise,291,167,11325,290.01,0
10559,5129,2024-12-26,Enterprise,140,124,43204,215.75,0
10560,5132,2024-06-19,Pro,23,8,336,13.14,1
10561,5132,2024-06-26,Pro,18,3,2391,19.67,1
10562,5132,2024-07-03,Pro,17,4,685,17.67,1
10563,5132,2024-07-10,Pro,8,2,358,16.06,1
10564,5132,2024-07-17,Pro,10,2,759,15.02,1
10565,5133,2024-04-19,Pro,34,11,1901,5.5,0
10566,5133,2024-04-26,Pro,17,12,3260,13.15,0
10567,5133,2024-05-03,Pro,21,9,2109,6.34,0
10568,5133,2024-05-10,Pro,51,13,1395,18.79,0
10569,5133,2024-05-17,Pro,56,9,552,10.45,0
10570,5133,2024-07-19,Starter,13,4,513,3.32,0
10571,5133,2024-07-26,Starter,12,3,340,2.21,0
10572,5133,2024-08-02,Starter,10,5,124,4.49,0
10573,5133,2024-08-09,Starter,13,4,295,3.06,0
10574,5133,2024-08-16,Starter,19,4,771,4.95,0
10575,5133,2024-12-19,Pro,29,6,1028,13.73,0
10576,5133,2024-12-26,Pro,19,6,891,5.1,0
10577,5135,2024-12-19,Enterprise,500,130,48740,471.76,0
10578,5135,2024-12-26,Enterprise,469,65,66089,415.93,0
10579,5140,2024-11-19,Pro,14,4,2881,15.53,1
10580,5140,2024-11-26,Pro,9,4,1486,12.1,1
10581,5140,2024-12-03,Pro,8,4,1255,16.04,1
10582,5140,2024-12-10,Pro,4,2,538,5.35,1
10583,5140,2024-12-17,Pro,4,1,530,6.48,1
10584,5143,2024-12-19,Enterprise,473,83,61842,163.67,0
10585,5143,2024-12-26,Enterprise,411,116,35084,272.11,0
10586,5144,2024-12-19,Starter,19,1,380,2.28,0
10587,5144,2024-12-26,Starter,14,3,404,3.74,0
10588,5147,2024-12-20,Enterprise,313,154,25464,78.47,0
10589,5147,2024-12-27,Enterprise,310,83,80348,231.06,0
10590,5150,2024-12-20,Business,59,34,7346,88.8,0
10591,5150,2024-12-27,Business,90,24,14737,95.37,0
10592,5157,2024-12-20,Starter,6,3,636,3.38,0
10593,5157,2024-12-27,Starter,6,3,178,2.06,0
10594,5164,2024-12-21,Starter,12,4,701,2.62,0
10595,5164,2024-12-28,Starter,9,4,672,1.76,0
10596,5173,2024-08-21,Starter,6,2,617,0.8,1
10597,5173,2024-08-28,Starter,5,1,156,2.0,1
10598,5173,2024-09-04,Starter,5,2,386,2.76,1
10599,5173,2024-09-11,Starter,3,1,195,4.04,1
10600,5173,2024-09-18,Starter,3,1,51,3.93,1
10601,5177,2024-12-22,Enterprise,295,70,29082,207.52,0
10602,5177,2024-12-29,Enterprise,225,193,11445,264.55,0
10603,5180,2024-09-22,Starter,5,2,510,4.71,1
10604,5180,2024-09-29,Starter,3,2,308,2.61,1
10605,5180,2024-10-06,Starter,3,1,343,3.78,1
10606,5180,2024-10-13,Starter,1,1,207,0.85,1
10607,5180,2024-10-20,Starter,2,1,59,4.84,1
10608,5181,2024-11-22,Pro,26,6,2937,15.93,0
10609,5181,2024-11-29,Pro,46,10,4633,4.51,0
10610,5181,2024-12-06,Pro,41,12,586,5.33,0
10611,5181,2024-12-13,Pro,46,7,3211,10.34,0
10612,5181,2024-12-20,Pro,17,11,4466,2.38,0
10613,5181,2024-12-22,Business,74,16,16479,90.57,0
10614,5181,2024-12-29,Business,78,32,20998,30.98,0
10615,5185,2024-04-22,Pro,22,9,3183,2.56,0
10616,5185,2024-04-29,Pro,44,5,4161,16.36,0
10617,5185,2024-05-06,Pro,58,14,2212,12.18,0
10618,5185,2024-05-13,Pro,28,7,3358,12.47,0
10619,5185,2024-05-20,Pro,41,11,4167,10.78,0
10620,5185,2024-09-22,Business,25,9,12805,48.9,1
10621,5185,2024-09-29,Business,22,8,2625,100.54,1
10622,5185,2024-10-06,Business,29,16,1714,20.76,1
10623,5185,2024-10-13,Business,20,2,3781,23.25,1
10624,5185,2024-10-20,Business,16,5,4296,29.21,1
10625,5191,2024-08-23,Starter,10,3,507,2.11,1
10626,5191,2024-08-30,Starter,7,1,353,5.1,1
10627,5191,2024-09-06,Starter,5,1,235,3.03,1
10628,5191,2024-09-13,Starter,3,1,55,3.51,1
10629,5191,2024-09-20,Starter,2,1,158,1.35,1
10630,5203,2024-12-24,Starter,4,1,791,1.02,0
10631,5203,2024-12-31,Starter,16,5,691,2.5,0
10632,5205,2024-11-24,Pro,35,13,1452,4.61,0
10633,5205,2024-12-01,Pro,25,11,4547,8.39,0
10634,5205,2024-12-08,Pro,23,8,3289,20.01,0
10635,5205,2024-12-15,Pro,15,9,1796,17.74,0
10636,5205,2024-12-22,Pro,13,14,3176,12.9,0
10637,5205,2024-12-24,Business,68,23,7297,10.58,0
10638,5205,2024-12-31,Business,103,41,7602,51.39,0
10639,5207,2024-06-24,Starter,8,4,259,2.68,0
10640,5207,2024-07-01,Starter,18,3,765,2.14,0
10641,5207,2024-07-08,Starter,9,1,348,1.76,0
10642,5207,2024-07-15,Starter,9,5,401,2.67,0
10643,5207,2024-07-22,Starter,8,1,449,4.8,0
10644,5207,2024-11-24,Pro,15,7,3813,15.88,0
10645,5207,2024-12-01,Pro,38,3,1367,3.49,0
10646,5207,2024-12-08,Pro,12,8,2863,3.77,0
10647,5207,2024-12-15,Pro,37,13,3534,6.74,0
10648,5207,2024-12-22,Pro,28,9,1373,18.1,0
10649,5207,2024-12-24,Starter,11,1,1028,3.09,0
10650,5207,2024-12-31,Starter,16,1,258,2.27,0
10651,5209,2024-12-24,Starter,7,2,962,4.71,0
10652,5209,2024-12-31,Starter,15,3,210,2.97,0
10653,5218,2024-04-24,Starter,6,1,164,1.59,1
10654,5218,2024-05-01,Starter,8,2,82,4.01,1
10655,5218,2024-05-08,Starter,1,1,105,1.59,1
10656,5218,2024-05-15,Starter,4,1,101,1.3,1
10657,5218,2024-05-22,Starter,1,1,49,4.37,1
10658,5220,2024-12-24,Pro,27,12,1558,6.66,0
10659,5220,2024-12-31,Pro,20,4,2889,9.43,0
10660,5221,2024-12-24,Enterprise,383,96,13772,420.02,0
10661,5221,2024-12-31,Enterprise,327,45,54697,212.48,0
10662,5222,2024-03-24,Starter,7,1,580,2.56,1
10663,5222,2024-03-31,Starter,2,1,368,2.25,1
10664,5222,2024-04-07,Starter,4,1,329,2.13,1
10665,5222,2024-04-14,Starter,2,1,148,1.61,1
10666,5222,2024-04-21,Starter,0,1,53,4.25,1
10667,5225,2024-10-25,Starter,5,2,404,4.23,1
10668,5225,2024-11-01,Starter,9,1,533,2.15,1
10669,5225,2024-11-08,Starter,4,1,258,2.71,1
10670,5225,2024-11-15,Starter,3,1,159,3.81,1
10671,5225,2024-11-22,Starter,2,1,137,4.48,1
10672,5226,2024-04-25,Starter,12,3,548,2.55,1
10673,5226,2024-05-02,Starter,10,1,450,3.43,1
10674,5226,2024-05-09,Starter,3,1,83,2.69,1
10675,5226,2024-05-16,Starter,1,1,205,0.89,1
10676,5226,2024-05-23,Starter,2,1,182,2.76,1
10677,5230,2024-12-25,Pro,37,10,1903,13.79,0
10678,5234,2024-12-25,Starter,18,2,726,1.35,0
10679,5235,2024-06-25,Starter,11,2,721,4.12,1
10680,5235,2024-07-02,Starter,6,2,452,4.69,1
10681,5235,2024-07-09,Starter,4,1,185,4.87,1
10682,5235,2024-07-16,Starter,4,1,143,2.41,1
10683,5235,2024-07-23,Starter,2,1,56,2.44,1
10684,5245,2024-06-26,Pro,12,9,1504,9.52,1
10685,5245,2024-07-03,Pro,26,5,300,19.19,1
10686,5245,2024-07-10,Pro,18,2,1216,5.31,1
10687,5245,2024-07-17,Pro,10,1,360,14.13,1
10688,5245,2024-07-24,Pro,5,1,851,18.6,1
10689,5251,2024-04-26,Pro,16,8,594,9.23,1
10690,5251,2024-05-03,Pro,19,2,2575,13.24,1
10691,5251,2024-05-10,Pro,8,5,1593,5.77,1
10692,5251,2024-05-17,Pro,11,2,298,12.74,1
10693,5251,2024-05-24,Pro,11,1,294,9.68,1
10694,5253,2024-10-26,Pro,17,8,775,3.0,0
10695,5253,2024-11-02,Pro,20,12,1339,7.44,0
10696,5253,2024-11-09,Pro,32,13,3600,4.76,0
10697,5253,2024-11-16,Pro,34,14,1195,13.04,0
10698,5253,2024-11-23,Pro,31,8,2830,7.44,0
10699,5253,2024-12-26,Business,130,18,20213,77.44,0
10700,5254,2024-04-26,Pro,28,6,1318,10.22,0
10701,5254,2024-05-03,Pro,40,11,2791,13.01,0
10702,5254,2024-05-10,Pro,51,7,4033,15.26,0
10703,5254,2024-05-17,Pro,26,10,2651,17.85,0
10704,5254,2024-05-24,Pro,31,4,3830,11.26,0
10705,5254,2024-12-26,Business,151,26,6559,96.68,0
10706,5256,2024-07-27,Starter,5,2,742,0.69,1
10707,5256,2024-08-03,Starter,5,1,536,4.97,1
10708,5256,2024-08-10,Starter,2,1,408,4.1,1
10709,5256,2024-08-17,Starter,1,1,81,3.24,1
10710,5256,2024-08-24,Starter,2,1,57,4.22,1
10711,5259,2024-06-27,Enterprise,404,48,88240,381.35,0
10712,5259,2024-07-04,Enterprise,231,105,64947,234.54,0
10713,5259,2024-07-11,Enterprise,382,161,62555,133.07,0
10714,5259,2024-07-18,Enterprise,453,98,88891,225.76,0
10715,5259,2024-07-25,Enterprise,210,135,80535,208.02,0
10716,5259,2024-08-27,Business,113,24,13660,38.16,0
10717,5259,2024-09-03,Business,122,32,13545,75.33,0
10718,5259,2024-09-10,Business,110,30,2844,20.21,0
10719,5259,2024-09-17,Business,90,53,2936,12.96,0
10720,5259,2024-09-24,Business,113,47,16222,16.97,0
10721,5259,2024-12-27,Pro,42,10,4838,20.17,0
10722,5263,2024-04-27,Starter,10,1,680,0.95,1
10723,5263,2024-05-04,Starter,4,1,481,0.91,1
10724,5263,2024-05-11,Starter,3,1,59,0.61,1
10725,5263,2024-05-18,Starter,1,1,80,3.14,1
10726,5263,2024-05-25,Starter,2,1,178,2.7,1
10727,5264,2024-09-27,Business,109,36,11813,70.52,0
10728,5264,2024-10-04,Business,111,10,3791,62.32,0
10729,5264,2024-10-11,Business,98,24,19096,59.06,0
10730,5264,2024-10-18,Business,63,18,14447,85.22,0
10731,5264,2024-10-25,Business,116,16,1932,92.84,0
10732,5264,2024-12-27,Pro,21,6,5292,9.89,0
10733,5266,2024-10-28,Starter,12,1,335,4.99,1
10734,5266,2024-11-04,Starter,6,1,294,0.55,1
10735,5266,2024-11-11,Starter,8,2,66,1.73,1
10736,5266,2024-11-18,Starter,2,1,251,3.57,1
10737,5266,2024-11-25,Starter,3,1,50,4.79,1
10738,5267,2024-07-28,Business,58,31,6762,96.49,0
10739,5267,2024-08-04,Business,73,34,6253,44.18,0
10740,5267,2024-08-11,Business,53,44,5716,56.88,0
10741,5267,2024-08-18,Business,56,11,16330,13.92,0
10742,5267,2024-08-25,Business,53,40,6059,72.65,0
10743,5267,2024-12-28,Enterprise,270,79,40142,164.8,0
10744,5268,2024-03-28,Pro,22,13,934,4.0,0
10745,5268,2024-04-04,Pro,43,3,5339,14.2,0
10746,5268,2024-04-11,Pro,24,4,1721,5.99,0
10747,5268,2024-04-18,Pro,37,10,931,17.52,0
10748,5268,2024-04-25,Pro,25,10,1139,7.61,0
10749,5268,2024-12-28,Starter,4,2,240,1.74,0
10750,5270,2024-04-28,Business,66,27,12143,29.64,1
10751,5270,2024-05-05,Business,49,17,8407,50.26,1
10752,5270,2024-05-12,Business,34,3,6763,81.04,1
10753,5270,2024-05-19,Business,16,6,4070,54.91,1
10754,5270,2024-05-26,Business,8,3,3932,18.19,1
10755,5274,2024-06-28,Pro,53,9,2139,19.63,0
10756,5274,2024-07-05,Pro,34,10,1947,16.74,0
10757,5274,2024-07-12,Pro,58,4,935,18.08,0
10758,5274,2024-07-19,Pro,20,14,2532,11.72,0
10759,5274,2024-07-26,Pro,29,6,1735,3.57,0
10760,5274,2024-12-28,Starter,5,1,455,2.91,0
10761,5275,2024-03-28,Business,44,29,10698,19.08,1
10762,5275,2024-04-04,Business,62,11,5514,25.87,1
10763,5275,2024-04-11,Business,48,18,5006,12.24,1
10764,5275,2024-04-18,Business,35,9,1707,40.18,1
10765,5275,2024-04-25,Business,12,9,2063,48.61,1
10766,5288,2024-12-29,Starter,11,3,529,2.44,0
10767,5296,2024-12-29,Starter,5,4,494,4.95,0
10768,5299,2024-07-29,Starter,17,3,362,2.19,0
10769,5299,2024-08-05,Starter,17,1,488,1.62,0
10770,5299,2024-08-12,Starter,9,1,304,2.29,0
10771,5299,2024-08-19,Starter,17,4,188,1.16,0
10772,5299,2024-08-26,Starter,21,3,759,4.75,0
10773,5299,2024-08-29,Pro,19,7,2580,18.85,0
10774,5299,2024-09-05,Pro,45,5,4675,9.83,0
10775,5299,2024-09-12,Pro,28,12,2769,12.52,0
10776,5299,2024-09-19,Pro,26,11,1956,10.65,0
10777,5299,2024-09-26,Pro,31,11,528,15.29,0
10778,5299,2024-12-29,Business,89,41,11302,79.46,0
10779,5303,2024-12-29,Enterprise,316,116,23021,343.4,0
10780,5309,2024-12-29,Business,73,23,10146,37.28,0
10781,5310,2024-04-30,Pro,35,6,2500,8.84,1
10782,5310,2024-05-07,Pro,27,5,963,3.53,1
10783,5310,2024-05-14,Pro,6,2,644,11.99,1
10784,5310,2024-05-21,Pro,9,1,526,9.84,1
10785,5310,2024-05-28,Pro,10,1,659,2.96,1
10786,5313,2024-12-30,Business,23,5,2248,59.47,1
10787,5320,2024-10-30,Pro,17,3,1039,10.2,1
10788,5320,2024-11-06,Pro,8,2,809,12.09,1
10789,5320,2024-11-13,Pro,11,2,267,8.96,1
10790,5320,2024-11-20,Pro,10,2,547,7.18,1
10791,5320,2024-11-27,Pro,4,1,509,17.41,1
10792,5327,2024-05-30,Enterprise,115,38,63761,343.38,1
10793,5327,2024-06-06,Enterprise,142,29,16555,277.42,1
10794,5327,2024-06-13,Enterprise,84,66,31349,486.61,1
10795,5327,2024-06-20,Enterprise,75,23,5763,392.64,1
10796,5327,2024-06-27,Enterprise,31,26,19467,371.13,1
10797,5328,2024-12-30,Business,65,39,8542,30.51,0
10798,5330,2024-12-30,Business,127,34,16495,33.04,0
10799,5336,2024-12-01,Business,35,15,20002,77.5,0
10800,5336,2024-12-08,Business,100,41,8188,70.52,0
10801,5336,2024-12-15,Business,61,39,9503,23.76,0
10802,5336,2024-12-22,Business,92,19,10788,97.67,0
10803,5336,2024-12-29,Business,36,34,21599,62.67,0
10804,5338,2024-12-01,Business,52,18,14451,19.04,0
10805,5338,2024-12-08,Business,77,24,18039,61.77,0
10806,5338,2024-12-15,Business,61,29,8361,55.19,0
10807,5338,2024-12-22,Business,40,15,2684,87.87,0
10808,5338,2024-12-29,Business,30,13,12895,38.46,0
10809,5344,2024-07-01,Business,105,22,7277,11.71,1
10810,5344,2024-07-08,Business,28,28,9428,12.39,1
10811,5344,2024-07-15,Business,18,14,3528,97.87,1
10812,5344,2024-07-22,Business,13,9,3708,78.96,1
10813,5344,2024-07-29,Business,11,3,642,18.34,1
10814,5347,2024-08-02,Starter,11,3,346,0.64,1
10815,5347,2024-08-09,Starter,5,1,257,1.64,1
10816,5347,2024-08-16,Starter,6,1,70,0.62,1
10817,5347,2024-08-23,Starter,2,1,213,5.03,1
10818,5347,2024-08-30,Starter,3,1,99,3.23,1
10819,5348,2024-12-02,Enterprise,157,76,12232,106.65,0
10820,5348,2024-12-09,Enterprise,212,182,97428,335.67,0
10821,5348,2024-12-16,Enterprise,425,74,82957,115.78,0
10822,5348,2024-12-23,Enterprise,102,53,75620,270.86,0
10823,5348,2024-12-30,Enterprise,157,186,75214,262.52,0
10824,5349,2024-12-02,Starter,12,4,484,4.01,0
10825,5349,2024-12-09,Starter,13,4,680,1.28,0
10826,5349,2024-12-16,Starter,7,2,786,4.05,0
10827,5349,2024-12-23,Starter,8,2,889,0.71,0
10828,5349,2024-12-30,Starter,10,4,814,2.78,0
10829,5354,2024-11-02,Enterprise,317,118,79559,170.88,0
10830,5354,2024-11-09,Enterprise,215,46,77334,176.7,0
10831,5354,2024-11-16,Enterprise,295,147,38164,329.71,0
10832,5354,2024-11-23,Enterprise,208,191,42535,129.95,0
10833,5354,2024-11-30,Enterprise,202,129,76304,396.07,0
10834,5354,2024-12-02,Business,71,27,16084,73.28,0
10835,5354,2024-12-09,Business,90,41,15887,22.54,0
10836,5354,2024-12-16,Business,48,14,16959,54.25,0
10837,5354,2024-12-23,Business,80,23,5557,38.39,0
10838,5354,2024-12-30,Business,148,27,7066,44.54,0
10839,5358,2024-05-03,Starter,4,1,318,4.51,1
10840,5358,2024-05-10,Starter,10,1,302,2.43,1
10841,5358,2024-05-17,Starter,4,1,348,0.76,1
10842,5358,2024-05-24,Starter,2,1,133,2.9,1
10843,5358,2024-05-31,Starter,3,1,186,0.6,1
10844,5360,2024-10-03,Starter,5,3,145,1.39,1
10845,5360,2024-10-10,Starter,12,2,145,0.91,1
10846,5360,2024-10-17,Starter,4,2,338,1.97,1
10847,5360,2024-10-24,Starter,3,1,29,3.33,1
10848,5360,2024-10-31,Starter,2,1,141,4.39,1
10849,5361,2024-12-03,Pro,30,12,1004,4.04,0
10850,5361,2024-12-10,Pro,14,12,3738,5.46,0
10851,5361,2024-12-17,Pro,51,3,1084,9.35,0
10852,5361,2024-12-24,Pro,39,5,1605,12.64,0
10853,5361,2024-12-31,Pro,43,6,1685,9.47,0
10854,5362,2024-12-03,Enterprise,414,178,85901,466.56,0
10855,5362,2024-12-10,Enterprise,159,78,53505,104.92,0
10856,5362,2024-12-17,Enterprise,229,35,76082,294.02,0
10857,5362,2024-12-24,Enterprise,424,105,53914,118.28,0
10858,5362,2024-12-31,Enterprise,97,157,76028,118.74,0
10859,5367,2024-12-04,Pro,61,12,502,13.2,0
10860,5367,2024-12-11,Pro,30,6,2666,20.03,0
10861,5367,2024-12-18,Pro,44,3,2576,18.03,0
10862,5367,2024-12-25,Pro,24,15,578,13.78,0
10863,5369,2024-12-04,Pro,43,10,3324,5.37,0
10864,5369,2024-12-11,Pro,24,13,883,7.04,0
10865,5369,2024-12-18,Pro,38,14,2270,8.83,0
10866,5369,2024-12-25,Pro,45,7,2277,9.52,0
10867,5371,2024-04-04,Starter,6,2,176,1.06,1
10868,5371,2024-04-11,Starter,5,1,451,2.78,1
10869,5371,2024-04-18,Starter,2,1,373,2.53,1
10870,5371,2024-04-25,Starter,1,1,172,2.22,1
10871,5371,2024-05-02,Starter,3,1,203,3.7,1
10872,5374,2024-12-04,Starter,14,3,130,4.85,0
10873,5374,2024-12-11,Starter,6,5,323,1.08,0
10874,5374,2024-12-18,Starter,18,2,611,4.43,0
10875,5374,2024-12-25,Starter,12,3,174,4.03,0
10876,5377,2024-08-04,Pro,13,7,3133,15.3,1
10877,5377,2024-08-11,Pro,7,3,1648,7.19,1
10878,5377,2024-08-18,Pro,11,3,1809,18.2,1
10879,5377,2024-08-25,Pro,4,3,882,10.78,1
10880,5377,2024-09-01,Pro,6,1,427,4.91,1
10881,5378,2024-04-04,Business,43,41,2906,74.31,0
10882,5378,2024-04-11,Business,48,24,6035,43.2,0
10883,5378,2024-04-18,Business,60,23,3727,15.67,0
10884,5378,2024-04-25,Business,108,39,19117,72.25,0
10885,5378,2024-05-02,Business,85,28,3530,64.37,0
10886,5378,2024-12-04,Pro,30,8,4535,18.55,0
10887,5378,2024-12-11,Pro,48,9,1893,6.41,0
10888,5378,2024-12-18,Pro,36,13,1094,3.58,0
10889,5378,2024-12-25,Pro,22,6,3803,16.57,0
10890,5384,2024-04-05,Pro,36,3,1269,6.5,1
10891,5384,2024-04-12,Pro,26,2,487,7.48,1
10892,5384,2024-04-19,Pro,20,3,394,6.48,1
10893,5384,2024-04-26,Pro,3,2,307,2.21,1
10894,5384,2024-05-03,Pro,6,2,453,8.03,1
10895,5386,2024-07-05,Pro,50,12,2754,6.97,0
10896,5386,2024-07-12,Pro,50,7,4697,15.58,0
10897,5386,2024-07-19,Pro,15,9,3269,14.99,0
10898,5386,2024-07-26,Pro,13,11,2131,6.85,0
10899,5386,2024-08-02,Pro,19,6,4242,19.23,0
10900,5386,2024-12-05,Starter,9,3,304,3.48,0
10901,5386,2024-12-12,Starter,7,3,610,1.63,0
10902,5386,2024-12-19,Starter,19,4,637,3.0,0
10903,5386,2024-12-26,Starter,13,4,510,0.76,0
10904,5391,2024-05-05,Starter,4,1,467,2.5,1
10905,5391,2024-05-12,Starter,3,1,506,0.74,1
10906,5391,2024-05-19,Starter,3,1,194,4.54,1
10907,5391,2024-05-26,Starter,2,1,161,1.73,1
10908,5391,2024-06-02,Starter,0,1,179,4.28,1
10909,5392,2024-12-06,Enterprise,451,203,33434,220.64,0
10910,5392,2024-12-13,Enterprise,352,97,59934,421.2,0
10911,5392,2024-12-20,Enterprise,244,84,46667,519.72,0
10912,5392,2024-12-27,Enterprise,331,194,64861,193.27,0
10913,5396,2024-12-06,Business,111,29,15864,11.05,0
10914,5396,2024-12-13,Business,47,27,9876,95.14,0
10915,5396,2024-12-20,Business,63,23,8626,33.97,0
10916,5396,2024-12-27,Business,68,23,11968,18.22,0
10917,5397,2024-09-06,Starter,14,2,572,4.25,0
10918,5397,2024-09-13,Starter,15,1,780,2.51,0
10919,5397,2024-09-20,Starter,9,3,779,3.77,0
10920,5397,2024-09-27,Starter,21,2,235,0.5,0
10921,5397,2024-10-04,Starter,13,1,430,3.77,0
10922,5397,2024-12-06,Pro,36,6,1563,11.69,0
10923,5397,2024-12-13,Pro,35,3,800,16.73,0
10924,5397,2024-12-20,Pro,27,8,4129,4.74,0
10925,5397,2024-12-27,Pro,33,8,1908,14.45,0
10926,5398,2024-07-06,Starter,4,1,636,4.37,1
10927,5398,2024-07-13,Starter,2,1,466,2.45,1
10928,5398,2024-07-20,Starter,3,1,369,1.54,1
10929,5398,2024-07-27,Starter,1,1,61,4.33,1
10930,5398,2024-08-03,Starter,1,1,119,1.89,1
10931,5401,2024-07-06,Starter,6,1,463,4.56,1
10932,5401,2024-07-13,Starter,4,2,392,0.98,1
10933,5401,2024-07-20,Starter,1,1,143,4.43,1
10934,5401,2024-07-27,Starter,2,1,234,1.72,1
10935,5401,2024-08-03,Starter,2,1,189,4.55,1
10936,5405,2024-05-07,Starter,8,3,478,2.34,1
10937,5405,2024-05-14,Starter,9,1,165,0.65,1
10938,5405,2024-05-21,Starter,8,1,81,4.34,1
10939,5405,2024-05-28,Starter,3,1,45,3.39,1
10940,5405,2024-06-04,Starter,3,1,83,2.89,1
10941,5409,2024-12-07,Starter,5,3,191,2.57,0
10942,5409,2024-12-14,Starter,12,4,563,1.69,0
10943,5409,2024-12-21,Starter,12,3,930,4.63,0
10944,5409,2024-12-28,Starter,5,2,658,1.3,0
10945,5410,2024-12-07,Enterprise,90,124,52308,262.6,0
10946,5410,2024-12-14,Enterprise,136,103,82196,50.49,0
10947,5410,2024-12-21,Enterprise,229,62,13484,397.24,0
10948,5410,2024-12-28,Enterprise,317,95,13185,147.68,0
10949,5411,2024-12-07,Enterprise,201,140,61122,471.63,0
10950,5411,2024-12-14,Enterprise,125,36,73356,432.37,0
10951,5411,2024-12-21,Enterprise,130,84,27038,168.77,0
10952,5411,2024-12-28,Enterprise,202,147,53420,466.43,0
10953,5413,2024-12-07,Enterprise,126,172,54891,283.05,0
10954,5413,2024-12-14,Enterprise,243,129,66358,288.9,0
10955,5413,2024-12-21,Enterprise,109,159,53944,208.28,0
10956,5413,2024-12-28,Enterprise,239,111,80231,466.55,0
10957,5417,2024-12-07,Pro,29,10,3255,8.51,0
10958,5417,2024-12-14,Pro,13,8,1175,15.67,0
10959,5417,2024-12-21,Pro,25,11,3047,12.43,0
10960,5417,2024-12-28,Pro,16,14,4112,3.33,0
10961,5419,2024-12-07,Business,64,24,12529,80.74,0
10962,5419,2024-12-14,Business,65,34,5819,55.42,0
10963,5419,2024-12-21,Business,47,31,13431,46.81,0
10964,5419,2024-12-28,Business,60,18,11796,48.4,0
10965,5420,2024-10-07,Business,41,14,16509,63.39,0
10966,5420,2024-10-14,Business,109,26,17714,97.84,0
10967,5420,2024-10-21,Business,122,14,12978,51.88,0
10968,5420,2024-10-28,Business,109,22,2707,58.78,0
10969,5420,2024-11-04,Business,81,45,14744,65.22,0
10970,5420,2024-12-07,Enterprise,66,83,73022,398.0,0
10971,5420,2024-12-14,Enterprise,95,200,107176,471.83,0
10972,5420,2024-12-21,Enterprise,164,114,64520,416.44,0
10973,5420,2024-12-28,Enterprise,131,118,76873,201.57,0
10974,5424,2024-12-08,Business,36,18,4116,99.95,0
10975,5424,2024-12-15,Business,51,53,7583,75.93,0
10976,5424,2024-12-22,Business,58,14,15043,83.54,0
10977,5424,2024-12-29,Business,41,33,2937,40.32,0
10978,5427,2024-12-08,Enterprise,163,138,102601,475.72,0
10979,5427,2024-12-15,Enterprise,188,137,87322,95.73,0
10980,5427,2024-12-22,Enterprise,220,149,59186,470.0,0
10981,5427,2024-12-29,Enterprise,127,137,30791,217.82,0
10982,5430,2024-12-08,Starter,3,2,968,0.83,0
10983,5430,2024-12-15,Starter,5,2,359,4.35,0
10984,5430,2024-12-22,Starter,5,2,581,2.28,0
10985,5430,2024-12-29,Starter,6,4,268,1.35,0
10986,5437,2024-09-08,Business,94,18,3653,52.53,0
10987,5437,2024-09-15,Business,54,41,10921,85.63,0
10988,5437,2024-09-22,Business,33,36,9223,37.94,0
10989,5437,2024-09-29,Business,62,42,9327,43.7,0
10990,5437,2024-10-06,Business,66,33,3141,73.18,0
10991,5437,2024-12-08,Pro,13,8,2574,2.41,0
10992,5437,2024-12-15,Pro,24,8,4774,14.51,0
10993,5437,2024-12-22,Pro,15,6,5090,8.0,0
10994,5437,2024-12-29,Pro,29,12,2619,6.13,0
10995,5439,2024-12-09,Enterprise,349,143,65298,407.63,0
10996,5439,2024-12-16,Enterprise,409,66,74442,396.03,0
10997,5439,2024-12-23,Enterprise,187,40,82685,316.63,0
10998,5439,2024-12-30,Enterprise,333,154,55897,413.61,0
10999,5441,2024-12-09,Pro,23,7,2757,14.63,0
11000,5441,2024-12-16,Pro,41,9,782,19.88,0
11001,5441,2024-12-23,Pro,21,6,3946,12.18,0
11002,5441,2024-12-30,Pro,47,11,2425,3.64,0
11003,5442,2024-12-09,Pro,27,7,2740,8.39,0
11004,5442,2024-12-16,Pro,60,6,1350,16.94,0
11005,5442,2024-12-23,Pro,31,6,4022,18.65,0
11006,5442,2024-12-30,Pro,28,6,5160,14.12,0
11007,5446,2024-04-09,Business,130,29,5879,12.51,0
11008,5446,2024-04-16,Business,109,20,8304,59.44,0
11009,5446,2024-04-23,Business,48,41,14196,92.93,0
11010,5446,2024-04-30,Business,104,35,16229,78.75,0
11011,5446,2024-05-07,Business,111,42,3791,48.25,0
11012,5446,2024-06-09,Pro,34,8,590,12.52,0
11013,5446,2024-06-16,Pro,16,7,2114,14.72,0
11014,5446,2024-06-23,Pro,37,10,5190,18.62,0
11015,5446,2024-06-30,Pro,38,10,4285,16.06,0
11016,5446,2024-07-07,Pro,13,7,828,9.12,0
11017,5446,2024-12-09,Business,74,47,21381,41.41,0
11018,5446,2024-12-16,Business,126,32,15685,27.3,0
11019,5446,2024-12-23,Business,37,29,18454,18.63,0
11020,5446,2024-12-30,Business,158,11,3826,49.68,0
11021,5450,2024-12-09,Starter,7,1,671,1.55,0
11022,5450,2024-12-16,Starter,17,2,856,0.5,0
11023,5450,2024-12-23,Starter,7,3,1085,1.91,0
11024,5450,2024-12-30,Starter,15,4,765,3.05,0
11025,5453,2024-12-10,Business,39,41,10756,20.77,0
11026,5453,2024-12-17,Business,114,17,18346,99.62,0
11027,5453,2024-12-24,Business,98,45,5659,89.62,0
11028,5453,2024-12-31,Business,157,36,16019,82.74,0
11029,5455,2024-06-10,Business,80,15,10396,42.42,1
11030,5455,2024-06-17,Business,75,7,7096,19.23,1
11031,5455,2024-06-24,Business,44,17,3872,42.69,1
11032,5455,2024-07-01,Business,27,8,417,97.68,1
11033,5455,2024-07-08,Business,28,7,2553,26.32,1
11034,5459,2024-06-10,Starter,8,3,410,1.32,1
11035,5459,2024-06-17,Starter,12,2,444,1.99,1
11036,5459,2024-06-24,Starter,4,1,87,2.45,1
11037,5459,2024-07-01,Starter,2,1,125,0.64,1
11038,5459,2024-07-08,Starter,3,1,45,1.65,1
11039,5464,2024-05-10,Business,29,28,3667,73.22,1
11040,5464,2024-05-17,Business,33,19,6945,44.03,1
11041,5464,2024-05-24,Business,41,13,4918,91.83,1
11042,5464,2024-05-31,Business,16,4,4761,37.39,1
11043,5464,2024-06-07,Business,8,2,2480,15.63,1
11044,5467,2024-11-11,Starter,9,4,111,1.66,0
11045,5467,2024-11-18,Starter,6,1,408,1.33,0
11046,5467,2024-11-25,Starter,12,1,645,3.29,0
11047,5467,2024-12-02,Starter,15,3,392,2.59,0
11048,5467,2024-12-09,Starter,6,3,235,2.47,0
11049,5467,2024-12-11,Pro,21,11,3330,19.79,0
11050,5467,2024-12-18,Pro,51,11,1639,17.37,0
11051,5467,2024-12-25,Pro,19,6,3663,4.87,0
11052,5474,2024-10-11,Pro,29,5,1465,15.96,0
11053,5474,2024-10-18,Pro,42,14,2115,6.9,0
11054,5474,2024-10-25,Pro,50,6,1550,4.99,0
11055,5474,2024-11-01,Pro,58,9,1532,11.49,0
11056,5474,2024-11-08,Pro,46,4,4824,13.25,0
11057,5474,2024-12-11,Starter,11,3,186,4.6,0
11058,5474,2024-12-18,Starter,16,3,631,1.89,0
11059,5474,2024-12-25,Starter,11,2,918,0.68,0
11060,5477,2024-10-11,Business,55,14,10426,59.3,0
11061,5477,2024-10-18,Business,49,15,21867,73.91,0
11062,5477,2024-10-25,Business,83,11,6616,29.84,0
11063,5477,2024-11-01,Business,127,38,16216,75.35,0
11064,5477,2024-11-08,Business,122,14,5614,82.36,0
11065,5477,2024-12-11,Enterprise,197,186,73553,232.14,0
11066,5477,2024-12-18,Enterprise,396,183,63008,237.76,0
11067,5477,2024-12-25,Enterprise,378,65,39155,375.57,0
11068,5481,2024-11-11,Starter,8,2,585,2.32,1
11069,5481,2024-11-18,Starter,3,1,455,3.84,1
11070,5481,2024-11-25,Starter,2,1,201,2.24,1
11071,5481,2024-12-02,Starter,1,1,99,4.63,1
11072,5481,2024-12-09,Starter,2,1,28,1.24,1
11073,5482,2024-04-11,Pro,31,6,2077,7.2,1
11074,5482,2024-04-18,Pro,11,7,493,11.16,1
11075,5482,2024-04-25,Pro,12,2,478,10.39,1
11076,5482,2024-05-02,Pro,3,1,150,17.46,1
11077,5482,2024-05-09,Pro,4,1,167,7.64,1
11078,5484,2024-12-12,Enterprise,233,29,23700,344.53,0
11079,5484,2024-12-19,Enterprise,102,35,71363,78.66,0
11080,5484,2024-12-26,Enterprise,361,142,18405,154.71,0
11081,5485,2024-04-12,Pro,32,12,1199,13.24,0
11082,5485,2024-04-19,Pro,22,15,1477,16.89,0
11083,5485,2024-04-26,Pro,29,6,1302,4.02,0
11084,5485,2024-05-03,Pro,30,11,4609,10.43,0
11085,5485,2024-05-10,Pro,39,10,3951,10.18,0
11086,5485,2024-12-12,Business,88,15,17747,35.33,0
11087,5485,2024-12-19,Business,80,19,7728,43.59,0
11088,5485,2024-12-26,Business,145,50,12624,78.42,0
11089,5490,2024-12-12,Starter,17,4,436,4.35,0
11090,5490,2024-12-19,Starter,9,2,623,2.09,0
11091,5490,2024-12-26,Starter,15,4,1002,5.06,0
11092,5492,2024-05-12,Starter,10,1,536,0.66,1
11093,5492,2024-05-19,Starter,3,1,142,1.55,1
11094,5492,2024-05-26,Starter,4,1,144,4.67,1
11095,5492,2024-06-02,Starter,2,1,212,2.0,1
11096,5492,2024-06-09,Starter,1,1,60,0.86,1
11097,5493,2024-12-12,Starter,6,1,500,3.07,0
11098,5493,2024-12-19,Starter,15,1,369,1.98,0
11099,5493,2024-12-26,Starter,19,1,357,2.98,0
11100,5494,2024-12-12,Pro,31,6,807,10.74,0
11101,5494,2024-12-19,Pro,20,4,2591,9.64,0
11102,5494,2024-12-26,Pro,24,12,954,6.58,0
11103,5497,2024-04-13,Starter,6,2,566,0.54,0
11104,5497,2024-04-20,Starter,5,4,227,3.66,0
11105,5497,2024-04-27,Starter,13,2,266,1.48,0
11106,5497,2024-05-04,Starter,8,1,610,1.0,0
11107,5497,2024-05-11,Starter,5,3,321,2.59,0
11108,5497,2024-06-13,Pro,10,11,547,1.97,1
11109,5497,2024-06-20,Pro,25,4,745,6.22,1
11110,5497,2024-06-27,Pro,13,5,1767,8.78,1
11111,5497,2024-07-04,Pro,4,2,114,5.66,1
11112,5497,2024-07-11,Pro,11,1,923,20.46,1
11113,5500,2024-12-13,Starter,12,1,754,1.31,0
11114,5500,2024-12-20,Starter,17,2,301,1.47,0
11115,5500,2024-12-27,Starter,7,3,180,2.35,0
11116,5510,2024-12-13,Enterprise,228,140,14346,99.75,0
11117,5510,2024-12-20,Enterprise,355,63,106683,333.22,0
11118,5510,2024-12-27,Enterprise,222,158,63627,54.7,0
11119,5518,2024-07-13,Starter,7,1,819,2.48,0
11120,5518,2024-07-20,Starter,8,3,187,3.75,0
11121,5518,2024-07-27,Starter,15,1,979,2.86,0
11122,5518,2024-08-03,Starter,9,3,863,3.29,0
11123,5518,2024-08-10,Starter,9,4,602,3.8,0
11124,5518,2024-12-13,Pro,21,10,2576,8.7,0
11125,5518,2024-12-20,Pro,28,10,4770,20.31,0
11126,5518,2024-12-27,Pro,25,11,3744,18.08,0
11127,5525,2024-07-14,Starter,9,1,586,1.95,1
11128,5525,2024-07-21,Starter,3,2,412,2.21,1
11129,5525,2024-07-28,Starter,2,1,304,0.62,1
11130,5525,2024-08-04,Starter,2,1,205,0.6,1
11131,5525,2024-08-11,Starter,1,1,42,4.45,1
11132,5528,2024-05-14,Pro,25,10,2827,6.67,1
11133,5528,2024-05-21,Pro,24,8,2354,10.36,1
11134,5528,2024-05-28,Pro,13,5,400,6.65,1
11135,5528,2024-06-04,Pro,8,1,480,19.2,1
11136,5528,2024-06-11,Pro,5,1,348,9.9,1
11137,5531,2024-05-14,Business,44,46,11909,52.7,0
11138,5531,2024-05-21,Business,76,33,8112,94.28,0
11139,5531,2024-05-28,Business,117,14,7239,52.46,0
11140,5531,2024-06-04,Business,119,26,8365,22.04,0
11141,5531,2024-06-11,Business,141,41,16908,84.93,0
11142,5531,2024-06-14,Enterprise,411,165,29030,237.04,0
11143,5531,2024-06-21,Enterprise,249,129,12322,61.75,0
11144,5531,2024-06-28,Enterprise,200,99,77355,393.06,0
11145,5531,2024-07-05,Enterprise,189,147,37222,140.55,0
11146,5531,2024-07-12,Enterprise,175,180,89733,428.5,0
11147,5531,2024-12-14,Business,40,27,16037,21.57,0
11148,5531,2024-12-21,Business,42,30,7770,27.22,0
11149,5531,2024-12-28,Business,49,10,19566,81.01,0
11150,5532,2024-04-14,Starter,6,2,724,3.21,1
11151,5532,2024-04-21,Starter,5,2,187,1.5,1
11152,5532,2024-04-28,Starter,4,1,305,4.42,1
11153,5532,2024-05-05,Starter,2,1,185,4.68,1
11154,5532,2024-05-12,Starter,1,1,134,3.2,1
11155,5533,2024-09-15,Starter,7,3,530,2.73,1
11156,5533,2024-09-22,Starter,2,1,321,1.41,1
11157,5533,2024-09-29,Starter,1,1,250,0.82,1
11158,5533,2024-10-06,Starter,1,1,151,0.86,1
11159,5533,2024-10-13,Starter,2,1,202,4.16,1
11160,5545,2024-12-15,Enterprise,214,161,67373,350.37,0
11161,5545,2024-12-22,Enterprise,146,74,102748,433.34,0
11162,5545,2024-12-29,Enterprise,218,92,56971,128.82,0
11163,5546,2024-07-15,Pro,30,9,1490,2.92,0
11164,5546,2024-07-22,Pro,20,5,3318,7.89,0
11165,5546,2024-07-29,Pro,59,11,619,2.46,0
11166,5546,2024-08-05,Pro,53,12,1705,9.21,0
11167,5546,2024-08-12,Pro,52,9,3237,5.9,0
11168,5546,2024-12-15,Starter,4,2,266,0.71,0
11169,5546,2024-12-22,Starter,6,4,839,4.64,0
11170,5546,2024-12-29,Starter,8,1,1040,2.09,0
11171,5548,2024-04-15,Starter,11,2,88,1.51,1
11172,5548,2024-04-22,Starter,6,1,101,4.79,1
11173,5548,2024-04-29,Starter,1,1,244,2.38,1
11174,5548,2024-05-06,Starter,3,1,72,1.02,1
11175,5548,2024-05-13,Starter,3,1,139,4.91,1
11176,5549,2024-12-15,Starter,4,1,136,0.49,0
11177,5549,2024-12-22,Starter,12,4,340,3.1,0
11178,5549,2024-12-29,Starter,11,2,401,0.52,0
11179,5550,2024-04-15,Business,52,34,9852,51.17,1
11180,5550,2024-04-22,Business,48,26,970,40.55,1
11181,5550,2024-04-29,Business,27,6,6758,21.11,1
11182,5550,2024-05-06,Business,13,4,2871,76.49,1
11183,5550,2024-05-13,Business,27,9,3533,60.39,1
11184,5551,2024-12-15,Starter,10,2,800,2.16,0
11185,5551,2024-12-22,Starter,10,2,438,2.28,0
11186,5551,2024-12-29,Starter,7,4,396,3.31,0
11187,5555,2024-06-15,Business,44,12,3017,76.82,1
11188,5555,2024-06-22,Business,39,12,3178,12.48,1
11189,5555,2024-06-29,Business,18,17,5012,71.1,1
11190,5555,2024-07-06,Business,9,3,3839,24.02,1
11191,5555,2024-07-13,Business,7,7,3196,84.45,1
11192,5558,2024-08-16,Starter,6,1,413,2.27,0
11193,5558,2024-08-23,Starter,8,3,747,2.63,0
11194,5558,2024-08-30,Starter,8,2,806,1.39,0
11195,5558,2024-09-06,Starter,17,1,675,1.77,0
11196,5558,2024-09-13,Starter,13,4,449,4.26,0
11197,5558,2024-11-16,Pro,11,8,1569,9.87,1
11198,5558,2024-11-23,Pro,8,3,1693,14.61,1
11199,5558,2024-11-30,Pro,11,3,1449,4.21,1
11200,5558,2024-12-07,Pro,5,1,577,8.13,1
11201,5558,2024-12-14,Pro,2,2,318,13.96,1
11202,5560,2024-12-16,Enterprise,200,126,73320,106.59,0
11203,5560,2024-12-23,Enterprise,439,146,80676,271.04,0
11204,5560,2024-12-30,Enterprise,229,106,37619,257.25,0
11205,5568,2024-12-17,Enterprise,495,75,18141,418.57,0
11206,5568,2024-12-24,Enterprise,191,78,63583,335.55,0
11207,5568,2024-12-31,Enterprise,403,202,27476,79.52,0
11208,5574,2024-07-17,Business,70,35,11220,49.85,1
11209,5574,2024-07-24,Business,75,11,4258,77.22,1
11210,5574,2024-07-31,Business,51,10,1671,51.78,1
11211,5574,2024-08-07,Business,18,9,4408,63.42,1
11212,5574,2024-08-14,Business,11,3,632,49.3,1
11213,5580,2024-07-17,Pro,24,6,3167,6.89,1
11214,5580,2024-07-24,Pro,19,7,1464,11.52,1
11215,5580,2024-07-31,Pro,19,2,855,3.32,1
11216,5580,2024-08-07,Pro,16,2,272,2.61,1
11217,5580,2024-08-14,Pro,6,2,342,12.54,1
11218,5587,2024-12-18,Starter,16,2,931,2.07,0
11219,5587,2024-12-25,Starter,8,3,1018,2.03,0
11220,5588,2024-12-18,Enterprise,424,119,29754,83.93,0
11221,5588,2024-12-25,Enterprise,464,53,88244,387.9,0
11222,5593,2024-10-18,Business,123,14,11271,29.07,1
11223,5593,2024-10-25,Business,66,23,1481,18.04,1
11224,5593,2024-11-01,Business,51,16,1191,14.69,1
11225,5593,2024-11-08,Business,13,9,4787,86.89,1
11226,5593,2024-11-15,Business,9,7,2901,93.69,1
11227,5596,2024-12-18,Starter,18,2,127,3.69,0
11228,5596,2024-12-25,Starter,12,3,433,1.09,0
11229,5600,2024-12-19,Starter,20,4,593,2.46,0
11230,5600,2024-12-26,Starter,12,4,502,4.4,0
11231,5603,2024-11-19,Enterprise,189,135,28038,303.69,0
11232,5603,2024-11-26,Enterprise,477,121,27613,92.71,0
11233,5603,2024-12-03,Enterprise,375,142,64146,59.24,0
11234,5603,2024-12-10,Enterprise,177,115,95677,126.54,0
11235,5603,2024-12-17,Enterprise,154,37,63602,384.7,0
11236,5603,2024-12-19,Business,143,35,4972,34.93,0
11237,5603,2024-12-26,Business,110,26,2163,79.67,0
11238,5605,2024-06-19,Pro,32,14,888,9.37,0
11239,5605,2024-06-26,Pro,56,7,580,8.64,0
11240,5605,2024-07-03,Pro,17,5,3856,12.6,0
11241,5605,2024-07-10,Pro,34,7,4869,17.19,0
11242,5605,2024-07-17,Pro,22,13,1379,5.0,0
11243,5605,2024-12-19,Business,159,40,8001,92.02,0
11244,5605,2024-12-26,Business,45,20,8615,55.48,0
11245,5607,2024-07-19,Enterprise,284,90,16143,432.97,1
11246,5607,2024-07-26,Enterprise,164,65,9395,181.25,1
11247,5607,2024-08-02,Enterprise,108,71,39275,86.0,1
11248,5607,2024-08-09,Enterprise,136,9,22284,318.36,1
11249,5607,2024-08-16,Enterprise,93,11,16770,330.16,1
11250,5615,2024-05-20,Pro,33,3,987,8.76,1
11251,5615,2024-05-27,Pro,31,1,563,16.13,1
11252,5615,2024-06-03,Pro,15,1,1814,5.86,1
11253,5615,2024-06-10,Pro,9,1,818,13.21,1
11254,5615,2024-06-17,Pro,5,1,265,6.61,1
11255,5617,2024-04-20,Pro,21,8,756,5.42,1
11256,5617,2024-04-27,Pro,13,6,1033,4.04,1
11257,5617,2024-05-04,Pro,10,5,621,14.49,1
11258,5617,2024-05-11,Pro,7,1,697,2.11,1
11259,5617,2024-05-18,Pro,1,1,576,3.87,1
11260,5623,2024-12-20,Enterprise,247,169,48568,74.13,0
11261,5623,2024-12-27,Enterprise,201,86,46777,507.21,0
11262,5625,2024-12-20,Starter,5,3,264,4.3,0
11263,5625,2024-12-27,Starter,13,4,343,2.13,0
11264,5628,2024-12-21,Business,24,25,14568,22.65,0
11265,5628,2024-12-28,Business,75,12,9165,16.2,0
11266,5635,2024-07-21,Business,64,48,5159,10.06,0
11267,5635,2024-07-28,Business,36,36,21755,58.57,0
11268,5635,2024-08-04,Business,61,28,10943,52.98,0
11269,5635,2024-08-11,Business,54,25,14364,61.62,0
11270,5635,2024-08-18,Business,94,30,5610,46.26,0
11271,5635,2024-12-21,Enterprise,165,127,51433,92.1,0
11272,5635,2024-12-28,Enterprise,180,188,45844,51.42,0
11273,5641,2024-12-22,Starter,3,3,226,1.3,0
11274,5641,2024-12-29,Starter,7,1,969,4.27,0
11275,5647,2024-12-22,Pro,33,14,4856,10.4,0
11276,5647,2024-12-29,Pro,12,15,2096,8.02,0
11277,5654,2024-12-22,Business,54,37,19949,40.69,0
11278,5654,2024-12-29,Business,50,38,20592,57.23,0
11279,5659,2024-08-22,Starter,9,1,205,4.39,1
11280,5659,2024-08-29,Starter,3,1,448,3.51,1
11281,5659,2024-09-05,Starter,5,1,334,2.19,1
11282,5659,2024-09-12,Starter,4,1,166,0.58,1
11283,5659,2024-09-19,Starter,2,1,23,0.63,1
11284,5660,2024-12-22,Pro,30,6,4178,5.07,0
11285,5660,2024-12-29,Pro,13,8,2077,7.0,0
11286,5663,2024-12-23,Starter,23,1,565,4.0,0
11287,5663,2024-12-30,Starter,15,3,920,3.7,0
11288,5666,2024-10-23,Pro,49,9,2891,12.57,0
11289,5666,2024-10-30,Pro,44,4,1540,5.59,0
11290,5666,2024-11-06,Pro,36,9,967,8.47,0
11291,5666,2024-11-13,Pro,30,13,1149,15.14,0
11292,5666,2024-11-20,Pro,33,12,2965,12.98,0
11293,5666,2024-12-23,Starter,2,1,143,0.57,1
11294,5666,2024-12-30,Starter,3,1,94,2.72,1
11295,5672,2024-06-23,Enterprise,290,86,74122,102.88,0
11296,5672,2024-06-30,Enterprise,117,80,33507,100.52,0
11297,5672,2024-07-07,Enterprise,143,106,84762,174.94,0
11298,5672,2024-07-14,Enterprise,184,135,89151,419.58,0
11299,5672,2024-07-21,Enterprise,99,180,71652,279.37,0
11300,5672,2024-12-23,Business,42,33,13711,83.31,0
11301,5672,2024-12-30,Business,58,49,17682,76.41,0
11302,5674,2024-12-23,Starter,5,2,981,3.94,0
11303,5674,2024-12-30,Starter,9,4,870,2.26,0
11304,5678,2024-09-24,Pro,36,4,1237,14.08,1
11305,5678,2024-10-01,Pro,17,5,1716,16.46,1
11306,5678,2024-10-08,Pro,19,4,188,4.58,1
11307,5678,2024-10-15,Pro,7,1,519,19.53,1
11308,5678,2024-10-22,Pro,5,1,552,19.62,1
11309,5683,2024-06-24,Starter,10,2,427,1.86,1
11310,5683,2024-07-01,Starter,4,2,429,3.48,1
11311,5683,2024-07-08,Starter,5,1,78,2.75,1
11312,5683,2024-07-15,Starter,4,1,139,1.62,1
11313,5683,2024-07-22,Starter,1,1,49,2.42,1
11314,5684,2024-12-24,Starter,8,4,110,3.89,0
11315,5684,2024-12-31,Starter,15,1,732,2.51,0
11316,5689,2024-04-24,Starter,10,3,353,0.74,1
11317,5689,2024-05-01,Starter,6,2,470,1.34,1
11318,5689,2024-05-08,Starter,3,1,135,0.54,1
11319,5689,2024-05-15,Starter,3,1,72,2.52,1
11320,5689,2024-05-22,Starter,3,1,148,1.8,1
11321,5693,2024-12-25,Enterprise,112,114,99058,238.14,0
11322,5695,2024-12-25,Business,91,22,20509,89.78,0
11323,5700,2024-12-25,Starter,13,3,1108,3.69,0
11324,5705,2024-12-26,Pro,48,14,2361,10.53,0
11325,5706,2024-12-26,Business,66,34,14501,76.44,0
11326,5714,2024-06-26,Business,68,8,8360,9.71,1
11327,5714,2024-07-03,Business,48,19,1445,20.27,1
11328,5714,2024-07-10,Business,15,11,4966,37.26,1
11329,5714,2024-07-17,Business,17,6,4064,77.49,1
11330,5714,2024-07-24,Business,24,9,1505,78.67,1
11331,5716,2024-12-26,Starter,18,4,239,0.59,0
11332,5717,2024-09-26,Starter,5,2,519,5.07,1
11333,5717,2024-10-03,Starter,6,1,71,3.62,1
11334,5717,2024-10-10,Starter,1,1,187,2.03,1
11335,5717,2024-10-17,Starter,2,1,86,4.85,1
11336,5717,2024-10-24,Starter,3,1,144,0.69,1
11337,5718,2024-06-26,Business,55,23,4434,46.08,1
11338,5718,2024-07-03,Business,20,11,6495,43.1,1
11339,5718,2024-07-10,Business,55,11,2290,13.31,1
11340,5718,2024-07-17,Business,15,3,3928,46.87,1
11341,5718,2024-07-24,Business,20,6,2101,66.44,1
11342,5720,2024-05-27,Pro,51,6,1975,14.65,1
11343,5720,2024-06-03,Pro,17,7,309,7.95,1
11344,5720,2024-06-10,Pro,9,5,1868,15.59,1
11345,5720,2024-06-17,Pro,3,1,657,12.53,1
11346,5720,2024-06-24,Pro,12,2,805,16.31,1
11347,5723,2024-08-27,Enterprise,341,83,60543,255.52,0
11348,5723,2024-09-03,Enterprise,324,52,111286,160.79,0
11349,5723,2024-09-10,Enterprise,498,109,12257,95.64,0
11350,5723,2024-09-17,Enterprise,230,116,87375,56.84,0
11351,5723,2024-09-24,Enterprise,356,81,10226,209.08,0
11352,5723,2024-12-27,Business,103,24,7708,70.07,0
11353,5728,2024-12-27,Enterprise,294,159,98106,212.79,0
11354,5735,2024-12-28,Starter,2,1,130,2.94,1
11355,5737,2024-10-28,Pro,17,2,432,5.36,1
11356,5737,2024-11-04,Pro,23,4,1072,8.85,1
11357,5737,2024-11-11,Pro,15,2,1050,9.4,1
11358,5737,2024-11-18,Pro,3,3,615,2.83,1
11359,5737,2024-11-25,Pro,10,2,160,9.03,1
11360,5741,2024-12-29,Business,100,11,9803,95.71,0
11361,5748,2024-11-29,Starter,9,1,378,1.65,1
11362,5748,2024-12-06,Starter,6,1,101,1.97,1
11363,5748,2024-12-13,Starter,2,1,251,0.9,1
11364,5748,2024-12-20,Starter,3,1,110,2.42,1
11365,5748,2024-12-27,Starter,1,1,57,2.36,1
11366,5749,2024-04-29,Starter,10,3,645,2.97,1
11367,5749,2024-05-06,Starter,6,1,439,3.91,1
11368,5749,2024-05-13,Starter,6,1,169,1.78,1
11369,5749,2024-05-20,Starter,1,1,81,2.83,1
11370,5749,2024-05-27,Starter,2,1,68,1.68,1
11371,5752,2024-04-29,Business,39,25,6397,79.84,1
11372,5752,2024-05-06,Business,32,28,3970,95.9,1
11373,5752,2024-05-13,Business,47,10,859,28.76,1
11374,5752,2024-05-20,Business,35,6,4139,57.82,1
11375,5752,2024-05-27,Business,15,5,3022,85.59,1
11376,5755,2024-10-29,Pro,33,6,2960,19.15,1
11377,5755,2024-11-05,Pro,17,4,2180,3.0,1
11378,5755,2024-11-12,Pro,19,3,1000,2.24,1
11379,5755,2024-11-19,Pro,4,1,399,17.23,1
11380,5755,2024-11-26,Pro,9,1,565,10.9,1
11381,5756,2024-12-29,Business,34,16,12824,38.55,0
11382,5757,2024-04-29,Pro,36,6,4105,15.28,0
11383,5757,2024-05-06,Pro,40,13,3125,11.1,0
11384,5757,2024-05-13,Pro,21,13,3611,4.89,0
11385,5757,2024-05-20,Pro,33,12,1713,14.23,1
11386,5757,2024-05-27,Pro,13,10,3122,15.94,1
11387,5757,2024-05-29,Starter,10,3,83,4.41,1
11388,5757,2024-06-05,Starter,3,2,365,1.77,1
11389,5757,2024-06-12,Starter,5,1,131,1.0,1
11390,5757,2024-06-19,Starter,1,1,59,4.6,1
11391,5757,2024-06-26,Starter,3,1,26,2.12,1
11392,5759,2024-10-29,Pro,26,2,2046,18.89,1
11393,5759,2024-11-05,Pro,8,8,1233,3.12,1
11394,5759,2024-11-12,Pro,12,5,996,11.95,1
11395,5759,2024-11-19,Pro,8,1,149,2.29,1
11396,5759,2024-11-26,Pro,7,3,711,9.36,1
11397,5765,2024-12-30,Starter,14,1,378,1.96,0
11398,5767,2024-09-30,Enterprise,494,69,73964,71.11,0
11399,5767,2024-10-07,Enterprise,584,29,34975,65.56,0
11400,5767,2024-10-14,Enterprise,256,127,46170,296.38,0
11401,5767,2024-10-21,Enterprise,161,145,14770,258.95,0
11402,5767,2024-10-28,Enterprise,547,190,91951,230.28,0
11403,5767,2024-12-30,Business,84,28,15564,77.75,0
11404,5768,2024-12-30,Starter,7,2,627,4.58,0
11405,5773,2024-12-30,Business,51,37,11468,96.0,0
11406,5777,2024-09-01,Starter,2,3,577,1.59,1
11407,5777,2024-09-08,Starter,5,1,429,0.94,1
11408,5777,2024-09-15,Starter,1,1,119,4.82,1
11409,5777,2024-09-22,Starter,1,1,115,0.77,1
11410,5777,2024-09-29,Starter,1,1,75,2.77,1
11411,5781,2024-12-01,Enterprise,137,126,39615,414.2,0
11412,5781,2024-12-08,Enterprise,244,96,14536,66.16,0
11413,5781,2024-12-15,Enterprise,254,171,18024,134.79,0
11414,5781,2024-12-22,Enterprise,108,170,75267,371.64,0
11415,5781,2024-12-29,Enterprise,213,175,86501,436.12,0
11416,5782,2024-06-01,Pro,28,5,1857,14.0,1
11417,5782,2024-06-08,Pro,10,8,1251,14.45,1
11418,5782,2024-06-15,Pro,3,1,1610,13.89,1
11419,5782,2024-06-22,Pro,7,1,169,10.49,1
11420,5782,2024-06-29,Pro,4,1,930,4.36,1
11421,5785,2024-06-01,Pro,7,5,1415,4.86,1
11422,5785,2024-06-08,Pro,11,4,1342,16.44,1
11423,5785,2024-06-15,Pro,7,3,1018,20.33,1
11424,5785,2024-06-22,Pro,5,1,999,5.5,1
11425,5785,2024-06-29,Pro,6,1,156,2.23,1
11426,5794,2024-12-02,Enterprise,152,69,87138,187.72,0
11427,5794,2024-12-09,Enterprise,161,77,64520,168.22,0
11428,5794,2024-12-16,Enterprise,535,135,37037,504.73,0
11429,5794,2024-12-23,Enterprise,421,31,97125,170.48,0
11430,5794,2024-12-30,Enterprise,466,138,67933,364.78,0
11431,5796,2024-12-02,Business,146,26,2237,35.7,0
11432,5796,2024-12-09,Business,63,43,12767,36.4,0
11433,5796,2024-12-16,Business,119,47,16530,16.11,0
11434,5796,2024-12-23,Business,126,32,6579,78.66,0
11435,5796,2024-12-30,Business,131,19,5409,59.65,0
11436,5803,2024-12-02,Enterprise,457,142,22757,221.97,0
11437,5803,2024-12-09,Enterprise,214,110,84198,431.6,0
11438,5803,2024-12-16,Enterprise,97,170,41984,53.95,0
11439,5803,2024-12-23,Enterprise,327,185,100256,325.84,0
11440,5803,2024-12-30,Enterprise,391,169,65085,184.65,0
11441,5804,2024-12-02,Starter,5,2,114,2.11,0
11442,5804,2024-12-09,Starter,16,3,557,2.31,0
11443,5804,2024-12-16,Starter,8,3,280,2.83,0
11444,5804,2024-12-23,Starter,7,2,127,3.31,0
11445,5804,2024-12-30,Starter,16,2,346,2.76,0
11446,5808,2024-12-03,Enterprise,107,141,18001,469.47,0
11447,5808,2024-12-10,Enterprise,430,209,28992,110.06,0
11448,5808,2024-12-17,Enterprise,157,70,19763,290.45,0
11449,5808,2024-12-24,Enterprise,424,120,66113,266.36,0
11450,5808,2024-12-31,Enterprise,543,206,78514,75.27,0
11451,5811,2024-05-03,Starter,8,2,461,4.31,1
11452,5811,2024-05-10,Starter,9,1,479,0.71,1
11453,5811,2024-05-17,Starter,5,1,134,4.86,1
11454,5811,2024-05-24,Starter,3,1,122,3.33,1
11455,5811,2024-05-31,Starter,1,1,95,3.49,1
11456,5818,2024-12-03,Starter,11,2,401,3.14,0
11457,5818,2024-12-10,Starter,19,4,737,2.95,0
11458,5818,2024-12-17,Starter,7,4,172,3.85,0
11459,5818,2024-12-24,Starter,13,1,413,0.79,0
11460,5818,2024-12-31,Starter,8,1,237,3.09,0
11461,5823,2024-12-03,Enterprise,222,186,99759,286.15,0
11462,5823,2024-12-10,Enterprise,288,177,97002,304.12,0
11463,5823,2024-12-17,Enterprise,95,92,32379,346.76,0
11464,5823,2024-12-24,Enterprise,187,46,88389,358.04,0
11465,5823,2024-12-31,Enterprise,104,171,15318,199.61,0
11466,5824,2024-11-04,Enterprise,153,136,100731,214.79,0
11467,5824,2024-11-11,Enterprise,353,61,37368,332.47,0
11468,5824,2024-11-18,Enterprise,185,58,54972,437.95,0
11469,5824,2024-11-25,Enterprise,262,61,39156,497.82,0
11470,5824,2024-12-02,Enterprise,112,171,58226,122.06,0
11471,5824,2024-12-04,Business,127,50,4355,28.06,0
11472,5824,2024-12-11,Business,45,26,10325,27.5,0
11473,5824,2024-12-18,Business,57,39,13581,30.35,0
11474,5824,2024-12-25,Business,94,17,15988,11.12,0
11475,5825,2024-10-04,Business,88,7,2418,31.28,1
11476,5825,2024-10-11,Business,77,8,4307,51.06,1
11477,5825,2024-10-18,Business,37,19,1577,74.3,1
11478,5825,2024-10-25,Business,23,2,3338,82.14,1
11479,5825,2024-11-01,Business,19,2,901,16.93,1
11480,5826,2024-12-04,Business,119,19,8328,44.59,0
11481,5826,2024-12-11,Business,113,43,12408,56.48,0
11482,5826,2024-12-18,Business,105,41,8365,63.8,0
11483,5826,2024-12-25,Business,93,16,12788,99.81,0
11484,5828,2024-12-04,Business,119,42,13619,52.77,0
11485,5828,2024-12-11,Business,110,31,6042,94.63,0
11486,5828,2024-12-18,Business,35,38,4424,70.13,0
11487,5828,2024-12-25,Business,45,30,19528,53.27,0
11488,5829,2024-12-04,Enterprise,497,59,64508,301.85,0
11489,5829,2024-12-11,Enterprise,107,38,46289,268.71,0
11490,5829,2024-12-18,Enterprise,80,39,94132,305.05,0
11491,5829,2024-12-25,Enterprise,109,55,46313,180.66,0
11492,5834,2024-09-04,Starter,6,4,569,3.63,0
11493,5834,2024-09-11,Starter,19,3,503,1.69,0
11494,5834,2024-09-18,Starter,6,1,275,1.49,0
11495,5834,2024-09-25,Starter,17,3,644,2.76,0
11496,5834,2024-10-02,Starter,7,4,119,2.41,0
11497,5834,2024-12-04,Pro,16,9,2507,19.2,0
11498,5834,2024-12-11,Pro,61,15,2132,2.1,0
11499,5834,2024-12-18,Pro,16,11,1699,7.21,0
11500,5834,2024-12-25,Pro,46,8,3389,8.52,0
11501,5836,2024-05-04,Starter,4,3,635,1.89,0
11502,5836,2024-05-11,Starter,8,3,486,4.72,0
11503,5836,2024-05-18,Starter,7,1,412,2.38,0
11504,5836,2024-05-25,Starter,12,2,446,1.14,0
11505,5836,2024-06-01,Starter,7,3,680,2.58,0
11506,5836,2024-12-04,Pro,24,5,4603,14.03,0
11507,5836,2024-12-11,Pro,54,6,721,14.87,0
11508,5836,2024-12-18,Pro,53,10,2337,7.36,0
11509,5836,2024-12-25,Pro,22,7,788,14.51,0
11510,5842,2024-05-05,Enterprise,100,78,13757,242.23,1
11511,5842,2024-05-12,Enterprise,46,90,17395,403.9,1
11512,5842,2024-05-19,Enterprise,30,56,28999,274.06,1
11513,5842,2024-05-26,Enterprise,32,10,10112,224.58,1
11514,5842,2024-06-02,Enterprise,22,24,12266,74.55,1
11515,5843,2024-12-05,Pro,63,12,1192,14.65,0
11516,5843,2024-12-12,Pro,46,3,1842,9.2,0
11517,5843,2024-12-19,Pro,21,11,3531,9.83,0
11518,5843,2024-12-26,Pro,14,13,5071,2.59,0
11519,5846,2024-12-05,Pro,52,9,4432,2.74,0
11520,5846,2024-12-12,Pro,36,10,4128,12.26,0
11521,5846,2024-12-19,Pro,22,7,4318,2.35,0
11522,5846,2024-12-26,Pro,22,14,3971,6.68,0
11523,5851,2024-12-06,Enterprise,108,154,50969,473.56,0
11524,5851,2024-12-13,Enterprise,400,46,52351,50.43,0
11525,5851,2024-12-20,Enterprise,341,200,87740,419.34,0
11526,5851,2024-12-27,Enterprise,184,51,78563,201.64,0
11527,5854,2024-05-06,Starter,11,3,263,2.5,1
11528,5854,2024-05-13,Starter,8,1,367,3.13,1
11529,5854,2024-05-20,Starter,5,1,109,3.77,1
11530,5854,2024-05-27,Starter,2,1,166,1.1,1
11531,5854,2024-06-03,Starter,4,1,25,3.44,1
11532,5861,2024-12-06,Pro,52,11,633,4.89,0
11533,5861,2024-12-13,Pro,56,10,5275,7.59,0
11534,5861,2024-12-20,Pro,66,6,3616,8.33,0
11535,5861,2024-12-27,Pro,35,14,2857,4.26,0
11536,5862,2024-12-06,Pro,57,8,2769,13.44,0
11537,5862,2024-12-13,Pro,32,9,2200,8.41,0
11538,5862,2024-12-20,Pro,20,14,4677,13.71,0
11539,5862,2024-12-27,Pro,44,13,4610,12.06,0
11540,5863,2024-12-06,Business,103,32,12337,46.06,0
11541,5863,2024-12-13,Business,143,21,8592,96.91,0
11542,5863,2024-12-20,Business,62,36,10242,81.37,0
11543,5863,2024-12-27,Business,53,16,4319,53.81,0
11544,5866,2024-12-06,Enterprise,165,152,78555,302.22,0
11545,5866,2024-12-13,Enterprise,134,77,53710,57.52,0
11546,5866,2024-12-20,Enterprise,213,88,79623,248.8,0
11547,5866,2024-12-27,Enterprise,472,125,79977,181.47,0
11548,5868,2024-12-06,Pro,58,5,3481,4.88,0
11549,5868,2024-12-13,Pro,55,14,840,11.24,0
11550,5868,2024-12-20,Pro,20,11,1088,11.22,0
11551,5868,2024-12-27,Pro,22,8,4003,4.26,0
11552,5870,2024-12-06,Pro,46,8,4705,8.48,0
11553,5870,2024-12-13,Pro,22,12,5278,8.55,0
11554,5870,2024-12-20,Pro,21,6,4422,9.7,0
11555,5870,2024-12-27,Pro,25,7,2784,18.87,0
11556,5872,2024-08-06,Starter,15,4,134,1.61,0
11557,5872,2024-08-13,Starter,11,2,723,1.94,0
11558,5872,2024-08-20,Starter,11,3,783,3.72,0
11559,5872,2024-08-27,Starter,11,3,852,1.46,0
11560,5872,2024-09-03,Starter,20,3,174,3.09,0
11561,5872,2024-12-06,Pro,55,5,1628,16.04,0
11562,5872,2024-12-13,Pro,62,11,4118,11.81,0
11563,5872,2024-12-20,Pro,30,4,3606,4.11,0
11564,5872,2024-12-27,Pro,50,11,696,3.15,0
11565,5876,2024-12-07,Pro,35,12,4343,2.01,0
11566,5876,2024-12-14,Pro,13,12,3456,17.62,0
11567,5876,2024-12-21,Pro,21,3,5028,12.1,0
11568,5876,2024-12-28,Pro,29,5,2296,2.1,0
11569,5877,2024-12-07,Enterprise,249,97,62283,104.49,0
11570,5877,2024-12-14,Enterprise,119,155,51814,103.64,0
11571,5877,2024-12-21,Enterprise,111,143,74477,96.87,0
11572,5877,2024-12-28,Enterprise,210,140,14992,51.96,0
11573,5880,2024-11-07,Pro,32,3,1041,8.31,0
11574,5880,2024-11-14,Pro,30,7,2566,11.76,0
11575,5880,2024-11-21,Pro,21,12,1197,12.58,0
11576,5880,2024-11-28,Pro,45,12,4624,14.78,0
11577,5880,2024-12-05,Pro,33,8,4044,14.43,0
11578,5880,2024-12-07,Business,45,11,6346,56.09,0
11579,5880,2024-12-14,Business,42,27,3369,27.79,0
11580,5880,2024-12-21,Business,60,28,18337,67.27,0
11581,5880,2024-12-28,Business,40,31,5005,59.54,0
11582,5883,2024-12-07,Enterprise,112,107,69613,292.55,0
11583,5883,2024-12-14,Enterprise,299,71,30709,304.22,0
11584,5883,2024-12-21,Enterprise,265,90,95224,184.06,0
11585,5883,2024-12-28,Enterprise,126,174,23957,99.98,0
11586,5887,2024-12-07,Enterprise,94,135,26276,460.79,0
11587,5887,2024-12-14,Enterprise,154,62,36788,284.1,0
11588,5887,2024-12-21,Enterprise,165,192,17377,442.27,0
11589,5887,2024-12-28,Enterprise,143,31,17245,174.57,0
11590,5888,2024-12-07,Enterprise,338,99,97226,115.99,0
11591,5888,2024-12-14,Enterprise,71,65,85563,83.36,0
11592,5888,2024-12-21,Enterprise,289,194,77449,292.89,0
11593,5888,2024-12-28,Enterprise,321,163,39050,182.54,0
11594,5891,2024-10-07,Starter,9,3,772,3.03,1
11595,5891,2024-10-14,Starter,9,1,358,4.08,1
11596,5891,2024-10-21,Starter,7,1,130,1.13,1
11597,5891,2024-10-28,Starter,1,1,92,0.96,1
11598,5891,2024-11-04,Starter,1,1,143,2.77,1
11599,5892,2024-05-07,Pro,23,10,2693,2.52,0
11600,5892,2024-05-14,Pro,35,5,4100,19.6,0
11601,5892,2024-05-21,Pro,34,8,4875,11.47,0
11602,5892,2024-05-28,Pro,48,5,1618,11.12,0
11603,5892,2024-06-04,Pro,60,12,4702,9.28,0
11604,5892,2024-12-07,Business,64,22,17180,89.71,0
11605,5892,2024-12-14,Business,101,20,18197,18.32,0
11606,5892,2024-12-21,Business,33,37,2210,84.87,0
11607,5892,2024-12-28,Business,34,17,12160,93.89,0
11608,5894,2024-12-08,Enterprise,321,114,33150,279.2,0
11609,5894,2024-12-15,Enterprise,256,31,95309,511.97,0
11610,5894,2024-12-22,Enterprise,256,143,64988,360.19,0
11611,5894,2024-12-29,Enterprise,219,128,47857,172.76,0
11612,5898,2024-12-08,Enterprise,83,209,11495,135.17,0
11613,5898,2024-12-15,Enterprise,171,118,26762,499.59,0
11614,5898,2024-12-22,Enterprise,293,168,71473,295.1,0
11615,5898,2024-12-29,Enterprise,238,45,48017,112.02,0
11616,5904,2024-12-08,Business,52,20,11361,74.02,0
11617,5904,2024-12-15,Business,55,49,15471,59.89,0
11618,5904,2024-12-22,Business,55,24,15127,28.85,0
11619,5904,2024-12-29,Business,80,29,9834,33.55,0
11620,5911,2024-12-09,Enterprise,155,64,94227,334.35,0
11621,5911,2024-12-16,Enterprise,195,166,64127,301.73,0
11622,5911,2024-12-23,Enterprise,377,145,76749,466.88,0
11623,5911,2024-12-30,Enterprise,190,59,34842,187.98,0
11624,5913,2024-08-09,Business,89,33,14188,81.55,0
11625,5913,2024-08-16,Business,130,15,7040,74.5,0
11626,5913,2024-08-23,Business,126,22,3530,33.01,0
11627,5913,2024-08-30,Business,120,25,19189,65.99,0
11628,5913,2024-09-06,Business,59,43,19095,73.39,0
11629,5913,2024-12-09,Enterprise,397,79,45244,190.25,0
11630,5913,2024-12-16,Enterprise,213,46,75782,344.13,0
11631,5913,2024-12-23,Enterprise,288,199,47584,156.49,0
11632,5913,2024-12-30,Enterprise,157,186,64917,63.6,0
11633,5915,2024-12-09,Starter,18,2,761,3.33,0
11634,5915,2024-12-16,Starter,7,2,772,3.22,0
11635,5915,2024-12-23,Starter,19,2,648,2.99,0
11636,5915,2024-12-30,Starter,13,2,196,2.07,0
11637,5916,2024-08-09,Pro,40,9,1275,11.38,1
11638,5916,2024-08-16,Pro,20,2,1062,17.62,1
11639,5916,2024-08-23,Pro,24,3,894,14.12,1
11640,5916,2024-08-30,Pro,6,2,385,10.65,1
11641,5916,2024-09-06,Pro,4,2,161,20.36,1
11642,5918,2024-08-09,Enterprise,73,22,56486,189.7,1
11643,5918,2024-08-16,Enterprise,276,110,14889,169.72,1
11644,5918,2024-08-23,Enterprise,119,23,24901,84.6,1
11645,5918,2024-08-30,Enterprise,61,22,7293,309.56,1
11646,5918,2024-09-06,Enterprise,96,31,9122,326.38,1
11647,5919,2024-12-09,Starter,9,1,137,4.09,1
11648,5919,2024-12-16,Starter,2,1,206,1.89,1
11649,5919,2024-12-23,Starter,3,1,170,4.3,1
11650,5919,2024-12-30,Starter,1,1,114,5.12,1
11651,5933,2024-06-10,Starter,14,1,301,1.32,1
11652,5933,2024-06-17,Starter,4,1,207,0.81,1
11653,5933,2024-06-24,Starter,5,1,318,2.9,1
11654,5933,2024-07-01,Starter,3,1,130,4.54,1
11655,5933,2024-07-08,Starter,2,1,176,3.47,1
11656,5941,2024-07-10,Starter,11,1,649,3.42,1
11657,5941,2024-07-17,Starter,8,1,372,2.49,1
11658,5941,2024-07-24,Starter,8,1,190,0.73,1
11659,5941,2024-07-31,Starter,2,1,199,3.01,1
11660,5941,2024-08-07,Starter,3,1,62,2.17,1
11661,5945,2024-12-10,Enterprise,395,73,47184,411.74,0
11662,5945,2024-12-17,Enterprise,317,178,78103,433.91,0
11663,5945,2024-12-24,Enterprise,124,157,40675,310.56,0
11664,5945,2024-12-31,Enterprise,371,183,77815,427.53,0
11665,5949,2024-12-11,Enterprise,341,103,54176,373.19,0
11666,5949,2024-12-18,Enterprise,196,46,43374,60.45,0
11667,5949,2024-12-25,Enterprise,127,173,46378,121.7,0
11668,5950,2024-10-11,Pro,38,6,880,4.68,1
11669,5950,2024-10-18,Pro,30,7,2324,17.66,1
11670,5950,2024-10-25,Pro,21,1,1349,8.62,1
11671,5950,2024-11-01,Pro,9,1,414,6.95,1
11672,5950,2024-11-08,Pro,3,3,915,18.63,1
11673,5963,2024-12-12,Pro,33,8,3355,3.56,0
11674,5963,2024-12-19,Pro,44,9,2452,19.36,0
11675,5963,2024-12-26,Pro,35,9,3213,19.4,0
11676,5968,2024-12-12,Business,115,27,15608,17.72,0
11677,5968,2024-12-19,Business,108,26,5010,69.43,0
11678,5968,2024-12-26,Business,39,16,17523,59.64,0
11679,5973,2024-12-12,Enterprise,276,44,83614,292.44,0
11680,5973,2024-12-19,Enterprise,355,186,15356,452.62,0
11681,5973,2024-12-26,Enterprise,434,57,44484,59.37,0
11682,5979,2024-11-12,Starter,11,2,111,3.11,1
11683,5979,2024-11-19,Starter,8,2,145,2.39,1
11684,5979,2024-11-26,Starter,2,1,109,3.5,1
11685,5979,2024-12-03,Starter,1,1,213,3.51,1
11686,5979,2024-12-10,Starter,3,1,141,0.92,1
11687,5984,2024-06-13,Pro,15,4,2021,7.29,1
11688,5984,2024-06-20,Pro,18,4,394,6.62,1
11689,5984,2024-06-27,Pro,9,2,1369,8.68,1
11690,5984,2024-07-04,Pro,9,2,586,16.37,1
11691,5984,2024-07-11,Pro,6,1,836,3.59,1
11692,5987,2024-12-13,Business,135,23,16227,33.35,0
11693,5987,2024-12-20,Business,136,36,4627,92.17,0
11694,5987,2024-12-27,Business,122,20,6780,49.6,0
11695,5989,2024-12-13,Pro,17,11,4081,11.2,0
11696,5989,2024-12-20,Pro,48,4,896,11.66,0
11697,5989,2024-12-27,Pro,45,9,3729,16.08,0
11698,5991,2024-07-13,Starter,6,3,639,1.81,1
11699,5991,2024-07-20,Starter,6,2,167,3.28,1
11700,5991,2024-07-27,Starter,5,1,236,1.68,1
11701,5991,2024-08-03,Starter,1,1,153,4.79,1
11702,5991,2024-08-10,Starter,2,1,176,4.58,1
11703,5999,2024-12-14,Enterprise,229,96,79404,387.82,0
11704,5999,2024-12-21,Enterprise,86,43,48070,356.74,0
11705,5999,2024-12-28,Enterprise,228,123,37967,466.8,0
11706,6000,2024-12-14,Pro,31,13,3754,10.93,0
11707,6000,2024-12-21,Pro,12,9,1310,16.22,0
11708,6000,2024-12-28,Pro,31,3,3720,17.22,0
11709,6005,2024-05-15,Enterprise,171,76,16842,238.67,0
11710,6005,2024-05-22,Enterprise,376,112,60675,113.71,0
11711,6005,2024-05-29,Enterprise,433,153,47853,102.92,0
11712,6005,2024-06-05,Enterprise,505,45,98628,114.29,0
11713,6005,2024-06-12,Enterprise,235,53,98573,290.59,0
11714,6005,2024-12-15,Business,30,42,19004,85.34,0
11715,6005,2024-12-22,Business,65,23,2086,82.53,0
11716,6005,2024-12-29,Business,72,34,14909,80.42,0
11717,6010,2024-06-15,Pro,16,4,2831,19.56,1
11718,6010,2024-06-22,Pro,12,6,688,10.0,1
11719,6010,2024-06-29,Pro,8,4,1165,11.61,1
11720,6010,2024-07-06,Pro,2,3,861,14.64,1
11721,6010,2024-07-13,Pro,4,1,911,16.01,1
11722,6011,2024-08-15,Pro,28,4,1816,2.55,1
11723,6011,2024-08-22,Pro,31,4,2322,6.13,1
11724,6011,2024-08-29,Pro,22,1,592,18.17,1
11725,6011,2024-09-05,Pro,7,1,351,19.06,1
11726,6011,2024-09-12,Pro,6,1,124,2.24,1
11727,6014,2024-05-15,Pro,59,5,2036,18.65,0
11728,6014,2024-05-22,Pro,43,8,3897,6.25,0
11729,6014,2024-05-29,Pro,16,12,2571,12.68,0
11730,6014,2024-06-05,Pro,39,10,1770,12.72,0
11731,6014,2024-06-12,Pro,34,8,5395,19.37,0
11732,6014,2024-10-15,Pro,36,5,987,8.09,0
11733,6014,2024-10-22,Pro,63,15,3916,5.68,0
11734,6014,2024-10-29,Pro,57,8,3551,4.09,0
11735,6014,2024-11-05,Pro,37,6,3769,13.74,0
11736,6014,2024-11-12,Pro,50,12,2749,7.26,0
11737,6014,2024-11-19,Pro,34,6,1841,3.73,0
11738,6014,2024-11-26,Pro,39,15,2374,7.19,0
11739,6014,2024-12-03,Pro,36,8,4336,13.26,0
11740,6014,2024-12-10,Pro,16,10,3891,19.76,0
11741,6014,2024-12-17,Pro,38,4,1627,12.99,0
11742,6014,2024-12-24,Pro,48,4,2869,13.05,0
11743,6014,2024-12-31,Pro,53,11,3138,17.62,0
11744,6015,2024-12-15,Business,54,28,7467,85.01,0
11745,6015,2024-12-22,Business,57,16,2552,35.45,0
11746,6015,2024-12-29,Business,31,21,7514,36.88,0
11747,6020,2024-12-15,Pro,12,7,1898,7.62,0
11748,6020,2024-12-22,Pro,30,3,4213,18.79,0
11749,6020,2024-12-29,Pro,14,8,4980,4.35,0
11750,6022,2024-05-16,Starter,10,1,294,3.38,1
11751,6022,2024-05-23,Starter,5,1,420,5.05,1
11752,6022,2024-05-30,Starter,5,1,69,1.41,1
11753,6022,2024-06-06,Starter,4,1,48,1.42,1
11754,6022,2024-06-13,Starter,2,1,119,3.55,1
11755,6024,2024-07-16,Enterprise,242,36,62855,305.33,1
11756,6024,2024-07-23,Enterprise,163,83,38990,141.27,1
11757,6024,2024-07-30,Enterprise,84,12,17591,113.22,1
11758,6024,2024-08-06,Enterprise,53,41,18730,431.58,1
11759,6024,2024-08-13,Enterprise,69,34,2492,70.25,1
11760,6026,2024-06-16,Enterprise,79,105,21497,158.14,0
11761,6026,2024-06-23,Enterprise,190,146,25752,487.55,0
11762,6026,2024-06-30,Enterprise,136,142,45076,138.45,0
11763,6026,2024-07-07,Enterprise,121,106,47164,90.21,0
11764,6026,2024-07-14,Enterprise,129,50,89638,234.95,0
11765,6026,2024-12-16,Business,72,44,19811,56.81,0
11766,6026,2024-12-23,Business,78,16,8263,91.61,0
11767,6026,2024-12-30,Business,156,9,17270,45.31,0
11768,6027,2024-12-16,Enterprise,412,165,19934,260.06,0
11769,6027,2024-12-23,Enterprise,183,192,56086,395.14,0
11770,6027,2024-12-30,Enterprise,251,53,85991,384.75,0
11771,6029,2024-12-16,Starter,5,2,935,1.29,0
11772,6029,2024-12-23,Starter,9,2,645,4.38,0
11773,6029,2024-12-30,Starter,17,2,883,4.26,0
11774,6033,2024-10-16,Pro,42,10,1157,12.64,1
11775,6033,2024-10-23,Pro,11,4,1511,16.18,1
11776,6033,2024-10-30,Pro,11,2,1736,16.23,1
11777,6033,2024-11-06,Pro,12,1,371,19.55,1
11778,6033,2024-11-13,Pro,8,2,1003,7.02,1
11779,6034,2024-06-16,Starter,4,3,409,2.24,1
11780,6034,2024-06-23,Starter,2,2,621,3.27,1
11781,6034,2024-06-30,Starter,3,1,332,4.4,1
11782,6034,2024-07-07,Starter,2,1,64,2.14,1
11783,6034,2024-07-14,Starter,0,1,161,2.15,1
11784,6037,2024-10-17,Business,130,31,7329,89.0,0
11785,6037,2024-10-24,Business,93,29,13831,19.6,0
11786,6037,2024-10-31,Business,59,13,4105,89.24,0
11787,6037,2024-11-07,Business,79,40,9506,34.17,0
11788,6037,2024-11-14,Business,62,38,17164,52.31,0
11789,6037,2024-12-17,Enterprise,357,152,60831,141.55,0
11790,6037,2024-12-24,Enterprise,459,140,72045,75.4,0
11791,6037,2024-12-31,Enterprise,329,159,70234,276.95,0
11792,6038,2024-12-17,Pro,17,8,4991,16.38,0
11793,6038,2024-12-24,Pro,45,10,1563,16.14,0
11794,6038,2024-12-31,Pro,34,11,2366,8.55,0
11795,6040,2024-11-17,Starter,6,2,674,3.06,1
11796,6040,2024-11-24,Starter,2,1,133,1.93,1
11797,6040,2024-12-01,Starter,4,1,357,1.41,1
11798,6040,2024-12-08,Starter,1,1,63,4.18,1
11799,6040,2024-12-15,Starter,1,1,180,3.26,1
11800,6042,2024-09-17,Starter,13,1,99,1.19,1
11801,6042,2024-09-24,Starter,7,2,420,3.83,1
11802,6042,2024-10-01,Starter,7,1,308,3.74,1
11803,6042,2024-10-08,Starter,4,1,159,1.36,1
11804,6042,2024-10-15,Starter,1,1,110,1.16,1
11805,6046,2024-09-17,Pro,23,8,1235,15.99,1
11806,6046,2024-09-24,Pro,12,1,2026,11.64,1
11807,6046,2024-10-01,Pro,6,2,1337,13.99,1
11808,6046,2024-10-08,Pro,10,3,375,12.11,1
11809,6046,2024-10-15,Pro,8,1,378,9.87,1
11810,6051,2024-12-17,Starter,9,1,857,3.86,0
11811,6051,2024-12-24,Starter,19,1,405,2.43,0
11812,6051,2024-12-31,Starter,5,4,524,4.95,0
11813,6053,2024-12-18,Business,131,30,11317,37.56,0
11814,6053,2024-12-25,Business,144,24,16447,51.88,0
11815,6054,2024-12-18,Enterprise,249,164,34818,376.34,0
11816,6054,2024-12-25,Enterprise,283,44,44105,487.57,0
11817,6057,2024-12-18,Business,98,42,9159,64.62,0
11818,6057,2024-12-25,Business,103,23,9311,32.77,0
11819,6062,2024-12-18,Starter,19,1,920,2.01,0
11820,6062,2024-12-25,Starter,21,1,341,3.57,0
11821,6063,2024-05-18,Enterprise,262,107,14185,86.81,1
11822,6063,2024-05-25,Enterprise,41,100,29280,232.64,1
11823,6063,2024-06-01,Enterprise,117,17,25970,68.05,1
11824,6063,2024-06-08,Enterprise,64,8,21197,208.29,1
11825,6063,2024-06-15,Enterprise,70,15,7938,109.11,1
11826,6065,2024-12-18,Pro,38,13,2352,2.14,0
11827,6065,2024-12-25,Pro,26,11,2497,3.2,0
11828,6066,2024-12-18,Enterprise,350,119,74030,129.5,0
11829,6066,2024-12-25,Enterprise,158,85,14798,353.1,0
11830,6073,2024-07-18,Pro,31,8,2120,20.17,1
11831,6073,2024-07-25,Pro,23,4,1588,16.23,1
11832,6073,2024-08-01,Pro,5,2,1477,18.17,1
11833,6073,2024-08-08,Pro,5,2,325,15.87,1
11834,6073,2024-08-15,Pro,2,2,697,12.71,1
11835,6079,2024-12-19,Enterprise,125,90,67640,264.04,0
11836,6079,2024-12-26,Enterprise,214,180,86143,435.08,0
11837,6080,2024-12-19,Pro,33,13,5457,13.06,0
11838,6080,2024-12-26,Pro,22,12,5124,7.87,0
11839,6100,2024-07-20,Pro,17,3,2601,4.91,1
11840,6100,2024-07-27,Pro,17,3,2366,19.28,1
11841,6100,2024-08-03,Pro,8,3,234,14.79,1
11842,6100,2024-08-10,Pro,8,3,643,11.66,1
11843,6100,2024-08-17,Pro,7,1,204,9.58,1
11844,6102,2024-09-20,Enterprise,528,142,52522,223.41,0
11845,6102,2024-09-27,Enterprise,140,204,45683,311.93,0
11846,6102,2024-10-04,Enterprise,385,161,42018,103.31,0
11847,6102,2024-10-11,Enterprise,137,153,25832,434.31,0
11848,6102,2024-10-18,Enterprise,287,52,87296,356.32,0
11849,6102,2024-12-20,Business,41,24,20801,19.58,0
11850,6102,2024-12-27,Business,118,18,3196,17.79,0
11851,6107,2024-09-20,Enterprise,246,100,77868,168.52,0
11852,6107,2024-09-27,Enterprise,99,65,96725,103.4,0
11853,6107,2024-10-04,Enterprise,414,173,14034,280.81,0
11854,6107,2024-10-11,Enterprise,369,76,21947,89.09,0
11855,6107,2024-10-18,Enterprise,337,61,43700,53.52,0
11856,6107,2024-12-20,Business,88,28,11669,68.0,0
11857,6107,2024-12-27,Business,57,51,10135,96.32,0
11858,6109,2024-05-21,Pro,44,3,724,7.66,0
11859,6109,2024-05-28,Pro,17,15,1610,13.7,0
11860,6109,2024-06-04,Pro,17,10,4627,7.95,0
11861,6109,2024-06-11,Pro,39,9,3916,17.35,0
11862,6109,2024-06-18,Pro,46,12,1102,7.59,0
11863,6109,2024-12-21,Business,25,17,11827,57.58,0
11864,6109,2024-12-28,Business,79,32,11337,26.59,0
11865,6111,2024-09-21,Starter,3,1,536,2.56,1
11866,6111,2024-09-28,Starter,5,2,207,3.21,1
11867,6111,2024-10-05,Starter,1,1,283,3.08,1
11868,6111,2024-10-12,Starter,2,1,67,4.73,1
11869,6111,2024-10-19,Starter,1,1,65,5.12,1
11870,6114,2024-06-21,Pro,12,7,1532,2.0,1
11871,6114,2024-06-28,Pro,12,7,1234,18.56,1
11872,6114,2024-07-05,Pro,16,5,689,15.28,1
11873,6114,2024-07-12,Pro,11,1,518,14.35,1
11874,6114,2024-07-19,Pro,5,1,196,6.05,1
11875,6117,2024-05-21,Starter,9,2,89,2.22,1
11876,6117,2024-05-28,Starter,2,1,135,1.22,1
11877,6117,2024-06-04,Starter,2,1,402,1.87,1
11878,6117,2024-06-11,Starter,2,1,185,0.85,1
11879,6117,2024-06-18,Starter,1,1,79,4.61,1
11880,6121,2024-12-21,Enterprise,109,106,80864,106.11,0
11881,6121,2024-12-28,Enterprise,236,181,90102,151.61,0
11882,6126,2024-07-22,Starter,4,1,141,4.35,1
11883,6126,2024-07-29,Starter,9,1,514,2.0,1
11884,6126,2024-08-05,Starter,8,1,188,2.36,1
11885,6126,2024-08-12,Starter,3,1,139,0.95,1
11886,6126,2024-08-19,Starter,3,1,126,2.77,1
11887,6127,2024-07-22,Enterprise,333,168,68807,460.77,0
11888,6127,2024-07-29,Enterprise,417,31,17856,306.86,0
11889,6127,2024-08-05,Enterprise,254,195,97598,219.62,0
11890,6127,2024-08-12,Enterprise,423,49,56637,422.49,0
11891,6127,2024-08-19,Enterprise,101,111,38393,463.92,0
11892,6127,2024-12-22,Business,104,24,19950,93.95,0
11893,6127,2024-12-29,Business,57,48,16489,38.36,0
11894,6129,2024-12-22,Business,97,40,11961,58.28,0
11895,6129,2024-12-29,Business,83,43,19385,11.54,0
11896,6133,2024-12-22,Enterprise,121,184,29848,234.05,0
11897,6133,2024-12-29,Enterprise,184,71,29026,324.01,0
11898,6137,2024-12-22,Business,53,37,20172,65.08,0
11899,6137,2024-12-29,Business,108,33,2928,97.95,0
11900,6139,2024-11-23,Pro,13,4,3408,10.62,0
11901,6139,2024-11-30,Pro,35,13,3120,14.15,0
11902,6139,2024-12-07,Pro,34,10,3360,13.78,0
11903,6139,2024-12-14,Pro,16,7,3678,13.44,0
11904,6139,2024-12-21,Pro,18,10,1438,14.38,0
11905,6139,2024-12-23,Business,168,36,13143,52.51,0
11906,6139,2024-12-30,Business,119,13,11488,68.28,0
11907,6143,2024-12-23,Enterprise,239,127,71032,439.72,0
11908,6143,2024-12-30,Enterprise,518,147,51918,97.16,0
11909,6145,2024-09-23,Starter,7,2,496,2.82,1
11910,6145,2024-09-30,Starter,10,1,157,4.45,1
11911,6145,2024-10-07,Starter,6,1,235,2.97,1
11912,6145,2024-10-14,Starter,3,1,55,2.74,1
11913,6145,2024-10-21,Starter,2,1,66,0.67,1
11914,6147,2024-11-23,Pro,8,5,1292,14.98,1
11915,6147,2024-11-30,Pro,11,5,533,5.06,1
11916,6147,2024-12-07,Pro,7,2,974,4.5,1
11917,6147,2024-12-14,Pro,6,1,166,20.0,1
11918,6147,2024-12-21,Pro,5,2,769,14.51,1
11919,6157,2024-12-23,Business,159,33,17217,53.26,0
11920,6157,2024-12-30,Business,131,40,6219,40.0,0
11921,6159,2024-12-24,Enterprise,180,185,15196,332.05,0
11922,6159,2024-12-31,Enterprise,190,158,21919,378.59,0
11923,6160,2024-05-24,Starter,9,2,110,3.18,1
11924,6160,2024-05-31,Starter,7,1,571,2.24,1
11925,6160,2024-06-07,Starter,6,1,90,2.9,1
11926,6160,2024-06-14,Starter,4,1,129,2.89,1
11927,6160,2024-06-21,Starter,2,1,151,0.61,1
11928,6163,2024-12-24,Pro,21,11,3925,12.41,0
11929,6163,2024-12-31,Pro,40,8,4072,12.08,0
11930,6165,2024-12-24,Enterprise,178,139,75146,311.15,0
11931,6165,2024-12-31,Enterprise,335,31,36966,447.32,0
11932,6168,2024-12-24,Enterprise,446,72,99189,412.91,0
11933,6168,2024-12-31,Enterprise,241,58,57806,380.67,0
11934,6170,2024-12-24,Business,42,34,14679,58.58,0
11935,6170,2024-12-31,Business,62,51,2520,47.53,0
11936,6172,2024-12-24,Pro,47,7,4685,12.77,0
11937,6172,2024-12-31,Pro,38,4,865,16.48,0
11938,6184,2024-07-25,Enterprise,393,94,31901,326.79,1
11939,6184,2024-08-01,Enterprise,74,28,37710,379.7,1
11940,6184,2024-08-08,Enterprise,75,36,29532,332.6,1
11941,6184,2024-08-15,Enterprise,63,48,22203,133.26,1
11942,6184,2024-08-22,Enterprise,65,20,12252,305.8,1
11943,6189,2024-12-25,Enterprise,459,99,26148,255.83,0
11944,6190,2024-07-25,Enterprise,68,53,66805,210.69,1
11945,6190,2024-08-01,Enterprise,190,31,12730,476.29,1
11946,6190,2024-08-08,Enterprise,39,72,26977,468.12,1
11947,6190,2024-08-15,Enterprise,111,35,6761,431.51,1
11948,6190,2024-08-22,Enterprise,83,7,8665,371.21,1
11949,6194,2024-12-25,Pro,47,3,3166,2.1,0
11950,6197,2024-12-26,Starter,22,5,736,1.78,0
11951,6199,2024-12-26,Business,93,19,5180,26.04,0
11952,6204,2024-12-26,Pro,49,6,3368,11.34,0
11953,6205,2024-11-26,Starter,16,3,264,3.83,0
11954,6205,2024-12-03,Starter,8,1,796,2.15,0
11955,6205,2024-12-10,Starter,7,1,655,2.98,0
11956,6205,2024-12-17,Starter,15,1,228,1.94,0
11957,6205,2024-12-24,Starter,11,2,247,2.29,0
11958,6205,2024-12-26,Pro,24,11,1422,14.26,0
11959,6206,2024-05-26,Pro,22,9,543,6.71,0
11960,6206,2024-06-02,Pro,44,7,964,4.88,0
11961,6206,2024-06-09,Pro,25,13,5275,10.78,0
11962,6206,2024-06-16,Pro,30,6,3554,18.05,0
11963,6206,2024-06-23,Pro,17,4,1071,13.27,0
11964,6206,2024-07-26,Business,109,28,8970,44.84,0
11965,6206,2024-08-02,Business,80,30,18515,32.49,0
11966,6206,2024-08-09,Business,78,10,9935,68.32,0
11967,6206,2024-08-16,Business,110,11,5742,46.97,0
11968,6206,2024-08-23,Business,101,32,15398,24.4,0
11969,6206,2024-12-26,Enterprise,197,201,69927,325.38,0
11970,6210,2024-12-27,Business,26,4,1479,63.86,1
11971,6216,2024-12-27,Pro,2,2,388,9.42,1
11972,6217,2024-12-27,Pro,59,12,1533,10.57,0
11973,6221,2024-12-27,Pro,39,13,1321,13.75,0
11974,6226,2024-12-28,Enterprise,286,161,61170,494.08,0
11975,6227,2024-12-28,Business,42,46,8163,66.0,0
11976,6234,2024-10-28,Pro,53,15,2066,4.72,0
11977,6234,2024-11-04,Pro,33,5,2467,2.7,0
11978,6234,2024-11-11,Pro,40,9,1194,9.43,0
11979,6234,2024-11-18,Pro,13,8,3324,7.57,0
11980,6234,2024-11-25,Pro,29,4,3758,11.53,0
11981,6234,2024-12-28,Business,74,51,17346,28.05,0
11982,6235,2024-05-28,Enterprise,226,120,62664,199.19,0
11983,6235,2024-06-04,Enterprise,447,109,71270,378.65,0
11984,6235,2024-06-11,Enterprise,249,194,31336,152.74,0
11985,6235,2024-06-18,Enterprise,195,134,76970,349.42,0
11986,6235,2024-06-25,Enterprise,388,170,35548,479.1,0
11987,6235,2024-12-28,Business,72,39,15968,33.67,0
11988,6237,2024-12-29,Business,50,27,12144,57.13,0
11989,6239,2024-12-29,Pro,10,4,1233,11.72,0
11990,6242,2024-11-29,Enterprise,486,59,83273,246.61,0
11991,6242,2024-12-06,Enterprise,283,200,16288,219.45,0
11992,6242,2024-12-13,Enterprise,112,111,62585,260.81,0
11993,6242,2024-12-20,Enterprise,284,103,72053,323.33,0
11994,6242,2024-12-27,Enterprise,451,147,40948,430.01,0
11995,6242,2024-12-29,Business,84,11,15318,95.1,0
11996,6243,2024-12-29,Enterprise,134,176,77431,188.47,0
11997,6246,2024-05-29,Starter,19,3,618,1.31,0
11998,6246,2024-06-05,Starter,15,4,643,3.89,0
11999,6246,2024-06-12,Starter,21,3,497,3.97,0
12000,6246,2024-06-19,Starter,8,4,151,3.98,0
12001,6246,2024-06-26,Starter,13,4,747,3.28,0
12002,6246,2024-12-29,Pro,17,12,3308,20.01,0
12003,6250,2024-12-29,Starter,12,3,721,3.92,0
12004,6252,2024-05-29,Business,128,15,2623,26.37,0
12005,6252,2024-06-05,Business,148,14,4290,70.98,0
12006,6252,2024-06-12,Business,109,13,6120,18.99,0
12007,6252,2024-06-19,Business,118,37,10926,60.34,0
12008,6252,2024-06-26,Business,59,42,4215,17.87,0
12009,6252,2024-12-29,Enterprise,132,130,35503,256.92,0
12010,6261,2024-08-30,Pro,41,9,2701,14.35,1
12011,6261,2024-09-06,Pro,37,6,1579,13.05,1
12012,6261,2024-09-13,Pro,22,5,1278,10.13,1
12013,6261,2024-09-20,Pro,8,2,760,2.63,1
12014,6261,2024-09-27,Pro,7,1,563,5.28,1
12015,6265,2024-06-30,Starter,6,2,618,3.39,1
12016,6265,2024-07-07,Starter,3,1,306,3.58,1
12017,6265,2024-07-14,Starter,1,1,305,0.93,1
12018,6265,2024-07-21,Starter,0,1,53,5.14,1
12019,6265,2024-07-28,Starter,1,1,143,0.75,1
12020,6269,2024-05-30,Pro,25,6,1246,18.1,1
12021,6269,2024-06-06,Pro,23,1,333,6.21,1
12022,6269,2024-06-13,Pro,7,3,1957,2.08,1
12023,6269,2024-06-20,Pro,10,2,866,6.63,1
12024,6269,2024-06-27,Pro,12,1,628,4.2,1
12025,6273,2024-12-30,Business,125,13,15816,16.85,0
12026,6277,2024-12-30,Business,76,25,20342,21.07,0
12027,6281,2024-07-30,Enterprise,209,151,19103,126.12,1
12028,6281,2024-08-06,Enterprise,264,82,18292,194.49,1
12029,6281,2024-08-13,Enterprise,228,73,25977,340.29,1
12030,6281,2024-08-20,Enterprise,100,16,23282,437.8,1
12031,6281,2024-08-27,Enterprise,78,16,18555,353.71,1
12032,6283,2024-12-30,Enterprise,324,43,75709,88.39,0
12033,6285,2024-08-30,Business,99,27,13918,23.74,1
12034,6285,2024-09-06,Business,25,14,8475,9.95,1
12035,6285,2024-09-13,Business,40,13,2781,63.47,1
12036,6285,2024-09-20,Business,24,8,1806,78.75,1
12037,6285,2024-09-27,Business,9,3,3755,13.33,1
12038,6297,2024-09-01,Enterprise,111,94,47883,314.93,0
12039,6297,2024-09-08,Enterprise,241,52,91921,89.79,0
12040,6297,2024-09-15,Enterprise,108,153,29387,226.68,0
12041,6297,2024-09-22,Enterprise,207,37,30896,146.4,0
12042,6297,2024-09-29,Enterprise,237,141,39791,282.99,0
12043,6297,2024-12-01,Business,40,46,16370,88.75,0
12044,6297,2024-12-08,Business,78,27,17166,29.84,0
12045,6297,2024-12-15,Business,67,39,19051,19.6,0
12046,6297,2024-12-22,Business,103,44,3210,88.64,0
12047,6297,2024-12-29,Business,50,28,17109,77.88,0
12048,6303,2024-11-01,Enterprise,300,183,19148,332.45,0
12049,6303,2024-11-08,Enterprise,211,41,80109,300.28,0
12050,6303,2024-11-15,Enterprise,207,135,76008,426.33,0
12051,6303,2024-11-22,Enterprise,122,110,28182,377.39,0
12052,6303,2024-11-29,Enterprise,185,29,80980,168.61,0
12053,6303,2024-12-01,Business,23,15,16913,48.32,0
12054,6303,2024-12-08,Business,55,22,3829,85.12,0
12055,6303,2024-12-15,Business,33,28,4573,97.44,0
12056,6303,2024-12-22,Business,34,54,9568,20.27,0
12057,6303,2024-12-29,Business,34,47,6818,79.35,0
12058,6306,2024-12-02,Enterprise,256,116,38983,221.82,0
12059,6306,2024-12-09,Enterprise,207,171,71373,190.32,0
12060,6306,2024-12-16,Enterprise,332,115,31521,88.36,0
12061,6306,2024-12-23,Enterprise,447,70,45315,405.11,0
12062,6306,2024-12-30,Enterprise,345,67,27880,152.23,0
12063,6310,2024-08-02,Starter,7,1,808,1.09,1
12064,6310,2024-08-09,Starter,3,1,180,4.54,1
12065,6310,2024-08-16,Starter,2,1,291,1.9,1
12066,6310,2024-08-23,Starter,3,1,143,3.24,1
12067,6310,2024-08-30,Starter,4,1,47,3.4,1
12068,6318,2024-06-03,Starter,9,2,278,1.94,1
12069,6318,2024-06-10,Starter,2,2,518,1.49,1
12070,6318,2024-06-17,Starter,4,1,99,3.11,1
12071,6318,2024-06-24,Starter,4,1,119,2.44,1
12072,6318,2024-07-01,Starter,2,1,124,2.35,1
12073,6322,2024-12-03,Starter,9,4,646,2.12,0
12074,6322,2024-12-10,Starter,5,3,685,2.65,0
12075,6322,2024-12-17,Starter,9,1,511,0.58,0
12076,6322,2024-12-24,Starter,19,3,528,1.47,0
12077,6322,2024-12-31,Starter,8,4,823,2.13,0
12078,6333,2024-12-03,Starter,22,1,531,1.87,0
12079,6333,2024-12-10,Starter,13,3,980,2.87,0
12080,6333,2024-12-17,Starter,13,2,980,1.64,0
12081,6333,2024-12-24,Starter,5,1,553,1.46,0
12082,6333,2024-12-31,Starter,16,3,259,1.63,0
12083,6335,2024-12-03,Enterprise,441,158,88510,262.99,0
12084,6335,2024-12-10,Enterprise,182,179,41789,218.95,0
12085,6335,2024-12-17,Enterprise,322,65,71808,420.38,0
12086,6335,2024-12-24,Enterprise,153,101,61257,333.8,0
12087,6335,2024-12-31,Enterprise,244,129,77441,89.88,0
12088,6338,2024-12-04,Pro,59,3,3638,7.77,0
12089,6338,2024-12-11,Pro,30,8,4187,10.84,0
12090,6338,2024-12-18,Pro,34,13,702,9.77,0
12091,6338,2024-12-25,Pro,15,14,543,13.1,0
12092,6340,2024-12-04,Pro,26,4,1027,19.98,0
12093,6340,2024-12-11,Pro,29,9,2970,14.71,0
12094,6340,2024-12-18,Pro,44,6,1071,19.31,0
12095,6340,2024-12-25,Pro,25,5,1327,12.98,0
12096,6342,2024-12-04,Enterprise,474,206,88929,114.43,0
12097,6342,2024-12-11,Enterprise,198,199,80037,328.98,0
12098,6342,2024-12-18,Enterprise,436,77,78520,180.12,0
12099,6342,2024-12-25,Enterprise,386,78,19712,276.99,0
12100,6351,2024-12-04,Business,42,18,15085,79.1,0
12101,6351,2024-12-11,Business,63,38,8219,54.33,0
12102,6351,2024-12-18,Business,144,21,8937,37.93,0
12103,6351,2024-12-25,Business,113,39,14424,99.08,0
12104,6357,2024-06-05,Starter,13,1,399,4.67,1
12105,6357,2024-06-12,Starter,10,1,425,1.89,1
12106,6357,2024-06-19,Starter,5,1,147,1.71,1
12107,6357,2024-06-26,Starter,2,1,97,1.83,1
12108,6357,2024-07-03,Starter,4,1,137,3.57,1
12109,6362,2024-12-05,Enterprise,310,37,30593,188.85,0
12110,6362,2024-12-12,Enterprise,372,71,76617,300.6,0
12111,6362,2024-12-19,Enterprise,438,195,39169,301.31,0
12112,6362,2024-12-26,Enterprise,260,61,98287,425.92,0
12113,6363,2024-12-05,Business,101,20,10175,26.71,0
12114,6363,2024-12-12,Business,129,34,14610,57.17,0
12115,6363,2024-12-19,Business,85,40,15727,61.63,0
12116,6363,2024-12-26,Business,94,47,7620,40.58,0
12117,6368,2024-12-05,Enterprise,308,76,63432,211.16,0
12118,6368,2024-12-12,Enterprise,530,196,17089,295.04,0
12119,6368,2024-12-19,Enterprise,186,182,34411,135.64,0
12120,6368,2024-12-26,Enterprise,190,126,97531,340.34,0
12121,6379,2024-12-06,Enterprise,211,216,12685,516.06,0
12122,6379,2024-12-13,Enterprise,147,158,45952,274.94,0
12123,6379,2024-12-20,Enterprise,153,182,46017,374.98,0
12124,6379,2024-12-27,Enterprise,150,169,16004,221.06,0
12125,6387,2024-12-06,Pro,20,6,1504,4.97,0
12126,6387,2024-12-13,Pro,16,15,4773,9.17,0
12127,6387,2024-12-20,Pro,27,6,5485,20.32,0
12128,6387,2024-12-27,Pro,21,8,1859,17.3,0
12129,6389,2024-06-07,Starter,11,2,549,4.05,1
12130,6389,2024-06-14,Starter,5,1,251,1.85,1
12131,6389,2024-06-21,Starter,3,1,196,4.86,1
12132,6389,2024-06-28,Starter,2,1,34,3.97,1
12133,6389,2024-07-05,Starter,1,1,126,3.75,1
12134,6394,2024-11-07,Starter,5,1,305,0.74,1
12135,6394,2024-11-14,Starter,11,1,284,2.41,1
12136,6394,2024-11-21,Starter,3,1,171,1.05,1
12137,6394,2024-11-28,Starter,2,1,172,4.26,1
12138,6394,2024-12-05,Starter,2,1,170,0.7,1
12139,6397,2024-09-07,Pro,30,7,3315,14.68,0
12140,6397,2024-09-14,Pro,39,12,2676,8.86,0
12141,6397,2024-09-21,Pro,44,11,1232,17.23,0
12142,6397,2024-09-28,Pro,13,11,4715,3.46,0
12143,6397,2024-10-05,Pro,32,4,1213,1.96,0
12144,6397,2024-12-07,Business,71,12,7993,20.85,0
12145,6397,2024-12-14,Business,64,29,20438,14.36,0
12146,6397,2024-12-21,Business,28,46,18617,32.57,0
12147,6397,2024-12-28,Business,63,34,15989,75.39,0
12148,6398,2024-09-07,Pro,5,3,3187,14.31,1
12149,6398,2024-09-14,Pro,5,3,2013,10.29,1
12150,6398,2024-09-21,Pro,9,3,649,6.17,1
12151,6398,2024-09-28,Pro,6,1,1129,3.73,1
12152,6398,2024-10-05,Pro,7,1,134,18.57,1
12153,6402,2024-12-07,Enterprise,100,122,15704,405.39,0
12154,6402,2024-12-14,Enterprise,115,95,13707,419.23,0
12155,6402,2024-12-21,Enterprise,254,81,52650,459.39,0
12156,6402,2024-12-28,Enterprise,162,121,106579,170.19,0
12157,6405,2024-12-08,Enterprise,148,203,45935,408.43,0
12158,6405,2024-12-15,Enterprise,249,102,87370,85.9,0
12159,6405,2024-12-22,Enterprise,347,187,94939,445.7,0
12160,6405,2024-12-29,Enterprise,81,191,11909,103.84,0
12161,6406,2024-10-08,Pro,13,3,2505,13.58,1
12162,6406,2024-10-15,Pro,18,1,1538,9.59,1
12163,6406,2024-10-22,Pro,8,1,1442,10.12,1
12164,6406,2024-10-29,Pro,14,2,972,17.06,1
12165,6406,2024-11-05,Pro,5,2,337,12.75,1
12166,6408,2024-09-08,Enterprise,189,68,75716,468.18,0
12167,6408,2024-09-15,Enterprise,243,144,26334,307.29,0
12168,6408,2024-09-22,Enterprise,254,191,99239,457.4,0
12169,6408,2024-09-29,Enterprise,193,126,67768,231.0,0
12170,6408,2024-10-06,Enterprise,180,74,55715,83.92,0
12171,6408,2024-11-08,Business,73,9,5855,16.84,1
12172,6408,2024-11-15,Business,20,11,6598,57.84,1
12173,6408,2024-11-22,Business,17,5,7075,70.36,1
12174,6408,2024-11-29,Business,7,7,663,73.51,1
12175,6408,2024-12-06,Business,32,4,4169,30.21,1
12176,6410,2024-09-08,Starter,2,1,557,1.41,1
12177,6410,2024-09-15,Starter,4,1,110,3.35,1
12178,6410,2024-09-22,Starter,2,1,255,2.01,1
12179,6410,2024-09-29,Starter,1,1,162,3.06,1
12180,6410,2024-10-06,Starter,2,1,109,4.06,1
12181,6415,2024-12-08,Business,39,31,14141,59.56,0
12182,6415,2024-12-15,Business,26,24,20231,44.26,0
12183,6415,2024-12-22,Business,94,25,8878,26.69,0
12184,6415,2024-12-29,Business,102,17,7378,97.96,0
12185,6423,2024-12-09,Enterprise,89,128,20236,149.12,0
12186,6423,2024-12-16,Enterprise,427,100,61504,456.42,0
12187,6423,2024-12-23,Enterprise,328,41,55133,59.86,0
12188,6423,2024-12-30,Enterprise,240,182,21662,261.99,0
12189,6430,2024-12-09,Enterprise,170,154,11741,167.96,0
12190,6430,2024-12-16,Enterprise,356,146,29592,507.35,0
12191,6430,2024-12-23,Enterprise,292,169,25699,248.38,0
12192,6430,2024-12-30,Enterprise,276,195,28451,89.2,0
12193,6436,2024-06-09,Starter,6,2,382,0.89,1
12194,6436,2024-06-16,Starter,7,1,242,0.8,1
12195,6436,2024-06-23,Starter,2,1,97,1.58,1
12196,6436,2024-06-30,Starter,2,1,106,2.56,1
12197,6436,2024-07-07,Starter,2,1,189,1.45,1
12198,6439,2024-12-10,Starter,5,1,368,0.95,0
12199,6439,2024-12-17,Starter,10,2,615,2.93,0
12200,6439,2024-12-24,Starter,5,4,215,2.01,0
12201,6439,2024-12-31,Starter,14,4,546,4.02,0
12202,6440,2024-06-10,Enterprise,86,116,72615,130.94,1
12203,6440,2024-06-17,Enterprise,218,79,51520,301.8,1
12204,6440,2024-06-24,Enterprise,148,37,11468,237.17,1
12205,6440,2024-07-01,Enterprise,51,10,14226,174.09,1
12206,6440,2024-07-08,Enterprise,86,31,2730,394.31,1
12207,6446,2024-06-10,Starter,5,1,393,2.07,1
12208,6446,2024-06-17,Starter,4,1,434,4.16,1
12209,6446,2024-06-24,Starter,4,1,172,1.96,1
12210,6446,2024-07-01,Starter,1,1,135,3.33,1
12211,6446,2024-07-08,Starter,1,1,146,3.26,1
12212,6459,2024-09-11,Starter,5,2,161,3.1,1
12213,6459,2024-09-18,Starter,11,1,155,0.76,1
12214,6459,2024-09-25,Starter,2,1,311,3.97,1
12215,6459,2024-10-02,Starter,1,1,132,4.87,1
12216,6459,2024-10-09,Starter,1,1,127,2.09,1
12217,6461,2024-12-11,Enterprise,208,95,41125,263.13,0
12218,6461,2024-12-18,Enterprise,278,63,35865,319.01,0
12219,6461,2024-12-25,Enterprise,125,155,47380,223.61,0
12220,6467,2024-12-11,Pro,17,6,2620,11.23,0
12221,6467,2024-12-18,Pro,17,3,4008,2.17,0
12222,6467,2024-12-25,Pro,39,9,1558,19.61,0
12223,6469,2024-12-11,Starter,14,3,180,3.1,0
12224,6469,2024-12-18,Starter,14,1,505,4.37,0
12225,6469,2024-12-25,Starter,19,2,223,1.57,0
12226,6471,2024-12-11,Pro,35,10,2330,14.73,0
12227,6471,2024-12-18,Pro,48,13,3282,13.9,0
12228,6471,2024-12-25,Pro,33,5,1568,16.64,0
12229,6472,2024-08-11,Pro,32,7,630,6.35,0
12230,6472,2024-08-18,Pro,17,7,1837,6.89,0
12231,6472,2024-08-25,Pro,34,13,3553,10.66,0
12232,6472,2024-09-01,Pro,9,8,3903,11.14,0
12233,6472,2024-09-08,Pro,27,15,1158,8.04,0
12234,6472,2024-12-11,Starter,19,3,273,3.13,0
12235,6472,2024-12-18,Starter,12,2,393,4.45,0
12236,6472,2024-12-25,Starter,5,1,533,1.94,0
12237,6484,2024-12-12,Enterprise,447,46,72991,162.74,0
12238,6484,2024-12-19,Enterprise,383,65,45663,362.56,0
12239,6484,2024-12-26,Enterprise,169,199,79459,125.16,0
12240,6485,2024-12-12,Business,133,28,17873,22.97,0
12241,6485,2024-12-19,Business,73,16,15131,96.54,0
12242,6485,2024-12-26,Business,174,16,4646,71.85,0
12243,6490,2024-10-13,Pro,11,9,2551,14.97,1
12244,6490,2024-10-20,Pro,21,6,2728,13.62,1
12245,6490,2024-10-27,Pro,4,3,1043,3.56,1
12246,6490,2024-11-03,Pro,4,3,946,9.81,1
12247,6490,2024-11-10,Pro,4,2,862,8.08,1
12248,6495,2024-12-13,Enterprise,206,45,61531,193.39,0
12249,6495,2024-12-20,Enterprise,541,98,74603,358.26,0
12250,6495,2024-12-27,Enterprise,477,58,69379,83.93,0
12251,6501,2024-09-14,Pro,33,13,1526,3.49,0
12252,6501,2024-09-21,Pro,27,14,933,13.27,0
12253,6501,2024-09-28,Pro,11,5,3560,14.41,0
12254,6501,2024-10-05,Pro,12,8,1547,14.56,0
12255,6501,2024-10-12,Pro,11,5,4122,9.95,0
12256,6501,2024-12-14,Business,89,12,20566,18.68,0
12257,6501,2024-12-21,Business,73,15,17351,31.77,0
12258,6501,2024-12-28,Business,28,14,11399,76.47,0
12259,6509,2024-12-14,Pro,22,10,2607,14.91,0
12260,6509,2024-12-21,Pro,26,6,2426,7.93,0
12261,6509,2024-12-28,Pro,15,12,641,7.09,0
12262,6510,2024-06-14,Pro,11,4,2519,11.27,1
12263,6510,2024-06-21,Pro,26,3,2680,12.69,1
12264,6510,2024-06-28,Pro,6,2,2042,19.05,1
12265,6510,2024-07-05,Pro,8,2,596,10.23,1
12266,6510,2024-07-12,Pro,5,1,709,8.53,1
12267,6512,2024-09-14,Starter,8,2,411,1.72,1
12268,6512,2024-09-21,Starter,3,2,52,2.93,1
12269,6512,2024-09-28,Starter,1,1,323,2.33,1
12270,6512,2024-10-05,Starter,1,1,103,4.58,1
12271,6512,2024-10-12,Starter,2,1,121,5.18,1
12272,6517,2024-12-14,Business,36,29,15270,70.97,0
12273,6517,2024-12-21,Business,34,40,16620,57.29,0
12274,6517,2024-12-28,Business,50,45,9185,79.02,0
12275,6521,2024-12-15,Pro,18,5,1700,3.0,0
12276,6521,2024-12-22,Pro,17,11,1153,13.46,0
12277,6521,2024-12-29,Pro,23,9,2048,5.53,0
12278,6522,2024-12-15,Starter,3,1,417,4.06,1
12279,6522,2024-12-22,Starter,2,1,134,2.08,1
12280,6522,2024-12-29,Starter,1,1,139,2.39,1
12281,6526,2024-12-15,Business,63,39,11450,83.8,0
12282,6526,2024-12-22,Business,29,34,11089,38.11,0
12283,6526,2024-12-29,Business,47,50,13901,58.96,0
12284,6528,2024-06-15,Enterprise,90,111,21197,177.83,0
12285,6528,2024-06-22,Enterprise,156,151,39277,336.22,0
12286,6528,2024-06-29,Enterprise,198,81,78949,270.75,0
12287,6528,2024-07-06,Enterprise,313,157,80781,413.26,0
12288,6528,2024-07-13,Enterprise,150,146,19197,512.33,0
12289,6528,2024-12-15,Business,86,26,3072,58.85,0
12290,6528,2024-12-22,Business,44,34,13946,59.47,0
12291,6528,2024-12-29,Business,24,44,13812,80.7,0
12292,6534,2024-07-15,Pro,18,6,681,17.3,1
12293,6534,2024-07-22,Pro,17,2,3103,11.72,1
12294,6534,2024-07-29,Pro,16,2,565,4.78,1
12295,6534,2024-08-05,Pro,4,1,460,6.42,1
12296,6534,2024-08-12,Pro,9,3,1087,10.15,1
12297,6535,2024-10-15,Pro,40,4,4255,14.05,0
12298,6535,2024-10-22,Pro,44,4,2464,7.76,0
12299,6535,2024-10-29,Pro,44,8,4016,11.79,0
12300,6535,2024-11-05,Pro,47,8,2290,14.13,0
12301,6535,2024-11-12,Pro,24,13,1495,14.83,0
12302,6535,2024-12-15,Business,72,41,15089,50.62,0
12303,6535,2024-12-22,Business,36,34,3663,31.05,0
12304,6535,2024-12-29,Business,25,18,14430,15.59,0
12305,6537,2024-06-15,Enterprise,127,58,55073,499.17,1
12306,6537,2024-06-22,Enterprise,83,62,20823,395.41,1
12307,6537,2024-06-29,Enterprise,139,56,6789,79.14,1
12308,6537,2024-07-06,Enterprise,41,28,13462,322.08,1
12309,6537,2024-07-13,Enterprise,68,20,15745,349.41,1
12310,6541,2024-08-16,Starter,9,1,419,0.97,1
12311,6541,2024-08-23,Starter,7,1,71,2.26,1
12312,6541,2024-08-30,Starter,7,1,113,2.11,1
12313,6541,2024-09-06,Starter,3,1,69,3.76,1
12314,6541,2024-09-13,Starter,2,1,124,1.37,1
12315,6546,2024-12-16,Enterprise,159,89,47879,264.03,0
12316,6546,2024-12-23,Enterprise,384,130,62183,128.24,0
12317,6546,2024-12-30,Enterprise,418,41,76382,348.03,0
12318,6553,2024-10-16,Pro,51,7,1377,7.0,0
12319,6553,2024-10-23,Pro,19,13,1804,16.47,0
12320,6553,2024-10-30,Pro,50,11,4675,2.11,0
12321,6553,2024-11-06,Pro,58,5,1776,7.87,0
12322,6553,2024-11-13,Pro,27,13,2148,14.11,0
12323,6553,2024-12-16,Business,147,30,9980,23.52,0
12324,6553,2024-12-23,Business,77,42,22386,49.99,0
12325,6553,2024-12-30,Business,157,36,8290,74.88,0
12326,6555,2024-06-16,Enterprise,128,132,73638,211.37,0
12327,6555,2024-06-23,Enterprise,200,179,89798,380.52,0
12328,6555,2024-06-30,Enterprise,227,144,37815,145.75,0
12329,6555,2024-07-07,Enterprise,325,83,26984,435.75,0
12330,6555,2024-07-14,Enterprise,196,98,81398,94.91,0
12331,6555,2024-12-16,Business,126,41,16457,63.58,0
12332,6555,2024-12-23,Business,56,32,6748,72.16,0
12333,6555,2024-12-30,Business,131,20,3802,64.7,0
12334,6557,2024-10-16,Pro,28,3,561,16.43,0
12335,6557,2024-10-23,Pro,41,2,1934,12.06,0
12336,6557,2024-10-30,Pro,13,11,2206,19.64,0
12337,6557,2024-11-06,Pro,43,14,4112,14.96,0
12338,6557,2024-11-13,Pro,43,14,2947,7.57,0
12339,6557,2024-11-16,Business,53,47,18794,91.31,0
12340,6557,2024-11-23,Business,39,27,14500,27.67,0
12341,6557,2024-11-30,Business,74,15,13364,10.32,0
12342,6557,2024-12-07,Business,94,35,11169,94.07,0
12343,6557,2024-12-14,Business,23,37,15266,91.19,0
12344,6557,2024-12-16,Enterprise,356,120,74884,401.48,0
12345,6557,2024-12-23,Enterprise,203,170,57751,463.7,0
12346,6557,2024-12-30,Enterprise,199,165,37341,308.27,0
12347,6559,2024-09-17,Starter,10,2,660,1.52,0
12348,6559,2024-09-24,Starter,16,2,254,0.71,0
12349,6559,2024-10-01,Starter,18,4,813,1.1,0
12350,6559,2024-10-08,Starter,7,1,597,1.13,0
12351,6559,2024-10-15,Starter,8,4,392,4.78,0
12352,6559,2024-12-17,Pro,38,9,4804,17.9,0
12353,6559,2024-12-24,Pro,25,11,3368,14.85,0
12354,6559,2024-12-31,Pro,19,12,4662,18.14,0
12355,6560,2024-10-17,Starter,8,2,147,3.3,1
12356,6560,2024-10-24,Starter,8,1,151,1.27,1
12357,6560,2024-10-31,Starter,6,1,273,4.02,1
12358,6560,2024-11-07,Starter,2,1,216,2.82,1
12359,6560,2024-11-14,Starter,1,1,108,4.61,1
12360,6564,2024-09-17,Enterprise,109,118,57366,484.73,1
12361,6564,2024-09-24,Enterprise,53,108,36805,461.67,1
12362,6564,2024-10-01,Enterprise,143,64,32993,396.76,1
12363,6564,2024-10-08,Enterprise,95,28,10625,418.67,1
12364,6564,2024-10-15,Enterprise,46,16,4553,218.72,1
12365,6565,2024-12-17,Starter,18,1,785,1.49,0
12366,6565,2024-12-24,Starter,14,4,467,2.24,0
12367,6565,2024-12-31,Starter,6,1,625,3.67,0
12368,6567,2024-06-17,Starter,12,1,507,2.74,1
12369,6567,2024-06-24,Starter,4,2,242,2.32,1
12370,6567,2024-07-01,Starter,2,1,340,3.02,1
12371,6567,2024-07-08,Starter,2,1,188,2.75,1
12372,6567,2024-07-15,Starter,1,1,139,2.52,1
12373,6570,2024-07-17,Pro,23,8,1984,15.36,1
12374,6570,2024-07-24,Pro,21,6,507,11.65,1
12375,6570,2024-07-31,Pro,25,1,1085,5.2,1
12376,6570,2024-08-07,Pro,10,3,828,10.45,1
12377,6570,2024-08-14,Pro,3,1,787,12.01,1
12378,6571,2024-10-17,Business,72,9,12251,81.95,1
12379,6571,2024-10-24,Business,37,17,9914,94.58,1
12380,6571,2024-10-31,Business,22,14,4925,55.07,1
12381,6571,2024-11-07,Business,26,5,2861,74.06,1
12382,6571,2024-11-14,Business,8,6,985,44.76,1
12383,6572,2024-12-17,Pro,34,12,704,15.82,0
12384,6572,2024-12-24,Pro,29,13,3528,1.91,0
12385,6572,2024-12-31,Pro,42,5,1971,6.17,0
12386,6575,2024-12-18,Starter,6,4,1055,3.16,0
12387,6575,2024-12-25,Starter,6,1,415,0.66,0
12388,6576,2024-12-18,Pro,37,11,4919,14.14,0
12389,6576,2024-12-25,Pro,60,14,1785,4.16,0
12390,6581,2024-06-18,Pro,22,9,2519,11.32,1
12391,6581,2024-06-25,Pro,26,4,2625,4.6,1
12392,6581,2024-07-02,Pro,22,1,1627,12.6,1
12393,6581,2024-07-09,Pro,13,1,710,4.35,1
12394,6581,2024-07-16,Pro,6,2,778,18.82,1
12395,6582,2024-12-18,Enterprise,449,46,68407,444.52,0
12396,6582,2024-12-25,Enterprise,406,50,27209,297.89,0
12397,6585,2024-12-18,Pro,51,11,3087,15.89,0
12398,6585,2024-12-25,Pro,34,3,4116,10.24,0
12399,6589,2024-06-18,Pro,36,6,2155,13.65,1
12400,6589,2024-06-25,Pro,18,6,298,4.08,1
12401,6589,2024-07-02,Pro,21,2,691,9.97,1
12402,6589,2024-07-09,Pro,12,1,930,4.87,1
12403,6589,2024-07-16,Pro,5,1,279,12.98,1
12404,6593,2024-12-18,Pro,53,12,4927,7.2,0
12405,6593,2024-12-25,Pro,29,10,5229,19.87,0
12406,6596,2024-12-19,Business,59,35,18337,36.27,0
12407,6596,2024-12-26,Business,71,41,6107,77.39,0
12408,6597,2024-07-19,Starter,13,1,451,0.89,1
12409,6597,2024-07-26,Starter,5,1,290,3.74,1
12410,6597,2024-08-02,Starter,7,2,320,2.84,1
12411,6597,2024-08-09,Starter,1,1,26,3.66,1
12412,6597,2024-08-16,Starter,2,1,101,5.14,1
12413,6599,2024-09-19,Business,35,9,2713,68.05,1
12414,6599,2024-09-26,Business,54,25,4033,94.95,1
12415,6599,2024-10-03,Business,48,10,6323,15.11,1
12416,6599,2024-10-10,Business,21,11,1582,42.68,1
12417,6599,2024-10-17,Business,24,6,826,64.26,1
12418,6601,2024-12-19,Starter,8,3,496,4.85,0
12419,6601,2024-12-26,Starter,6,3,323,4.92,0
12420,6602,2024-12-19,Pro,46,8,1847,9.72,0
12421,6602,2024-12-26,Pro,49,7,490,13.64,0
12422,6605,2024-12-19,Starter,15,3,263,2.05,0
12423,6605,2024-12-26,Starter,11,4,696,3.85,0
12424,6606,2024-12-19,Business,131,22,9353,20.74,0
12425,6606,2024-12-26,Business,168,42,17698,13.45,0
12426,6611,2024-12-19,Business,163,44,4079,85.09,0
12427,6611,2024-12-26,Business,82,45,11268,85.26,0
12428,6612,2024-12-19,Enterprise,180,122,78125,286.07,0
12429,6612,2024-12-26,Enterprise,182,125,34672,342.62,0
12430,6615,2024-09-19,Pro,43,10,2844,13.38,1
12431,6615,2024-09-26,Pro,28,5,343,6.41,1
12432,6615,2024-10-03,Pro,19,1,1127,19.23,1
12433,6615,2024-10-10,Pro,9,3,384,17.78,1
12434,6615,2024-10-17,Pro,7,1,258,15.44,1
12435,6621,2024-12-20,Starter,18,3,778,2.55,0
12436,6621,2024-12-27,Starter,10,2,327,3.58,0
12437,6625,2024-12-20,Enterprise,379,106,16478,122.13,0
12438,6625,2024-12-27,Enterprise,331,162,62941,253.41,0
12439,6628,2024-12-20,Pro,26,6,4117,9.84,0
12440,6628,2024-12-27,Pro,27,4,3084,5.23,0
12441,6632,2024-12-21,Enterprise,214,142,37565,162.15,0
12442,6632,2024-12-28,Enterprise,61,74,27011,176.0,0
12443,6633,2024-12-21,Pro,37,7,4262,6.7,0
12444,6633,2024-12-28,Pro,17,6,4788,16.98,0
12445,6635,2024-07-21,Business,73,10,17234,34.05,0
12446,6635,2024-07-28,Business,70,10,11927,24.99,0
12447,6635,2024-08-04,Business,42,14,3066,41.15,0
12448,6635,2024-08-11,Business,77,34,5184,77.46,0
12449,6635,2024-08-18,Business,64,10,16925,56.29,0
12450,6635,2024-12-21,Enterprise,294,44,14584,439.26,0
12451,6635,2024-12-28,Enterprise,221,57,31912,115.18,0
12452,6637,2024-07-21,Pro,8,6,2426,9.44,1
12453,6637,2024-07-28,Pro,8,4,1478,16.01,1
12454,6637,2024-08-04,Pro,14,5,1135,7.12,1
12455,6637,2024-08-11,Pro,7,1,999,5.73,1
12456,6637,2024-08-18,Pro,6,1,1023,17.32,1
12457,6639,2024-12-21,Enterprise,349,183,48471,448.12,0
12458,6639,2024-12-28,Enterprise,276,79,36657,430.32,0
12459,6641,2024-12-21,Starter,6,2,238,0.96,0
12460,6641,2024-12-28,Starter,4,3,689,1.25,0
12461,6644,2024-07-22,Starter,10,3,152,0.63,1
12462,6644,2024-07-29,Starter,9,2,170,2.54,1
12463,6644,2024-08-05,Starter,6,1,257,5.09,1
12464,6644,2024-08-12,Starter,5,1,111,2.08,1
12465,6644,2024-08-19,Starter,2,1,218,1.77,1
12466,6659,2024-10-23,Pro,47,12,4702,4.84,0
12467,6659,2024-10-30,Pro,22,8,3826,2.06,0
12468,6659,2024-11-06,Pro,51,4,579,6.46,0
12469,6659,2024-11-13,Pro,67,15,3400,11.0,0
12470,6659,2024-11-20,Pro,53,8,1725,19.82,0
12471,6659,2024-12-23,Business,89,28,17591,76.91,0
12472,6659,2024-12-30,Business,51,20,11957,62.26,0
12473,6663,2024-11-23,Enterprise,245,160,51858,78.24,0
12474,6663,2024-11-30,Enterprise,107,93,22581,56.41,0
12475,6663,2024-12-07,Enterprise,270,43,90638,94.37,0
12476,6663,2024-12-14,Enterprise,221,110,21582,450.42,0
12477,6663,2024-12-21,Enterprise,184,157,77566,212.36,0
12478,6663,2024-12-23,Business,160,20,10681,18.08,0
12479,6663,2024-12-30,Business,118,43,9335,63.15,0
12480,6672,2024-12-23,Pro,43,8,1015,5.5,0
12481,6672,2024-12-30,Pro,29,6,752,14.04,0
12482,6675,2024-12-24,Starter,14,2,354,1.83,0
12483,6675,2024-12-31,Starter,9,3,897,3.33,0
12484,6677,2024-07-24,Business,77,14,7612,31.87,1
12485,6677,2024-07-31,Business,60,21,10692,49.93,1
12486,6677,2024-08-07,Business,36,21,2145,16.73,1
12487,6677,2024-08-14,Business,13,11,5028,43.26,1
12488,6677,2024-08-21,Business,15,7,2054,51.79,1
12489,6681,2024-06-24,Starter,15,2,875,2.59,0
12490,6681,2024-07-01,Starter,5,4,217,2.27,0
12491,6681,2024-07-08,Starter,17,1,567,2.25,0
12492,6681,2024-07-15,Starter,14,1,605,3.0,0
12493,6681,2024-07-22,Starter,16,4,758,3.11,0
12494,6681,2024-09-24,Pro,39,11,3797,12.88,0
12495,6681,2024-10-01,Pro,18,12,2837,17.05,0
12496,6681,2024-10-08,Pro,22,12,1931,14.98,0
12497,6681,2024-10-15,Pro,30,6,1027,10.67,0
12498,6681,2024-10-22,Pro,58,14,4221,17.83,0
12499,6681,2024-12-24,Starter,9,2,583,3.52,0
12500,6681,2024-12-31,Starter,7,3,458,4.08,0
12501,6684,2024-09-24,Pro,17,5,1896,14.22,0
12502,6684,2024-10-01,Pro,34,11,3502,11.25,0
12503,6684,2024-10-08,Pro,20,11,3315,10.86,0
12504,6684,2024-10-15,Pro,30,4,2846,8.93,0
12505,6684,2024-10-22,Pro,60,3,3544,2.9,0
12506,6684,2024-12-24,Business,64,31,2914,11.53,0
12507,6684,2024-12-31,Business,122,39,13878,64.05,0
12508,6685,2024-12-24,Business,60,42,7223,70.94,0
12509,6685,2024-12-31,Business,131,49,2316,21.54,0
12510,6692,2024-11-24,Pro,23,7,1112,11.33,1
12511,6692,2024-12-01,Pro,23,5,743,7.88,1
12512,6692,2024-12-08,Pro,10,3,976,17.84,1
12513,6692,2024-12-15,Pro,5,1,985,14.23,1
12514,6692,2024-12-22,Pro,7,1,600,15.41,1
12515,6694,2024-11-24,Business,27,28,11317,73.41,0
12516,6694,2024-12-01,Business,56,45,12925,33.51,0
12517,6694,2024-12-08,Business,102,32,17256,82.31,0
12518,6694,2024-12-15,Business,61,18,2356,13.24,0
12519,6694,2024-12-22,Business,88,14,6962,57.03,0
12520,6694,2024-12-24,Enterprise,279,153,42308,196.8,0
12521,6694,2024-12-31,Enterprise,268,52,67009,192.0,0
12522,6698,2024-08-25,Starter,7,3,537,0.95,0
12523,6698,2024-09-01,Starter,5,4,174,0.95,0
12524,6698,2024-09-08,Starter,3,2,212,0.59,0
12525,6698,2024-09-15,Starter,8,2,568,1.05,0
12526,6698,2024-09-22,Starter,4,2,701,3.72,0
12527,6698,2024-12-25,Pro,45,10,2800,10.06,0
12528,6700,2024-12-25,Starter,17,3,523,0.79,0
12529,6704,2024-12-25,Starter,13,4,725,0.93,0
12530,6705,2024-08-25,Enterprise,78,58,54514,350.07,0
12531,6705,2024-09-01,Enterprise,90,190,103827,102.38,0
12532,6705,2024-09-08,Enterprise,192,88,73686,388.66,0
12533,6705,2024-09-15,Enterprise,187,175,35226,112.08,0
12534,6705,2024-09-22,Enterprise,98,194,36845,126.73,0
12535,6705,2024-09-25,Business,125,26,16325,39.3,0
12536,6705,2024-10-02,Business,120,45,8306,66.22,0
12537,6705,2024-10-09,Business,42,29,5040,49.17,0
12538,6705,2024-10-16,Business,134,24,2037,61.06,0
12539,6705,2024-10-23,Business,140,40,10321,62.2,0
12540,6705,2024-12-25,Pro,47,15,4561,8.22,0
12541,6708,2024-12-25,Starter,17,2,425,1.09,0
12542,6713,2024-12-25,Enterprise,117,56,11334,455.96,0
12543,6718,2024-11-26,Business,49,35,11757,34.76,1
12544,6718,2024-12-03,Business,33,17,2887,101.61,1
12545,6718,2024-12-10,Business,38,14,4349,48.97,1
12546,6718,2024-12-17,Business,30,2,3870,72.86,1
12547,6718,2024-12-24,Business,10,3,1147,98.1,1
12548,6719,2024-12-26,Pro,27,7,3397,12.64,0
12549,6726,2024-12-26,Pro,29,7,3334,9.9,0
12550,6729,2024-12-26,Pro,24,4,1390,13.44,0
12551,6730,2024-12-26,Business,126,35,15015,21.85,0
12552,6731,2024-12-26,Enterprise,483,189,26979,440.14,0
12553,6736,2024-12-26,Business,17,4,478,61.22,1
12554,6744,2024-08-27,Pro,23,6,1161,3.67,1
12555,6744,2024-09-03,Pro,21,5,388,8.06,1
12556,6744,2024-09-10,Pro,17,2,393,9.91,1
12557,6744,2024-09-17,Pro,7,1,146,13.55,1
12558,6744,2024-09-24,Pro,9,1,132,8.74,1
12559,6749,2024-12-27,Pro,37,5,712,12.33,0
12560,6750,2024-09-27,Enterprise,188,61,48932,90.29,0
12561,6750,2024-10-04,Enterprise,286,49,79623,182.05,0
12562,6750,2024-10-11,Enterprise,228,124,21982,390.08,0
12563,6750,2024-10-18,Enterprise,180,156,109336,475.85,0
12564,6750,2024-10-25,Enterprise,310,61,46940,241.58,0
12565,6750,2024-12-27,Business,113,19,18347,18.88,0
12566,6755,2024-09-27,Enterprise,390,173,98861,337.81,0
12567,6755,2024-10-04,Enterprise,98,89,45782,346.84,0
12568,6755,2024-10-11,Enterprise,281,62,40820,425.41,0
12569,6755,2024-10-18,Enterprise,416,83,50008,120.73,0
12570,6755,2024-10-25,Enterprise,338,155,73298,189.67,0
12571,6755,2024-12-27,Business,87,38,16642,86.31,0
12572,6760,2024-09-28,Pro,25,9,3464,13.93,0
12573,6760,2024-10-05,Pro,27,12,3803,5.76,0
12574,6760,2024-10-12,Pro,24,7,607,5.54,0
12575,6760,2024-10-19,Pro,13,6,955,7.94,0
12576,6760,2024-10-26,Pro,24,9,3798,7.98,0
12577,6760,2024-12-28,Business,55,13,20822,73.52,0
12578,6767,2024-12-28,Enterprise,71,150,64972,473.87,0
12579,6772,2024-10-28,Enterprise,152,142,28790,264.06,1
12580,6772,2024-11-04,Enterprise,130,101,58269,167.9,1
12581,6772,2024-11-11,Enterprise,68,25,22041,454.39,1
12582,6772,2024-11-18,Enterprise,49,22,6688,98.78,1
12583,6772,2024-11-25,Enterprise,34,31,13653,406.07,1
12584,6774,2024-12-28,Pro,41,4,4218,7.86,0
12585,6780,2024-08-29,Business,43,22,3041,52.63,0
12586,6780,2024-09-05,Business,117,33,13926,39.88,0
12587,6780,2024-09-12,Business,125,43,1982,91.73,0
12588,6780,2024-09-19,Business,100,33,3005,43.24,0
12589,6780,2024-09-26,Business,87,20,16128,81.0,0
12590,6780,2024-12-29,Pro,12,14,1332,18.5,0
12591,6787,2024-10-29,Pro,53,8,4588,8.3,0
12592,6787,2024-11-05,Pro,40,11,2369,3.88,0
12593,6787,2024-11-12,Pro,47,6,1256,7.87,0
12594,6787,2024-11-19,Pro,40,12,4882,19.09,0
12595,6787,2024-11-26,Pro,45,13,3280,14.15,0
12596,6787,2024-11-29,Business,112,42,13447,71.53,0
12597,6787,2024-12-06,Business,44,40,6671,102.97,0
12598,6787,2024-12-13,Business,133,10,15921,53.18,0
12599,6787,2024-12-20,Business,100,25,2722,52.5,0
12600,6787,2024-12-27,Business,89,39,14387,86.32,0
12601,6787,2024-12-29,Enterprise,151,119,13844,159.51,0
12602,6790,2024-12-29,Pro,10,5,3104,11.97,0
12603,6793,2024-12-29,Pro,13,5,1619,16.83,0
12604,6794,2024-09-29,Starter,5,1,97,0.9,1
12605,6794,2024-10-06,Starter,3,1,182,4.5,1
12606,6794,2024-10-13,Starter,3,1,172,2.71,1
12607,6794,2024-10-20,Starter,1,1,125,1.04,1
12608,6794,2024-10-27,Starter,1,1,122,2.74,1
12609,6795,2024-08-30,Pro,33,7,2897,17.84,1
12610,6795,2024-09-06,Pro,21,8,398,7.14,1
12611,6795,2024-09-13,Pro,6,5,990,12.08,1
12612,6795,2024-09-20,Pro,9,3,395,19.91,1
12613,6795,2024-09-27,Pro,10,1,718,18.95,1
12614,6800,2024-07-30,Enterprise,382,83,111639,93.5,0
12615,6800,2024-08-06,Enterprise,223,139,66720,488.03,0
12616,6800,2024-08-13,Enterprise,168,94,107645,344.49,0
12617,6800,2024-08-20,Enterprise,379,160,55464,138.47,0
12618,6800,2024-08-27,Enterprise,195,100,89830,499.59,0
12619,6800,2024-12-30,Business,84,21,6580,41.45,0
12620,6801,2024-12-30,Pro,20,3,2094,2.83,0
12621,6802,2024-07-30,Business,56,36,12023,23.48,1
12622,6802,2024-08-06,Business,40,13,4398,44.46,1
12623,6802,2024-08-13,Business,43,6,1856,100.93,1
12624,6802,2024-08-20,Business,21,11,1646,50.29,1
12625,6802,2024-08-27,Business,17,2,806,41.72,1
12626,6804,2024-06-30,Enterprise,327,79,11685,373.08,0
12627,6804,2024-07-07,Enterprise,275,69,84708,427.67,0
12628,6804,2024-07-14,Enterprise,114,153,39722,340.37,0
12629,6804,2024-07-21,Enterprise,258,140,71942,412.44,0
12630,6804,2024-07-28,Enterprise,92,144,16093,85.54,0
12631,6804,2024-12-30,Business,33,43,9684,68.11,0
12632,6807,2024-10-30,Pro,32,6,1328,12.54,1
12633,6807,2024-11-06,Pro,26,2,1723,11.22,1
12634,6807,2024-11-13,Pro,24,3,750,19.53,1
12635,6807,2024-11-20,Pro,4,3,410,18.11,1
12636,6807,2024-11-27,Pro,11,2,731,14.1,1
12637,6811,2024-12-30,Enterprise,444,46,103704,194.84,0
12638,6812,2024-12-01,Enterprise,358,86,54238,80.17,0
12639,6812,2024-12-08,Enterprise,142,194,72393,107.84,0
12640,6812,2024-12-15,Enterprise,244,95,55006,284.19,0
12641,6812,2024-12-22,Enterprise,229,63,55904,254.3,0
12642,6812,2024-12-29,Enterprise,250,122,85074,196.28,0
12643,6813,2024-12-01,Business,78,45,8806,56.34,0
12644,6813,2024-12-08,Business,41,11,16617,77.68,0
12645,6813,2024-12-15,Business,47,44,2766,97.75,0
12646,6813,2024-12-22,Business,57,36,16504,13.24,0
12647,6813,2024-12-29,Business,70,19,4666,88.3,0
12648,6817,2024-09-01,Enterprise,114,38,38033,371.98,1
12649,6817,2024-09-08,Enterprise,81,67,16370,84.74,1
12650,6817,2024-09-15,Enterprise,101,21,5510,267.78,1
12651,6817,2024-09-22,Enterprise,47,30,14967,416.74,1
12652,6817,2024-09-29,Enterprise,29,9,6412,209.71,1
12653,6818,2024-12-01,Pro,29,7,2821,16.27,0
12654,6818,2024-12-08,Pro,28,8,1989,15.02,0
12655,6818,2024-12-15,Pro,21,11,5123,16.38,0
12656,6818,2024-12-22,Pro,35,8,3686,3.33,0
12657,6818,2024-12-29,Pro,21,8,728,8.74,0
12658,6823,2024-12-01,Pro,11,4,3646,4.04,0
12659,6823,2024-12-08,Pro,27,7,1746,17.05,0
12660,6823,2024-12-15,Pro,35,4,1926,4.79,0
12661,6823,2024-12-22,Pro,24,5,1236,8.05,0
12662,6823,2024-12-29,Pro,32,9,1080,6.71,0
12663,6828,2024-12-01,Starter,11,4,301,4.74,0
12664,6828,2024-12-08,Starter,11,2,201,4.13,0
12665,6828,2024-12-15,Starter,10,2,121,2.17,0
12666,6828,2024-12-22,Starter,11,2,1113,2.83,0
12667,6828,2024-12-29,Starter,5,1,749,1.79,0
12668,6829,2024-12-01,Starter,7,3,707,4.74,0
12669,6829,2024-12-08,Starter,11,4,1081,0.94,0
12670,6829,2024-12-15,Starter,11,1,875,2.07,0
12671,6829,2024-12-22,Starter,10,4,636,3.86,0
12672,6829,2024-12-29,Starter,7,3,714,2.47,0
12673,6834,2024-12-01,Starter,9,5,604,0.71,0
12674,6834,2024-12-08,Starter,6,1,383,2.07,0
12675,6834,2024-12-15,Starter,12,1,669,1.06,0
12676,6834,2024-12-22,Starter,6,1,259,1.22,0
12677,6834,2024-12-29,Starter,5,2,770,1.33,0
12678,6845,2024-12-02,Starter,15,3,831,3.27,0
12679,6845,2024-12-09,Starter,5,2,303,4.93,0
12680,6845,2024-12-16,Starter,14,2,951,1.35,0
12681,6845,2024-12-23,Starter,20,2,744,2.2,0
12682,6845,2024-12-30,Starter,10,2,673,3.63,0
12683,6846,2024-10-02,Pro,35,2,2592,13.61,1
12684,6846,2024-10-09,Pro,32,6,590,10.64,1
12685,6846,2024-10-16,Pro,21,3,992,4.35,1
12686,6846,2024-10-23,Pro,8,2,139,13.86,1
12687,6846,2024-10-30,Pro,9,1,178,11.77,1
12688,6852,2024-12-02,Business,60,24,19209,85.89,0
12689,6852,2024-12-09,Business,97,31,6645,12.4,0
12690,6852,2024-12-16,Business,131,9,6530,80.79,0
12691,6852,2024-12-23,Business,72,41,6407,69.87,0
12692,6852,2024-12-30,Business,45,48,16377,29.27,0
12693,6855,2024-09-02,Starter,7,2,277,3.08,1
12694,6855,2024-09-09,Starter,3,1,424,4.84,1
12695,6855,2024-09-16,Starter,5,1,181,2.53,1
12696,6855,2024-09-23,Starter,1,1,75,3.64,1
12697,6855,2024-09-30,Starter,1,1,72,3.48,1
12698,6858,2024-12-02,Starter,15,4,732,3.61,0
12699,6858,2024-12-09,Starter,21,1,603,1.67,0
12700,6858,2024-12-16,Starter,20,2,665,2.97,0
12701,6858,2024-12-23,Starter,7,1,982,1.9,0
12702,6858,2024-12-30,Starter,18,3,1031,3.0,0
12703,6860,2024-12-02,Enterprise,359,119,83621,266.07,0
12704,6860,2024-12-09,Enterprise,475,131,60546,338.09,0
12705,6860,2024-12-16,Enterprise,164,134,107142,145.36,0
12706,6860,2024-12-23,Enterprise,406,186,86422,302.96,0
12707,6860,2024-12-30,Enterprise,340,99,59902,164.32,0
12708,6862,2024-10-03,Business,132,12,8404,11.06,0
12709,6862,2024-10-10,Business,97,40,1947,56.41,0
12710,6862,2024-10-17,Business,104,40,9804,13.79,0
12711,6862,2024-10-24,Business,101,20,2340,94.37,1
12712,6862,2024-10-31,Business,82,11,2617,79.77,1
12713,6862,2024-11-03,Pro,8,2,2321,4.98,1
12714,6862,2024-11-10,Pro,10,3,2162,16.59,1
12715,6862,2024-11-17,Pro,5,4,1733,4.6,1
12716,6862,2024-11-24,Pro,6,2,501,18.07,1
12717,6862,2024-12-01,Pro,3,1,1050,10.28,1
12718,6865,2024-12-03,Business,71,40,4705,58.15,0
12719,6865,2024-12-10,Business,55,37,9029,28.47,0
12720,6865,2024-12-17,Business,67,46,19098,49.77,0
12721,6865,2024-12-24,Business,117,46,5686,54.32,0
12722,6865,2024-12-31,Business,141,21,7463,93.23,0
12723,6867,2024-10-03,Business,57,22,18025,91.54,0
12724,6867,2024-10-10,Business,155,22,15408,93.49,0
12725,6867,2024-10-17,Business,65,36,9793,13.76,0
12726,6867,2024-10-24,Business,133,47,10188,24.86,0
12727,6867,2024-10-31,Business,136,32,5883,73.23,0
12728,6867,2024-12-03,Pro,39,5,2740,9.94,0
12729,6867,2024-12-10,Pro,48,4,954,7.26,0
12730,6867,2024-12-17,Pro,27,13,3390,10.01,0
12731,6867,2024-12-24,Pro,35,6,2264,16.19,0
12732,6867,2024-12-31,Pro,41,5,4411,3.48,0
12733,6869,2024-07-03,Pro,51,14,879,17.91,0
12734,6869,2024-07-10,Pro,38,4,1540,3.37,0
12735,6869,2024-07-17,Pro,15,6,3885,10.93,0
12736,6869,2024-07-24,Pro,15,12,3718,5.62,0
12737,6869,2024-07-31,Pro,35,12,2900,4.81,0
12738,6869,2024-12-03,Business,124,19,7274,46.91,0
12739,6869,2024-12-10,Business,98,42,4836,65.85,0
12740,6869,2024-12-17,Business,58,34,3854,58.14,0
12741,6869,2024-12-24,Business,130,24,19853,43.7,0
12742,6869,2024-12-31,Business,78,13,16039,70.74,0
12743,6874,2024-12-03,Enterprise,353,76,55736,84.83,0
12744,6874,2024-12-10,Enterprise,139,125,28618,423.76,0
12745,6874,2024-12-17,Enterprise,240,54,28955,92.64,0
12746,6874,2024-12-24,Enterprise,258,92,11553,159.19,0
12747,6874,2024-12-31,Enterprise,171,140,34936,56.71,0
12748,6876,2024-12-04,Pro,19,9,4767,10.68,0
12749,6876,2024-12-11,Pro,28,10,1651,6.11,0
12750,6876,2024-12-18,Pro,44,9,4140,14.62,0
12751,6876,2024-12-25,Pro,34,12,3356,7.72,0
12752,6881,2024-12-04,Business,50,10,14641,42.89,0
12753,6881,2024-12-11,Business,106,44,7431,62.03,0
12754,6881,2024-12-18,Business,103,46,15009,32.5,0
12755,6881,2024-12-25,Business,80,49,19878,23.6,0
12756,6884,2024-12-04,Business,127,44,18848,63.78,0
12757,6884,2024-12-11,Business,129,45,11630,35.42,0
12758,6884,2024-12-18,Business,140,37,9871,25.72,0
12759,6884,2024-12-25,Business,53,30,12230,44.25,0
12760,6885,2024-12-04,Enterprise,239,152,24995,154.14,0
12761,6885,2024-12-11,Enterprise,341,109,37672,451.55,0
12762,6885,2024-12-18,Enterprise,167,153,65014,255.44,0
12763,6885,2024-12-25,Enterprise,527,167,28303,473.84,0
12764,6889,2024-12-04,Enterprise,532,83,44978,231.14,0
12765,6889,2024-12-11,Enterprise,214,143,87063,217.31,0
12766,6889,2024-12-18,Enterprise,431,51,10160,102.63,0
12767,6889,2024-12-25,Enterprise,201,59,88475,252.23,0
12768,6891,2024-12-04,Enterprise,248,89,58042,248.77,0
12769,6891,2024-12-11,Enterprise,269,195,14324,460.21,0
12770,6891,2024-12-18,Enterprise,514,81,20281,366.57,0
12771,6891,2024-12-25,Enterprise,426,96,94681,400.56,0
12772,6896,2024-09-04,Enterprise,416,144,72662,280.21,0
12773,6896,2024-09-11,Enterprise,405,155,82114,106.2,0
12774,6896,2024-09-18,Enterprise,116,67,97984,396.76,0
12775,6896,2024-09-25,Enterprise,218,155,82959,235.12,0
12776,6896,2024-10-02,Enterprise,95,130,109598,473.59,0
12777,6896,2024-12-04,Business,149,43,9808,90.79,0
12778,6896,2024-12-11,Business,96,31,16632,38.32,0
12779,6896,2024-12-18,Business,94,12,4880,10.93,0
12780,6896,2024-12-25,Business,75,50,11128,78.32,0
12781,6898,2024-08-04,Pro,7,5,2506,11.55,1
12782,6898,2024-08-11,Pro,8,2,507,12.69,1
12783,6898,2024-08-18,Pro,14,5,1437,12.96,1
12784,6898,2024-08-25,Pro,6,2,740,8.08,1
12785,6898,2024-09-01,Pro,1,2,885,3.38,1
12786,6899,2024-12-04,Business,116,15,7360,77.07,0
12787,6899,2024-12-11,Business,69,28,7907,26.6,0
12788,6899,2024-12-18,Business,84,25,3545,21.77,0
12789,6899,2024-12-25,Business,55,21,21516,16.99,0
12790,6900,2024-12-04,Business,52,12,14105,55.4,0
12791,6900,2024-12-11,Business,106,34,16947,82.84,0
12792,6900,2024-12-18,Business,90,42,10089,68.44,0
12793,6900,2024-12-25,Business,84,17,2301,11.08,0
12794,6903,2024-12-04,Enterprise,233,46,58362,117.79,0
12795,6903,2024-12-11,Enterprise,458,111,25587,483.5,0
12796,6903,2024-12-18,Enterprise,260,148,40660,333.15,0
12797,6903,2024-12-25,Enterprise,166,88,42252,432.98,0
12798,6907,2024-08-05,Pro,49,4,1210,3.38,1
12799,6907,2024-08-12,Pro,20,2,581,10.31,1
12800,6907,2024-08-19,Pro,21,2,1202,18.91,1
12801,6907,2024-08-26,Pro,6,2,1042,13.38,1
12802,6907,2024-09-02,Pro,5,1,147,8.26,1
12803,6908,2024-12-05,Starter,6,3,903,1.54,0
12804,6908,2024-12-12,Starter,13,2,687,1.37,0
12805,6908,2024-12-19,Starter,11,3,863,2.81,0
12806,6908,2024-12-26,Starter,19,1,657,0.63,0
12807,6910,2024-07-05,Business,78,13,13153,17.99,1
12808,6910,2024-07-12,Business,69,8,3949,16.54,1
12809,6910,2024-07-19,Business,21,13,3437,35.76,1
12810,6910,2024-07-26,Business,26,5,2267,18.25,1
12811,6910,2024-08-02,Business,25,7,3013,43.4,1
12812,6912,2024-12-05,Enterprise,340,97,77444,272.17,0
12813,6912,2024-12-12,Enterprise,454,148,42397,392.9,0
12814,6912,2024-12-19,Enterprise,494,174,54257,408.01,0
12815,6912,2024-12-26,Enterprise,270,79,9803,101.43,0
12816,6913,2024-07-05,Pro,19,2,525,4.46,1
12817,6913,2024-07-12,Pro,25,5,1362,3.98,1
12818,6913,2024-07-19,Pro,6,5,1188,6.28,1
12819,6913,2024-07-26,Pro,12,3,213,3.84,1
12820,6913,2024-08-02,Pro,8,1,183,2.37,1
12821,6914,2024-12-05,Enterprise,363,84,22905,348.88,0
12822,6914,2024-12-12,Enterprise,370,139,77005,354.82,0
12823,6914,2024-12-19,Enterprise,443,156,76539,319.73,0
12824,6914,2024-12-26,Enterprise,306,67,56165,459.88,0
12825,6917,2024-12-05,Enterprise,517,88,17112,309.53,0
12826,6917,2024-12-12,Enterprise,180,106,82966,234.56,0
12827,6917,2024-12-19,Enterprise,345,61,35616,143.0,0
12828,6917,2024-12-26,Enterprise,388,131,39731,167.59,0
12829,6918,2024-09-05,Starter,14,1,352,4.4,1
12830,6918,2024-09-12,Starter,2,2,73,0.93,1
12831,6918,2024-09-19,Starter,3,1,399,1.99,1
12832,6918,2024-09-26,Starter,1,1,198,3.22,1
12833,6918,2024-10-03,Starter,2,1,140,4.33,1
12834,6926,2024-11-06,Enterprise,94,108,44213,350.92,1
12835,6926,2024-11-13,Enterprise,130,31,14523,168.4,1
12836,6926,2024-11-20,Enterprise,133,19,37833,288.39,1
12837,6926,2024-11-27,Enterprise,101,12,11240,484.85,1
12838,6926,2024-12-04,Enterprise,85,18,8306,371.8,1
12839,6938,2024-09-07,Enterprise,292,80,74531,57.57,0
12840,6938,2024-09-14,Enterprise,180,150,34049,238.64,0
12841,6938,2024-09-21,Enterprise,214,117,80263,322.7,0
12842,6938,2024-09-28,Enterprise,163,163,63139,387.34,0
12843,6938,2024-10-05,Enterprise,126,145,56446,184.3,0
12844,6938,2024-12-07,Business,74,22,2277,27.8,0
12845,6938,2024-12-14,Business,82,15,19343,76.32,0
12846,6938,2024-12-21,Business,81,43,7284,98.92,0
12847,6938,2024-12-28,Business,32,14,21474,16.77,0
12848,6939,2024-12-07,Enterprise,146,55,44883,361.22,0
12849,6939,2024-12-14,Enterprise,108,149,82861,435.49,0
12850,6939,2024-12-21,Enterprise,107,45,16726,386.97,0
12851,6939,2024-12-28,Enterprise,243,118,71368,154.65,0
12852,6940,2024-10-07,Pro,13,7,1717,8.26,1
12853,6940,2024-10-14,Pro,28,7,2304,4.33,1
12854,6940,2024-10-21,Pro,18,3,570,11.22,1
12855,6940,2024-10-28,Pro,12,3,918,13.82,1
12856,6940,2024-11-04,Pro,11,1,500,16.08,1
12857,6941,2024-12-07,Enterprise,59,109,19592,437.94,0
12858,6941,2024-12-14,Enterprise,234,71,44785,81.0,0
12859,6941,2024-12-21,Enterprise,196,146,49783,59.81,0
12860,6941,2024-12-28,Enterprise,72,163,15328,168.31,0
12861,6946,2024-12-08,Enterprise,153,67,79881,295.51,0
12862,6946,2024-12-15,Enterprise,230,137,43973,59.89,0
12863,6946,2024-12-22,Enterprise,214,53,53556,400.37,0
12864,6946,2024-12-29,Enterprise,208,82,35403,356.85,0
12865,6947,2024-12-08,Business,94,22,19181,77.49,0
12866,6947,2024-12-15,Business,52,42,7893,79.61,0
12867,6947,2024-12-22,Business,41,35,13137,17.81,0
12868,6947,2024-12-29,Business,85,22,14670,52.12,0
12869,6950,2024-12-08,Business,64,12,17536,20.77,0
12870,6950,2024-12-15,Business,68,37,17309,55.07,0
12871,6950,2024-12-22,Business,71,36,15419,54.0,0
12872,6950,2024-12-29,Business,101,42,15214,68.18,0
12873,6955,2024-12-08,Enterprise,205,187,79760,426.11,0
12874,6955,2024-12-15,Enterprise,73,167,60701,229.84,0
12875,6955,2024-12-22,Enterprise,216,81,53750,192.4,0
12876,6955,2024-12-29,Enterprise,157,112,69935,138.21,0
12877,6956,2024-12-08,Starter,9,1,555,4.51,0
12878,6956,2024-12-15,Starter,6,1,262,4.34,0
12879,6956,2024-12-22,Starter,8,2,201,3.38,0
12880,6956,2024-12-29,Starter,11,3,443,2.9,0
12881,6959,2024-10-09,Starter,8,1,157,1.29,1
12882,6959,2024-10-16,Starter,9,1,321,2.1,1
12883,6959,2024-10-23,Starter,5,1,54,2.2,1
12884,6959,2024-10-30,Starter,3,1,65,1.24,1
12885,6959,2024-11-06,Starter,3,1,138,4.7,1
12886,6964,2024-12-09,Business,103,14,14251,40.52,0
12887,6964,2024-12-16,Business,101,33,18106,33.01,0
12888,6964,2024-12-23,Business,124,36,20732,38.9,0
12889,6964,2024-12-30,Business,171,12,10652,55.44,0
12890,6972,2024-12-09,Starter,17,4,262,0.64,0
12891,6972,2024-12-16,Starter,16,3,818,4.58,0
12892,6972,2024-12-23,Starter,20,2,304,2.16,0
12893,6972,2024-12-30,Starter,10,4,684,2.46,0
12894,6973,2024-12-09,Business,50,31,6779,82.07,0
12895,6973,2024-12-16,Business,136,37,14108,62.37,0
12896,6973,2024-12-23,Business,153,43,6996,38.08,0
12897,6973,2024-12-30,Business,57,38,13429,10.84,0
12898,6974,2024-09-10,Enterprise,469,37,36488,210.31,0
12899,6974,2024-09-17,Enterprise,457,208,84332,453.47,0
12900,6974,2024-09-24,Enterprise,179,106,88720,193.52,0
12901,6974,2024-10-01,Enterprise,272,194,30625,258.71,0
12902,6974,2024-10-08,Enterprise,136,156,73552,92.8,0
12903,6974,2024-12-10,Business,142,37,6260,43.76,0
12904,6974,2024-12-17,Business,92,40,3262,54.59,0
12905,6974,2024-12-24,Business,78,14,9684,25.73,0
12906,6974,2024-12-31,Business,80,47,12090,66.84,0
12907,6981,2024-12-10,Enterprise,129,158,41926,416.91,0
12908,6981,2024-12-17,Enterprise,284,37,31691,335.37,0
12909,6981,2024-12-24,Enterprise,279,138,12496,268.2,0
12910,6981,2024-12-31,Enterprise,160,114,46951,504.69,0
12911,6984,2024-12-10,Pro,49,6,3091,18.53,0
12912,6984,2024-12-17,Pro,52,5,2699,16.13,0
12913,6984,2024-12-24,Pro,25,3,3864,11.38,0
12914,6984,2024-12-31,Pro,44,7,3547,17.31,0
12915,6993,2024-12-10,Starter,16,1,593,2.31,0
12916,6993,2024-12-17,Starter,14,1,255,0.72,0
12917,6993,2024-12-24,Starter,8,3,297,2.63,0
12918,6993,2024-12-31,Starter,6,1,632,2.75,0
12919,6995,2024-12-11,Pro,34,4,2840,2.32,0
12920,6995,2024-12-18,Pro,47,11,4289,7.87,0
12921,6995,2024-12-25,Pro,47,12,2879,4.83,0
12922,6996,2024-08-11,Pro,28,12,2599,17.56,0
12923,6996,2024-08-18,Pro,15,15,4041,10.06,0
12924,6996,2024-08-25,Pro,32,10,2571,19.53,0
12925,6996,2024-09-01,Pro,22,11,1287,12.24,0
12926,6996,2024-09-08,Pro,19,4,2487,7.22,0
12927,6996,2024-10-11,Starter,8,2,243,0.7,0
12928,6996,2024-10-18,Starter,12,4,814,0.55,0
12929,6996,2024-10-25,Starter,10,4,121,0.92,0
12930,6996,2024-11-01,Starter,16,3,847,3.62,0
12931,6996,2024-11-08,Starter,17,1,705,2.23,0
12932,6996,2024-12-11,Pro,30,13,3410,12.51,0
12933,6996,2024-12-18,Pro,30,9,3790,13.15,0
12934,6996,2024-12-25,Pro,51,7,3510,11.88,0
12935,7000,2024-12-11,Enterprise,166,83,30263,166.23,0
12936,7000,2024-12-18,Enterprise,415,171,46022,474.53,0
12937,7000,2024-12-25,Enterprise,297,155,63281,111.31,0
12938,7004,2024-12-11,Starter,9,3,215,1.5,0
12939,7004,2024-12-18,Starter,8,3,671,1.96,0
12940,7004,2024-12-25,Starter,8,1,533,3.6,0
12941,7007,2024-12-11,Pro,49,12,3519,4.93,0
12942,7007,2024-12-18,Pro,21,10,1691,10.49,0
12943,7007,2024-12-25,Pro,20,12,2249,17.5,0
12944,7008,2024-12-11,Pro,34,14,3991,9.62,0
12945,7008,2024-12-18,Pro,52,3,5341,12.71,0
12946,7008,2024-12-25,Pro,20,11,1909,5.12,0
12947,7014,2024-12-11,Enterprise,389,40,94989,207.45,0
12948,7014,2024-12-18,Enterprise,200,36,49823,128.29,0
12949,7014,2024-12-25,Enterprise,349,56,20340,450.88,0
12950,7015,2024-08-12,Business,144,10,21456,70.91,0
12951,7015,2024-08-19,Business,63,20,16869,64.3,0
12952,7015,2024-08-26,Business,75,11,18541,95.36,0
12953,7015,2024-09-02,Business,68,20,16177,11.36,0
12954,7015,2024-09-09,Business,55,15,14746,93.71,0
12955,7015,2024-12-12,Pro,57,3,1480,15.05,0
12956,7015,2024-12-19,Pro,40,7,3609,5.61,0
12957,7015,2024-12-26,Pro,39,8,1172,13.82,0
12958,7016,2024-12-12,Enterprise,345,49,85393,184.58,0
12959,7016,2024-12-19,Enterprise,435,162,27566,366.12,0
12960,7016,2024-12-26,Enterprise,376,137,52979,282.93,0
12961,7020,2024-12-12,Enterprise,440,37,46616,216.2,0
12962,7020,2024-12-19,Enterprise,301,132,49581,403.13,0
12963,7020,2024-12-26,Enterprise,237,89,38300,152.91,0
12964,7023,2024-12-12,Starter,8,2,275,1.96,0
12965,7023,2024-12-19,Starter,12,3,290,0.62,0
12966,7023,2024-12-26,Starter,11,1,179,3.67,0
12967,7027,2024-12-12,Business,80,33,9926,25.22,0
12968,7027,2024-12-19,Business,125,50,4398,65.8,0
12969,7027,2024-12-26,Business,62,16,17648,14.72,0
12970,7028,2024-10-12,Pro,17,12,589,9.11,0
12971,7028,2024-10-19,Pro,17,13,4152,17.9,0
12972,7028,2024-10-26,Pro,30,9,701,7.82,0
12973,7028,2024-11-02,Pro,30,12,3713,11.71,0
12974,7028,2024-11-09,Pro,37,3,2484,2.23,0
12975,7028,2024-12-12,Business,91,31,19843,80.69,0
12976,7028,2024-12-19,Business,143,35,12916,95.87,0
12977,7028,2024-12-26,Business,143,28,3844,67.19,0
12978,7030,2024-12-12,Starter,8,1,392,3.77,1
12979,7030,2024-12-19,Starter,3,1,50,3.56,1
12980,7030,2024-12-26,Starter,2,1,135,4.08,1
12981,7035,2024-07-12,Starter,10,1,177,4.46,1
12982,7035,2024-07-19,Starter,7,1,642,1.54,1
12983,7035,2024-07-26,Starter,5,1,310,0.66,1
12984,7035,2024-08-02,Starter,2,1,150,1.42,1
12985,7035,2024-08-09,Starter,1,1,62,4.9,1
12986,7040,2024-12-13,Enterprise,433,37,11524,417.11,0
12987,7040,2024-12-20,Enterprise,276,181,107548,347.46,0
12988,7040,2024-12-27,Enterprise,348,108,81226,273.34,0
12989,7044,2024-12-13,Enterprise,99,113,58957,398.14,0
12990,7044,2024-12-20,Enterprise,265,42,59476,411.32,0
12991,7044,2024-12-27,Enterprise,108,141,78744,325.67,0
12992,7045,2024-12-13,Business,107,10,14977,88.89,0
12993,7045,2024-12-20,Business,167,38,7018,66.08,0
12994,7045,2024-12-27,Business,67,26,15387,10.96,0
12995,7050,2024-11-13,Enterprise,163,67,47809,266.96,0
12996,7050,2024-11-20,Enterprise,315,154,71257,369.53,0
12997,7050,2024-11-27,Enterprise,317,53,18949,87.88,0
12998,7050,2024-12-04,Enterprise,537,139,86041,90.66,0
12999,7050,2024-12-11,Enterprise,126,90,10049,163.66,0
13000,7050,2024-12-13,Business,62,20,10499,49.61,0
13001,7050,2024-12-20,Business,67,45,14803,89.49,0
13002,7050,2024-12-27,Business,77,44,19927,79.82,0
13003,7054,2024-12-13,Pro,50,8,2727,18.44,0
13004,7054,2024-12-20,Pro,20,7,1085,6.1,0
13005,7054,2024-12-27,Pro,23,7,453,6.11,0
13006,7055,2024-12-13,Pro,17,13,1385,4.33,0
13007,7055,2024-12-20,Pro,27,8,4361,4.73,0
13008,7055,2024-12-27,Pro,40,7,2334,3.01,0
13009,7056,2024-12-13,Pro,37,4,4128,7.31,0
13010,7056,2024-12-20,Pro,16,11,2702,5.15,0
13011,7056,2024-12-27,Pro,43,4,587,9.77,0
13012,7058,2024-12-14,Business,83,16,8172,54.06,0
13013,7058,2024-12-21,Business,33,46,18305,80.14,0
13014,7058,2024-12-28,Business,44,18,2728,89.34,0
13015,7059,2024-12-14,Starter,6,4,597,2.55,0
13016,7059,2024-12-21,Starter,7,1,758,3.84,0
13017,7059,2024-12-28,Starter,8,3,286,3.58,0
13018,7060,2024-12-14,Starter,6,4,181,3.73,0
13019,7060,2024-12-21,Starter,9,3,193,0.86,0
13020,7060,2024-12-28,Starter,10,4,227,1.93,0
13021,7064,2024-12-14,Starter,6,2,784,4.53,0
13022,7064,2024-12-21,Starter,6,1,661,3.05,0
13023,7064,2024-12-28,Starter,7,4,716,4.65,0
13024,7066,2024-12-14,Business,66,33,14284,26.64,0
13025,7066,2024-12-21,Business,51,40,12627,85.79,0
13026,7066,2024-12-28,Business,68,44,9832,96.77,0
13027,7069,2024-12-14,Business,73,30,18894,25.49,0
13028,7069,2024-12-21,Business,64,19,10644,90.59,0
13029,7069,2024-12-28,Business,93,15,14380,27.99,0
13030,7070,2024-10-14,Starter,11,2,225,4.34,0
13031,7070,2024-10-21,Starter,20,1,569,4.02,0
13032,7070,2024-10-28,Starter,16,3,596,1.86,0
13033,7070,2024-11-04,Starter,15,1,223,1.98,0
13034,7070,2024-11-11,Starter,10,3,684,1.66,0
13035,7070,2024-12-14,Pro,21,12,871,10.64,0
13036,7070,2024-12-21,Pro,21,2,4669,15.28,0
13037,7070,2024-12-28,Pro,24,14,4224,9.79,0
13038,7077,2024-08-14,Starter,4,3,679,2.62,1
13039,7077,2024-08-21,Starter,3,1,369,2.59,1
13040,7077,2024-08-28,Starter,2,1,65,1.22,1
13041,7077,2024-09-04,Starter,1,1,84,2.78,1
13042,7077,2024-09-11,Starter,2,1,145,1.54,1
13043,7078,2024-11-14,Pro,38,4,2600,16.25,1
13044,7078,2024-11-21,Pro,21,6,757,8.02,1
13045,7078,2024-11-28,Pro,11,4,655,15.3,1
13046,7078,2024-12-05,Pro,10,2,469,19.02,1
13047,7078,2024-12-12,Pro,9,2,596,17.37,1
13048,7079,2024-08-14,Enterprise,341,32,57510,149.62,0
13049,7079,2024-08-21,Enterprise,471,119,14404,482.11,0
13050,7079,2024-08-28,Enterprise,240,72,55946,265.57,0
13051,7079,2024-09-04,Enterprise,170,135,71395,220.98,0
13052,7079,2024-09-11,Enterprise,167,181,49293,127.23,0
13053,7079,2024-12-14,Business,46,29,5756,17.59,0
13054,7079,2024-12-21,Business,84,10,12506,74.47,0
13055,7079,2024-12-28,Business,38,18,13009,40.4,0
13056,7082,2024-12-14,Pro,15,3,622,8.6,1
13057,7082,2024-12-21,Pro,3,2,752,16.13,1
13058,7082,2024-12-28,Pro,6,1,465,17.25,1
13059,7083,2024-07-14,Business,17,38,1856,45.96,1
13060,7083,2024-07-21,Business,21,9,4050,21.54,1
13061,7083,2024-07-28,Business,25,21,2174,17.78,1
13062,7083,2024-08-04,Business,6,8,4783,23.2,1
13063,7083,2024-08-11,Business,14,3,2421,72.33,1
13064,7088,2024-09-15,Starter,12,2,119,4.97,0
13065,7088,2024-09-22,Starter,10,2,583,2.96,0
13066,7088,2024-09-29,Starter,10,1,418,4.59,0
13067,7088,2024-10-06,Starter,11,2,684,3.77,0
13068,7088,2024-10-13,Starter,4,2,856,1.53,0
13069,7088,2024-12-15,Pro,30,12,2607,11.09,0
13070,7088,2024-12-22,Pro,21,13,1609,15.47,0
13071,7088,2024-12-29,Pro,26,12,3217,8.42,0
13072,7089,2024-12-15,Pro,20,2,2297,13.68,0
13073,7089,2024-12-22,Pro,38,5,2136,7.63,0
13074,7089,2024-12-29,Pro,8,12,1583,7.76,0
13075,7092,2024-12-15,Pro,18,6,5131,8.99,0
13076,7092,2024-12-22,Pro,20,13,846,17.02,0
13077,7092,2024-12-29,Pro,34,13,932,6.9,0
13078,7100,2024-09-15,Business,61,29,6423,28.22,0
13079,7100,2024-09-22,Business,47,37,12483,79.78,0
13080,7100,2024-09-29,Business,63,31,8001,100.87,0
13081,7100,2024-10-06,Business,104,25,8767,15.98,0
13082,7100,2024-10-13,Business,38,12,2406,45.32,0
13083,7100,2024-12-15,Pro,12,6,2751,15.42,0
13084,7100,2024-12-22,Pro,30,13,1972,18.34,0
13085,7100,2024-12-29,Pro,37,13,4619,17.67,0
13086,7101,2024-12-15,Starter,10,1,617,2.5,0
13087,7101,2024-12-22,Starter,14,1,280,4.52,0
13088,7101,2024-12-29,Starter,9,4,362,3.95,0
13089,7103,2024-12-15,Enterprise,159,123,51697,253.99,0
13090,7103,2024-12-22,Enterprise,99,92,58500,206.41,0
13091,7103,2024-12-29,Enterprise,61,54,82080,168.85,0
13092,7104,2024-12-15,Pro,12,7,1578,19.53,0
13093,7104,2024-12-22,Pro,21,6,1532,5.11,0
13094,7104,2024-12-29,Pro,18,3,3271,2.83,0
13095,7107,2024-12-15,Starter,5,2,328,0.94,0
13096,7107,2024-12-22,Starter,11,3,659,1.71,0
13097,7107,2024-12-29,Starter,6,4,544,4.92,0
13098,7113,2024-11-16,Business,63,46,15011,18.34,0
13099,7113,2024-11-23,Business,60,53,4146,74.9,0
13100,7113,2024-11-30,Business,68,22,5465,47.05,0
13101,7113,2024-12-07,Business,75,20,5963,98.71,0
13102,7113,2024-12-14,Business,83,36,5264,92.74,0
13103,7113,2024-12-16,Enterprise,173,89,88118,350.53,0
13104,7113,2024-12-23,Enterprise,380,168,80887,471.94,0
13105,7113,2024-12-30,Enterprise,113,175,73654,402.89,0
13106,7115,2024-08-17,Starter,7,2,81,1.07,1
13107,7115,2024-08-24,Starter,4,2,93,2.62,1
13108,7115,2024-08-31,Starter,4,1,124,3.13,1
13109,7115,2024-09-07,Starter,1,1,128,1.27,1
13110,7115,2024-09-14,Starter,0,1,82,1.41,1
13111,7117,2024-12-17,Business,135,23,13237,24.36,0
13112,7117,2024-12-24,Business,74,46,9194,42.78,0
13113,7117,2024-12-31,Business,79,11,3953,63.76,0
13114,7118,2024-12-17,Starter,7,3,870,1.86,0
13115,7118,2024-12-24,Starter,11,2,574,2.22,0
13116,7118,2024-12-31,Starter,12,3,1128,4.85,0
13117,7122,2024-11-17,Enterprise,73,145,75853,239.56,1
13118,7122,2024-11-24,Enterprise,63,45,43856,97.33,1
13119,7122,2024-12-01,Enterprise,39,52,10690,504.07,1
13120,7122,2024-12-08,Enterprise,23,37,15769,191.81,1
13121,7122,2024-12-15,Enterprise,27,24,12023,357.3,1
13122,7124,2024-10-17,Pro,35,3,962,4.89,0
13123,7124,2024-10-24,Pro,21,7,3525,9.48,0
13124,7124,2024-10-31,Pro,40,9,5365,18.98,0
13125,7124,2024-11-07,Pro,48,8,1920,4.33,0
13126,7124,2024-11-14,Pro,54,7,3463,14.22,0
13127,7124,2024-12-17,Business,52,26,13718,11.58,0
13128,7124,2024-12-24,Business,127,21,4998,54.06,0
13129,7124,2024-12-31,Business,160,25,10495,29.03,0
13130,7129,2024-12-17,Business,58,15,2405,46.65,1
13131,7129,2024-12-24,Business,22,8,2679,97.82,1
13132,7129,2024-12-31,Business,25,6,1855,19.03,1
13133,7131,2024-09-17,Pro,37,3,491,10.87,1
13134,7131,2024-09-24,Pro,14,5,1732,8.26,1
13135,7131,2024-10-01,Pro,14,4,1765,3.53,1
13136,7131,2024-10-08,Pro,9,1,657,8.54,1
13137,7131,2024-10-15,Pro,7,2,394,10.65,1
13138,7135,2024-12-18,Starter,12,3,520,4.31,0
13139,7135,2024-12-25,Starter,5,3,692,3.28,0
13140,7138,2024-12-18,Enterprise,209,104,32427,66.26,0
13141,7138,2024-12-25,Enterprise,341,67,58003,237.11,0
13142,7139,2024-10-18,Pro,48,8,2722,15.6,0
13143,7139,2024-10-25,Pro,36,12,4317,5.71,0
13144,7139,2024-11-01,Pro,63,3,3515,12.12,0
13145,7139,2024-11-08,Pro,28,5,990,3.9,0
13146,7139,2024-11-15,Pro,38,12,3485,17.76,0
13147,7139,2024-12-18,Business,80,51,10428,75.91,0
13148,7139,2024-12-25,Business,80,12,9381,36.97,0
13149,7140,2024-11-18,Pro,30,11,3474,10.01,0
13150,7140,2024-11-25,Pro,18,6,3207,2.31,0
13151,7140,2024-12-02,Pro,28,5,2690,16.55,0
13152,7140,2024-12-09,Pro,46,8,1174,8.44,0
13153,7140,2024-12-16,Pro,45,12,1454,5.67,0
13154,7140,2024-12-18,Business,124,34,13896,62.41,0
13155,7140,2024-12-25,Business,135,35,19394,44.71,0
13156,7144,2024-12-18,Pro,23,5,3580,18.56,0
13157,7144,2024-12-25,Pro,68,4,951,11.61,0
13158,7150,2024-12-18,Business,90,16,19392,36.26,0
13159,7150,2024-12-25,Business,72,13,18394,84.02,0
13160,7154,2024-12-19,Business,93,39,13403,38.59,0
13161,7154,2024-12-26,Business,103,21,9253,30.33,0
13162,7159,2024-12-19,Starter,8,4,277,2.72,0
13163,7159,2024-12-26,Starter,7,2,837,1.89,0
13164,7161,2024-08-19,Pro,28,9,2918,16.83,1
13165,7161,2024-08-26,Pro,35,5,1536,7.52,1
13166,7161,2024-09-02,Pro,6,4,607,4.18,1
13167,7161,2024-09-09,Pro,5,1,276,16.95,1
13168,7161,2024-09-16,Pro,12,1,710,18.43,1
13169,7163,2024-12-19,Pro,12,4,1364,12.84,1
13170,7163,2024-12-26,Pro,12,1,810,8.53,1
13171,7164,2024-10-19,Starter,8,4,414,2.96,0
13172,7164,2024-10-26,Starter,9,3,105,1.78,0
13173,7164,2024-11-02,Starter,5,3,942,3.06,0
13174,7164,2024-11-09,Starter,6,1,831,2.05,0
13175,7164,2024-11-16,Starter,8,3,276,2.07,0
13176,7164,2024-12-19,Pro,28,6,3714,9.54,0
13177,7164,2024-12-26,Pro,28,4,3312,4.02,0
13178,7165,2024-12-19,Enterprise,199,69,88418,326.6,0
13179,7165,2024-12-26,Enterprise,152,149,62749,326.53,0
13180,7173,2024-12-20,Business,75,10,14225,68.16,0
13181,7173,2024-12-27,Business,86,20,3698,21.79,0
13182,7174,2024-08-20,Starter,6,3,589,2.98,0
13183,7174,2024-08-27,Starter,8,4,594,2.0,0
13184,7174,2024-09-03,Starter,8,3,879,1.73,0
13185,7174,2024-09-10,Starter,10,3,581,3.68,0
13186,7174,2024-09-17,Starter,9,3,306,4.14,0
13187,7174,2024-09-20,Pro,41,10,2277,19.3,0
13188,7174,2024-09-27,Pro,33,2,1367,9.19,0
13189,7174,2024-10-04,Pro,25,7,1500,9.98,0
13190,7174,2024-10-11,Pro,38,11,3449,19.64,0
13191,7174,2024-10-18,Pro,29,4,5045,5.11,0
13192,7174,2024-11-20,Business,96,28,15809,80.01,0
13193,7174,2024-11-27,Business,72,17,3943,67.22,0
13194,7174,2024-12-04,Business,126,19,6235,18.15,0
13195,7174,2024-12-11,Business,68,45,16054,33.3,0
13196,7174,2024-12-18,Business,70,34,10620,77.67,0
13197,7174,2024-12-20,Enterprise,377,156,34623,325.89,0
13198,7174,2024-12-27,Enterprise,332,77,71248,189.35,0
13199,7176,2024-12-20,Business,114,9,12669,36.8,0
13200,7176,2024-12-27,Business,108,22,3348,22.93,0
13201,7183,2024-12-20,Pro,27,6,763,7.01,0
13202,7183,2024-12-27,Pro,33,4,3753,4.4,0
13203,7184,2024-12-20,Enterprise,122,81,98479,470.99,0
13204,7184,2024-12-27,Enterprise,281,43,46175,483.02,0
13205,7187,2024-12-20,Pro,14,5,693,2.92,0
13206,7187,2024-12-27,Pro,26,6,993,15.01,0
13207,7189,2024-12-20,Enterprise,246,165,15780,144.23,0
13208,7189,2024-12-27,Enterprise,117,142,34844,148.28,0
13209,7191,2024-12-21,Starter,5,3,181,0.81,0
13210,7191,2024-12-28,Starter,8,3,706,2.06,0
13211,7192,2024-07-21,Starter,6,1,165,2.91,1
13212,7192,2024-07-28,Starter,4,1,488,3.89,1
13213,7192,2024-08-04,Starter,2,1,163,4.91,1
13214,7192,2024-08-11,Starter,1,1,125,3.69,1
13215,7192,2024-08-18,Starter,1,1,151,2.3,1
13216,7195,2024-12-21,Enterprise,298,41,14363,178.72,0
13217,7195,2024-12-28,Enterprise,222,106,48610,159.54,0
13218,7196,2024-07-21,Pro,15,8,1171,12.9,0
13219,7196,2024-07-28,Pro,9,12,1490,5.71,0
13220,7196,2024-08-04,Pro,34,4,725,16.7,0
13221,7196,2024-08-11,Pro,14,13,2578,15.03,0
13222,7196,2024-08-18,Pro,42,4,2788,6.09,0
13223,7196,2024-12-21,Starter,11,1,215,4.6,0
13224,7196,2024-12-28,Starter,6,2,395,5.03,0
13225,7200,2024-12-21,Business,93,49,8165,92.36,0
13226,7200,2024-12-28,Business,71,26,5333,62.54,0
13227,7201,2024-11-21,Business,85,35,12804,36.12,1
13228,7201,2024-11-28,Business,91,21,6324,46.61,1
13229,7201,2024-12-05,Business,43,17,5861,78.36,1
13230,7201,2024-12-12,Business,21,8,3048,41.82,1
13231,7201,2024-12-19,Business,8,7,3090,86.47,1
13232,7203,2024-08-21,Starter,5,2,400,2.96,1
13233,7203,2024-08-28,Starter,2,2,241,2.52,1
13234,7203,2024-09-04,Starter,4,1,134,5.07,1
13235,7203,2024-09-11,Starter,3,1,98,4.61,1
13236,7203,2024-09-18,Starter,2,1,70,3.18,1
13237,7206,2024-12-21,Enterprise,116,75,56736,316.55,0
13238,7206,2024-12-28,Enterprise,172,177,80960,275.09,0
13239,7208,2024-12-21,Pro,2,3,1387,3.58,1
13240,7208,2024-12-28,Pro,2,2,322,7.75,1
13241,7215,2024-12-22,Enterprise,259,164,54459,339.31,0
13242,7215,2024-12-29,Enterprise,73,107,62174,463.51,0
13243,7221,2024-12-23,Enterprise,389,145,16354,195.01,0
13244,7221,2024-12-30,Enterprise,232,139,22344,422.34,0
13245,7224,2024-12-23,Enterprise,420,68,38695,174.67,0
13246,7224,2024-12-30,Enterprise,103,81,65279,258.11,0
13247,7225,2024-12-23,Business,9,11,2030,98.58,1
13248,7225,2024-12-30,Business,9,5,2293,37.75,1
13249,7231,2024-07-23,Starter,5,3,397,1.16,1
13250,7231,2024-07-30,Starter,6,1,467,2.4,1
13251,7231,2024-08-06,Starter,4,1,300,1.14,1
13252,7231,2024-08-13,Starter,1,1,128,4.22,1
13253,7231,2024-08-20,Starter,3,1,40,4.31,1
13254,7232,2024-12-23,Pro,23,8,3322,4.44,0
13255,7232,2024-12-30,Pro,48,10,2612,14.5,0
13256,7234,2024-07-23,Starter,5,1,746,4.69,0
13257,7234,2024-07-30,Starter,19,4,750,2.78,0
13258,7234,2024-08-06,Starter,9,4,296,0.91,0
13259,7234,2024-08-13,Starter,8,4,590,3.6,0
13260,7234,2024-08-20,Starter,22,4,1070,4.57,0
13261,7234,2024-10-23,Pro,23,10,480,7.67,1
13262,7234,2024-10-30,Pro,10,2,1374,15.54,1
13263,7234,2024-11-06,Pro,17,1,455,19.19,1
13264,7234,2024-11-13,Pro,3,2,396,8.28,1
13265,7234,2024-11-20,Pro,3,1,381,10.47,1
13266,7238,2024-11-24,Starter,9,2,816,0.82,0
13267,7238,2024-12-01,Starter,7,4,392,2.98,0
13268,7238,2024-12-08,Starter,3,2,518,3.44,0
13269,7238,2024-12-15,Starter,11,2,906,4.19,0
13270,7238,2024-12-22,Starter,5,4,405,1.37,0
13271,7238,2024-12-24,Pro,54,9,627,9.72,0
13272,7238,2024-12-31,Pro,44,9,562,5.46,0
13273,7239,2024-12-24,Starter,2,1,109,4.27,1
13274,7239,2024-12-31,Starter,2,1,70,0.79,1
13275,7241,2024-12-24,Enterprise,373,124,31050,408.28,0
13276,7241,2024-12-31,Enterprise,347,162,79272,217.58,0
13277,7243,2024-12-24,Starter,11,3,705,4.07,0
13278,7243,2024-12-31,Starter,6,2,128,0.91,0
13279,7245,2024-12-24,Starter,7,3,576,2.0,0
13280,7245,2024-12-31,Starter,21,1,644,4.86,0
13281,7255,2024-10-24,Pro,41,10,1736,16.74,0
13282,7255,2024-10-31,Pro,48,3,1719,2.07,0
13283,7255,2024-11-07,Pro,49,6,497,4.72,0
13284,7255,2024-11-14,Pro,42,4,3467,6.09,0
13285,7255,2024-11-21,Pro,33,10,1654,5.47,0
13286,7255,2024-12-24,Business,58,21,4409,34.07,0
13287,7255,2024-12-31,Business,82,47,11676,82.76,0
13288,7256,2024-12-24,Business,79,26,5576,58.41,0
13289,7256,2024-12-31,Business,132,47,2850,14.48,0
13290,7259,2024-12-25,Pro,56,6,4255,13.51,0
13291,7265,2024-12-25,Enterprise,157,171,46861,207.55,0
13292,7269,2024-12-25,Starter,14,4,242,1.32,0
13293,7270,2024-12-25,Business,115,40,6284,94.56,0
13294,7272,2024-12-25,Enterprise,216,191,90518,446.13,0
13295,7274,2024-12-25,Enterprise,509,95,50133,406.64,0
13296,7282,2024-12-26,Enterprise,449,176,11473,208.17,0
13297,7284,2024-11-26,Enterprise,262,145,26575,171.75,0
13298,7284,2024-12-03,Enterprise,297,124,74796,389.9,0
13299,7284,2024-12-10,Enterprise,444,88,19351,281.59,0
13300,7284,2024-12-17,Enterprise,442,198,44936,311.56,0
13301,7284,2024-12-24,Enterprise,585,120,39936,512.6,0
13302,7284,2024-12-26,Business,62,20,4125,72.24,0
13303,7287,2024-09-26,Pro,22,11,1931,20.05,0
13304,7287,2024-10-03,Pro,20,16,2136,2.03,0
13305,7287,2024-10-10,Pro,49,5,3881,5.37,0
13306,7287,2024-10-17,Pro,18,13,3541,11.75,0
13307,7287,2024-10-24,Pro,39,9,3811,5.46,0
13308,7287,2024-12-26,Business,17,2,1354,78.37,1
13309,7289,2024-12-26,Pro,14,11,4468,9.87,0
13310,7294,2024-12-26,Enterprise,97,170,19756,50.39,0
13311,7296,2024-12-26,Pro,26,15,2371,15.54,0
13312,7297,2024-07-26,Starter,5,2,758,3.49,0
13313,7297,2024-08-02,Starter,11,1,894,5.07,0
13314,7297,2024-08-09,Starter,8,4,1038,0.85,0
13315,7297,2024-08-16,Starter,10,1,608,2.95,0
13316,7297,2024-08-23,Starter,12,3,128,3.35,0
13317,7297,2024-12-26,Pro,43,11,4642,2.95,0
13318,7299,2024-10-27,Starter,10,1,376,4.07,0
13319,7299,2024-11-03,Starter,11,1,717,4.89,0
13320,7299,2024-11-10,Starter,9,4,973,2.15,0
13321,7299,2024-11-17,Starter,8,1,170,3.85,1
13322,7299,2024-11-24,Starter,4,1,574,1.23,1
13323,7299,2024-11-27,Pro,41,5,2190,2.47,1
13324,7299,2024-12-04,Pro,11,4,1125,13.16,1
13325,7299,2024-12-11,Pro,20,3,245,9.12,1
13326,7299,2024-12-18,Pro,4,1,251,18.91,1
13327,7299,2024-12-25,Pro,5,1,455,2.08,1
13328,7300,2024-12-27,Pro,27,5,879,11.24,0
13329,7305,2024-09-27,Pro,27,5,1827,14.84,0
13330,7305,2024-10-04,Pro,50,7,4486,18.2,0
13331,7305,2024-10-11,Pro,66,4,2674,8.61,0
13332,7305,2024-10-18,Pro,55,12,5192,5.17,0
13333,7305,2024-10-25,Pro,39,8,1550,7.15,0
13334,7305,2024-12-27,Business,79,44,5025,10.53,0
13335,7307,2024-11-27,Pro,59,3,745,12.64,0
13336,7307,2024-12-04,Pro,56,4,1108,7.8,0
13337,7307,2024-12-11,Pro,16,4,1500,19.01,0
13338,7307,2024-12-18,Pro,27,5,2561,3.86,0
13339,7307,2024-12-25,Pro,62,14,4050,10.16,0
13340,7307,2024-12-27,Business,73,13,19505,76.69,0
13341,7311,2024-07-27,Enterprise,97,171,42611,340.38,0
13342,7311,2024-08-03,Enterprise,253,66,29480,515.51,0
13343,7311,2024-08-10,Enterprise,97,49,102334,75.06,0
13344,7311,2024-08-17,Enterprise,277,109,75373,114.7,0
13345,7311,2024-08-24,Enterprise,204,110,27252,475.48,0
13346,7311,2024-12-27,Business,130,11,4373,67.51,0
13347,7313,2024-12-27,Starter,11,2,697,1.93,0
13348,7315,2024-12-27,Enterprise,257,55,42830,146.81,0
13349,7319,2024-09-27,Enterprise,375,52,42295,238.34,0
13350,7319,2024-10-04,Enterprise,469,54,62286,371.81,0
13351,7319,2024-10-11,Enterprise,139,63,104128,442.59,0
13352,7319,2024-10-18,Enterprise,381,30,86850,283.36,0
13353,7319,2024-10-25,Enterprise,175,52,18640,181.13,0
13354,7319,2024-11-27,Business,44,28,8128,68.61,1
13355,7319,2024-12-04,Business,55,21,4509,76.87,1
13356,7319,2024-12-11,Business,51,7,4218,61.3,1
13357,7319,2024-12-18,Business,15,4,3764,28.17,1
13358,7319,2024-12-25,Business,17,2,783,86.43,1
13359,7325,2024-09-28,Pro,20,9,1725,7.59,1
13360,7325,2024-10-05,Pro,15,7,1076,14.43,1
13361,7325,2024-10-12,Pro,9,2,1217,4.55,1
13362,7325,2024-10-19,Pro,3,2,352,20.29,1
13363,7325,2024-10-26,Pro,7,1,316,18.66,1
13364,7329,2024-12-28,Starter,9,2,850,3.41,0
13365,7333,2024-11-28,Pro,29,4,2633,8.29,1
13366,7333,2024-12-05,Pro,21,1,758,4.96,1
13367,7333,2024-12-12,Pro,16,5,505,15.74,1
13368,7333,2024-12-19,Pro,5,2,506,11.03,1
13369,7333,2024-12-26,Pro,4,1,225,13.37,1
13370,7334,2024-09-28,Enterprise,214,87,23011,483.64,1
13371,7334,2024-10-05,Enterprise,183,102,41856,415.99,1
13372,7334,2024-10-12,Enterprise,72,11,22010,166.96,1
13373,7334,2024-10-19,Enterprise,17,29,2712,150.6,1
13374,7334,2024-10-26,Enterprise,16,15,12696,372.71,1
13375,7339,2024-07-29,Pro,37,9,1286,11.72,1
13376,7339,2024-08-05,Pro,18,3,712,6.67,1
13377,7339,2024-08-12,Pro,23,4,1318,14.12,1
13378,7339,2024-08-19,Pro,8,2,990,14.28,1
13379,7339,2024-08-26,Pro,11,1,708,9.73,1
13380,7340,2024-11-29,Business,36,29,5618,48.19,1
13381,7340,2024-12-06,Business,22,19,6914,102.78,1
13382,7340,2024-12-13,Business,46,4,6017,73.64,1
13383,7340,2024-12-20,Business,18,8,2140,61.77,1
13384,7340,2024-12-27,Business,12,2,2027,10.59,1
13385,7341,2024-12-29,Business,69,22,1890,66.36,0
13386,7345,2024-08-29,Starter,15,2,487,1.81,1
13387,7345,2024-09-05,Starter,11,2,400,4.76,1
13388,7345,2024-09-12,Starter,4,1,206,1.1,1
13389,7345,2024-09-19,Starter,3,1,205,3.92,1
13390,7345,2024-09-26,Starter,2,1,65,3.42,1
13391,7346,2024-08-29,Starter,6,1,555,2.48,1
13392,7346,2024-09-05,Starter,4,2,146,0.93,1
13393,7346,2024-09-12,Starter,4,1,212,2.78,1
13394,7346,2024-09-19,Starter,3,1,89,2.77,1
13395,7346,2024-09-26,Starter,2,1,170,2.74,1
13396,7354,2024-08-30,Enterprise,210,183,53331,467.78,0
13397,7354,2024-09-06,Enterprise,274,64,37345,233.65,0
13398,7354,2024-09-13,Enterprise,279,73,16275,371.51,0
13399,7354,2024-09-20,Enterprise,150,89,42036,323.72,0
13400,7354,2024-09-27,Enterprise,426,64,37709,70.08,0
13401,7354,2024-12-30,Business,61,17,11032,30.38,0
13402,7356,2024-12-30,Starter,10,1,921,2.47,0
13403,7359,2024-07-30,Pro,33,5,1608,11.18,1
13404,7359,2024-08-06,Pro,31,7,2629,2.5,1
13405,7359,2024-08-13,Pro,15,1,2107,14.08,1
13406,7359,2024-08-20,Pro,10,3,154,12.07,1
13407,7359,2024-08-27,Pro,10,1,504,16.26,1
13408,7361,2024-12-30,Pro,6,1,392,15.94,1
13409,7362,2024-12-30,Business,160,52,19108,25.53,0
13410,7364,2024-12-30,Business,106,20,6041,15.71,0
13411,7365,2024-12-30,Pro,18,15,3254,5.26,0
13412,7370,2024-12-30,Business,156,38,19608,60.61,0
13413,7371,2024-12-30,Business,157,28,6700,67.33,0
13414,7373,2024-12-30,Pro,19,4,3027,2.65,0
13415,7374,2024-12-30,Business,68,23,15877,21.62,0
13416,7380,2024-12-30,Pro,20,4,4230,4.46,0
13417,7381,2024-08-31,Starter,5,1,232,2.78,1
13418,7381,2024-09-07,Starter,6,1,187,1.9,1
13419,7381,2024-09-14,Starter,4,1,383,4.19,1
13420,7381,2024-09-21,Starter,1,1,67,4.21,1
13421,7381,2024-09-28,Starter,1,1,151,0.78,1
13422,7383,2024-11-30,Enterprise,336,109,68406,384.83,0
13423,7383,2024-12-07,Enterprise,71,158,40647,464.16,0
13424,7383,2024-12-14,Enterprise,315,202,25982,116.02,0
13425,7383,2024-12-21,Enterprise,103,87,91485,381.33,0
13426,7383,2024-12-28,Enterprise,64,38,86864,492.19,0
13427,7383,2024-12-30,Business,64,24,6740,86.23,0
13428,7386,2024-12-30,Business,136,29,15453,31.25,0
13429,7392,2024-12-01,Starter,6,2,494,1.14,0
13430,7392,2024-12-08,Starter,3,1,1001,1.29,0
13431,7392,2024-12-15,Starter,13,1,108,2.9,0
13432,7392,2024-12-22,Starter,9,1,763,0.72,0
13433,7392,2024-12-29,Starter,5,5,825,4.43,0
13434,7397,2024-12-01,Pro,40,7,1840,10.68,0
13435,7397,2024-12-08,Pro,19,3,2968,19.78,0
13436,7397,2024-12-15,Pro,39,14,2072,17.32,0
13437,7397,2024-12-22,Pro,33,4,1759,9.29,0
13438,7397,2024-12-29,Pro,33,11,2694,11.33,0
13439,7398,2024-10-01,Business,34,17,11331,37.46,1
13440,7398,2024-10-08,Business,69,17,1899,25.0,1
13441,7398,2024-10-15,Business,18,15,4402,98.09,1
13442,7398,2024-10-22,Business,22,6,1250,44.08,1
13443,7398,2024-10-29,Business,23,8,2932,27.45,1
13444,7401,2024-12-01,Enterprise,241,160,52383,324.1,0
13445,7401,2024-12-08,Enterprise,141,46,60917,108.01,0
13446,7401,2024-12-15,Enterprise,145,81,68877,381.78,0
13447,7401,2024-12-22,Enterprise,74,190,36628,134.75,0
13448,7401,2024-12-29,Enterprise,239,168,13605,123.49,0
13449,7403,2024-12-01,Business,103,50,8553,43.43,0
13450,7403,2024-12-08,Business,46,40,9717,69.68,0
13451,7403,2024-12-15,Business,86,42,14462,19.28,0
13452,7403,2024-12-22,Business,26,50,11811,47.11,0
13453,7403,2024-12-29,Business,79,21,20922,90.94,0
13454,7404,2024-12-01,Enterprise,59,109,71977,193.72,0
13455,7404,2024-12-08,Enterprise,331,194,87051,481.06,0
13456,7404,2024-12-15,Enterprise,108,35,52796,314.49,0
13457,7404,2024-12-22,Enterprise,304,124,29439,250.05,0
13458,7404,2024-12-29,Enterprise,126,125,49609,145.42,0
13459,7406,2024-09-01,Pro,34,4,3793,9.62,0
13460,7406,2024-09-08,Pro,38,6,2951,6.96,0
13461,7406,2024-09-15,Pro,17,7,3002,18.2,0
13462,7406,2024-09-22,Pro,25,8,678,16.69,0
13463,7406,2024-09-29,Pro,31,5,4104,14.17,0
13464,7406,2024-12-01,Starter,4,3,590,2.09,0
13465,7406,2024-12-08,Starter,7,3,302,2.98,0
13466,7406,2024-12-15,Starter,4,2,920,4.03,0
13467,7406,2024-12-22,Starter,3,2,931,4.37,0
13468,7406,2024-12-29,Starter,13,4,655,3.37,0
13469,7409,2024-09-01,Pro,36,16,1351,19.36,0
13470,7409,2024-09-08,Pro,23,9,2646,13.1,0
13471,7409,2024-09-15,Pro,16,5,2958,3.43,0
13472,7409,2024-09-22,Pro,26,9,5021,12.9,0
13473,7409,2024-09-29,Pro,20,8,1363,3.69,0
13474,7409,2024-12-01,Business,112,30,4798,45.54,0
13475,7409,2024-12-08,Business,45,33,11368,69.22,0
13476,7409,2024-12-15,Business,50,41,8826,45.41,0
13477,7409,2024-12-22,Business,82,37,9406,40.93,0
13478,7409,2024-12-29,Business,72,43,9261,70.16,0
13479,7412,2024-08-02,Pro,17,11,2400,16.46,0
13480,7412,2024-08-09,Pro,54,16,2691,8.66,0
13481,7412,2024-08-16,Pro,33,8,3017,13.4,0
13482,7412,2024-08-23,Pro,53,12,4898,13.27,0
13483,7412,2024-08-30,Pro,54,12,2583,12.01,0
13484,7412,2024-12-02,Business,67,45,13046,58.96,0
13485,7412,2024-12-09,Business,75,40,13070,39.28,0
13486,7412,2024-12-16,Business,138,46,7353,39.26,0
13487,7412,2024-12-23,Business,46,31,4728,89.4,0
13488,7412,2024-12-30,Business,133,32,3634,86.4,0
13489,7415,2024-12-02,Pro,17,4,2211,17.45,0
13490,7415,2024-12-09,Pro,53,11,1766,17.74,0
13491,7415,2024-12-16,Pro,32,13,2195,15.65,0
13492,7415,2024-12-23,Pro,14,6,4093,6.22,0
13493,7415,2024-12-30,Pro,25,14,3778,17.95,0
13494,7418,2024-12-02,Enterprise,226,149,40495,278.07,0
13495,7418,2024-12-09,Enterprise,263,114,19244,240.62,0
13496,7418,2024-12-16,Enterprise,477,62,81018,440.35,0
13497,7418,2024-12-23,Enterprise,315,171,11705,197.09,0
13498,7418,2024-12-30,Enterprise,505,142,84401,177.32,0
13499,7419,2024-12-02,Business,79,36,21523,89.1,0
13500,7419,2024-12-09,Business,95,37,8115,68.72,0
13501,7419,2024-12-16,Business,124,47,6219,77.41,0
13502,7419,2024-12-23,Business,116,41,13715,25.5,0
13503,7419,2024-12-30,Business,44,12,15420,14.72,0
13504,7424,2024-12-02,Starter,20,3,1063,0.58,0
13505,7424,2024-12-09,Starter,17,1,661,3.3,0
13506,7424,2024-12-16,Starter,13,2,501,2.35,0
13507,7424,2024-12-23,Starter,11,3,813,3.05,0
13508,7424,2024-12-30,Starter,9,2,181,5.11,0
13509,7427,2024-10-02,Pro,15,3,531,5.02,1
13510,7427,2024-10-09,Pro,21,4,593,9.75,1
13511,7427,2024-10-16,Pro,12,1,879,3.79,1
13512,7427,2024-10-23,Pro,5,1,628,2.08,1
13513,7427,2024-10-30,Pro,3,1,127,4.27,1
13514,7429,2024-12-02,Business,126,35,18449,17.97,0
13515,7429,2024-12-09,Business,68,23,6328,39.81,0
13516,7429,2024-12-16,Business,77,28,9576,82.1,0
13517,7429,2024-12-23,Business,98,27,14925,83.2,0
13518,7429,2024-12-30,Business,59,17,6939,98.79,0
13519,7436,2024-11-03,Starter,7,2,646,3.86,1
13520,7436,2024-11-10,Starter,4,1,174,1.45,1
13521,7436,2024-11-17,Starter,1,1,245,1.12,1
13522,7436,2024-11-24,Starter,1,1,199,4.55,1
13523,7436,2024-12-01,Starter,0,1,158,3.32,1
13524,7438,2024-12-03,Starter,9,3,353,3.99,1
13525,7438,2024-12-10,Starter,5,1,318,1.71,1
13526,7438,2024-12-17,Starter,5,1,256,1.48,1
13527,7438,2024-12-24,Starter,2,1,159,1.06,1
13528,7438,2024-12-31,Starter,1,1,175,2.9,1
13529,7439,2024-12-03,Starter,7,4,536,0.59,0
13530,7439,2024-12-10,Starter,5,2,209,3.67,0
13531,7439,2024-12-17,Starter,18,4,537,4.9,0
13532,7439,2024-12-24,Starter,5,1,187,3.05,0
13533,7439,2024-12-31,Starter,11,2,729,0.8,0
13534,7440,2024-12-03,Pro,39,15,2276,11.36,0
13535,7440,2024-12-10,Pro,27,6,2850,19.96,0
13536,7440,2024-12-17,Pro,60,12,2257,2.69,0
13537,7440,2024-12-24,Pro,28,12,4057,9.31,0
13538,7440,2024-12-31,Pro,35,13,614,11.17,0
13539,7441,2024-11-03,Business,58,10,11521,25.63,0
13540,7441,2024-11-10,Business,64,34,16918,76.65,0
13541,7441,2024-11-17,Business,35,14,10237,66.62,0
13542,7441,2024-11-24,Business,66,24,4518,26.1,0
13543,7441,2024-12-01,Business,57,44,7637,42.25,0
13544,7441,2024-12-03,Pro,21,3,2674,4.16,0
13545,7441,2024-12-10,Pro,31,10,3565,8.96,0
13546,7441,2024-12-17,Pro,20,3,4386,7.98,0
13547,7441,2024-12-24,Pro,25,7,2608,3.02,0
13548,7441,2024-12-31,Pro,47,10,4211,14.11,0
13549,7444,2024-12-03,Starter,13,4,936,3.32,0
13550,7444,2024-12-10,Starter,11,1,310,1.74,0
13551,7444,2024-12-17,Starter,14,2,806,3.9,0
13552,7444,2024-12-24,Starter,7,3,457,3.29,0
13553,7444,2024-12-31,Starter,20,3,963,2.05,0
13554,7445,2024-12-03,Pro,15,9,1521,9.77,0
13555,7445,2024-12-10,Pro,21,10,3711,17.51,0
13556,7445,2024-12-17,Pro,31,12,4321,10.27,0
13557,7445,2024-12-24,Pro,39,7,1010,2.75,0
13558,7445,2024-12-31,Pro,47,4,3196,9.35,0
13559,7446,2024-12-03,Starter,12,4,771,1.89,0
13560,7446,2024-12-10,Starter,12,3,423,4.07,0
13561,7446,2024-12-17,Starter,9,1,219,4.0,0
13562,7446,2024-12-24,Starter,5,1,418,4.35,0
13563,7446,2024-12-31,Starter,12,2,387,3.64,0
13564,7450,2024-08-04,Business,41,26,8970,43.99,0
13565,7450,2024-08-11,Business,57,30,7738,13.49,0
13566,7450,2024-08-18,Business,39,45,7966,77.28,0
13567,7450,2024-08-25,Business,59,37,3586,53.84,0
13568,7450,2024-09-01,Business,44,23,8287,89.88,0
13569,7450,2024-12-04,Pro,43,5,3609,9.95,0
13570,7450,2024-12-11,Pro,44,5,817,2.61,0
13571,7450,2024-12-18,Pro,46,9,2992,19.59,0
13572,7450,2024-12-25,Pro,38,12,2682,11.43,0
13573,7452,2024-12-04,Pro,30,6,1735,13.18,0
13574,7452,2024-12-11,Pro,21,15,2774,6.51,0
13575,7452,2024-12-18,Pro,23,10,1714,7.4,0
13576,7452,2024-12-25,Pro,19,8,2778,13.16,0
13577,7454,2024-12-04,Pro,26,8,2617,11.97,0
13578,7454,2024-12-11,Pro,37,4,4788,11.5,0
13579,7454,2024-12-18,Pro,30,5,1820,13.91,0
13580,7454,2024-12-25,Pro,16,10,814,6.63,0
13581,7455,2024-08-04,Pro,10,7,2694,4.14,1
13582,7455,2024-08-11,Pro,5,7,2460,18.46,1
13583,7455,2024-08-18,Pro,14,1,951,9.97,1
13584,7455,2024-08-25,Pro,4,1,434,13.06,1
13585,7455,2024-09-01,Pro,3,1,370,8.47,1
13586,7456,2024-12-04,Enterprise,144,204,49472,412.35,0
13587,7456,2024-12-11,Enterprise,347,61,54021,51.91,0
13588,7456,2024-12-18,Enterprise,467,122,44896,51.79,0
13589,7456,2024-12-25,Enterprise,268,90,12550,95.47,0
13590,7461,2024-12-04,Business,100,43,5959,70.46,0
13591,7461,2024-12-11,Business,45,19,2084,49.13,0
13592,7461,2024-12-18,Business,129,16,12879,43.57,0
13593,7461,2024-12-25,Business,63,29,16810,86.1,0
13594,7463,2024-12-04,Pro,30,10,2503,16.45,0
13595,7463,2024-12-11,Pro,44,7,3192,7.51,0
13596,7463,2024-12-18,Pro,41,11,3942,18.63,0
13597,7463,2024-12-25,Pro,18,9,2408,9.2,0
13598,7469,2024-12-05,Pro,52,9,2320,7.47,0
13599,7469,2024-12-12,Pro,33,3,3105,14.52,0
13600,7469,2024-12-19,Pro,32,13,4079,16.61,0
13601,7469,2024-12-26,Pro,54,7,2176,18.16,0
13602,7470,2024-12-05,Enterprise,439,76,45501,205.16,0
13603,7470,2024-12-12,Enterprise,258,178,47981,441.21,0
13604,7470,2024-12-19,Enterprise,147,162,95467,477.17,0
13605,7470,2024-12-26,Enterprise,453,89,33234,227.11,0
13606,7475,2024-12-05,Business,112,42,10451,36.95,0
13607,7475,2024-12-12,Business,81,30,9642,44.82,0
13608,7475,2024-12-19,Business,84,16,13411,21.63,0
13609,7475,2024-12-26,Business,102,37,8632,74.44,0
13610,7477,2024-09-05,Pro,48,10,4601,8.01,0
13611,7477,2024-09-12,Pro,60,8,1224,8.87,0
13612,7477,2024-09-19,Pro,29,12,2629,10.63,0
13613,7477,2024-09-26,Pro,48,6,1862,2.18,0
13614,7477,2024-10-03,Pro,51,11,1254,6.46,0
13615,7477,2024-11-05,Starter,6,1,334,4.11,1
13616,7477,2024-11-12,Starter,4,2,106,3.58,1
13617,7477,2024-11-19,Starter,3,1,259,2.61,1
13618,7477,2024-11-26,Starter,1,1,115,4.57,1
13619,7477,2024-12-03,Starter,2,1,145,2.81,1
13620,7481,2024-12-05,Pro,28,8,2232,11.55,0
13621,7481,2024-12-12,Pro,19,12,5717,15.74,0
13622,7481,2024-12-19,Pro,20,12,3583,7.79,0
13623,7481,2024-12-26,Pro,21,5,4464,13.8,0
13624,7483,2024-11-05,Starter,5,2,120,2.78,1
13625,7483,2024-11-12,Starter,4,2,447,0.94,1
13626,7483,2024-11-19,Starter,2,1,191,3.84,1
13627,7483,2024-11-26,Starter,1,1,77,3.22,1
13628,7483,2024-12-03,Starter,2,1,219,4.38,1
13629,7485,2024-12-05,Enterprise,131,107,29151,168.95,0
13630,7485,2024-12-12,Enterprise,172,82,80350,279.76,0
13631,7485,2024-12-19,Enterprise,214,196,64185,70.04,0
13632,7485,2024-12-26,Enterprise,100,145,47674,381.59,0
13633,7487,2024-08-05,Pro,35,4,4188,2.53,1
13634,7487,2024-08-12,Pro,18,3,832,4.17,1
13635,7487,2024-08-19,Pro,12,2,854,19.76,1
13636,7487,2024-08-26,Pro,13,2,368,9.2,1
13637,7487,2024-09-02,Pro,5,1,740,15.58,1
13638,7490,2024-12-05,Business,99,32,3276,12.34,0
13639,7490,2024-12-12,Business,122,18,17308,31.73,0
13640,7490,2024-12-19,Business,153,10,17876,62.63,0
13641,7490,2024-12-26,Business,122,21,7679,70.33,0
13642,7491,2024-12-05,Enterprise,358,167,96132,398.55,0
13643,7491,2024-12-12,Enterprise,177,102,78598,328.77,0
13644,7491,2024-12-19,Enterprise,468,135,31268,497.32,0
13645,7491,2024-12-26,Enterprise,236,187,32233,408.29,0
13646,7492,2024-12-05,Enterprise,486,147,12351,193.82,0
13647,7492,2024-12-12,Enterprise,385,112,75781,52.34,0
13648,7492,2024-12-19,Enterprise,278,139,93633,511.99,0
13649,7492,2024-12-26,Enterprise,265,98,82637,123.32,0
13650,7497,2024-12-06,Enterprise,148,52,27088,135.3,0
13651,7497,2024-12-13,Enterprise,344,93,99054,245.82,0
13652,7497,2024-12-20,Enterprise,260,141,38536,158.66,0
13653,7497,2024-12-27,Enterprise,461,31,83996,159.74,0
13654,7500,2024-12-06,Enterprise,96,67,67675,118.66,0
13655,7500,2024-12-13,Enterprise,399,147,80528,375.73,0
13656,7500,2024-12-20,Enterprise,205,92,60756,261.64,0
13657,7500,2024-12-27,Enterprise,151,39,90918,278.26,0
13658,7513,2024-12-07,Business,48,40,5330,12.98,0
13659,7513,2024-12-14,Business,25,22,3245,77.17,0
13660,7513,2024-12-21,Business,50,39,14383,100.52,0
13661,7513,2024-12-28,Business,63,13,16436,19.2,0
13662,7521,2024-12-07,Starter,5,1,435,3.69,0
13663,7521,2024-12-14,Starter,3,2,541,4.5,0
13664,7521,2024-12-21,Starter,9,4,931,4.6,0
13665,7521,2024-12-28,Starter,13,4,1025,1.49,0
13666,7525,2024-11-07,Starter,13,2,354,4.3,1
13667,7525,2024-11-14,Starter,2,2,293,2.24,1
13668,7525,2024-11-21,Starter,8,1,41,2.81,1
13669,7525,2024-11-28,Starter,1,1,189,3.11,1
13670,7525,2024-12-05,Starter,1,1,142,1.86,1
13671,7528,2024-12-07,Pro,29,12,2465,6.39,0
13672,7528,2024-12-14,Pro,24,4,1169,2.52,0
13673,7528,2024-12-21,Pro,21,11,4360,7.11,0
13674,7528,2024-12-28,Pro,17,12,3225,2.24,0
13675,7530,2024-09-08,Starter,10,1,273,0.89,0
13676,7530,2024-09-15,Starter,12,4,151,3.77,0
13677,7530,2024-09-22,Starter,12,2,412,2.52,0
13678,7530,2024-09-29,Starter,10,1,140,4.35,0
13679,7530,2024-10-06,Starter,14,4,877,1.9,0
13680,7530,2024-12-08,Pro,29,7,2416,17.49,0
13681,7530,2024-12-15,Pro,39,9,1638,19.66,0
13682,7530,2024-12-22,Pro,32,13,4761,7.28,0
13683,7530,2024-12-29,Pro,32,3,939,9.98,0
13684,7532,2024-09-08,Enterprise,293,89,76120,498.81,0
13685,7532,2024-09-15,Enterprise,194,167,90112,357.91,0
13686,7532,2024-09-22,Enterprise,292,203,70026,450.28,0
13687,7532,2024-09-29,Enterprise,126,72,51508,415.39,0
13688,7532,2024-10-06,Enterprise,79,47,95639,299.32,0
13689,7532,2024-12-08,Business,44,24,7841,41.73,0
13690,7532,2024-12-15,Business,65,42,7082,100.36,0
13691,7532,2024-12-22,Business,103,28,11082,25.67,0
13692,7532,2024-12-29,Business,38,29,9815,68.22,0
13693,7533,2024-12-08,Pro,20,11,2133,18.42,0
13694,7533,2024-12-15,Pro,19,7,2598,8.34,0
13695,7533,2024-12-22,Pro,20,3,4611,3.38,0
13696,7533,2024-12-29,Pro,25,9,3038,6.57,0
13697,7541,2024-10-08,Starter,10,2,181,3.32,1
13698,7541,2024-10-15,Starter,5,2,162,2.17,1
13699,7541,2024-10-22,Starter,5,1,110,3.56,1
13700,7541,2024-10-29,Starter,1,1,230,3.76,1
13701,7541,2024-11-05,Starter,3,1,127,2.11,1
13702,7544,2024-12-08,Pro,30,9,3703,8.68,0
13703,7544,2024-12-15,Pro,11,4,2889,5.99,0
13704,7544,2024-12-22,Pro,8,4,2251,4.38,0
13705,7544,2024-12-29,Pro,40,7,3425,12.92,0
13706,7545,2024-12-08,Starter,10,4,163,3.93,0
13707,7545,2024-12-15,Starter,6,2,471,4.23,0
13708,7545,2024-12-22,Starter,8,2,477,4.66,0
13709,7545,2024-12-29,Starter,9,2,363,4.23,0
13710,7546,2024-12-09,Business,126,21,3571,25.72,0
13711,7546,2024-12-16,Business,50,44,15643,93.45,0
13712,7546,2024-12-23,Business,84,34,11626,83.21,0
13713,7546,2024-12-30,Business,124,52,10058,85.24,0
13714,7560,2024-12-10,Starter,17,3,754,4.96,0
13715,7560,2024-12-17,Starter,15,3,734,3.69,0
13716,7560,2024-12-24,Starter,20,2,626,3.04,0
13717,7560,2024-12-31,Starter,11,4,718,3.31,0
13718,7563,2024-12-10,Starter,8,4,405,0.66,0
13719,7563,2024-12-17,Starter,10,4,198,4.14,0
13720,7563,2024-12-24,Starter,15,2,849,1.55,0
13721,7563,2024-12-31,Starter,6,3,235,4.41,0
13722,7565,2024-12-10,Pro,27,8,3158,12.43,0
13723,7565,2024-12-17,Pro,56,14,2166,3.29,0
13724,7565,2024-12-24,Pro,19,6,1995,16.63,0
13725,7565,2024-12-31,Pro,37,13,2430,14.34,0
13726,7573,2024-12-10,Pro,22,6,4418,15.78,0
13727,7573,2024-12-17,Pro,23,11,2533,2.21,0
13728,7573,2024-12-24,Pro,65,3,3294,10.31,0
13729,7573,2024-12-31,Pro,17,5,855,12.04,0
13730,7574,2024-12-10,Pro,33,8,4323,12.14,0
13731,7574,2024-12-17,Pro,68,10,2907,5.97,0
13732,7574,2024-12-24,Pro,48,6,1435,20.34,0
13733,7574,2024-12-31,Pro,41,12,2602,11.9,0
13734,7576,2024-08-11,Business,28,36,9060,79.32,1
13735,7576,2024-08-18,Business,43,22,8406,57.76,1
13736,7576,2024-08-25,Business,38,11,8883,33.06,1
13737,7576,2024-09-01,Business,11,7,4641,38.16,1
13738,7576,2024-09-08,Business,12,3,2735,96.22,1
13739,7579,2024-09-11,Business,64,21,5111,61.82,1
13740,7579,2024-09-18,Business,55,14,4245,37.2,1
13741,7579,2024-09-25,Business,42,11,2367,33.12,1
13742,7579,2024-10-02,Business,21,5,1135,81.55,1
13743,7579,2024-10-09,Business,18,5,1242,35.16,1
13744,7582,2024-12-11,Business,111,43,3372,42.72,0
13745,7582,2024-12-18,Business,124,41,5760,64.06,0
13746,7582,2024-12-25,Business,89,42,14258,44.56,0
13747,7585,2024-09-11,Starter,14,1,580,1.11,1
13748,7585,2024-09-18,Starter,4,1,577,3.26,1
13749,7585,2024-09-25,Starter,3,1,197,1.14,1
13750,7585,2024-10-02,Starter,3,1,52,1.79,1
13751,7585,2024-10-09,Starter,0,1,190,4.35,1
13752,7590,2024-12-11,Enterprise,270,162,61963,468.83,0
13753,7590,2024-12-18,Enterprise,97,122,74548,475.69,0
13754,7590,2024-12-25,Enterprise,285,133,35716,59.48,0
13755,7591,2024-11-11,Pro,60,8,3381,9.37,0
13756,7591,2024-11-18,Pro,39,8,735,2.66,0
13757,7591,2024-11-25,Pro,42,10,3494,16.06,0
13758,7591,2024-12-02,Pro,22,15,3062,4.41,0
13759,7591,2024-12-09,Pro,50,4,3057,8.64,0
13760,7591,2024-12-11,Starter,4,2,796,3.6,0
13761,7591,2024-12-18,Starter,11,3,449,2.15,0
13762,7591,2024-12-25,Starter,6,4,541,5.2,0
13763,7592,2024-12-11,Enterprise,195,60,75815,278.71,0
13764,7592,2024-12-18,Enterprise,375,42,75977,203.35,0
13765,7592,2024-12-25,Enterprise,339,154,32158,361.57,0
13766,7595,2024-12-12,Enterprise,265,89,74839,272.62,0
13767,7595,2024-12-19,Enterprise,217,178,72328,385.92,0
13768,7595,2024-12-26,Enterprise,482,59,53550,182.87,0
13769,7597,2024-12-12,Starter,15,2,160,4.52,0
13770,7597,2024-12-19,Starter,21,4,1003,0.9,0
13771,7597,2024-12-26,Starter,6,4,429,4.18,0
13772,7602,2024-12-12,Business,58,19,19930,26.03,0
13773,7602,2024-12-19,Business,67,15,18633,19.74,0
13774,7602,2024-12-26,Business,54,37,5167,40.32,0
13775,7607,2024-09-12,Pro,61,13,3729,19.79,0
13776,7607,2024-09-19,Pro,32,12,1583,13.65,0
13777,7607,2024-09-26,Pro,22,16,2591,11.57,0
13778,7607,2024-10-03,Pro,28,10,4777,10.86,0
13779,7607,2024-10-10,Pro,22,8,2862,4.43,0
13780,7607,2024-12-12,Business,136,24,9395,61.41,0
13781,7607,2024-12-19,Business,52,10,8135,10.92,0
13782,7607,2024-12-26,Business,58,45,3997,81.48,0
13783,7609,2024-12-12,Pro,24,7,2541,17.65,0
13784,7609,2024-12-19,Pro,44,10,3243,10.83,0
13785,7609,2024-12-26,Pro,17,7,3632,15.78,0
13786,7613,2024-12-12,Pro,53,13,4680,6.76,0
13787,7613,2024-12-19,Pro,25,10,3959,14.55,0
13788,7613,2024-12-26,Pro,70,5,2696,16.97,0
13789,7622,2024-12-13,Pro,36,10,1502,18.94,0
13790,7622,2024-12-20,Pro,25,4,4243,19.13,0
13791,7622,2024-12-27,Pro,41,12,2974,9.7,0
13792,7629,2024-12-14,Pro,17,9,760,9.02,0
13793,7629,2024-12-21,Pro,17,6,3937,13.94,0
13794,7629,2024-12-28,Pro,40,8,2060,12.55,0
13795,7633,2024-12-14,Enterprise,275,55,39559,126.64,0
13796,7633,2024-12-21,Enterprise,341,207,75151,258.59,0
13797,7633,2024-12-28,Enterprise,83,61,26927,160.07,0
13798,7635,2024-12-14,Starter,10,1,298,0.79,0
13799,7635,2024-12-21,Starter,4,4,372,1.6,0
13800,7635,2024-12-28,Starter,5,1,177,2.53,0
13801,7637,2024-11-14,Business,46,15,19485,70.87,0
13802,7637,2024-11-21,Business,52,23,16933,10.79,0
13803,7637,2024-11-28,Business,108,38,11482,49.98,0
13804,7637,2024-12-05,Business,120,47,15835,23.72,0
13805,7637,2024-12-12,Business,143,45,8046,60.23,0
13806,7637,2024-12-14,Enterprise,267,152,13835,381.94,0
13807,7637,2024-12-21,Enterprise,266,57,97192,289.93,0
13808,7637,2024-12-28,Enterprise,103,113,58882,256.58,0
13809,7640,2024-12-14,Enterprise,282,162,21014,99.62,0
13810,7640,2024-12-21,Enterprise,63,34,36956,66.64,0
13811,7640,2024-12-28,Enterprise,206,103,33637,376.24,0
13812,7646,2024-12-14,Starter,6,1,584,0.85,0
13813,7646,2024-12-21,Starter,6,3,351,3.79,0
13814,7646,2024-12-28,Starter,4,1,918,3.61,0
13815,7654,2024-11-15,Pro,18,12,4967,8.16,0
13816,7654,2024-11-22,Pro,38,13,1228,11.32,0
13817,7654,2024-11-29,Pro,51,14,3680,11.38,0
13818,7654,2024-12-06,Pro,38,6,560,20.34,0
13819,7654,2024-12-13,Pro,26,6,1989,3.89,0
13820,7654,2024-12-15,Business,29,15,15954,76.81,0
13821,7654,2024-12-22,Business,99,45,20048,27.28,0
13822,7654,2024-12-29,Business,43,31,6659,74.59,0
13823,7659,2024-12-15,Pro,26,4,2880,13.57,0
13824,7659,2024-12-22,Pro,20,3,1654,2.39,0
13825,7659,2024-12-29,Pro,19,10,778,10.02,0
13826,7665,2024-12-15,Starter,4,4,951,3.59,0
13827,7665,2024-12-22,Starter,7,3,269,5.22,0
13828,7665,2024-12-29,Starter,9,2,549,4.65,0
13829,7668,2024-12-16,Pro,18,10,943,2.08,0
13830,7668,2024-12-23,Pro,35,5,3249,3.76,0
13831,7668,2024-12-30,Pro,23,12,2052,3.22,0
13832,7678,2024-11-16,Starter,6,2,182,1.34,1
13833,7678,2024-11-23,Starter,2,1,354,1.06,1
13834,7678,2024-11-30,Starter,2,1,336,4.81,1
13835,7678,2024-12-07,Starter,1,1,109,1.26,1
13836,7678,2024-12-14,Starter,1,1,118,2.94,1
13837,7687,2024-12-17,Pro,14,6,1715,7.18,0
13838,7687,2024-12-24,Pro,35,2,5383,16.91,0
13839,7687,2024-12-31,Pro,30,14,3573,15.63,0
13840,7693,2024-12-17,Pro,18,2,1758,17.95,1
13841,7693,2024-12-24,Pro,9,2,477,15.96,1
13842,7693,2024-12-31,Pro,9,2,168,5.69,1
13843,7696,2024-12-17,Enterprise,336,163,84513,200.49,0
13844,7696,2024-12-24,Enterprise,209,43,52938,204.47,0
13845,7696,2024-12-31,Enterprise,330,86,71624,151.12,0
13846,7701,2024-12-17,Pro,25,7,1275,8.29,0
13847,7701,2024-12-24,Pro,39,4,4081,13.03,0
13848,7701,2024-12-31,Pro,18,3,2421,4.47,0
13849,7703,2024-12-17,Starter,15,3,306,2.61,0
13850,7703,2024-12-24,Starter,21,1,111,1.72,0
13851,7703,2024-12-31,Starter,9,2,206,4.67,0
13852,7706,2024-12-17,Enterprise,137,65,42963,291.65,0
13853,7706,2024-12-24,Enterprise,524,42,44225,395.74,0
13854,7706,2024-12-31,Enterprise,430,157,85284,93.91,0
13855,7710,2024-12-17,Starter,17,3,711,1.0,0
13856,7710,2024-12-24,Starter,21,4,258,4.6,0
13857,7710,2024-12-31,Starter,15,1,726,1.09,0
13858,7711,2024-12-17,Pro,22,3,3401,13.07,0
13859,7711,2024-12-24,Pro,45,9,2137,13.51,0
13860,7711,2024-12-31,Pro,28,13,2488,19.27,0
13861,7720,2024-12-18,Enterprise,346,32,46471,110.72,0
13862,7720,2024-12-25,Enterprise,259,92,15048,435.59,0
13863,7723,2024-09-18,Business,105,33,4522,30.3,0
13864,7723,2024-09-25,Business,164,13,15896,17.25,0
13865,7723,2024-10-02,Business,62,34,4351,78.33,0
13866,7723,2024-10-09,Business,85,14,8204,40.95,0
13867,7723,2024-10-16,Business,42,30,21936,53.69,0
13868,7723,2024-12-18,Pro,51,9,693,12.51,0
13869,7723,2024-12-25,Pro,16,14,1436,11.57,0
13870,7724,2024-12-18,Business,103,24,4063,24.81,0
13871,7724,2024-12-25,Business,97,26,8176,95.09,0
13872,7728,2024-12-19,Pro,48,12,2454,11.26,0
13873,7728,2024-12-26,Pro,50,12,4454,13.2,0
13874,7729,2024-12-19,Enterprise,410,33,105677,55.32,0
13875,7729,2024-12-26,Enterprise,344,85,99121,161.99,0
13876,7732,2024-10-19,Starter,4,1,137,1.29,1
13877,7732,2024-10-26,Starter,3,1,226,2.51,1
13878,7732,2024-11-02,Starter,3,1,142,4.13,1
13879,7732,2024-11-09,Starter,3,1,29,2.8,1
13880,7732,2024-11-16,Starter,0,1,188,2.33,1
13881,7738,2024-12-19,Enterprise,399,58,49572,50.38,0
13882,7738,2024-12-26,Enterprise,327,166,31709,255.17,0
13883,7751,2024-12-20,Enterprise,223,60,82021,56.28,0
13884,7751,2024-12-27,Enterprise,281,215,73578,223.99,0
13885,7752,2024-12-20,Business,70,38,6522,86.9,0
13886,7752,2024-12-27,Business,96,34,10538,34.4,0
13887,7753,2024-09-20,Business,44,31,2119,33.06,1
13888,7753,2024-09-27,Business,82,18,6358,29.91,1
13889,7753,2024-10-04,Business,17,4,4878,87.88,1
13890,7753,2024-10-11,Business,14,9,2550,34.85,1
13891,7753,2024-10-18,Business,16,7,1352,74.75,1
13892,7754,2024-12-20,Pro,36,13,2516,15.51,0
13893,7754,2024-12-27,Pro,61,7,3620,15.65,0
13894,7758,2024-09-20,Business,103,15,5286,45.64,0
13895,7758,2024-09-27,Business,156,17,11039,33.91,0
13896,7758,2024-10-04,Business,94,10,20593,86.22,0
13897,7758,2024-10-11,Business,118,24,12768,57.55,0
13898,7758,2024-10-18,Business,121,32,19732,13.06,0
13899,7758,2024-12-20,Pro,43,12,4435,16.86,0
13900,7758,2024-12-27,Pro,19,3,4182,13.69,0
13901,7759,2024-12-20,Pro,50,3,1546,7.82,0
13902,7759,2024-12-27,Pro,36,3,2155,14.86,0
13903,7763,2024-10-21,Starter,10,4,907,3.96,0
13904,7763,2024-10-28,Starter,10,4,848,2.63,0
13905,7763,2024-11-04,Starter,10,1,1019,2.85,0
13906,7763,2024-11-11,Starter,17,5,414,0.88,0
13907,7763,2024-11-18,Starter,18,3,194,1.14,0
13908,7763,2024-12-21,Pro,14,12,4145,15.74,0
13909,7763,2024-12-28,Pro,40,10,1677,13.56,0
13910,7766,2024-09-21,Pro,20,10,1001,18.73,1
13911,7766,2024-09-28,Pro,6,3,891,18.18,1
13912,7766,2024-10-05,Pro,15,2,1186,2.37,1
13913,7766,2024-10-12,Pro,7,1,147,2.62,1
13914,7766,2024-10-19,Pro,5,1,407,8.84,1
13915,7767,2024-12-21,Starter,8,4,863,3.25,0
13916,7767,2024-12-28,Starter,10,4,876,3.35,0
13917,7768,2024-10-21,Business,127,34,12529,39.35,0
13918,7768,2024-10-28,Business,109,28,9980,94.82,0
13919,7768,2024-11-04,Business,98,19,17003,76.94,0
13920,7768,2024-11-11,Business,70,12,5237,59.95,0
13921,7768,2024-11-18,Business,50,48,3814,10.5,0
13922,7768,2024-12-21,Enterprise,125,29,22473,375.13,0
13923,7768,2024-12-28,Enterprise,288,100,47310,424.25,0
13924,7769,2024-12-21,Starter,7,4,763,1.33,0
13925,7769,2024-12-28,Starter,13,3,704,2.01,0
13926,7775,2024-12-21,Pro,34,11,3969,13.78,0
13927,7775,2024-12-28,Pro,41,7,916,20.04,0
13928,7778,2024-12-21,Enterprise,199,197,42435,183.72,0
13929,7778,2024-12-28,Enterprise,212,173,33062,64.59,0
13930,7781,2024-12-21,Enterprise,367,158,64678,50.61,0
13931,7781,2024-12-28,Enterprise,229,144,58237,284.01,0
13932,7783,2024-12-21,Enterprise,305,141,41659,207.05,0
13933,7783,2024-12-28,Enterprise,240,83,31173,135.14,0
13934,7791,2024-09-22,Starter,13,3,294,3.16,0
13935,7791,2024-09-29,Starter,8,1,263,3.52,0
13936,7791,2024-10-06,Starter,5,1,104,3.07,0
13937,7791,2024-10-13,Starter,7,2,432,2.06,0
13938,7791,2024-10-20,Starter,6,1,167,3.5,0
13939,7791,2024-12-22,Pro,14,8,2365,12.19,0
13940,7791,2024-12-29,Pro,23,12,1633,11.92,0
13941,7798,2024-11-22,Pro,45,11,620,4.05,1
13942,7798,2024-11-29,Pro,10,8,2408,11.36,1
13943,7798,2024-12-06,Pro,13,2,1393,5.26,1
13944,7798,2024-12-13,Pro,10,2,1043,10.29,1
13945,7798,2024-12-20,Pro,4,1,716,8.1,1
13946,7800,2024-12-22,Business,60,20,11431,54.78,0
13947,7800,2024-12-29,Business,47,29,4673,32.96,0
13948,7803,2024-12-22,Business,105,15,2441,53.56,0
13949,7803,2024-12-29,Business,75,35,6827,21.38,0
13950,7805,2024-10-22,Business,45,12,9163,91.94,1
13951,7805,2024-10-29,Business,58,21,10365,78.48,1
13952,7805,2024-11-05,Business,52,14,4738,91.33,1
13953,7805,2024-11-12,Business,33,11,2897,22.78,1
13954,7805,2024-11-19,Business,7,2,745,36.19,1
13955,7825,2024-08-24,Starter,7,1,625,1.24,1
13956,7825,2024-08-31,Starter,5,1,197,2.97,1
13957,7825,2024-09-07,Starter,3,1,150,1.34,1
13958,7825,2024-09-14,Starter,1,1,130,1.01,1
13959,7825,2024-09-21,Starter,1,1,178,0.92,1
13960,7826,2024-12-24,Enterprise,466,90,79891,121.73,0
13961,7826,2024-12-31,Enterprise,245,175,78321,206.4,0
13962,7827,2024-09-24,Starter,7,3,782,2.65,1
13963,7827,2024-10-01,Starter,9,1,519,1.51,1
13964,7827,2024-10-08,Starter,6,1,376,1.56,1
13965,7827,2024-10-15,Starter,4,1,115,3.03,1
13966,7827,2024-10-22,Starter,1,1,63,3.9,1
13967,7829,2024-12-24,Starter,19,2,430,1.03,0
13968,7829,2024-12-31,Starter,11,3,616,3.64,0
13969,7835,2024-12-24,Starter,2,1,74,0.54,1
13970,7835,2024-12-31,Starter,3,1,114,4.5,1
13971,7838,2024-12-24,Starter,13,3,575,0.57,0
13972,7838,2024-12-31,Starter,20,2,771,2.15,0
13973,7839,2024-12-24,Enterprise,217,101,70730,150.6,0
13974,7839,2024-12-31,Enterprise,316,120,57476,74.03,0
13975,7848,2024-08-25,Enterprise,162,194,22474,436.8,0
13976,7848,2024-09-01,Enterprise,111,150,45587,355.44,0
13977,7848,2024-09-08,Enterprise,242,135,80663,70.54,0
13978,7848,2024-09-15,Enterprise,185,181,60546,485.68,0
13979,7848,2024-09-22,Enterprise,190,87,70158,308.52,0
13980,7848,2024-12-25,Business,115,40,9442,72.51,0
13981,7851,2024-12-25,Starter,15,2,345,3.22,0
13982,7854,2024-12-26,Business,78,15,14097,51.76,0
13983,7855,2024-10-26,Starter,6,3,813,1.28,1
13984,7855,2024-11-02,Starter,2,1,498,3.49,1
13985,7855,2024-11-09,Starter,3,1,167,3.93,1
13986,7855,2024-11-16,Starter,1,1,213,4.76,1
13987,7855,2024-11-23,Starter,2,1,31,1.51,1
13988,7856,2024-12-26,Business,153,40,20358,35.49,0
13989,7859,2024-12-26,Business,131,14,4599,83.15,0
13990,7861,2024-12-26,Business,110,37,19345,100.67,0
13991,7866,2024-12-26,Enterprise,254,161,71464,128.85,0
13992,7871,2024-12-26,Enterprise,461,188,16924,112.91,0
13993,7872,2024-12-26,Starter,8,1,660,1.45,0
13994,7873,2024-11-26,Starter,13,2,392,2.68,1
13995,7873,2024-12-03,Starter,10,2,137,2.82,1
13996,7873,2024-12-10,Starter,7,1,41,2.06,1
13997,7873,2024-12-17,Starter,1,1,152,2.45,1
13998,7873,2024-12-24,Starter,3,1,41,3.4,1
13999,7886,2024-12-27,Starter,5,3,264,4.95,0
14000,7889,2024-12-27,Enterprise,293,42,66031,258.62,0
14001,7891,2024-12-27,Enterprise,425,149,52582,102.21,0
14002,7892,2024-12-27,Pro,16,10,964,15.42,0
14003,7894,2024-09-27,Pro,19,3,936,12.16,0
14004,7894,2024-10-04,Pro,60,5,2414,11.29,0
14005,7894,2024-10-11,Pro,28,12,2550,8.45,0
14006,7894,2024-10-18,Pro,45,10,1333,5.21,0
14007,7894,2024-10-25,Pro,30,10,4085,18.11,0
14008,7894,2024-11-27,Business,126,43,6736,38.37,0
14009,7894,2024-12-04,Business,96,12,12604,87.79,0
14010,7894,2024-12-11,Business,47,42,18944,97.6,0
14011,7894,2024-12-18,Business,48,35,18277,70.37,0
14012,7894,2024-12-25,Business,57,17,4142,81.03,0
14013,7894,2024-12-27,Enterprise,491,153,81945,258.34,0
14014,7901,2024-12-28,Enterprise,257,179,80971,287.43,0
14015,7914,2024-12-28,Starter,9,3,515,3.2,0
14016,7917,2024-12-29,Starter,6,1,658,1.38,0
14017,7919,2024-12-29,Business,26,34,18230,53.13,0
14018,7922,2024-12-29,Starter,12,1,437,2.03,0
14019,7923,2024-12-29,Pro,11,10,4957,7.28,0
14020,7924,2024-12-29,Enterprise,122,81,73633,315.99,0
14021,7927,2024-12-29,Enterprise,111,111,30423,347.18,0
14022,7930,2024-09-30,Pro,51,7,997,11.88,0
14023,7930,2024-10-07,Pro,20,14,4416,5.54,0
14024,7930,2024-10-14,Pro,36,11,2803,6.8,0
14025,7930,2024-10-21,Pro,29,8,5233,5.41,0
14026,7930,2024-10-28,Pro,49,4,4908,17.15,0
14027,7930,2024-12-30,Starter,13,2,679,1.17,0
14028,7931,2024-12-30,Pro,22,4,1564,13.32,0
14029,7932,2024-09-30,Starter,9,2,498,2.42,1
14030,7932,2024-10-07,Starter,6,1,64,2.52,1
14031,7932,2024-10-14,Starter,6,1,396,4.01,1
14032,7932,2024-10-21,Starter,3,1,179,5.08,1
14033,7932,2024-10-28,Starter,1,1,105,1.08,1
14034,7933,2024-12-30,Starter,5,4,346,4.05,0
14035,7934,2024-12-30,Starter,15,3,269,1.97,0
14036,7939,2024-09-30,Starter,12,3,331,4.94,0
14037,7939,2024-10-07,Starter,10,2,288,2.06,0
14038,7939,2024-10-14,Starter,14,3,335,1.26,0
14039,7939,2024-10-21,Starter,14,1,701,3.53,0
14040,7939,2024-10-28,Starter,16,4,1077,4.69,0
14041,7939,2024-11-30,Pro,20,7,2204,2.9,1
14042,7939,2024-12-07,Pro,9,2,1168,11.77,1
14043,7939,2024-12-14,Pro,15,3,1498,4.58,1
14044,7939,2024-12-21,Pro,3,2,413,9.44,1
14045,7939,2024-12-28,Pro,4,2,1069,12.56,1
14046,7943,2024-11-30,Business,96,38,5422,68.76,0
14047,7943,2024-12-07,Business,97,27,17342,35.01,0
14048,7943,2024-12-14,Business,104,41,2141,72.0,0
14049,7943,2024-12-21,Business,45,32,12413,50.47,0
14050,7943,2024-12-28,Business,61,26,16396,37.73,0
14051,7943,2024-12-30,Enterprise,183,123,78759,384.45,0
14052,7946,2024-12-30,Business,79,18,3275,26.23,0
14053,7948,2024-12-30,Enterprise,20,7,17015,465.34,1
14054,7950,2024-12-30,Pro,37,9,3209,18.34,0
14055,7952,2024-11-30,Starter,7,2,207,4.74,1
14056,7952,2024-12-07,Starter,3,2,472,1.72,1
14057,7952,2024-12-14,Starter,3,1,247,3.88,1
14058,7952,2024-12-21,Starter,2,1,48,4.34,1
14059,7952,2024-12-28,Starter,1,1,199,1.52,1
14060,7954,2024-12-30,Enterprise,301,40,55004,283.44,0
14061,7955,2024-12-30,Pro,63,8,5411,2.52,0
14062,7956,2024-12-30,Enterprise,428,168,80689,480.4,0
14063,7969,2024-12-01,Enterprise,71,123,45030,446.65,0
14064,7969,2024-12-08,Enterprise,283,156,63819,100.94,0
14065,7969,2024-12-15,Enterprise,264,146,50102,118.85,0
14066,7969,2024-12-22,Enterprise,256,118,81063,303.6,0
14067,7969,2024-12-29,Enterprise,124,48,21110,347.62,0
14068,7970,2024-12-01,Enterprise,240,111,61579,402.51,0
14069,7970,2024-12-08,Enterprise,178,161,22419,400.12,0
14070,7970,2024-12-15,Enterprise,250,38,76709,505.98,0
14071,7970,2024-12-22,Enterprise,213,52,17809,303.44,0
14072,7970,2024-12-29,Enterprise,255,94,15106,422.18,0
14073,7972,2024-12-01,Enterprise,121,156,54831,67.26,0
14074,7972,2024-12-08,Enterprise,242,175,22459,401.27,0
14075,7972,2024-12-15,Enterprise,189,132,28446,386.84,0
14076,7972,2024-12-22,Enterprise,163,173,23859,490.26,0
14077,7972,2024-12-29,Enterprise,184,29,44939,309.77,0
14078,7975,2024-12-01,Pro,27,7,3538,17.96,0
14079,7975,2024-12-08,Pro,13,7,1306,16.3,0
14080,7975,2024-12-15,Pro,10,6,595,15.33,0
14081,7975,2024-12-22,Pro,33,12,1473,19.36,0
14082,7975,2024-12-29,Pro,22,11,1887,5.1,0
14083,7976,2024-12-01,Business,32,19,14033,47.02,0
14084,7976,2024-12-08,Business,100,26,16778,91.8,0
14085,7976,2024-12-15,Business,28,14,6112,48.93,0
14086,7976,2024-12-22,Business,49,40,13781,54.13,0
14087,7976,2024-12-29,Business,58,35,10525,54.09,0
14088,7978,2024-12-01,Business,69,24,18257,37.97,0
14089,7978,2024-12-08,Business,60,49,2377,73.52,0
14090,7978,2024-12-15,Business,60,14,7302,47.64,0
14091,7978,2024-12-22,Business,95,39,11538,52.69,0
14092,7978,2024-12-29,Business,30,16,3267,29.92,0
14093,7986,2024-11-02,Pro,22,3,4477,9.05,0
14094,7986,2024-11-09,Pro,27,14,1361,7.41,0
14095,7986,2024-11-16,Pro,22,6,4748,10.41,0
14096,7986,2024-11-23,Pro,32,11,1972,14.52,0
14097,7986,2024-11-30,Pro,23,4,3757,13.86,0
14098,7986,2024-12-02,Starter,17,3,317,2.44,0
14099,7986,2024-12-09,Starter,4,2,727,4.36,0
14100,7986,2024-12-16,Starter,11,1,626,0.61,0
14101,7986,2024-12-23,Starter,12,2,897,2.71,0
14102,7986,2024-12-30,Starter,17,1,879,3.89,0
14103,7987,2024-09-02,Pro,22,3,3084,11.77,1
14104,7987,2024-09-09,Pro,12,1,2074,19.1,1
14105,7987,2024-09-16,Pro,20,4,950,14.99,1
14106,7987,2024-09-23,Pro,9,2,981,14.55,1
14107,7987,2024-09-30,Pro,2,1,842,3.42,1
14108,7988,2024-10-02,Starter,13,3,687,1.07,0
14109,7988,2024-10-09,Starter,15,3,907,4.8,0
14110,7988,2024-10-16,Starter,17,4,321,0.59,0
14111,7988,2024-10-23,Starter,8,4,271,3.73,0
14112,7988,2024-10-30,Starter,6,2,176,4.91,0
14113,7988,2024-12-02,Pro,16,12,3120,12.76,0
14114,7988,2024-12-09,Pro,43,4,2499,16.01,0
14115,7988,2024-12-16,Pro,26,6,1469,17.72,0
14116,7988,2024-12-23,Pro,26,13,868,18.89,0
14117,7988,2024-12-30,Pro,31,5,4107,16.89,0
14118,7989,2024-12-02,Business,112,35,7909,97.05,0
14119,7989,2024-12-09,Business,83,16,17120,20.89,0
14120,7989,2024-12-16,Business,138,39,7923,13.51,0
14121,7989,2024-12-23,Business,116,19,5099,84.22,0
14122,7989,2024-12-30,Business,42,18,17056,23.54,0
14123,7990,2024-09-02,Pro,40,4,2727,6.47,1
14124,7990,2024-09-09,Pro,37,4,2051,11.29,1
14125,7990,2024-09-16,Pro,13,5,1692,8.33,1
14126,7990,2024-09-23,Pro,8,2,765,7.13,1
14127,7990,2024-09-30,Pro,6,2,182,17.87,1
14128,7992,2024-12-02,Enterprise,268,150,54817,446.03,0
14129,7992,2024-12-09,Enterprise,481,85,78929,230.35,0
14130,7992,2024-12-16,Enterprise,439,148,85037,404.42,0
14131,7992,2024-12-23,Enterprise,387,171,37272,380.47,0
14132,7992,2024-12-30,Enterprise,273,189,99668,251.99,0
14133,7999,2024-12-02,Pro,18,8,2362,9.33,0
14134,7999,2024-12-09,Pro,28,7,4021,2.06,0
14135,7999,2024-12-16,Pro,54,2,1758,9.98,0
14136,7999,2024-12-23,Pro,22,3,3463,9.47,0
14137,7999,2024-12-30,Pro,21,14,4147,17.11,0
14138,8001,2024-12-02,Starter,10,2,383,4.1,0
14139,8001,2024-12-09,Starter,9,5,488,4.17,0
14140,8001,2024-12-16,Starter,15,3,488,4.47,0
14141,8001,2024-12-23,Starter,15,4,1005,2.19,0
14142,8001,2024-12-30,Starter,5,3,455,0.95,0
14143,8002,2024-12-02,Starter,8,1,944,0.57,0
14144,8002,2024-12-09,Starter,6,5,517,4.73,0
14145,8002,2024-12-16,Starter,14,1,834,1.84,0
14146,8002,2024-12-23,Starter,4,1,324,3.38,0
14147,8002,2024-12-30,Starter,16,3,655,3.64,0
14148,8005,2024-12-03,Enterprise,110,200,32390,376.15,0
14149,8005,2024-12-10,Enterprise,354,174,17974,60.27,0
14150,8005,2024-12-17,Enterprise,430,73,44133,185.59,0
14151,8005,2024-12-24,Enterprise,240,125,62950,269.14,0
14152,8005,2024-12-31,Enterprise,210,107,51728,200.33,0
14153,8006,2024-10-03,Pro,21,8,2148,3.03,1
14154,8006,2024-10-10,Pro,34,1,1490,15.23,1
14155,8006,2024-10-17,Pro,12,4,1009,12.46,1
14156,8006,2024-10-24,Pro,10,3,307,2.08,1
14157,8006,2024-10-31,Pro,8,1,425,8.62,1
14158,8013,2024-12-03,Pro,55,6,3975,15.31,0
14159,8013,2024-12-10,Pro,31,6,3793,16.22,0
14160,8013,2024-12-17,Pro,19,9,1198,7.83,0
14161,8013,2024-12-24,Pro,44,8,2581,19.05,0
14162,8013,2024-12-31,Pro,26,4,834,18.32,0
14163,8014,2024-12-03,Pro,32,8,1550,13.44,0
14164,8014,2024-12-10,Pro,28,7,3813,6.69,0
14165,8014,2024-12-17,Pro,41,7,1318,3.66,0
14166,8014,2024-12-24,Pro,50,7,4023,16.64,0
14167,8014,2024-12-31,Pro,32,13,4382,18.89,0
14168,8024,2024-12-04,Business,115,30,5063,30.79,0
14169,8024,2024-12-11,Business,60,41,16825,63.51,0
14170,8024,2024-12-18,Business,37,27,13215,61.44,0
14171,8024,2024-12-25,Business,111,41,16140,74.56,0
14172,8029,2024-12-04,Enterprise,445,183,24102,54.88,0
14173,8029,2024-12-11,Enterprise,335,166,23579,294.79,0
14174,8029,2024-12-18,Enterprise,312,106,12154,393.1,0
14175,8029,2024-12-25,Enterprise,353,151,74737,89.71,0
14176,8035,2024-12-04,Business,122,10,10750,36.57,0
14177,8035,2024-12-11,Business,115,30,8628,33.89,0
14178,8035,2024-12-18,Business,85,38,11050,52.4,0
14179,8035,2024-12-25,Business,154,13,15468,30.09,0
14180,8038,2024-12-04,Starter,8,3,901,4.86,0
14181,8038,2024-12-11,Starter,11,2,512,3.89,0
14182,8038,2024-12-18,Starter,15,2,989,2.28,0
14183,8038,2024-12-25,Starter,15,3,943,2.75,0
14184,8043,2024-12-05,Enterprise,418,54,69296,458.63,0
14185,8043,2024-12-12,Enterprise,176,40,110864,111.81,0
14186,8043,2024-12-19,Enterprise,217,193,62182,113.17,0
14187,8043,2024-12-26,Enterprise,115,41,51318,272.85,0
14188,8052,2024-12-05,Pro,54,15,2536,6.43,0
14189,8052,2024-12-12,Pro,35,3,3166,14.78,0
14190,8052,2024-12-19,Pro,20,5,578,19.6,0
14191,8052,2024-12-26,Pro,55,5,2693,2.48,0
14192,8053,2024-12-05,Business,56,20,11476,64.16,0
14193,8053,2024-12-12,Business,95,23,17492,51.21,0
14194,8053,2024-12-19,Business,45,34,19299,100.87,0
14195,8053,2024-12-26,Business,103,20,18290,51.38,0
14196,8054,2024-11-05,Pro,39,3,1075,13.51,1
14197,8054,2024-11-12,Pro,14,5,458,9.46,1
14198,8054,2024-11-19,Pro,14,1,1163,17.43,1
14199,8054,2024-11-26,Pro,12,1,637,2.67,1
14200,8054,2024-12-03,Pro,3,2,531,15.0,1
14201,8056,2024-10-05,Starter,7,2,393,3.91,1
14202,8056,2024-10-12,Starter,2,1,481,1.0,1
14203,8056,2024-10-19,Starter,2,1,135,5.2,1
14204,8056,2024-10-26,Starter,0,1,203,2.24,1
14205,8056,2024-11-02,Starter,2,1,94,2.15,1
14206,8060,2024-12-05,Starter,10,1,114,3.01,1
14207,8060,2024-12-12,Starter,7,2,523,4.73,1
14208,8060,2024-12-19,Starter,2,1,136,1.55,1
14209,8060,2024-12-26,Starter,2,1,52,1.34,1
14210,8062,2024-10-06,Starter,5,1,88,1.26,1
14211,8062,2024-10-13,Starter,4,1,537,1.17,1
14212,8062,2024-10-20,Starter,2,1,356,2.26,1
14213,8062,2024-10-27,Starter,2,1,85,3.66,1
14214,8062,2024-11-03,Starter,1,1,57,1.9,1
14215,8067,2024-12-06,Enterprise,233,49,100344,432.64,0
14216,8067,2024-12-13,Enterprise,407,181,44143,256.52,0
14217,8067,2024-12-20,Enterprise,562,176,28855,404.83,0
14218,8067,2024-12-27,Enterprise,116,87,91262,88.14,0
14219,8069,2024-12-06,Enterprise,424,53,54535,239.8,0
14220,8069,2024-12-13,Enterprise,171,156,26175,392.01,0
14221,8069,2024-12-20,Enterprise,516,100,42046,70.28,0
14222,8069,2024-12-27,Enterprise,206,110,59171,347.1,0
14223,8073,2024-12-06,Pro,30,14,3193,10.39,0
14224,8073,2024-12-13,Pro,36,13,2738,2.33,0
14225,8073,2024-12-20,Pro,32,4,578,10.39,0
14226,8073,2024-12-27,Pro,30,5,1376,7.2,0
14227,8075,2024-12-06,Enterprise,132,132,60950,240.18,0
14228,8075,2024-12-13,Enterprise,332,77,81833,442.18,0
14229,8075,2024-12-20,Enterprise,262,91,63156,275.95,0
14230,8075,2024-12-27,Enterprise,307,54,70615,370.69,0
14231,8083,2024-12-06,Pro,39,11,2099,2.34,0
14232,8083,2024-12-13,Pro,57,7,4292,11.45,0
14233,8083,2024-12-20,Pro,43,6,1817,17.08,0
14234,8083,2024-12-27,Pro,59,6,2201,12.02,0
14235,8091,2024-12-06,Business,36,19,19263,67.83,0
14236,8091,2024-12-13,Business,110,15,15316,33.98,0
14237,8091,2024-12-20,Business,71,30,12174,56.72,0
14238,8091,2024-12-27,Business,42,32,4879,70.33,0
14239,8093,2024-12-06,Starter,14,2,1078,4.33,0
14240,8093,2024-12-13,Starter,12,2,244,2.75,0
14241,8093,2024-12-20,Starter,5,1,875,1.82,0
14242,8093,2024-12-27,Starter,4,4,470,3.98,0
14243,8096,2024-11-06,Pro,28,7,2607,10.23,1
14244,8096,2024-11-13,Pro,10,3,2404,10.44,1
14245,8096,2024-11-20,Pro,20,1,586,11.29,1
14246,8096,2024-11-27,Pro,4,1,813,12.3,1
14247,8096,2024-12-04,Pro,8,2,946,10.68,1
14248,8097,2024-12-06,Business,106,46,14293,14.13,0
14249,8097,2024-12-13,Business,163,15,4205,93.22,0
14250,8097,2024-12-20,Business,97,33,3711,93.57,0
14251,8097,2024-12-27,Business,47,53,14200,23.55,0
14252,8102,2024-12-07,Starter,10,1,550,3.99,0
14253,8102,2024-12-14,Starter,7,2,299,0.7,0
14254,8102,2024-12-21,Starter,6,4,737,3.17,0
14255,8102,2024-12-28,Starter,8,3,687,1.58,0
14256,8106,2024-11-07,Enterprise,270,100,16509,309.1,1
14257,8106,2024-11-14,Enterprise,249,87,47053,463.68,1
14258,8106,2024-11-21,Enterprise,55,53,4414,103.39,1
14259,8106,2024-11-28,Enterprise,59,8,6363,206.21,1
14260,8106,2024-12-05,Enterprise,29,24,4659,260.94,1
14261,8108,2024-10-07,Starter,18,4,278,2.12,0
14262,8108,2024-10-14,Starter,6,4,147,5.21,0
14263,8108,2024-10-21,Starter,6,1,805,2.8,0
14264,8108,2024-10-28,Starter,12,4,139,1.17,0
14265,8108,2024-11-04,Starter,10,2,437,1.39,0
14266,8108,2024-12-07,Pro,24,10,4505,7.24,0
14267,8108,2024-12-14,Pro,19,6,2100,10.14,0
14268,8108,2024-12-21,Pro,27,7,3132,20.32,0
14269,8108,2024-12-28,Pro,39,10,2908,11.84,0
14270,8115,2024-12-07,Starter,6,2,776,4.27,0
14271,8115,2024-12-14,Starter,4,1,939,2.35,0
14272,8115,2024-12-21,Starter,12,4,462,2.15,0
14273,8115,2024-12-28,Starter,4,4,435,0.66,0
14274,8122,2024-12-07,Starter,11,3,459,3.2,0
14275,8122,2024-12-14,Starter,6,3,432,2.67,0
14276,8122,2024-12-21,Starter,10,1,850,1.23,0
14277,8122,2024-12-28,Starter,9,3,670,2.82,0
14278,8124,2024-12-07,Enterprise,121,113,26945,225.64,0
14279,8124,2024-12-14,Enterprise,142,53,12870,415.14,0
14280,8124,2024-12-21,Enterprise,198,155,75959,467.56,0
14281,8124,2024-12-28,Enterprise,241,101,65883,423.08,0
14282,8128,2024-12-08,Pro,38,8,2413,12.08,0
14283,8128,2024-12-15,Pro,20,3,2541,16.24,0
14284,8128,2024-12-22,Pro,17,10,3210,4.61,0
14285,8128,2024-12-29,Pro,31,4,4470,19.94,0
14286,8129,2024-12-08,Business,47,22,13869,27.17,0
14287,8129,2024-12-15,Business,40,29,3902,36.9,0
14288,8129,2024-12-22,Business,99,35,16633,62.74,0
14289,8129,2024-12-29,Business,42,14,10967,95.7,0
14290,8135,2024-12-08,Starter,6,1,122,0.77,0
14291,8135,2024-12-15,Starter,7,1,445,1.93,0
14292,8135,2024-12-22,Starter,3,2,453,3.87,0
14293,8135,2024-12-29,Starter,3,4,808,1.06,0
14294,8137,2024-12-08,Pro,10,13,886,15.09,0
14295,8137,2024-12-15,Pro,17,12,4191,6.88,0
14296,8137,2024-12-22,Pro,27,7,3440,10.31,0
14297,8137,2024-12-29,Pro,19,8,1961,8.6,0
14298,8138,2024-12-08,Starter,4,1,698,3.78,0
14299,8138,2024-12-15,Starter,10,3,317,2.04,0
14300,8138,2024-12-22,Starter,14,2,692,4.53,0
14301,8138,2024-12-29,Starter,3,3,661,4.32,0
14302,8139,2024-12-08,Pro,24,13,4053,14.09,0
14303,8139,2024-12-15,Pro,31,8,2797,3.89,0
14304,8139,2024-12-22,Pro,33,4,5301,9.45,0
14305,8139,2024-12-29,Pro,42,14,2900,8.84,0
14306,8141,2024-12-08,Business,82,25,10195,45.48,0
14307,8141,2024-12-15,Business,82,35,11977,67.36,0
14308,8141,2024-12-22,Business,31,42,2540,47.21,0
14309,8141,2024-12-29,Business,63,45,2676,55.87,0
14310,8153,2024-12-09,Enterprise,248,105,67195,242.2,0
14311,8153,2024-12-16,Enterprise,515,185,72762,427.16,0
14312,8153,2024-12-23,Enterprise,371,103,69267,410.61,0
14313,8153,2024-12-30,Enterprise,406,148,60091,503.52,0
14314,8158,2024-09-09,Starter,9,1,484,1.43,1
14315,8158,2024-09-16,Starter,8,2,188,1.17,1
14316,8158,2024-09-23,Starter,4,1,211,2.06,1
14317,8158,2024-09-30,Starter,3,1,96,3.58,1
14318,8158,2024-10-07,Starter,2,1,176,4.65,1
14319,8160,2024-12-09,Pro,25,4,5295,6.5,0
14320,8160,2024-12-16,Pro,45,11,5069,20.25,0
14321,8160,2024-12-23,Pro,43,3,3219,3.13,0
14322,8160,2024-12-30,Pro,61,4,4024,2.42,0
14323,8166,2024-09-09,Pro,43,15,5019,19.26,0
14324,8166,2024-09-16,Pro,58,5,3036,6.76,0
14325,8166,2024-09-23,Pro,37,13,3715,18.77,0
14326,8166,2024-09-30,Pro,56,8,4842,18.33,0
14327,8166,2024-10-07,Pro,37,4,4646,16.0,0
14328,8166,2024-12-09,Business,64,11,7100,98.72,0
14329,8166,2024-12-16,Business,90,16,11875,18.8,0
14330,8166,2024-12-23,Business,67,31,9560,32.14,0
14331,8166,2024-12-30,Business,39,32,4154,52.83,0
14332,8168,2024-12-09,Business,64,12,19834,27.3,0
14333,8168,2024-12-16,Business,90,16,3624,90.57,0
14334,8168,2024-12-23,Business,103,39,9383,31.16,0
14335,8168,2024-12-30,Business,37,49,10128,42.51,0
14336,8169,2024-12-09,Pro,48,11,2157,7.66,0
14337,8169,2024-12-16,Pro,43,6,3985,17.4,0
14338,8169,2024-12-23,Pro,46,4,983,8.13,0
14339,8169,2024-12-30,Pro,55,8,1763,8.32,0
14340,8172,2024-12-09,Business,78,47,1760,11.36,0
14341,8172,2024-12-16,Business,75,41,10466,17.4,0
14342,8172,2024-12-23,Business,95,43,17948,51.09,0
14343,8172,2024-12-30,Business,156,28,12583,14.86,0
14344,8173,2024-09-09,Starter,13,1,365,3.48,1
14345,8173,2024-09-16,Starter,6,1,255,3.04,1
14346,8173,2024-09-23,Starter,1,1,44,2.61,1
14347,8173,2024-09-30,Starter,3,1,93,2.4,1
14348,8173,2024-10-07,Starter,3,1,106,1.61,1
14349,8174,2024-12-10,Pro,19,4,1763,10.07,1
14350,8174,2024-12-17,Pro,14,3,337,14.64,1
14351,8174,2024-12-24,Pro,11,2,685,2.7,1
14352,8174,2024-12-31,Pro,8,2,305,5.57,1
14353,8175,2024-12-10,Pro,58,4,4630,6.93,0
14354,8175,2024-12-17,Pro,28,3,2769,10.31,0
14355,8175,2024-12-24,Pro,39,8,1465,10.9,0
14356,8175,2024-12-31,Pro,59,5,4033,18.21,0
14357,8176,2024-12-10,Starter,8,3,915,4.8,0
14358,8176,2024-12-17,Starter,12,3,808,0.58,0
14359,8176,2024-12-24,Starter,21,2,689,0.83,0
14360,8176,2024-12-31,Starter,17,3,518,4.3,0
14361,8177,2024-12-10,Enterprise,198,105,95157,234.82,0
14362,8177,2024-12-17,Enterprise,413,54,50970,277.78,0
14363,8177,2024-12-24,Enterprise,294,149,28158,115.04,0
14364,8177,2024-12-31,Enterprise,343,61,13300,267.27,0
14365,8178,2024-12-10,Starter,10,3,934,3.0,0
14366,8178,2024-12-17,Starter,20,3,279,2.46,0
14367,8178,2024-12-24,Starter,7,2,447,2.31,0
14368,8178,2024-12-31,Starter,12,3,644,3.88,0
14369,8184,2024-12-10,Pro,37,6,2935,5.75,0
14370,8184,2024-12-17,Pro,38,13,2192,8.09,0
14371,8184,2024-12-24,Pro,30,12,1511,3.81,0
14372,8184,2024-12-31,Pro,33,10,785,14.6,0
14373,8186,2024-12-10,Business,63,32,15588,65.64,0
14374,8186,2024-12-17,Business,110,18,8381,68.89,0
14375,8186,2024-12-24,Business,167,16,2710,54.26,0
14376,8186,2024-12-31,Business,51,26,8815,40.78,0
14377,8188,2024-12-10,Pro,19,10,2074,11.81,0
14378,8188,2024-12-17,Pro,15,10,1360,5.05,0
14379,8188,2024-12-24,Pro,21,12,3828,6.61,0
14380,8188,2024-12-31,Pro,27,8,2178,16.06,0
14381,8193,2024-12-10,Starter,13,1,556,4.04,0
14382,8193,2024-12-17,Starter,5,2,1012,4.44,0
14383,8193,2024-12-24,Starter,14,2,357,1.97,0
14384,8193,2024-12-31,Starter,15,1,718,0.84,0
14385,8196,2024-12-10,Pro,60,3,1916,2.4,0
14386,8196,2024-12-17,Pro,19,9,1878,18.17,0
14387,8196,2024-12-24,Pro,15,11,5412,7.36,0
14388,8196,2024-12-31,Pro,18,10,3292,16.08,0
14389,8197,2024-10-10,Starter,5,3,121,3.53,1
14390,8197,2024-10-17,Starter,3,1,289,4.78,1
14391,8197,2024-10-24,Starter,4,1,57,2.09,1
14392,8197,2024-10-31,Starter,3,1,186,2.02,1
14393,8197,2024-11-07,Starter,1,1,157,2.11,1
14394,8200,2024-10-11,Starter,11,2,381,4.85,0
14395,8200,2024-10-18,Starter,16,2,671,4.55,0
14396,8200,2024-10-25,Starter,5,2,876,3.27,0
14397,8200,2024-11-01,Starter,7,1,472,3.85,0
14398,8200,2024-11-08,Starter,5,4,227,2.2,0
14399,8200,2024-12-11,Pro,41,5,934,13.56,0
14400,8200,2024-12-18,Pro,44,7,2701,5.76,0
14401,8200,2024-12-25,Pro,17,5,688,15.91,0
14402,8202,2024-12-11,Business,79,14,3423,77.4,0
14403,8202,2024-12-18,Business,114,19,4209,34.03,0
14404,8202,2024-12-25,Business,67,44,5846,14.7,0
14405,8208,2024-12-11,Enterprise,223,100,18000,216.19,0
14406,8208,2024-12-18,Enterprise,398,58,74297,379.44,0
14407,8208,2024-12-25,Enterprise,351,30,68468,425.82,0
14408,8210,2024-12-11,Starter,3,1,401,2.31,1
14409,8210,2024-12-18,Starter,3,1,145,3.77,1
14410,8210,2024-12-25,Starter,1,1,149,2.71,1
14411,8212,2024-09-11,Starter,13,1,237,3.2,1
14412,8212,2024-09-18,Starter,10,1,131,3.44,1
14413,8212,2024-09-25,Starter,7,1,52,4.84,1
14414,8212,2024-10-02,Starter,1,1,153,2.28,1
14415,8212,2024-10-09,Starter,3,1,45,2.1,1
14416,8214,2024-11-11,Starter,12,3,822,2.95,0
14417,8214,2024-11-18,Starter,9,1,504,4.02,0
14418,8214,2024-11-25,Starter,13,1,777,3.53,0
14419,8214,2024-12-02,Starter,5,3,461,3.03,0
14420,8214,2024-12-09,Starter,12,2,358,1.37,0
14421,8214,2024-12-11,Pro,61,10,1585,7.98,0
14422,8214,2024-12-18,Pro,25,3,3614,5.14,0
14423,8214,2024-12-25,Pro,56,10,1581,15.41,0
14424,8215,2024-10-12,Starter,5,1,562,3.3,1
14425,8215,2024-10-19,Starter,5,1,258,3.2,1
14426,8215,2024-10-26,Starter,4,1,82,1.51,1
14427,8215,2024-11-02,Starter,1,1,156,2.24,1
14428,8215,2024-11-09,Starter,2,1,122,2.21,1
14429,8218,2024-12-12,Pro,29,5,3384,4.56,0
14430,8218,2024-12-19,Pro,46,6,3179,4.86,0
14431,8218,2024-12-26,Pro,32,4,3624,5.77,0
14432,8224,2024-12-12,Starter,13,1,578,2.74,0
14433,8224,2024-12-19,Starter,8,5,328,3.93,0
14434,8224,2024-12-26,Starter,13,2,773,2.14,0
14435,8228,2024-12-12,Enterprise,246,174,89768,315.6,0
14436,8228,2024-12-19,Enterprise,140,70,60059,63.58,0
14437,8228,2024-12-26,Enterprise,179,66,78803,405.13,0
14438,8232,2024-10-12,Starter,5,1,579,4.37,1
14439,8232,2024-10-19,Starter,1,1,215,1.57,1
14440,8232,2024-10-26,Starter,2,1,136,1.04,1
14441,8232,2024-11-02,Starter,1,1,163,3.02,1
14442,8232,2024-11-09,Starter,2,1,200,3.35,1
14443,8234,2024-12-12,Enterprise,307,32,87859,390.05,0
14444,8234,2024-12-19,Enterprise,280,141,24855,420.56,0
14445,8234,2024-12-26,Enterprise,383,194,41418,174.49,0
14446,8235,2024-12-12,Starter,17,3,588,1.25,0
14447,8235,2024-12-19,Starter,12,3,530,2.21,0
14448,8235,2024-12-26,Starter,17,1,182,4.54,0
14449,8236,2024-12-12,Business,105,28,2274,20.84,0
14450,8236,2024-12-19,Business,74,34,15598,13.56,0
14451,8236,2024-12-26,Business,69,11,8818,20.26,0
14452,8237,2024-12-13,Pro,16,9,2997,12.41,0
14453,8237,2024-12-20,Pro,22,14,4038,10.72,0
14454,8237,2024-12-27,Pro,26,15,2233,10.53,0
14455,8239,2024-12-13,Enterprise,304,156,90914,108.98,0
14456,8239,2024-12-20,Enterprise,375,91,89950,448.12,0
14457,8239,2024-12-27,Enterprise,205,159,34912,177.39,0
14458,8242,2024-12-13,Enterprise,162,150,46370,54.5,0
14459,8242,2024-12-20,Enterprise,416,95,31498,116.22,0
14460,8242,2024-12-27,Enterprise,292,95,17298,270.96,0
14461,8244,2024-12-13,Enterprise,531,180,33611,328.15,0
14462,8244,2024-12-20,Enterprise,115,139,11784,147.55,0
14463,8244,2024-12-27,Enterprise,285,164,62461,141.4,0
14464,8245,2024-12-13,Starter,11,4,839,0.8,0
14465,8245,2024-12-20,Starter,11,1,318,1.31,0
14466,8245,2024-12-27,Starter,8,3,734,1.37,0
14467,8248,2024-11-13,Starter,15,4,798,0.54,0
14468,8248,2024-11-20,Starter,15,2,956,2.15,0
14469,8248,2024-11-27,Starter,11,1,145,3.82,0
14470,8248,2024-12-04,Starter,12,2,362,0.7,0
14471,8248,2024-12-11,Starter,10,2,117,3.86,0
14472,8248,2024-12-13,Pro,42,9,1177,11.87,0
14473,8248,2024-12-20,Pro,20,9,3923,17.78,0
14474,8248,2024-12-27,Pro,20,10,2760,19.91,0
14475,8251,2024-12-13,Enterprise,298,153,66351,348.58,0
14476,8251,2024-12-20,Enterprise,281,86,101144,315.94,0
14477,8251,2024-12-27,Enterprise,326,108,24218,417.14,0
14478,8253,2024-09-13,Pro,37,8,1046,3.93,1
14479,8253,2024-09-20,Pro,23,7,674,12.82,1
14480,8253,2024-09-27,Pro,6,3,612,2.18,1
14481,8253,2024-10-04,Pro,6,1,616,7.24,1
14482,8253,2024-10-11,Pro,4,1,247,5.88,1
14483,8254,2024-12-13,Enterprise,205,46,18116,292.74,1
14484,8254,2024-12-20,Enterprise,41,45,16712,198.7,1
14485,8254,2024-12-27,Enterprise,84,34,11949,261.06,1
14486,8256,2024-12-13,Starter,8,3,495,1.42,0
14487,8256,2024-12-20,Starter,20,3,354,1.07,0
14488,8256,2024-12-27,Starter,13,4,503,1.9,0
14489,8259,2024-09-13,Pro,13,9,1176,10.7,1
14490,8259,2024-09-20,Pro,10,3,1813,18.79,1
14491,8259,2024-09-27,Pro,6,2,351,19.2,1
14492,8259,2024-10-04,Pro,11,2,484,16.33,1
14493,8259,2024-10-11,Pro,8,1,1037,14.26,1
14494,8260,2024-11-14,Pro,28,3,2405,5.01,1
14495,8260,2024-11-21,Pro,23,5,2459,2.67,1
14496,8260,2024-11-28,Pro,10,2,1255,4.67,1
14497,8260,2024-12-05,Pro,9,1,445,16.52,1
14498,8260,2024-12-12,Pro,4,1,836,4.5,1
14499,8268,2024-12-14,Pro,26,15,3002,9.22,0
14500,8268,2024-12-21,Pro,46,6,5303,18.68,0
14501,8268,2024-12-28,Pro,18,7,3465,9.94,0
14502,8270,2024-11-14,Business,125,33,17485,12.54,0
14503,8270,2024-11-21,Business,122,34,15930,82.9,0
14504,8270,2024-11-28,Business,91,40,17797,25.29,0
14505,8270,2024-12-05,Business,127,36,3107,64.96,0
14506,8270,2024-12-12,Business,112,18,8657,69.82,0
14507,8270,2024-12-14,Pro,37,8,676,6.17,0
14508,8270,2024-12-21,Pro,11,8,3570,10.8,0
14509,8270,2024-12-28,Pro,27,13,3557,16.74,0
14510,8272,2024-12-14,Starter,11,4,717,3.96,0
14511,8272,2024-12-21,Starter,6,1,257,2.26,0
14512,8272,2024-12-28,Starter,9,3,158,1.37,0
14513,8275,2024-12-14,Pro,13,11,2882,17.75,0
14514,8275,2024-12-21,Pro,15,13,2621,10.06,0
14515,8275,2024-12-28,Pro,19,4,3892,18.9,0
14516,8276,2024-12-14,Pro,22,4,4127,18.23,0
14517,8276,2024-12-21,Pro,30,6,4670,8.14,0
14518,8276,2024-12-28,Pro,26,6,2633,13.27,0
14519,8277,2024-12-14,Starter,5,1,678,1.79,0
14520,8277,2024-12-21,Starter,11,2,550,2.21,0
14521,8277,2024-12-28,Starter,3,1,976,1.24,0
14522,8278,2024-12-14,Business,94,28,13462,82.19,0
14523,8278,2024-12-21,Business,70,36,7412,93.86,0
14524,8278,2024-12-28,Business,49,24,14281,31.33,0
14525,8282,2024-09-14,Pro,14,5,452,16.19,1
14526,8282,2024-09-21,Pro,17,3,1405,8.35,1
14527,8282,2024-09-28,Pro,5,4,473,2.04,1
14528,8282,2024-10-05,Pro,3,1,262,18.44,1
14529,8282,2024-10-12,Pro,4,1,117,8.16,1
14530,8285,2024-12-15,Business,49,26,5711,45.57,0
14531,8285,2024-12-22,Business,40,31,7451,43.98,0
14532,8285,2024-12-29,Business,78,13,20413,78.24,0
14533,8286,2024-12-15,Starter,5,3,973,3.27,0
14534,8286,2024-12-22,Starter,5,3,970,4.18,0
14535,8286,2024-12-29,Starter,3,1,154,3.43,0
14536,8287,2024-12-15,Starter,4,1,871,3.94,0
14537,8287,2024-12-22,Starter,2,2,470,2.66,0
14538,8287,2024-12-29,Starter,11,4,160,0.96,0
14539,8288,2024-12-15,Pro,8,6,4015,17.59,0
14540,8288,2024-12-22,Pro,36,8,1153,17.58,0
14541,8288,2024-12-29,Pro,37,8,2545,16.92,0
14542,8290,2024-12-15,Enterprise,220,120,82131,249.43,0
14543,8290,2024-12-22,Enterprise,197,156,67162,438.14,0
14544,8290,2024-12-29,Enterprise,211,187,67287,388.1,0
14545,8297,2024-12-15,Pro,18,9,1859,13.94,0
14546,8297,2024-12-22,Pro,30,7,3146,6.95,0
14547,8297,2024-12-29,Pro,33,9,2768,18.86,0
14548,8299,2024-12-15,Pro,25,10,2770,10.23,0
14549,8299,2024-12-22,Pro,15,6,2624,15.21,0
14550,8299,2024-12-29,Pro,33,15,640,10.66,0
14551,8300,2024-12-15,Business,111,38,9905,95.84,0
14552,8300,2024-12-22,Business,72,25,11361,89.74,0
14553,8300,2024-12-29,Business,51,26,5275,38.71,0
14554,8305,2024-12-15,Starter,3,1,712,0.83,0
14555,8305,2024-12-22,Starter,11,4,765,2.15,0
14556,8305,2024-12-29,Starter,3,2,408,2.93,0
14557,8312,2024-12-16,Starter,14,3,176,1.17,0
14558,8312,2024-12-23,Starter,10,2,893,3.11,0
14559,8312,2024-12-30,Starter,14,2,789,4.54,0
14560,8315,2024-12-16,Pro,52,3,1551,5.34,0
14561,8315,2024-12-23,Pro,27,12,1330,8.85,0
14562,8315,2024-12-30,Pro,33,4,3279,3.56,0
14563,8317,2024-12-16,Business,20,4,4224,60.14,1
14564,8317,2024-12-23,Business,26,9,2599,54.91,1
14565,8317,2024-12-30,Business,8,8,3236,41.15,1
14566,8321,2024-11-16,Pro,14,9,2740,2.91,1
14567,8321,2024-11-23,Pro,17,5,1187,2.44,1
14568,8321,2024-11-30,Pro,6,3,1239,8.27,1
14569,8321,2024-12-07,Pro,8,2,195,6.49,1
14570,8321,2024-12-14,Pro,2,2,732,12.22,1
14571,8324,2024-09-16,Starter,11,1,366,2.02,1
14572,8324,2024-09-23,Starter,7,1,272,2.59,1
14573,8324,2024-09-30,Starter,5,1,80,2.82,1
14574,8324,2024-10-07,Starter,2,1,39,3.3,1
14575,8324,2024-10-14,Starter,1,1,78,4.78,1
14576,8325,2024-12-16,Starter,21,4,998,4.6,0
14577,8325,2024-12-23,Starter,6,1,119,1.41,0
14578,8325,2024-12-30,Starter,20,2,252,0.99,0
14579,8328,2024-12-16,Pro,38,6,758,4.95,0
14580,8328,2024-12-23,Pro,48,6,4085,5.83,0
14581,8328,2024-12-30,Pro,49,7,2934,6.16,0
14582,8334,2024-12-17,Business,129,14,6960,14.63,0
14583,8334,2024-12-24,Business,129,33,18256,82.03,0
14584,8334,2024-12-31,Business,85,26,7046,44.22,0
14585,8336,2024-09-17,Starter,9,1,670,1.22,1
14586,8336,2024-09-24,Starter,8,1,109,3.89,1
14587,8336,2024-10-01,Starter,4,1,128,3.98,1
14588,8336,2024-10-08,Starter,1,1,41,1.11,1
14589,8336,2024-10-15,Starter,1,1,154,4.92,1
14590,8338,2024-12-17,Business,155,10,20231,88.47,0
14591,8338,2024-12-24,Business,141,17,10893,102.16,0
14592,8338,2024-12-31,Business,148,40,7686,87.93,0
14593,8341,2024-12-17,Enterprise,558,61,90117,231.03,0
14594,8341,2024-12-24,Enterprise,239,194,42433,334.99,0
14595,8341,2024-12-31,Enterprise,273,185,49526,466.02,0
14596,8354,2024-12-17,Enterprise,442,47,54209,141.01,0
14597,8354,2024-12-24,Enterprise,273,53,9237,429.02,0
14598,8354,2024-12-31,Enterprise,372,185,77231,63.76,0
14599,8355,2024-09-18,Pro,31,5,3534,17.5,1
14600,8355,2024-09-25,Pro,26,3,635,9.93,1
14601,8355,2024-10-02,Pro,6,4,965,16.91,1
14602,8355,2024-10-09,Pro,11,1,1126,13.2,1
14603,8355,2024-10-16,Pro,10,2,565,5.05,1
14604,8363,2024-12-18,Business,93,27,10818,15.11,0
14605,8363,2024-12-25,Business,99,39,12809,31.57,0
14606,8368,2024-12-18,Enterprise,329,55,58486,148.83,0
14607,8368,2024-12-25,Enterprise,413,31,26635,151.07,0
14608,8375,2024-12-18,Pro,28,7,2692,12.98,0
14609,8375,2024-12-25,Pro,27,6,5349,8.15,0
14610,8376,2024-12-18,Enterprise,129,140,60547,410.4,0
14611,8376,2024-12-25,Enterprise,137,158,71927,204.87,0
14612,8379,2024-12-18,Business,80,44,19216,94.44,0
14613,8379,2024-12-25,Business,110,31,16835,81.71,0
14614,8382,2024-12-19,Pro,39,7,1498,7.5,0
14615,8382,2024-12-26,Pro,27,8,4010,15.82,0
14616,8391,2024-12-19,Starter,15,2,1081,2.86,0
14617,8391,2024-12-26,Starter,19,4,279,0.58,0
14618,8394,2024-12-19,Enterprise,309,98,79276,258.25,0
14619,8394,2024-12-26,Enterprise,294,54,59802,388.98,0
14620,8401,2024-12-20,Enterprise,290,117,51270,413.76,0
14621,8401,2024-12-27,Enterprise,388,142,77813,113.87,0
14622,8404,2024-12-20,Enterprise,339,54,36281,178.7,0
14623,8404,2024-12-27,Enterprise,316,52,108577,306.98,0
14624,8407,2024-12-20,Business,88,41,6931,47.36,0
14625,8407,2024-12-27,Business,87,45,2567,50.52,0
14626,8410,2024-12-20,Enterprise,393,104,32759,207.25,0
14627,8410,2024-12-27,Enterprise,100,104,30900,264.26,0
14628,8411,2024-12-20,Starter,4,3,256,0.71,0
14629,8411,2024-12-27,Starter,18,3,183,4.17,0
14630,8416,2024-12-21,Pro,13,4,3812,19.79,0
14631,8416,2024-12-28,Pro,39,11,2728,16.37,0
14632,8419,2024-10-21,Starter,8,3,122,4.22,1
14633,8419,2024-10-28,Starter,6,1,401,0.88,1
14634,8419,2024-11-04,Starter,4,2,227,3.29,1
14635,8419,2024-11-11,Starter,2,1,129,3.81,1
14636,8419,2024-11-18,Starter,2,1,116,1.58,1
14637,8421,2024-12-21,Starter,12,4,683,3.41,0
14638,8421,2024-12-28,Starter,5,1,385,4.06,0
14639,8429,2024-09-21,Starter,8,3,110,4.76,1
14640,8429,2024-09-28,Starter,5,2,185,4.04,1
14641,8429,2024-10-05,Starter,3,1,164,1.78,1
14642,8429,2024-10-12,Starter,1,1,201,3.14,1
14643,8429,2024-10-19,Starter,2,1,55,4.52,1
14644,8433,2024-12-21,Business,24,16,2131,54.01,0
14645,8433,2024-12-28,Business,37,35,3118,82.57,0
14646,8436,2024-12-22,Starter,13,3,118,4.05,0
14647,8436,2024-12-29,Starter,3,2,741,4.45,0
14648,8437,2024-12-22,Pro,31,7,3392,15.79,0
14649,8437,2024-12-29,Pro,37,5,1934,2.94,0
14650,8439,2024-12-22,Starter,8,4,995,3.11,0
14651,8439,2024-12-29,Starter,5,4,398,1.46,0
14652,8440,2024-12-22,Enterprise,73,135,38396,377.42,0
14653,8440,2024-12-29,Enterprise,281,105,54321,156.76,0
14654,8445,2024-12-22,Business,65,30,14606,92.17,0
14655,8445,2024-12-29,Business,83,27,7213,62.94,0
14656,8450,2024-12-22,Enterprise,275,178,30659,277.22,0
14657,8450,2024-12-29,Enterprise,205,65,72737,108.79,0
14658,8453,2024-12-22,Pro,38,11,522,11.31,0
14659,8453,2024-12-29,Pro,10,3,4201,18.66,0
14660,8454,2024-12-22,Enterprise,84,150,82631,472.85,0
14661,8454,2024-12-29,Enterprise,127,43,76978,342.31,0
14662,8460,2024-12-23,Starter,18,3,852,1.58,0
14663,8460,2024-12-30,Starter,12,2,337,2.69,0
14664,8462,2024-12-23,Enterprise,113,136,67121,158.28,0
14665,8462,2024-12-30,Enterprise,148,124,61601,213.01,0
14666,8466,2024-11-23,Starter,7,1,219,3.4,1
14667,8466,2024-11-30,Starter,3,2,414,3.48,1
14668,8466,2024-12-07,Starter,4,1,45,3.65,1
14669,8466,2024-12-14,Starter,2,1,45,4.98,1
14670,8466,2024-12-21,Starter,1,1,93,2.01,1
14671,8467,2024-12-23,Pro,26,10,4227,4.61,0
14672,8467,2024-12-30,Pro,28,3,951,3.52,0
14673,8474,2024-12-24,Enterprise,90,93,10921,353.52,0
14674,8474,2024-12-31,Enterprise,109,139,68596,490.11,0
14675,8477,2024-12-24,Starter,1,1,163,3.02,1
14676,8477,2024-12-31,Starter,3,1,39,4.22,1
14677,8481,2024-09-24,Starter,7,1,581,3.71,1
14678,8481,2024-10-01,Starter,3,1,274,4.66,1
14679,8481,2024-10-08,Starter,8,1,364,4.15,1
14680,8481,2024-10-15,Starter,3,1,125,4.54,1
14681,8481,2024-10-22,Starter,1,1,156,1.37,1
14682,8482,2024-12-24,Pro,42,15,1126,7.77,0
14683,8482,2024-12-31,Pro,52,10,2502,3.45,0
14684,8492,2024-12-24,Enterprise,343,53,12226,310.82,0
14685,8492,2024-12-31,Enterprise,352,196,16376,229.2,0
14686,8497,2024-09-25,Enterprise,155,87,42836,151.27,1
14687,8497,2024-10-02,Enterprise,153,41,20656,231.21,1
14688,8497,2024-10-09,Enterprise,99,65,33915,158.01,1
14689,8497,2024-10-16,Enterprise,53,20,3101,401.08,1
14690,8497,2024-10-23,Enterprise,24,8,6507,204.82,1
14691,8500,2024-11-25,Starter,5,1,349,4.64,1
14692,8500,2024-12-02,Starter,4,1,373,2.03,1
14693,8500,2024-12-09,Starter,4,1,43,3.53,1
14694,8500,2024-12-16,Starter,2,1,139,3.21,1
14695,8500,2024-12-23,Starter,2,1,27,4.0,1
14696,8501,2024-12-25,Starter,5,3,458,0.73,0
14697,8502,2024-12-25,Business,112,45,21717,23.71,0
14698,8509,2024-11-25,Starter,10,1,394,2.25,1
14699,8509,2024-12-02,Starter,7,1,491,3.3,1
14700,8509,2024-12-09,Starter,1,1,88,2.59,1
14701,8509,2024-12-16,Starter,1,1,210,3.93,1
14702,8509,2024-12-23,Starter,1,1,157,0.88,1
14703,8515,2024-12-25,Enterprise,364,217,82610,513.89,0
14704,8518,2024-12-26,Enterprise,437,59,28971,286.05,0
14705,8520,2024-12-26,Pro,28,14,1241,14.66,0
14706,8523,2024-12-26,Enterprise,178,136,96620,465.71,0
14707,8524,2024-12-26,Enterprise,386,196,49007,97.76,0
14708,8529,2024-12-26,Starter,11,3,164,2.1,0
14709,8533,2024-12-26,Business,63,45,14031,69.35,0
14710,8535,2024-11-26,Business,37,44,10270,30.98,0
14711,8535,2024-12-03,Business,109,14,10925,12.58,0
14712,8535,2024-12-10,Business,134,11,9865,15.25,0
14713,8535,2024-12-17,Business,92,13,13018,13.27,0
14714,8535,2024-12-24,Business,118,47,16558,72.52,0
14715,8535,2024-12-26,Enterprise,261,66,66917,262.81,0
14716,8540,2024-12-27,Business,106,16,18614,97.4,0
14717,8548,2024-12-27,Enterprise,421,33,25458,346.59,0
14718,8552,2024-12-27,Pro,38,11,2054,7.08,0
14719,8553,2024-12-27,Enterprise,317,74,85663,374.05,0
14720,8562,2024-12-28,Pro,12,5,1494,19.01,0
14721,8564,2024-12-28,Enterprise,311,189,84334,333.87,0
14722,8565,2024-12-28,Business,44,16,8291,47.44,0
14723,8570,2024-12-28,Starter,5,4,612,2.81,0
14724,8572,2024-10-28,Pro,39,2,2739,8.75,1
14725,8572,2024-11-04,Pro,9,7,1473,17.31,1
14726,8572,2024-11-11,Pro,10,5,369,11.62,1
14727,8572,2024-11-18,Pro,14,1,457,3.87,1
14728,8572,2024-11-25,Pro,4,1,846,2.69,1
14729,8574,2024-12-28,Business,70,47,10719,31.27,0
14730,8582,2024-12-29,Pro,36,7,1150,3.06,0
14731,8584,2024-10-29,Pro,20,9,2117,13.79,1
14732,8584,2024-11-05,Pro,19,6,589,16.67,1
14733,8584,2024-11-12,Pro,5,4,984,11.86,1
14734,8584,2024-11-19,Pro,7,1,742,16.04,1
14735,8584,2024-11-26,Pro,9,1,162,13.17,1
14736,8585,2024-12-29,Starter,13,2,1006,4.39,0
14737,8586,2024-10-29,Starter,10,1,74,3.72,1
14738,8586,2024-11-05,Starter,9,1,589,3.15,1
14739,8586,2024-11-12,Starter,6,1,291,4.06,1
14740,8586,2024-11-19,Starter,1,1,62,3.13,1
14741,8586,2024-11-26,Starter,2,1,113,2.11,1
14742,8587,2024-12-29,Pro,18,7,796,18.36,0
14743,8591,2024-10-29,Business,69,18,11221,72.46,1
14744,8591,2024-11-05,Business,73,12,6558,46.82,1
14745,8591,2024-11-12,Business,69,5,7216,42.32,1
14746,8591,2024-11-19,Business,22,10,1271,16.81,1
14747,8591,2024-11-26,Business,14,4,2736,56.19,1
14748,8600,2024-12-30,Enterprise,458,39,90419,329.32,0
14749,8607,2024-11-30,Pro,25,8,3230,10.48,1
14750,8607,2024-12-07,Pro,10,4,767,17.07,1
14751,8607,2024-12-14,Pro,5,5,1221,15.31,1
14752,8607,2024-12-21,Pro,4,2,944,18.88,1
14753,8607,2024-12-28,Pro,8,1,344,15.73,1
14754,8608,2024-12-30,Business,139,10,8802,102.33,0
14755,8610,2024-12-30,Enterprise,229,128,62739,361.87,0
14756,8611,2024-12-30,Enterprise,126,163,105950,171.46,0
14757,8612,2024-12-30,Business,165,37,7954,11.27,0
14758,8614,2024-12-01,Pro,26,13,1625,5.84,0
14759,8614,2024-12-08,Pro,24,11,4808,9.15,0
14760,8614,2024-12-15,Pro,29,4,3580,16.91,0
14761,8614,2024-12-22,Pro,12,9,3709,11.07,0
14762,8614,2024-12-29,Pro,29,13,2643,2.99,0
14763,8634,2024-12-01,Starter,2,1,586,2.18,1
14764,8634,2024-12-08,Starter,1,2,281,2.03,1
14765,8634,2024-12-15,Starter,2,1,156,2.53,1
14766,8634,2024-12-22,Starter,2,1,103,0.81,1
14767,8634,2024-12-29,Starter,1,1,65,3.34,1
14768,8638,2024-12-01,Pro,24,11,2536,3.1,0
14769,8638,2024-12-08,Pro,13,11,3571,19.65,0
14770,8638,2024-12-15,Pro,12,13,2443,10.39,0
14771,8638,2024-12-22,Pro,19,6,2969,16.05,0
14772,8638,2024-12-29,Pro,27,6,1024,12.04,0
14773,8641,2024-12-02,Starter,7,3,826,3.93,0
14774,8641,2024-12-09,Starter,16,2,614,2.18,0
14775,8641,2024-12-16,Starter,7,3,437,1.4,0
14776,8641,2024-12-23,Starter,7,4,403,1.76,0
14777,8641,2024-12-30,Starter,12,3,694,4.71,0
14778,8644,2024-12-02,Pro,33,8,2728,14.59,0
14779,8644,2024-12-09,Pro,48,13,1629,2.34,0
14780,8644,2024-12-16,Pro,40,7,2800,5.36,0
14781,8644,2024-12-23,Pro,37,12,1603,12.05,0
14782,8644,2024-12-30,Pro,17,8,3489,12.43,0
14783,8649,2024-12-02,Pro,29,14,4213,20.6,0
14784,8649,2024-12-09,Pro,63,8,1628,11.93,0
14785,8649,2024-12-16,Pro,53,7,3627,19.95,0
14786,8649,2024-12-23,Pro,16,12,855,17.81,0
14787,8649,2024-12-30,Pro,50,9,2533,5.94,0
14788,8654,2024-12-02,Business,131,46,7960,88.6,0
14789,8654,2024-12-09,Business,87,34,15255,67.23,0
14790,8654,2024-12-16,Business,140,43,15321,65.3,0
14791,8654,2024-12-23,Business,58,38,7572,70.3,0
14792,8654,2024-12-30,Business,69,43,20997,27.26,0
14793,8658,2024-12-02,Pro,45,5,725,4.79,0
14794,8658,2024-12-09,Pro,18,7,4082,4.18,0
14795,8658,2024-12-16,Pro,16,12,3830,12.42,0
14796,8658,2024-12-23,Pro,43,13,2661,8.7,0
14797,8658,2024-12-30,Pro,44,12,4889,9.16,0
14798,8660,2024-12-03,Pro,25,11,2072,16.76,0
14799,8660,2024-12-10,Pro,56,7,3313,3.86,0
14800,8660,2024-12-17,Pro,34,3,1645,7.82,0
14801,8660,2024-12-24,Pro,34,12,910,15.09,0
14802,8660,2024-12-31,Pro,50,9,1114,19.3,0
14803,8661,2024-12-03,Enterprise,483,55,34499,344.32,0
14804,8661,2024-12-10,Enterprise,380,213,95920,326.96,0
14805,8661,2024-12-17,Enterprise,543,177,19106,124.61,0
14806,8661,2024-12-24,Enterprise,200,158,15164,158.42,0
14807,8661,2024-12-31,Enterprise,319,90,56073,236.84,0
14808,8667,2024-12-03,Starter,14,2,403,1.13,0
14809,8667,2024-12-10,Starter,7,1,162,3.88,0
14810,8667,2024-12-17,Starter,12,1,829,3.13,0
14811,8667,2024-12-24,Starter,20,3,370,5.19,0
14812,8667,2024-12-31,Starter,12,5,267,3.75,0
14813,8670,2024-12-03,Starter,10,1,336,1.98,1
14814,8670,2024-12-10,Starter,6,2,238,1.56,1
14815,8670,2024-12-17,Starter,2,1,62,2.47,1
14816,8670,2024-12-24,Starter,2,1,207,1.03,1
14817,8670,2024-12-31,Starter,3,1,169,4.64,1
14818,8674,2024-12-03,Pro,33,5,4217,19.06,0
14819,8674,2024-12-10,Pro,59,13,1423,2.17,0
14820,8674,2024-12-17,Pro,31,14,3805,5.85,0
14821,8674,2024-12-24,Pro,44,5,4476,10.09,0
14822,8674,2024-12-31,Pro,23,7,4510,5.79,0
14823,8684,2024-12-03,Business,51,26,17672,44.42,0
14824,8684,2024-12-10,Business,169,38,9000,82.66,0
14825,8684,2024-12-17,Business,101,19,13228,42.69,0
14826,8684,2024-12-24,Business,111,36,4387,38.09,0
14827,8684,2024-12-31,Business,70,42,9690,42.04,0
14828,8687,2024-12-04,Pro,43,10,3094,2.04,0
14829,8687,2024-12-11,Pro,35,10,3335,15.85,0
14830,8687,2024-12-18,Pro,29,13,4264,8.52,0
14831,8687,2024-12-25,Pro,48,6,2334,12.64,0
14832,8690,2024-10-04,Pro,42,6,2491,9.08,1
14833,8690,2024-10-11,Pro,13,6,1387,8.21,1
14834,8690,2024-10-18,Pro,8,2,1040,14.01,1
14835,8690,2024-10-25,Pro,4,1,814,13.62,1
14836,8690,2024-11-01,Pro,6,1,402,3.59,1
14837,8692,2024-10-04,Starter,4,3,261,3.2,1
14838,8692,2024-10-11,Starter,6,2,238,3.78,1
14839,8692,2024-10-18,Starter,7,1,160,0.72,1
14840,8692,2024-10-25,Starter,3,1,114,0.91,1
14841,8692,2024-11-01,Starter,1,1,186,3.84,1
14842,8697,2024-11-04,Starter,9,1,447,4.18,1
14843,8697,2024-11-11,Starter,10,1,111,4.16,1
14844,8697,2024-11-18,Starter,2,1,409,3.67,1
14845,8697,2024-11-25,Starter,2,1,164,2.55,1
14846,8697,2024-12-02,Starter,3,1,165,0.81,1
14847,8698,2024-12-04,Business,84,53,21102,51.47,0
14848,8698,2024-12-11,Business,140,13,17338,46.42,0
14849,8698,2024-12-18,Business,91,33,3875,47.14,0
14850,8698,2024-12-25,Business,97,40,2756,84.66,0
14851,8713,2024-11-05,Business,114,26,16986,11.18,0
14852,8713,2024-11-12,Business,93,28,13813,51.25,0
14853,8713,2024-11-19,Business,60,32,20635,93.78,0
14854,8713,2024-11-26,Business,62,28,11176,24.12,0
14855,8713,2024-12-03,Business,134,24,17681,45.73,0
14856,8713,2024-12-05,Enterprise,235,109,96146,93.37,0
14857,8713,2024-12-12,Enterprise,400,216,68214,335.89,0
14858,8713,2024-12-19,Enterprise,339,59,47794,322.63,0
14859,8713,2024-12-26,Enterprise,134,59,38447,382.4,0
14860,8714,2024-12-05,Pro,17,5,4199,6.38,0
14861,8714,2024-12-12,Pro,28,6,3194,19.02,0
14862,8714,2024-12-19,Pro,16,5,648,13.18,0
14863,8714,2024-12-26,Pro,35,9,3724,7.64,0
14864,8729,2024-12-05,Business,33,13,5445,34.74,1
14865,8729,2024-12-12,Business,51,15,5597,25.96,1
14866,8729,2024-12-19,Business,17,10,4514,85.22,1
14867,8729,2024-12-26,Business,13,7,3410,36.57,1
14868,8737,2024-12-06,Enterprise,228,27,7953,265.24,1
14869,8737,2024-12-13,Enterprise,195,45,10850,220.58,1
14870,8737,2024-12-20,Enterprise,103,21,13530,60.92,1
14871,8737,2024-12-27,Enterprise,77,10,15032,114.38,1
14872,8738,2024-12-06,Business,81,35,17434,50.81,0
14873,8738,2024-12-13,Business,73,52,3383,17.1,0
14874,8738,2024-12-20,Business,49,18,4889,56.84,0
14875,8738,2024-12-27,Business,42,16,4798,26.76,0
14876,8743,2024-12-06,Business,46,14,3453,92.73,0
14877,8743,2024-12-13,Business,68,32,6025,52.54,0
14878,8743,2024-12-20,Business,75,18,17614,83.49,0
14879,8743,2024-12-27,Business,114,21,10271,71.34,0
14880,8745,2024-12-06,Starter,15,2,966,0.92,0
14881,8745,2024-12-13,Starter,6,3,577,4.79,0
14882,8745,2024-12-20,Starter,15,1,454,1.09,0
14883,8745,2024-12-27,Starter,5,1,672,1.8,0
14884,8756,2024-11-07,Pro,23,7,650,4.29,1
14885,8756,2024-11-14,Pro,35,6,2381,11.76,1
14886,8756,2024-11-21,Pro,8,2,1460,2.01,1
14887,8756,2024-11-28,Pro,4,2,616,9.77,1
14888,8756,2024-12-05,Pro,4,1,574,13.09,1
14889,8757,2024-12-07,Enterprise,96,131,43544,82.67,0
14890,8757,2024-12-14,Enterprise,62,103,68650,268.86,0
14891,8757,2024-12-21,Enterprise,278,51,36289,133.66,0
14892,8757,2024-12-28,Enterprise,281,66,91993,293.05,0
14893,8761,2024-12-07,Pro,10,7,3459,6.94,0
14894,8761,2024-12-14,Pro,9,6,3627,3.6,0
14895,8761,2024-12-21,Pro,33,5,4837,6.79,0
14896,8761,2024-12-28,Pro,29,7,1824,16.87,0
14897,8769,2024-12-07,Enterprise,114,82,21527,328.45,0
14898,8769,2024-12-14,Enterprise,191,46,71326,419.9,0
14899,8769,2024-12-21,Enterprise,152,184,35016,366.59,0
14900,8769,2024-12-28,Enterprise,245,91,53782,409.84,0
14901,8772,2024-12-07,Business,26,11,8508,45.86,0
14902,8772,2024-12-14,Business,55,38,11811,39.4,0
14903,8772,2024-12-21,Business,63,21,6900,99.0,0
14904,8772,2024-12-28,Business,95,42,4778,87.76,0
14905,8773,2024-12-07,Business,73,27,10145,36.36,0
14906,8773,2024-12-14,Business,80,42,21017,53.89,0
14907,8773,2024-12-21,Business,79,41,16083,31.7,0
14908,8773,2024-12-28,Business,41,20,16200,16.08,0
14909,8779,2024-10-07,Starter,7,3,176,3.99,1
14910,8779,2024-10-14,Starter,3,1,111,1.24,1
14911,8779,2024-10-21,Starter,6,1,112,2.76,1
14912,8779,2024-10-28,Starter,3,1,78,2.63,1
14913,8779,2024-11-04,Starter,2,1,146,0.81,1
14914,8781,2024-12-08,Starter,8,4,165,1.95,0
14915,8781,2024-12-15,Starter,6,4,315,3.13,0
14916,8781,2024-12-22,Starter,6,3,662,3.61,0
14917,8781,2024-12-29,Starter,3,1,833,1.79,0
14918,8784,2024-10-08,Enterprise,489,36,79247,111.88,0
14919,8784,2024-10-15,Enterprise,133,111,54136,136.24,0
14920,8784,2024-10-22,Enterprise,263,165,81427,479.88,0
14921,8784,2024-10-29,Enterprise,220,156,48998,418.18,0
14922,8784,2024-11-05,Enterprise,161,206,58656,310.67,0
14923,8784,2024-12-08,Business,76,14,11980,70.24,0
14924,8784,2024-12-15,Business,69,37,14638,69.74,0
14925,8784,2024-12-22,Business,64,21,19408,79.99,0
14926,8784,2024-12-29,Business,77,30,7473,81.08,0
14927,8788,2024-12-08,Starter,11,5,746,3.75,0
14928,8788,2024-12-15,Starter,8,1,486,2.8,0
14929,8788,2024-12-22,Starter,12,1,281,1.0,0
14930,8788,2024-12-29,Starter,14,3,371,4.17,0
14931,8789,2024-12-08,Pro,34,14,900,12.77,0
14932,8789,2024-12-15,Pro,14,9,4851,15.84,0
14933,8789,2024-12-22,Pro,34,8,4743,7.67,0
14934,8789,2024-12-29,Pro,13,6,3479,13.74,0
14935,8792,2024-11-08,Pro,55,12,857,4.37,0
14936,8792,2024-11-15,Pro,45,14,1934,2.78,0
14937,8792,2024-11-22,Pro,15,11,606,3.15,0
14938,8792,2024-11-29,Pro,29,3,4573,19.06,0
14939,8792,2024-12-06,Pro,23,5,2878,17.16,0
14940,8792,2024-12-08,Starter,9,3,920,4.54,0
14941,8792,2024-12-15,Starter,7,1,155,4.5,0
14942,8792,2024-12-22,Starter,5,2,298,2.45,0
14943,8792,2024-12-29,Starter,6,1,199,4.95,0
14944,8794,2024-12-08,Business,80,41,8204,89.02,0
14945,8794,2024-12-15,Business,48,41,19627,83.71,0
14946,8794,2024-12-22,Business,89,29,18166,50.92,0
14947,8794,2024-12-29,Business,51,24,10626,89.83,0
14948,8796,2024-12-08,Business,49,41,20283,75.5,0
14949,8796,2024-12-15,Business,89,48,21721,73.42,0
14950,8796,2024-12-22,Business,73,48,5137,65.47,0
14951,8796,2024-12-29,Business,95,28,15125,15.4,0
14952,8797,2024-12-08,Pro,25,13,5034,4.68,0
14953,8797,2024-12-15,Pro,26,4,2522,8.4,0
14954,8797,2024-12-22,Pro,13,14,4166,12.92,0
14955,8797,2024-12-29,Pro,35,6,5007,5.75,0
14956,8798,2024-12-08,Business,91,13,14656,83.1,0
14957,8798,2024-12-15,Business,75,36,11618,58.99,0
14958,8798,2024-12-22,Business,58,46,11247,15.54,0
14959,8798,2024-12-29,Business,88,11,3744,58.24,0
14960,8812,2024-12-09,Enterprise,126,198,91356,303.66,0
14961,8812,2024-12-16,Enterprise,130,183,19063,111.68,0
14962,8812,2024-12-23,Enterprise,264,212,17485,447.92,0
14963,8812,2024-12-30,Enterprise,541,120,61336,241.39,0
14964,8813,2024-11-09,Starter,9,2,225,0.76,1
14965,8813,2024-11-16,Starter,3,1,342,3.89,1
14966,8813,2024-11-23,Starter,3,1,95,3.93,1
14967,8813,2024-11-30,Starter,1,1,149,3.24,1
14968,8813,2024-12-07,Starter,1,1,132,4.95,1
14969,8814,2024-12-09,Business,51,31,9538,10.2,0
14970,8814,2024-12-16,Business,96,29,5040,93.94,0
14971,8814,2024-12-23,Business,58,42,5915,11.58,0
14972,8814,2024-12-30,Business,154,12,11781,38.93,0
14973,8816,2024-12-09,Starter,6,2,716,0.59,0
14974,8816,2024-12-16,Starter,9,2,610,2.69,0
14975,8816,2024-12-23,Starter,11,4,326,3.88,0
14976,8816,2024-12-30,Starter,14,4,591,4.94,0
14977,8819,2024-12-09,Business,123,43,9865,85.64,0
14978,8819,2024-12-16,Business,128,35,3670,80.57,0
14979,8819,2024-12-23,Business,39,14,11137,25.52,0
14980,8819,2024-12-30,Business,35,26,13869,89.64,0
14981,8835,2024-12-10,Business,83,13,12551,67.54,0
14982,8835,2024-12-17,Business,137,35,4464,44.51,0
14983,8835,2024-12-24,Business,102,41,20444,56.39,0
14984,8835,2024-12-31,Business,108,23,16339,86.9,0
14985,8839,2024-12-10,Business,115,23,5139,74.46,0
14986,8839,2024-12-17,Business,110,23,5577,90.16,0
14987,8839,2024-12-24,Business,122,11,13087,76.91,0
14988,8839,2024-12-31,Business,118,12,10895,55.96,0
14989,8848,2024-12-10,Starter,8,1,231,2.24,0
14990,8848,2024-12-17,Starter,11,2,214,3.55,0
14991,8848,2024-12-24,Starter,15,1,854,1.3,0
14992,8848,2024-12-31,Starter,11,3,1082,3.25,0
14993,8849,2024-12-10,Starter,15,2,430,1.47,0
14994,8849,2024-12-17,Starter,10,1,484,3.78,0
14995,8849,2024-12-24,Starter,7,4,291,2.1,0
14996,8849,2024-12-31,Starter,16,1,477,1.43,0
14997,8850,2024-12-10,Starter,14,1,182,0.92,0
14998,8850,2024-12-17,Starter,17,2,845,3.06,0
14999,8850,2024-12-24,Starter,14,1,517,1.3,0
15000,8850,2024-12-31,Starter,8,3,1036,3.5,0
15001,8853,2024-12-10,Business,121,17,3120,78.62,0
15002,8853,2024-12-17,Business,105,18,18653,60.54,0
15003,8853,2024-12-24,Business,127,29,12573,53.63,0
15004,8853,2024-12-31,Business,114,22,10509,63.38,0
15005,8861,2024-12-11,Pro,29,8,1891,11.28,0
15006,8861,2024-12-18,Pro,32,6,4149,16.59,0
15007,8861,2024-12-25,Pro,36,14,819,11.71,0
15008,8862,2024-12-11,Pro,47,9,1740,7.21,0
15009,8862,2024-12-18,Pro,27,10,4814,12.8,0
15010,8862,2024-12-25,Pro,32,8,4651,5.64,0
15011,8871,2024-12-11,Starter,4,4,600,4.13,0
15012,8871,2024-12-18,Starter,10,1,569,0.71,0
15013,8871,2024-12-25,Starter,15,2,747,0.67,0
15014,8873,2024-12-11,Business,92,21,9574,10.47,0
15015,8873,2024-12-18,Business,59,22,6955,16.97,0
15016,8873,2024-12-25,Business,66,25,19655,15.64,0
15017,8874,2024-12-11,Enterprise,202,174,43407,221.94,0
15018,8874,2024-12-18,Enterprise,187,190,47054,317.63,0
15019,8874,2024-12-25,Enterprise,373,184,69101,226.14,0
15020,8875,2024-12-11,Pro,17,13,1843,12.4,0
15021,8875,2024-12-18,Pro,45,12,1022,15.58,0
15022,8875,2024-12-25,Pro,22,4,1628,19.0,0
15023,8878,2024-12-12,Enterprise,245,137,93417,116.45,0
15024,8878,2024-12-19,Enterprise,328,194,36961,395.39,0
15025,8878,2024-12-26,Enterprise,360,114,72303,54.11,0
15026,8885,2024-12-12,Enterprise,499,100,13374,52.15,0
15027,8885,2024-12-19,Enterprise,449,105,99970,426.5,0
15028,8885,2024-12-26,Enterprise,107,162,108464,307.78,0
15029,8887,2024-12-12,Pro,18,13,2882,2.41,0
15030,8887,2024-12-19,Pro,18,6,2816,5.59,0
15031,8887,2024-12-26,Pro,26,11,3187,12.83,0
15032,8890,2024-12-12,Starter,11,1,639,3.38,0
15033,8890,2024-12-19,Starter,10,3,264,0.52,0
15034,8890,2024-12-26,Starter,7,2,625,4.52,0
15035,8896,2024-10-13,Business,66,23,7643,12.12,1
15036,8896,2024-10-20,Business,33,12,5779,59.38,1
15037,8896,2024-10-27,Business,35,19,7949,67.42,1
15038,8896,2024-11-03,Business,10,8,1791,77.42,1
15039,8896,2024-11-10,Business,12,4,4146,88.13,1
15040,8897,2024-12-13,Starter,11,1,148,2.4,0
15041,8897,2024-12-20,Starter,7,1,864,0.78,0
15042,8897,2024-12-27,Starter,8,1,662,2.2,0
15043,8902,2024-12-13,Starter,14,2,196,0.83,0
15044,8902,2024-12-20,Starter,8,2,317,1.61,0
15045,8902,2024-12-27,Starter,8,2,955,4.68,0
15046,8904,2024-12-13,Starter,8,1,329,2.95,1
15047,8904,2024-12-20,Starter,2,1,190,2.38,1
15048,8904,2024-12-27,Starter,2,1,32,1.6,1
15049,8907,2024-12-13,Enterprise,408,29,21826,199.16,0
15050,8907,2024-12-20,Enterprise,118,81,71438,406.71,0
15051,8907,2024-12-27,Enterprise,376,125,73366,374.16,0
15052,8908,2024-12-13,Enterprise,352,118,40436,181.52,0
15053,8908,2024-12-20,Enterprise,245,148,46355,184.8,0
15054,8908,2024-12-27,Enterprise,430,171,19288,465.23,0
15055,8910,2024-12-13,Pro,40,10,3889,3.23,0
15056,8910,2024-12-20,Pro,54,8,2629,4.92,0
15057,8910,2024-12-27,Pro,44,14,4476,7.37,0
15058,8914,2024-10-14,Pro,25,4,3114,7.15,1
15059,8914,2024-10-21,Pro,35,3,1458,2.71,1
15060,8914,2024-10-28,Pro,22,5,623,13.15,1
15061,8914,2024-11-04,Pro,12,2,964,18.57,1
15062,8914,2024-11-11,Pro,6,1,181,9.75,1
15063,8915,2024-12-14,Enterprise,75,163,58634,188.75,0
15064,8915,2024-12-21,Enterprise,128,177,94308,107.11,0
15065,8915,2024-12-28,Enterprise,292,48,69104,105.91,0
15066,8919,2024-12-14,Business,88,40,4840,24.03,0
15067,8919,2024-12-21,Business,59,18,5012,22.49,0
15068,8919,2024-12-28,Business,67,42,18193,86.48,0
15069,8922,2024-11-14,Starter,6,2,311,4.36,1
15070,8922,2024-11-21,Starter,3,2,322,1.42,1
15071,8922,2024-11-28,Starter,3,1,373,1.85,1
15072,8922,2024-12-05,Starter,3,1,74,2.39,1
15073,8922,2024-12-12,Starter,2,1,152,0.83,1
15074,8927,2024-12-14,Pro,34,7,4569,6.05,0
15075,8927,2024-12-21,Pro,14,3,3527,18.62,0
15076,8927,2024-12-28,Pro,10,2,3726,4.8,0
15077,8929,2024-12-14,Starter,2,3,280,3.85,0
15078,8929,2024-12-21,Starter,3,5,522,3.66,0
15079,8929,2024-12-28,Starter,12,5,715,0.65,0
15080,8931,2024-12-15,Enterprise,272,55,16174,196.55,0
15081,8931,2024-12-22,Enterprise,113,130,56432,260.91,0
15082,8931,2024-12-29,Enterprise,260,110,94971,460.85,0
15083,8935,2024-12-15,Enterprise,268,122,29928,325.28,0
15084,8935,2024-12-22,Enterprise,173,48,35793,143.04,0
15085,8935,2024-12-29,Enterprise,266,29,63365,342.1,0
15086,8937,2024-11-15,Starter,12,1,402,1.59,1
15087,8937,2024-11-22,Starter,4,1,205,0.91,1
15088,8937,2024-11-29,Starter,3,1,219,2.07,1
15089,8937,2024-12-06,Starter,1,1,87,3.01,1
15090,8937,2024-12-13,Starter,3,1,157,2.15,1
15091,8942,2024-12-15,Enterprise,65,37,71542,293.66,0
15092,8942,2024-12-22,Enterprise,263,74,87655,254.71,0
15093,8942,2024-12-29,Enterprise,79,154,27003,404.65,0
15094,8944,2024-10-15,Pro,23,6,2889,20.34,1
15095,8944,2024-10-22,Pro,13,8,1173,3.92,1
15096,8944,2024-10-29,Pro,20,4,1732,12.56,1
15097,8944,2024-11-05,Pro,4,1,906,12.84,1
15098,8944,2024-11-12,Pro,11,2,685,9.45,1
15099,8947,2024-11-15,Enterprise,371,147,69595,496.69,0
15100,8947,2024-11-22,Enterprise,180,30,19885,188.94,0
15101,8947,2024-11-29,Enterprise,405,79,58018,331.59,0
15102,8947,2024-12-06,Enterprise,102,130,73011,237.99,0
15103,8947,2024-12-13,Enterprise,304,93,37930,223.59,0
15104,8947,2024-12-15,Business,84,14,11045,12.14,0
15105,8947,2024-12-22,Business,35,12,17716,90.33,0
15106,8947,2024-12-29,Business,88,47,6372,58.82,0
15107,8948,2024-12-15,Starter,10,3,589,0.64,0
15108,8948,2024-12-22,Starter,3,4,879,2.96,0
15109,8948,2024-12-29,Starter,5,1,141,3.85,0
15110,8950,2024-12-15,Starter,3,1,56,0.54,1
15111,8950,2024-12-22,Starter,1,1,137,3.79,1
15112,8950,2024-12-29,Starter,2,1,74,4.42,1
15113,8957,2024-12-16,Business,77,42,16688,97.54,0
15114,8957,2024-12-23,Business,97,16,7925,41.4,0
15115,8957,2024-12-30,Business,152,11,2848,47.2,0
15116,8958,2024-12-16,Pro,25,5,1682,6.6,0
15117,8958,2024-12-23,Pro,45,4,1438,8.33,0
15118,8958,2024-12-30,Pro,20,15,3239,16.19,0
15119,8964,2024-12-16,Starter,16,3,807,3.61,0
15120,8964,2024-12-23,Starter,5,1,102,0.86,0
15121,8964,2024-12-30,Starter,9,3,222,0.72,0
15122,8969,2024-11-16,Enterprise,172,55,51597,420.49,0
15123,8969,2024-11-23,Enterprise,91,73,74565,201.16,0
15124,8969,2024-11-30,Enterprise,177,105,81415,95.24,0
15125,8969,2024-12-07,Enterprise,172,150,14417,424.1,0
15126,8969,2024-12-14,Enterprise,296,211,68458,58.21,0
15127,8969,2024-12-16,Business,64,28,19405,36.05,0
15128,8969,2024-12-23,Business,75,41,4819,44.06,0
15129,8969,2024-12-30,Business,124,35,8214,16.13,0
15130,8971,2024-10-16,Business,101,20,1526,29.97,1
15131,8971,2024-10-23,Business,88,26,5857,58.88,1
15132,8971,2024-10-30,Business,57,8,6741,47.38,1
15133,8971,2024-11-06,Business,25,6,1398,26.72,1
15134,8971,2024-11-13,Business,9,3,4452,31.61,1
15135,8972,2024-12-16,Enterprise,259,50,58922,54.89,0
15136,8972,2024-12-23,Enterprise,226,65,82618,334.9,0
15137,8972,2024-12-30,Enterprise,391,182,66798,302.35,0
15138,8973,2024-12-16,Enterprise,164,122,11962,447.32,0
15139,8973,2024-12-23,Enterprise,206,146,80134,127.98,0
15140,8973,2024-12-30,Enterprise,472,151,40519,232.98,0
15141,8974,2024-12-17,Enterprise,119,72,71527,503.23,0
15142,8974,2024-12-24,Enterprise,183,64,25494,478.36,0
15143,8974,2024-12-31,Enterprise,263,145,78663,106.71,0
15144,8977,2024-12-17,Pro,46,12,1675,18.08,0
15145,8977,2024-12-24,Pro,25,9,1929,15.8,0
15146,8977,2024-12-31,Pro,60,10,2814,4.8,0
15147,8979,2024-12-17,Enterprise,212,119,57578,346.77,0
15148,8979,2024-12-24,Enterprise,314,93,94140,113.14,0
15149,8979,2024-12-31,Enterprise,252,68,34111,391.25,0
15150,8981,2024-12-17,Pro,23,7,1461,8.52,0
15151,8981,2024-12-24,Pro,23,13,3200,11.93,0
15152,8981,2024-12-31,Pro,61,8,665,19.53,0
15153,8984,2024-12-17,Enterprise,544,108,9390,320.12,0
15154,8984,2024-12-24,Enterprise,419,161,82640,480.73,0
15155,8984,2024-12-31,Enterprise,412,76,24378,213.21,0
15156,8987,2024-12-17,Business,81,42,12580,89.15,0
15157,8987,2024-12-24,Business,67,15,16190,94.89,0
15158,8987,2024-12-31,Business,128,42,19596,75.51,0
15159,8991,2024-12-17,Business,117,36,18044,25.43,0
15160,8991,2024-12-24,Business,83,33,15911,14.04,0
15161,8991,2024-12-31,Business,89,46,18648,70.76,0
15162,8994,2024-12-17,Pro,32,8,900,5.19,0
15163,8994,2024-12-24,Pro,38,16,855,10.55,0
15164,8994,2024-12-31,Pro,20,8,3092,5.56,0
15165,8996,2024-12-17,Business,69,16,16075,46.98,0
15166,8996,2024-12-24,Business,106,21,4944,26.63,0
15167,8996,2024-12-31,Business,156,11,1844,76.04,0
15168,8997,2024-12-17,Starter,18,2,341,0.57,0
15169,8997,2024-12-24,Starter,10,2,859,2.88,0
15170,8997,2024-12-31,Starter,8,3,409,1.78,0
15171,8999,2024-12-17,Enterprise,334,179,85255,211.86,0
15172,8999,2024-12-24,Enterprise,304,48,16479,460.89,0
15173,8999,2024-12-31,Enterprise,168,159,58310,183.25,0
15174,9003,2024-12-17,Business,55,28,8433,29.11,0
15175,9003,2024-12-24,Business,162,41,2935,50.26,0
15176,9003,2024-12-31,Business,152,22,11226,49.58,0
15177,9010,2024-12-18,Pro,14,9,5598,8.97,0
15178,9010,2024-12-25,Pro,25,14,4195,6.45,0
15179,9011,2024-12-18,Business,64,47,16034,45.47,0
15180,9011,2024-12-25,Business,44,27,12523,36.01,0
15181,9012,2024-12-18,Business,115,46,3413,25.02,0
15182,9012,2024-12-25,Business,133,37,15262,59.58,0
15183,9013,2024-12-18,Pro,46,15,3402,13.15,0
15184,9013,2024-12-25,Pro,45,8,3631,17.74,0
15185,9014,2024-12-18,Starter,12,3,429,3.15,0
15186,9014,2024-12-25,Starter,15,1,269,2.85,0
15187,9018,2024-12-18,Pro,50,13,3784,19.05,0
15188,9018,2024-12-25,Pro,64,5,4112,6.77,0
15189,9030,2024-12-18,Pro,52,14,961,20.04,0
15190,9030,2024-12-25,Pro,34,3,2662,11.95,0
15191,9032,2024-12-19,Starter,19,2,744,1.86,0
15192,9032,2024-12-26,Starter,10,4,921,3.03,0
15193,9034,2024-12-19,Pro,31,14,1032,14.44,0
15194,9034,2024-12-26,Pro,35,10,5126,9.41,0
15195,9039,2024-12-19,Business,152,17,8867,65.49,0
15196,9039,2024-12-26,Business,127,49,17650,82.96,0
15197,9041,2024-12-19,Pro,18,8,3708,16.02,0
15198,9041,2024-12-26,Pro,34,8,3071,9.12,0
15199,9045,2024-12-19,Starter,7,2,162,0.74,0
15200,9045,2024-12-26,Starter,15,2,100,0.73,0
15201,9048,2024-10-20,Starter,9,1,723,2.19,0
15202,9048,2024-10-27,Starter,10,3,308,2.68,0
15203,9048,2024-11-03,Starter,6,4,718,2.18,0
15204,9048,2024-11-10,Starter,9,1,139,3.17,0
15205,9048,2024-11-17,Starter,9,4,322,3.33,0
15206,9048,2024-12-20,Pro,16,8,3101,6.97,0
15207,9048,2024-12-27,Pro,17,3,3282,3.8,0
15208,9049,2024-12-20,Pro,45,12,4325,14.23,0
15209,9049,2024-12-27,Pro,31,10,573,16.26,0
15210,9051,2024-12-20,Enterprise,280,107,36140,285.2,0
15211,9051,2024-12-27,Enterprise,465,184,91576,275.33,0
15212,9053,2024-12-20,Enterprise,518,110,26498,342.14,0
15213,9053,2024-12-27,Enterprise,383,104,39063,337.42,0
15214,9057,2024-12-20,Enterprise,378,181,10935,169.02,0
15215,9057,2024-12-27,Enterprise,256,94,92566,128.25,0
15216,9059,2024-12-20,Pro,13,8,4880,2.84,0
15217,9059,2024-12-27,Pro,48,11,710,13.06,0
15218,9060,2024-12-20,Pro,41,7,1432,6.63,0
15219,9060,2024-12-27,Pro,43,5,1236,2.13,0
15220,9062,2024-12-20,Starter,7,2,425,0.97,0
15221,9062,2024-12-27,Starter,17,3,298,4.17,0
15222,9063,2024-11-20,Pro,11,7,2523,16.46,1
15223,9063,2024-11-27,Pro,31,4,2962,10.69,1
15224,9063,2024-12-04,Pro,11,1,1572,16.93,1
15225,9063,2024-12-11,Pro,9,1,585,18.62,1
15226,9063,2024-12-18,Pro,6,1,595,10.52,1
15227,9065,2024-12-20,Business,58,18,2897,50.27,0
15228,9065,2024-12-27,Business,152,49,9013,14.27,0
15229,9066,2024-12-20,Starter,18,1,131,4.61,0
15230,9066,2024-12-27,Starter,7,4,882,1.28,0
15231,9067,2024-12-21,Pro,26,14,1789,9.88,0
15232,9067,2024-12-28,Pro,35,7,1309,13.75,0
15233,9071,2024-12-21,Business,51,24,14395,88.91,0
15234,9071,2024-12-28,Business,53,48,11760,17.38,0
15235,9077,2024-12-21,Business,65,12,12330,74.14,0
15236,9077,2024-12-28,Business,63,27,9481,30.46,0
15237,9081,2024-12-22,Enterprise,124,166,17045,302.57,0
15238,9081,2024-12-29,Enterprise,251,200,97773,116.27,0
15239,9083,2024-12-22,Enterprise,291,57,72292,190.25,0
15240,9083,2024-12-29,Enterprise,220,178,42531,50.16,0
15241,9084,2024-10-22,Starter,8,2,764,3.33,1
15242,9084,2024-10-29,Starter,11,1,306,1.19,1
15243,9084,2024-11-05,Starter,7,2,236,1.61,1
15244,9084,2024-11-12,Starter,2,1,195,1.02,1
15245,9084,2024-11-19,Starter,2,1,94,4.47,1
15246,9085,2024-12-22,Business,79,44,8412,68.94,0
15247,9085,2024-12-29,Business,27,20,6379,52.5,0
15248,9088,2024-12-22,Starter,1,1,209,4.97,1
15249,9088,2024-12-29,Starter,2,1,35,3.38,1
15250,9090,2024-12-22,Pro,21,15,3040,9.06,0
15251,9090,2024-12-29,Pro,17,7,3356,13.14,0
15252,9091,2024-12-22,Pro,26,12,2823,12.68,0
15253,9091,2024-12-29,Pro,20,12,3596,2.43,0
15254,9099,2024-12-22,Starter,6,1,453,4.55,0
15255,9099,2024-12-29,Starter,5,3,664,4.6,0
15256,9102,2024-12-22,Enterprise,207,66,54855,363.69,0
15257,9102,2024-12-29,Enterprise,146,44,23915,295.92,0
15258,9106,2024-12-23,Business,102,14,13779,63.1,0
15259,9106,2024-12-30,Business,72,35,8351,13.68,0
15260,9109,2024-12-23,Business,108,37,17690,43.99,0
15261,9109,2024-12-30,Business,133,13,2439,42.27,0
15262,9116,2024-12-23,Pro,32,12,4045,11.75,0
15263,9116,2024-12-30,Pro,34,4,5199,17.12,0
15264,9120,2024-11-23,Pro,30,3,2710,5.81,1
15265,9120,2024-11-30,Pro,5,2,1029,8.31,1
15266,9120,2024-12-07,Pro,15,4,355,10.81,1
15267,9120,2024-12-14,Pro,7,1,840,10.04,1
15268,9120,2024-12-21,Pro,2,3,923,4.22,1
15269,9121,2024-10-23,Business,90,18,10682,46.63,1
15270,9121,2024-10-30,Business,34,28,11776,57.68,1
15271,9121,2024-11-06,Business,39,21,8793,90.72,1
15272,9121,2024-11-13,Business,38,10,2900,56.97,1
15273,9121,2024-11-20,Business,25,9,1381,51.77,1
15274,9126,2024-12-23,Enterprise,234,135,42126,86.58,0
15275,9126,2024-12-30,Enterprise,112,59,50545,378.13,0
15276,9129,2024-12-23,Pro,25,15,699,6.99,0
15277,9129,2024-12-30,Pro,39,14,1996,10.99,0
15278,9140,2024-12-24,Business,71,34,4995,52.71,0
15279,9140,2024-12-31,Business,36,36,7414,85.7,0
15280,9144,2024-12-24,Starter,17,4,636,4.65,0
15281,9144,2024-12-31,Starter,14,3,517,2.46,0
15282,9145,2024-12-24,Starter,6,4,135,3.23,0
15283,9145,2024-12-31,Starter,6,1,746,3.58,0
15284,9150,2024-12-24,Pro,15,5,2233,2.99,0
15285,9150,2024-12-31,Pro,39,13,1603,8.22,0
15286,9151,2024-12-24,Business,88,35,7722,13.15,0
15287,9151,2024-12-31,Business,106,31,6057,96.01,0
15288,9153,2024-12-24,Enterprise,174,118,61332,325.56,0
15289,9153,2024-12-31,Enterprise,343,160,52433,429.98,0
15290,9154,2024-12-24,Starter,17,4,183,2.74,0
15291,9154,2024-12-31,Starter,10,2,855,4.28,0
15292,9156,2024-12-24,Pro,48,12,5437,13.45,0
15293,9156,2024-12-31,Pro,17,3,1683,10.36,0
15294,9159,2024-12-25,Pro,62,13,2745,8.74,0
15295,9165,2024-12-25,Business,121,35,5559,35.02,0
15296,9168,2024-12-25,Business,131,33,12708,12.62,0
15297,9174,2024-12-25,Enterprise,450,49,50537,112.01,0
15298,9175,2024-10-25,Starter,13,2,245,3.48,1
15299,9175,2024-11-01,Starter,9,1,483,2.63,1
15300,9175,2024-11-08,Starter,8,1,288,4.05,1
15301,9175,2024-11-15,Starter,3,1,149,1.26,1
15302,9175,2024-11-22,Starter,1,1,58,3.78,1
15303,9177,2024-12-25,Enterprise,408,161,11262,140.38,0
15304,9180,2024-12-25,Enterprise,400,41,77145,492.03,0
15305,9183,2024-12-25,Starter,11,2,746,2.63,0
15306,9184,2024-10-26,Business,67,13,15194,91.23,0
15307,9184,2024-11-02,Business,25,17,9448,20.0,0
15308,9184,2024-11-09,Business,30,38,11292,73.23,0
15309,9184,2024-11-16,Business,45,46,6636,73.61,0
15310,9184,2024-11-23,Business,68,13,8742,76.93,0
15311,9184,2024-12-26,Enterprise,426,51,92397,56.64,0
15312,9188,2024-12-26,Business,77,10,17394,53.39,0
15313,9192,2024-12-26,Enterprise,86,39,51918,471.18,0
15314,9196,2024-11-26,Starter,6,4,686,4.3,0
15315,9196,2024-12-03,Starter,17,2,889,2.36,0
15316,9196,2024-12-10,Starter,7,1,849,5.01,0
15317,9196,2024-12-17,Starter,20,5,328,4.96,0
15318,9196,2024-12-24,Starter,20,3,698,0.57,0
15319,9196,2024-12-26,Pro,39,5,4499,19.28,0
15320,9200,2024-12-27,Enterprise,512,165,96393,316.19,0
15321,9206,2024-12-27,Enterprise,257,132,21321,462.25,0
15322,9209,2024-12-27,Pro,43,9,4648,18.34,0
15323,9215,2024-12-28,Pro,23,14,3021,4.1,0
15324,9218,2024-12-28,Enterprise,259,136,108396,207.62,0
15325,9220,2024-12-28,Starter,6,4,237,0.63,0
15326,9222,2024-12-28,Enterprise,161,125,23522,380.62,0
15327,9224,2024-12-28,Pro,27,10,5006,12.89,0
15328,9226,2024-12-28,Enterprise,257,93,83853,458.72,0
15329,9228,2024-10-28,Pro,13,7,4143,4.4,0
15330,9228,2024-11-04,Pro,55,7,644,14.19,0
15331,9228,2024-11-11,Pro,17,6,2142,10.49,0
15332,9228,2024-11-18,Pro,23,15,2152,10.49,0
15333,9228,2024-11-25,Pro,46,7,2036,11.47,0
15334,9228,2024-12-28,Starter,13,4,473,4.33,0
15335,9229,2024-11-28,Pro,31,7,3468,18.57,1
15336,9229,2024-12-05,Pro,20,3,1231,8.21,1
15337,9229,2024-12-12,Pro,15,1,334,8.31,1
15338,9229,2024-12-19,Pro,11,1,923,5.6,1
15339,9229,2024-12-26,Pro,10,2,231,19.29,1
15340,9232,2024-11-28,Enterprise,201,74,55560,320.72,1
15341,9232,2024-12-05,Enterprise,57,107,24189,211.82,1
15342,9232,2024-12-12,Enterprise,156,16,8922,216.91,1
15343,9232,2024-12-19,Enterprise,32,7,16556,359.66,1
15344,9232,2024-12-26,Enterprise,48,29,12562,460.49,1
15345,9234,2024-12-28,Pro,12,14,4466,19.7,0
15346,9236,2024-12-29,Enterprise,110,65,27176,181.96,0
15347,9238,2024-12-29,Enterprise,303,52,19768,433.91,0
15348,9242,2024-12-29,Enterprise,128,96,36436,76.89,0
15349,9243,2024-12-29,Starter,11,3,348,3.11,0
15350,9244,2024-12-29,Starter,6,2,769,1.31,0
15351,9245,2024-11-29,Pro,14,10,2392,20.15,1
15352,9245,2024-12-06,Pro,20,7,2206,7.55,1
15353,9245,2024-12-13,Pro,10,5,460,7.32,1
15354,9245,2024-12-20,Pro,8,2,706,13.83,1
15355,9245,2024-12-27,Pro,11,1,814,16.19,1
15356,9247,2024-12-29,Pro,22,14,849,4.29,0
15357,9249,2024-12-29,Starter,9,3,476,3.48,0
15358,9253,2024-12-29,Starter,6,3,888,4.45,0
15359,9254,2024-12-30,Pro,54,10,3372,18.7,0
15360,9257,2024-12-30,Starter,13,1,1073,0.76,0
15361,9261,2024-12-30,Enterprise,362,100,99337,156.29,0
15362,9263,2024-12-30,Enterprise,403,116,56078,466.73,0
15363,9264,2024-12-30,Pro,26,6,4442,12.04,0
15364,9266,2024-12-30,Starter,9,4,385,5.13,0
15365,9269,2024-12-30,Enterprise,469,130,82034,229.1,0
15366,9271,2024-12-30,Business,123,22,14782,102.65,0
15367,9274,2024-12-30,Starter,12,4,505,2.67,0
15368,9275,2024-12-30,Business,143,39,2609,44.89,0
15369,9285,2024-12-30,Pro,23,3,3770,15.28,0
15370,9286,2024-11-30,Business,48,24,7212,18.1,1
15371,9286,2024-12-07,Business,29,11,2934,31.45,1
15372,9286,2024-12-14,Business,25,17,4157,11.5,1
15373,9286,2024-12-21,Business,9,5,435,45.93,1
15374,9286,2024-12-28,Business,18,2,1844,84.88,1
15375,9289,2024-12-30,Business,79,33,7098,45.17,0
15376,9290,2024-12-30,Starter,14,3,386,1.03,0
15377,9292,2024-12-30,Business,100,20,12513,36.02,0
15378,9297,2024-12-01,Enterprise,162,52,29242,419.05,0
15379,9297,2024-12-08,Enterprise,302,160,26364,367.79,0
15380,9297,2024-12-15,Enterprise,165,191,20688,185.46,0
15381,9297,2024-12-22,Enterprise,183,184,92455,213.26,0
15382,9297,2024-12-29,Enterprise,251,136,39542,247.08,0
15383,9301,2024-12-01,Enterprise,221,127,72538,510.12,0
15384,9301,2024-12-08,Enterprise,303,159,11540,343.46,0
15385,9301,2024-12-15,Enterprise,101,87,103158,495.57,0
15386,9301,2024-12-22,Enterprise,235,150,84633,353.26,0
15387,9301,2024-12-29,Enterprise,125,75,31418,116.08,0
15388,9303,2024-12-01,Starter,6,1,654,4.05,0
15389,9303,2024-12-08,Starter,8,1,427,1.41,0
15390,9303,2024-12-15,Starter,8,1,232,0.97,0
15391,9303,2024-12-22,Starter,4,4,269,1.94,0
15392,9303,2024-12-29,Starter,11,3,872,1.54,0
15393,9314,2024-12-01,Pro,26,3,670,14.92,0
15394,9314,2024-12-08,Pro,11,7,2306,2.7,0
15395,9314,2024-12-15,Pro,29,8,4793,15.63,0
15396,9314,2024-12-22,Pro,36,10,4409,17.82,0
15397,9314,2024-12-29,Pro,35,12,4947,15.11,0
15398,9316,2024-12-01,Pro,34,4,4717,2.91,0
15399,9316,2024-12-08,Pro,31,13,4294,20.74,0
15400,9316,2024-12-15,Pro,32,14,2725,18.22,0
15401,9316,2024-12-22,Pro,9,5,3993,6.47,0
15402,9316,2024-12-29,Pro,21,12,4342,13.04,0
15403,9318,2024-12-01,Pro,29,13,5014,9.24,0
15404,9318,2024-12-08,Pro,26,5,1642,19.24,0
15405,9318,2024-12-15,Pro,33,5,514,15.19,0
15406,9318,2024-12-22,Pro,32,5,1887,10.15,0
15407,9318,2024-12-29,Pro,23,7,4125,18.01,0
15408,9320,2024-12-02,Starter,5,3,623,3.98,0
15409,9320,2024-12-09,Starter,5,3,441,2.86,0
15410,9320,2024-12-16,Starter,7,1,1047,2.32,0
15411,9320,2024-12-23,Starter,17,3,742,3.94,0
15412,9320,2024-12-30,Starter,21,1,602,1.36,0
15413,9322,2024-12-02,Starter,10,2,797,2.05,0
15414,9322,2024-12-09,Starter,9,4,846,2.15,0
15415,9322,2024-12-16,Starter,10,1,160,2.98,0
15416,9322,2024-12-23,Starter,16,3,820,4.48,0
15417,9322,2024-12-30,Starter,19,3,210,2.33,0
15418,9330,2024-12-02,Business,93,12,7054,42.57,0
15419,9330,2024-12-09,Business,70,37,19212,40.26,0
15420,9330,2024-12-16,Business,98,36,18717,34.26,0
15421,9330,2024-12-23,Business,58,16,9958,87.48,0
15422,9330,2024-12-30,Business,52,10,21114,63.96,0
15423,9337,2024-12-02,Starter,7,2,510,2.43,0
15424,9337,2024-12-09,Starter,13,3,631,4.86,0
15425,9337,2024-12-16,Starter,16,4,708,1.15,0
15426,9337,2024-12-23,Starter,12,1,783,2.19,0
15427,9337,2024-12-30,Starter,18,5,775,2.84,0
15428,9338,2024-12-02,Business,79,28,16366,61.51,1
15429,9338,2024-12-09,Business,68,9,8643,41.81,1
15430,9338,2024-12-16,Business,53,8,2057,84.74,1
15431,9338,2024-12-23,Business,28,9,2514,97.81,1
15432,9338,2024-12-30,Business,33,5,2026,53.49,1
15433,9339,2024-12-02,Enterprise,160,90,76772,159.74,0
15434,9339,2024-12-09,Enterprise,246,61,75169,210.71,0
15435,9339,2024-12-16,Enterprise,142,155,99850,256.84,0
15436,9339,2024-12-23,Enterprise,117,122,75494,270.66,0
15437,9339,2024-12-30,Enterprise,397,164,87000,160.69,0
15438,9341,2024-12-02,Pro,21,14,2336,19.12,0
15439,9341,2024-12-09,Pro,15,7,2420,2.05,0
15440,9341,2024-12-16,Pro,46,3,1934,9.33,0
15441,9341,2024-12-23,Pro,27,13,3567,7.39,0
15442,9341,2024-12-30,Pro,26,7,4411,5.77,0
15443,9343,2024-12-02,Pro,48,10,5038,7.97,0
15444,9343,2024-12-09,Pro,44,6,3742,5.03,0
15445,9343,2024-12-16,Pro,48,3,928,15.32,0
15446,9343,2024-12-23,Pro,25,7,1105,2.9,0
15447,9343,2024-12-30,Pro,61,5,1316,10.34,0
15448,9347,2024-12-02,Starter,10,4,324,0.65,0
15449,9347,2024-12-09,Starter,15,4,661,1.15,0
15450,9347,2024-12-16,Starter,9,1,157,2.93,0
15451,9347,2024-12-23,Starter,8,2,1129,3.3,0
15452,9347,2024-12-30,Starter,17,3,798,3.42,0
15453,9349,2024-12-02,Pro,16,6,5098,19.3,0
15454,9349,2024-12-09,Pro,46,11,2668,12.82,0
15455,9349,2024-12-16,Pro,22,10,2642,6.3,0
15456,9349,2024-12-23,Pro,15,4,5302,10.53,0
15457,9349,2024-12-30,Pro,16,6,1558,17.07,0
15458,9356,2024-11-02,Pro,40,5,2551,15.16,0
15459,9356,2024-11-09,Pro,32,13,3979,13.79,0
15460,9356,2024-11-16,Pro,28,12,3705,19.58,0
15461,9356,2024-11-23,Pro,20,13,2495,18.96,0
15462,9356,2024-11-30,Pro,19,13,4134,16.18,0
15463,9356,2024-12-02,Starter,18,2,211,3.54,0
15464,9356,2024-12-09,Starter,8,4,500,3.48,0
15465,9356,2024-12-16,Starter,7,4,468,4.51,0
15466,9356,2024-12-23,Starter,12,1,455,3.57,0
15467,9356,2024-12-30,Starter,9,1,599,2.14,0
15468,9364,2024-11-03,Starter,4,1,646,4.67,1
15469,9364,2024-11-10,Starter,2,1,313,2.11,1
15470,9364,2024-11-17,Starter,1,1,285,0.7,1
15471,9364,2024-11-24,Starter,1,1,172,2.28,1
15472,9364,2024-12-01,Starter,0,1,104,3.11,1
15473,9367,2024-12-03,Enterprise,105,66,80421,241.2,0
15474,9367,2024-12-10,Enterprise,337,180,38126,51.85,0
15475,9367,2024-12-17,Enterprise,390,155,20034,298.28,0
15476,9367,2024-12-24,Enterprise,402,201,70856,441.91,0
15477,9367,2024-12-31,Enterprise,114,124,36313,361.62,0
15478,9374,2024-12-03,Enterprise,233,161,59267,98.09,0
15479,9374,2024-12-10,Enterprise,407,79,31968,364.83,0
15480,9374,2024-12-17,Enterprise,403,192,45851,127.24,0
15481,9374,2024-12-24,Enterprise,294,200,9256,91.43,0
15482,9374,2024-12-31,Enterprise,143,110,88513,96.58,0
15483,9376,2024-12-03,Enterprise,275,113,57515,426.68,0
15484,9376,2024-12-10,Enterprise,144,47,79273,107.27,0
15485,9376,2024-12-17,Enterprise,288,170,94724,351.24,0
15486,9376,2024-12-24,Enterprise,382,165,107936,375.67,0
15487,9376,2024-12-31,Enterprise,380,41,80933,148.6,0
15488,9379,2024-12-03,Pro,39,12,804,18.79,0
15489,9379,2024-12-10,Pro,25,5,497,11.95,0
15490,9379,2024-12-17,Pro,23,6,559,10.73,0
15491,9379,2024-12-24,Pro,43,9,3793,11.69,0
15492,9379,2024-12-31,Pro,29,8,4742,11.7,0
15493,9387,2024-12-04,Starter,13,3,755,4.55,0
15494,9387,2024-12-11,Starter,12,5,283,1.06,0
15495,9387,2024-12-18,Starter,14,4,1136,0.57,0
15496,9387,2024-12-25,Starter,20,3,308,3.79,0
15497,9389,2024-12-04,Pro,49,4,3787,13.51,0
15498,9389,2024-12-11,Pro,50,9,579,5.14,0
15499,9389,2024-12-18,Pro,40,5,3387,16.34,0
15500,9389,2024-12-25,Pro,50,4,3466,11.87,0
15501,9390,2024-12-04,Starter,8,3,120,3.41,0
15502,9390,2024-12-11,Starter,18,2,813,3.72,0
15503,9390,2024-12-18,Starter,19,2,584,4.45,0
15504,9390,2024-12-25,Starter,19,2,358,5.12,0
15505,9392,2024-12-04,Enterprise,202,92,84462,512.59,0
15506,9392,2024-12-11,Enterprise,203,130,95337,484.81,0
15507,9392,2024-12-18,Enterprise,327,33,114675,85.46,0
15508,9392,2024-12-25,Enterprise,129,73,51272,153.71,0
15509,9396,2024-12-04,Starter,10,3,422,1.76,0
15510,9396,2024-12-11,Starter,4,2,225,4.58,0
15511,9396,2024-12-18,Starter,6,1,497,2.39,0
15512,9396,2024-12-25,Starter,13,4,224,3.36,0
15513,9399,2024-12-04,Business,41,48,4156,94.17,0
15514,9399,2024-12-11,Business,140,12,20606,99.18,0
15515,9399,2024-12-18,Business,109,49,2806,30.45,0
15516,9399,2024-12-25,Business,112,22,17563,33.98,0
15517,9410,2024-12-05,Starter,14,4,802,4.78,0
15518,9410,2024-12-12,Starter,16,3,307,3.2,0
15519,9410,2024-12-19,Starter,11,2,468,4.79,0
15520,9410,2024-12-26,Starter,13,2,496,1.6,0
15521,9413,2024-12-05,Starter,6,2,347,2.57,0
15522,9413,2024-12-12,Starter,4,1,337,1.78,0
15523,9413,2024-12-19,Starter,8,3,744,0.8,0
15524,9413,2024-12-26,Starter,16,2,950,1.25,0
15525,9419,2024-12-05,Starter,10,1,756,1.59,0
15526,9419,2024-12-12,Starter,20,2,467,0.99,0
15527,9419,2024-12-19,Starter,6,3,438,0.99,0
15528,9419,2024-12-26,Starter,10,1,222,1.92,0
15529,9426,2024-12-05,Enterprise,404,61,83740,416.15,0
15530,9426,2024-12-12,Enterprise,427,170,51495,360.6,0
15531,9426,2024-12-19,Enterprise,322,55,62358,421.82,0
15532,9426,2024-12-26,Enterprise,393,35,98326,444.0,0
15533,9429,2024-11-05,Business,47,34,7967,35.98,0
15534,9429,2024-11-12,Business,77,20,7955,65.24,0
15535,9429,2024-11-19,Business,100,36,9998,23.88,0
15536,9429,2024-11-26,Business,67,30,7007,96.73,0
15537,9429,2024-12-03,Business,77,14,12912,18.92,0
15538,9429,2024-12-05,Enterprise,371,146,53833,460.74,0
15539,9429,2024-12-12,Enterprise,198,188,14154,163.63,0
15540,9429,2024-12-19,Enterprise,111,60,89849,216.82,0
15541,9429,2024-12-26,Enterprise,452,57,49411,434.24,0
15542,9432,2024-12-05,Business,103,19,4948,93.64,0
15543,9432,2024-12-12,Business,85,21,8442,83.21,0
15544,9432,2024-12-19,Business,60,29,11590,83.78,0
15545,9432,2024-12-26,Business,99,43,8427,43.66,0
15546,9435,2024-12-06,Business,64,9,4785,81.64,1
15547,9435,2024-12-13,Business,33,8,7857,70.25,1
15548,9435,2024-12-20,Business,32,6,1687,45.05,1
15549,9435,2024-12-27,Business,24,4,3083,28.81,1
15550,9442,2024-12-06,Business,164,28,18233,85.74,0
15551,9442,2024-12-13,Business,115,28,6654,56.2,0
15552,9442,2024-12-20,Business,165,38,10344,39.19,0
15553,9442,2024-12-27,Business,96,47,18064,33.37,0
15554,9444,2024-12-06,Starter,9,2,623,3.36,0
15555,9444,2024-12-13,Starter,13,1,628,2.78,0
15556,9444,2024-12-20,Starter,17,2,448,4.61,0
15557,9444,2024-12-27,Starter,5,2,595,1.84,0
15558,9445,2024-12-06,Business,106,12,5876,59.3,0
15559,9445,2024-12-13,Business,105,22,6179,100.98,0
15560,9445,2024-12-20,Business,59,30,6500,82.2,0
15561,9445,2024-12-27,Business,131,40,3145,22.38,0
15562,9447,2024-12-06,Enterprise,278,138,83897,403.49,0
15563,9447,2024-12-13,Enterprise,158,34,74830,241.78,0
15564,9447,2024-12-20,Enterprise,478,116,76163,131.15,0
15565,9447,2024-12-27,Enterprise,369,173,10600,140.34,0
15566,9453,2024-12-06,Starter,11,1,453,1.83,0
15567,9453,2024-12-13,Starter,16,4,984,1.4,0
15568,9453,2024-12-20,Starter,16,1,406,4.03,0
15569,9453,2024-12-27,Starter,7,4,823,0.57,0
15570,9454,2024-12-06,Business,140,41,4610,42.0,0
15571,9454,2024-12-13,Business,98,15,5895,40.88,0
15572,9454,2024-12-20,Business,87,21,5204,11.37,0
15573,9454,2024-12-27,Business,46,29,3454,63.29,0
15574,9456,2024-12-06,Pro,43,14,4670,10.6,0
15575,9456,2024-12-13,Pro,50,13,3985,18.43,0
15576,9456,2024-12-20,Pro,45,6,2685,4.2,0
15577,9456,2024-12-27,Pro,54,5,3813,3.6,0
15578,9462,2024-12-07,Pro,13,11,2603,15.36,0
15579,9462,2024-12-14,Pro,13,13,4718,12.06,0
15580,9462,2024-12-21,Pro,34,14,456,15.86,0
15581,9462,2024-12-28,Pro,21,3,3596,10.94,0
15582,9468,2024-12-07,Enterprise,162,80,17106,327.3,0
15583,9468,2024-12-14,Enterprise,83,87,23813,515.95,0
15584,9468,2024-12-21,Enterprise,272,82,42885,268.85,0
15585,9468,2024-12-28,Enterprise,75,39,20339,445.22,0
15586,9476,2024-12-07,Business,47,21,7202,101.17,0
15587,9476,2024-12-14,Business,53,15,9051,22.46,0
15588,9476,2024-12-21,Business,60,45,2582,38.94,0
15589,9476,2024-12-28,Business,29,19,14025,56.7,0
15590,9478,2024-12-07,Business,96,28,11822,43.33,0
15591,9478,2024-12-14,Business,65,17,13768,52.32,0
15592,9478,2024-12-21,Business,79,32,17817,14.22,0
15593,9478,2024-12-28,Business,64,15,14811,83.02,0
15594,9479,2024-12-07,Starter,4,4,151,2.41,0
15595,9479,2024-12-14,Starter,5,4,185,4.95,0
15596,9479,2024-12-21,Starter,3,2,658,3.98,0
15597,9479,2024-12-28,Starter,8,2,897,1.67,0
15598,9480,2024-12-07,Business,51,17,9070,13.59,1
15599,9480,2024-12-14,Business,36,16,1356,62.92,1
15600,9480,2024-12-21,Business,19,10,3021,48.37,1
15601,9480,2024-12-28,Business,16,8,1856,41.09,1
15602,9487,2024-11-07,Starter,4,1,491,3.26,1
15603,9487,2024-11-14,Starter,4,1,341,4.11,1
15604,9487,2024-11-21,Starter,6,1,390,0.5,1
15605,9487,2024-11-28,Starter,2,1,81,0.87,1
15606,9487,2024-12-05,Starter,1,1,67,0.57,1
15607,9492,2024-12-08,Pro,12,7,1292,11.39,0
15608,9492,2024-12-15,Pro,17,8,1345,20.51,0
15609,9492,2024-12-22,Pro,15,3,3936,8.85,0
15610,9492,2024-12-29,Pro,42,6,2202,17.54,0
15611,9493,2024-12-08,Enterprise,79,68,58665,258.02,0
15612,9493,2024-12-15,Enterprise,237,95,31240,433.83,0
15613,9493,2024-12-22,Enterprise,285,52,86177,383.22,0
15614,9493,2024-12-29,Enterprise,255,136,47039,106.85,0
15615,9510,2024-12-08,Pro,13,15,4696,14.66,0
15616,9510,2024-12-15,Pro,15,11,1646,17.4,0
15617,9510,2024-12-22,Pro,20,8,4884,14.99,0
15618,9510,2024-12-29,Pro,35,10,1313,18.91,0
15619,9511,2024-12-08,Starter,6,3,195,5.05,0
15620,9511,2024-12-15,Starter,13,4,311,2.08,0
15621,9511,2024-12-22,Starter,6,2,523,4.82,0
15622,9511,2024-12-29,Starter,7,2,790,1.88,0
15623,9513,2024-12-08,Enterprise,225,28,14546,215.89,0
15624,9513,2024-12-15,Enterprise,331,132,96733,262.67,0
15625,9513,2024-12-22,Enterprise,135,169,43432,113.44,0
15626,9513,2024-12-29,Enterprise,268,64,89698,150.57,0
15627,9530,2024-12-09,Enterprise,230,32,11585,308.24,0
15628,9530,2024-12-16,Enterprise,402,114,25407,53.07,0
15629,9530,2024-12-23,Enterprise,416,167,11581,149.8,0
15630,9530,2024-12-30,Enterprise,170,39,41820,479.89,0
15631,9531,2024-12-09,Enterprise,318,57,60178,71.09,0
15632,9531,2024-12-16,Enterprise,399,194,73699,480.61,0
15633,9531,2024-12-23,Enterprise,323,120,101883,343.56,0
15634,9531,2024-12-30,Enterprise,242,67,24275,163.65,0
15635,9532,2024-12-09,Pro,26,11,4184,18.83,0
15636,9532,2024-12-16,Pro,34,7,1547,6.77,0
15637,9532,2024-12-23,Pro,45,7,4643,10.15,0
15638,9532,2024-12-30,Pro,52,12,4340,19.74,0
15639,9541,2024-12-09,Enterprise,213,28,22787,214.58,0
15640,9541,2024-12-16,Enterprise,484,163,21104,448.88,0
15641,9541,2024-12-23,Enterprise,299,135,51700,290.79,0
15642,9541,2024-12-30,Enterprise,335,41,43193,375.56,0
15643,9548,2024-12-09,Enterprise,335,76,64766,301.17,0
15644,9548,2024-12-16,Enterprise,311,42,35640,475.25,0
15645,9548,2024-12-23,Enterprise,140,141,34569,124.95,0
15646,9548,2024-12-30,Enterprise,301,32,29667,179.73,0
15647,9550,2024-12-09,Enterprise,187,49,63198,489.35,0
15648,9550,2024-12-16,Enterprise,283,155,28363,463.98,0
15649,9550,2024-12-23,Enterprise,218,158,80135,85.4,0
15650,9550,2024-12-30,Enterprise,142,103,14287,423.92,0
15651,9552,2024-12-09,Business,65,13,16236,46.42,0
15652,9552,2024-12-16,Business,147,40,19869,61.1,0
15653,9552,2024-12-23,Business,92,24,13761,10.0,0
15654,9552,2024-12-30,Business,127,50,10914,86.6,0
15655,9556,2024-12-10,Pro,36,13,1892,14.53,0
15656,9556,2024-12-17,Pro,36,5,4275,17.31,0
15657,9556,2024-12-24,Pro,47,11,1503,7.59,0
15658,9556,2024-12-31,Pro,22,8,4327,8.25,0
15659,9560,2024-12-10,Starter,8,2,572,4.59,1
15660,9560,2024-12-17,Starter,4,1,355,4.42,1
15661,9560,2024-12-24,Starter,3,1,126,3.11,1
15662,9560,2024-12-31,Starter,2,1,168,4.91,1
15663,9569,2024-11-10,Business,27,10,13241,77.14,1
15664,9569,2024-11-17,Business,19,24,8239,45.17,1
15665,9569,2024-11-24,Business,19,8,6061,50.85,1
15666,9569,2024-12-01,Business,10,4,780,19.43,1
15667,9569,2024-12-08,Business,15,10,546,56.76,1
15668,9577,2024-12-11,Pro,29,14,4009,14.73,0
15669,9577,2024-12-18,Pro,37,6,574,19.28,0
15670,9577,2024-12-25,Pro,22,6,4403,5.44,0
15671,9587,2024-12-11,Business,138,25,5349,94.39,0
15672,9587,2024-12-18,Business,106,44,18738,98.83,0
15673,9587,2024-12-25,Business,61,46,4784,89.07,0
15674,9592,2024-12-11,Business,44,20,11002,41.82,0
15675,9592,2024-12-18,Business,135,11,14302,92.34,0
15676,9592,2024-12-25,Business,113,23,2654,74.6,0
15677,9597,2024-12-12,Business,131,22,11347,53.68,0
15678,9597,2024-12-19,Business,102,18,18119,11.39,0
15679,9597,2024-12-26,Business,55,12,5559,14.42,0
15680,9603,2024-12-12,Starter,8,2,302,2.39,0
15681,9603,2024-12-19,Starter,11,4,813,4.0,0
15682,9603,2024-12-26,Starter,12,2,451,4.84,0
15683,9605,2024-12-12,Starter,12,4,492,2.06,0
15684,9605,2024-12-19,Starter,14,3,206,0.56,0
15685,9605,2024-12-26,Starter,6,4,115,1.11,0
15686,9606,2024-12-12,Enterprise,109,99,92823,127.73,0
15687,9606,2024-12-19,Enterprise,113,126,71720,500.84,0
15688,9606,2024-12-26,Enterprise,124,71,9793,449.08,0
15689,9608,2024-12-12,Enterprise,415,143,64627,332.07,0
15690,9608,2024-12-19,Enterprise,456,132,78598,229.16,0
15691,9608,2024-12-26,Enterprise,340,105,23768,77.25,0
15692,9609,2024-12-12,Starter,5,1,362,2.08,1
15693,9609,2024-12-19,Starter,5,1,176,3.57,1
15694,9609,2024-12-26,Starter,2,1,121,1.56,1
15695,9611,2024-12-12,Enterprise,444,45,35534,92.68,0
15696,9611,2024-12-19,Enterprise,246,40,16379,141.11,0
15697,9611,2024-12-26,Enterprise,384,115,63796,320.25,0
15698,9612,2024-11-12,Pro,56,4,3217,8.58,0
15699,9612,2024-11-19,Pro,47,4,2892,19.66,0
15700,9612,2024-11-26,Pro,43,13,4294,9.1,0
15701,9612,2024-12-03,Pro,49,12,1640,18.65,0
15702,9612,2024-12-10,Pro,13,12,1807,16.94,0
15703,9612,2024-12-12,Starter,10,1,159,2.41,0
15704,9612,2024-12-19,Starter,8,1,275,4.65,0
15705,9612,2024-12-26,Starter,11,4,575,2.5,0
15706,9613,2024-12-12,Starter,13,3,831,2.09,0
15707,9613,2024-12-19,Starter,10,3,577,2.58,0
15708,9613,2024-12-26,Starter,11,2,269,4.85,0
15709,9623,2024-12-13,Business,49,14,15687,59.47,0
15710,9623,2024-12-20,Business,147,13,5694,36.35,0
15711,9623,2024-12-27,Business,141,18,13559,34.29,0
15712,9624,2024-12-13,Pro,15,11,4320,16.1,0
15713,9624,2024-12-20,Pro,43,14,4143,15.33,0
15714,9624,2024-12-27,Pro,46,14,2048,15.5,0
15715,9626,2024-11-13,Starter,13,1,579,3.39,1
15716,9626,2024-11-20,Starter,9,2,215,4.23,1
15717,9626,2024-11-27,Starter,5,1,211,3.22,1
15718,9626,2024-12-04,Starter,3,1,130,3.92,1
15719,9626,2024-12-11,Starter,3,1,86,2.04,1
15720,9629,2024-12-13,Pro,20,4,3281,5.0,0
15721,9629,2024-12-20,Pro,23,11,952,13.79,0
15722,9629,2024-12-27,Pro,26,13,4359,16.79,0
15723,9632,2024-12-13,Starter,15,1,383,4.49,0
15724,9632,2024-12-20,Starter,11,4,317,0.54,0
15725,9632,2024-12-27,Starter,13,3,237,0.82,0
15726,9636,2024-12-13,Pro,41,13,4498,18.46,0
15727,9636,2024-12-20,Pro,26,7,3006,11.82,0
15728,9636,2024-12-27,Pro,17,10,1153,3.7,0
15729,9638,2024-12-13,Starter,4,3,656,1.23,0
15730,9638,2024-12-20,Starter,8,2,836,0.74,0
15731,9638,2024-12-27,Starter,7,4,889,2.76,0
15732,9639,2024-12-13,Pro,20,12,3617,14.34,0
15733,9639,2024-12-20,Pro,28,7,2274,13.53,0
15734,9639,2024-12-27,Pro,43,12,1875,13.93,0
15735,9640,2024-12-13,Business,152,16,13163,40.85,0
15736,9640,2024-12-20,Business,74,37,13318,14.39,0
15737,9640,2024-12-27,Business,34,9,15836,90.09,0
15738,9642,2024-12-14,Starter,7,1,358,3.94,0
15739,9642,2024-12-21,Starter,8,1,907,0.75,0
15740,9642,2024-12-28,Starter,4,1,854,2.59,0
15741,9648,2024-12-14,Starter,9,3,803,4.27,0
15742,9648,2024-12-21,Starter,8,3,715,3.91,0
15743,9648,2024-12-28,Starter,10,4,838,3.91,0
15744,9650,2024-12-14,Enterprise,63,155,90582,219.37,0
15745,9650,2024-12-21,Enterprise,106,192,32211,104.35,0
15746,9650,2024-12-28,Enterprise,243,203,25127,126.8,0
15747,9652,2024-12-14,Enterprise,244,147,38011,403.64,0
15748,9652,2024-12-21,Enterprise,292,146,90346,71.03,0
15749,9652,2024-12-28,Enterprise,74,55,12738,427.14,0
15750,9659,2024-12-14,Business,66,41,21913,46.09,0
15751,9659,2024-12-21,Business,39,42,15130,101.27,0
15752,9659,2024-12-28,Business,78,26,3742,61.33,0
15753,9661,2024-12-14,Enterprise,96,150,15228,466.1,0
15754,9661,2024-12-21,Enterprise,87,53,77441,356.67,0
15755,9661,2024-12-28,Enterprise,219,177,13213,407.24,0
15756,9667,2024-12-14,Business,65,28,8002,9.95,0
15757,9667,2024-12-21,Business,93,14,16742,28.61,0
15758,9667,2024-12-28,Business,76,46,12838,17.4,0
15759,9669,2024-11-14,Pro,18,8,3990,14.49,0
15760,9669,2024-11-21,Pro,45,12,3589,18.36,0
15761,9669,2024-11-28,Pro,41,7,2473,2.55,0
15762,9669,2024-12-05,Pro,32,4,4010,17.76,0
15763,9669,2024-12-12,Pro,26,3,823,17.07,0
15764,9669,2024-12-14,Business,84,28,6662,47.43,0
15765,9669,2024-12-21,Business,49,43,15557,50.75,0
15766,9669,2024-12-28,Business,104,45,10420,13.09,0
15767,9676,2024-11-15,Starter,12,1,237,3.66,0
15768,9676,2024-11-22,Starter,11,1,279,2.56,0
15769,9676,2024-11-29,Starter,14,1,447,2.51,0
15770,9676,2024-12-06,Starter,14,1,982,0.71,0
15771,9676,2024-12-13,Starter,16,2,471,3.38,0
15772,9676,2024-12-15,Pro,15,8,5278,6.54,0
15773,9676,2024-12-22,Pro,24,5,2417,6.61,0
15774,9676,2024-12-29,Pro,35,4,2102,6.59,0
15775,9677,2024-12-15,Starter,9,3,344,3.15,0
15776,9677,2024-12-22,Starter,7,5,500,1.13,0
15777,9677,2024-12-29,Starter,11,1,1043,3.24,0
15778,9678,2024-12-15,Pro,9,2,430,7.13,1
15779,9678,2024-12-22,Pro,6,1,1172,9.89,1
15780,9678,2024-12-29,Pro,3,2,447,12.41,1
15781,9680,2024-12-15,Business,35,47,8100,61.1,0
15782,9680,2024-12-22,Business,89,47,14582,51.61,0
15783,9680,2024-12-29,Business,54,20,3931,45.92,0
15784,9685,2024-12-15,Enterprise,127,69,70589,129.81,0
15785,9685,2024-12-22,Enterprise,183,160,26213,258.69,0
15786,9685,2024-12-29,Enterprise,105,51,15002,494.27,0
15787,9686,2024-12-15,Pro,16,10,1352,8.65,0
15788,9686,2024-12-22,Pro,28,9,4813,4.32,0
15789,9686,2024-12-29,Pro,21,9,3196,17.05,0
15790,9688,2024-12-15,Starter,9,3,289,1.94,0
15791,9688,2024-12-22,Starter,3,2,665,1.04,0
15792,9688,2024-12-29,Starter,10,3,256,2.58,0
15793,9696,2024-12-15,Starter,9,3,242,4.46,0
15794,9696,2024-12-22,Starter,8,3,1006,4.49,0
15795,9696,2024-12-29,Starter,5,2,744,4.52,0
15796,9697,2024-12-15,Enterprise,199,87,45542,151.37,0
15797,9697,2024-12-22,Enterprise,182,72,61659,484.7,0
15798,9697,2024-12-29,Enterprise,66,30,62301,267.89,0
15799,9698,2024-12-15,Enterprise,82,132,52739,198.11,0
15800,9698,2024-12-22,Enterprise,268,45,16735,99.45,0
15801,9698,2024-12-29,Enterprise,212,166,65975,340.11,0
15802,9700,2024-12-16,Starter,13,4,325,4.04,0
15803,9700,2024-12-23,Starter,13,1,1020,3.39,0
15804,9700,2024-12-30,Starter,6,3,598,1.21,0
15805,9716,2024-12-16,Starter,7,4,314,1.74,0
15806,9716,2024-12-23,Starter,17,1,158,1.34,0
15807,9716,2024-12-30,Starter,14,2,158,3.3,0
15808,9720,2024-12-16,Pro,33,13,4878,7.67,0
15809,9720,2024-12-23,Pro,50,8,1274,19.12,0
15810,9720,2024-12-30,Pro,48,3,2746,17.18,0
15811,9721,2024-12-16,Pro,48,6,2187,17.79,0
15812,9721,2024-12-23,Pro,49,13,2403,5.13,0
15813,9721,2024-12-30,Pro,43,9,4790,9.29,0
15814,9723,2024-12-17,Enterprise,382,107,62396,407.77,0
15815,9723,2024-12-24,Enterprise,456,44,74343,406.02,0
15816,9723,2024-12-31,Enterprise,310,61,37172,313.31,0
15817,9724,2024-12-17,Enterprise,207,115,25457,67.4,0
15818,9724,2024-12-24,Enterprise,131,131,36030,148.1,0
15819,9724,2024-12-31,Enterprise,459,32,70137,384.82,0
15820,9727,2024-12-17,Pro,26,11,648,4.07,0
15821,9727,2024-12-24,Pro,64,13,2936,10.85,0
15822,9727,2024-12-31,Pro,50,7,1209,17.42,0
15823,9728,2024-12-17,Enterprise,91,192,59759,396.31,0
15824,9728,2024-12-24,Enterprise,84,88,37964,158.17,0
15825,9728,2024-12-31,Enterprise,408,202,103522,130.44,0
15826,9733,2024-11-17,Business,32,18,13931,47.38,1
15827,9733,2024-11-24,Business,48,20,9550,41.7,1
15828,9733,2024-12-01,Business,23,11,4264,84.49,1
15829,9733,2024-12-08,Business,14,8,1366,91.44,1
15830,9733,2024-12-15,Business,21,4,1901,25.26,1
15831,9736,2024-12-17,Starter,6,1,525,3.85,0
15832,9736,2024-12-24,Starter,14,3,209,1.33,0
15833,9736,2024-12-31,Starter,17,1,320,1.0,0
15834,9740,2024-12-17,Pro,43,7,3431,10.32,0
15835,9740,2024-12-24,Pro,41,7,2875,15.28,0
15836,9740,2024-12-31,Pro,19,10,3123,16.31,0
15837,9741,2024-12-17,Business,70,32,3243,43.87,0
15838,9741,2024-12-24,Business,116,44,5096,97.15,0
15839,9741,2024-12-31,Business,112,17,2132,44.87,0
15840,9744,2024-12-17,Pro,23,8,1796,8.92,0
15841,9744,2024-12-24,Pro,20,6,4088,5.48,0
15842,9744,2024-12-31,Pro,36,3,4784,7.39,0
15843,9750,2024-12-17,Enterprise,40,34,25631,240.22,1
15844,9750,2024-12-24,Enterprise,71,33,3479,186.89,1
15845,9750,2024-12-31,Enterprise,63,22,15189,474.67,1
15846,9759,2024-12-18,Business,73,35,6964,94.53,0
15847,9759,2024-12-25,Business,121,30,5918,100.69,0
15848,9764,2024-11-18,Business,50,44,8429,66.54,0
15849,9764,2024-11-25,Business,119,33,10315,97.83,0
15850,9764,2024-12-02,Business,53,26,5398,88.41,0
15851,9764,2024-12-09,Business,103,24,2445,17.97,0
15852,9764,2024-12-16,Business,60,14,5763,57.02,0
15853,9764,2024-12-18,Enterprise,189,115,14689,74.45,0
15854,9764,2024-12-25,Enterprise,133,184,92026,145.05,0
15855,9772,2024-12-19,Pro,56,12,2279,12.88,0
15856,9772,2024-12-26,Pro,40,5,4043,15.07,0
15857,9773,2024-12-19,Enterprise,289,154,83751,155.37,0
15858,9773,2024-12-26,Enterprise,518,110,48299,104.0,0
15859,9775,2024-12-19,Enterprise,184,188,50584,296.28,0
15860,9775,2024-12-26,Enterprise,376,172,22772,111.75,0
15861,9780,2024-12-19,Enterprise,315,137,72793,63.61,0
15862,9780,2024-12-26,Enterprise,358,90,20186,401.82,0
15863,9781,2024-12-19,Starter,11,1,563,3.74,0
15864,9781,2024-12-26,Starter,16,1,494,3.91,0
15865,9786,2024-12-19,Pro,67,10,3804,9.71,0
15866,9786,2024-12-26,Pro,30,9,3177,18.18,0
15867,9787,2024-12-19,Starter,15,2,729,4.46,0
15868,9787,2024-12-26,Starter,9,1,616,4.83,0
15869,9792,2024-12-19,Business,103,22,17602,97.01,0
15870,9792,2024-12-26,Business,89,22,13039,62.34,0
15871,9796,2024-12-19,Starter,14,3,918,3.11,0
15872,9796,2024-12-26,Starter,15,1,678,4.31,0
15873,9805,2024-12-20,Enterprise,267,108,93762,264.17,0
15874,9805,2024-12-27,Enterprise,530,122,12905,54.11,0
15875,9809,2024-12-20,Pro,31,7,563,19.37,0
15876,9809,2024-12-27,Pro,45,14,1950,10.9,0
15877,9815,2024-12-20,Pro,23,11,4280,3.18,0
15878,9815,2024-12-27,Pro,36,11,3174,15.12,0
15879,9816,2024-12-20,Starter,10,4,455,4.83,0
15880,9816,2024-12-27,Starter,8,1,163,4.41,0
15881,9817,2024-12-20,Pro,7,2,849,16.08,1
15882,9817,2024-12-27,Pro,6,3,213,17.95,1
15883,9818,2024-12-20,Enterprise,345,157,64563,291.88,0
15884,9818,2024-12-27,Enterprise,130,104,92825,297.06,0
15885,9819,2024-12-20,Pro,48,3,4495,16.28,0
15886,9819,2024-12-27,Pro,52,7,1567,5.65,0
15887,9824,2024-12-21,Business,58,42,16029,47.89,0
15888,9824,2024-12-28,Business,51,39,9977,89.69,0
15889,9826,2024-12-21,Starter,5,1,618,1.08,0
15890,9826,2024-12-28,Starter,12,1,275,3.5,0
15891,9827,2024-12-21,Enterprise,329,144,43617,275.44,0
15892,9827,2024-12-28,Enterprise,87,116,14216,466.42,0
15893,9828,2024-12-21,Business,50,12,7245,94.02,0
15894,9828,2024-12-28,Business,71,11,8213,86.22,0
15895,9831,2024-12-21,Pro,22,14,1301,18.17,0
15896,9831,2024-12-28,Pro,18,5,4233,6.44,0
15897,9832,2024-12-21,Enterprise,183,150,13273,384.3,0
15898,9832,2024-12-28,Enterprise,294,34,35075,502.68,0
15899,9833,2024-12-21,Pro,23,3,2911,10.01,0
15900,9833,2024-12-28,Pro,11,4,761,14.27,0
15901,9835,2024-11-21,Starter,10,2,134,1.89,1
15902,9835,2024-11-28,Starter,8,2,455,1.15,1
15903,9835,2024-12-05,Starter,6,1,297,3.64,1
15904,9835,2024-12-12,Starter,3,1,150,2.31,1
15905,9835,2024-12-19,Starter,1,1,45,2.34,1
15906,9837,2024-12-21,Enterprise,286,167,67801,364.39,0
15907,9837,2024-12-28,Enterprise,231,142,38203,172.89,0
15908,9845,2024-12-22,Starter,4,3,1095,3.13,0
15909,9845,2024-12-29,Starter,6,4,613,0.51,0
15910,9852,2024-12-22,Pro,15,3,933,19.12,0
15911,9852,2024-12-29,Pro,17,9,4373,15.5,0
15912,9854,2024-12-22,Enterprise,283,62,11472,106.51,0
15913,9854,2024-12-29,Enterprise,175,87,64346,439.32,0
15914,9856,2024-12-22,Business,105,13,12214,45.25,0
15915,9856,2024-12-29,Business,89,10,9256,100.25,0
15916,9858,2024-12-22,Pro,21,5,2992,14.65,0
15917,9858,2024-12-29,Pro,27,7,1902,9.66,0
15918,9861,2024-11-22,Pro,50,8,4050,15.17,0
15919,9861,2024-11-29,Pro,28,12,4498,3.17,0
15920,9861,2024-12-06,Pro,33,3,1551,4.53,0
15921,9861,2024-12-13,Pro,27,12,4901,14.45,0
15922,9861,2024-12-20,Pro,42,13,2451,10.15,0
15923,9861,2024-12-22,Starter,8,4,785,2.55,0
15924,9861,2024-12-29,Starter,10,1,183,4.81,0
15925,9866,2024-12-23,Enterprise,366,175,35092,77.54,0
15926,9866,2024-12-30,Enterprise,486,137,89029,426.13,0
15927,9868,2024-12-23,Starter,10,3,336,4.4,0
15928,9868,2024-12-30,Starter,14,3,358,4.83,0
15929,9869,2024-12-23,Business,118,21,12291,65.62,0
15930,9869,2024-12-30,Business,81,23,11584,96.97,0
15931,9870,2024-12-23,Pro,43,11,851,11.9,0
15932,9870,2024-12-30,Pro,42,12,3840,15.25,0
15933,9871,2024-12-23,Starter,13,4,613,4.22,0
15934,9871,2024-12-30,Starter,18,1,626,2.26,0
15935,9876,2024-12-23,Enterprise,299,89,90425,312.67,0
15936,9876,2024-12-30,Enterprise,372,146,56811,418.56,0
15937,9879,2024-12-23,Pro,48,15,2905,2.82,0
15938,9879,2024-12-30,Pro,41,13,2270,8.77,0
15939,9885,2024-12-23,Business,76,13,4677,24.91,0
15940,9885,2024-12-30,Business,158,37,14712,20.11,0
15941,9886,2024-12-23,Starter,12,3,958,1.62,0
15942,9886,2024-12-30,Starter,11,4,186,1.9,0
15943,9891,2024-11-23,Pro,15,3,712,9.14,1
15944,9891,2024-11-30,Pro,13,6,861,4.76,1
15945,9891,2024-12-07,Pro,11,4,669,10.57,1
15946,9891,2024-12-14,Pro,3,1,235,16.24,1
15947,9891,2024-12-21,Pro,5,2,322,5.66,1
15948,9892,2024-12-24,Enterprise,222,107,21437,292.51,0
15949,9892,2024-12-31,Enterprise,427,185,96505,375.92,0
15950,9894,2024-12-24,Enterprise,369,40,44601,282.07,0
15951,9894,2024-12-31,Enterprise,296,181,87869,238.88,0
15952,9896,2024-12-24,Pro,26,12,3695,3.31,0
15953,9896,2024-12-31,Pro,16,10,3502,17.04,0
15954,9897,2024-12-24,Enterprise,285,131,10696,275.51,0
15955,9897,2024-12-31,Enterprise,392,134,91017,115.45,0
15956,9900,2024-12-24,Pro,8,1,1004,7.78,1
15957,9900,2024-12-31,Pro,9,2,933,9.54,1
15958,9908,2024-11-24,Starter,3,1,104,1.71,1
15959,9908,2024-12-01,Starter,5,2,512,4.23,1
15960,9908,2024-12-08,Starter,4,1,201,0.53,1
15961,9908,2024-12-15,Starter,1,1,100,4.14,1
15962,9908,2024-12-22,Starter,2,1,26,3.5,1
15963,9918,2024-12-25,Business,119,29,13770,62.39,0
15964,9921,2024-12-25,Business,141,28,16928,70.02,0
15965,9927,2024-12-25,Starter,22,4,405,0.9,0
15966,9931,2024-12-25,Enterprise,282,189,22802,458.06,0
15967,9940,2024-12-26,Pro,27,8,2670,13.09,0
15968,9944,2024-12-26,Business,112,12,14796,23.79,0
15969,9947,2024-12-26,Pro,47,7,1290,6.54,0
15970,9951,2024-12-26,Starter,12,1,632,3.01,0
15971,9953,2024-12-27,Enterprise,180,92,58741,383.86,0
15972,9959,2024-12-27,Business,137,19,4390,67.82,0
15973,9960,2024-12-27,Business,114,44,18012,72.53,0
15974,9962,2024-12-27,Enterprise,426,80,59806,454.76,0
15975,9963,2024-12-27,Starter,8,5,696,3.61,0
15976,9972,2024-12-27,Starter,7,4,922,1.41,0
15977,9974,2024-12-27,Starter,12,4,906,3.24,0
15978,9978,2024-12-27,Starter,8,1,240,1.85,0
15979,9980,2024-12-27,Starter,4,4,774,2.77,0
15980,9987,2024-12-28,Enterprise,96,147,46596,392.68,0
15981,9988,2024-12-28,Enterprise,350,58,56182,134.29,0
15982,9991,2024-12-28,Starter,13,3,412,3.24,0
15983,9995,2024-12-28,Starter,7,2,410,1.23,0
15984,10000,2024-12-28,Starter,2,2,863,3.78,0
