subscription_id,customer_id,plan,monthly_price,status,start_date,end_date,is_trial,mrr_movement
1,1,Starter,0,Cancelled,2022-01-01,2022-01-15,True,Trial
2,2,Pro,0,Cancelled,2022-01-01,2022-01-15,True,Trial
3,3,Pro,0,Cancelled,2022-01-01,2022-01-15,True,Trial
4,4,Business,0,Active,2022-01-01,,True,Trial
5,4,Business,199,Downgraded,2022-01-15,2022-02-15,False,Contraction MRR
6,4,Pro,79,Cancelled,2022-07-15,2022-08-15,False,Churned MRR
7,5,Pro,0,Cancelled,2022-01-02,2022-01-16,True,Trial
8,6,Starter,0,Cancelled,2022-01-02,2022-01-16,True,Trial
9,7,Enterprise,0,Cancelled,2022-01-02,2022-01-16,True,Trial
10,8,Business,0,Active,2022-01-02,,True,Trial
11,8,Business,199,Upgraded,2023-01-16,2023-02-16,False,Expansion MRR
12,8,Enterprise,499,Downgraded,2024-12-16,2025-01-16,False,Contraction MRR
13,9,Pro,0,Cancelled,2022-01-02,2022-01-16,True,Trial
14,10,Pro,0,Cancelled,2022-01-02,2022-01-16,True,Trial
15,11,Starter,0,Cancelled,2022-01-03,2022-01-17,True,Trial
16,12,Starter,0,Cancelled,2022-01-04,2022-01-18,True,Trial
17,13,Pro,0,Active,2022-01-04,,True,Trial
18,13,Pro,79,Cancelled,2022-04-18,2022-05-18,False,Churned MRR
19,14,Starter,0,Cancelled,2022-01-04,2022-01-18,True,Trial
20,15,Business,0,Cancelled,2022-01-05,2022-01-19,True,Trial
21,16,Pro,0,Active,2022-01-05,,True,Trial
22,16,Pro,79,Upgraded,2022-08-19,2022-09-19,False,Expansion MRR
23,16,Business,199,Cancelled,2023-09-19,2023-10-19,False,Churned MRR
24,17,Business,0,Active,2022-01-06,,True,Trial
25,17,Business,199,Downgraded,2022-08-20,2022-09-20,False,Contraction MRR
26,17,Pro,79,Active,2024-12-20,,False,Recurring
27,18,Enterprise,0,Active,2022-01-06,,True,Trial
28,18,Enterprise,499,Downgraded,2022-04-20,2022-05-20,False,Contraction MRR
29,18,Business,199,Active,2024-12-20,,False,Recurring
30,19,Business,0,Cancelled,2022-01-07,2022-01-21,True,Trial
31,20,Pro,0,Cancelled,2022-01-07,2022-01-21,True,Trial
32,21,Starter,0,Cancelled,2022-01-07,2022-01-21,True,Trial
33,22,Enterprise,0,Active,2022-01-08,,True,Trial
34,22,Enterprise,499,Downgraded,2022-02-22,2022-03-22,False,Contraction MRR
35,22,Business,199,Downgraded,2022-10-22,2022-11-22,False,Contraction MRR
36,22,Pro,79,Cancelled,2024-08-22,2024-09-22,False,Churned MRR
37,23,Starter,0,Cancelled,2022-01-10,2022-01-24,True,Trial
38,24,Starter,0,Cancelled,2022-01-11,2022-01-25,True,Trial
39,25,Pro,0,Active,2022-01-13,,True,Trial
40,25,Pro,79,Cancelled,2022-02-27,2022-03-27,False,Churned MRR
41,26,Enterprise,0,Cancelled,2022-01-14,2022-01-28,True,Trial
42,27,Starter,0,Cancelled,2022-01-15,2022-01-29,True,Trial
43,28,Starter,0,Cancelled,2022-01-15,2022-01-29,True,Trial
44,29,Pro,0,Cancelled,2022-01-17,2022-01-31,True,Trial
45,30,Pro,0,Cancelled,2022-01-18,2022-02-01,True,Trial
46,31,Starter,0,Cancelled,2022-01-18,2022-02-01,True,Trial
47,32,Starter,0,Cancelled,2022-01-18,2022-02-01,True,Trial
48,33,Starter,0,Cancelled,2022-01-18,2022-02-01,True,Trial
49,34,Starter,0,Cancelled,2022-01-20,2022-02-03,True,Trial
50,35,Enterprise,0,Cancelled,2022-01-20,2022-02-03,True,Trial
51,36,Pro,0,Active,2022-01-20,,True,Trial
52,36,Pro,79,Cancelled,2022-06-03,2022-07-03,False,Churned MRR
53,37,Pro,0,Cancelled,2022-01-22,2022-02-05,True,Trial
54,38,Pro,0,Cancelled,2022-01-23,2022-02-06,True,Trial
55,39,Enterprise,0,Cancelled,2022-01-23,2022-02-06,True,Trial
56,40,Enterprise,0,Active,2022-01-24,,True,Trial
57,40,Enterprise,499,Active,2024-12-07,,False,Recurring
58,41,Business,0,Active,2022-01-24,,True,Trial
59,41,Business,199,Cancelled,2022-04-07,2022-05-07,False,Churned MRR
60,42,Pro,0,Cancelled,2022-01-25,2022-02-08,True,Trial
61,43,Starter,0,Cancelled,2022-01-25,2022-02-08,True,Trial
62,44,Business,0,Active,2022-01-25,,True,Trial
63,44,Business,199,Upgraded,2022-04-08,2022-05-08,False,Expansion MRR
64,44,Enterprise,499,Downgraded,2022-08-08,2022-09-08,False,Contraction MRR
65,44,Business,199,Cancelled,2023-07-08,2023-08-08,False,Churned MRR
66,45,Starter,0,Active,2022-01-26,,True,Trial
67,45,Starter,29,Cancelled,2022-02-09,2022-03-09,False,Churned MRR
68,46,Business,0,Cancelled,2022-01-26,2022-02-09,True,Trial
69,47,Starter,0,Cancelled,2022-01-26,2022-02-09,True,Trial
70,48,Enterprise,0,Cancelled,2022-01-27,2022-02-10,True,Trial
71,49,Business,0,Active,2022-01-27,,True,Trial
72,49,Business,199,Cancelled,2022-08-10,2022-09-10,False,Churned MRR
73,50,Pro,0,Cancelled,2022-01-27,2022-02-10,True,Trial
74,51,Enterprise,0,Cancelled,2022-01-28,2022-02-11,True,Trial
75,52,Pro,0,Cancelled,2022-01-29,2022-02-12,True,Trial
76,53,Enterprise,0,Cancelled,2022-01-29,2022-02-12,True,Trial
77,54,Starter,0,Cancelled,2022-01-29,2022-02-12,True,Trial
78,55,Pro,0,Cancelled,2022-01-30,2022-02-13,True,Trial
79,56,Starter,0,Cancelled,2022-01-31,2022-02-14,True,Trial
80,57,Pro,0,Active,2022-02-01,,True,Trial
81,57,Pro,79,Downgraded,2022-04-15,2022-05-15,False,Contraction MRR
82,57,Starter,29,Cancelled,2023-11-15,2023-12-15,False,Churned MRR
83,58,Pro,0,Cancelled,2022-02-01,2022-02-15,True,Trial
84,59,Starter,0,Cancelled,2022-02-01,2022-02-15,True,Trial
85,60,Pro,0,Cancelled,2022-02-02,2022-02-16,True,Trial
86,61,Starter,0,Cancelled,2022-02-02,2022-02-16,True,Trial
87,62,Pro,0,Active,2022-02-03,,True,Trial
88,62,Pro,79,Cancelled,2022-11-17,2022-12-17,False,Churned MRR
89,63,Business,0,Active,2022-02-03,,True,Trial
90,63,Business,199,Downgraded,2022-03-17,2022-04-17,False,Contraction MRR
91,63,Pro,79,Cancelled,2023-01-17,2023-02-17,False,Churned MRR
92,64,Business,0,Active,2022-02-03,,True,Trial
93,64,Business,199,Cancelled,2023-10-17,2023-11-17,False,Churned MRR
94,65,Pro,0,Cancelled,2022-02-04,2022-02-18,True,Trial
95,66,Starter,0,Cancelled,2022-02-04,2022-02-18,True,Trial
96,67,Starter,0,Cancelled,2022-02-05,2022-02-19,True,Trial
97,68,Starter,0,Cancelled,2022-02-06,2022-02-20,True,Trial
98,69,Starter,0,Cancelled,2022-02-07,2022-02-21,True,Trial
99,70,Enterprise,0,Active,2022-02-07,,True,Trial
100,70,Enterprise,499,Cancelled,2022-03-21,2022-04-21,False,Churned MRR
101,71,Enterprise,0,Cancelled,2022-02-07,2022-02-21,True,Trial
102,72,Business,0,Active,2022-02-07,,True,Trial
103,72,Business,199,Upgraded,2022-06-21,2022-07-21,False,Expansion MRR
104,72,Enterprise,499,Cancelled,2023-03-21,2023-04-21,False,Churned MRR
105,73,Pro,0,Active,2022-02-08,,True,Trial
106,73,Pro,79,Downgraded,2023-07-22,2023-08-22,False,Contraction MRR
107,73,Starter,29,Cancelled,2023-09-22,2023-10-22,False,Churned MRR
108,74,Pro,0,Cancelled,2022-02-08,2022-02-22,True,Trial
109,75,Starter,0,Cancelled,2022-02-09,2022-02-23,True,Trial
110,76,Enterprise,0,Active,2022-02-10,,True,Trial
111,76,Enterprise,499,Downgraded,2024-10-24,2024-11-24,False,Contraction MRR
112,76,Business,199,Active,2024-12-24,,False,Recurring
113,77,Pro,0,Cancelled,2022-02-10,2022-02-24,True,Trial
114,78,Starter,0,Cancelled,2022-02-10,2022-02-24,True,Trial
115,79,Starter,0,Active,2022-02-10,,True,Trial
116,79,Starter,29,Cancelled,2022-04-24,2022-05-24,False,Churned MRR
117,80,Enterprise,0,Cancelled,2022-02-10,2022-02-24,True,Trial
118,81,Starter,0,Active,2022-02-11,,True,Trial
119,81,Starter,29,Cancelled,2022-03-25,2022-04-25,False,Churned MRR
120,82,Business,0,Active,2022-02-11,,True,Trial
121,82,Business,199,Cancelled,2024-08-25,2024-09-25,False,Churned MRR
122,83,Enterprise,0,Cancelled,2022-02-11,2022-02-25,True,Trial
123,84,Pro,0,Active,2022-02-11,,True,Trial
124,84,Pro,79,Cancelled,2022-03-25,2022-04-25,False,Churned MRR
125,85,Business,0,Cancelled,2022-02-11,2022-02-25,True,Trial
126,86,Enterprise,0,Cancelled,2022-02-11,2022-02-25,True,Trial
127,87,Enterprise,0,Active,2022-02-11,,True,Trial
128,87,Enterprise,499,Active,2024-12-25,,False,Recurring
129,88,Business,0,Cancelled,2022-02-12,2022-02-26,True,Trial
130,89,Pro,0,Cancelled,2022-02-13,2022-02-27,True,Trial
131,90,Starter,0,Cancelled,2022-02-13,2022-02-27,True,Trial
132,91,Starter,0,Cancelled,2022-02-13,2022-02-27,True,Trial
133,92,Starter,0,Cancelled,2022-02-14,2022-02-28,True,Trial
134,93,Enterprise,0,Cancelled,2022-02-14,2022-02-28,True,Trial
135,94,Starter,0,Cancelled,2022-02-14,2022-02-28,True,Trial
136,95,Business,0,Cancelled,2022-02-14,2022-02-28,True,Trial
137,96,Pro,0,Cancelled,2022-02-14,2022-02-28,True,Trial
138,97,Pro,0,Cancelled,2022-02-15,2022-03-01,True,Trial
139,98,Starter,0,Active,2022-02-15,,True,Trial
140,98,Starter,29,Cancelled,2022-06-01,2022-07-01,False,Churned MRR
141,99,Enterprise,0,Cancelled,2022-02-16,2022-03-02,True,Trial
142,100,Starter,0,Cancelled,2022-02-17,2022-03-03,True,Trial
143,101,Enterprise,0,Cancelled,2022-02-17,2022-03-03,True,Trial
144,102,Pro,0,Cancelled,2022-02-17,2022-03-03,True,Trial
145,103,Pro,0,Active,2022-02-17,,True,Trial
146,103,Pro,79,Cancelled,2023-07-03,2023-08-03,False,Churned MRR
147,104,Starter,0,Active,2022-02-18,,True,Trial
148,104,Starter,29,Upgraded,2022-08-04,2022-09-04,False,Expansion MRR
149,104,Pro,79,Upgraded,2022-11-04,2022-12-04,False,Expansion MRR
150,104,Business,199,Active,2024-12-04,,False,Recurring
151,105,Starter,0,Cancelled,2022-02-18,2022-03-04,True,Trial
152,106,Pro,0,Cancelled,2022-02-19,2022-03-05,True,Trial
153,107,Pro,0,Active,2022-02-20,,True,Trial
154,107,Pro,79,Upgraded,2022-06-06,2022-07-06,False,Expansion MRR
155,107,Business,199,Upgraded,2022-08-06,2022-09-06,False,Expansion MRR
156,107,Enterprise,499,Downgraded,2023-03-06,2023-04-06,False,Contraction MRR
157,107,Business,199,Upgraded,2024-12-06,2025-01-06,False,Expansion MRR
158,108,Starter,0,Cancelled,2022-02-20,2022-03-06,True,Trial
159,109,Starter,0,Cancelled,2022-02-20,2022-03-06,True,Trial
160,110,Business,0,Active,2022-02-20,,True,Trial
161,110,Business,199,Downgraded,2024-04-06,2024-05-06,False,Contraction MRR
162,110,Pro,79,Active,2024-12-06,,False,Recurring
163,111,Starter,0,Cancelled,2022-02-21,2022-03-07,True,Trial
164,112,Enterprise,0,Active,2022-02-21,,True,Trial
165,112,Enterprise,499,Downgraded,2024-06-07,2024-07-07,False,Contraction MRR
166,112,Business,199,Active,2024-12-07,,False,Recurring
167,113,Business,0,Cancelled,2022-02-21,2022-03-07,True,Trial
168,114,Enterprise,0,Cancelled,2022-02-21,2022-03-07,True,Trial
169,115,Business,0,Active,2022-02-22,,True,Trial
170,115,Business,199,Upgraded,2023-05-08,2023-06-08,False,Expansion MRR
171,115,Enterprise,499,Active,2024-12-08,,False,Recurring
172,116,Pro,0,Active,2022-02-22,,True,Trial
173,116,Pro,79,Active,2024-12-08,,False,Recurring
174,117,Pro,0,Cancelled,2022-02-23,2022-03-09,True,Trial
175,118,Pro,0,Active,2022-02-23,,True,Trial
176,118,Pro,79,Upgraded,2022-10-09,2022-11-09,False,Expansion MRR
177,118,Business,199,Cancelled,2023-02-09,2023-03-09,False,Churned MRR
178,119,Starter,0,Cancelled,2022-02-23,2022-03-09,True,Trial
179,120,Pro,0,Cancelled,2022-02-23,2022-03-09,True,Trial
180,121,Starter,0,Cancelled,2022-02-23,2022-03-09,True,Trial
181,122,Enterprise,0,Cancelled,2022-02-23,2022-03-09,True,Trial
182,123,Starter,0,Active,2022-02-23,,True,Trial
183,123,Starter,29,Cancelled,2022-06-09,2022-07-09,False,Churned MRR
184,124,Starter,0,Cancelled,2022-02-24,2022-03-10,True,Trial
185,125,Starter,0,Cancelled,2022-02-25,2022-03-11,True,Trial
186,126,Enterprise,0,Active,2022-02-25,,True,Trial
187,126,Enterprise,499,Downgraded,2022-08-11,2022-09-11,False,Contraction MRR
188,126,Business,199,Active,2024-12-11,,False,Recurring
189,127,Enterprise,0,Cancelled,2022-02-25,2022-03-11,True,Trial
190,128,Pro,0,Active,2022-02-26,,True,Trial
191,128,Pro,79,Cancelled,2023-05-12,2023-06-12,False,Churned MRR
192,129,Business,0,Cancelled,2022-02-26,2022-03-12,True,Trial
193,130,Enterprise,0,Active,2022-02-26,,True,Trial
194,130,Enterprise,499,Downgraded,2024-03-12,2024-04-12,False,Contraction MRR
195,130,Business,199,Active,2024-12-12,,False,Recurring
196,131,Starter,0,Cancelled,2022-02-26,2022-03-12,True,Trial
197,132,Starter,0,Active,2022-02-27,,True,Trial
198,132,Starter,29,Cancelled,2022-03-13,2022-04-13,False,Churned MRR
199,133,Pro,0,Cancelled,2022-02-27,2022-03-13,True,Trial
200,134,Starter,0,Active,2022-02-28,,True,Trial
201,134,Starter,29,Cancelled,2022-05-14,2022-06-14,False,Churned MRR
202,134,Starter,29,Active,2023-01-14,,False,Reactivation MRR
203,135,Starter,0,Cancelled,2022-03-01,2022-03-15,True,Trial
204,136,Enterprise,0,Active,2022-03-01,,True,Trial
205,136,Enterprise,499,Cancelled,2022-10-15,2022-11-15,False,Churned MRR
206,137,Starter,0,Cancelled,2022-03-01,2022-03-15,True,Trial
207,138,Starter,0,Cancelled,2022-03-02,2022-03-16,True,Trial
208,139,Starter,0,Active,2022-03-02,,True,Trial
209,139,Starter,29,Upgraded,2024-08-16,2024-09-16,False,Expansion MRR
210,139,Pro,79,Active,2024-12-16,,False,Recurring
211,140,Starter,0,Cancelled,2022-03-03,2022-03-17,True,Trial
212,141,Pro,0,Cancelled,2022-03-03,2022-03-17,True,Trial
213,142,Starter,0,Active,2022-03-04,,True,Trial
214,142,Starter,29,Cancelled,2023-02-18,2023-03-18,False,Churned MRR
215,143,Pro,0,Active,2022-03-04,,True,Trial
216,143,Pro,79,Upgraded,2022-11-18,2022-12-18,False,Expansion MRR
217,143,Business,199,Downgraded,2023-02-18,2023-03-18,False,Contraction MRR
218,143,Pro,79,Active,2024-12-18,,False,Recurring
219,144,Enterprise,0,Cancelled,2022-03-04,2022-03-18,True,Trial
220,145,Pro,0,Cancelled,2022-03-05,2022-03-19,True,Trial
221,146,Starter,0,Cancelled,2022-03-05,2022-03-19,True,Trial
222,147,Business,0,Cancelled,2022-03-06,2022-03-20,True,Trial
223,148,Pro,0,Cancelled,2022-03-06,2022-03-20,True,Trial
224,149,Starter,0,Cancelled,2022-03-06,2022-03-20,True,Trial
225,150,Pro,0,Cancelled,2022-03-07,2022-03-21,True,Trial
226,151,Enterprise,0,Active,2022-03-07,,True,Trial
227,151,Enterprise,499,Cancelled,2022-08-21,2022-09-21,False,Churned MRR
228,152,Starter,0,Cancelled,2022-03-08,2022-03-22,True,Trial
229,153,Enterprise,0,Cancelled,2022-03-08,2022-03-22,True,Trial
230,154,Pro,0,Cancelled,2022-03-08,2022-03-22,True,Trial
231,155,Enterprise,0,Active,2022-03-09,,True,Trial
232,155,Enterprise,499,Active,2024-12-23,,False,Recurring
233,156,Enterprise,0,Cancelled,2022-03-10,2022-03-24,True,Trial
234,157,Enterprise,0,Active,2022-03-11,,True,Trial
235,157,Enterprise,499,Active,2024-12-25,,False,Recurring
236,158,Business,0,Cancelled,2022-03-11,2022-03-25,True,Trial
237,159,Pro,0,Active,2022-03-11,,True,Trial
238,159,Pro,79,Downgraded,2022-03-25,2022-04-25,False,Contraction MRR
239,159,Starter,29,Cancelled,2023-02-25,2023-03-25,False,Churned MRR
240,160,Business,0,Cancelled,2022-03-12,2022-03-26,True,Trial
241,161,Business,0,Active,2022-03-13,,True,Trial
242,161,Business,199,Active,2024-12-27,,False,Recurring
243,162,Pro,0,Cancelled,2022-03-13,2022-03-27,True,Trial
244,163,Starter,0,Active,2022-03-13,,True,Trial
245,163,Starter,29,Cancelled,2022-08-27,2022-09-27,False,Churned MRR
246,164,Pro,0,Cancelled,2022-03-14,2022-03-28,True,Trial
247,165,Pro,0,Cancelled,2022-03-14,2022-03-28,True,Trial
248,166,Enterprise,0,Cancelled,2022-03-14,2022-03-28,True,Trial
249,167,Starter,0,Cancelled,2022-03-16,2022-03-30,True,Trial
250,168,Starter,0,Cancelled,2022-03-17,2022-03-31,True,Trial
251,169,Starter,0,Cancelled,2022-03-18,2022-04-01,True,Trial
252,170,Business,0,Active,2022-03-18,,True,Trial
253,170,Business,199,Active,2024-12-01,,False,Recurring
254,171,Starter,0,Cancelled,2022-03-18,2022-04-01,True,Trial
255,172,Business,0,Cancelled,2022-03-19,2022-04-02,True,Trial
256,173,Starter,0,Cancelled,2022-03-19,2022-04-02,True,Trial
257,174,Pro,0,Cancelled,2022-03-19,2022-04-02,True,Trial
258,175,Enterprise,0,Active,2022-03-19,,True,Trial
259,175,Enterprise,499,Active,2024-12-02,,False,Recurring
260,176,Business,0,Active,2022-03-19,,True,Trial
261,176,Business,199,Cancelled,2022-04-02,2022-05-02,False,Churned MRR
262,177,Pro,0,Cancelled,2022-03-19,2022-04-02,True,Trial
263,178,Starter,0,Cancelled,2022-03-19,2022-04-02,True,Trial
264,179,Enterprise,0,Cancelled,2022-03-20,2022-04-03,True,Trial
265,180,Starter,0,Cancelled,2022-03-20,2022-04-03,True,Trial
266,181,Starter,0,Active,2022-03-20,,True,Trial
267,181,Starter,29,Cancelled,2022-11-03,2022-12-03,False,Churned MRR
268,182,Starter,0,Cancelled,2022-03-20,2022-04-03,True,Trial
269,183,Starter,0,Active,2022-03-22,,True,Trial
270,183,Starter,29,Cancelled,2022-06-05,2022-07-05,False,Churned MRR
271,184,Pro,0,Cancelled,2022-03-23,2022-04-06,True,Trial
272,185,Pro,0,Cancelled,2022-03-23,2022-04-06,True,Trial
273,186,Pro,0,Cancelled,2022-03-23,2022-04-06,True,Trial
274,187,Business,0,Cancelled,2022-03-23,2022-04-06,True,Trial
275,188,Enterprise,0,Active,2022-03-23,,True,Trial
276,188,Enterprise,499,Downgraded,2022-11-06,2022-12-06,False,Contraction MRR
277,188,Business,199,Active,2024-12-06,,False,Recurring
278,189,Starter,0,Active,2022-03-23,,True,Trial
279,189,Starter,29,Cancelled,2022-07-06,2022-08-06,False,Churned MRR
280,190,Starter,0,Cancelled,2022-03-23,2022-04-06,True,Trial
281,191,Enterprise,0,Cancelled,2022-03-24,2022-04-07,True,Trial
282,192,Enterprise,0,Cancelled,2022-03-24,2022-04-07,True,Trial
283,193,Enterprise,0,Cancelled,2022-03-25,2022-04-08,True,Trial
284,194,Enterprise,0,Active,2022-03-25,,True,Trial
285,194,Enterprise,499,Downgraded,2023-02-08,2023-03-08,False,Contraction MRR
286,194,Business,199,Cancelled,2023-12-08,2024-01-08,False,Churned MRR
287,195,Pro,0,Cancelled,2022-03-25,2022-04-08,True,Trial
288,196,Pro,0,Cancelled,2022-03-25,2022-04-08,True,Trial
289,197,Starter,0,Cancelled,2022-03-26,2022-04-09,True,Trial
290,198,Business,0,Cancelled,2022-03-26,2022-04-09,True,Trial
291,199,Business,0,Cancelled,2022-03-26,2022-04-09,True,Trial
292,200,Starter,0,Cancelled,2022-03-27,2022-04-10,True,Trial
293,201,Starter,0,Cancelled,2022-03-27,2022-04-10,True,Trial
294,202,Starter,0,Cancelled,2022-03-27,2022-04-10,True,Trial
295,203,Business,0,Cancelled,2022-03-28,2022-04-11,True,Trial
296,204,Enterprise,0,Active,2022-03-28,,True,Trial
297,204,Enterprise,499,Downgraded,2023-08-11,2023-09-11,False,Contraction MRR
298,204,Business,199,Cancelled,2024-10-11,2024-11-11,False,Churned MRR
299,205,Pro,0,Cancelled,2022-03-30,2022-04-13,True,Trial
300,206,Starter,0,Cancelled,2022-03-30,2022-04-13,True,Trial
301,207,Starter,0,Cancelled,2022-03-30,2022-04-13,True,Trial
302,208,Starter,0,Cancelled,2022-03-30,2022-04-13,True,Trial
303,209,Starter,0,Cancelled,2022-03-30,2022-04-13,True,Trial
304,210,Pro,0,Cancelled,2022-03-31,2022-04-14,True,Trial
305,211,Starter,0,Cancelled,2022-03-31,2022-04-14,True,Trial
306,212,Pro,0,Cancelled,2022-04-01,2022-04-15,True,Trial
307,213,Enterprise,0,Cancelled,2022-04-02,2022-04-16,True,Trial
308,214,Pro,0,Active,2022-04-02,,True,Trial
309,214,Pro,79,Upgraded,2023-07-16,2023-08-16,False,Expansion MRR
310,214,Business,199,Cancelled,2024-05-16,2024-06-16,False,Churned MRR
311,215,Enterprise,0,Cancelled,2022-04-02,2022-04-16,True,Trial
312,216,Starter,0,Cancelled,2022-04-03,2022-04-17,True,Trial
313,217,Starter,0,Cancelled,2022-04-03,2022-04-17,True,Trial
314,218,Starter,0,Cancelled,2022-04-03,2022-04-17,True,Trial
315,219,Pro,0,Active,2022-04-03,,True,Trial
316,219,Pro,79,Downgraded,2022-04-17,2022-05-17,False,Contraction MRR
317,219,Starter,29,Cancelled,2023-03-17,2023-04-17,False,Churned MRR
318,219,Starter,29,Active,2023-08-17,,False,Reactivation MRR
319,220,Enterprise,0,Cancelled,2022-04-03,2022-04-17,True,Trial
320,221,Pro,0,Cancelled,2022-04-04,2022-04-18,True,Trial
321,222,Starter,0,Cancelled,2022-04-04,2022-04-18,True,Trial
322,223,Business,0,Cancelled,2022-04-05,2022-04-19,True,Trial
323,224,Business,0,Active,2022-04-05,,True,Trial
324,224,Business,199,Cancelled,2022-07-19,2022-08-19,False,Churned MRR
325,225,Starter,0,Cancelled,2022-04-05,2022-04-19,True,Trial
326,226,Pro,0,Cancelled,2022-04-05,2022-04-19,True,Trial
327,227,Pro,0,Cancelled,2022-04-05,2022-04-19,True,Trial
328,228,Starter,0,Cancelled,2022-04-07,2022-04-21,True,Trial
329,229,Starter,0,Active,2022-04-07,,True,Trial
330,229,Starter,29,Cancelled,2022-11-21,2022-12-21,False,Churned MRR
331,230,Business,0,Cancelled,2022-04-08,2022-04-22,True,Trial
332,231,Enterprise,0,Cancelled,2022-04-08,2022-04-22,True,Trial
333,232,Starter,0,Active,2022-04-08,,True,Trial
334,232,Starter,29,Cancelled,2022-09-22,2022-10-22,False,Churned MRR
335,233,Starter,0,Cancelled,2022-04-08,2022-04-22,True,Trial
336,234,Pro,0,Cancelled,2022-04-09,2022-04-23,True,Trial
337,235,Pro,0,Cancelled,2022-04-09,2022-04-23,True,Trial
338,236,Business,0,Cancelled,2022-04-09,2022-04-23,True,Trial
339,237,Starter,0,Active,2022-04-09,,True,Trial
340,237,Starter,29,Cancelled,2022-05-23,2022-06-23,False,Churned MRR
341,238,Enterprise,0,Cancelled,2022-04-10,2022-04-24,True,Trial
342,239,Business,0,Active,2022-04-10,,True,Trial
343,239,Business,199,Upgraded,2022-06-24,2022-07-24,False,Expansion MRR
344,239,Enterprise,499,Cancelled,2022-08-24,2022-09-24,False,Churned MRR
345,240,Starter,0,Cancelled,2022-04-10,2022-04-24,True,Trial
346,241,Business,0,Active,2022-04-10,,True,Trial
347,241,Business,199,Cancelled,2022-12-24,2023-01-24,False,Churned MRR
348,242,Starter,0,Cancelled,2022-04-11,2022-04-25,True,Trial
349,243,Pro,0,Cancelled,2022-04-11,2022-04-25,True,Trial
350,244,Starter,0,Cancelled,2022-04-12,2022-04-26,True,Trial
351,245,Starter,0,Cancelled,2022-04-12,2022-04-26,True,Trial
352,246,Pro,0,Cancelled,2022-04-12,2022-04-26,True,Trial
353,247,Starter,0,Cancelled,2022-04-12,2022-04-26,True,Trial
354,248,Enterprise,0,Active,2022-04-13,,True,Trial
355,248,Enterprise,499,Cancelled,2024-02-27,2024-03-27,False,Churned MRR
356,249,Starter,0,Cancelled,2022-04-13,2022-04-27,True,Trial
357,250,Business,0,Cancelled,2022-04-13,2022-04-27,True,Trial
358,251,Starter,0,Cancelled,2022-04-14,2022-04-28,True,Trial
359,252,Starter,0,Active,2022-04-15,,True,Trial
360,252,Starter,29,Active,2024-12-28,,False,Recurring
361,253,Pro,0,Cancelled,2022-04-15,2022-04-29,True,Trial
362,254,Pro,0,Cancelled,2022-04-15,2022-04-29,True,Trial
363,255,Business,0,Cancelled,2022-04-15,2022-04-29,True,Trial
364,256,Starter,0,Cancelled,2022-04-15,2022-04-29,True,Trial
365,257,Pro,0,Cancelled,2022-04-15,2022-04-29,True,Trial
366,258,Business,0,Active,2022-04-16,,True,Trial
367,258,Business,199,Upgraded,2023-02-28,2023-03-28,False,Expansion MRR
368,258,Enterprise,499,Active,2024-12-28,,False,Recurring
369,259,Starter,0,Cancelled,2022-04-16,2022-04-30,True,Trial
370,260,Pro,0,Cancelled,2022-04-16,2022-04-30,True,Trial
371,261,Pro,0,Active,2022-04-17,,True,Trial
372,261,Pro,79,Cancelled,2022-12-01,2023-01-01,False,Churned MRR
373,262,Starter,0,Cancelled,2022-04-17,2022-05-01,True,Trial
374,263,Enterprise,0,Cancelled,2022-04-17,2022-05-01,True,Trial
375,264,Starter,0,Cancelled,2022-04-17,2022-05-01,True,Trial
376,265,Starter,0,Cancelled,2022-04-18,2022-05-02,True,Trial
377,266,Pro,0,Cancelled,2022-04-19,2022-05-03,True,Trial
378,267,Starter,0,Cancelled,2022-04-19,2022-05-03,True,Trial
379,268,Starter,0,Active,2022-04-19,,True,Trial
380,268,Starter,29,Upgraded,2023-09-03,2023-10-03,False,Expansion MRR
381,268,Pro,79,Upgraded,2023-10-03,2023-11-03,False,Expansion MRR
382,268,Business,199,Upgraded,2023-11-03,2023-12-03,False,Expansion MRR
383,268,Enterprise,499,Cancelled,2024-08-03,2024-09-03,False,Churned MRR
384,269,Pro,0,Cancelled,2022-04-20,2022-05-04,True,Trial
385,270,Pro,0,Cancelled,2022-04-20,2022-05-04,True,Trial
386,271,Starter,0,Cancelled,2022-04-22,2022-05-06,True,Trial
387,272,Enterprise,0,Active,2022-04-22,,True,Trial
388,272,Enterprise,499,Cancelled,2022-11-06,2022-12-06,False,Churned MRR
389,273,Starter,0,Cancelled,2022-04-22,2022-05-06,True,Trial
390,274,Enterprise,0,Active,2022-04-23,,True,Trial
391,274,Enterprise,499,Downgraded,2023-10-07,2023-11-07,False,Contraction MRR
392,274,Business,199,Active,2024-12-07,,False,Recurring
393,275,Starter,0,Cancelled,2022-04-24,2022-05-08,True,Trial
394,276,Pro,0,Cancelled,2022-04-24,2022-05-08,True,Trial
395,277,Pro,0,Cancelled,2022-04-25,2022-05-09,True,Trial
396,278,Starter,0,Active,2022-04-25,,True,Trial
397,278,Starter,29,Cancelled,2022-08-09,2022-09-09,False,Churned MRR
398,279,Starter,0,Cancelled,2022-04-26,2022-05-10,True,Trial
399,280,Business,0,Cancelled,2022-04-27,2022-05-11,True,Trial
400,281,Enterprise,0,Active,2022-04-28,,True,Trial
401,281,Enterprise,499,Downgraded,2024-12-12,2025-01-12,False,Contraction MRR
402,282,Pro,0,Cancelled,2022-04-28,2022-05-12,True,Trial
403,283,Pro,0,Cancelled,2022-04-29,2022-05-13,True,Trial
404,284,Starter,0,Cancelled,2022-04-29,2022-05-13,True,Trial
405,285,Pro,0,Cancelled,2022-04-29,2022-05-13,True,Trial
406,286,Starter,0,Cancelled,2022-04-29,2022-05-13,True,Trial
407,287,Pro,0,Cancelled,2022-04-30,2022-05-14,True,Trial
408,288,Business,0,Cancelled,2022-05-02,2022-05-16,True,Trial
409,289,Starter,0,Cancelled,2022-05-02,2022-05-16,True,Trial
410,290,Starter,0,Cancelled,2022-05-02,2022-05-16,True,Trial
411,291,Business,0,Cancelled,2022-05-02,2022-05-16,True,Trial
412,292,Pro,0,Active,2022-05-03,,True,Trial
413,292,Pro,79,Cancelled,2023-11-17,2023-12-17,False,Churned MRR
414,293,Starter,0,Active,2022-05-03,,True,Trial
415,293,Starter,29,Upgraded,2022-10-17,2022-11-17,False,Expansion MRR
416,293,Pro,79,Active,2024-12-17,,False,Recurring
417,294,Starter,0,Cancelled,2022-05-03,2022-05-17,True,Trial
418,295,Business,0,Active,2022-05-04,,True,Trial
419,295,Business,199,Upgraded,2022-08-18,2022-09-18,False,Expansion MRR
420,295,Enterprise,499,Downgraded,2022-11-18,2022-12-18,False,Contraction MRR
421,295,Business,199,Active,2024-12-18,,False,Recurring
422,296,Business,0,Cancelled,2022-05-04,2022-05-18,True,Trial
423,297,Business,0,Active,2022-05-04,,True,Trial
424,297,Business,199,Cancelled,2022-05-18,2022-06-18,False,Churned MRR
425,297,Business,199,Active,2022-09-18,,False,Reactivation MRR
426,298,Enterprise,0,Cancelled,2022-05-04,2022-05-18,True,Trial
427,299,Enterprise,0,Active,2022-05-05,,True,Trial
428,299,Enterprise,499,Downgraded,2023-06-19,2023-07-19,False,Contraction MRR
429,299,Business,199,Upgraded,2024-03-19,2024-04-19,False,Expansion MRR
430,299,Enterprise,499,Active,2024-12-19,,False,Recurring
431,300,Starter,0,Active,2022-05-05,,True,Trial
432,300,Starter,29,Cancelled,2024-11-19,2024-12-19,False,Churned MRR
433,301,Starter,0,Cancelled,2022-05-05,2022-05-19,True,Trial
434,302,Business,0,Cancelled,2022-05-06,2022-05-20,True,Trial
435,303,Starter,0,Cancelled,2022-05-06,2022-05-20,True,Trial
436,304,Enterprise,0,Active,2022-05-06,,True,Trial
437,304,Enterprise,499,Downgraded,2022-10-20,2022-11-20,False,Contraction MRR
438,304,Business,199,Upgraded,2022-12-20,2023-01-20,False,Expansion MRR
439,304,Enterprise,499,Active,2024-12-20,,False,Recurring
440,305,Starter,0,Cancelled,2022-05-06,2022-05-20,True,Trial
441,306,Starter,0,Active,2022-05-06,,True,Trial
442,306,Starter,29,Upgraded,2022-11-20,2022-12-20,False,Expansion MRR
443,306,Pro,79,Active,2024-12-20,,False,Recurring
444,307,Enterprise,0,Cancelled,2022-05-06,2022-05-20,True,Trial
445,308,Business,0,Cancelled,2022-05-06,2022-05-20,True,Trial
446,309,Pro,0,Cancelled,2022-05-07,2022-05-21,True,Trial
447,310,Starter,0,Cancelled,2022-05-07,2022-05-21,True,Trial
448,311,Starter,0,Cancelled,2022-05-08,2022-05-22,True,Trial
449,312,Starter,0,Cancelled,2022-05-08,2022-05-22,True,Trial
450,313,Pro,0,Active,2022-05-09,,True,Trial
451,313,Pro,79,Cancelled,2023-07-23,2023-08-23,False,Churned MRR
452,314,Pro,0,Cancelled,2022-05-10,2022-05-24,True,Trial
453,315,Business,0,Cancelled,2022-05-10,2022-05-24,True,Trial
454,316,Enterprise,0,Active,2022-05-11,,True,Trial
455,316,Enterprise,499,Downgraded,2023-07-25,2023-08-25,False,Contraction MRR
456,316,Business,199,Downgraded,2024-01-25,2024-02-25,False,Contraction MRR
457,316,Pro,79,Cancelled,2024-06-25,2024-07-25,False,Churned MRR
458,317,Starter,0,Cancelled,2022-05-11,2022-05-25,True,Trial
459,318,Pro,0,Cancelled,2022-05-11,2022-05-25,True,Trial
460,319,Starter,0,Cancelled,2022-05-12,2022-05-26,True,Trial
461,320,Enterprise,0,Active,2022-05-12,,True,Trial
462,320,Enterprise,499,Downgraded,2022-12-26,2023-01-26,False,Contraction MRR
463,320,Business,199,Upgraded,2023-06-26,2023-07-26,False,Expansion MRR
464,320,Enterprise,499,Active,2024-12-26,,False,Recurring
465,321,Pro,0,Cancelled,2022-05-12,2022-05-26,True,Trial
466,322,Starter,0,Cancelled,2022-05-13,2022-05-27,True,Trial
467,323,Starter,0,Cancelled,2022-05-13,2022-05-27,True,Trial
468,324,Business,0,Cancelled,2022-05-14,2022-05-28,True,Trial
469,325,Business,0,Cancelled,2022-05-14,2022-05-28,True,Trial
470,326,Pro,0,Cancelled,2022-05-14,2022-05-28,True,Trial
471,327,Business,0,Cancelled,2022-05-14,2022-05-28,True,Trial
472,328,Starter,0,Cancelled,2022-05-14,2022-05-28,True,Trial
473,329,Starter,0,Cancelled,2022-05-14,2022-05-28,True,Trial
474,330,Starter,0,Cancelled,2022-05-15,2022-05-29,True,Trial
475,331,Pro,0,Cancelled,2022-05-15,2022-05-29,True,Trial
476,332,Pro,0,Active,2022-05-16,,True,Trial
477,332,Pro,79,Active,2024-12-28,,False,Recurring
478,333,Pro,0,Cancelled,2022-05-16,2022-05-30,True,Trial
479,334,Starter,0,Cancelled,2022-05-17,2022-05-31,True,Trial
480,335,Enterprise,0,Active,2022-05-17,,True,Trial
481,335,Enterprise,499,Downgraded,2023-07-28,2023-08-28,False,Contraction MRR
482,335,Business,199,Active,2024-12-28,,False,Recurring
483,336,Business,0,Cancelled,2022-05-17,2022-05-31,True,Trial
484,337,Starter,0,Cancelled,2022-05-17,2022-05-31,True,Trial
485,338,Business,0,Active,2022-05-18,,True,Trial
486,338,Business,199,Downgraded,2023-11-01,2023-12-01,False,Contraction MRR
487,338,Pro,79,Upgraded,2024-03-01,2024-04-01,False,Expansion MRR
488,338,Business,199,Active,2024-12-01,,False,Recurring
489,339,Pro,0,Cancelled,2022-05-18,2022-06-01,True,Trial
490,340,Starter,0,Cancelled,2022-05-18,2022-06-01,True,Trial
491,341,Starter,0,Cancelled,2022-05-19,2022-06-02,True,Trial
492,342,Starter,0,Cancelled,2022-05-20,2022-06-03,True,Trial
493,343,Pro,0,Cancelled,2022-05-20,2022-06-03,True,Trial
494,344,Business,0,Active,2022-05-21,,True,Trial
495,344,Business,199,Cancelled,2022-07-04,2022-08-04,False,Churned MRR
496,344,Business,199,Active,2023-04-04,,False,Reactivation MRR
497,345,Business,0,Cancelled,2022-05-21,2022-06-04,True,Trial
498,346,Starter,0,Active,2022-05-22,,True,Trial
499,346,Starter,29,Cancelled,2022-06-05,2022-07-05,False,Churned MRR
500,347,Enterprise,0,Active,2022-05-23,,True,Trial
501,347,Enterprise,499,Active,2024-12-06,,False,Recurring
502,348,Starter,0,Cancelled,2022-05-23,2022-06-06,True,Trial
503,349,Starter,0,Cancelled,2022-05-23,2022-06-06,True,Trial
504,350,Starter,0,Cancelled,2022-05-24,2022-06-07,True,Trial
505,351,Business,0,Cancelled,2022-05-24,2022-06-07,True,Trial
506,352,Starter,0,Cancelled,2022-05-24,2022-06-07,True,Trial
507,353,Starter,0,Active,2022-05-25,,True,Trial
508,353,Starter,29,Cancelled,2022-09-08,2022-10-08,False,Churned MRR
509,354,Pro,0,Cancelled,2022-05-25,2022-06-08,True,Trial
510,355,Starter,0,Cancelled,2022-05-25,2022-06-08,True,Trial
511,356,Business,0,Cancelled,2022-05-25,2022-06-08,True,Trial
512,357,Starter,0,Cancelled,2022-05-25,2022-06-08,True,Trial
513,358,Enterprise,0,Active,2022-05-26,,True,Trial
514,358,Enterprise,499,Downgraded,2022-09-09,2022-10-09,False,Contraction MRR
515,358,Business,199,Cancelled,2022-12-09,2023-01-09,False,Churned MRR
516,359,Starter,0,Cancelled,2022-05-27,2022-06-10,True,Trial
517,360,Business,0,Cancelled,2022-05-28,2022-06-11,True,Trial
518,361,Pro,0,Cancelled,2022-05-28,2022-06-11,True,Trial
519,362,Starter,0,Active,2022-05-28,,True,Trial
520,362,Starter,29,Cancelled,2023-06-11,2023-07-11,False,Churned MRR
521,363,Pro,0,Cancelled,2022-05-28,2022-06-11,True,Trial
522,364,Starter,0,Cancelled,2022-05-28,2022-06-11,True,Trial
523,365,Enterprise,0,Cancelled,2022-05-28,2022-06-11,True,Trial
524,366,Enterprise,0,Active,2022-05-30,,True,Trial
525,366,Enterprise,499,Cancelled,2023-11-13,2023-12-13,False,Churned MRR
526,367,Pro,0,Cancelled,2022-05-30,2022-06-13,True,Trial
527,368,Starter,0,Active,2022-05-30,,True,Trial
528,368,Starter,29,Cancelled,2023-09-13,2023-10-13,False,Churned MRR
529,369,Starter,0,Active,2022-05-30,,True,Trial
530,369,Starter,29,Cancelled,2022-07-13,2022-08-13,False,Churned MRR
531,370,Starter,0,Active,2022-05-30,,True,Trial
532,370,Starter,29,Cancelled,2023-02-13,2023-03-13,False,Churned MRR
533,371,Pro,0,Cancelled,2022-05-31,2022-06-14,True,Trial
534,372,Business,0,Cancelled,2022-06-01,2022-06-15,True,Trial
535,373,Starter,0,Cancelled,2022-06-01,2022-06-15,True,Trial
536,374,Starter,0,Cancelled,2022-06-01,2022-06-15,True,Trial
537,375,Starter,0,Cancelled,2022-06-01,2022-06-15,True,Trial
538,376,Starter,0,Cancelled,2022-06-01,2022-06-15,True,Trial
539,377,Starter,0,Cancelled,2022-06-01,2022-06-15,True,Trial
540,378,Starter,0,Cancelled,2022-06-01,2022-06-15,True,Trial
541,379,Starter,0,Cancelled,2022-06-01,2022-06-15,True,Trial
542,380,Pro,0,Cancelled,2022-06-01,2022-06-15,True,Trial
543,381,Starter,0,Cancelled,2022-06-02,2022-06-16,True,Trial
544,382,Pro,0,Active,2022-06-02,,True,Trial
545,382,Pro,79,Cancelled,2023-07-16,2023-08-16,False,Churned MRR
546,383,Business,0,Cancelled,2022-06-02,2022-06-16,True,Trial
547,384,Pro,0,Active,2022-06-02,,True,Trial
548,384,Pro,79,Cancelled,2022-06-16,2022-07-16,False,Churned MRR
549,385,Pro,0,Active,2022-06-02,,True,Trial
550,385,Pro,79,Cancelled,2023-12-16,2024-01-16,False,Churned MRR
551,386,Starter,0,Active,2022-06-02,,True,Trial
552,386,Starter,29,Cancelled,2022-07-16,2022-08-16,False,Churned MRR
553,387,Pro,0,Active,2022-06-03,,True,Trial
554,387,Pro,79,Downgraded,2022-09-17,2022-10-17,False,Contraction MRR
555,387,Starter,29,Cancelled,2023-12-17,2024-01-17,False,Churned MRR
556,388,Enterprise,0,Active,2022-06-03,,True,Trial
557,388,Enterprise,499,Downgraded,2023-07-17,2023-08-17,False,Contraction MRR
558,388,Business,199,Cancelled,2023-08-17,2023-09-17,False,Churned MRR
559,389,Starter,0,Cancelled,2022-06-03,2022-06-17,True,Trial
560,390,Pro,0,Cancelled,2022-06-03,2022-06-17,True,Trial
561,391,Enterprise,0,Cancelled,2022-06-03,2022-06-17,True,Trial
562,392,Business,0,Cancelled,2022-06-03,2022-06-17,True,Trial
563,393,Starter,0,Cancelled,2022-06-03,2022-06-17,True,Trial
564,394,Business,0,Active,2022-06-04,,True,Trial
565,394,Business,199,Cancelled,2022-06-18,2022-07-18,False,Churned MRR
566,395,Pro,0,Cancelled,2022-06-04,2022-06-18,True,Trial
567,396,Pro,0,Cancelled,2022-06-04,2022-06-18,True,Trial
568,397,Starter,0,Cancelled,2022-06-04,2022-06-18,True,Trial
569,398,Starter,0,Cancelled,2022-06-04,2022-06-18,True,Trial
570,399,Starter,0,Cancelled,2022-06-05,2022-06-19,True,Trial
571,400,Business,0,Cancelled,2022-06-05,2022-06-19,True,Trial
572,401,Pro,0,Active,2022-06-05,,True,Trial
573,401,Pro,79,Cancelled,2023-10-19,2023-11-19,False,Churned MRR
574,402,Enterprise,0,Cancelled,2022-06-05,2022-06-19,True,Trial
575,403,Pro,0,Cancelled,2022-06-05,2022-06-19,True,Trial
576,404,Business,0,Cancelled,2022-06-06,2022-06-20,True,Trial
577,405,Business,0,Cancelled,2022-06-06,2022-06-20,True,Trial
578,406,Starter,0,Cancelled,2022-06-06,2022-06-20,True,Trial
579,407,Pro,0,Active,2022-06-06,,True,Trial
580,407,Pro,79,Upgraded,2022-10-20,2022-11-20,False,Expansion MRR
581,407,Business,199,Upgraded,2023-04-20,2023-05-20,False,Expansion MRR
582,407,Enterprise,499,Downgraded,2023-05-20,2023-06-20,False,Contraction MRR
583,407,Business,199,Active,2024-12-20,,False,Recurring
584,408,Starter,0,Cancelled,2022-06-06,2022-06-20,True,Trial
585,409,Starter,0,Cancelled,2022-06-06,2022-06-20,True,Trial
586,410,Business,0,Cancelled,2022-06-07,2022-06-21,True,Trial
587,411,Starter,0,Active,2022-06-07,,True,Trial
588,411,Starter,29,Cancelled,2022-07-21,2022-08-21,False,Churned MRR
589,412,Starter,0,Cancelled,2022-06-07,2022-06-21,True,Trial
590,413,Starter,0,Cancelled,2022-06-07,2022-06-21,True,Trial
591,414,Enterprise,0,Cancelled,2022-06-07,2022-06-21,True,Trial
592,415,Pro,0,Active,2022-06-08,,True,Trial
593,415,Pro,79,Cancelled,2024-08-22,2024-09-22,False,Churned MRR
594,416,Pro,0,Cancelled,2022-06-08,2022-06-22,True,Trial
595,417,Starter,0,Cancelled,2022-06-09,2022-06-23,True,Trial
596,418,Starter,0,Cancelled,2022-06-10,2022-06-24,True,Trial
597,419,Pro,0,Cancelled,2022-06-10,2022-06-24,True,Trial
598,420,Pro,0,Cancelled,2022-06-10,2022-06-24,True,Trial
599,421,Starter,0,Cancelled,2022-06-10,2022-06-24,True,Trial
600,422,Pro,0,Cancelled,2022-06-11,2022-06-25,True,Trial
601,423,Starter,0,Active,2022-06-11,,True,Trial
602,423,Starter,29,Upgraded,2022-12-25,2023-01-25,False,Expansion MRR
603,423,Pro,79,Downgraded,2023-02-25,2023-03-25,False,Contraction MRR
604,423,Starter,29,Cancelled,2023-09-25,2023-10-25,False,Churned MRR
605,424,Pro,0,Cancelled,2022-06-11,2022-06-25,True,Trial
606,425,Enterprise,0,Cancelled,2022-06-11,2022-06-25,True,Trial
607,426,Starter,0,Cancelled,2022-06-11,2022-06-25,True,Trial
608,427,Starter,0,Cancelled,2022-06-12,2022-06-26,True,Trial
609,428,Starter,0,Active,2022-06-12,,True,Trial
610,428,Starter,29,Cancelled,2022-06-26,2022-07-26,False,Churned MRR
611,429,Enterprise,0,Active,2022-06-12,,True,Trial
612,429,Enterprise,499,Downgraded,2024-12-26,2025-01-26,False,Contraction MRR
613,430,Business,0,Active,2022-06-15,,True,Trial
614,430,Business,199,Cancelled,2023-07-28,2023-08-28,False,Churned MRR
615,431,Enterprise,0,Cancelled,2022-06-15,2022-06-29,True,Trial
616,432,Business,0,Cancelled,2022-06-15,2022-06-29,True,Trial
617,433,Starter,0,Cancelled,2022-06-15,2022-06-29,True,Trial
618,434,Starter,0,Active,2022-06-16,,True,Trial
619,434,Starter,29,Cancelled,2023-01-30,2023-02-28,False,Churned MRR
620,435,Business,0,Cancelled,2022-06-16,2022-06-30,True,Trial
621,436,Starter,0,Cancelled,2022-06-17,2022-07-01,True,Trial
622,437,Enterprise,0,Active,2022-06-17,,True,Trial
623,437,Enterprise,499,Downgraded,2022-10-01,2022-11-01,False,Contraction MRR
624,437,Business,199,Cancelled,2024-01-01,2024-02-01,False,Churned MRR
625,438,Starter,0,Active,2022-06-17,,True,Trial
626,438,Starter,29,Cancelled,2023-01-01,2023-02-01,False,Churned MRR
627,439,Starter,0,Cancelled,2022-06-17,2022-07-01,True,Trial
628,440,Pro,0,Cancelled,2022-06-17,2022-07-01,True,Trial
629,441,Business,0,Cancelled,2022-06-18,2022-07-02,True,Trial
630,442,Pro,0,Cancelled,2022-06-18,2022-07-02,True,Trial
631,443,Pro,0,Cancelled,2022-06-19,2022-07-03,True,Trial
632,444,Pro,0,Cancelled,2022-06-19,2022-07-03,True,Trial
633,445,Pro,0,Cancelled,2022-06-20,2022-07-04,True,Trial
634,446,Starter,0,Cancelled,2022-06-20,2022-07-04,True,Trial
635,447,Starter,0,Cancelled,2022-06-20,2022-07-04,True,Trial
636,448,Pro,0,Cancelled,2022-06-20,2022-07-04,True,Trial
637,449,Pro,0,Active,2022-06-20,,True,Trial
638,449,Pro,79,Upgraded,2023-10-04,2023-11-04,False,Expansion MRR
639,449,Business,199,Cancelled,2024-01-04,2024-02-04,False,Churned MRR
640,450,Starter,0,Cancelled,2022-06-21,2022-07-05,True,Trial
641,451,Starter,0,Cancelled,2022-06-21,2022-07-05,True,Trial
642,452,Business,0,Cancelled,2022-06-21,2022-07-05,True,Trial
643,453,Enterprise,0,Active,2022-06-21,,True,Trial
644,453,Enterprise,499,Cancelled,2023-08-05,2023-09-05,False,Churned MRR
645,454,Starter,0,Cancelled,2022-06-21,2022-07-05,True,Trial
646,455,Pro,0,Cancelled,2022-06-22,2022-07-06,True,Trial
647,456,Starter,0,Cancelled,2022-06-22,2022-07-06,True,Trial
648,457,Pro,0,Cancelled,2022-06-23,2022-07-07,True,Trial
649,458,Enterprise,0,Cancelled,2022-06-23,2022-07-07,True,Trial
650,459,Starter,0,Active,2022-06-24,,True,Trial
651,459,Starter,29,Upgraded,2022-08-08,2022-09-08,False,Expansion MRR
652,459,Pro,79,Cancelled,2023-05-08,2023-06-08,False,Churned MRR
653,460,Enterprise,0,Cancelled,2022-06-24,2022-07-08,True,Trial
654,461,Business,0,Active,2022-06-25,,True,Trial
655,461,Business,199,Upgraded,2022-09-09,2022-10-09,False,Expansion MRR
656,461,Enterprise,499,Downgraded,2023-08-09,2023-09-09,False,Contraction MRR
657,461,Business,199,Active,2024-12-09,,False,Recurring
658,462,Starter,0,Cancelled,2022-06-26,2022-07-10,True,Trial
659,463,Enterprise,0,Active,2022-06-26,,True,Trial
660,463,Enterprise,499,Active,2024-12-10,,False,Recurring
661,464,Starter,0,Cancelled,2022-06-27,2022-07-11,True,Trial
662,465,Pro,0,Cancelled,2022-06-27,2022-07-11,True,Trial
663,466,Starter,0,Cancelled,2022-06-27,2022-07-11,True,Trial
664,467,Pro,0,Cancelled,2022-06-27,2022-07-11,True,Trial
665,468,Starter,0,Cancelled,2022-06-28,2022-07-12,True,Trial
666,469,Enterprise,0,Cancelled,2022-06-28,2022-07-12,True,Trial
667,470,Enterprise,0,Cancelled,2022-06-29,2022-07-13,True,Trial
668,471,Starter,0,Cancelled,2022-06-29,2022-07-13,True,Trial
669,472,Business,0,Cancelled,2022-06-30,2022-07-14,True,Trial
670,473,Enterprise,0,Cancelled,2022-06-30,2022-07-14,True,Trial
671,474,Starter,0,Cancelled,2022-06-30,2022-07-14,True,Trial
672,475,Starter,0,Cancelled,2022-06-30,2022-07-14,True,Trial
673,476,Starter,0,Cancelled,2022-07-01,2022-07-15,True,Trial
674,477,Starter,0,Cancelled,2022-07-01,2022-07-15,True,Trial
675,478,Enterprise,0,Cancelled,2022-07-02,2022-07-16,True,Trial
676,479,Pro,0,Cancelled,2022-07-02,2022-07-16,True,Trial
677,480,Enterprise,0,Cancelled,2022-07-03,2022-07-17,True,Trial
678,481,Enterprise,0,Cancelled,2022-07-03,2022-07-17,True,Trial
679,482,Enterprise,0,Cancelled,2022-07-03,2022-07-17,True,Trial
680,483,Enterprise,0,Cancelled,2022-07-03,2022-07-17,True,Trial
681,484,Pro,0,Cancelled,2022-07-04,2022-07-18,True,Trial
682,485,Pro,0,Active,2022-07-04,,True,Trial
683,485,Pro,79,Cancelled,2022-11-18,2022-12-18,False,Churned MRR
684,486,Enterprise,0,Cancelled,2022-07-04,2022-07-18,True,Trial
685,487,Starter,0,Cancelled,2022-07-04,2022-07-18,True,Trial
686,488,Starter,0,Cancelled,2022-07-04,2022-07-18,True,Trial
687,489,Starter,0,Cancelled,2022-07-05,2022-07-19,True,Trial
688,490,Enterprise,0,Cancelled,2022-07-05,2022-07-19,True,Trial
689,491,Starter,0,Cancelled,2022-07-05,2022-07-19,True,Trial
690,492,Starter,0,Cancelled,2022-07-05,2022-07-19,True,Trial
691,493,Pro,0,Active,2022-07-06,,True,Trial
692,493,Pro,79,Cancelled,2022-07-20,2022-08-20,False,Churned MRR
693,494,Pro,0,Cancelled,2022-07-06,2022-07-20,True,Trial
694,495,Enterprise,0,Cancelled,2022-07-06,2022-07-20,True,Trial
695,496,Pro,0,Cancelled,2022-07-07,2022-07-21,True,Trial
696,497,Pro,0,Cancelled,2022-07-07,2022-07-21,True,Trial
697,498,Starter,0,Cancelled,2022-07-07,2022-07-21,True,Trial
698,499,Starter,0,Cancelled,2022-07-07,2022-07-21,True,Trial
699,500,Starter,0,Cancelled,2022-07-07,2022-07-21,True,Trial
700,501,Pro,0,Active,2022-07-07,,True,Trial
701,501,Pro,79,Upgraded,2023-01-21,2023-02-21,False,Expansion MRR
702,501,Business,199,Active,2024-12-21,,False,Recurring
703,502,Starter,0,Cancelled,2022-07-08,2022-07-22,True,Trial
704,503,Pro,0,Active,2022-07-08,,True,Trial
705,503,Pro,79,Cancelled,2023-04-22,2023-05-22,False,Churned MRR
706,504,Starter,0,Cancelled,2022-07-08,2022-07-22,True,Trial
707,505,Enterprise,0,Active,2022-07-09,,True,Trial
708,505,Enterprise,499,Downgraded,2023-01-23,2023-02-23,False,Contraction MRR
709,505,Business,199,Cancelled,2024-05-23,2024-06-23,False,Churned MRR
710,506,Starter,0,Cancelled,2022-07-09,2022-07-23,True,Trial
711,507,Starter,0,Cancelled,2022-07-09,2022-07-23,True,Trial
712,508,Starter,0,Active,2022-07-10,,True,Trial
713,508,Starter,29,Cancelled,2022-09-24,2022-10-24,False,Churned MRR
714,509,Pro,0,Cancelled,2022-07-10,2022-07-24,True,Trial
715,510,Starter,0,Active,2022-07-10,,True,Trial
716,510,Starter,29,Cancelled,2023-08-24,2023-09-24,False,Churned MRR
717,510,Starter,29,Active,2024-01-24,,False,Reactivation MRR
718,511,Pro,0,Cancelled,2022-07-10,2022-07-24,True,Trial
719,512,Starter,0,Cancelled,2022-07-10,2022-07-24,True,Trial
720,513,Pro,0,Active,2022-07-10,,True,Trial
721,513,Pro,79,Cancelled,2022-08-24,2022-09-24,False,Churned MRR
722,514,Starter,0,Cancelled,2022-07-11,2022-07-25,True,Trial
723,515,Pro,0,Active,2022-07-11,,True,Trial
724,515,Pro,79,Upgraded,2022-07-25,2022-08-25,False,Expansion MRR
725,515,Business,199,Downgraded,2022-09-25,2022-10-25,False,Contraction MRR
726,515,Pro,79,Cancelled,2022-11-25,2022-12-25,False,Churned MRR
727,516,Business,0,Active,2022-07-11,,True,Trial
728,516,Business,199,Cancelled,2024-07-25,2024-08-25,False,Churned MRR
729,517,Business,0,Cancelled,2022-07-11,2022-07-25,True,Trial
730,518,Pro,0,Cancelled,2022-07-11,2022-07-25,True,Trial
731,519,Pro,0,Cancelled,2022-07-11,2022-07-25,True,Trial
732,520,Pro,0,Cancelled,2022-07-12,2022-07-26,True,Trial
733,521,Pro,0,Cancelled,2022-07-12,2022-07-26,True,Trial
734,522,Starter,0,Active,2022-07-12,,True,Trial
735,522,Starter,29,Cancelled,2022-07-26,2022-08-26,False,Churned MRR
736,522,Starter,29,Active,2023-02-26,,False,Reactivation MRR
737,523,Pro,0,Active,2022-07-12,,True,Trial
738,523,Pro,79,Downgraded,2022-09-26,2022-10-26,False,Contraction MRR
739,523,Starter,29,Cancelled,2023-06-26,2023-07-26,False,Churned MRR
740,524,Pro,0,Cancelled,2022-07-12,2022-07-26,True,Trial
741,525,Starter,0,Cancelled,2022-07-12,2022-07-26,True,Trial
742,526,Starter,0,Active,2022-07-12,,True,Trial
743,526,Starter,29,Upgraded,2022-09-26,2022-10-26,False,Expansion MRR
744,526,Pro,79,Cancelled,2023-07-26,2023-08-26,False,Churned MRR
745,527,Starter,0,Cancelled,2022-07-13,2022-07-27,True,Trial
746,528,Pro,0,Active,2022-07-13,,True,Trial
747,528,Pro,79,Active,2024-12-27,,False,Recurring
748,529,Business,0,Active,2022-07-13,,True,Trial
749,529,Business,199,Downgraded,2023-07-27,2023-08-27,False,Contraction MRR
750,529,Pro,79,Active,2024-12-27,,False,Recurring
751,530,Pro,0,Cancelled,2022-07-13,2022-07-27,True,Trial
752,531,Starter,0,Active,2022-07-13,,True,Trial
753,531,Starter,29,Cancelled,2022-09-27,2022-10-27,False,Churned MRR
754,532,Pro,0,Active,2022-07-13,,True,Trial
755,532,Pro,79,Cancelled,2022-07-27,2022-08-27,False,Churned MRR
756,533,Pro,0,Cancelled,2022-07-13,2022-07-27,True,Trial
757,534,Pro,0,Cancelled,2022-07-14,2022-07-28,True,Trial
758,535,Starter,0,Cancelled,2022-07-14,2022-07-28,True,Trial
759,536,Enterprise,0,Cancelled,2022-07-14,2022-07-28,True,Trial
760,537,Enterprise,0,Active,2022-07-14,,True,Trial
761,537,Enterprise,499,Downgraded,2023-07-28,2023-08-28,False,Contraction MRR
762,537,Business,199,Active,2024-12-28,,False,Recurring
763,538,Pro,0,Active,2022-07-14,,True,Trial
764,538,Pro,79,Upgraded,2024-03-28,2024-04-28,False,Expansion MRR
765,538,Business,199,Cancelled,2024-08-28,2024-09-28,False,Churned MRR
766,539,Pro,0,Active,2022-07-15,,True,Trial
767,539,Pro,79,Cancelled,2022-09-29,2022-10-29,False,Churned MRR
768,539,Pro,79,Active,2023-06-29,,False,Reactivation MRR
769,540,Starter,0,Cancelled,2022-07-16,2022-07-30,True,Trial
770,541,Enterprise,0,Cancelled,2022-07-16,2022-07-30,True,Trial
771,542,Starter,0,Cancelled,2022-07-16,2022-07-30,True,Trial
772,543,Starter,0,Cancelled,2022-07-17,2022-07-31,True,Trial
773,544,Starter,0,Cancelled,2022-07-17,2022-07-31,True,Trial
774,545,Starter,0,Cancelled,2022-07-17,2022-07-31,True,Trial
775,546,Starter,0,Cancelled,2022-07-18,2022-08-01,True,Trial
776,547,Pro,0,Cancelled,2022-07-18,2022-08-01,True,Trial
777,548,Enterprise,0,Active,2022-07-19,,True,Trial
778,548,Enterprise,499,Cancelled,2023-12-02,2024-01-02,False,Churned MRR
779,549,Starter,0,Cancelled,2022-07-19,2022-08-02,True,Trial
780,550,Business,0,Cancelled,2022-07-19,2022-08-02,True,Trial
781,551,Business,0,Cancelled,2022-07-20,2022-08-03,True,Trial
782,552,Starter,0,Cancelled,2022-07-20,2022-08-03,True,Trial
783,553,Starter,0,Cancelled,2022-07-20,2022-08-03,True,Trial
784,554,Starter,0,Cancelled,2022-07-20,2022-08-03,True,Trial
785,555,Business,0,Active,2022-07-20,,True,Trial
786,555,Business,199,Active,2024-12-03,,False,Recurring
787,556,Business,0,Cancelled,2022-07-20,2022-08-03,True,Trial
788,557,Pro,0,Cancelled,2022-07-21,2022-08-04,True,Trial
789,558,Pro,0,Cancelled,2022-07-21,2022-08-04,True,Trial
790,559,Pro,0,Active,2022-07-21,,True,Trial
791,559,Pro,79,Cancelled,2023-12-04,2024-01-04,False,Churned MRR
792,560,Starter,0,Cancelled,2022-07-22,2022-08-05,True,Trial
793,561,Business,0,Active,2022-07-22,,True,Trial
794,561,Business,199,Cancelled,2024-09-05,2024-10-05,False,Churned MRR
795,562,Starter,0,Cancelled,2022-07-22,2022-08-05,True,Trial
796,563,Pro,0,Cancelled,2022-07-23,2022-08-06,True,Trial
797,564,Starter,0,Active,2022-07-23,,True,Trial
798,564,Starter,29,Active,2024-12-06,,False,Recurring
799,565,Business,0,Active,2022-07-23,,True,Trial
800,565,Business,199,Active,2024-12-06,,False,Recurring
801,566,Business,0,Cancelled,2022-07-24,2022-08-07,True,Trial
802,567,Business,0,Cancelled,2022-07-24,2022-08-07,True,Trial
803,568,Starter,0,Cancelled,2022-07-24,2022-08-07,True,Trial
804,569,Starter,0,Cancelled,2022-07-24,2022-08-07,True,Trial
805,570,Business,0,Cancelled,2022-07-24,2022-08-07,True,Trial
806,571,Starter,0,Cancelled,2022-07-25,2022-08-08,True,Trial
807,572,Business,0,Active,2022-07-25,,True,Trial
808,572,Business,199,Upgraded,2022-12-08,2023-01-08,False,Expansion MRR
809,572,Enterprise,499,Active,2024-12-08,,False,Recurring
810,573,Business,0,Active,2022-07-25,,True,Trial
811,573,Business,199,Upgraded,2022-12-08,2023-01-08,False,Expansion MRR
812,573,Enterprise,499,Downgraded,2024-02-08,2024-03-08,False,Contraction MRR
813,573,Business,199,Upgraded,2024-07-08,2024-08-08,False,Expansion MRR
814,573,Enterprise,499,Active,2024-12-08,,False,Recurring
815,574,Starter,0,Cancelled,2022-07-25,2022-08-08,True,Trial
816,575,Starter,0,Cancelled,2022-07-25,2022-08-08,True,Trial
817,576,Enterprise,0,Cancelled,2022-07-25,2022-08-08,True,Trial
818,577,Enterprise,0,Cancelled,2022-07-26,2022-08-09,True,Trial
819,578,Starter,0,Cancelled,2022-07-26,2022-08-09,True,Trial
820,579,Pro,0,Cancelled,2022-07-26,2022-08-09,True,Trial
821,580,Starter,0,Active,2022-07-26,,True,Trial
822,580,Starter,29,Cancelled,2023-05-09,2023-06-09,False,Churned MRR
823,581,Starter,0,Cancelled,2022-07-27,2022-08-10,True,Trial
824,582,Starter,0,Cancelled,2022-07-27,2022-08-10,True,Trial
825,583,Starter,0,Cancelled,2022-07-27,2022-08-10,True,Trial
826,584,Starter,0,Cancelled,2022-07-27,2022-08-10,True,Trial
827,585,Business,0,Cancelled,2022-07-28,2022-08-11,True,Trial
828,586,Enterprise,0,Active,2022-07-28,,True,Trial
829,586,Enterprise,499,Downgraded,2022-10-11,2022-11-11,False,Contraction MRR
830,586,Business,199,Cancelled,2022-11-11,2022-12-11,False,Churned MRR
831,586,Business,199,Active,2023-03-11,,False,Reactivation MRR
832,587,Pro,0,Cancelled,2022-07-28,2022-08-11,True,Trial
833,588,Enterprise,0,Cancelled,2022-07-29,2022-08-12,True,Trial
834,589,Starter,0,Cancelled,2022-07-29,2022-08-12,True,Trial
835,590,Business,0,Active,2022-07-29,,True,Trial
836,590,Business,199,Downgraded,2022-09-12,2022-10-12,False,Contraction MRR
837,590,Pro,79,Cancelled,2022-11-12,2022-12-12,False,Churned MRR
838,591,Pro,0,Cancelled,2022-07-29,2022-08-12,True,Trial
839,592,Starter,0,Cancelled,2022-07-29,2022-08-12,True,Trial
840,593,Starter,0,Cancelled,2022-07-30,2022-08-13,True,Trial
841,594,Starter,0,Cancelled,2022-07-30,2022-08-13,True,Trial
842,595,Business,0,Cancelled,2022-07-30,2022-08-13,True,Trial
843,596,Pro,0,Cancelled,2022-07-30,2022-08-13,True,Trial
844,597,Starter,0,Cancelled,2022-07-30,2022-08-13,True,Trial
845,598,Starter,0,Cancelled,2022-07-30,2022-08-13,True,Trial
846,599,Pro,0,Active,2022-07-31,,True,Trial
847,599,Pro,79,Cancelled,2023-10-14,2023-11-14,False,Churned MRR
848,600,Pro,0,Cancelled,2022-07-31,2022-08-14,True,Trial
849,601,Pro,0,Active,2022-07-31,,True,Trial
850,601,Pro,79,Downgraded,2022-09-14,2022-10-14,False,Contraction MRR
851,601,Starter,29,Upgraded,2023-02-14,2023-03-14,False,Expansion MRR
852,601,Pro,79,Cancelled,2023-12-14,2024-01-14,False,Churned MRR
853,602,Pro,0,Active,2022-07-31,,True,Trial
854,602,Pro,79,Cancelled,2024-11-14,2024-12-14,False,Churned MRR
855,603,Pro,0,Active,2022-08-03,,True,Trial
856,603,Pro,79,Upgraded,2023-01-17,2023-02-17,False,Expansion MRR
857,603,Business,199,Upgraded,2024-05-17,2024-06-17,False,Expansion MRR
858,603,Enterprise,499,Active,2024-12-17,,False,Recurring
859,604,Pro,0,Cancelled,2022-08-03,2022-08-17,True,Trial
860,605,Starter,0,Cancelled,2022-08-03,2022-08-17,True,Trial
861,606,Pro,0,Active,2022-08-03,,True,Trial
862,606,Pro,79,Upgraded,2022-12-17,2023-01-17,False,Expansion MRR
863,606,Business,199,Active,2024-12-17,,False,Recurring
864,607,Enterprise,0,Active,2022-08-04,,True,Trial
865,607,Enterprise,499,Cancelled,2023-06-18,2023-07-18,False,Churned MRR
866,608,Starter,0,Cancelled,2022-08-04,2022-08-18,True,Trial
867,609,Pro,0,Active,2022-08-04,,True,Trial
868,609,Pro,79,Cancelled,2022-08-18,2022-09-18,False,Churned MRR
869,610,Starter,0,Active,2022-08-05,,True,Trial
870,610,Starter,29,Cancelled,2022-12-19,2023-01-19,False,Churned MRR
871,611,Business,0,Cancelled,2022-08-05,2022-08-19,True,Trial
872,612,Business,0,Active,2022-08-05,,True,Trial
873,612,Business,199,Active,2024-12-19,,False,Recurring
874,613,Starter,0,Active,2022-08-05,,True,Trial
875,613,Starter,29,Cancelled,2023-01-19,2023-02-19,False,Churned MRR
876,614,Starter,0,Cancelled,2022-08-06,2022-08-20,True,Trial
877,615,Business,0,Cancelled,2022-08-06,2022-08-20,True,Trial
878,616,Enterprise,0,Cancelled,2022-08-07,2022-08-21,True,Trial
879,617,Starter,0,Cancelled,2022-08-07,2022-08-21,True,Trial
880,618,Starter,0,Active,2022-08-08,,True,Trial
881,618,Starter,29,Upgraded,2022-09-22,2022-10-22,False,Expansion MRR
882,618,Pro,79,Cancelled,2024-02-22,2024-03-22,False,Churned MRR
883,619,Enterprise,0,Active,2022-08-08,,True,Trial
884,619,Enterprise,499,Downgraded,2023-04-22,2023-05-22,False,Contraction MRR
885,619,Business,199,Active,2024-12-22,,False,Recurring
886,620,Business,0,Cancelled,2022-08-08,2022-08-22,True,Trial
887,621,Business,0,Cancelled,2022-08-08,2022-08-22,True,Trial
888,622,Starter,0,Cancelled,2022-08-08,2022-08-22,True,Trial
889,623,Enterprise,0,Active,2022-08-09,,True,Trial
890,623,Enterprise,499,Downgraded,2023-11-23,2023-12-23,False,Contraction MRR
891,623,Business,199,Upgraded,2024-01-23,2024-02-23,False,Expansion MRR
892,623,Enterprise,499,Downgraded,2024-06-23,2024-07-23,False,Contraction MRR
893,623,Business,199,Active,2024-12-23,,False,Recurring
894,624,Starter,0,Cancelled,2022-08-09,2022-08-23,True,Trial
895,625,Business,0,Active,2022-08-10,,True,Trial
896,625,Business,199,Active,2024-12-24,,False,Recurring
897,626,Pro,0,Active,2022-08-10,,True,Trial
898,626,Pro,79,Upgraded,2023-02-24,2023-03-24,False,Expansion MRR
899,626,Business,199,Active,2024-12-24,,False,Recurring
900,627,Pro,0,Cancelled,2022-08-10,2022-08-24,True,Trial
901,628,Starter,0,Cancelled,2022-08-10,2022-08-24,True,Trial
902,629,Pro,0,Cancelled,2022-08-10,2022-08-24,True,Trial
903,630,Enterprise,0,Active,2022-08-11,,True,Trial
904,630,Enterprise,499,Cancelled,2022-10-25,2022-11-25,False,Churned MRR
905,631,Business,0,Cancelled,2022-08-11,2022-08-25,True,Trial
906,632,Pro,0,Active,2022-08-11,,True,Trial
907,632,Pro,79,Upgraded,2022-11-25,2022-12-25,False,Expansion MRR
908,632,Business,199,Upgraded,2023-07-25,2023-08-25,False,Expansion MRR
909,632,Enterprise,499,Downgraded,2024-12-25,2025-01-25,False,Contraction MRR
910,633,Starter,0,Active,2022-08-11,,True,Trial
911,633,Starter,29,Cancelled,2022-10-25,2022-11-25,False,Churned MRR
912,634,Enterprise,0,Cancelled,2022-08-11,2022-08-25,True,Trial
913,635,Pro,0,Cancelled,2022-08-11,2022-08-25,True,Trial
914,636,Starter,0,Active,2022-08-11,,True,Trial
915,636,Starter,29,Upgraded,2022-11-25,2022-12-25,False,Expansion MRR
916,636,Pro,79,Active,2024-12-25,,False,Recurring
917,637,Pro,0,Active,2022-08-12,,True,Trial
918,637,Pro,79,Active,2024-12-26,,False,Recurring
919,638,Business,0,Cancelled,2022-08-13,2022-08-27,True,Trial
920,639,Pro,0,Cancelled,2022-08-13,2022-08-27,True,Trial
921,640,Starter,0,Cancelled,2022-08-13,2022-08-27,True,Trial
922,641,Business,0,Cancelled,2022-08-14,2022-08-28,True,Trial
923,642,Starter,0,Cancelled,2022-08-14,2022-08-28,True,Trial
924,643,Starter,0,Cancelled,2022-08-14,2022-08-28,True,Trial
925,644,Starter,0,Active,2022-08-14,,True,Trial
926,644,Starter,29,Cancelled,2024-06-28,2024-07-28,False,Churned MRR
927,645,Starter,0,Active,2022-08-14,,True,Trial
928,645,Starter,29,Upgraded,2022-11-28,2022-12-28,False,Expansion MRR
929,645,Pro,79,Cancelled,2024-12-28,2025-01-01,False,Churned MRR
930,646,Pro,0,Active,2022-08-15,,True,Trial
931,646,Pro,79,Upgraded,2023-08-28,2023-09-28,False,Expansion MRR
932,646,Business,199,Cancelled,2023-09-28,2023-10-28,False,Churned MRR
933,647,Starter,0,Cancelled,2022-08-15,2022-08-29,True,Trial
934,648,Business,0,Cancelled,2022-08-15,2022-08-29,True,Trial
935,649,Starter,0,Cancelled,2022-08-16,2022-08-30,True,Trial
936,650,Starter,0,Active,2022-08-16,,True,Trial
937,650,Starter,29,Cancelled,2022-08-30,2022-09-30,False,Churned MRR
938,651,Starter,0,Cancelled,2022-08-16,2022-08-30,True,Trial
939,652,Business,0,Active,2022-08-17,,True,Trial
940,652,Business,199,Cancelled,2024-06-28,2024-07-28,False,Churned MRR
941,653,Enterprise,0,Cancelled,2022-08-17,2022-08-31,True,Trial
942,654,Business,0,Cancelled,2022-08-18,2022-09-01,True,Trial
943,655,Business,0,Cancelled,2022-08-18,2022-09-01,True,Trial
944,656,Enterprise,0,Active,2022-08-18,,True,Trial
945,656,Enterprise,499,Downgraded,2023-02-01,2023-03-01,False,Contraction MRR
946,656,Business,199,Cancelled,2023-05-01,2023-06-01,False,Churned MRR
947,657,Pro,0,Cancelled,2022-08-18,2022-09-01,True,Trial
948,658,Starter,0,Cancelled,2022-08-19,2022-09-02,True,Trial
949,659,Pro,0,Active,2022-08-19,,True,Trial
950,659,Pro,79,Cancelled,2024-10-02,2024-11-02,False,Churned MRR
951,660,Business,0,Active,2022-08-19,,True,Trial
952,660,Business,199,Active,2024-12-02,,False,Recurring
953,661,Pro,0,Cancelled,2022-08-19,2022-09-02,True,Trial
954,662,Business,0,Active,2022-08-20,,True,Trial
955,662,Business,199,Cancelled,2024-11-03,2024-12-03,False,Churned MRR
956,663,Starter,0,Cancelled,2022-08-20,2022-09-03,True,Trial
957,664,Business,0,Cancelled,2022-08-20,2022-09-03,True,Trial
958,665,Starter,0,Cancelled,2022-08-20,2022-09-03,True,Trial
959,666,Pro,0,Active,2022-08-20,,True,Trial
960,666,Pro,79,Downgraded,2024-03-03,2024-04-03,False,Contraction MRR
961,666,Starter,29,Active,2024-12-03,,False,Recurring
962,667,Enterprise,0,Cancelled,2022-08-21,2022-09-04,True,Trial
963,668,Starter,0,Cancelled,2022-08-21,2022-09-04,True,Trial
964,669,Starter,0,Cancelled,2022-08-22,2022-09-05,True,Trial
965,670,Starter,0,Cancelled,2022-08-22,2022-09-05,True,Trial
966,671,Pro,0,Active,2022-08-22,,True,Trial
967,671,Pro,79,Downgraded,2023-05-05,2023-06-05,False,Contraction MRR
968,671,Starter,29,Cancelled,2023-11-05,2023-12-05,False,Churned MRR
969,672,Pro,0,Cancelled,2022-08-22,2022-09-05,True,Trial
970,673,Starter,0,Cancelled,2022-08-22,2022-09-05,True,Trial
971,674,Starter,0,Cancelled,2022-08-22,2022-09-05,True,Trial
972,675,Starter,0,Active,2022-08-22,,True,Trial
973,675,Starter,29,Upgraded,2022-12-05,2023-01-05,False,Expansion MRR
974,675,Pro,79,Cancelled,2023-04-05,2023-05-05,False,Churned MRR
975,676,Pro,0,Cancelled,2022-08-22,2022-09-05,True,Trial
976,677,Pro,0,Cancelled,2022-08-22,2022-09-05,True,Trial
977,678,Business,0,Active,2022-08-23,,True,Trial
978,678,Business,199,Cancelled,2023-07-06,2023-08-06,False,Churned MRR
979,679,Pro,0,Cancelled,2022-08-23,2022-09-06,True,Trial
980,680,Enterprise,0,Active,2022-08-23,,True,Trial
981,680,Enterprise,499,Downgraded,2024-06-06,2024-07-06,False,Contraction MRR
982,680,Business,199,Active,2024-12-06,,False,Recurring
983,681,Starter,0,Active,2022-08-23,,True,Trial
984,681,Starter,29,Upgraded,2023-04-06,2023-05-06,False,Expansion MRR
985,681,Pro,79,Active,2024-12-06,,False,Recurring
986,682,Pro,0,Cancelled,2022-08-23,2022-09-06,True,Trial
987,683,Pro,0,Active,2022-08-24,,True,Trial
988,683,Pro,79,Upgraded,2023-09-07,2023-10-07,False,Expansion MRR
989,683,Business,199,Active,2024-12-07,,False,Recurring
990,684,Pro,0,Cancelled,2022-08-24,2022-09-07,True,Trial
991,685,Starter,0,Cancelled,2022-08-24,2022-09-07,True,Trial
992,686,Pro,0,Cancelled,2022-08-24,2022-09-07,True,Trial
993,687,Pro,0,Cancelled,2022-08-24,2022-09-07,True,Trial
994,688,Pro,0,Cancelled,2022-08-24,2022-09-07,True,Trial
995,689,Pro,0,Active,2022-08-25,,True,Trial
996,689,Pro,79,Upgraded,2024-09-08,2024-10-08,False,Expansion MRR
997,689,Business,199,Active,2024-12-08,,False,Recurring
998,690,Pro,0,Cancelled,2022-08-25,2022-09-08,True,Trial
999,691,Enterprise,0,Active,2022-08-25,,True,Trial
1000,691,Enterprise,499,Downgraded,2023-01-08,2023-02-08,False,Contraction MRR
1001,691,Business,199,Cancelled,2024-07-08,2024-08-08,False,Churned MRR
1002,692,Enterprise,0,Cancelled,2022-08-25,2022-09-08,True,Trial
1003,693,Pro,0,Cancelled,2022-08-25,2022-09-08,True,Trial
1004,694,Pro,0,Active,2022-08-26,,True,Trial
1005,694,Pro,79,Cancelled,2022-10-09,2022-11-09,False,Churned MRR
1006,695,Enterprise,0,Cancelled,2022-08-26,2022-09-09,True,Trial
1007,696,Starter,0,Cancelled,2022-08-26,2022-09-09,True,Trial
1008,697,Starter,0,Cancelled,2022-08-26,2022-09-09,True,Trial
1009,698,Starter,0,Cancelled,2022-08-27,2022-09-10,True,Trial
1010,699,Pro,0,Cancelled,2022-08-27,2022-09-10,True,Trial
1011,700,Business,0,Cancelled,2022-08-27,2022-09-10,True,Trial
1012,701,Starter,0,Cancelled,2022-08-27,2022-09-10,True,Trial
1013,702,Starter,0,Cancelled,2022-08-28,2022-09-11,True,Trial
1014,703,Starter,0,Cancelled,2022-08-28,2022-09-11,True,Trial
1015,704,Enterprise,0,Cancelled,2022-08-28,2022-09-11,True,Trial
1016,705,Business,0,Active,2022-08-28,,True,Trial
1017,705,Business,199,Active,2024-12-11,,False,Recurring
1018,706,Starter,0,Cancelled,2022-08-28,2022-09-11,True,Trial
1019,707,Starter,0,Active,2022-08-28,,True,Trial
1020,707,Starter,29,Upgraded,2022-10-11,2022-11-11,False,Expansion MRR
1021,707,Pro,79,Downgraded,2023-05-11,2023-06-11,False,Contraction MRR
1022,707,Starter,29,Upgraded,2023-07-11,2023-08-11,False,Expansion MRR
1023,707,Pro,79,Upgraded,2024-01-11,2024-02-11,False,Expansion MRR
1024,707,Business,199,Active,2024-12-11,,False,Recurring
1025,708,Starter,0,Cancelled,2022-08-29,2022-09-12,True,Trial
1026,709,Pro,0,Cancelled,2022-08-29,2022-09-12,True,Trial
1027,710,Starter,0,Cancelled,2022-08-29,2022-09-12,True,Trial
1028,711,Enterprise,0,Cancelled,2022-08-30,2022-09-13,True,Trial
1029,712,Starter,0,Cancelled,2022-08-30,2022-09-13,True,Trial
1030,713,Starter,0,Cancelled,2022-08-30,2022-09-13,True,Trial
1031,714,Starter,0,Cancelled,2022-08-30,2022-09-13,True,Trial
1032,715,Business,0,Cancelled,2022-08-31,2022-09-14,True,Trial
1033,716,Starter,0,Cancelled,2022-08-31,2022-09-14,True,Trial
1034,717,Starter,0,Active,2022-08-31,,True,Trial
1035,717,Starter,29,Cancelled,2023-02-14,2023-03-14,False,Churned MRR
1036,718,Pro,0,Cancelled,2022-09-01,2022-09-15,True,Trial
1037,719,Business,0,Cancelled,2022-09-01,2022-09-15,True,Trial
1038,720,Business,0,Active,2022-09-02,,True,Trial
1039,720,Business,199,Cancelled,2023-07-16,2023-08-16,False,Churned MRR
1040,720,Business,199,Active,2023-12-16,,False,Reactivation MRR
1041,721,Starter,0,Cancelled,2022-09-02,2022-09-16,True,Trial
1042,722,Enterprise,0,Cancelled,2022-09-02,2022-09-16,True,Trial
1043,723,Starter,0,Cancelled,2022-09-02,2022-09-16,True,Trial
1044,724,Starter,0,Cancelled,2022-09-02,2022-09-16,True,Trial
1045,725,Enterprise,0,Cancelled,2022-09-03,2022-09-17,True,Trial
1046,726,Enterprise,0,Cancelled,2022-09-03,2022-09-17,True,Trial
1047,727,Starter,0,Cancelled,2022-09-03,2022-09-17,True,Trial
1048,728,Starter,0,Cancelled,2022-09-03,2022-09-17,True,Trial
1049,729,Enterprise,0,Active,2022-09-03,,True,Trial
1050,729,Enterprise,499,Active,2024-12-17,,False,Recurring
1051,730,Pro,0,Cancelled,2022-09-03,2022-09-17,True,Trial
1052,731,Business,0,Cancelled,2022-09-03,2022-09-17,True,Trial
1053,732,Business,0,Cancelled,2022-09-03,2022-09-17,True,Trial
1054,733,Enterprise,0,Cancelled,2022-09-03,2022-09-17,True,Trial
1055,734,Starter,0,Cancelled,2022-09-04,2022-09-18,True,Trial
1056,735,Enterprise,0,Cancelled,2022-09-05,2022-09-19,True,Trial
1057,736,Starter,0,Active,2022-09-05,,True,Trial
1058,736,Starter,29,Cancelled,2023-09-19,2023-10-19,False,Churned MRR
1059,736,Starter,29,Active,2024-03-19,,False,Reactivation MRR
1060,737,Pro,0,Cancelled,2022-09-05,2022-09-19,True,Trial
1061,738,Enterprise,0,Cancelled,2022-09-05,2022-09-19,True,Trial
1062,739,Enterprise,0,Cancelled,2022-09-06,2022-09-20,True,Trial
1063,740,Starter,0,Cancelled,2022-09-06,2022-09-20,True,Trial
1064,741,Starter,0,Active,2022-09-06,,True,Trial
1065,741,Starter,29,Cancelled,2022-12-20,2023-01-20,False,Churned MRR
1066,742,Starter,0,Cancelled,2022-09-06,2022-09-20,True,Trial
1067,743,Starter,0,Cancelled,2022-09-06,2022-09-20,True,Trial
1068,744,Business,0,Active,2022-09-06,,True,Trial
1069,744,Business,199,Active,2024-12-20,,False,Recurring
1070,745,Starter,0,Active,2022-09-06,,True,Trial
1071,745,Starter,29,Cancelled,2022-11-20,2022-12-20,False,Churned MRR
1072,746,Pro,0,Cancelled,2022-09-06,2022-09-20,True,Trial
1073,747,Starter,0,Cancelled,2022-09-06,2022-09-20,True,Trial
1074,748,Starter,0,Active,2022-09-06,,True,Trial
1075,748,Starter,29,Cancelled,2022-11-20,2022-12-20,False,Churned MRR
1076,749,Pro,0,Active,2022-09-07,,True,Trial
1077,749,Pro,79,Cancelled,2023-03-21,2023-04-21,False,Churned MRR
1078,750,Enterprise,0,Active,2022-09-07,,True,Trial
1079,750,Enterprise,499,Downgraded,2024-08-21,2024-09-21,False,Contraction MRR
1080,750,Business,199,Active,2024-12-21,,False,Recurring
1081,751,Business,0,Active,2022-09-07,,True,Trial
1082,751,Business,199,Cancelled,2022-09-21,2022-10-21,False,Churned MRR
1083,752,Starter,0,Cancelled,2022-09-07,2022-09-21,True,Trial
1084,753,Pro,0,Cancelled,2022-09-07,2022-09-21,True,Trial
1085,754,Starter,0,Active,2022-09-07,,True,Trial
1086,754,Starter,29,Cancelled,2022-12-21,2023-01-21,False,Churned MRR
1087,755,Starter,0,Cancelled,2022-09-08,2022-09-22,True,Trial
1088,756,Pro,0,Cancelled,2022-09-08,2022-09-22,True,Trial
1089,757,Pro,0,Active,2022-09-08,,True,Trial
1090,757,Pro,79,Active,2024-12-22,,False,Recurring
1091,758,Starter,0,Active,2022-09-08,,True,Trial
1092,758,Starter,29,Cancelled,2022-10-22,2022-11-22,False,Churned MRR
1093,759,Enterprise,0,Cancelled,2022-09-08,2022-09-22,True,Trial
1094,760,Business,0,Cancelled,2022-09-09,2022-09-23,True,Trial
1095,761,Starter,0,Cancelled,2022-09-09,2022-09-23,True,Trial
1096,762,Pro,0,Active,2022-09-09,,True,Trial
1097,762,Pro,79,Cancelled,2022-09-23,2022-10-23,False,Churned MRR
1098,763,Enterprise,0,Cancelled,2022-09-09,2022-09-23,True,Trial
1099,764,Enterprise,0,Active,2022-09-10,,True,Trial
1100,764,Enterprise,499,Downgraded,2023-01-24,2023-02-24,False,Contraction MRR
1101,764,Business,199,Active,2024-12-24,,False,Recurring
1102,765,Starter,0,Active,2022-09-11,,True,Trial
1103,765,Starter,29,Upgraded,2023-01-25,2023-02-25,False,Expansion MRR
1104,765,Pro,79,Upgraded,2023-11-25,2023-12-25,False,Expansion MRR
1105,765,Business,199,Active,2024-12-25,,False,Recurring
1106,766,Starter,0,Cancelled,2022-09-11,2022-09-25,True,Trial
1107,767,Pro,0,Cancelled,2022-09-11,2022-09-25,True,Trial
1108,768,Starter,0,Cancelled,2022-09-11,2022-09-25,True,Trial
1109,769,Enterprise,0,Active,2022-09-11,,True,Trial
1110,769,Enterprise,499,Downgraded,2023-01-25,2023-02-25,False,Contraction MRR
1111,769,Business,199,Cancelled,2024-11-25,2024-12-25,False,Churned MRR
1112,770,Business,0,Cancelled,2022-09-12,2022-09-26,True,Trial
1113,771,Pro,0,Active,2022-09-12,,True,Trial
1114,771,Pro,79,Cancelled,2023-05-26,2023-06-26,False,Churned MRR
1115,772,Pro,0,Active,2022-09-12,,True,Trial
1116,772,Pro,79,Upgraded,2022-12-26,2023-01-26,False,Expansion MRR
1117,772,Business,199,Active,2024-12-26,,False,Recurring
1118,773,Business,0,Active,2022-09-12,,True,Trial
1119,773,Business,199,Cancelled,2023-04-26,2023-05-26,False,Churned MRR
1120,774,Enterprise,0,Cancelled,2022-09-13,2022-09-27,True,Trial
1121,775,Starter,0,Cancelled,2022-09-13,2022-09-27,True,Trial
1122,776,Business,0,Active,2022-09-13,,True,Trial
1123,776,Business,199,Upgraded,2022-11-27,2022-12-27,False,Expansion MRR
1124,776,Enterprise,499,Downgraded,2023-11-27,2023-12-27,False,Contraction MRR
1125,776,Business,199,Cancelled,2024-07-27,2024-08-27,False,Churned MRR
1126,777,Business,0,Active,2022-09-13,,True,Trial
1127,777,Business,199,Active,2024-12-27,,False,Recurring
1128,778,Enterprise,0,Active,2022-09-14,,True,Trial
1129,778,Enterprise,499,Downgraded,2023-08-28,2023-09-28,False,Contraction MRR
1130,778,Business,199,Active,2024-12-28,,False,Recurring
1131,779,Starter,0,Cancelled,2022-09-14,2022-09-28,True,Trial
1132,780,Enterprise,0,Cancelled,2022-09-14,2022-09-28,True,Trial
1133,781,Starter,0,Cancelled,2022-09-14,2022-09-28,True,Trial
1134,782,Starter,0,Cancelled,2022-09-15,2022-09-29,True,Trial
1135,783,Starter,0,Cancelled,2022-09-15,2022-09-29,True,Trial
1136,784,Starter,0,Cancelled,2022-09-15,2022-09-29,True,Trial
1137,785,Pro,0,Cancelled,2022-09-15,2022-09-29,True,Trial
1138,786,Starter,0,Active,2022-09-15,,True,Trial
1139,786,Starter,29,Active,2024-12-28,,False,Recurring
1140,787,Enterprise,0,Cancelled,2022-09-16,2022-09-30,True,Trial
1141,788,Starter,0,Cancelled,2022-09-16,2022-09-30,True,Trial
1142,789,Business,0,Active,2022-09-16,,True,Trial
1143,789,Business,199,Cancelled,2022-11-30,2022-12-30,False,Churned MRR
1144,790,Pro,0,Cancelled,2022-09-16,2022-09-30,True,Trial
1145,791,Pro,0,Cancelled,2022-09-18,2022-10-02,True,Trial
1146,792,Starter,0,Active,2022-09-18,,True,Trial
1147,792,Starter,29,Cancelled,2023-10-02,2023-11-02,False,Churned MRR
1148,793,Starter,0,Cancelled,2022-09-18,2022-10-02,True,Trial
1149,794,Starter,0,Active,2022-09-18,,True,Trial
1150,794,Starter,29,Cancelled,2022-11-02,2022-12-02,False,Churned MRR
1151,795,Pro,0,Active,2022-09-18,,True,Trial
1152,795,Pro,79,Active,2024-12-02,,False,Recurring
1153,796,Starter,0,Cancelled,2022-09-18,2022-10-02,True,Trial
1154,797,Pro,0,Active,2022-09-18,,True,Trial
1155,797,Pro,79,Cancelled,2023-01-02,2023-02-02,False,Churned MRR
1156,798,Starter,0,Active,2022-09-18,,True,Trial
1157,798,Starter,29,Active,2024-12-02,,False,Recurring
1158,799,Pro,0,Cancelled,2022-09-18,2022-10-02,True,Trial
1159,800,Business,0,Cancelled,2022-09-19,2022-10-03,True,Trial
1160,801,Starter,0,Cancelled,2022-09-19,2022-10-03,True,Trial
1161,802,Starter,0,Active,2022-09-20,,True,Trial
1162,802,Starter,29,Upgraded,2023-07-04,2023-08-04,False,Expansion MRR
1163,802,Pro,79,Active,2024-12-04,,False,Recurring
1164,803,Starter,0,Cancelled,2022-09-20,2022-10-04,True,Trial
1165,804,Starter,0,Active,2022-09-20,,True,Trial
1166,804,Starter,29,Cancelled,2023-05-04,2023-06-04,False,Churned MRR
1167,805,Pro,0,Active,2022-09-20,,True,Trial
1168,805,Pro,79,Upgraded,2023-03-04,2023-04-04,False,Expansion MRR
1169,805,Business,199,Active,2024-12-04,,False,Recurring
1170,806,Starter,0,Cancelled,2022-09-20,2022-10-04,True,Trial
1171,807,Starter,0,Active,2022-09-21,,True,Trial
1172,807,Starter,29,Cancelled,2022-12-05,2023-01-05,False,Churned MRR
1173,807,Starter,29,Active,2023-08-05,,False,Reactivation MRR
1174,808,Pro,0,Active,2022-09-21,,True,Trial
1175,808,Pro,79,Cancelled,2023-01-05,2023-02-05,False,Churned MRR
1176,809,Starter,0,Active,2022-09-21,,True,Trial
1177,809,Starter,29,Cancelled,2022-12-05,2023-01-05,False,Churned MRR
1178,810,Enterprise,0,Cancelled,2022-09-21,2022-10-05,True,Trial
1179,811,Starter,0,Cancelled,2022-09-22,2022-10-06,True,Trial
1180,812,Enterprise,0,Cancelled,2022-09-22,2022-10-06,True,Trial
1181,813,Pro,0,Active,2022-09-22,,True,Trial
1182,813,Pro,79,Upgraded,2024-11-06,2024-12-06,False,Expansion MRR
1183,813,Business,199,Active,2024-12-06,,False,Expansion MRR
1184,814,Starter,0,Cancelled,2022-09-22,2022-10-06,True,Trial
1185,815,Pro,0,Active,2022-09-22,,True,Trial
1186,815,Pro,79,Cancelled,2023-09-06,2023-10-06,False,Churned MRR
1187,816,Pro,0,Cancelled,2022-09-22,2022-10-06,True,Trial
1188,817,Pro,0,Cancelled,2022-09-22,2022-10-06,True,Trial
1189,818,Pro,0,Cancelled,2022-09-22,2022-10-06,True,Trial
1190,819,Starter,0,Cancelled,2022-09-22,2022-10-06,True,Trial
1191,820,Pro,0,Cancelled,2022-09-23,2022-10-07,True,Trial
1192,821,Pro,0,Cancelled,2022-09-23,2022-10-07,True,Trial
1193,822,Pro,0,Cancelled,2022-09-24,2022-10-08,True,Trial
1194,823,Business,0,Cancelled,2022-09-24,2022-10-08,True,Trial
1195,824,Starter,0,Cancelled,2022-09-24,2022-10-08,True,Trial
1196,825,Business,0,Active,2022-09-24,,True,Trial
1197,825,Business,199,Cancelled,2024-11-08,2024-12-08,False,Churned MRR
1198,826,Starter,0,Cancelled,2022-09-25,2022-10-09,True,Trial
1199,827,Starter,0,Cancelled,2022-09-25,2022-10-09,True,Trial
1200,828,Pro,0,Active,2022-09-25,,True,Trial
1201,828,Pro,79,Active,2024-12-09,,False,Recurring
1202,829,Starter,0,Cancelled,2022-09-25,2022-10-09,True,Trial
1203,830,Starter,0,Cancelled,2022-09-26,2022-10-10,True,Trial
1204,831,Pro,0,Cancelled,2022-09-26,2022-10-10,True,Trial
1205,832,Starter,0,Cancelled,2022-09-26,2022-10-10,True,Trial
1206,833,Pro,0,Cancelled,2022-09-26,2022-10-10,True,Trial
1207,834,Business,0,Active,2022-09-26,,True,Trial
1208,834,Business,199,Cancelled,2023-01-10,2023-02-10,False,Churned MRR
1209,835,Business,0,Cancelled,2022-09-26,2022-10-10,True,Trial
1210,836,Starter,0,Cancelled,2022-09-26,2022-10-10,True,Trial
1211,837,Enterprise,0,Cancelled,2022-09-27,2022-10-11,True,Trial
1212,838,Business,0,Active,2022-09-27,,True,Trial
1213,838,Business,199,Cancelled,2024-03-11,2024-04-11,False,Churned MRR
1214,839,Pro,0,Active,2022-09-27,,True,Trial
1215,839,Pro,79,Cancelled,2022-10-11,2022-11-11,False,Churned MRR
1216,840,Starter,0,Cancelled,2022-09-28,2022-10-12,True,Trial
1217,841,Starter,0,Cancelled,2022-09-28,2022-10-12,True,Trial
1218,842,Pro,0,Cancelled,2022-09-28,2022-10-12,True,Trial
1219,843,Pro,0,Active,2022-09-29,,True,Trial
1220,843,Pro,79,Downgraded,2024-08-13,2024-09-13,False,Contraction MRR
1221,843,Starter,29,Cancelled,2024-12-13,2025-01-01,False,Churned MRR
1222,844,Enterprise,0,Cancelled,2022-09-29,2022-10-13,True,Trial
1223,845,Enterprise,0,Cancelled,2022-09-29,2022-10-13,True,Trial
1224,846,Enterprise,0,Cancelled,2022-09-29,2022-10-13,True,Trial
1225,847,Pro,0,Active,2022-09-30,,True,Trial
1226,847,Pro,79,Cancelled,2022-10-14,2022-11-14,False,Churned MRR
1227,848,Business,0,Active,2022-09-30,,True,Trial
1228,848,Business,199,Downgraded,2024-08-14,2024-09-14,False,Contraction MRR
1229,848,Pro,79,Active,2024-12-14,,False,Recurring
1230,849,Starter,0,Cancelled,2022-09-30,2022-10-14,True,Trial
1231,850,Starter,0,Active,2022-09-30,,True,Trial
1232,850,Starter,29,Cancelled,2024-11-14,2024-12-14,False,Churned MRR
1233,851,Enterprise,0,Cancelled,2022-09-30,2022-10-14,True,Trial
1234,852,Starter,0,Cancelled,2022-09-30,2022-10-14,True,Trial
1235,853,Pro,0,Active,2022-10-01,,True,Trial
1236,853,Pro,79,Cancelled,2024-10-15,2024-11-15,False,Churned MRR
1237,854,Starter,0,Cancelled,2022-10-01,2022-10-15,True,Trial
1238,855,Starter,0,Cancelled,2022-10-01,2022-10-15,True,Trial
1239,856,Starter,0,Cancelled,2022-10-02,2022-10-16,True,Trial
1240,857,Business,0,Cancelled,2022-10-02,2022-10-16,True,Trial
1241,858,Starter,0,Cancelled,2022-10-03,2022-10-17,True,Trial
1242,859,Starter,0,Cancelled,2022-10-03,2022-10-17,True,Trial
1243,860,Starter,0,Cancelled,2022-10-03,2022-10-17,True,Trial
1244,861,Starter,0,Cancelled,2022-10-04,2022-10-18,True,Trial
1245,862,Starter,0,Cancelled,2022-10-04,2022-10-18,True,Trial
1246,863,Business,0,Cancelled,2022-10-04,2022-10-18,True,Trial
1247,864,Starter,0,Cancelled,2022-10-04,2022-10-18,True,Trial
1248,865,Pro,0,Cancelled,2022-10-04,2022-10-18,True,Trial
1249,866,Business,0,Cancelled,2022-10-04,2022-10-18,True,Trial
1250,867,Enterprise,0,Active,2022-10-04,,True,Trial
1251,867,Enterprise,499,Active,2024-12-18,,False,Recurring
1252,868,Pro,0,Cancelled,2022-10-05,2022-10-19,True,Trial
1253,869,Pro,0,Cancelled,2022-10-05,2022-10-19,True,Trial
1254,870,Pro,0,Cancelled,2022-10-05,2022-10-19,True,Trial
1255,871,Starter,0,Cancelled,2022-10-06,2022-10-20,True,Trial
1256,872,Business,0,Active,2022-10-06,,True,Trial
1257,872,Business,199,Active,2024-12-20,,False,Recurring
1258,873,Starter,0,Cancelled,2022-10-06,2022-10-20,True,Trial
1259,874,Pro,0,Cancelled,2022-10-06,2022-10-20,True,Trial
1260,875,Pro,0,Cancelled,2022-10-06,2022-10-20,True,Trial
1261,876,Starter,0,Cancelled,2022-10-07,2022-10-21,True,Trial
1262,877,Pro,0,Cancelled,2022-10-07,2022-10-21,True,Trial
1263,878,Starter,0,Active,2022-10-07,,True,Trial
1264,878,Starter,29,Cancelled,2023-10-21,2023-11-21,False,Churned MRR
1265,879,Starter,0,Cancelled,2022-10-07,2022-10-21,True,Trial
1266,880,Starter,0,Cancelled,2022-10-07,2022-10-21,True,Trial
1267,881,Starter,0,Cancelled,2022-10-07,2022-10-21,True,Trial
1268,882,Pro,0,Cancelled,2022-10-08,2022-10-22,True,Trial
1269,883,Starter,0,Cancelled,2022-10-08,2022-10-22,True,Trial
1270,884,Pro,0,Cancelled,2022-10-08,2022-10-22,True,Trial
1271,885,Starter,0,Active,2022-10-08,,True,Trial
1272,885,Starter,29,Upgraded,2023-08-22,2023-09-22,False,Expansion MRR
1273,885,Pro,79,Cancelled,2023-12-22,2024-01-22,False,Churned MRR
1274,886,Starter,0,Cancelled,2022-10-09,2022-10-23,True,Trial
1275,887,Pro,0,Cancelled,2022-10-09,2022-10-23,True,Trial
1276,888,Enterprise,0,Cancelled,2022-10-09,2022-10-23,True,Trial
1277,889,Starter,0,Cancelled,2022-10-09,2022-10-23,True,Trial
1278,890,Business,0,Active,2022-10-09,,True,Trial
1279,890,Business,199,Downgraded,2024-05-23,2024-06-23,False,Contraction MRR
1280,890,Pro,79,Active,2024-12-23,,False,Recurring
1281,891,Business,0,Active,2022-10-09,,True,Trial
1282,891,Business,199,Upgraded,2023-04-23,2023-05-23,False,Expansion MRR
1283,891,Enterprise,499,Downgraded,2023-12-23,2024-01-23,False,Contraction MRR
1284,891,Business,199,Active,2024-12-23,,False,Recurring
1285,892,Business,0,Cancelled,2022-10-09,2022-10-23,True,Trial
1286,893,Pro,0,Cancelled,2022-10-09,2022-10-23,True,Trial
1287,894,Enterprise,0,Cancelled,2022-10-10,2022-10-24,True,Trial
1288,895,Starter,0,Cancelled,2022-10-10,2022-10-24,True,Trial
1289,896,Pro,0,Active,2022-10-10,,True,Trial
1290,896,Pro,79,Upgraded,2023-04-24,2023-05-24,False,Expansion MRR
1291,896,Business,199,Upgraded,2024-08-24,2024-09-24,False,Expansion MRR
1292,896,Enterprise,499,Active,2024-12-24,,False,Recurring
1293,897,Pro,0,Cancelled,2022-10-11,2022-10-25,True,Trial
1294,898,Enterprise,0,Active,2022-10-11,,True,Trial
1295,898,Enterprise,499,Downgraded,2023-05-25,2023-06-25,False,Contraction MRR
1296,898,Business,199,Active,2024-12-25,,False,Recurring
1297,899,Enterprise,0,Active,2022-10-11,,True,Trial
1298,899,Enterprise,499,Cancelled,2024-05-25,2024-06-25,False,Churned MRR
1299,900,Pro,0,Active,2022-10-11,,True,Trial
1300,900,Pro,79,Active,2024-12-25,,False,Recurring
1301,901,Starter,0,Cancelled,2022-10-11,2022-10-25,True,Trial
1302,902,Pro,0,Cancelled,2022-10-12,2022-10-26,True,Trial
1303,903,Starter,0,Cancelled,2022-10-12,2022-10-26,True,Trial
1304,904,Pro,0,Cancelled,2022-10-12,2022-10-26,True,Trial
1305,905,Pro,0,Cancelled,2022-10-12,2022-10-26,True,Trial
1306,906,Starter,0,Active,2022-10-13,,True,Trial
1307,906,Starter,29,Cancelled,2024-03-27,2024-04-27,False,Churned MRR
1308,907,Starter,0,Cancelled,2022-10-13,2022-10-27,True,Trial
1309,908,Starter,0,Active,2022-10-13,,True,Trial
1310,908,Starter,29,Cancelled,2023-01-27,2023-02-27,False,Churned MRR
1311,909,Enterprise,0,Active,2022-10-13,,True,Trial
1312,909,Enterprise,499,Cancelled,2023-10-27,2023-11-27,False,Churned MRR
1313,910,Starter,0,Active,2022-10-14,,True,Trial
1314,910,Starter,29,Cancelled,2022-11-28,2022-12-28,False,Churned MRR
1315,911,Pro,0,Cancelled,2022-10-14,2022-10-28,True,Trial
1316,912,Starter,0,Cancelled,2022-10-14,2022-10-28,True,Trial
1317,913,Starter,0,Active,2022-10-14,,True,Trial
1318,913,Starter,29,Cancelled,2022-11-28,2022-12-28,False,Churned MRR
1319,914,Starter,0,Cancelled,2022-10-14,2022-10-28,True,Trial
1320,915,Pro,0,Active,2022-10-14,,True,Trial
1321,915,Pro,79,Cancelled,2024-01-28,2024-02-28,False,Churned MRR
1322,916,Pro,0,Cancelled,2022-10-14,2022-10-28,True,Trial
1323,917,Starter,0,Cancelled,2022-10-15,2022-10-29,True,Trial
1324,918,Business,0,Active,2022-10-15,,True,Trial
1325,918,Business,199,Upgraded,2023-11-28,2023-12-28,False,Expansion MRR
1326,918,Enterprise,499,Active,2024-12-28,,False,Recurring
1327,919,Business,0,Cancelled,2022-10-15,2022-10-29,True,Trial
1328,920,Starter,0,Cancelled,2022-10-15,2022-10-29,True,Trial
1329,921,Pro,0,Cancelled,2022-10-15,2022-10-29,True,Trial
1330,922,Pro,0,Cancelled,2022-10-16,2022-10-30,True,Trial
1331,923,Pro,0,Active,2022-10-16,,True,Trial
1332,923,Pro,79,Cancelled,2022-11-30,2022-12-30,False,Churned MRR
1333,924,Pro,0,Cancelled,2022-10-16,2022-10-30,True,Trial
1334,925,Enterprise,0,Cancelled,2022-10-16,2022-10-30,True,Trial
1335,926,Pro,0,Cancelled,2022-10-16,2022-10-30,True,Trial
1336,927,Starter,0,Cancelled,2022-10-16,2022-10-30,True,Trial
1337,928,Enterprise,0,Active,2022-10-16,,True,Trial
1338,928,Enterprise,499,Downgraded,2023-04-28,2023-05-28,False,Contraction MRR
1339,928,Business,199,Downgraded,2024-09-28,2024-10-28,False,Contraction MRR
1340,928,Pro,79,Active,2024-12-28,,False,Recurring
1341,929,Starter,0,Cancelled,2022-10-17,2022-10-31,True,Trial
1342,930,Pro,0,Active,2022-10-17,,True,Trial
1343,930,Pro,79,Cancelled,2023-11-28,2023-12-28,False,Churned MRR
1344,931,Starter,0,Cancelled,2022-10-17,2022-10-31,True,Trial
1345,932,Business,0,Cancelled,2022-10-17,2022-10-31,True,Trial
1346,933,Starter,0,Cancelled,2022-10-18,2022-11-01,True,Trial
1347,934,Starter,0,Active,2022-10-18,,True,Trial
1348,934,Starter,29,Cancelled,2023-01-01,2023-02-01,False,Churned MRR
1349,935,Enterprise,0,Active,2022-10-18,,True,Trial
1350,935,Enterprise,499,Downgraded,2024-12-01,2025-01-01,False,Contraction MRR
1351,936,Pro,0,Cancelled,2022-10-18,2022-11-01,True,Trial
1352,937,Pro,0,Cancelled,2022-10-18,2022-11-01,True,Trial
1353,938,Enterprise,0,Cancelled,2022-10-18,2022-11-01,True,Trial
1354,939,Starter,0,Cancelled,2022-10-18,2022-11-01,True,Trial
1355,940,Starter,0,Cancelled,2022-10-19,2022-11-02,True,Trial
1356,941,Enterprise,0,Cancelled,2022-10-19,2022-11-02,True,Trial
1357,942,Pro,0,Cancelled,2022-10-19,2022-11-02,True,Trial
1358,943,Starter,0,Cancelled,2022-10-19,2022-11-02,True,Trial
1359,944,Pro,0,Cancelled,2022-10-19,2022-11-02,True,Trial
1360,945,Pro,0,Cancelled,2022-10-19,2022-11-02,True,Trial
1361,946,Pro,0,Cancelled,2022-10-20,2022-11-03,True,Trial
1362,947,Pro,0,Cancelled,2022-10-20,2022-11-03,True,Trial
1363,948,Pro,0,Cancelled,2022-10-21,2022-11-04,True,Trial
1364,949,Business,0,Cancelled,2022-10-21,2022-11-04,True,Trial
1365,950,Starter,0,Active,2022-10-22,,True,Trial
1366,950,Starter,29,Upgraded,2023-05-05,2023-06-05,False,Expansion MRR
1367,950,Pro,79,Cancelled,2024-10-05,2024-11-05,False,Churned MRR
1368,951,Starter,0,Active,2022-10-22,,True,Trial
1369,951,Starter,29,Cancelled,2023-07-05,2023-08-05,False,Churned MRR
1370,952,Pro,0,Cancelled,2022-10-22,2022-11-05,True,Trial
1371,953,Starter,0,Active,2022-10-23,,True,Trial
1372,953,Starter,29,Cancelled,2023-06-06,2023-07-06,False,Churned MRR
1373,954,Starter,0,Cancelled,2022-10-23,2022-11-06,True,Trial
1374,955,Starter,0,Cancelled,2022-10-23,2022-11-06,True,Trial
1375,956,Starter,0,Cancelled,2022-10-23,2022-11-06,True,Trial
1376,957,Starter,0,Cancelled,2022-10-23,2022-11-06,True,Trial
1377,958,Pro,0,Cancelled,2022-10-23,2022-11-06,True,Trial
1378,959,Starter,0,Cancelled,2022-10-23,2022-11-06,True,Trial
1379,960,Starter,0,Cancelled,2022-10-23,2022-11-06,True,Trial
1380,961,Starter,0,Active,2022-10-23,,True,Trial
1381,961,Starter,29,Cancelled,2023-06-06,2023-07-06,False,Churned MRR
1382,962,Pro,0,Cancelled,2022-10-24,2022-11-07,True,Trial
1383,963,Starter,0,Active,2022-10-24,,True,Trial
1384,963,Starter,29,Cancelled,2023-04-07,2023-05-07,False,Churned MRR
1385,964,Pro,0,Cancelled,2022-10-25,2022-11-08,True,Trial
1386,965,Starter,0,Cancelled,2022-10-25,2022-11-08,True,Trial
1387,966,Pro,0,Active,2022-10-26,,True,Trial
1388,966,Pro,79,Active,2024-12-09,,False,Recurring
1389,967,Enterprise,0,Cancelled,2022-10-27,2022-11-10,True,Trial
1390,968,Starter,0,Cancelled,2022-10-27,2022-11-10,True,Trial
1391,969,Starter,0,Active,2022-10-27,,True,Trial
1392,969,Starter,29,Cancelled,2022-12-10,2023-01-10,False,Churned MRR
1393,970,Starter,0,Cancelled,2022-10-27,2022-11-10,True,Trial
1394,971,Starter,0,Cancelled,2022-10-27,2022-11-10,True,Trial
1395,972,Starter,0,Cancelled,2022-10-28,2022-11-11,True,Trial
1396,973,Starter,0,Cancelled,2022-10-28,2022-11-11,True,Trial
1397,974,Enterprise,0,Active,2022-10-28,,True,Trial
1398,974,Enterprise,499,Active,2024-12-11,,False,Recurring
1399,975,Business,0,Cancelled,2022-10-28,2022-11-11,True,Trial
1400,976,Starter,0,Cancelled,2022-10-28,2022-11-11,True,Trial
1401,977,Starter,0,Cancelled,2022-10-29,2022-11-12,True,Trial
1402,978,Enterprise,0,Active,2022-10-29,,True,Trial
1403,978,Enterprise,499,Cancelled,2024-04-12,2024-05-12,False,Churned MRR
1404,979,Starter,0,Cancelled,2022-10-29,2022-11-12,True,Trial
1405,980,Business,0,Active,2022-10-30,,True,Trial
1406,980,Business,199,Downgraded,2023-07-13,2023-08-13,False,Contraction MRR
1407,980,Pro,79,Active,2024-12-13,,False,Recurring
1408,981,Starter,0,Cancelled,2022-10-30,2022-11-13,True,Trial
1409,982,Pro,0,Cancelled,2022-10-30,2022-11-13,True,Trial
1410,983,Enterprise,0,Cancelled,2022-10-30,2022-11-13,True,Trial
1411,984,Enterprise,0,Cancelled,2022-10-31,2022-11-14,True,Trial
1412,985,Pro,0,Active,2022-10-31,,True,Trial
1413,985,Pro,79,Cancelled,2023-08-14,2023-09-14,False,Churned MRR
1414,986,Pro,0,Cancelled,2022-10-31,2022-11-14,True,Trial
1415,987,Business,0,Active,2022-10-31,,True,Trial
1416,987,Business,199,Active,2024-12-14,,False,Recurring
1417,988,Business,0,Cancelled,2022-10-31,2022-11-14,True,Trial
1418,989,Starter,0,Active,2022-10-31,,True,Trial
1419,989,Starter,29,Cancelled,2024-03-14,2024-04-14,False,Churned MRR
1420,990,Starter,0,Cancelled,2022-10-31,2022-11-14,True,Trial
1421,991,Starter,0,Cancelled,2022-11-01,2022-11-15,True,Trial
1422,992,Starter,0,Cancelled,2022-11-01,2022-11-15,True,Trial
1423,993,Starter,0,Cancelled,2022-11-01,2022-11-15,True,Trial
1424,994,Pro,0,Cancelled,2022-11-02,2022-11-16,True,Trial
1425,995,Pro,0,Cancelled,2022-11-02,2022-11-16,True,Trial
1426,996,Starter,0,Cancelled,2022-11-02,2022-11-16,True,Trial
1427,997,Starter,0,Cancelled,2022-11-03,2022-11-17,True,Trial
1428,998,Starter,0,Cancelled,2022-11-04,2022-11-18,True,Trial
1429,999,Enterprise,0,Active,2022-11-04,,True,Trial
1430,999,Enterprise,499,Downgraded,2023-05-18,2023-06-18,False,Contraction MRR
1431,999,Business,199,Active,2024-12-18,,False,Recurring
1432,1000,Pro,0,Active,2022-11-04,,True,Trial
1433,1000,Pro,79,Cancelled,2023-01-18,2023-02-18,False,Churned MRR
1434,1001,Starter,0,Cancelled,2022-11-04,2022-11-18,True,Trial
1435,1002,Pro,0,Active,2022-11-04,,True,Trial
1436,1002,Pro,79,Upgraded,2023-10-18,2023-11-18,False,Expansion MRR
1437,1002,Business,199,Upgraded,2024-07-18,2024-08-18,False,Expansion MRR
1438,1002,Enterprise,499,Active,2024-12-18,,False,Recurring
1439,1003,Starter,0,Active,2022-11-05,,True,Trial
1440,1003,Starter,29,Upgraded,2023-11-19,2023-12-19,False,Expansion MRR
1441,1003,Pro,79,Active,2024-12-19,,False,Recurring
1442,1004,Pro,0,Active,2022-11-05,,True,Trial
1443,1004,Pro,79,Active,2024-12-19,,False,Recurring
1444,1005,Pro,0,Active,2022-11-05,,True,Trial
1445,1005,Pro,79,Downgraded,2023-08-19,2023-09-19,False,Contraction MRR
1446,1005,Starter,29,Cancelled,2024-01-19,2024-02-19,False,Churned MRR
1447,1006,Business,0,Active,2022-11-05,,True,Trial
1448,1006,Business,199,Upgraded,2024-04-19,2024-05-19,False,Expansion MRR
1449,1006,Enterprise,499,Downgraded,2024-11-19,2024-12-19,False,Contraction MRR
1450,1006,Business,199,Active,2024-12-19,,False,Contraction MRR
1451,1007,Pro,0,Active,2022-11-06,,True,Trial
1452,1007,Pro,79,Cancelled,2023-08-20,2023-09-20,False,Churned MRR
1453,1008,Pro,0,Active,2022-11-06,,True,Trial
1454,1008,Pro,79,Cancelled,2023-01-20,2023-02-20,False,Churned MRR
1455,1009,Pro,0,Active,2022-11-06,,True,Trial
1456,1009,Pro,79,Active,2024-12-20,,False,Recurring
1457,1010,Starter,0,Cancelled,2022-11-06,2022-11-20,True,Trial
1458,1011,Starter,0,Cancelled,2022-11-06,2022-11-20,True,Trial
1459,1012,Pro,0,Cancelled,2022-11-06,2022-11-20,True,Trial
1460,1013,Pro,0,Cancelled,2022-11-07,2022-11-21,True,Trial
1461,1014,Business,0,Cancelled,2022-11-07,2022-11-21,True,Trial
1462,1015,Enterprise,0,Cancelled,2022-11-07,2022-11-21,True,Trial
1463,1016,Starter,0,Cancelled,2022-11-07,2022-11-21,True,Trial
1464,1017,Pro,0,Cancelled,2022-11-08,2022-11-22,True,Trial
1465,1018,Starter,0,Cancelled,2022-11-08,2022-11-22,True,Trial
1466,1019,Starter,0,Cancelled,2022-11-08,2022-11-22,True,Trial
1467,1020,Pro,0,Active,2022-11-08,,True,Trial
1468,1020,Pro,79,Upgraded,2023-03-22,2023-04-22,False,Expansion MRR
1469,1020,Business,199,Downgraded,2023-08-22,2023-09-22,False,Contraction MRR
1470,1020,Pro,79,Cancelled,2023-12-22,2024-01-22,False,Churned MRR
1471,1021,Pro,0,Active,2022-11-09,,True,Trial
1472,1021,Pro,79,Cancelled,2022-11-23,2022-12-23,False,Churned MRR
1473,1022,Starter,0,Cancelled,2022-11-10,2022-11-24,True,Trial
1474,1023,Starter,0,Cancelled,2022-11-10,2022-11-24,True,Trial
1475,1024,Starter,0,Cancelled,2022-11-10,2022-11-24,True,Trial
1476,1025,Pro,0,Active,2022-11-10,,True,Trial
1477,1025,Pro,79,Upgraded,2023-03-24,2023-04-24,False,Expansion MRR
1478,1025,Business,199,Downgraded,2024-06-24,2024-07-24,False,Contraction MRR
1479,1025,Pro,79,Active,2024-12-24,,False,Recurring
1480,1026,Starter,0,Cancelled,2022-11-10,2022-11-24,True,Trial
1481,1027,Enterprise,0,Cancelled,2022-11-10,2022-11-24,True,Trial
1482,1028,Starter,0,Cancelled,2022-11-11,2022-11-25,True,Trial
1483,1029,Starter,0,Cancelled,2022-11-11,2022-11-25,True,Trial
1484,1030,Pro,0,Cancelled,2022-11-11,2022-11-25,True,Trial
1485,1031,Starter,0,Cancelled,2022-11-11,2022-11-25,True,Trial
1486,1032,Business,0,Cancelled,2022-11-12,2022-11-26,True,Trial
1487,1033,Pro,0,Cancelled,2022-11-12,2022-11-26,True,Trial
1488,1034,Business,0,Active,2022-11-12,,True,Trial
1489,1034,Business,199,Cancelled,2023-02-26,2023-03-26,False,Churned MRR
1490,1035,Business,0,Active,2022-11-13,,True,Trial
1491,1035,Business,199,Cancelled,2023-12-27,2024-01-27,False,Churned MRR
1492,1036,Business,0,Cancelled,2022-11-13,2022-11-27,True,Trial
1493,1037,Enterprise,0,Cancelled,2022-11-13,2022-11-27,True,Trial
1494,1038,Enterprise,0,Active,2022-11-13,,True,Trial
1495,1038,Enterprise,499,Active,2024-12-27,,False,Recurring
1496,1039,Enterprise,0,Cancelled,2022-11-13,2022-11-27,True,Trial
1497,1040,Business,0,Cancelled,2022-11-14,2022-11-28,True,Trial
1498,1041,Business,0,Active,2022-11-14,,True,Trial
1499,1041,Business,199,Upgraded,2023-05-28,2023-06-28,False,Expansion MRR
1500,1041,Enterprise,499,Downgraded,2024-05-28,2024-06-28,False,Contraction MRR
1501,1041,Business,199,Active,2024-12-28,,False,Recurring
1502,1042,Starter,0,Cancelled,2022-11-14,2022-11-28,True,Trial
1503,1043,Pro,0,Cancelled,2022-11-14,2022-11-28,True,Trial
1504,1044,Enterprise,0,Active,2022-11-14,,True,Trial
1505,1044,Enterprise,499,Downgraded,2023-03-28,2023-04-28,False,Contraction MRR
1506,1044,Business,199,Active,2024-12-28,,False,Recurring
1507,1045,Starter,0,Cancelled,2022-11-14,2022-11-28,True,Trial
1508,1046,Starter,0,Cancelled,2022-11-15,2022-11-29,True,Trial
1509,1047,Business,0,Active,2022-11-15,,True,Trial
1510,1047,Business,199,Upgraded,2023-11-28,2023-12-28,False,Expansion MRR
1511,1047,Enterprise,499,Active,2024-12-28,,False,Recurring
1512,1048,Enterprise,0,Cancelled,2022-11-15,2022-11-29,True,Trial
1513,1049,Enterprise,0,Cancelled,2022-11-15,2022-11-29,True,Trial
1514,1050,Starter,0,Cancelled,2022-11-16,2022-11-30,True,Trial
1515,1051,Business,0,Active,2022-11-16,,True,Trial
1516,1051,Business,199,Upgraded,2023-09-28,2023-10-28,False,Expansion MRR
1517,1051,Enterprise,499,Active,2024-12-28,,False,Recurring
1518,1052,Pro,0,Cancelled,2022-11-16,2022-11-30,True,Trial
1519,1053,Pro,0,Cancelled,2022-11-16,2022-11-30,True,Trial
1520,1054,Enterprise,0,Active,2022-11-17,,True,Trial
1521,1054,Enterprise,499,Downgraded,2023-01-01,2023-02-01,False,Contraction MRR
1522,1054,Business,199,Upgraded,2024-07-01,2024-08-01,False,Expansion MRR
1523,1054,Enterprise,499,Active,2024-12-01,,False,Recurring
1524,1055,Starter,0,Active,2022-11-17,,True,Trial
1525,1055,Starter,29,Cancelled,2022-12-01,2023-01-01,False,Churned MRR
1526,1055,Starter,29,Active,2023-06-01,,False,Reactivation MRR
1527,1056,Starter,0,Cancelled,2022-11-17,2022-12-01,True,Trial
1528,1057,Starter,0,Cancelled,2022-11-17,2022-12-01,True,Trial
1529,1058,Starter,0,Cancelled,2022-11-17,2022-12-01,True,Trial
1530,1059,Starter,0,Cancelled,2022-11-18,2022-12-02,True,Trial
1531,1060,Starter,0,Cancelled,2022-11-18,2022-12-02,True,Trial
1532,1061,Pro,0,Active,2022-11-18,,True,Trial
1533,1061,Pro,79,Cancelled,2023-03-02,2023-04-02,False,Churned MRR
1534,1062,Pro,0,Cancelled,2022-11-18,2022-12-02,True,Trial
1535,1063,Pro,0,Cancelled,2022-11-18,2022-12-02,True,Trial
1536,1064,Business,0,Cancelled,2022-11-19,2022-12-03,True,Trial
1537,1065,Starter,0,Cancelled,2022-11-19,2022-12-03,True,Trial
1538,1066,Business,0,Active,2022-11-19,,True,Trial
1539,1066,Business,199,Upgraded,2023-10-03,2023-11-03,False,Expansion MRR
1540,1066,Enterprise,499,Active,2024-12-03,,False,Recurring
1541,1067,Starter,0,Active,2022-11-19,,True,Trial
1542,1067,Starter,29,Cancelled,2023-08-03,2023-09-03,False,Churned MRR
1543,1068,Business,0,Cancelled,2022-11-20,2022-12-04,True,Trial
1544,1069,Pro,0,Cancelled,2022-11-20,2022-12-04,True,Trial
1545,1070,Starter,0,Cancelled,2022-11-20,2022-12-04,True,Trial
1546,1071,Starter,0,Cancelled,2022-11-20,2022-12-04,True,Trial
1547,1072,Starter,0,Cancelled,2022-11-20,2022-12-04,True,Trial
1548,1073,Starter,0,Active,2022-11-21,,True,Trial
1549,1073,Starter,29,Cancelled,2023-01-05,2023-02-05,False,Churned MRR
1550,1074,Business,0,Cancelled,2022-11-21,2022-12-05,True,Trial
1551,1075,Enterprise,0,Active,2022-11-21,,True,Trial
1552,1075,Enterprise,499,Active,2024-12-05,,False,Recurring
1553,1076,Starter,0,Active,2022-11-21,,True,Trial
1554,1076,Starter,29,Upgraded,2023-06-05,2023-07-05,False,Expansion MRR
1555,1076,Pro,79,Cancelled,2024-02-05,2024-03-05,False,Churned MRR
1556,1076,Starter,29,Active,2024-07-05,,False,Reactivation MRR
1557,1077,Business,0,Cancelled,2022-11-21,2022-12-05,True,Trial
1558,1078,Starter,0,Cancelled,2022-11-21,2022-12-05,True,Trial
1559,1079,Starter,0,Cancelled,2022-11-21,2022-12-05,True,Trial
1560,1080,Pro,0,Cancelled,2022-11-22,2022-12-06,True,Trial
1561,1081,Starter,0,Active,2022-11-22,,True,Trial
1562,1081,Starter,29,Cancelled,2024-09-06,2024-10-06,False,Churned MRR
1563,1082,Starter,0,Cancelled,2022-11-22,2022-12-06,True,Trial
1564,1083,Enterprise,0,Active,2022-11-23,,True,Trial
1565,1083,Enterprise,499,Active,2024-12-07,,False,Recurring
1566,1084,Pro,0,Active,2022-11-23,,True,Trial
1567,1084,Pro,79,Cancelled,2023-06-07,2023-07-07,False,Churned MRR
1568,1085,Business,0,Active,2022-11-23,,True,Trial
1569,1085,Business,199,Cancelled,2024-11-07,2024-12-07,False,Churned MRR
1570,1086,Starter,0,Cancelled,2022-11-23,2022-12-07,True,Trial
1571,1087,Starter,0,Cancelled,2022-11-23,2022-12-07,True,Trial
1572,1088,Starter,0,Active,2022-11-23,,True,Trial
1573,1088,Starter,29,Cancelled,2023-01-07,2023-02-07,False,Churned MRR
1574,1089,Enterprise,0,Active,2022-11-23,,True,Trial
1575,1089,Enterprise,499,Active,2024-12-07,,False,Recurring
1576,1090,Enterprise,0,Active,2022-11-24,,True,Trial
1577,1090,Enterprise,499,Cancelled,2023-09-08,2023-10-08,False,Churned MRR
1578,1091,Starter,0,Cancelled,2022-11-24,2022-12-08,True,Trial
1579,1092,Starter,0,Cancelled,2022-11-24,2022-12-08,True,Trial
1580,1093,Pro,0,Active,2022-11-24,,True,Trial
1581,1093,Pro,79,Cancelled,2023-08-08,2023-09-08,False,Churned MRR
1582,1094,Pro,0,Cancelled,2022-11-24,2022-12-08,True,Trial
1583,1095,Enterprise,0,Cancelled,2022-11-24,2022-12-08,True,Trial
1584,1096,Pro,0,Active,2022-11-24,,True,Trial
1585,1096,Pro,79,Upgraded,2023-03-08,2023-04-08,False,Expansion MRR
1586,1096,Business,199,Active,2024-12-08,,False,Recurring
1587,1097,Pro,0,Cancelled,2022-11-24,2022-12-08,True,Trial
1588,1098,Pro,0,Cancelled,2022-11-25,2022-12-09,True,Trial
1589,1099,Enterprise,0,Cancelled,2022-11-25,2022-12-09,True,Trial
1590,1100,Starter,0,Cancelled,2022-11-25,2022-12-09,True,Trial
1591,1101,Enterprise,0,Active,2022-11-25,,True,Trial
1592,1101,Enterprise,499,Downgraded,2024-12-09,2025-01-09,False,Contraction MRR
1593,1102,Pro,0,Cancelled,2022-11-26,2022-12-10,True,Trial
1594,1103,Business,0,Cancelled,2022-11-26,2022-12-10,True,Trial
1595,1104,Starter,0,Cancelled,2022-11-26,2022-12-10,True,Trial
1596,1105,Pro,0,Cancelled,2022-11-26,2022-12-10,True,Trial
1597,1106,Enterprise,0,Cancelled,2022-11-26,2022-12-10,True,Trial
1598,1107,Enterprise,0,Cancelled,2022-11-26,2022-12-10,True,Trial
1599,1108,Starter,0,Active,2022-11-26,,True,Trial
1600,1108,Starter,29,Cancelled,2023-11-10,2023-12-10,False,Churned MRR
1601,1109,Pro,0,Cancelled,2022-11-26,2022-12-10,True,Trial
1602,1110,Enterprise,0,Active,2022-11-27,,True,Trial
1603,1110,Enterprise,499,Downgraded,2023-08-11,2023-09-11,False,Contraction MRR
1604,1110,Business,199,Cancelled,2024-08-11,2024-09-11,False,Churned MRR
1605,1111,Business,0,Cancelled,2022-11-27,2022-12-11,True,Trial
1606,1112,Enterprise,0,Active,2022-11-27,,True,Trial
1607,1112,Enterprise,499,Downgraded,2024-12-11,2025-01-11,False,Contraction MRR
1608,1113,Pro,0,Cancelled,2022-11-27,2022-12-11,True,Trial
1609,1114,Pro,0,Cancelled,2022-11-27,2022-12-11,True,Trial
1610,1115,Enterprise,0,Active,2022-11-27,,True,Trial
1611,1115,Enterprise,499,Downgraded,2023-06-11,2023-07-11,False,Contraction MRR
1612,1115,Business,199,Active,2024-12-11,,False,Recurring
1613,1116,Enterprise,0,Cancelled,2022-11-28,2022-12-12,True,Trial
1614,1117,Pro,0,Cancelled,2022-11-28,2022-12-12,True,Trial
1615,1118,Pro,0,Cancelled,2022-11-29,2022-12-13,True,Trial
1616,1119,Starter,0,Cancelled,2022-11-29,2022-12-13,True,Trial
1617,1120,Enterprise,0,Cancelled,2022-11-29,2022-12-13,True,Trial
1618,1121,Enterprise,0,Active,2022-11-29,,True,Trial
1619,1121,Enterprise,499,Downgraded,2023-01-13,2023-02-13,False,Contraction MRR
1620,1121,Business,199,Active,2024-12-13,,False,Recurring
1621,1122,Starter,0,Cancelled,2022-11-29,2022-12-13,True,Trial
1622,1123,Starter,0,Cancelled,2022-11-30,2022-12-14,True,Trial
1623,1124,Pro,0,Cancelled,2022-11-30,2022-12-14,True,Trial
1624,1125,Pro,0,Active,2022-11-30,,True,Trial
1625,1125,Pro,79,Upgraded,2023-11-14,2023-12-14,False,Expansion MRR
1626,1125,Business,199,Cancelled,2024-08-14,2024-09-14,False,Churned MRR
1627,1126,Starter,0,Cancelled,2022-12-01,2022-12-15,True,Trial
1628,1127,Starter,0,Cancelled,2022-12-01,2022-12-15,True,Trial
1629,1128,Starter,0,Cancelled,2022-12-02,2022-12-16,True,Trial
1630,1129,Business,0,Active,2022-12-02,,True,Trial
1631,1129,Business,199,Upgraded,2024-03-16,2024-04-16,False,Expansion MRR
1632,1129,Enterprise,499,Active,2024-12-16,,False,Recurring
1633,1130,Pro,0,Active,2022-12-02,,True,Trial
1634,1130,Pro,79,Cancelled,2023-07-16,2023-08-16,False,Churned MRR
1635,1130,Starter,29,Active,2024-01-16,,False,Reactivation MRR
1636,1131,Pro,0,Cancelled,2022-12-02,2022-12-16,True,Trial
1637,1132,Pro,0,Cancelled,2022-12-02,2022-12-16,True,Trial
1638,1133,Starter,0,Active,2022-12-03,,True,Trial
1639,1133,Starter,29,Cancelled,2024-09-17,2024-10-17,False,Churned MRR
1640,1134,Starter,0,Active,2022-12-03,,True,Trial
1641,1134,Starter,29,Cancelled,2023-03-17,2023-04-17,False,Churned MRR
1642,1135,Starter,0,Active,2022-12-03,,True,Trial
1643,1135,Starter,29,Upgraded,2023-11-17,2023-12-17,False,Expansion MRR
1644,1135,Pro,79,Cancelled,2024-02-17,2024-03-17,False,Churned MRR
1645,1135,Pro,79,Active,2024-12-17,,False,Reactivation MRR
1646,1136,Pro,0,Cancelled,2022-12-04,2022-12-18,True,Trial
1647,1137,Starter,0,Cancelled,2022-12-04,2022-12-18,True,Trial
1648,1138,Business,0,Cancelled,2022-12-04,2022-12-18,True,Trial
1649,1139,Starter,0,Cancelled,2022-12-04,2022-12-18,True,Trial
1650,1140,Pro,0,Active,2022-12-04,,True,Trial
1651,1140,Pro,79,Upgraded,2023-01-18,2023-02-18,False,Expansion MRR
1652,1140,Business,199,Active,2024-12-18,,False,Recurring
1653,1141,Business,0,Cancelled,2022-12-04,2022-12-18,True,Trial
1654,1142,Starter,0,Active,2022-12-05,,True,Trial
1655,1142,Starter,29,Cancelled,2024-07-19,2024-08-19,False,Churned MRR
1656,1143,Pro,0,Cancelled,2022-12-05,2022-12-19,True,Trial
1657,1144,Pro,0,Cancelled,2022-12-05,2022-12-19,True,Trial
1658,1145,Pro,0,Cancelled,2022-12-06,2022-12-20,True,Trial
1659,1146,Business,0,Cancelled,2022-12-06,2022-12-20,True,Trial
1660,1147,Pro,0,Cancelled,2022-12-06,2022-12-20,True,Trial
1661,1148,Starter,0,Cancelled,2022-12-07,2022-12-21,True,Trial
1662,1149,Pro,0,Active,2022-12-07,,True,Trial
1663,1149,Pro,79,Upgraded,2023-09-21,2023-10-21,False,Expansion MRR
1664,1149,Business,199,Downgraded,2023-10-21,2023-11-21,False,Contraction MRR
1665,1149,Pro,79,Upgraded,2024-07-21,2024-08-21,False,Expansion MRR
1666,1149,Business,199,Active,2024-12-21,,False,Recurring
1667,1150,Starter,0,Active,2022-12-08,,True,Trial
1668,1150,Starter,29,Cancelled,2024-03-22,2024-04-22,False,Churned MRR
1669,1151,Pro,0,Cancelled,2022-12-08,2022-12-22,True,Trial
1670,1152,Starter,0,Cancelled,2022-12-08,2022-12-22,True,Trial
1671,1153,Business,0,Cancelled,2022-12-08,2022-12-22,True,Trial
1672,1154,Business,0,Cancelled,2022-12-08,2022-12-22,True,Trial
1673,1155,Business,0,Cancelled,2022-12-08,2022-12-22,True,Trial
1674,1156,Starter,0,Cancelled,2022-12-08,2022-12-22,True,Trial
1675,1157,Pro,0,Cancelled,2022-12-08,2022-12-22,True,Trial
1676,1158,Enterprise,0,Cancelled,2022-12-09,2022-12-23,True,Trial
1677,1159,Enterprise,0,Cancelled,2022-12-09,2022-12-23,True,Trial
1678,1160,Enterprise,0,Cancelled,2022-12-10,2022-12-24,True,Trial
1679,1161,Pro,0,Active,2022-12-10,,True,Trial
1680,1161,Pro,79,Upgraded,2024-12-24,2025-01-24,False,Expansion MRR
1681,1162,Starter,0,Cancelled,2022-12-10,2022-12-24,True,Trial
1682,1163,Enterprise,0,Active,2022-12-10,,True,Trial
1683,1163,Enterprise,499,Downgraded,2023-11-24,2023-12-24,False,Contraction MRR
1684,1163,Business,199,Downgraded,2023-12-24,2024-01-24,False,Contraction MRR
1685,1163,Pro,79,Upgraded,2024-08-24,2024-09-24,False,Expansion MRR
1686,1163,Business,199,Active,2024-12-24,,False,Recurring
1687,1164,Business,0,Active,2022-12-10,,True,Trial
1688,1164,Business,199,Cancelled,2024-02-24,2024-03-24,False,Churned MRR
1689,1165,Pro,0,Cancelled,2022-12-10,2022-12-24,True,Trial
1690,1166,Pro,0,Cancelled,2022-12-10,2022-12-24,True,Trial
1691,1167,Starter,0,Cancelled,2022-12-10,2022-12-24,True,Trial
1692,1168,Business,0,Cancelled,2022-12-10,2022-12-24,True,Trial
1693,1169,Starter,0,Cancelled,2022-12-11,2022-12-25,True,Trial
1694,1170,Pro,0,Cancelled,2022-12-11,2022-12-25,True,Trial
1695,1171,Pro,0,Active,2022-12-11,,True,Trial
1696,1171,Pro,79,Upgraded,2023-11-25,2023-12-25,False,Expansion MRR
1697,1171,Business,199,Active,2024-12-25,,False,Recurring
1698,1172,Starter,0,Cancelled,2022-12-11,2022-12-25,True,Trial
1699,1173,Enterprise,0,Cancelled,2022-12-11,2022-12-25,True,Trial
1700,1174,Pro,0,Cancelled,2022-12-12,2022-12-26,True,Trial
1701,1175,Pro,0,Active,2022-12-12,,True,Trial
1702,1175,Pro,79,Upgraded,2023-01-26,2023-02-26,False,Expansion MRR
1703,1175,Business,199,Downgraded,2024-04-26,2024-05-26,False,Contraction MRR
1704,1175,Pro,79,Upgraded,2024-09-26,2024-10-26,False,Expansion MRR
1705,1175,Business,199,Cancelled,2024-12-26,2025-01-01,False,Churned MRR
1706,1176,Starter,0,Cancelled,2022-12-12,2022-12-26,True,Trial
1707,1177,Pro,0,Cancelled,2022-12-13,2022-12-27,True,Trial
1708,1178,Starter,0,Cancelled,2022-12-13,2022-12-27,True,Trial
1709,1179,Enterprise,0,Active,2022-12-13,,True,Trial
1710,1179,Enterprise,499,Active,2024-12-27,,False,Recurring
1711,1180,Business,0,Cancelled,2022-12-13,2022-12-27,True,Trial
1712,1181,Starter,0,Active,2022-12-13,,True,Trial
1713,1181,Starter,29,Upgraded,2023-06-27,2023-07-27,False,Expansion MRR
1714,1181,Pro,79,Cancelled,2023-11-27,2023-12-27,False,Churned MRR
1715,1182,Enterprise,0,Cancelled,2022-12-14,2022-12-28,True,Trial
1716,1183,Starter,0,Cancelled,2022-12-14,2022-12-28,True,Trial
1717,1184,Pro,0,Cancelled,2022-12-14,2022-12-28,True,Trial
1718,1185,Starter,0,Cancelled,2022-12-14,2022-12-28,True,Trial
1719,1186,Starter,0,Cancelled,2022-12-15,2022-12-29,True,Trial
1720,1187,Pro,0,Cancelled,2022-12-15,2022-12-29,True,Trial
1721,1188,Starter,0,Cancelled,2022-12-16,2022-12-30,True,Trial
1722,1189,Pro,0,Cancelled,2022-12-16,2022-12-30,True,Trial
1723,1190,Business,0,Cancelled,2022-12-16,2022-12-30,True,Trial
1724,1191,Starter,0,Cancelled,2022-12-16,2022-12-30,True,Trial
1725,1192,Pro,0,Cancelled,2022-12-16,2022-12-30,True,Trial
1726,1193,Starter,0,Cancelled,2022-12-16,2022-12-30,True,Trial
1727,1194,Starter,0,Active,2022-12-16,,True,Trial
1728,1194,Starter,29,Active,2024-12-28,,False,Recurring
1729,1195,Starter,0,Cancelled,2022-12-17,2022-12-31,True,Trial
1730,1196,Pro,0,Cancelled,2022-12-17,2022-12-31,True,Trial
1731,1197,Starter,0,Active,2022-12-17,,True,Trial
1732,1197,Starter,29,Upgraded,2024-01-28,2024-02-28,False,Expansion MRR
1733,1197,Pro,79,Active,2024-12-28,,False,Recurring
1734,1198,Starter,0,Cancelled,2022-12-17,2022-12-31,True,Trial
1735,1199,Business,0,Active,2022-12-17,,True,Trial
1736,1199,Business,199,Upgraded,2023-03-28,2023-04-28,False,Expansion MRR
1737,1199,Enterprise,499,Active,2024-12-28,,False,Recurring
1738,1200,Starter,0,Cancelled,2022-12-18,2023-01-01,True,Trial
1739,1201,Pro,0,Active,2022-12-18,,True,Trial
1740,1201,Pro,79,Upgraded,2023-01-01,2023-02-01,False,Expansion MRR
1741,1201,Business,199,Active,2024-12-01,,False,Recurring
1742,1202,Pro,0,Active,2022-12-18,,True,Trial
1743,1202,Pro,79,Upgraded,2023-11-01,2023-12-01,False,Expansion MRR
1744,1202,Business,199,Cancelled,2024-04-01,2024-05-01,False,Churned MRR
1745,1203,Pro,0,Cancelled,2022-12-18,2023-01-01,True,Trial
1746,1204,Business,0,Cancelled,2022-12-18,2023-01-01,True,Trial
1747,1205,Enterprise,0,Cancelled,2022-12-19,2023-01-02,True,Trial
1748,1206,Business,0,Cancelled,2022-12-19,2023-01-02,True,Trial
1749,1207,Pro,0,Active,2022-12-19,,True,Trial
1750,1207,Pro,79,Active,2024-12-02,,False,Recurring
1751,1208,Business,0,Active,2022-12-19,,True,Trial
1752,1208,Business,199,Cancelled,2024-02-02,2024-03-02,False,Churned MRR
1753,1209,Pro,0,Cancelled,2022-12-19,2023-01-02,True,Trial
1754,1210,Business,0,Cancelled,2022-12-19,2023-01-02,True,Trial
1755,1211,Starter,0,Cancelled,2022-12-19,2023-01-02,True,Trial
1756,1212,Starter,0,Active,2022-12-20,,True,Trial
1757,1212,Starter,29,Cancelled,2023-01-03,2023-02-03,False,Churned MRR
1758,1213,Pro,0,Cancelled,2022-12-20,2023-01-03,True,Trial
1759,1214,Starter,0,Cancelled,2022-12-20,2023-01-03,True,Trial
1760,1215,Business,0,Active,2022-12-20,,True,Trial
1761,1215,Business,199,Upgraded,2023-01-03,2023-02-03,False,Expansion MRR
1762,1215,Enterprise,499,Downgraded,2024-01-03,2024-02-03,False,Contraction MRR
1763,1215,Business,199,Active,2024-12-03,,False,Recurring
1764,1216,Business,0,Cancelled,2022-12-21,2023-01-04,True,Trial
1765,1217,Pro,0,Cancelled,2022-12-21,2023-01-04,True,Trial
1766,1218,Enterprise,0,Cancelled,2022-12-21,2023-01-04,True,Trial
1767,1219,Pro,0,Active,2022-12-21,,True,Trial
1768,1219,Pro,79,Cancelled,2023-06-04,2023-07-04,False,Churned MRR
1769,1220,Pro,0,Cancelled,2022-12-21,2023-01-04,True,Trial
1770,1221,Business,0,Cancelled,2022-12-22,2023-01-05,True,Trial
1771,1222,Starter,0,Cancelled,2022-12-22,2023-01-05,True,Trial
1772,1223,Starter,0,Cancelled,2022-12-22,2023-01-05,True,Trial
1773,1224,Pro,0,Cancelled,2022-12-22,2023-01-05,True,Trial
1774,1225,Pro,0,Cancelled,2022-12-23,2023-01-06,True,Trial
1775,1226,Starter,0,Cancelled,2022-12-23,2023-01-06,True,Trial
1776,1227,Pro,0,Active,2022-12-23,,True,Trial
1777,1227,Pro,79,Cancelled,2023-04-06,2023-05-06,False,Churned MRR
1778,1228,Pro,0,Active,2022-12-23,,True,Trial
1779,1228,Pro,79,Cancelled,2023-03-06,2023-04-06,False,Churned MRR
1780,1229,Starter,0,Active,2022-12-23,,True,Trial
1781,1229,Starter,29,Cancelled,2023-08-06,2023-09-06,False,Churned MRR
1782,1230,Business,0,Cancelled,2022-12-23,2023-01-06,True,Trial
1783,1231,Pro,0,Active,2022-12-23,,True,Trial
1784,1231,Pro,79,Cancelled,2024-06-06,2024-07-06,False,Churned MRR
1785,1232,Starter,0,Cancelled,2022-12-24,2023-01-07,True,Trial
1786,1233,Pro,0,Cancelled,2022-12-24,2023-01-07,True,Trial
1787,1234,Starter,0,Active,2022-12-24,,True,Trial
1788,1234,Starter,29,Active,2024-12-07,,False,Recurring
1789,1235,Starter,0,Cancelled,2022-12-24,2023-01-07,True,Trial
1790,1236,Pro,0,Cancelled,2022-12-24,2023-01-07,True,Trial
1791,1237,Pro,0,Active,2022-12-24,,True,Trial
1792,1237,Pro,79,Cancelled,2024-09-07,2024-10-07,False,Churned MRR
1793,1238,Starter,0,Cancelled,2022-12-24,2023-01-07,True,Trial
1794,1239,Starter,0,Cancelled,2022-12-24,2023-01-07,True,Trial
1795,1240,Business,0,Cancelled,2022-12-25,2023-01-08,True,Trial
1796,1241,Business,0,Cancelled,2022-12-25,2023-01-08,True,Trial
1797,1242,Starter,0,Cancelled,2022-12-25,2023-01-08,True,Trial
1798,1243,Pro,0,Cancelled,2022-12-25,2023-01-08,True,Trial
1799,1244,Enterprise,0,Cancelled,2022-12-25,2023-01-08,True,Trial
1800,1245,Pro,0,Cancelled,2022-12-26,2023-01-09,True,Trial
1801,1246,Enterprise,0,Cancelled,2022-12-26,2023-01-09,True,Trial
1802,1247,Enterprise,0,Active,2022-12-26,,True,Trial
1803,1247,Enterprise,499,Cancelled,2023-02-09,2023-03-09,False,Churned MRR
1804,1248,Starter,0,Cancelled,2022-12-26,2023-01-09,True,Trial
1805,1249,Business,0,Cancelled,2022-12-26,2023-01-09,True,Trial
1806,1250,Enterprise,0,Active,2022-12-26,,True,Trial
1807,1250,Enterprise,499,Downgraded,2024-02-09,2024-03-09,False,Contraction MRR
1808,1250,Business,199,Upgraded,2024-09-09,2024-10-09,False,Expansion MRR
1809,1250,Enterprise,499,Active,2024-12-09,,False,Recurring
1810,1251,Pro,0,Active,2022-12-26,,True,Trial
1811,1251,Pro,79,Upgraded,2023-06-09,2023-07-09,False,Expansion MRR
1812,1251,Business,199,Active,2024-12-09,,False,Recurring
1813,1252,Enterprise,0,Cancelled,2022-12-27,2023-01-10,True,Trial
1814,1253,Business,0,Cancelled,2022-12-27,2023-01-10,True,Trial
1815,1254,Business,0,Cancelled,2022-12-27,2023-01-10,True,Trial
1816,1255,Business,0,Active,2022-12-28,,True,Trial
1817,1255,Business,199,Upgraded,2024-03-11,2024-04-11,False,Expansion MRR
1818,1255,Enterprise,499,Cancelled,2024-05-11,2024-06-11,False,Churned MRR
1819,1256,Starter,0,Cancelled,2022-12-28,2023-01-11,True,Trial
1820,1257,Pro,0,Cancelled,2022-12-29,2023-01-12,True,Trial
1821,1258,Business,0,Cancelled,2022-12-29,2023-01-12,True,Trial
1822,1259,Starter,0,Cancelled,2022-12-29,2023-01-12,True,Trial
1823,1260,Business,0,Cancelled,2022-12-29,2023-01-12,True,Trial
1824,1261,Pro,0,Cancelled,2022-12-29,2023-01-12,True,Trial
1825,1262,Starter,0,Cancelled,2022-12-29,2023-01-12,True,Trial
1826,1263,Pro,0,Cancelled,2022-12-30,2023-01-13,True,Trial
1827,1264,Starter,0,Cancelled,2022-12-30,2023-01-13,True,Trial
1828,1265,Starter,0,Cancelled,2022-12-30,2023-01-13,True,Trial
1829,1266,Starter,0,Cancelled,2022-12-30,2023-01-13,True,Trial
1830,1267,Business,0,Active,2022-12-30,,True,Trial
1831,1267,Business,199,Upgraded,2023-04-13,2023-05-13,False,Expansion MRR
1832,1267,Enterprise,499,Active,2024-12-13,,False,Recurring
1833,1268,Enterprise,0,Cancelled,2022-12-30,2023-01-13,True,Trial
1834,1269,Pro,0,Active,2022-12-30,,True,Trial
1835,1269,Pro,79,Upgraded,2023-03-13,2023-04-13,False,Expansion MRR
1836,1269,Business,199,Cancelled,2023-07-13,2023-08-13,False,Churned MRR
1837,1270,Starter,0,Cancelled,2022-12-31,2023-01-14,True,Trial
1838,1271,Pro,0,Cancelled,2022-12-31,2023-01-14,True,Trial
1839,1272,Pro,0,Cancelled,2023-01-01,2023-01-15,True,Trial
1840,1273,Pro,0,Cancelled,2023-01-01,2023-01-15,True,Trial
1841,1274,Pro,0,Cancelled,2023-01-01,2023-01-15,True,Trial
1842,1275,Pro,0,Cancelled,2023-01-01,2023-01-15,True,Trial
1843,1276,Starter,0,Active,2023-01-02,,True,Trial
1844,1276,Starter,29,Cancelled,2023-03-16,2023-04-16,False,Churned MRR
1845,1277,Starter,0,Cancelled,2023-01-02,2023-01-16,True,Trial
1846,1278,Business,0,Active,2023-01-02,,True,Trial
1847,1278,Business,199,Upgraded,2023-06-16,2023-07-16,False,Expansion MRR
1848,1278,Enterprise,499,Active,2024-12-16,,False,Recurring
1849,1279,Starter,0,Cancelled,2023-01-03,2023-01-17,True,Trial
1850,1280,Pro,0,Cancelled,2023-01-03,2023-01-17,True,Trial
1851,1281,Enterprise,0,Active,2023-01-03,,True,Trial
1852,1281,Enterprise,499,Active,2024-12-17,,False,Recurring
1853,1282,Business,0,Active,2023-01-03,,True,Trial
1854,1282,Business,199,Downgraded,2023-01-17,2023-02-17,False,Contraction MRR
1855,1282,Pro,79,Downgraded,2024-07-17,2024-08-17,False,Contraction MRR
1856,1282,Starter,29,Active,2024-12-17,,False,Recurring
1857,1283,Pro,0,Active,2023-01-04,,True,Trial
1858,1283,Pro,79,Cancelled,2023-07-18,2023-08-18,False,Churned MRR
1859,1284,Business,0,Cancelled,2023-01-04,2023-01-18,True,Trial
1860,1285,Pro,0,Active,2023-01-04,,True,Trial
1861,1285,Pro,79,Cancelled,2023-10-18,2023-11-18,False,Churned MRR
1862,1285,Starter,29,Active,2024-05-18,,False,Reactivation MRR
1863,1286,Starter,0,Cancelled,2023-01-04,2023-01-18,True,Trial
1864,1287,Business,0,Active,2023-01-04,,True,Trial
1865,1287,Business,199,Upgraded,2023-10-18,2023-11-18,False,Expansion MRR
1866,1287,Enterprise,499,Active,2024-12-18,,False,Recurring
1867,1288,Pro,0,Active,2023-01-04,,True,Trial
1868,1288,Pro,79,Upgraded,2024-09-18,2024-10-18,False,Expansion MRR
1869,1288,Business,199,Active,2024-12-18,,False,Recurring
1870,1289,Pro,0,Active,2023-01-04,,True,Trial
1871,1289,Pro,79,Cancelled,2023-04-18,2023-05-18,False,Churned MRR
1872,1290,Business,0,Cancelled,2023-01-04,2023-01-18,True,Trial
1873,1291,Pro,0,Cancelled,2023-01-05,2023-01-19,True,Trial
1874,1292,Starter,0,Cancelled,2023-01-05,2023-01-19,True,Trial
1875,1293,Pro,0,Cancelled,2023-01-05,2023-01-19,True,Trial
1876,1294,Business,0,Cancelled,2023-01-05,2023-01-19,True,Trial
1877,1295,Starter,0,Cancelled,2023-01-05,2023-01-19,True,Trial
1878,1296,Pro,0,Cancelled,2023-01-05,2023-01-19,True,Trial
1879,1297,Starter,0,Cancelled,2023-01-05,2023-01-19,True,Trial
1880,1298,Enterprise,0,Active,2023-01-05,,True,Trial
1881,1298,Enterprise,499,Downgraded,2024-03-19,2024-04-19,False,Contraction MRR
1882,1298,Business,199,Upgraded,2024-07-19,2024-08-19,False,Expansion MRR
1883,1298,Enterprise,499,Active,2024-12-19,,False,Recurring
1884,1299,Pro,0,Cancelled,2023-01-05,2023-01-19,True,Trial
1885,1300,Business,0,Cancelled,2023-01-06,2023-01-20,True,Trial
1886,1301,Business,0,Cancelled,2023-01-06,2023-01-20,True,Trial
1887,1302,Starter,0,Cancelled,2023-01-06,2023-01-20,True,Trial
1888,1303,Pro,0,Cancelled,2023-01-06,2023-01-20,True,Trial
1889,1304,Starter,0,Active,2023-01-06,,True,Trial
1890,1304,Starter,29,Upgraded,2023-09-20,2023-10-20,False,Expansion MRR
1891,1304,Pro,79,Downgraded,2024-03-20,2024-04-20,False,Contraction MRR
1892,1304,Starter,29,Cancelled,2024-04-20,2024-05-20,False,Churned MRR
1893,1305,Starter,0,Cancelled,2023-01-06,2023-01-20,True,Trial
1894,1306,Starter,0,Cancelled,2023-01-06,2023-01-20,True,Trial
1895,1307,Business,0,Cancelled,2023-01-06,2023-01-20,True,Trial
1896,1308,Pro,0,Active,2023-01-06,,True,Trial
1897,1308,Pro,79,Cancelled,2023-09-20,2023-10-20,False,Churned MRR
1898,1309,Starter,0,Cancelled,2023-01-07,2023-01-21,True,Trial
1899,1310,Pro,0,Cancelled,2023-01-07,2023-01-21,True,Trial
1900,1311,Business,0,Active,2023-01-07,,True,Trial
1901,1311,Business,199,Upgraded,2024-01-21,2024-02-21,False,Expansion MRR
1902,1311,Enterprise,499,Active,2024-12-21,,False,Recurring
1903,1312,Starter,0,Cancelled,2023-01-07,2023-01-21,True,Trial
1904,1313,Starter,0,Cancelled,2023-01-07,2023-01-21,True,Trial
1905,1314,Enterprise,0,Cancelled,2023-01-07,2023-01-21,True,Trial
1906,1315,Enterprise,0,Cancelled,2023-01-07,2023-01-21,True,Trial
1907,1316,Pro,0,Cancelled,2023-01-07,2023-01-21,True,Trial
1908,1317,Starter,0,Cancelled,2023-01-07,2023-01-21,True,Trial
1909,1318,Pro,0,Active,2023-01-08,,True,Trial
1910,1318,Pro,79,Downgraded,2023-07-22,2023-08-22,False,Contraction MRR
1911,1318,Starter,29,Cancelled,2023-08-22,2023-09-22,False,Churned MRR
1912,1319,Enterprise,0,Cancelled,2023-01-08,2023-01-22,True,Trial
1913,1320,Starter,0,Active,2023-01-08,,True,Trial
1914,1320,Starter,29,Cancelled,2023-04-22,2023-05-22,False,Churned MRR
1915,1321,Starter,0,Cancelled,2023-01-08,2023-01-22,True,Trial
1916,1322,Starter,0,Cancelled,2023-01-08,2023-01-22,True,Trial
1917,1323,Pro,0,Active,2023-01-09,,True,Trial
1918,1323,Pro,79,Upgraded,2023-05-23,2023-06-23,False,Expansion MRR
1919,1323,Business,199,Cancelled,2023-12-23,2024-01-23,False,Churned MRR
1920,1324,Starter,0,Cancelled,2023-01-09,2023-01-23,True,Trial
1921,1325,Enterprise,0,Cancelled,2023-01-09,2023-01-23,True,Trial
1922,1326,Starter,0,Cancelled,2023-01-09,2023-01-23,True,Trial
1923,1327,Starter,0,Cancelled,2023-01-10,2023-01-24,True,Trial
1924,1328,Business,0,Cancelled,2023-01-10,2023-01-24,True,Trial
1925,1329,Pro,0,Cancelled,2023-01-10,2023-01-24,True,Trial
1926,1330,Pro,0,Cancelled,2023-01-10,2023-01-24,True,Trial
1927,1331,Pro,0,Cancelled,2023-01-10,2023-01-24,True,Trial
1928,1332,Starter,0,Cancelled,2023-01-10,2023-01-24,True,Trial
1929,1333,Starter,0,Active,2023-01-10,,True,Trial
1930,1333,Starter,29,Upgraded,2023-07-24,2023-08-24,False,Expansion MRR
1931,1333,Pro,79,Downgraded,2024-10-24,2024-11-24,False,Contraction MRR
1932,1333,Starter,29,Active,2024-12-24,,False,Recurring
1933,1334,Pro,0,Active,2023-01-10,,True,Trial
1934,1334,Pro,79,Downgraded,2023-06-24,2023-07-24,False,Contraction MRR
1935,1334,Starter,29,Upgraded,2023-07-24,2023-08-24,False,Expansion MRR
1936,1334,Pro,79,Active,2024-12-24,,False,Recurring
1937,1335,Business,0,Active,2023-01-11,,True,Trial
1938,1335,Business,199,Active,2024-12-25,,False,Recurring
1939,1336,Starter,0,Active,2023-01-11,,True,Trial
1940,1336,Starter,29,Upgraded,2023-03-25,2023-04-25,False,Expansion MRR
1941,1336,Pro,79,Cancelled,2023-04-25,2023-05-25,False,Churned MRR
1942,1337,Starter,0,Cancelled,2023-01-11,2023-01-25,True,Trial
1943,1338,Pro,0,Cancelled,2023-01-12,2023-01-26,True,Trial
1944,1339,Starter,0,Cancelled,2023-01-12,2023-01-26,True,Trial
1945,1340,Enterprise,0,Cancelled,2023-01-12,2023-01-26,True,Trial
1946,1341,Starter,0,Cancelled,2023-01-12,2023-01-26,True,Trial
1947,1342,Starter,0,Cancelled,2023-01-12,2023-01-26,True,Trial
1948,1343,Starter,0,Active,2023-01-12,,True,Trial
1949,1343,Starter,29,Cancelled,2023-12-26,2024-01-26,False,Churned MRR
1950,1344,Pro,0,Active,2023-01-13,,True,Trial
1951,1344,Pro,79,Cancelled,2023-06-27,2023-07-27,False,Churned MRR
1952,1344,Starter,29,Active,2023-11-27,,False,Reactivation MRR
1953,1345,Starter,0,Active,2023-01-13,,True,Trial
1954,1345,Starter,29,Cancelled,2023-02-27,2023-03-27,False,Churned MRR
1955,1346,Pro,0,Cancelled,2023-01-13,2023-01-27,True,Trial
1956,1347,Business,0,Active,2023-01-13,,True,Trial
1957,1347,Business,199,Upgraded,2023-04-27,2023-05-27,False,Expansion MRR
1958,1347,Enterprise,499,Downgraded,2024-02-27,2024-03-27,False,Contraction MRR
1959,1347,Business,199,Active,2024-12-27,,False,Recurring
1960,1348,Starter,0,Cancelled,2023-01-13,2023-01-27,True,Trial
1961,1349,Starter,0,Cancelled,2023-01-13,2023-01-27,True,Trial
1962,1350,Pro,0,Cancelled,2023-01-13,2023-01-27,True,Trial
1963,1351,Pro,0,Cancelled,2023-01-13,2023-01-27,True,Trial
1964,1352,Pro,0,Cancelled,2023-01-13,2023-01-27,True,Trial
1965,1353,Pro,0,Active,2023-01-14,,True,Trial
1966,1353,Pro,79,Upgraded,2023-01-28,2023-02-28,False,Expansion MRR
1967,1353,Business,199,Cancelled,2023-04-28,2023-05-28,False,Churned MRR
1968,1354,Enterprise,0,Active,2023-01-14,,True,Trial
1969,1354,Enterprise,499,Cancelled,2023-02-28,2023-03-28,False,Churned MRR
1970,1355,Business,0,Active,2023-01-14,,True,Trial
1971,1355,Business,199,Active,2024-12-28,,False,Recurring
1972,1356,Starter,0,Cancelled,2023-01-14,2023-01-28,True,Trial
1973,1357,Pro,0,Active,2023-01-14,,True,Trial
1974,1357,Pro,79,Upgraded,2023-05-28,2023-06-28,False,Expansion MRR
1975,1357,Business,199,Active,2024-12-28,,False,Recurring
1976,1358,Enterprise,0,Active,2023-01-14,,True,Trial
1977,1358,Enterprise,499,Downgraded,2023-04-28,2023-05-28,False,Contraction MRR
1978,1358,Business,199,Downgraded,2023-07-28,2023-08-28,False,Contraction MRR
1979,1358,Pro,79,Cancelled,2024-07-28,2024-08-28,False,Churned MRR
1980,1359,Pro,0,Active,2023-01-14,,True,Trial
1981,1359,Pro,79,Upgraded,2024-03-28,2024-04-28,False,Expansion MRR
1982,1359,Business,199,Active,2024-12-28,,False,Recurring
1983,1360,Starter,0,Active,2023-01-14,,True,Trial
1984,1360,Starter,29,Cancelled,2024-07-28,2024-08-28,False,Churned MRR
1985,1361,Pro,0,Cancelled,2023-01-15,2023-01-29,True,Trial
1986,1362,Enterprise,0,Active,2023-01-15,,True,Trial
1987,1362,Enterprise,499,Active,2024-12-28,,False,Recurring
1988,1363,Starter,0,Cancelled,2023-01-15,2023-01-29,True,Trial
1989,1364,Enterprise,0,Cancelled,2023-01-15,2023-01-29,True,Trial
1990,1365,Starter,0,Cancelled,2023-01-15,2023-01-29,True,Trial
1991,1366,Starter,0,Cancelled,2023-01-15,2023-01-29,True,Trial
1992,1367,Starter,0,Cancelled,2023-01-15,2023-01-29,True,Trial
1993,1368,Pro,0,Cancelled,2023-01-15,2023-01-29,True,Trial
1994,1369,Starter,0,Cancelled,2023-01-15,2023-01-29,True,Trial
1995,1370,Starter,0,Cancelled,2023-01-16,2023-01-30,True,Trial
1996,1371,Starter,0,Cancelled,2023-01-16,2023-01-30,True,Trial
1997,1372,Business,0,Cancelled,2023-01-16,2023-01-30,True,Trial
1998,1373,Business,0,Cancelled,2023-01-16,2023-01-30,True,Trial
1999,1374,Pro,0,Active,2023-01-17,,True,Trial
2000,1374,Pro,79,Cancelled,2023-04-28,2023-05-28,False,Churned MRR
2001,1375,Starter,0,Cancelled,2023-01-17,2023-01-31,True,Trial
2002,1376,Starter,0,Cancelled,2023-01-17,2023-01-31,True,Trial
2003,1377,Starter,0,Cancelled,2023-01-17,2023-01-31,True,Trial
2004,1378,Pro,0,Active,2023-01-17,,True,Trial
2005,1378,Pro,79,Cancelled,2023-03-28,2023-04-28,False,Churned MRR
2006,1379,Starter,0,Cancelled,2023-01-18,2023-02-01,True,Trial
2007,1380,Business,0,Cancelled,2023-01-18,2023-02-01,True,Trial
2008,1381,Pro,0,Active,2023-01-18,,True,Trial
2009,1381,Pro,79,Cancelled,2023-08-01,2023-09-01,False,Churned MRR
2010,1382,Starter,0,Active,2023-01-18,,True,Trial
2011,1382,Starter,29,Cancelled,2023-02-01,2023-03-01,False,Churned MRR
2012,1383,Enterprise,0,Active,2023-01-19,,True,Trial
2013,1383,Enterprise,499,Active,2024-12-02,,False,Recurring
2014,1384,Starter,0,Active,2023-01-19,,True,Trial
2015,1384,Starter,29,Cancelled,2023-09-02,2023-10-02,False,Churned MRR
2016,1385,Starter,0,Active,2023-01-19,,True,Trial
2017,1385,Starter,29,Cancelled,2023-11-02,2023-12-02,False,Churned MRR
2018,1386,Pro,0,Active,2023-01-19,,True,Trial
2019,1386,Pro,79,Cancelled,2023-06-02,2023-07-02,False,Churned MRR
2020,1387,Starter,0,Cancelled,2023-01-19,2023-02-02,True,Trial
2021,1388,Starter,0,Active,2023-01-19,,True,Trial
2022,1388,Starter,29,Active,2024-12-02,,False,Recurring
2023,1389,Business,0,Cancelled,2023-01-20,2023-02-03,True,Trial
2024,1390,Pro,0,Cancelled,2023-01-20,2023-02-03,True,Trial
2025,1391,Starter,0,Cancelled,2023-01-20,2023-02-03,True,Trial
2026,1392,Starter,0,Cancelled,2023-01-20,2023-02-03,True,Trial
2027,1393,Starter,0,Active,2023-01-20,,True,Trial
2028,1393,Starter,29,Cancelled,2023-09-03,2023-10-03,False,Churned MRR
2029,1394,Business,0,Cancelled,2023-01-20,2023-02-03,True,Trial
2030,1395,Pro,0,Cancelled,2023-01-21,2023-02-04,True,Trial
2031,1396,Pro,0,Cancelled,2023-01-21,2023-02-04,True,Trial
2032,1397,Starter,0,Cancelled,2023-01-21,2023-02-04,True,Trial
2033,1398,Starter,0,Cancelled,2023-01-21,2023-02-04,True,Trial
2034,1399,Starter,0,Cancelled,2023-01-22,2023-02-05,True,Trial
2035,1400,Enterprise,0,Active,2023-01-22,,True,Trial
2036,1400,Enterprise,499,Downgraded,2023-06-05,2023-07-05,False,Contraction MRR
2037,1400,Business,199,Upgraded,2023-08-05,2023-09-05,False,Expansion MRR
2038,1400,Enterprise,499,Cancelled,2024-06-05,2024-07-05,False,Churned MRR
2039,1401,Business,0,Cancelled,2023-01-22,2023-02-05,True,Trial
2040,1402,Pro,0,Cancelled,2023-01-22,2023-02-05,True,Trial
2041,1403,Starter,0,Cancelled,2023-01-22,2023-02-05,True,Trial
2042,1404,Pro,0,Cancelled,2023-01-22,2023-02-05,True,Trial
2043,1405,Starter,0,Cancelled,2023-01-22,2023-02-05,True,Trial
2044,1406,Pro,0,Active,2023-01-23,,True,Trial
2045,1406,Pro,79,Cancelled,2023-12-06,2024-01-06,False,Churned MRR
2046,1407,Enterprise,0,Cancelled,2023-01-23,2023-02-06,True,Trial
2047,1408,Business,0,Cancelled,2023-01-23,2023-02-06,True,Trial
2048,1409,Enterprise,0,Active,2023-01-23,,True,Trial
2049,1409,Enterprise,499,Active,2024-12-06,,False,Recurring
2050,1410,Enterprise,0,Active,2023-01-23,,True,Trial
2051,1410,Enterprise,499,Active,2024-12-06,,False,Recurring
2052,1411,Starter,0,Cancelled,2023-01-23,2023-02-06,True,Trial
2053,1412,Business,0,Cancelled,2023-01-24,2023-02-07,True,Trial
2054,1413,Pro,0,Cancelled,2023-01-24,2023-02-07,True,Trial
2055,1414,Enterprise,0,Cancelled,2023-01-24,2023-02-07,True,Trial
2056,1415,Pro,0,Active,2023-01-24,,True,Trial
2057,1415,Pro,79,Active,2024-12-07,,False,Recurring
2058,1416,Starter,0,Cancelled,2023-01-24,2023-02-07,True,Trial
2059,1417,Starter,0,Cancelled,2023-01-24,2023-02-07,True,Trial
2060,1418,Enterprise,0,Cancelled,2023-01-25,2023-02-08,True,Trial
2061,1419,Enterprise,0,Cancelled,2023-01-25,2023-02-08,True,Trial
2062,1420,Business,0,Active,2023-01-25,,True,Trial
2063,1420,Business,199,Active,2024-12-08,,False,Recurring
2064,1421,Starter,0,Cancelled,2023-01-25,2023-02-08,True,Trial
2065,1422,Starter,0,Cancelled,2023-01-26,2023-02-09,True,Trial
2066,1423,Starter,0,Cancelled,2023-01-26,2023-02-09,True,Trial
2067,1424,Pro,0,Cancelled,2023-01-26,2023-02-09,True,Trial
2068,1425,Pro,0,Cancelled,2023-01-26,2023-02-09,True,Trial
2069,1426,Business,0,Cancelled,2023-01-27,2023-02-10,True,Trial
2070,1427,Starter,0,Cancelled,2023-01-28,2023-02-11,True,Trial
2071,1428,Business,0,Cancelled,2023-01-28,2023-02-11,True,Trial
2072,1429,Starter,0,Active,2023-01-28,,True,Trial
2073,1429,Starter,29,Cancelled,2023-02-11,2023-03-11,False,Churned MRR
2074,1430,Pro,0,Cancelled,2023-01-28,2023-02-11,True,Trial
2075,1431,Pro,0,Active,2023-01-28,,True,Trial
2076,1431,Pro,79,Downgraded,2023-03-11,2023-04-11,False,Contraction MRR
2077,1431,Starter,29,Cancelled,2023-05-11,2023-06-11,False,Churned MRR
2078,1432,Starter,0,Active,2023-01-28,,True,Trial
2079,1432,Starter,29,Upgraded,2024-06-11,2024-07-11,False,Expansion MRR
2080,1432,Pro,79,Active,2024-12-11,,False,Recurring
2081,1433,Starter,0,Cancelled,2023-01-28,2023-02-11,True,Trial
2082,1434,Starter,0,Cancelled,2023-01-29,2023-02-12,True,Trial
2083,1435,Pro,0,Cancelled,2023-01-29,2023-02-12,True,Trial
2084,1436,Enterprise,0,Cancelled,2023-01-29,2023-02-12,True,Trial
2085,1437,Pro,0,Cancelled,2023-01-29,2023-02-12,True,Trial
2086,1438,Starter,0,Cancelled,2023-01-29,2023-02-12,True,Trial
2087,1439,Starter,0,Cancelled,2023-01-30,2023-02-13,True,Trial
2088,1440,Business,0,Cancelled,2023-01-30,2023-02-13,True,Trial
2089,1441,Starter,0,Active,2023-01-30,,True,Trial
2090,1441,Starter,29,Upgraded,2024-07-13,2024-08-13,False,Expansion MRR
2091,1441,Pro,79,Upgraded,2024-09-13,2024-10-13,False,Expansion MRR
2092,1441,Business,199,Active,2024-12-13,,False,Recurring
2093,1442,Pro,0,Cancelled,2023-01-30,2023-02-13,True,Trial
2094,1443,Starter,0,Cancelled,2023-01-30,2023-02-13,True,Trial
2095,1444,Enterprise,0,Active,2023-01-30,,True,Trial
2096,1444,Enterprise,499,Cancelled,2023-11-13,2023-12-13,False,Churned MRR
2097,1445,Starter,0,Cancelled,2023-01-30,2023-02-13,True,Trial
2098,1446,Business,0,Active,2023-01-31,,True,Trial
2099,1446,Business,199,Cancelled,2024-03-14,2024-04-14,False,Churned MRR
2100,1447,Enterprise,0,Active,2023-01-31,,True,Trial
2101,1447,Enterprise,499,Active,2024-12-14,,False,Recurring
2102,1448,Starter,0,Cancelled,2023-01-31,2023-02-14,True,Trial
2103,1449,Pro,0,Active,2023-01-31,,True,Trial
2104,1449,Pro,79,Cancelled,2024-01-14,2024-02-14,False,Churned MRR
2105,1450,Starter,0,Cancelled,2023-01-31,2023-02-14,True,Trial
2106,1451,Starter,0,Active,2023-01-31,,True,Trial
2107,1451,Starter,29,Cancelled,2023-03-14,2023-04-14,False,Churned MRR
2108,1452,Enterprise,0,Cancelled,2023-02-01,2023-02-15,True,Trial
2109,1453,Enterprise,0,Cancelled,2023-02-01,2023-02-15,True,Trial
2110,1454,Starter,0,Cancelled,2023-02-01,2023-02-15,True,Trial
2111,1455,Pro,0,Cancelled,2023-02-01,2023-02-15,True,Trial
2112,1456,Pro,0,Active,2023-02-01,,True,Trial
2113,1456,Pro,79,Cancelled,2023-08-15,2023-09-15,False,Churned MRR
2114,1457,Business,0,Active,2023-02-01,,True,Trial
2115,1457,Business,199,Cancelled,2023-07-15,2023-08-15,False,Churned MRR
2116,1458,Enterprise,0,Cancelled,2023-02-01,2023-02-15,True,Trial
2117,1459,Starter,0,Active,2023-02-02,,True,Trial
2118,1459,Starter,29,Cancelled,2023-03-16,2023-04-16,False,Churned MRR
2119,1460,Starter,0,Cancelled,2023-02-02,2023-02-16,True,Trial
2120,1461,Enterprise,0,Cancelled,2023-02-02,2023-02-16,True,Trial
2121,1462,Enterprise,0,Cancelled,2023-02-02,2023-02-16,True,Trial
2122,1463,Starter,0,Cancelled,2023-02-02,2023-02-16,True,Trial
2123,1464,Starter,0,Cancelled,2023-02-03,2023-02-17,True,Trial
2124,1465,Pro,0,Cancelled,2023-02-03,2023-02-17,True,Trial
2125,1466,Starter,0,Active,2023-02-03,,True,Trial
2126,1466,Starter,29,Cancelled,2024-06-17,2024-07-17,False,Churned MRR
2127,1467,Pro,0,Active,2023-02-04,,True,Trial
2128,1467,Pro,79,Active,2024-12-18,,False,Recurring
2129,1468,Pro,0,Cancelled,2023-02-04,2023-02-18,True,Trial
2130,1469,Enterprise,0,Active,2023-02-04,,True,Trial
2131,1469,Enterprise,499,Active,2024-12-18,,False,Recurring
2132,1470,Enterprise,0,Cancelled,2023-02-04,2023-02-18,True,Trial
2133,1471,Enterprise,0,Cancelled,2023-02-04,2023-02-18,True,Trial
2134,1472,Pro,0,Active,2023-02-05,,True,Trial
2135,1472,Pro,79,Downgraded,2023-09-19,2023-10-19,False,Contraction MRR
2136,1472,Starter,29,Active,2024-12-19,,False,Recurring
2137,1473,Pro,0,Cancelled,2023-02-05,2023-02-19,True,Trial
2138,1474,Pro,0,Cancelled,2023-02-05,2023-02-19,True,Trial
2139,1475,Pro,0,Cancelled,2023-02-05,2023-02-19,True,Trial
2140,1476,Starter,0,Cancelled,2023-02-05,2023-02-19,True,Trial
2141,1477,Enterprise,0,Active,2023-02-05,,True,Trial
2142,1477,Enterprise,499,Active,2024-12-19,,False,Recurring
2143,1478,Starter,0,Cancelled,2023-02-05,2023-02-19,True,Trial
2144,1479,Starter,0,Cancelled,2023-02-05,2023-02-19,True,Trial
2145,1480,Pro,0,Cancelled,2023-02-05,2023-02-19,True,Trial
2146,1481,Business,0,Active,2023-02-05,,True,Trial
2147,1481,Business,199,Upgraded,2023-06-19,2023-07-19,False,Expansion MRR
2148,1481,Enterprise,499,Downgraded,2024-08-19,2024-09-19,False,Contraction MRR
2149,1481,Business,199,Active,2024-12-19,,False,Recurring
2150,1482,Pro,0,Cancelled,2023-02-06,2023-02-20,True,Trial
2151,1483,Starter,0,Cancelled,2023-02-06,2023-02-20,True,Trial
2152,1484,Pro,0,Cancelled,2023-02-07,2023-02-21,True,Trial
2153,1485,Starter,0,Active,2023-02-07,,True,Trial
2154,1485,Starter,29,Cancelled,2023-08-21,2023-09-21,False,Churned MRR
2155,1486,Pro,0,Cancelled,2023-02-07,2023-02-21,True,Trial
2156,1487,Starter,0,Cancelled,2023-02-07,2023-02-21,True,Trial
2157,1488,Business,0,Cancelled,2023-02-07,2023-02-21,True,Trial
2158,1489,Pro,0,Active,2023-02-08,,True,Trial
2159,1489,Pro,79,Upgraded,2023-06-22,2023-07-22,False,Expansion MRR
2160,1489,Business,199,Downgraded,2024-02-22,2024-03-22,False,Contraction MRR
2161,1489,Pro,79,Cancelled,2024-12-22,2025-01-01,False,Churned MRR
2162,1490,Starter,0,Cancelled,2023-02-08,2023-02-22,True,Trial
2163,1491,Starter,0,Cancelled,2023-02-08,2023-02-22,True,Trial
2164,1492,Starter,0,Cancelled,2023-02-08,2023-02-22,True,Trial
2165,1493,Pro,0,Cancelled,2023-02-08,2023-02-22,True,Trial
2166,1494,Business,0,Cancelled,2023-02-09,2023-02-23,True,Trial
2167,1495,Starter,0,Cancelled,2023-02-09,2023-02-23,True,Trial
2168,1496,Enterprise,0,Active,2023-02-09,,True,Trial
2169,1496,Enterprise,499,Downgraded,2023-08-23,2023-09-23,False,Contraction MRR
2170,1496,Business,199,Upgraded,2023-11-23,2023-12-23,False,Expansion MRR
2171,1496,Enterprise,499,Active,2024-12-23,,False,Recurring
2172,1497,Pro,0,Cancelled,2023-02-10,2023-02-24,True,Trial
2173,1498,Pro,0,Active,2023-02-10,,True,Trial
2174,1498,Pro,79,Cancelled,2023-05-24,2023-06-24,False,Churned MRR
2175,1499,Pro,0,Cancelled,2023-02-10,2023-02-24,True,Trial
2176,1500,Starter,0,Cancelled,2023-02-11,2023-02-25,True,Trial
2177,1501,Starter,0,Active,2023-02-11,,True,Trial
2178,1501,Starter,29,Cancelled,2023-04-25,2023-05-25,False,Churned MRR
2179,1502,Enterprise,0,Cancelled,2023-02-11,2023-02-25,True,Trial
2180,1503,Enterprise,0,Active,2023-02-11,,True,Trial
2181,1503,Enterprise,499,Active,2024-12-25,,False,Recurring
2182,1504,Starter,0,Active,2023-02-11,,True,Trial
2183,1504,Starter,29,Cancelled,2024-05-25,2024-06-25,False,Churned MRR
2184,1505,Business,0,Cancelled,2023-02-11,2023-02-25,True,Trial
2185,1506,Business,0,Active,2023-02-12,,True,Trial
2186,1506,Business,199,Active,2024-12-26,,False,Recurring
2187,1507,Pro,0,Cancelled,2023-02-12,2023-02-26,True,Trial
2188,1508,Starter,0,Cancelled,2023-02-12,2023-02-26,True,Trial
2189,1509,Enterprise,0,Cancelled,2023-02-12,2023-02-26,True,Trial
2190,1510,Starter,0,Active,2023-02-12,,True,Trial
2191,1510,Starter,29,Cancelled,2023-03-26,2023-04-26,False,Churned MRR
2192,1511,Starter,0,Cancelled,2023-02-12,2023-02-26,True,Trial
2193,1512,Starter,0,Cancelled,2023-02-13,2023-02-27,True,Trial
2194,1513,Starter,0,Active,2023-02-13,,True,Trial
2195,1513,Starter,29,Cancelled,2023-08-27,2023-09-27,False,Churned MRR
2196,1514,Enterprise,0,Cancelled,2023-02-13,2023-02-27,True,Trial
2197,1515,Pro,0,Cancelled,2023-02-13,2023-02-27,True,Trial
2198,1516,Pro,0,Active,2023-02-13,,True,Trial
2199,1516,Pro,79,Cancelled,2023-07-27,2023-08-27,False,Churned MRR
2200,1517,Starter,0,Cancelled,2023-02-13,2023-02-27,True,Trial
2201,1518,Pro,0,Active,2023-02-13,,True,Trial
2202,1518,Pro,79,Upgraded,2023-06-27,2023-07-27,False,Expansion MRR
2203,1518,Business,199,Cancelled,2024-06-27,2024-07-27,False,Churned MRR
2204,1519,Pro,0,Cancelled,2023-02-14,2023-02-28,True,Trial
2205,1520,Starter,0,Cancelled,2023-02-14,2023-02-28,True,Trial
2206,1521,Business,0,Cancelled,2023-02-15,2023-03-01,True,Trial
2207,1522,Pro,0,Cancelled,2023-02-15,2023-03-01,True,Trial
2208,1523,Starter,0,Cancelled,2023-02-15,2023-03-01,True,Trial
2209,1524,Starter,0,Cancelled,2023-02-16,2023-03-02,True,Trial
2210,1525,Starter,0,Cancelled,2023-02-16,2023-03-02,True,Trial
2211,1526,Business,0,Active,2023-02-16,,True,Trial
2212,1526,Business,199,Cancelled,2023-04-02,2023-05-02,False,Churned MRR
2213,1527,Business,0,Cancelled,2023-02-16,2023-03-02,True,Trial
2214,1528,Starter,0,Active,2023-02-16,,True,Trial
2215,1528,Starter,29,Cancelled,2023-08-02,2023-09-02,False,Churned MRR
2216,1529,Pro,0,Active,2023-02-17,,True,Trial
2217,1529,Pro,79,Active,2024-12-03,,False,Recurring
2218,1530,Pro,0,Cancelled,2023-02-17,2023-03-03,True,Trial
2219,1531,Pro,0,Cancelled,2023-02-17,2023-03-03,True,Trial
2220,1532,Starter,0,Cancelled,2023-02-17,2023-03-03,True,Trial
2221,1533,Enterprise,0,Cancelled,2023-02-18,2023-03-04,True,Trial
2222,1534,Pro,0,Cancelled,2023-02-18,2023-03-04,True,Trial
2223,1535,Enterprise,0,Active,2023-02-18,,True,Trial
2224,1535,Enterprise,499,Active,2024-12-04,,False,Recurring
2225,1536,Pro,0,Cancelled,2023-02-18,2023-03-04,True,Trial
2226,1537,Enterprise,0,Active,2023-02-18,,True,Trial
2227,1537,Enterprise,499,Cancelled,2023-06-04,2023-07-04,False,Churned MRR
2228,1538,Business,0,Cancelled,2023-02-18,2023-03-04,True,Trial
2229,1539,Starter,0,Cancelled,2023-02-19,2023-03-05,True,Trial
2230,1540,Starter,0,Active,2023-02-19,,True,Trial
2231,1540,Starter,29,Cancelled,2023-03-05,2023-04-05,False,Churned MRR
2232,1541,Starter,0,Active,2023-02-19,,True,Trial
2233,1541,Starter,29,Cancelled,2024-04-05,2024-05-05,False,Churned MRR
2234,1542,Pro,0,Cancelled,2023-02-20,2023-03-06,True,Trial
2235,1543,Pro,0,Cancelled,2023-02-20,2023-03-06,True,Trial
2236,1544,Starter,0,Cancelled,2023-02-20,2023-03-06,True,Trial
2237,1545,Pro,0,Cancelled,2023-02-20,2023-03-06,True,Trial
2238,1546,Starter,0,Cancelled,2023-02-20,2023-03-06,True,Trial
2239,1547,Starter,0,Cancelled,2023-02-20,2023-03-06,True,Trial
2240,1548,Starter,0,Cancelled,2023-02-21,2023-03-07,True,Trial
2241,1549,Starter,0,Cancelled,2023-02-21,2023-03-07,True,Trial
2242,1550,Starter,0,Cancelled,2023-02-21,2023-03-07,True,Trial
2243,1551,Starter,0,Cancelled,2023-02-21,2023-03-07,True,Trial
2244,1552,Business,0,Cancelled,2023-02-21,2023-03-07,True,Trial
2245,1553,Pro,0,Active,2023-02-21,,True,Trial
2246,1553,Pro,79,Active,2024-12-07,,False,Recurring
2247,1554,Pro,0,Cancelled,2023-02-21,2023-03-07,True,Trial
2248,1555,Pro,0,Cancelled,2023-02-21,2023-03-07,True,Trial
2249,1556,Pro,0,Cancelled,2023-02-22,2023-03-08,True,Trial
2250,1557,Enterprise,0,Active,2023-02-22,,True,Trial
2251,1557,Enterprise,499,Active,2024-12-08,,False,Recurring
2252,1558,Pro,0,Cancelled,2023-02-22,2023-03-08,True,Trial
2253,1559,Starter,0,Cancelled,2023-02-22,2023-03-08,True,Trial
2254,1560,Starter,0,Active,2023-02-23,,True,Trial
2255,1560,Starter,29,Cancelled,2024-07-09,2024-08-09,False,Churned MRR
2256,1561,Pro,0,Active,2023-02-23,,True,Trial
2257,1561,Pro,79,Cancelled,2024-09-09,2024-10-09,False,Churned MRR
2258,1562,Business,0,Active,2023-02-23,,True,Trial
2259,1562,Business,199,Downgraded,2023-09-09,2023-10-09,False,Contraction MRR
2260,1562,Pro,79,Active,2024-12-09,,False,Recurring
2261,1563,Business,0,Cancelled,2023-02-24,2023-03-10,True,Trial
2262,1564,Starter,0,Cancelled,2023-02-24,2023-03-10,True,Trial
2263,1565,Starter,0,Active,2023-02-24,,True,Trial
2264,1565,Starter,29,Cancelled,2024-05-10,2024-06-10,False,Churned MRR
2265,1566,Business,0,Cancelled,2023-02-24,2023-03-10,True,Trial
2266,1567,Starter,0,Cancelled,2023-02-24,2023-03-10,True,Trial
2267,1568,Pro,0,Cancelled,2023-02-24,2023-03-10,True,Trial
2268,1569,Pro,0,Cancelled,2023-02-25,2023-03-11,True,Trial
2269,1570,Business,0,Cancelled,2023-02-25,2023-03-11,True,Trial
2270,1571,Starter,0,Active,2023-02-25,,True,Trial
2271,1571,Starter,29,Cancelled,2023-06-11,2023-07-11,False,Churned MRR
2272,1572,Pro,0,Cancelled,2023-02-25,2023-03-11,True,Trial
2273,1573,Pro,0,Cancelled,2023-02-25,2023-03-11,True,Trial
2274,1574,Business,0,Cancelled,2023-02-26,2023-03-12,True,Trial
2275,1575,Starter,0,Cancelled,2023-02-26,2023-03-12,True,Trial
2276,1576,Pro,0,Cancelled,2023-02-26,2023-03-12,True,Trial
2277,1577,Starter,0,Cancelled,2023-02-26,2023-03-12,True,Trial
2278,1578,Enterprise,0,Active,2023-02-26,,True,Trial
2279,1578,Enterprise,499,Cancelled,2023-05-12,2023-06-12,False,Churned MRR
2280,1579,Enterprise,0,Cancelled,2023-02-26,2023-03-12,True,Trial
2281,1580,Pro,0,Cancelled,2023-02-26,2023-03-12,True,Trial
2282,1581,Pro,0,Cancelled,2023-02-26,2023-03-12,True,Trial
2283,1582,Starter,0,Cancelled,2023-02-26,2023-03-12,True,Trial
2284,1583,Starter,0,Cancelled,2023-02-27,2023-03-13,True,Trial
2285,1584,Starter,0,Active,2023-02-28,,True,Trial
2286,1584,Starter,29,Upgraded,2023-06-14,2023-07-14,False,Expansion MRR
2287,1584,Pro,79,Cancelled,2023-07-14,2023-08-14,False,Churned MRR
2288,1585,Pro,0,Active,2023-02-28,,True,Trial
2289,1585,Pro,79,Upgraded,2023-08-14,2023-09-14,False,Expansion MRR
2290,1585,Business,199,Active,2024-12-14,,False,Recurring
2291,1586,Pro,0,Active,2023-02-28,,True,Trial
2292,1586,Pro,79,Cancelled,2023-11-14,2023-12-14,False,Churned MRR
2293,1587,Business,0,Cancelled,2023-02-28,2023-03-14,True,Trial
2294,1588,Starter,0,Cancelled,2023-02-28,2023-03-14,True,Trial
2295,1589,Business,0,Cancelled,2023-02-28,2023-03-14,True,Trial
2296,1590,Starter,0,Cancelled,2023-02-28,2023-03-14,True,Trial
2297,1591,Pro,0,Cancelled,2023-02-28,2023-03-14,True,Trial
2298,1592,Pro,0,Cancelled,2023-02-28,2023-03-14,True,Trial
2299,1593,Starter,0,Cancelled,2023-03-01,2023-03-15,True,Trial
2300,1594,Starter,0,Cancelled,2023-03-01,2023-03-15,True,Trial
2301,1595,Enterprise,0,Active,2023-03-01,,True,Trial
2302,1595,Enterprise,499,Active,2024-12-15,,False,Recurring
2303,1596,Pro,0,Cancelled,2023-03-01,2023-03-15,True,Trial
2304,1597,Starter,0,Active,2023-03-01,,True,Trial
2305,1597,Starter,29,Cancelled,2023-04-15,2023-05-15,False,Churned MRR
2306,1598,Pro,0,Active,2023-03-01,,True,Trial
2307,1598,Pro,79,Cancelled,2024-01-15,2024-02-15,False,Churned MRR
2308,1598,Pro,79,Active,2024-09-15,,False,Reactivation MRR
2309,1599,Starter,0,Active,2023-03-01,,True,Trial
2310,1599,Starter,29,Cancelled,2023-07-15,2023-08-15,False,Churned MRR
2311,1600,Starter,0,Cancelled,2023-03-01,2023-03-15,True,Trial
2312,1601,Business,0,Cancelled,2023-03-01,2023-03-15,True,Trial
2313,1602,Enterprise,0,Active,2023-03-02,,True,Trial
2314,1602,Enterprise,499,Downgraded,2024-01-16,2024-02-16,False,Contraction MRR
2315,1602,Business,199,Active,2024-12-16,,False,Recurring
2316,1603,Starter,0,Cancelled,2023-03-02,2023-03-16,True,Trial
2317,1604,Pro,0,Cancelled,2023-03-02,2023-03-16,True,Trial
2318,1605,Pro,0,Cancelled,2023-03-02,2023-03-16,True,Trial
2319,1606,Pro,0,Cancelled,2023-03-02,2023-03-16,True,Trial
2320,1607,Starter,0,Active,2023-03-02,,True,Trial
2321,1607,Starter,29,Upgraded,2024-10-16,2024-11-16,False,Expansion MRR
2322,1607,Pro,79,Active,2024-12-16,,False,Recurring
2323,1608,Business,0,Cancelled,2023-03-02,2023-03-16,True,Trial
2324,1609,Pro,0,Active,2023-03-03,,True,Trial
2325,1609,Pro,79,Upgraded,2023-07-17,2023-08-17,False,Expansion MRR
2326,1609,Business,199,Cancelled,2024-04-17,2024-05-17,False,Churned MRR
2327,1610,Enterprise,0,Cancelled,2023-03-03,2023-03-17,True,Trial
2328,1611,Starter,0,Cancelled,2023-03-03,2023-03-17,True,Trial
2329,1612,Starter,0,Active,2023-03-04,,True,Trial
2330,1612,Starter,29,Cancelled,2023-07-18,2023-08-18,False,Churned MRR
2331,1613,Business,0,Cancelled,2023-03-04,2023-03-18,True,Trial
2332,1614,Enterprise,0,Cancelled,2023-03-04,2023-03-18,True,Trial
2333,1615,Pro,0,Cancelled,2023-03-04,2023-03-18,True,Trial
2334,1616,Business,0,Cancelled,2023-03-04,2023-03-18,True,Trial
2335,1617,Enterprise,0,Cancelled,2023-03-05,2023-03-19,True,Trial
2336,1618,Starter,0,Cancelled,2023-03-05,2023-03-19,True,Trial
2337,1619,Starter,0,Cancelled,2023-03-05,2023-03-19,True,Trial
2338,1620,Pro,0,Cancelled,2023-03-06,2023-03-20,True,Trial
2339,1621,Starter,0,Cancelled,2023-03-06,2023-03-20,True,Trial
2340,1622,Pro,0,Active,2023-03-06,,True,Trial
2341,1622,Pro,79,Cancelled,2024-05-20,2024-06-20,False,Churned MRR
2342,1623,Pro,0,Cancelled,2023-03-06,2023-03-20,True,Trial
2343,1624,Pro,0,Cancelled,2023-03-06,2023-03-20,True,Trial
2344,1625,Starter,0,Active,2023-03-07,,True,Trial
2345,1625,Starter,29,Cancelled,2024-02-21,2024-03-21,False,Churned MRR
2346,1626,Enterprise,0,Cancelled,2023-03-07,2023-03-21,True,Trial
2347,1627,Enterprise,0,Cancelled,2023-03-07,2023-03-21,True,Trial
2348,1628,Business,0,Active,2023-03-07,,True,Trial
2349,1628,Business,199,Upgraded,2023-06-21,2023-07-21,False,Expansion MRR
2350,1628,Enterprise,499,Active,2024-12-21,,False,Recurring
2351,1629,Pro,0,Cancelled,2023-03-07,2023-03-21,True,Trial
2352,1630,Starter,0,Cancelled,2023-03-07,2023-03-21,True,Trial
2353,1631,Enterprise,0,Cancelled,2023-03-08,2023-03-22,True,Trial
2354,1632,Starter,0,Cancelled,2023-03-08,2023-03-22,True,Trial
2355,1633,Enterprise,0,Cancelled,2023-03-08,2023-03-22,True,Trial
2356,1634,Starter,0,Active,2023-03-08,,True,Trial
2357,1634,Starter,29,Cancelled,2024-08-22,2024-09-22,False,Churned MRR
2358,1635,Starter,0,Active,2023-03-08,,True,Trial
2359,1635,Starter,29,Cancelled,2023-05-22,2023-06-22,False,Churned MRR
2360,1635,Starter,29,Active,2024-02-22,,False,Reactivation MRR
2361,1636,Starter,0,Cancelled,2023-03-08,2023-03-22,True,Trial
2362,1637,Enterprise,0,Cancelled,2023-03-08,2023-03-22,True,Trial
2363,1638,Business,0,Cancelled,2023-03-08,2023-03-22,True,Trial
2364,1639,Pro,0,Cancelled,2023-03-09,2023-03-23,True,Trial
2365,1640,Starter,0,Cancelled,2023-03-09,2023-03-23,True,Trial
2366,1641,Pro,0,Cancelled,2023-03-09,2023-03-23,True,Trial
2367,1642,Starter,0,Active,2023-03-09,,True,Trial
2368,1642,Starter,29,Cancelled,2023-04-23,2023-05-23,False,Churned MRR
2369,1643,Pro,0,Cancelled,2023-03-09,2023-03-23,True,Trial
2370,1644,Pro,0,Active,2023-03-09,,True,Trial
2371,1644,Pro,79,Active,2024-12-23,,False,Recurring
2372,1645,Starter,0,Cancelled,2023-03-09,2023-03-23,True,Trial
2373,1646,Starter,0,Cancelled,2023-03-09,2023-03-23,True,Trial
2374,1647,Pro,0,Cancelled,2023-03-10,2023-03-24,True,Trial
2375,1648,Enterprise,0,Cancelled,2023-03-10,2023-03-24,True,Trial
2376,1649,Starter,0,Cancelled,2023-03-10,2023-03-24,True,Trial
2377,1650,Enterprise,0,Active,2023-03-10,,True,Trial
2378,1650,Enterprise,499,Active,2024-12-24,,False,Recurring
2379,1651,Pro,0,Cancelled,2023-03-10,2023-03-24,True,Trial
2380,1652,Starter,0,Cancelled,2023-03-10,2023-03-24,True,Trial
2381,1653,Pro,0,Cancelled,2023-03-11,2023-03-25,True,Trial
2382,1654,Starter,0,Cancelled,2023-03-11,2023-03-25,True,Trial
2383,1655,Enterprise,0,Cancelled,2023-03-11,2023-03-25,True,Trial
2384,1656,Pro,0,Cancelled,2023-03-11,2023-03-25,True,Trial
2385,1657,Business,0,Cancelled,2023-03-11,2023-03-25,True,Trial
2386,1658,Starter,0,Cancelled,2023-03-11,2023-03-25,True,Trial
2387,1659,Enterprise,0,Cancelled,2023-03-11,2023-03-25,True,Trial
2388,1660,Business,0,Active,2023-03-11,,True,Trial
2389,1660,Business,199,Cancelled,2023-10-25,2023-11-25,False,Churned MRR
2390,1661,Starter,0,Cancelled,2023-03-11,2023-03-25,True,Trial
2391,1662,Pro,0,Active,2023-03-12,,True,Trial
2392,1662,Pro,79,Upgraded,2023-07-26,2023-08-26,False,Expansion MRR
2393,1662,Business,199,Upgraded,2024-05-26,2024-06-26,False,Expansion MRR
2394,1662,Enterprise,499,Downgraded,2024-06-26,2024-07-26,False,Contraction MRR
2395,1662,Business,199,Active,2024-12-26,,False,Recurring
2396,1663,Starter,0,Active,2023-03-12,,True,Trial
2397,1663,Starter,29,Cancelled,2023-04-26,2023-05-26,False,Churned MRR
2398,1664,Pro,0,Cancelled,2023-03-12,2023-03-26,True,Trial
2399,1665,Starter,0,Cancelled,2023-03-12,2023-03-26,True,Trial
2400,1666,Starter,0,Cancelled,2023-03-12,2023-03-26,True,Trial
2401,1667,Starter,0,Cancelled,2023-03-13,2023-03-27,True,Trial
2402,1668,Pro,0,Cancelled,2023-03-13,2023-03-27,True,Trial
2403,1669,Starter,0,Active,2023-03-13,,True,Trial
2404,1669,Starter,29,Cancelled,2023-03-27,2023-04-27,False,Churned MRR
2405,1670,Pro,0,Cancelled,2023-03-13,2023-03-27,True,Trial
2406,1671,Starter,0,Active,2023-03-13,,True,Trial
2407,1671,Starter,29,Upgraded,2023-07-27,2023-08-27,False,Expansion MRR
2408,1671,Pro,79,Active,2024-12-27,,False,Recurring
2409,1672,Starter,0,Active,2023-03-13,,True,Trial
2410,1672,Starter,29,Active,2024-12-27,,False,Recurring
2411,1673,Enterprise,0,Active,2023-03-13,,True,Trial
2412,1673,Enterprise,499,Cancelled,2023-05-27,2023-06-27,False,Churned MRR
2413,1674,Starter,0,Cancelled,2023-03-13,2023-03-27,True,Trial
2414,1675,Pro,0,Cancelled,2023-03-13,2023-03-27,True,Trial
2415,1676,Starter,0,Cancelled,2023-03-14,2023-03-28,True,Trial
2416,1677,Starter,0,Active,2023-03-14,,True,Trial
2417,1677,Starter,29,Cancelled,2023-03-28,2023-04-28,False,Churned MRR
2418,1677,Starter,29,Active,2023-07-28,,False,Reactivation MRR
2419,1678,Pro,0,Cancelled,2023-03-14,2023-03-28,True,Trial
2420,1679,Starter,0,Cancelled,2023-03-14,2023-03-28,True,Trial
2421,1680,Pro,0,Cancelled,2023-03-14,2023-03-28,True,Trial
2422,1681,Starter,0,Cancelled,2023-03-14,2023-03-28,True,Trial
2423,1682,Business,0,Active,2023-03-14,,True,Trial
2424,1682,Business,199,Cancelled,2023-10-28,2023-11-28,False,Churned MRR
2425,1683,Starter,0,Cancelled,2023-03-14,2023-03-28,True,Trial
2426,1684,Pro,0,Cancelled,2023-03-15,2023-03-29,True,Trial
2427,1685,Starter,0,Cancelled,2023-03-15,2023-03-29,True,Trial
2428,1686,Starter,0,Cancelled,2023-03-15,2023-03-29,True,Trial
2429,1687,Enterprise,0,Cancelled,2023-03-15,2023-03-29,True,Trial
2430,1688,Enterprise,0,Active,2023-03-15,,True,Trial
2431,1688,Enterprise,499,Active,2024-12-29,,False,Recurring
2432,1689,Enterprise,0,Cancelled,2023-03-15,2023-03-29,True,Trial
2433,1690,Starter,0,Cancelled,2023-03-16,2023-03-30,True,Trial
2434,1691,Starter,0,Cancelled,2023-03-16,2023-03-30,True,Trial
2435,1692,Pro,0,Cancelled,2023-03-16,2023-03-30,True,Trial
2436,1693,Business,0,Cancelled,2023-03-16,2023-03-30,True,Trial
2437,1694,Starter,0,Active,2023-03-16,,True,Trial
2438,1694,Starter,29,Cancelled,2023-10-30,2023-11-30,False,Churned MRR
2439,1695,Pro,0,Cancelled,2023-03-17,2023-03-31,True,Trial
2440,1696,Enterprise,0,Cancelled,2023-03-17,2023-03-31,True,Trial
2441,1697,Pro,0,Cancelled,2023-03-17,2023-03-31,True,Trial
2442,1698,Starter,0,Cancelled,2023-03-17,2023-03-31,True,Trial
2443,1699,Business,0,Cancelled,2023-03-17,2023-03-31,True,Trial
2444,1700,Starter,0,Cancelled,2023-03-17,2023-03-31,True,Trial
2445,1701,Enterprise,0,Active,2023-03-17,,True,Trial
2446,1701,Enterprise,499,Downgraded,2024-03-29,2024-04-29,False,Contraction MRR
2447,1701,Business,199,Active,2024-12-29,,False,Recurring
2448,1702,Pro,0,Cancelled,2023-03-18,2023-04-01,True,Trial
2449,1703,Starter,0,Cancelled,2023-03-18,2023-04-01,True,Trial
2450,1704,Starter,0,Cancelled,2023-03-18,2023-04-01,True,Trial
2451,1705,Business,0,Cancelled,2023-03-18,2023-04-01,True,Trial
2452,1706,Starter,0,Cancelled,2023-03-18,2023-04-01,True,Trial
2453,1707,Pro,0,Cancelled,2023-03-18,2023-04-01,True,Trial
2454,1708,Starter,0,Cancelled,2023-03-18,2023-04-01,True,Trial
2455,1709,Pro,0,Cancelled,2023-03-18,2023-04-01,True,Trial
2456,1710,Enterprise,0,Cancelled,2023-03-19,2023-04-02,True,Trial
2457,1711,Pro,0,Cancelled,2023-03-19,2023-04-02,True,Trial
2458,1712,Starter,0,Cancelled,2023-03-19,2023-04-02,True,Trial
2459,1713,Starter,0,Cancelled,2023-03-19,2023-04-02,True,Trial
2460,1714,Pro,0,Cancelled,2023-03-19,2023-04-02,True,Trial
2461,1715,Starter,0,Cancelled,2023-03-19,2023-04-02,True,Trial
2462,1716,Pro,0,Cancelled,2023-03-19,2023-04-02,True,Trial
2463,1717,Business,0,Cancelled,2023-03-19,2023-04-02,True,Trial
2464,1718,Starter,0,Active,2023-03-20,,True,Trial
2465,1718,Starter,29,Cancelled,2023-04-03,2023-05-03,False,Churned MRR
2466,1719,Starter,0,Cancelled,2023-03-20,2023-04-03,True,Trial
2467,1720,Enterprise,0,Cancelled,2023-03-20,2023-04-03,True,Trial
2468,1721,Pro,0,Cancelled,2023-03-20,2023-04-03,True,Trial
2469,1722,Starter,0,Cancelled,2023-03-20,2023-04-03,True,Trial
2470,1723,Business,0,Active,2023-03-20,,True,Trial
2471,1723,Business,199,Cancelled,2023-10-03,2023-11-03,False,Churned MRR
2472,1724,Business,0,Cancelled,2023-03-21,2023-04-04,True,Trial
2473,1725,Enterprise,0,Cancelled,2023-03-21,2023-04-04,True,Trial
2474,1726,Business,0,Active,2023-03-21,,True,Trial
2475,1726,Business,199,Upgraded,2023-04-04,2023-05-04,False,Expansion MRR
2476,1726,Enterprise,499,Downgraded,2024-02-04,2024-03-04,False,Contraction MRR
2477,1726,Business,199,Active,2024-12-04,,False,Recurring
2478,1727,Starter,0,Cancelled,2023-03-21,2023-04-04,True,Trial
2479,1728,Starter,0,Cancelled,2023-03-21,2023-04-04,True,Trial
2480,1729,Pro,0,Cancelled,2023-03-21,2023-04-04,True,Trial
2481,1730,Starter,0,Cancelled,2023-03-21,2023-04-04,True,Trial
2482,1731,Enterprise,0,Cancelled,2023-03-22,2023-04-05,True,Trial
2483,1732,Starter,0,Active,2023-03-22,,True,Trial
2484,1732,Starter,29,Cancelled,2023-04-05,2023-05-05,False,Churned MRR
2485,1733,Business,0,Cancelled,2023-03-22,2023-04-05,True,Trial
2486,1734,Starter,0,Cancelled,2023-03-22,2023-04-05,True,Trial
2487,1735,Starter,0,Cancelled,2023-03-22,2023-04-05,True,Trial
2488,1736,Enterprise,0,Cancelled,2023-03-22,2023-04-05,True,Trial
2489,1737,Pro,0,Active,2023-03-22,,True,Trial
2490,1737,Pro,79,Active,2024-12-05,,False,Recurring
2491,1738,Starter,0,Cancelled,2023-03-23,2023-04-06,True,Trial
2492,1739,Starter,0,Active,2023-03-23,,True,Trial
2493,1739,Starter,29,Active,2024-12-06,,False,Recurring
2494,1740,Starter,0,Cancelled,2023-03-23,2023-04-06,True,Trial
2495,1741,Business,0,Cancelled,2023-03-23,2023-04-06,True,Trial
2496,1742,Business,0,Cancelled,2023-03-23,2023-04-06,True,Trial
2497,1743,Enterprise,0,Active,2023-03-23,,True,Trial
2498,1743,Enterprise,499,Active,2024-12-06,,False,Recurring
2499,1744,Starter,0,Cancelled,2023-03-23,2023-04-06,True,Trial
2500,1745,Starter,0,Cancelled,2023-03-24,2023-04-07,True,Trial
2501,1746,Enterprise,0,Cancelled,2023-03-24,2023-04-07,True,Trial
2502,1747,Enterprise,0,Active,2023-03-24,,True,Trial
2503,1747,Enterprise,499,Cancelled,2023-06-07,2023-07-07,False,Churned MRR
2504,1748,Pro,0,Active,2023-03-24,,True,Trial
2505,1748,Pro,79,Cancelled,2023-04-07,2023-05-07,False,Churned MRR
2506,1749,Business,0,Cancelled,2023-03-24,2023-04-07,True,Trial
2507,1750,Pro,0,Cancelled,2023-03-24,2023-04-07,True,Trial
2508,1751,Enterprise,0,Cancelled,2023-03-25,2023-04-08,True,Trial
2509,1752,Starter,0,Cancelled,2023-03-25,2023-04-08,True,Trial
2510,1753,Starter,0,Cancelled,2023-03-25,2023-04-08,True,Trial
2511,1754,Starter,0,Cancelled,2023-03-25,2023-04-08,True,Trial
2512,1755,Business,0,Active,2023-03-25,,True,Trial
2513,1755,Business,199,Cancelled,2024-07-08,2024-08-08,False,Churned MRR
2514,1756,Enterprise,0,Cancelled,2023-03-25,2023-04-08,True,Trial
2515,1757,Starter,0,Cancelled,2023-03-25,2023-04-08,True,Trial
2516,1758,Pro,0,Cancelled,2023-03-25,2023-04-08,True,Trial
2517,1759,Starter,0,Cancelled,2023-03-25,2023-04-08,True,Trial
2518,1760,Pro,0,Cancelled,2023-03-25,2023-04-08,True,Trial
2519,1761,Starter,0,Cancelled,2023-03-25,2023-04-08,True,Trial
2520,1762,Starter,0,Cancelled,2023-03-26,2023-04-09,True,Trial
2521,1763,Business,0,Active,2023-03-26,,True,Trial
2522,1763,Business,199,Upgraded,2023-09-09,2023-10-09,False,Expansion MRR
2523,1763,Enterprise,499,Active,2024-12-09,,False,Recurring
2524,1764,Business,0,Cancelled,2023-03-26,2023-04-09,True,Trial
2525,1765,Pro,0,Cancelled,2023-03-26,2023-04-09,True,Trial
2526,1766,Pro,0,Cancelled,2023-03-26,2023-04-09,True,Trial
2527,1767,Business,0,Active,2023-03-26,,True,Trial
2528,1767,Business,199,Active,2024-12-09,,False,Recurring
2529,1768,Starter,0,Cancelled,2023-03-27,2023-04-10,True,Trial
2530,1769,Starter,0,Cancelled,2023-03-27,2023-04-10,True,Trial
2531,1770,Starter,0,Active,2023-03-27,,True,Trial
2532,1770,Starter,29,Cancelled,2023-09-10,2023-10-10,False,Churned MRR
2533,1771,Pro,0,Cancelled,2023-03-27,2023-04-10,True,Trial
2534,1772,Business,0,Cancelled,2023-03-28,2023-04-11,True,Trial
2535,1773,Business,0,Cancelled,2023-03-28,2023-04-11,True,Trial
2536,1774,Starter,0,Cancelled,2023-03-28,2023-04-11,True,Trial
2537,1775,Pro,0,Cancelled,2023-03-29,2023-04-12,True,Trial
2538,1776,Enterprise,0,Active,2023-03-29,,True,Trial
2539,1776,Enterprise,499,Downgraded,2024-06-12,2024-07-12,False,Contraction MRR
2540,1776,Business,199,Upgraded,2024-07-12,2024-08-12,False,Expansion MRR
2541,1776,Enterprise,499,Downgraded,2024-11-12,2024-12-12,False,Contraction MRR
2542,1776,Business,199,Active,2024-12-12,,False,Contraction MRR
2543,1777,Starter,0,Cancelled,2023-03-29,2023-04-12,True,Trial
2544,1778,Business,0,Cancelled,2023-03-29,2023-04-12,True,Trial
2545,1779,Business,0,Active,2023-03-29,,True,Trial
2546,1779,Business,199,Upgraded,2023-09-12,2023-10-12,False,Expansion MRR
2547,1779,Enterprise,499,Downgraded,2024-12-12,2025-01-12,False,Contraction MRR
2548,1780,Starter,0,Cancelled,2023-03-29,2023-04-12,True,Trial
2549,1781,Business,0,Active,2023-03-29,,True,Trial
2550,1781,Business,199,Active,2024-12-12,,False,Recurring
2551,1782,Enterprise,0,Cancelled,2023-03-30,2023-04-13,True,Trial
2552,1783,Starter,0,Cancelled,2023-03-30,2023-04-13,True,Trial
2553,1784,Starter,0,Cancelled,2023-03-30,2023-04-13,True,Trial
2554,1785,Pro,0,Active,2023-03-30,,True,Trial
2555,1785,Pro,79,Downgraded,2023-06-13,2023-07-13,False,Contraction MRR
2556,1785,Starter,29,Upgraded,2023-08-13,2023-09-13,False,Expansion MRR
2557,1785,Pro,79,Cancelled,2023-10-13,2023-11-13,False,Churned MRR
2558,1786,Pro,0,Cancelled,2023-03-30,2023-04-13,True,Trial
2559,1787,Starter,0,Cancelled,2023-03-30,2023-04-13,True,Trial
2560,1788,Pro,0,Cancelled,2023-03-30,2023-04-13,True,Trial
2561,1789,Enterprise,0,Active,2023-03-31,,True,Trial
2562,1789,Enterprise,499,Downgraded,2023-11-14,2023-12-14,False,Contraction MRR
2563,1789,Business,199,Active,2024-12-14,,False,Recurring
2564,1790,Enterprise,0,Cancelled,2023-03-31,2023-04-14,True,Trial
2565,1791,Pro,0,Active,2023-03-31,,True,Trial
2566,1791,Pro,79,Upgraded,2023-07-14,2023-08-14,False,Expansion MRR
2567,1791,Business,199,Cancelled,2024-05-14,2024-06-14,False,Churned MRR
2568,1792,Pro,0,Active,2023-03-31,,True,Trial
2569,1792,Pro,79,Active,2024-12-14,,False,Recurring
2570,1793,Pro,0,Cancelled,2023-03-31,2023-04-14,True,Trial
2571,1794,Business,0,Cancelled,2023-03-31,2023-04-14,True,Trial
2572,1795,Starter,0,Cancelled,2023-03-31,2023-04-14,True,Trial
2573,1796,Pro,0,Active,2023-03-31,,True,Trial
2574,1796,Pro,79,Cancelled,2023-08-14,2023-09-14,False,Churned MRR
2575,1797,Pro,0,Cancelled,2023-04-01,2023-04-15,True,Trial
2576,1798,Starter,0,Cancelled,2023-04-01,2023-04-15,True,Trial
2577,1799,Starter,0,Cancelled,2023-04-01,2023-04-15,True,Trial
2578,1800,Starter,0,Active,2023-04-01,,True,Trial
2579,1800,Starter,29,Cancelled,2023-06-15,2023-07-15,False,Churned MRR
2580,1801,Starter,0,Active,2023-04-01,,True,Trial
2581,1801,Starter,29,Cancelled,2023-04-15,2023-05-15,False,Churned MRR
2582,1802,Enterprise,0,Cancelled,2023-04-01,2023-04-15,True,Trial
2583,1803,Pro,0,Active,2023-04-01,,True,Trial
2584,1803,Pro,79,Active,2024-12-15,,False,Recurring
2585,1804,Starter,0,Cancelled,2023-04-02,2023-04-16,True,Trial
2586,1805,Starter,0,Active,2023-04-02,,True,Trial
2587,1805,Starter,29,Cancelled,2023-05-16,2023-06-16,False,Churned MRR
2588,1806,Starter,0,Active,2023-04-02,,True,Trial
2589,1806,Starter,29,Cancelled,2023-09-16,2023-10-16,False,Churned MRR
2590,1807,Business,0,Cancelled,2023-04-02,2023-04-16,True,Trial
2591,1808,Pro,0,Cancelled,2023-04-03,2023-04-17,True,Trial
2592,1809,Starter,0,Cancelled,2023-04-03,2023-04-17,True,Trial
2593,1810,Starter,0,Cancelled,2023-04-03,2023-04-17,True,Trial
2594,1811,Enterprise,0,Cancelled,2023-04-03,2023-04-17,True,Trial
2595,1812,Pro,0,Active,2023-04-03,,True,Trial
2596,1812,Pro,79,Cancelled,2024-04-17,2024-05-17,False,Churned MRR
2597,1813,Starter,0,Active,2023-04-04,,True,Trial
2598,1813,Starter,29,Active,2024-12-18,,False,Recurring
2599,1814,Pro,0,Cancelled,2023-04-04,2023-04-18,True,Trial
2600,1815,Pro,0,Cancelled,2023-04-04,2023-04-18,True,Trial
2601,1816,Starter,0,Cancelled,2023-04-04,2023-04-18,True,Trial
2602,1817,Pro,0,Cancelled,2023-04-04,2023-04-18,True,Trial
2603,1818,Starter,0,Cancelled,2023-04-04,2023-04-18,True,Trial
2604,1819,Pro,0,Cancelled,2023-04-04,2023-04-18,True,Trial
2605,1820,Starter,0,Active,2023-04-04,,True,Trial
2606,1820,Starter,29,Cancelled,2024-08-18,2024-09-18,False,Churned MRR
2607,1821,Starter,0,Cancelled,2023-04-05,2023-04-19,True,Trial
2608,1822,Starter,0,Cancelled,2023-04-06,2023-04-20,True,Trial
2609,1823,Enterprise,0,Cancelled,2023-04-06,2023-04-20,True,Trial
2610,1824,Pro,0,Cancelled,2023-04-06,2023-04-20,True,Trial
2611,1825,Starter,0,Active,2023-04-06,,True,Trial
2612,1825,Starter,29,Cancelled,2023-04-20,2023-05-20,False,Churned MRR
2613,1826,Starter,0,Cancelled,2023-04-06,2023-04-20,True,Trial
2614,1827,Starter,0,Cancelled,2023-04-06,2023-04-20,True,Trial
2615,1828,Pro,0,Active,2023-04-07,,True,Trial
2616,1828,Pro,79,Upgraded,2024-07-21,2024-08-21,False,Expansion MRR
2617,1828,Business,199,Active,2024-12-21,,False,Recurring
2618,1829,Pro,0,Cancelled,2023-04-07,2023-04-21,True,Trial
2619,1830,Pro,0,Cancelled,2023-04-07,2023-04-21,True,Trial
2620,1831,Pro,0,Cancelled,2023-04-07,2023-04-21,True,Trial
2621,1832,Starter,0,Active,2023-04-07,,True,Trial
2622,1832,Starter,29,Upgraded,2024-01-21,2024-02-21,False,Expansion MRR
2623,1832,Pro,79,Cancelled,2024-08-21,2024-09-21,False,Churned MRR
2624,1833,Pro,0,Cancelled,2023-04-07,2023-04-21,True,Trial
2625,1834,Pro,0,Active,2023-04-07,,True,Trial
2626,1834,Pro,79,Cancelled,2023-06-21,2023-07-21,False,Churned MRR
2627,1835,Pro,0,Cancelled,2023-04-07,2023-04-21,True,Trial
2628,1836,Pro,0,Cancelled,2023-04-08,2023-04-22,True,Trial
2629,1837,Starter,0,Cancelled,2023-04-08,2023-04-22,True,Trial
2630,1838,Enterprise,0,Active,2023-04-08,,True,Trial
2631,1838,Enterprise,499,Downgraded,2024-11-22,2024-12-22,False,Contraction MRR
2632,1838,Business,199,Active,2024-12-22,,False,Contraction MRR
2633,1839,Starter,0,Cancelled,2023-04-08,2023-04-22,True,Trial
2634,1840,Pro,0,Cancelled,2023-04-08,2023-04-22,True,Trial
2635,1841,Starter,0,Active,2023-04-09,,True,Trial
2636,1841,Starter,29,Cancelled,2023-05-23,2023-06-23,False,Churned MRR
2637,1842,Starter,0,Cancelled,2023-04-09,2023-04-23,True,Trial
2638,1843,Pro,0,Cancelled,2023-04-09,2023-04-23,True,Trial
2639,1844,Business,0,Active,2023-04-09,,True,Trial
2640,1844,Business,199,Upgraded,2024-01-23,2024-02-23,False,Expansion MRR
2641,1844,Enterprise,499,Cancelled,2024-10-23,2024-11-23,False,Churned MRR
2642,1845,Starter,0,Cancelled,2023-04-09,2023-04-23,True,Trial
2643,1846,Enterprise,0,Active,2023-04-09,,True,Trial
2644,1846,Enterprise,499,Active,2024-12-23,,False,Recurring
2645,1847,Starter,0,Cancelled,2023-04-10,2023-04-24,True,Trial
2646,1848,Business,0,Active,2023-04-10,,True,Trial
2647,1848,Business,199,Cancelled,2023-10-24,2023-11-24,False,Churned MRR
2648,1849,Starter,0,Cancelled,2023-04-10,2023-04-24,True,Trial
2649,1850,Business,0,Active,2023-04-10,,True,Trial
2650,1850,Business,199,Upgraded,2023-08-24,2023-09-24,False,Expansion MRR
2651,1850,Enterprise,499,Cancelled,2023-10-24,2023-11-24,False,Churned MRR
2652,1851,Starter,0,Cancelled,2023-04-10,2023-04-24,True,Trial
2653,1852,Starter,0,Cancelled,2023-04-10,2023-04-24,True,Trial
2654,1853,Pro,0,Cancelled,2023-04-10,2023-04-24,True,Trial
2655,1854,Starter,0,Cancelled,2023-04-11,2023-04-25,True,Trial
2656,1855,Starter,0,Cancelled,2023-04-11,2023-04-25,True,Trial
2657,1856,Pro,0,Cancelled,2023-04-11,2023-04-25,True,Trial
2658,1857,Business,0,Cancelled,2023-04-11,2023-04-25,True,Trial
2659,1858,Pro,0,Cancelled,2023-04-11,2023-04-25,True,Trial
2660,1859,Starter,0,Cancelled,2023-04-11,2023-04-25,True,Trial
2661,1860,Business,0,Cancelled,2023-04-11,2023-04-25,True,Trial
2662,1861,Starter,0,Cancelled,2023-04-11,2023-04-25,True,Trial
2663,1862,Business,0,Cancelled,2023-04-11,2023-04-25,True,Trial
2664,1863,Enterprise,0,Cancelled,2023-04-11,2023-04-25,True,Trial
2665,1864,Enterprise,0,Cancelled,2023-04-11,2023-04-25,True,Trial
2666,1865,Business,0,Cancelled,2023-04-12,2023-04-26,True,Trial
2667,1866,Enterprise,0,Cancelled,2023-04-12,2023-04-26,True,Trial
2668,1867,Starter,0,Cancelled,2023-04-12,2023-04-26,True,Trial
2669,1868,Business,0,Cancelled,2023-04-13,2023-04-27,True,Trial
2670,1869,Starter,0,Active,2023-04-13,,True,Trial
2671,1869,Starter,29,Cancelled,2024-07-27,2024-08-27,False,Churned MRR
2672,1870,Starter,0,Cancelled,2023-04-13,2023-04-27,True,Trial
2673,1871,Business,0,Active,2023-04-14,,True,Trial
2674,1871,Business,199,Upgraded,2024-04-28,2024-05-28,False,Expansion MRR
2675,1871,Enterprise,499,Active,2024-12-28,,False,Recurring
2676,1872,Pro,0,Cancelled,2023-04-14,2023-04-28,True,Trial
2677,1873,Business,0,Cancelled,2023-04-14,2023-04-28,True,Trial
2678,1874,Starter,0,Active,2023-04-14,,True,Trial
2679,1874,Starter,29,Cancelled,2023-08-28,2023-09-28,False,Churned MRR
2680,1875,Starter,0,Cancelled,2023-04-14,2023-04-28,True,Trial
2681,1876,Enterprise,0,Active,2023-04-15,,True,Trial
2682,1876,Enterprise,499,Downgraded,2024-02-29,2024-03-29,False,Contraction MRR
2683,1876,Business,199,Active,2024-12-29,,False,Recurring
2684,1877,Business,0,Cancelled,2023-04-15,2023-04-29,True,Trial
2685,1878,Enterprise,0,Active,2023-04-15,,True,Trial
2686,1878,Enterprise,499,Active,2024-12-29,,False,Recurring
2687,1879,Business,0,Cancelled,2023-04-15,2023-04-29,True,Trial
2688,1880,Starter,0,Cancelled,2023-04-15,2023-04-29,True,Trial
2689,1881,Starter,0,Active,2023-04-15,,True,Trial
2690,1881,Starter,29,Cancelled,2023-05-29,2023-06-29,False,Churned MRR
2691,1882,Pro,0,Cancelled,2023-04-15,2023-04-29,True,Trial
2692,1883,Pro,0,Cancelled,2023-04-15,2023-04-29,True,Trial
2693,1884,Starter,0,Cancelled,2023-04-15,2023-04-29,True,Trial
2694,1885,Business,0,Cancelled,2023-04-15,2023-04-29,True,Trial
2695,1886,Pro,0,Active,2023-04-16,,True,Trial
2696,1886,Pro,79,Upgraded,2023-07-30,2023-08-30,False,Expansion MRR
2697,1886,Business,199,Cancelled,2024-09-29,2024-10-29,False,Churned MRR
2698,1887,Starter,0,Cancelled,2023-04-16,2023-04-30,True,Trial
2699,1888,Pro,0,Cancelled,2023-04-16,2023-04-30,True,Trial
2700,1889,Starter,0,Cancelled,2023-04-16,2023-04-30,True,Trial
2701,1890,Starter,0,Cancelled,2023-04-16,2023-04-30,True,Trial
2702,1891,Starter,0,Cancelled,2023-04-16,2023-04-30,True,Trial
2703,1892,Starter,0,Cancelled,2023-04-16,2023-04-30,True,Trial
2704,1893,Pro,0,Cancelled,2023-04-17,2023-05-01,True,Trial
2705,1894,Pro,0,Cancelled,2023-04-17,2023-05-01,True,Trial
2706,1895,Starter,0,Cancelled,2023-04-17,2023-05-01,True,Trial
2707,1896,Pro,0,Active,2023-04-17,,True,Trial
2708,1896,Pro,79,Cancelled,2023-06-01,2023-07-01,False,Churned MRR
2709,1896,Starter,29,Active,2024-03-01,,False,Reactivation MRR
2710,1897,Starter,0,Active,2023-04-17,,True,Trial
2711,1897,Starter,29,Cancelled,2023-06-01,2023-07-01,False,Churned MRR
2712,1898,Starter,0,Active,2023-04-17,,True,Trial
2713,1898,Starter,29,Cancelled,2023-05-01,2023-06-01,False,Churned MRR
2714,1899,Business,0,Active,2023-04-18,,True,Trial
2715,1899,Business,199,Cancelled,2024-03-02,2024-04-02,False,Churned MRR
2716,1900,Enterprise,0,Active,2023-04-18,,True,Trial
2717,1900,Enterprise,499,Active,2024-12-02,,False,Recurring
2718,1901,Enterprise,0,Active,2023-04-18,,True,Trial
2719,1901,Enterprise,499,Downgraded,2024-01-02,2024-02-02,False,Contraction MRR
2720,1901,Business,199,Upgraded,2024-03-02,2024-04-02,False,Expansion MRR
2721,1901,Enterprise,499,Active,2024-12-02,,False,Recurring
2722,1902,Starter,0,Cancelled,2023-04-18,2023-05-02,True,Trial
2723,1903,Starter,0,Cancelled,2023-04-18,2023-05-02,True,Trial
2724,1904,Business,0,Cancelled,2023-04-18,2023-05-02,True,Trial
2725,1905,Enterprise,0,Active,2023-04-18,,True,Trial
2726,1905,Enterprise,499,Active,2024-12-02,,False,Recurring
2727,1906,Starter,0,Cancelled,2023-04-18,2023-05-02,True,Trial
2728,1907,Starter,0,Cancelled,2023-04-18,2023-05-02,True,Trial
2729,1908,Starter,0,Cancelled,2023-04-18,2023-05-02,True,Trial
2730,1909,Business,0,Active,2023-04-18,,True,Trial
2731,1909,Business,199,Upgraded,2023-05-02,2023-06-02,False,Expansion MRR
2732,1909,Enterprise,499,Active,2024-12-02,,False,Recurring
2733,1910,Starter,0,Active,2023-04-18,,True,Trial
2734,1910,Starter,29,Cancelled,2023-11-02,2023-12-02,False,Churned MRR
2735,1911,Starter,0,Cancelled,2023-04-19,2023-05-03,True,Trial
2736,1912,Starter,0,Active,2023-04-19,,True,Trial
2737,1912,Starter,29,Cancelled,2023-05-03,2023-06-03,False,Churned MRR
2738,1913,Starter,0,Cancelled,2023-04-19,2023-05-03,True,Trial
2739,1914,Pro,0,Cancelled,2023-04-19,2023-05-03,True,Trial
2740,1915,Starter,0,Cancelled,2023-04-19,2023-05-03,True,Trial
2741,1916,Pro,0,Cancelled,2023-04-20,2023-05-04,True,Trial
2742,1917,Starter,0,Cancelled,2023-04-20,2023-05-04,True,Trial
2743,1918,Starter,0,Active,2023-04-20,,True,Trial
2744,1918,Starter,29,Cancelled,2023-07-04,2023-08-04,False,Churned MRR
2745,1919,Starter,0,Cancelled,2023-04-20,2023-05-04,True,Trial
2746,1920,Pro,0,Cancelled,2023-04-20,2023-05-04,True,Trial
2747,1921,Business,0,Cancelled,2023-04-21,2023-05-05,True,Trial
2748,1922,Starter,0,Cancelled,2023-04-21,2023-05-05,True,Trial
2749,1923,Starter,0,Cancelled,2023-04-21,2023-05-05,True,Trial
2750,1924,Business,0,Cancelled,2023-04-21,2023-05-05,True,Trial
2751,1925,Business,0,Cancelled,2023-04-21,2023-05-05,True,Trial
2752,1926,Starter,0,Cancelled,2023-04-21,2023-05-05,True,Trial
2753,1927,Pro,0,Cancelled,2023-04-21,2023-05-05,True,Trial
2754,1928,Pro,0,Cancelled,2023-04-21,2023-05-05,True,Trial
2755,1929,Starter,0,Active,2023-04-22,,True,Trial
2756,1929,Starter,29,Cancelled,2023-10-06,2023-11-06,False,Churned MRR
2757,1930,Starter,0,Cancelled,2023-04-22,2023-05-06,True,Trial
2758,1931,Enterprise,0,Cancelled,2023-04-22,2023-05-06,True,Trial
2759,1932,Business,0,Cancelled,2023-04-22,2023-05-06,True,Trial
2760,1933,Pro,0,Cancelled,2023-04-22,2023-05-06,True,Trial
2761,1934,Pro,0,Cancelled,2023-04-22,2023-05-06,True,Trial
2762,1935,Starter,0,Cancelled,2023-04-22,2023-05-06,True,Trial
2763,1936,Pro,0,Active,2023-04-23,,True,Trial
2764,1936,Pro,79,Active,2024-12-07,,False,Recurring
2765,1937,Pro,0,Cancelled,2023-04-23,2023-05-07,True,Trial
2766,1938,Business,0,Cancelled,2023-04-23,2023-05-07,True,Trial
2767,1939,Pro,0,Cancelled,2023-04-23,2023-05-07,True,Trial
2768,1940,Pro,0,Cancelled,2023-04-24,2023-05-08,True,Trial
2769,1941,Enterprise,0,Cancelled,2023-04-24,2023-05-08,True,Trial
2770,1942,Starter,0,Cancelled,2023-04-24,2023-05-08,True,Trial
2771,1943,Starter,0,Active,2023-04-24,,True,Trial
2772,1943,Starter,29,Cancelled,2023-10-08,2023-11-08,False,Churned MRR
2773,1944,Pro,0,Cancelled,2023-04-24,2023-05-08,True,Trial
2774,1945,Starter,0,Active,2023-04-24,,True,Trial
2775,1945,Starter,29,Cancelled,2024-08-08,2024-09-08,False,Churned MRR
2776,1946,Starter,0,Active,2023-04-25,,True,Trial
2777,1946,Starter,29,Upgraded,2023-12-09,2024-01-09,False,Expansion MRR
2778,1946,Pro,79,Active,2024-12-09,,False,Recurring
2779,1947,Pro,0,Active,2023-04-25,,True,Trial
2780,1947,Pro,79,Upgraded,2023-11-09,2023-12-09,False,Expansion MRR
2781,1947,Business,199,Active,2024-12-09,,False,Recurring
2782,1948,Pro,0,Cancelled,2023-04-25,2023-05-09,True,Trial
2783,1949,Starter,0,Active,2023-04-25,,True,Trial
2784,1949,Starter,29,Cancelled,2024-01-09,2024-02-09,False,Churned MRR
2785,1950,Business,0,Cancelled,2023-04-25,2023-05-09,True,Trial
2786,1951,Starter,0,Cancelled,2023-04-25,2023-05-09,True,Trial
2787,1952,Starter,0,Active,2023-04-25,,True,Trial
2788,1952,Starter,29,Cancelled,2023-06-09,2023-07-09,False,Churned MRR
2789,1953,Business,0,Cancelled,2023-04-25,2023-05-09,True,Trial
2790,1954,Starter,0,Cancelled,2023-04-26,2023-05-10,True,Trial
2791,1955,Starter,0,Cancelled,2023-04-26,2023-05-10,True,Trial
2792,1956,Starter,0,Cancelled,2023-04-26,2023-05-10,True,Trial
2793,1957,Business,0,Cancelled,2023-04-26,2023-05-10,True,Trial
2794,1958,Pro,0,Active,2023-04-26,,True,Trial
2795,1958,Pro,79,Cancelled,2024-05-10,2024-06-10,False,Churned MRR
2796,1959,Starter,0,Cancelled,2023-04-26,2023-05-10,True,Trial
2797,1960,Starter,0,Active,2023-04-27,,True,Trial
2798,1960,Starter,29,Cancelled,2023-05-11,2023-06-11,False,Churned MRR
2799,1961,Business,0,Cancelled,2023-04-27,2023-05-11,True,Trial
2800,1962,Starter,0,Cancelled,2023-04-27,2023-05-11,True,Trial
2801,1963,Starter,0,Cancelled,2023-04-27,2023-05-11,True,Trial
2802,1964,Pro,0,Cancelled,2023-04-27,2023-05-11,True,Trial
2803,1965,Pro,0,Cancelled,2023-04-27,2023-05-11,True,Trial
2804,1966,Pro,0,Cancelled,2023-04-27,2023-05-11,True,Trial
2805,1967,Pro,0,Cancelled,2023-04-27,2023-05-11,True,Trial
2806,1968,Enterprise,0,Active,2023-04-28,,True,Trial
2807,1968,Enterprise,499,Downgraded,2023-05-12,2023-06-12,False,Contraction MRR
2808,1968,Business,199,Upgraded,2024-02-12,2024-03-12,False,Expansion MRR
2809,1968,Enterprise,499,Active,2024-12-12,,False,Recurring
2810,1969,Starter,0,Cancelled,2023-04-28,2023-05-12,True,Trial
2811,1970,Enterprise,0,Active,2023-04-29,,True,Trial
2812,1970,Enterprise,499,Cancelled,2023-09-13,2023-10-13,False,Churned MRR
2813,1970,Enterprise,499,Active,2024-07-13,,False,Reactivation MRR
2814,1971,Pro,0,Active,2023-04-29,,True,Trial
2815,1971,Pro,79,Active,2024-12-13,,False,Recurring
2816,1972,Starter,0,Active,2023-04-29,,True,Trial
2817,1972,Starter,29,Upgraded,2023-06-13,2023-07-13,False,Expansion MRR
2818,1972,Pro,79,Upgraded,2023-07-13,2023-08-13,False,Expansion MRR
2819,1972,Business,199,Active,2024-12-13,,False,Recurring
2820,1973,Pro,0,Active,2023-04-29,,True,Trial
2821,1973,Pro,79,Active,2024-12-13,,False,Recurring
2822,1974,Enterprise,0,Cancelled,2023-04-29,2023-05-13,True,Trial
2823,1975,Pro,0,Active,2023-04-29,,True,Trial
2824,1975,Pro,79,Active,2024-12-13,,False,Recurring
2825,1976,Starter,0,Cancelled,2023-04-29,2023-05-13,True,Trial
2826,1977,Starter,0,Cancelled,2023-04-30,2023-05-14,True,Trial
2827,1978,Starter,0,Cancelled,2023-04-30,2023-05-14,True,Trial
2828,1979,Starter,0,Active,2023-04-30,,True,Trial
2829,1979,Starter,29,Cancelled,2023-05-14,2023-06-14,False,Churned MRR
2830,1980,Enterprise,0,Active,2023-04-30,,True,Trial
2831,1980,Enterprise,499,Downgraded,2024-07-14,2024-08-14,False,Contraction MRR
2832,1980,Business,199,Downgraded,2024-08-14,2024-09-14,False,Contraction MRR
2833,1980,Pro,79,Active,2024-12-14,,False,Recurring
2834,1981,Enterprise,0,Active,2023-05-01,,True,Trial
2835,1981,Enterprise,499,Cancelled,2024-08-15,2024-09-15,False,Churned MRR
2836,1982,Starter,0,Cancelled,2023-05-01,2023-05-15,True,Trial
2837,1983,Pro,0,Cancelled,2023-05-01,2023-05-15,True,Trial
2838,1984,Pro,0,Active,2023-05-01,,True,Trial
2839,1984,Pro,79,Cancelled,2023-06-15,2023-07-15,False,Churned MRR
2840,1985,Starter,0,Cancelled,2023-05-01,2023-05-15,True,Trial
2841,1986,Pro,0,Cancelled,2023-05-01,2023-05-15,True,Trial
2842,1987,Starter,0,Cancelled,2023-05-01,2023-05-15,True,Trial
2843,1988,Starter,0,Cancelled,2023-05-01,2023-05-15,True,Trial
2844,1989,Pro,0,Active,2023-05-02,,True,Trial
2845,1989,Pro,79,Cancelled,2024-06-16,2024-07-16,False,Churned MRR
2846,1990,Pro,0,Active,2023-05-02,,True,Trial
2847,1990,Pro,79,Cancelled,2024-04-16,2024-05-16,False,Churned MRR
2848,1991,Business,0,Cancelled,2023-05-02,2023-05-16,True,Trial
2849,1992,Business,0,Cancelled,2023-05-02,2023-05-16,True,Trial
2850,1993,Starter,0,Cancelled,2023-05-02,2023-05-16,True,Trial
2851,1994,Starter,0,Cancelled,2023-05-02,2023-05-16,True,Trial
2852,1995,Business,0,Active,2023-05-02,,True,Trial
2853,1995,Business,199,Active,2024-12-16,,False,Recurring
2854,1996,Business,0,Cancelled,2023-05-02,2023-05-16,True,Trial
2855,1997,Enterprise,0,Cancelled,2023-05-03,2023-05-17,True,Trial
2856,1998,Pro,0,Cancelled,2023-05-03,2023-05-17,True,Trial
2857,1999,Starter,0,Active,2023-05-03,,True,Trial
2858,1999,Starter,29,Cancelled,2023-12-17,2024-01-17,False,Churned MRR
2859,2000,Starter,0,Cancelled,2023-05-03,2023-05-17,True,Trial
2860,2001,Pro,0,Active,2023-05-03,,True,Trial
2861,2001,Pro,79,Cancelled,2023-05-17,2023-06-17,False,Churned MRR
2862,2002,Pro,0,Cancelled,2023-05-03,2023-05-17,True,Trial
2863,2003,Starter,0,Cancelled,2023-05-03,2023-05-17,True,Trial
2864,2004,Starter,0,Cancelled,2023-05-03,2023-05-17,True,Trial
2865,2005,Starter,0,Cancelled,2023-05-03,2023-05-17,True,Trial
2866,2006,Starter,0,Cancelled,2023-05-03,2023-05-17,True,Trial
2867,2007,Enterprise,0,Cancelled,2023-05-03,2023-05-17,True,Trial
2868,2008,Starter,0,Cancelled,2023-05-04,2023-05-18,True,Trial
2869,2009,Enterprise,0,Cancelled,2023-05-04,2023-05-18,True,Trial
2870,2010,Business,0,Active,2023-05-04,,True,Trial
2871,2010,Business,199,Upgraded,2024-12-18,2025-01-18,False,Expansion MRR
2872,2011,Starter,0,Cancelled,2023-05-04,2023-05-18,True,Trial
2873,2012,Pro,0,Cancelled,2023-05-04,2023-05-18,True,Trial
2874,2013,Pro,0,Active,2023-05-04,,True,Trial
2875,2013,Pro,79,Active,2024-12-18,,False,Recurring
2876,2014,Starter,0,Cancelled,2023-05-05,2023-05-19,True,Trial
2877,2015,Pro,0,Cancelled,2023-05-05,2023-05-19,True,Trial
2878,2016,Starter,0,Cancelled,2023-05-05,2023-05-19,True,Trial
2879,2017,Pro,0,Active,2023-05-05,,True,Trial
2880,2017,Pro,79,Downgraded,2024-01-19,2024-02-19,False,Contraction MRR
2881,2017,Starter,29,Cancelled,2024-02-19,2024-03-19,False,Churned MRR
2882,2018,Business,0,Cancelled,2023-05-05,2023-05-19,True,Trial
2883,2019,Enterprise,0,Cancelled,2023-05-06,2023-05-20,True,Trial
2884,2020,Starter,0,Cancelled,2023-05-06,2023-05-20,True,Trial
2885,2021,Business,0,Cancelled,2023-05-06,2023-05-20,True,Trial
2886,2022,Enterprise,0,Active,2023-05-06,,True,Trial
2887,2022,Enterprise,499,Downgraded,2023-06-20,2023-07-20,False,Contraction MRR
2888,2022,Business,199,Upgraded,2023-08-20,2023-09-20,False,Expansion MRR
2889,2022,Enterprise,499,Downgraded,2024-10-20,2024-11-20,False,Contraction MRR
2890,2022,Business,199,Active,2024-12-20,,False,Recurring
2891,2023,Pro,0,Cancelled,2023-05-06,2023-05-20,True,Trial
2892,2024,Enterprise,0,Cancelled,2023-05-06,2023-05-20,True,Trial
2893,2025,Pro,0,Active,2023-05-06,,True,Trial
2894,2025,Pro,79,Upgraded,2023-05-20,2023-06-20,False,Expansion MRR
2895,2025,Business,199,Active,2024-12-20,,False,Recurring
2896,2026,Business,0,Cancelled,2023-05-06,2023-05-20,True,Trial
2897,2027,Business,0,Cancelled,2023-05-06,2023-05-20,True,Trial
2898,2028,Enterprise,0,Active,2023-05-07,,True,Trial
2899,2028,Enterprise,499,Cancelled,2023-05-21,2023-06-21,False,Churned MRR
2900,2029,Pro,0,Cancelled,2023-05-07,2023-05-21,True,Trial
2901,2030,Business,0,Cancelled,2023-05-07,2023-05-21,True,Trial
2902,2031,Business,0,Cancelled,2023-05-07,2023-05-21,True,Trial
2903,2032,Enterprise,0,Cancelled,2023-05-07,2023-05-21,True,Trial
2904,2033,Pro,0,Cancelled,2023-05-07,2023-05-21,True,Trial
2905,2034,Pro,0,Active,2023-05-07,,True,Trial
2906,2034,Pro,79,Upgraded,2024-01-21,2024-02-21,False,Expansion MRR
2907,2034,Business,199,Upgraded,2024-02-21,2024-03-21,False,Expansion MRR
2908,2034,Enterprise,499,Downgraded,2024-12-21,2025-01-21,False,Contraction MRR
2909,2035,Enterprise,0,Cancelled,2023-05-07,2023-05-21,True,Trial
2910,2036,Business,0,Active,2023-05-07,,True,Trial
2911,2036,Business,199,Upgraded,2023-07-21,2023-08-21,False,Expansion MRR
2912,2036,Enterprise,499,Downgraded,2024-10-21,2024-11-21,False,Contraction MRR
2913,2036,Business,199,Upgraded,2024-11-21,2024-12-21,False,Expansion MRR
2914,2036,Enterprise,499,Active,2024-12-21,,False,Expansion MRR
2915,2037,Enterprise,0,Active,2023-05-07,,True,Trial
2916,2037,Enterprise,499,Active,2024-12-21,,False,Recurring
2917,2038,Starter,0,Cancelled,2023-05-07,2023-05-21,True,Trial
2918,2039,Starter,0,Cancelled,2023-05-08,2023-05-22,True,Trial
2919,2040,Enterprise,0,Active,2023-05-08,,True,Trial
2920,2040,Enterprise,499,Downgraded,2024-01-22,2024-02-22,False,Contraction MRR
2921,2040,Business,199,Active,2024-12-22,,False,Recurring
2922,2041,Starter,0,Active,2023-05-08,,True,Trial
2923,2041,Starter,29,Active,2024-12-22,,False,Recurring
2924,2042,Pro,0,Active,2023-05-08,,True,Trial
2925,2042,Pro,79,Cancelled,2023-05-22,2023-06-22,False,Churned MRR
2926,2043,Business,0,Active,2023-05-08,,True,Trial
2927,2043,Business,199,Active,2024-12-22,,False,Recurring
2928,2044,Pro,0,Cancelled,2023-05-08,2023-05-22,True,Trial
2929,2045,Pro,0,Active,2023-05-09,,True,Trial
2930,2045,Pro,79,Cancelled,2024-12-23,2025-01-01,False,Churned MRR
2931,2046,Business,0,Cancelled,2023-05-09,2023-05-23,True,Trial
2932,2047,Enterprise,0,Cancelled,2023-05-09,2023-05-23,True,Trial
2933,2048,Starter,0,Cancelled,2023-05-09,2023-05-23,True,Trial
2934,2049,Starter,0,Cancelled,2023-05-09,2023-05-23,True,Trial
2935,2050,Enterprise,0,Cancelled,2023-05-09,2023-05-23,True,Trial
2936,2051,Enterprise,0,Active,2023-05-09,,True,Trial
2937,2051,Enterprise,499,Active,2024-12-23,,False,Recurring
2938,2052,Pro,0,Cancelled,2023-05-09,2023-05-23,True,Trial
2939,2053,Starter,0,Cancelled,2023-05-09,2023-05-23,True,Trial
2940,2054,Enterprise,0,Cancelled,2023-05-10,2023-05-24,True,Trial
2941,2055,Starter,0,Active,2023-05-10,,True,Trial
2942,2055,Starter,29,Cancelled,2024-08-24,2024-09-24,False,Churned MRR
2943,2056,Enterprise,0,Active,2023-05-10,,True,Trial
2944,2056,Enterprise,499,Active,2024-12-24,,False,Recurring
2945,2057,Starter,0,Cancelled,2023-05-10,2023-05-24,True,Trial
2946,2058,Enterprise,0,Cancelled,2023-05-10,2023-05-24,True,Trial
2947,2059,Starter,0,Cancelled,2023-05-10,2023-05-24,True,Trial
2948,2060,Business,0,Cancelled,2023-05-10,2023-05-24,True,Trial
2949,2061,Pro,0,Active,2023-05-10,,True,Trial
2950,2061,Pro,79,Active,2024-12-24,,False,Recurring
2951,2062,Enterprise,0,Cancelled,2023-05-11,2023-05-25,True,Trial
2952,2063,Starter,0,Cancelled,2023-05-11,2023-05-25,True,Trial
2953,2064,Starter,0,Cancelled,2023-05-11,2023-05-25,True,Trial
2954,2065,Enterprise,0,Cancelled,2023-05-11,2023-05-25,True,Trial
2955,2066,Starter,0,Cancelled,2023-05-11,2023-05-25,True,Trial
2956,2067,Starter,0,Cancelled,2023-05-11,2023-05-25,True,Trial
2957,2068,Starter,0,Cancelled,2023-05-12,2023-05-26,True,Trial
2958,2069,Starter,0,Cancelled,2023-05-12,2023-05-26,True,Trial
2959,2070,Enterprise,0,Cancelled,2023-05-12,2023-05-26,True,Trial
2960,2071,Starter,0,Cancelled,2023-05-12,2023-05-26,True,Trial
2961,2072,Business,0,Cancelled,2023-05-13,2023-05-27,True,Trial
2962,2073,Enterprise,0,Active,2023-05-13,,True,Trial
2963,2073,Enterprise,499,Active,2024-12-27,,False,Recurring
2964,2074,Business,0,Cancelled,2023-05-13,2023-05-27,True,Trial
2965,2075,Enterprise,0,Cancelled,2023-05-13,2023-05-27,True,Trial
2966,2076,Pro,0,Cancelled,2023-05-13,2023-05-27,True,Trial
2967,2077,Starter,0,Active,2023-05-13,,True,Trial
2968,2077,Starter,29,Upgraded,2023-08-27,2023-09-27,False,Expansion MRR
2969,2077,Pro,79,Downgraded,2023-09-27,2023-10-27,False,Contraction MRR
2970,2077,Starter,29,Cancelled,2024-03-27,2024-04-27,False,Churned MRR
2971,2078,Pro,0,Active,2023-05-13,,True,Trial
2972,2078,Pro,79,Active,2024-12-27,,False,Recurring
2973,2079,Starter,0,Active,2023-05-14,,True,Trial
2974,2079,Starter,29,Cancelled,2024-08-28,2024-09-28,False,Churned MRR
2975,2080,Business,0,Cancelled,2023-05-14,2023-05-28,True,Trial
2976,2081,Starter,0,Active,2023-05-14,,True,Trial
2977,2081,Starter,29,Cancelled,2023-06-28,2023-07-28,False,Churned MRR
2978,2082,Pro,0,Cancelled,2023-05-14,2023-05-28,True,Trial
2979,2083,Starter,0,Cancelled,2023-05-14,2023-05-28,True,Trial
2980,2084,Starter,0,Cancelled,2023-05-14,2023-05-28,True,Trial
2981,2085,Business,0,Cancelled,2023-05-14,2023-05-28,True,Trial
2982,2086,Starter,0,Active,2023-05-14,,True,Trial
2983,2086,Starter,29,Cancelled,2024-04-28,2024-05-28,False,Churned MRR
2984,2087,Starter,0,Cancelled,2023-05-15,2023-05-29,True,Trial
2985,2088,Starter,0,Cancelled,2023-05-15,2023-05-29,True,Trial
2986,2089,Enterprise,0,Cancelled,2023-05-15,2023-05-29,True,Trial
2987,2090,Starter,0,Active,2023-05-15,,True,Trial
2988,2090,Starter,29,Cancelled,2023-06-29,2023-07-29,False,Churned MRR
2989,2091,Pro,0,Active,2023-05-15,,True,Trial
2990,2091,Pro,79,Cancelled,2023-11-29,2023-12-29,False,Churned MRR
2991,2092,Pro,0,Cancelled,2023-05-15,2023-05-29,True,Trial
2992,2093,Pro,0,Cancelled,2023-05-15,2023-05-29,True,Trial
2993,2094,Starter,0,Cancelled,2023-05-15,2023-05-29,True,Trial
2994,2095,Enterprise,0,Cancelled,2023-05-15,2023-05-29,True,Trial
2995,2096,Pro,0,Active,2023-05-16,,True,Trial
2996,2096,Pro,79,Downgraded,2023-05-30,2023-06-30,False,Contraction MRR
2997,2096,Starter,29,Cancelled,2024-09-29,2024-10-29,False,Churned MRR
2998,2097,Pro,0,Cancelled,2023-05-16,2023-05-30,True,Trial
2999,2098,Starter,0,Cancelled,2023-05-16,2023-05-30,True,Trial
3000,2099,Starter,0,Cancelled,2023-05-16,2023-05-30,True,Trial
3001,2100,Starter,0,Cancelled,2023-05-16,2023-05-30,True,Trial
3002,2101,Pro,0,Active,2023-05-17,,True,Trial
3003,2101,Pro,79,Downgraded,2024-07-29,2024-08-29,False,Contraction MRR
3004,2101,Starter,29,Active,2024-12-29,,False,Recurring
3005,2102,Starter,0,Cancelled,2023-05-17,2023-05-31,True,Trial
3006,2103,Starter,0,Cancelled,2023-05-17,2023-05-31,True,Trial
3007,2104,Starter,0,Cancelled,2023-05-17,2023-05-31,True,Trial
3008,2105,Pro,0,Cancelled,2023-05-17,2023-05-31,True,Trial
3009,2106,Pro,0,Cancelled,2023-05-17,2023-05-31,True,Trial
3010,2107,Pro,0,Active,2023-05-17,,True,Trial
3011,2107,Pro,79,Upgraded,2023-05-31,2023-06-30,False,Expansion MRR
3012,2107,Business,199,Upgraded,2023-07-30,2023-08-30,False,Expansion MRR
3013,2107,Enterprise,499,Active,2024-12-29,,False,Recurring
3014,2108,Business,0,Cancelled,2023-05-17,2023-05-31,True,Trial
3015,2109,Starter,0,Cancelled,2023-05-17,2023-05-31,True,Trial
3016,2110,Enterprise,0,Cancelled,2023-05-17,2023-05-31,True,Trial
3017,2111,Starter,0,Active,2023-05-18,,True,Trial
3018,2111,Starter,29,Cancelled,2023-08-01,2023-09-01,False,Churned MRR
3019,2112,Starter,0,Cancelled,2023-05-18,2023-06-01,True,Trial
3020,2113,Starter,0,Cancelled,2023-05-18,2023-06-01,True,Trial
3021,2114,Starter,0,Active,2023-05-18,,True,Trial
3022,2114,Starter,29,Cancelled,2023-10-01,2023-11-01,False,Churned MRR
3023,2115,Pro,0,Active,2023-05-18,,True,Trial
3024,2115,Pro,79,Cancelled,2023-08-01,2023-09-01,False,Churned MRR
3025,2116,Pro,0,Cancelled,2023-05-18,2023-06-01,True,Trial
3026,2117,Starter,0,Cancelled,2023-05-18,2023-06-01,True,Trial
3027,2118,Starter,0,Cancelled,2023-05-19,2023-06-02,True,Trial
3028,2119,Starter,0,Active,2023-05-19,,True,Trial
3029,2119,Starter,29,Cancelled,2023-12-02,2024-01-02,False,Churned MRR
3030,2120,Starter,0,Cancelled,2023-05-19,2023-06-02,True,Trial
3031,2121,Starter,0,Cancelled,2023-05-20,2023-06-03,True,Trial
3032,2122,Pro,0,Cancelled,2023-05-20,2023-06-03,True,Trial
3033,2123,Pro,0,Active,2023-05-20,,True,Trial
3034,2123,Pro,79,Upgraded,2023-12-03,2024-01-03,False,Expansion MRR
3035,2123,Business,199,Upgraded,2024-08-03,2024-09-03,False,Expansion MRR
3036,2123,Enterprise,499,Active,2024-12-03,,False,Recurring
3037,2124,Starter,0,Active,2023-05-20,,True,Trial
3038,2124,Starter,29,Cancelled,2024-04-03,2024-05-03,False,Churned MRR
3039,2125,Business,0,Cancelled,2023-05-20,2023-06-03,True,Trial
3040,2126,Starter,0,Cancelled,2023-05-20,2023-06-03,True,Trial
3041,2127,Business,0,Active,2023-05-21,,True,Trial
3042,2127,Business,199,Upgraded,2023-09-04,2023-10-04,False,Expansion MRR
3043,2127,Enterprise,499,Downgraded,2023-11-04,2023-12-04,False,Contraction MRR
3044,2127,Business,199,Cancelled,2023-12-04,2024-01-04,False,Churned MRR
3045,2128,Pro,0,Cancelled,2023-05-21,2023-06-04,True,Trial
3046,2129,Enterprise,0,Cancelled,2023-05-21,2023-06-04,True,Trial
3047,2130,Starter,0,Cancelled,2023-05-21,2023-06-04,True,Trial
3048,2131,Starter,0,Cancelled,2023-05-21,2023-06-04,True,Trial
3049,2132,Pro,0,Active,2023-05-21,,True,Trial
3050,2132,Pro,79,Active,2024-12-04,,False,Recurring
3051,2133,Pro,0,Cancelled,2023-05-22,2023-06-05,True,Trial
3052,2134,Starter,0,Cancelled,2023-05-22,2023-06-05,True,Trial
3053,2135,Business,0,Cancelled,2023-05-22,2023-06-05,True,Trial
3054,2136,Pro,0,Cancelled,2023-05-22,2023-06-05,True,Trial
3055,2137,Enterprise,0,Active,2023-05-22,,True,Trial
3056,2137,Enterprise,499,Active,2024-12-05,,False,Recurring
3057,2138,Pro,0,Cancelled,2023-05-22,2023-06-05,True,Trial
3058,2139,Starter,0,Cancelled,2023-05-22,2023-06-05,True,Trial
3059,2140,Pro,0,Cancelled,2023-05-22,2023-06-05,True,Trial
3060,2141,Pro,0,Active,2023-05-22,,True,Trial
3061,2141,Pro,79,Cancelled,2024-07-05,2024-08-05,False,Churned MRR
3062,2142,Enterprise,0,Active,2023-05-22,,True,Trial
3063,2142,Enterprise,499,Downgraded,2023-12-05,2024-01-05,False,Contraction MRR
3064,2142,Business,199,Downgraded,2024-01-05,2024-02-05,False,Contraction MRR
3065,2142,Pro,79,Cancelled,2024-12-05,2025-01-01,False,Churned MRR
3066,2143,Pro,0,Active,2023-05-22,,True,Trial
3067,2143,Pro,79,Cancelled,2023-08-05,2023-09-05,False,Churned MRR
3068,2144,Business,0,Cancelled,2023-05-23,2023-06-06,True,Trial
3069,2145,Starter,0,Cancelled,2023-05-23,2023-06-06,True,Trial
3070,2146,Business,0,Cancelled,2023-05-23,2023-06-06,True,Trial
3071,2147,Starter,0,Cancelled,2023-05-23,2023-06-06,True,Trial
3072,2148,Starter,0,Active,2023-05-23,,True,Trial
3073,2148,Starter,29,Cancelled,2024-07-06,2024-08-06,False,Churned MRR
3074,2149,Pro,0,Cancelled,2023-05-23,2023-06-06,True,Trial
3075,2150,Pro,0,Active,2023-05-23,,True,Trial
3076,2150,Pro,79,Cancelled,2024-09-06,2024-10-06,False,Churned MRR
3077,2151,Pro,0,Cancelled,2023-05-23,2023-06-06,True,Trial
3078,2152,Enterprise,0,Active,2023-05-23,,True,Trial
3079,2152,Enterprise,499,Downgraded,2024-06-06,2024-07-06,False,Contraction MRR
3080,2152,Business,199,Active,2024-12-06,,False,Recurring
3081,2153,Starter,0,Cancelled,2023-05-24,2023-06-07,True,Trial
3082,2154,Starter,0,Cancelled,2023-05-24,2023-06-07,True,Trial
3083,2155,Starter,0,Active,2023-05-24,,True,Trial
3084,2155,Starter,29,Cancelled,2023-12-07,2024-01-07,False,Churned MRR
3085,2156,Enterprise,0,Active,2023-05-24,,True,Trial
3086,2156,Enterprise,499,Downgraded,2024-02-07,2024-03-07,False,Contraction MRR
3087,2156,Business,199,Cancelled,2024-03-07,2024-04-07,False,Churned MRR
3088,2157,Starter,0,Active,2023-05-24,,True,Trial
3089,2157,Starter,29,Cancelled,2024-09-07,2024-10-07,False,Churned MRR
3090,2158,Pro,0,Cancelled,2023-05-24,2023-06-07,True,Trial
3091,2159,Starter,0,Cancelled,2023-05-24,2023-06-07,True,Trial
3092,2160,Pro,0,Cancelled,2023-05-24,2023-06-07,True,Trial
3093,2161,Pro,0,Active,2023-05-24,,True,Trial
3094,2161,Pro,79,Active,2024-12-07,,False,Recurring
3095,2162,Pro,0,Cancelled,2023-05-24,2023-06-07,True,Trial
3096,2163,Business,0,Active,2023-05-24,,True,Trial
3097,2163,Business,199,Upgraded,2023-10-07,2023-11-07,False,Expansion MRR
3098,2163,Enterprise,499,Active,2024-12-07,,False,Recurring
3099,2164,Business,0,Cancelled,2023-05-25,2023-06-08,True,Trial
3100,2165,Starter,0,Cancelled,2023-05-25,2023-06-08,True,Trial
3101,2166,Enterprise,0,Cancelled,2023-05-25,2023-06-08,True,Trial
3102,2167,Starter,0,Cancelled,2023-05-25,2023-06-08,True,Trial
3103,2168,Business,0,Cancelled,2023-05-25,2023-06-08,True,Trial
3104,2169,Starter,0,Cancelled,2023-05-25,2023-06-08,True,Trial
3105,2170,Pro,0,Cancelled,2023-05-25,2023-06-08,True,Trial
3106,2171,Enterprise,0,Cancelled,2023-05-25,2023-06-08,True,Trial
3107,2172,Starter,0,Cancelled,2023-05-25,2023-06-08,True,Trial
3108,2173,Pro,0,Cancelled,2023-05-25,2023-06-08,True,Trial
3109,2174,Pro,0,Cancelled,2023-05-25,2023-06-08,True,Trial
3110,2175,Pro,0,Cancelled,2023-05-25,2023-06-08,True,Trial
3111,2176,Pro,0,Cancelled,2023-05-26,2023-06-09,True,Trial
3112,2177,Pro,0,Cancelled,2023-05-26,2023-06-09,True,Trial
3113,2178,Starter,0,Cancelled,2023-05-26,2023-06-09,True,Trial
3114,2179,Pro,0,Cancelled,2023-05-27,2023-06-10,True,Trial
3115,2180,Enterprise,0,Active,2023-05-27,,True,Trial
3116,2180,Enterprise,499,Active,2024-12-10,,False,Recurring
3117,2181,Enterprise,0,Active,2023-05-27,,True,Trial
3118,2181,Enterprise,499,Active,2024-12-10,,False,Recurring
3119,2182,Pro,0,Active,2023-05-27,,True,Trial
3120,2182,Pro,79,Upgraded,2023-11-10,2023-12-10,False,Expansion MRR
3121,2182,Business,199,Active,2024-12-10,,False,Recurring
3122,2183,Pro,0,Cancelled,2023-05-27,2023-06-10,True,Trial
3123,2184,Business,0,Active,2023-05-28,,True,Trial
3124,2184,Business,199,Upgraded,2024-12-11,2025-01-11,False,Expansion MRR
3125,2185,Starter,0,Cancelled,2023-05-28,2023-06-11,True,Trial
3126,2186,Pro,0,Cancelled,2023-05-28,2023-06-11,True,Trial
3127,2187,Pro,0,Cancelled,2023-05-28,2023-06-11,True,Trial
3128,2188,Starter,0,Cancelled,2023-05-28,2023-06-11,True,Trial
3129,2189,Starter,0,Active,2023-05-29,,True,Trial
3130,2189,Starter,29,Cancelled,2024-06-12,2024-07-12,False,Churned MRR
3131,2190,Pro,0,Active,2023-05-29,,True,Trial
3132,2190,Pro,79,Cancelled,2023-12-12,2024-01-12,False,Churned MRR
3133,2191,Enterprise,0,Active,2023-05-29,,True,Trial
3134,2191,Enterprise,499,Active,2024-12-12,,False,Recurring
3135,2192,Pro,0,Cancelled,2023-05-29,2023-06-12,True,Trial
3136,2193,Pro,0,Cancelled,2023-05-29,2023-06-12,True,Trial
3137,2194,Starter,0,Cancelled,2023-05-29,2023-06-12,True,Trial
3138,2195,Starter,0,Active,2023-05-29,,True,Trial
3139,2195,Starter,29,Cancelled,2024-10-12,2024-11-12,False,Churned MRR
3140,2196,Pro,0,Cancelled,2023-05-29,2023-06-12,True,Trial
3141,2197,Starter,0,Cancelled,2023-05-29,2023-06-12,True,Trial
3142,2198,Business,0,Cancelled,2023-05-29,2023-06-12,True,Trial
3143,2199,Pro,0,Active,2023-05-29,,True,Trial
3144,2199,Pro,79,Upgraded,2023-08-12,2023-09-12,False,Expansion MRR
3145,2199,Business,199,Upgraded,2024-03-12,2024-04-12,False,Expansion MRR
3146,2199,Enterprise,499,Active,2024-12-12,,False,Recurring
3147,2200,Starter,0,Cancelled,2023-05-30,2023-06-13,True,Trial
3148,2201,Starter,0,Cancelled,2023-05-30,2023-06-13,True,Trial
3149,2202,Enterprise,0,Active,2023-05-30,,True,Trial
3150,2202,Enterprise,499,Downgraded,2023-06-13,2023-07-13,False,Contraction MRR
3151,2202,Business,199,Upgraded,2023-07-13,2023-08-13,False,Expansion MRR
3152,2202,Enterprise,499,Active,2024-12-13,,False,Recurring
3153,2203,Business,0,Cancelled,2023-05-30,2023-06-13,True,Trial
3154,2204,Starter,0,Cancelled,2023-05-30,2023-06-13,True,Trial
3155,2205,Pro,0,Cancelled,2023-05-30,2023-06-13,True,Trial
3156,2206,Business,0,Active,2023-05-30,,True,Trial
3157,2206,Business,199,Downgraded,2023-12-13,2024-01-13,False,Contraction MRR
3158,2206,Pro,79,Active,2024-12-13,,False,Recurring
3159,2207,Pro,0,Cancelled,2023-05-30,2023-06-13,True,Trial
3160,2208,Pro,0,Active,2023-05-30,,True,Trial
3161,2208,Pro,79,Cancelled,2023-09-13,2023-10-13,False,Churned MRR
3162,2209,Enterprise,0,Active,2023-05-31,,True,Trial
3163,2209,Enterprise,499,Downgraded,2024-10-14,2024-11-14,False,Contraction MRR
3164,2209,Business,199,Active,2024-12-14,,False,Recurring
3165,2210,Pro,0,Active,2023-05-31,,True,Trial
3166,2210,Pro,79,Cancelled,2024-05-14,2024-06-14,False,Churned MRR
3167,2211,Business,0,Cancelled,2023-05-31,2023-06-14,True,Trial
3168,2212,Business,0,Active,2023-05-31,,True,Trial
3169,2212,Business,199,Active,2024-12-14,,False,Recurring
3170,2213,Pro,0,Active,2023-05-31,,True,Trial
3171,2213,Pro,79,Active,2024-12-14,,False,Recurring
3172,2214,Starter,0,Cancelled,2023-05-31,2023-06-14,True,Trial
3173,2215,Starter,0,Cancelled,2023-06-01,2023-06-15,True,Trial
3174,2216,Pro,0,Cancelled,2023-06-01,2023-06-15,True,Trial
3175,2217,Starter,0,Cancelled,2023-06-01,2023-06-15,True,Trial
3176,2218,Starter,0,Cancelled,2023-06-02,2023-06-16,True,Trial
3177,2219,Starter,0,Cancelled,2023-06-02,2023-06-16,True,Trial
3178,2220,Enterprise,0,Cancelled,2023-06-02,2023-06-16,True,Trial
3179,2221,Starter,0,Cancelled,2023-06-02,2023-06-16,True,Trial
3180,2222,Starter,0,Cancelled,2023-06-02,2023-06-16,True,Trial
3181,2223,Starter,0,Cancelled,2023-06-02,2023-06-16,True,Trial
3182,2224,Pro,0,Active,2023-06-02,,True,Trial
3183,2224,Pro,79,Active,2024-12-16,,False,Recurring
3184,2225,Starter,0,Cancelled,2023-06-03,2023-06-17,True,Trial
3185,2226,Starter,0,Cancelled,2023-06-03,2023-06-17,True,Trial
3186,2227,Enterprise,0,Active,2023-06-04,,True,Trial
3187,2227,Enterprise,499,Cancelled,2024-10-18,2024-11-18,False,Churned MRR
3188,2228,Pro,0,Active,2023-06-04,,True,Trial
3189,2228,Pro,79,Upgraded,2023-08-18,2023-09-18,False,Expansion MRR
3190,2228,Business,199,Cancelled,2024-01-18,2024-02-18,False,Churned MRR
3191,2229,Enterprise,0,Active,2023-06-04,,True,Trial
3192,2229,Enterprise,499,Active,2024-12-18,,False,Recurring
3193,2230,Starter,0,Cancelled,2023-06-04,2023-06-18,True,Trial
3194,2231,Starter,0,Cancelled,2023-06-04,2023-06-18,True,Trial
3195,2232,Starter,0,Cancelled,2023-06-04,2023-06-18,True,Trial
3196,2233,Business,0,Active,2023-06-04,,True,Trial
3197,2233,Business,199,Active,2024-12-18,,False,Recurring
3198,2234,Pro,0,Cancelled,2023-06-04,2023-06-18,True,Trial
3199,2235,Enterprise,0,Cancelled,2023-06-04,2023-06-18,True,Trial
3200,2236,Starter,0,Cancelled,2023-06-05,2023-06-19,True,Trial
3201,2237,Pro,0,Cancelled,2023-06-05,2023-06-19,True,Trial
3202,2238,Pro,0,Cancelled,2023-06-05,2023-06-19,True,Trial
3203,2239,Starter,0,Cancelled,2023-06-05,2023-06-19,True,Trial
3204,2240,Starter,0,Cancelled,2023-06-05,2023-06-19,True,Trial
3205,2241,Pro,0,Cancelled,2023-06-06,2023-06-20,True,Trial
3206,2242,Business,0,Cancelled,2023-06-06,2023-06-20,True,Trial
3207,2243,Enterprise,0,Cancelled,2023-06-06,2023-06-20,True,Trial
3208,2244,Starter,0,Active,2023-06-06,,True,Trial
3209,2244,Starter,29,Cancelled,2023-11-20,2023-12-20,False,Churned MRR
3210,2245,Pro,0,Cancelled,2023-06-06,2023-06-20,True,Trial
3211,2246,Pro,0,Cancelled,2023-06-06,2023-06-20,True,Trial
3212,2247,Pro,0,Active,2023-06-06,,True,Trial
3213,2247,Pro,79,Cancelled,2024-08-20,2024-09-20,False,Churned MRR
3214,2248,Pro,0,Cancelled,2023-06-06,2023-06-20,True,Trial
3215,2249,Pro,0,Cancelled,2023-06-06,2023-06-20,True,Trial
3216,2250,Starter,0,Cancelled,2023-06-06,2023-06-20,True,Trial
3217,2251,Starter,0,Cancelled,2023-06-06,2023-06-20,True,Trial
3218,2252,Business,0,Active,2023-06-06,,True,Trial
3219,2252,Business,199,Downgraded,2023-06-20,2023-07-20,False,Contraction MRR
3220,2252,Pro,79,Upgraded,2023-11-20,2023-12-20,False,Expansion MRR
3221,2252,Business,199,Downgraded,2024-07-20,2024-08-20,False,Contraction MRR
3222,2252,Pro,79,Active,2024-12-20,,False,Recurring
3223,2253,Starter,0,Active,2023-06-07,,True,Trial
3224,2253,Starter,29,Active,2024-12-21,,False,Recurring
3225,2254,Pro,0,Cancelled,2023-06-07,2023-06-21,True,Trial
3226,2255,Starter,0,Cancelled,2023-06-07,2023-06-21,True,Trial
3227,2256,Starter,0,Cancelled,2023-06-07,2023-06-21,True,Trial
3228,2257,Pro,0,Cancelled,2023-06-07,2023-06-21,True,Trial
3229,2258,Starter,0,Cancelled,2023-06-07,2023-06-21,True,Trial
3230,2259,Business,0,Active,2023-06-07,,True,Trial
3231,2259,Business,199,Active,2024-12-21,,False,Recurring
3232,2260,Starter,0,Cancelled,2023-06-07,2023-06-21,True,Trial
3233,2261,Business,0,Cancelled,2023-06-07,2023-06-21,True,Trial
3234,2262,Starter,0,Active,2023-06-08,,True,Trial
3235,2262,Starter,29,Upgraded,2023-10-22,2023-11-22,False,Expansion MRR
3236,2262,Pro,79,Upgraded,2024-11-22,2024-12-22,False,Expansion MRR
3237,2262,Business,199,Active,2024-12-22,,False,Expansion MRR
3238,2263,Business,0,Cancelled,2023-06-08,2023-06-22,True,Trial
3239,2264,Starter,0,Cancelled,2023-06-08,2023-06-22,True,Trial
3240,2265,Business,0,Active,2023-06-08,,True,Trial
3241,2265,Business,199,Cancelled,2024-07-22,2024-08-22,False,Churned MRR
3242,2266,Business,0,Cancelled,2023-06-08,2023-06-22,True,Trial
3243,2267,Pro,0,Cancelled,2023-06-09,2023-06-23,True,Trial
3244,2268,Starter,0,Cancelled,2023-06-09,2023-06-23,True,Trial
3245,2269,Enterprise,0,Cancelled,2023-06-09,2023-06-23,True,Trial
3246,2270,Enterprise,0,Cancelled,2023-06-09,2023-06-23,True,Trial
3247,2271,Starter,0,Cancelled,2023-06-10,2023-06-24,True,Trial
3248,2272,Starter,0,Cancelled,2023-06-10,2023-06-24,True,Trial
3249,2273,Business,0,Active,2023-06-10,,True,Trial
3250,2273,Business,199,Cancelled,2023-11-24,2023-12-24,False,Churned MRR
3251,2274,Pro,0,Cancelled,2023-06-10,2023-06-24,True,Trial
3252,2275,Business,0,Cancelled,2023-06-10,2023-06-24,True,Trial
3253,2276,Starter,0,Cancelled,2023-06-11,2023-06-25,True,Trial
3254,2277,Starter,0,Active,2023-06-11,,True,Trial
3255,2277,Starter,29,Cancelled,2023-06-25,2023-07-25,False,Churned MRR
3256,2277,Starter,29,Active,2024-02-25,,False,Reactivation MRR
3257,2278,Enterprise,0,Cancelled,2023-06-11,2023-06-25,True,Trial
3258,2279,Pro,0,Cancelled,2023-06-11,2023-06-25,True,Trial
3259,2280,Starter,0,Cancelled,2023-06-11,2023-06-25,True,Trial
3260,2281,Enterprise,0,Cancelled,2023-06-12,2023-06-26,True,Trial
3261,2282,Business,0,Active,2023-06-12,,True,Trial
3262,2282,Business,199,Cancelled,2023-10-26,2023-11-26,False,Churned MRR
3263,2283,Pro,0,Cancelled,2023-06-12,2023-06-26,True,Trial
3264,2284,Starter,0,Cancelled,2023-06-12,2023-06-26,True,Trial
3265,2285,Starter,0,Cancelled,2023-06-12,2023-06-26,True,Trial
3266,2286,Enterprise,0,Active,2023-06-12,,True,Trial
3267,2286,Enterprise,499,Downgraded,2023-10-26,2023-11-26,False,Contraction MRR
3268,2286,Business,199,Active,2024-12-26,,False,Recurring
3269,2287,Starter,0,Cancelled,2023-06-12,2023-06-26,True,Trial
3270,2288,Business,0,Active,2023-06-13,,True,Trial
3271,2288,Business,199,Downgraded,2024-12-27,2025-01-27,False,Contraction MRR
3272,2289,Pro,0,Cancelled,2023-06-13,2023-06-27,True,Trial
3273,2290,Pro,0,Cancelled,2023-06-13,2023-06-27,True,Trial
3274,2291,Pro,0,Active,2023-06-13,,True,Trial
3275,2291,Pro,79,Upgraded,2023-09-27,2023-10-27,False,Expansion MRR
3276,2291,Business,199,Active,2024-12-27,,False,Recurring
3277,2292,Pro,0,Cancelled,2023-06-13,2023-06-27,True,Trial
3278,2293,Pro,0,Active,2023-06-13,,True,Trial
3279,2293,Pro,79,Upgraded,2024-09-27,2024-10-27,False,Expansion MRR
3280,2293,Business,199,Active,2024-12-27,,False,Recurring
3281,2294,Starter,0,Cancelled,2023-06-14,2023-06-28,True,Trial
3282,2295,Pro,0,Cancelled,2023-06-14,2023-06-28,True,Trial
3283,2296,Pro,0,Cancelled,2023-06-14,2023-06-28,True,Trial
3284,2297,Starter,0,Active,2023-06-14,,True,Trial
3285,2297,Starter,29,Cancelled,2023-07-28,2023-08-28,False,Churned MRR
3286,2298,Starter,0,Cancelled,2023-06-14,2023-06-28,True,Trial
3287,2299,Business,0,Cancelled,2023-06-14,2023-06-28,True,Trial
3288,2300,Enterprise,0,Cancelled,2023-06-14,2023-06-28,True,Trial
3289,2301,Starter,0,Cancelled,2023-06-14,2023-06-28,True,Trial
3290,2302,Business,0,Cancelled,2023-06-14,2023-06-28,True,Trial
3291,2303,Starter,0,Active,2023-06-15,,True,Trial
3292,2303,Starter,29,Cancelled,2023-07-29,2023-08-29,False,Churned MRR
3293,2304,Business,0,Cancelled,2023-06-15,2023-06-29,True,Trial
3294,2305,Starter,0,Cancelled,2023-06-15,2023-06-29,True,Trial
3295,2306,Starter,0,Cancelled,2023-06-15,2023-06-29,True,Trial
3296,2307,Enterprise,0,Cancelled,2023-06-15,2023-06-29,True,Trial
3297,2308,Enterprise,0,Cancelled,2023-06-15,2023-06-29,True,Trial
3298,2309,Pro,0,Active,2023-06-15,,True,Trial
3299,2309,Pro,79,Cancelled,2023-11-29,2023-12-29,False,Churned MRR
3300,2310,Enterprise,0,Cancelled,2023-06-15,2023-06-29,True,Trial
3301,2311,Starter,0,Cancelled,2023-06-15,2023-06-29,True,Trial
3302,2312,Pro,0,Cancelled,2023-06-16,2023-06-30,True,Trial
3303,2313,Pro,0,Active,2023-06-16,,True,Trial
3304,2313,Pro,79,Cancelled,2023-12-30,2024-01-30,False,Churned MRR
3305,2314,Pro,0,Active,2023-06-16,,True,Trial
3306,2314,Pro,79,Cancelled,2023-08-30,2023-09-30,False,Churned MRR
3307,2315,Pro,0,Active,2023-06-16,,True,Trial
3308,2315,Pro,79,Cancelled,2024-06-29,2024-07-29,False,Churned MRR
3309,2316,Business,0,Cancelled,2023-06-16,2023-06-30,True,Trial
3310,2317,Starter,0,Active,2023-06-16,,True,Trial
3311,2317,Starter,29,Cancelled,2024-02-29,2024-03-29,False,Churned MRR
3312,2318,Pro,0,Cancelled,2023-06-16,2023-06-30,True,Trial
3313,2319,Starter,0,Cancelled,2023-06-16,2023-06-30,True,Trial
3314,2320,Starter,0,Cancelled,2023-06-17,2023-07-01,True,Trial
3315,2321,Starter,0,Active,2023-06-17,,True,Trial
3316,2321,Starter,29,Upgraded,2024-03-01,2024-04-01,False,Expansion MRR
3317,2321,Pro,79,Cancelled,2024-05-01,2024-06-01,False,Churned MRR
3318,2322,Enterprise,0,Cancelled,2023-06-17,2023-07-01,True,Trial
3319,2323,Business,0,Active,2023-06-17,,True,Trial
3320,2323,Business,199,Upgraded,2023-12-01,2024-01-01,False,Expansion MRR
3321,2323,Enterprise,499,Active,2024-12-01,,False,Recurring
3322,2324,Starter,0,Cancelled,2023-06-17,2023-07-01,True,Trial
3323,2325,Pro,0,Cancelled,2023-06-17,2023-07-01,True,Trial
3324,2326,Enterprise,0,Cancelled,2023-06-17,2023-07-01,True,Trial
3325,2327,Business,0,Active,2023-06-17,,True,Trial
3326,2327,Business,199,Cancelled,2023-07-01,2023-08-01,False,Churned MRR
3327,2328,Pro,0,Active,2023-06-17,,True,Trial
3328,2328,Pro,79,Cancelled,2023-10-01,2023-11-01,False,Churned MRR
3329,2329,Enterprise,0,Cancelled,2023-06-18,2023-07-02,True,Trial
3330,2330,Business,0,Cancelled,2023-06-18,2023-07-02,True,Trial
3331,2331,Starter,0,Cancelled,2023-06-18,2023-07-02,True,Trial
3332,2332,Enterprise,0,Active,2023-06-18,,True,Trial
3333,2332,Enterprise,499,Downgraded,2023-10-02,2023-11-02,False,Contraction MRR
3334,2332,Business,199,Cancelled,2023-11-02,2023-12-02,False,Churned MRR
3335,2333,Pro,0,Cancelled,2023-06-18,2023-07-02,True,Trial
3336,2334,Starter,0,Cancelled,2023-06-18,2023-07-02,True,Trial
3337,2335,Enterprise,0,Cancelled,2023-06-19,2023-07-03,True,Trial
3338,2336,Enterprise,0,Cancelled,2023-06-19,2023-07-03,True,Trial
3339,2337,Business,0,Cancelled,2023-06-19,2023-07-03,True,Trial
3340,2338,Pro,0,Cancelled,2023-06-19,2023-07-03,True,Trial
3341,2339,Starter,0,Cancelled,2023-06-19,2023-07-03,True,Trial
3342,2340,Enterprise,0,Cancelled,2023-06-19,2023-07-03,True,Trial
3343,2341,Starter,0,Cancelled,2023-06-19,2023-07-03,True,Trial
3344,2342,Starter,0,Cancelled,2023-06-20,2023-07-04,True,Trial
3345,2343,Pro,0,Cancelled,2023-06-20,2023-07-04,True,Trial
3346,2344,Starter,0,Cancelled,2023-06-20,2023-07-04,True,Trial
3347,2345,Pro,0,Cancelled,2023-06-20,2023-07-04,True,Trial
3348,2346,Starter,0,Cancelled,2023-06-20,2023-07-04,True,Trial
3349,2347,Enterprise,0,Cancelled,2023-06-20,2023-07-04,True,Trial
3350,2348,Business,0,Cancelled,2023-06-20,2023-07-04,True,Trial
3351,2349,Pro,0,Cancelled,2023-06-20,2023-07-04,True,Trial
3352,2350,Starter,0,Active,2023-06-21,,True,Trial
3353,2350,Starter,29,Cancelled,2024-03-05,2024-04-05,False,Churned MRR
3354,2351,Enterprise,0,Cancelled,2023-06-21,2023-07-05,True,Trial
3355,2352,Business,0,Cancelled,2023-06-21,2023-07-05,True,Trial
3356,2353,Enterprise,0,Cancelled,2023-06-21,2023-07-05,True,Trial
3357,2354,Starter,0,Cancelled,2023-06-21,2023-07-05,True,Trial
3358,2355,Enterprise,0,Active,2023-06-21,,True,Trial
3359,2355,Enterprise,499,Downgraded,2023-12-05,2024-01-05,False,Contraction MRR
3360,2355,Business,199,Upgraded,2024-02-05,2024-03-05,False,Expansion MRR
3361,2355,Enterprise,499,Active,2024-12-05,,False,Recurring
3362,2356,Pro,0,Cancelled,2023-06-21,2023-07-05,True,Trial
3363,2357,Pro,0,Cancelled,2023-06-21,2023-07-05,True,Trial
3364,2358,Starter,0,Active,2023-06-22,,True,Trial
3365,2358,Starter,29,Cancelled,2023-08-06,2023-09-06,False,Churned MRR
3366,2359,Pro,0,Active,2023-06-22,,True,Trial
3367,2359,Pro,79,Active,2024-12-06,,False,Recurring
3368,2360,Starter,0,Cancelled,2023-06-22,2023-07-06,True,Trial
3369,2361,Starter,0,Cancelled,2023-06-22,2023-07-06,True,Trial
3370,2362,Starter,0,Cancelled,2023-06-22,2023-07-06,True,Trial
3371,2363,Starter,0,Active,2023-06-22,,True,Trial
3372,2363,Starter,29,Cancelled,2023-07-06,2023-08-06,False,Churned MRR
3373,2364,Starter,0,Cancelled,2023-06-22,2023-07-06,True,Trial
3374,2365,Starter,0,Cancelled,2023-06-22,2023-07-06,True,Trial
3375,2366,Pro,0,Active,2023-06-22,,True,Trial
3376,2366,Pro,79,Cancelled,2023-12-06,2024-01-06,False,Churned MRR
3377,2367,Pro,0,Cancelled,2023-06-22,2023-07-06,True,Trial
3378,2368,Business,0,Cancelled,2023-06-23,2023-07-07,True,Trial
3379,2369,Enterprise,0,Active,2023-06-23,,True,Trial
3380,2369,Enterprise,499,Cancelled,2023-10-07,2023-11-07,False,Churned MRR
3381,2370,Starter,0,Cancelled,2023-06-23,2023-07-07,True,Trial
3382,2371,Business,0,Cancelled,2023-06-23,2023-07-07,True,Trial
3383,2372,Pro,0,Cancelled,2023-06-23,2023-07-07,True,Trial
3384,2373,Pro,0,Active,2023-06-23,,True,Trial
3385,2373,Pro,79,Cancelled,2023-09-07,2023-10-07,False,Churned MRR
3386,2374,Starter,0,Cancelled,2023-06-23,2023-07-07,True,Trial
3387,2375,Pro,0,Cancelled,2023-06-23,2023-07-07,True,Trial
3388,2376,Business,0,Cancelled,2023-06-23,2023-07-07,True,Trial
3389,2377,Starter,0,Active,2023-06-23,,True,Trial
3390,2377,Starter,29,Cancelled,2024-01-07,2024-02-07,False,Churned MRR
3391,2378,Business,0,Cancelled,2023-06-23,2023-07-07,True,Trial
3392,2379,Enterprise,0,Cancelled,2023-06-24,2023-07-08,True,Trial
3393,2380,Business,0,Cancelled,2023-06-24,2023-07-08,True,Trial
3394,2381,Business,0,Cancelled,2023-06-24,2023-07-08,True,Trial
3395,2382,Pro,0,Cancelled,2023-06-24,2023-07-08,True,Trial
3396,2383,Starter,0,Active,2023-06-24,,True,Trial
3397,2383,Starter,29,Cancelled,2023-08-08,2023-09-08,False,Churned MRR
3398,2384,Pro,0,Cancelled,2023-06-24,2023-07-08,True,Trial
3399,2385,Starter,0,Cancelled,2023-06-24,2023-07-08,True,Trial
3400,2386,Business,0,Cancelled,2023-06-24,2023-07-08,True,Trial
3401,2387,Pro,0,Cancelled,2023-06-24,2023-07-08,True,Trial
3402,2388,Starter,0,Active,2023-06-25,,True,Trial
3403,2388,Starter,29,Cancelled,2023-07-09,2023-08-09,False,Churned MRR
3404,2389,Business,0,Cancelled,2023-06-25,2023-07-09,True,Trial
3405,2390,Pro,0,Cancelled,2023-06-25,2023-07-09,True,Trial
3406,2391,Pro,0,Active,2023-06-25,,True,Trial
3407,2391,Pro,79,Cancelled,2023-09-09,2023-10-09,False,Churned MRR
3408,2392,Pro,0,Cancelled,2023-06-25,2023-07-09,True,Trial
3409,2393,Business,0,Active,2023-06-26,,True,Trial
3410,2393,Business,199,Upgraded,2024-11-10,2024-12-10,False,Expansion MRR
3411,2393,Enterprise,499,Active,2024-12-10,,False,Expansion MRR
3412,2394,Starter,0,Cancelled,2023-06-26,2023-07-10,True,Trial
3413,2395,Starter,0,Cancelled,2023-06-26,2023-07-10,True,Trial
3414,2396,Enterprise,0,Cancelled,2023-06-26,2023-07-10,True,Trial
3415,2397,Starter,0,Cancelled,2023-06-27,2023-07-11,True,Trial
3416,2398,Starter,0,Cancelled,2023-06-27,2023-07-11,True,Trial
3417,2399,Starter,0,Cancelled,2023-06-27,2023-07-11,True,Trial
3418,2400,Starter,0,Cancelled,2023-06-27,2023-07-11,True,Trial
3419,2401,Starter,0,Active,2023-06-27,,True,Trial
3420,2401,Starter,29,Cancelled,2023-07-11,2023-08-11,False,Churned MRR
3421,2402,Pro,0,Active,2023-06-27,,True,Trial
3422,2402,Pro,79,Upgraded,2023-12-11,2024-01-11,False,Expansion MRR
3423,2402,Business,199,Cancelled,2024-04-11,2024-05-11,False,Churned MRR
3424,2403,Enterprise,0,Cancelled,2023-06-28,2023-07-12,True,Trial
3425,2404,Enterprise,0,Active,2023-06-28,,True,Trial
3426,2404,Enterprise,499,Downgraded,2023-07-12,2023-08-12,False,Contraction MRR
3427,2404,Business,199,Downgraded,2023-08-12,2023-09-12,False,Contraction MRR
3428,2404,Pro,79,Active,2024-12-12,,False,Recurring
3429,2405,Starter,0,Cancelled,2023-06-28,2023-07-12,True,Trial
3430,2406,Business,0,Cancelled,2023-06-28,2023-07-12,True,Trial
3431,2407,Pro,0,Cancelled,2023-06-28,2023-07-12,True,Trial
3432,2408,Starter,0,Cancelled,2023-06-28,2023-07-12,True,Trial
3433,2409,Starter,0,Cancelled,2023-06-28,2023-07-12,True,Trial
3434,2410,Business,0,Active,2023-06-28,,True,Trial
3435,2410,Business,199,Upgraded,2024-08-12,2024-09-12,False,Expansion MRR
3436,2410,Enterprise,499,Downgraded,2024-12-12,2025-01-12,False,Contraction MRR
3437,2411,Pro,0,Cancelled,2023-06-28,2023-07-12,True,Trial
3438,2412,Starter,0,Cancelled,2023-06-28,2023-07-12,True,Trial
3439,2413,Business,0,Active,2023-06-28,,True,Trial
3440,2413,Business,199,Cancelled,2023-07-12,2023-08-12,False,Churned MRR
3441,2413,Business,199,Active,2023-11-12,,False,Reactivation MRR
3442,2414,Starter,0,Cancelled,2023-06-28,2023-07-12,True,Trial
3443,2415,Starter,0,Cancelled,2023-06-28,2023-07-12,True,Trial
3444,2416,Starter,0,Cancelled,2023-06-29,2023-07-13,True,Trial
3445,2417,Starter,0,Active,2023-06-29,,True,Trial
3446,2417,Starter,29,Upgraded,2024-06-13,2024-07-13,False,Expansion MRR
3447,2417,Pro,79,Downgraded,2024-10-13,2024-11-13,False,Contraction MRR
3448,2417,Starter,29,Active,2024-12-13,,False,Recurring
3449,2418,Starter,0,Active,2023-06-29,,True,Trial
3450,2418,Starter,29,Cancelled,2023-11-13,2023-12-13,False,Churned MRR
3451,2419,Starter,0,Cancelled,2023-06-29,2023-07-13,True,Trial
3452,2420,Pro,0,Cancelled,2023-06-29,2023-07-13,True,Trial
3453,2421,Enterprise,0,Cancelled,2023-06-30,2023-07-14,True,Trial
3454,2422,Business,0,Cancelled,2023-06-30,2023-07-14,True,Trial
3455,2423,Starter,0,Cancelled,2023-06-30,2023-07-14,True,Trial
3456,2424,Business,0,Cancelled,2023-06-30,2023-07-14,True,Trial
3457,2425,Pro,0,Active,2023-06-30,,True,Trial
3458,2425,Pro,79,Upgraded,2024-03-14,2024-04-14,False,Expansion MRR
3459,2425,Business,199,Active,2024-12-14,,False,Recurring
3460,2426,Pro,0,Cancelled,2023-06-30,2023-07-14,True,Trial
3461,2427,Pro,0,Cancelled,2023-06-30,2023-07-14,True,Trial
3462,2428,Starter,0,Cancelled,2023-07-01,2023-07-15,True,Trial
3463,2429,Enterprise,0,Active,2023-07-01,,True,Trial
3464,2429,Enterprise,499,Active,2024-12-15,,False,Recurring
3465,2430,Starter,0,Cancelled,2023-07-01,2023-07-15,True,Trial
3466,2431,Pro,0,Cancelled,2023-07-01,2023-07-15,True,Trial
3467,2432,Pro,0,Cancelled,2023-07-01,2023-07-15,True,Trial
3468,2433,Starter,0,Cancelled,2023-07-01,2023-07-15,True,Trial
3469,2434,Starter,0,Cancelled,2023-07-01,2023-07-15,True,Trial
3470,2435,Pro,0,Cancelled,2023-07-02,2023-07-16,True,Trial
3471,2436,Enterprise,0,Cancelled,2023-07-02,2023-07-16,True,Trial
3472,2437,Pro,0,Active,2023-07-02,,True,Trial
3473,2437,Pro,79,Cancelled,2023-12-16,2024-01-16,False,Churned MRR
3474,2437,Starter,29,Active,2024-06-16,,False,Reactivation MRR
3475,2438,Starter,0,Cancelled,2023-07-02,2023-07-16,True,Trial
3476,2439,Enterprise,0,Active,2023-07-02,,True,Trial
3477,2439,Enterprise,499,Active,2024-12-16,,False,Recurring
3478,2440,Business,0,Cancelled,2023-07-02,2023-07-16,True,Trial
3479,2441,Enterprise,0,Active,2023-07-02,,True,Trial
3480,2441,Enterprise,499,Active,2024-12-16,,False,Recurring
3481,2442,Business,0,Cancelled,2023-07-02,2023-07-16,True,Trial
3482,2443,Starter,0,Cancelled,2023-07-03,2023-07-17,True,Trial
3483,2444,Enterprise,0,Cancelled,2023-07-03,2023-07-17,True,Trial
3484,2445,Pro,0,Active,2023-07-03,,True,Trial
3485,2445,Pro,79,Upgraded,2024-07-17,2024-08-17,False,Expansion MRR
3486,2445,Business,199,Active,2024-12-17,,False,Recurring
3487,2446,Pro,0,Cancelled,2023-07-03,2023-07-17,True,Trial
3488,2447,Pro,0,Cancelled,2023-07-03,2023-07-17,True,Trial
3489,2448,Starter,0,Cancelled,2023-07-03,2023-07-17,True,Trial
3490,2449,Starter,0,Active,2023-07-03,,True,Trial
3491,2449,Starter,29,Cancelled,2023-08-17,2023-09-17,False,Churned MRR
3492,2450,Starter,0,Cancelled,2023-07-03,2023-07-17,True,Trial
3493,2451,Starter,0,Cancelled,2023-07-04,2023-07-18,True,Trial
3494,2452,Pro,0,Cancelled,2023-07-04,2023-07-18,True,Trial
3495,2453,Starter,0,Cancelled,2023-07-04,2023-07-18,True,Trial
3496,2454,Pro,0,Cancelled,2023-07-04,2023-07-18,True,Trial
3497,2455,Enterprise,0,Active,2023-07-04,,True,Trial
3498,2455,Enterprise,499,Downgraded,2024-04-18,2024-05-18,False,Contraction MRR
3499,2455,Business,199,Active,2024-12-18,,False,Recurring
3500,2456,Enterprise,0,Cancelled,2023-07-04,2023-07-18,True,Trial
3501,2457,Business,0,Cancelled,2023-07-04,2023-07-18,True,Trial
3502,2458,Starter,0,Cancelled,2023-07-04,2023-07-18,True,Trial
3503,2459,Pro,0,Cancelled,2023-07-04,2023-07-18,True,Trial
3504,2460,Starter,0,Cancelled,2023-07-04,2023-07-18,True,Trial
3505,2461,Pro,0,Cancelled,2023-07-04,2023-07-18,True,Trial
3506,2462,Enterprise,0,Active,2023-07-04,,True,Trial
3507,2462,Enterprise,499,Active,2024-12-18,,False,Recurring
3508,2463,Pro,0,Cancelled,2023-07-04,2023-07-18,True,Trial
3509,2464,Starter,0,Cancelled,2023-07-04,2023-07-18,True,Trial
3510,2465,Business,0,Cancelled,2023-07-04,2023-07-18,True,Trial
3511,2466,Enterprise,0,Cancelled,2023-07-04,2023-07-18,True,Trial
3512,2467,Business,0,Cancelled,2023-07-04,2023-07-18,True,Trial
3513,2468,Starter,0,Active,2023-07-04,,True,Trial
3514,2468,Starter,29,Upgraded,2024-05-18,2024-06-18,False,Expansion MRR
3515,2468,Pro,79,Active,2024-12-18,,False,Recurring
3516,2469,Business,0,Cancelled,2023-07-04,2023-07-18,True,Trial
3517,2470,Pro,0,Cancelled,2023-07-05,2023-07-19,True,Trial
3518,2471,Pro,0,Cancelled,2023-07-05,2023-07-19,True,Trial
3519,2472,Starter,0,Cancelled,2023-07-05,2023-07-19,True,Trial
3520,2473,Starter,0,Cancelled,2023-07-05,2023-07-19,True,Trial
3521,2474,Starter,0,Cancelled,2023-07-06,2023-07-20,True,Trial
3522,2475,Starter,0,Active,2023-07-06,,True,Trial
3523,2475,Starter,29,Cancelled,2023-12-20,2024-01-20,False,Churned MRR
3524,2476,Business,0,Cancelled,2023-07-06,2023-07-20,True,Trial
3525,2477,Business,0,Cancelled,2023-07-06,2023-07-20,True,Trial
3526,2478,Starter,0,Active,2023-07-06,,True,Trial
3527,2478,Starter,29,Cancelled,2023-09-20,2023-10-20,False,Churned MRR
3528,2479,Pro,0,Cancelled,2023-07-06,2023-07-20,True,Trial
3529,2480,Enterprise,0,Active,2023-07-06,,True,Trial
3530,2480,Enterprise,499,Downgraded,2023-11-20,2023-12-20,False,Contraction MRR
3531,2480,Business,199,Upgraded,2024-03-20,2024-04-20,False,Expansion MRR
3532,2480,Enterprise,499,Active,2024-12-20,,False,Recurring
3533,2481,Starter,0,Cancelled,2023-07-06,2023-07-20,True,Trial
3534,2482,Starter,0,Cancelled,2023-07-07,2023-07-21,True,Trial
3535,2483,Business,0,Cancelled,2023-07-07,2023-07-21,True,Trial
3536,2484,Enterprise,0,Active,2023-07-07,,True,Trial
3537,2484,Enterprise,499,Active,2024-12-21,,False,Recurring
3538,2485,Business,0,Cancelled,2023-07-08,2023-07-22,True,Trial
3539,2486,Business,0,Cancelled,2023-07-08,2023-07-22,True,Trial
3540,2487,Starter,0,Cancelled,2023-07-08,2023-07-22,True,Trial
3541,2488,Starter,0,Active,2023-07-08,,True,Trial
3542,2488,Starter,29,Cancelled,2024-02-22,2024-03-22,False,Churned MRR
3543,2489,Business,0,Cancelled,2023-07-08,2023-07-22,True,Trial
3544,2490,Starter,0,Cancelled,2023-07-08,2023-07-22,True,Trial
3545,2491,Pro,0,Cancelled,2023-07-08,2023-07-22,True,Trial
3546,2492,Starter,0,Cancelled,2023-07-08,2023-07-22,True,Trial
3547,2493,Enterprise,0,Cancelled,2023-07-09,2023-07-23,True,Trial
3548,2494,Enterprise,0,Active,2023-07-09,,True,Trial
3549,2494,Enterprise,499,Downgraded,2023-08-23,2023-09-23,False,Contraction MRR
3550,2494,Business,199,Upgraded,2023-10-23,2023-11-23,False,Expansion MRR
3551,2494,Enterprise,499,Active,2024-12-23,,False,Recurring
3552,2495,Business,0,Cancelled,2023-07-09,2023-07-23,True,Trial
3553,2496,Starter,0,Cancelled,2023-07-09,2023-07-23,True,Trial
3554,2497,Pro,0,Cancelled,2023-07-09,2023-07-23,True,Trial
3555,2498,Pro,0,Cancelled,2023-07-09,2023-07-23,True,Trial
3556,2499,Pro,0,Cancelled,2023-07-09,2023-07-23,True,Trial
3557,2500,Starter,0,Cancelled,2023-07-10,2023-07-24,True,Trial
3558,2501,Business,0,Cancelled,2023-07-10,2023-07-24,True,Trial
3559,2502,Starter,0,Active,2023-07-10,,True,Trial
3560,2502,Starter,29,Cancelled,2023-08-24,2023-09-24,False,Churned MRR
3561,2503,Starter,0,Cancelled,2023-07-10,2023-07-24,True,Trial
3562,2504,Starter,0,Cancelled,2023-07-10,2023-07-24,True,Trial
3563,2505,Starter,0,Cancelled,2023-07-10,2023-07-24,True,Trial
3564,2506,Business,0,Cancelled,2023-07-10,2023-07-24,True,Trial
3565,2507,Pro,0,Active,2023-07-10,,True,Trial
3566,2507,Pro,79,Cancelled,2023-07-24,2023-08-24,False,Churned MRR
3567,2508,Pro,0,Cancelled,2023-07-10,2023-07-24,True,Trial
3568,2509,Enterprise,0,Active,2023-07-10,,True,Trial
3569,2509,Enterprise,499,Downgraded,2024-01-24,2024-02-24,False,Contraction MRR
3570,2509,Business,199,Cancelled,2024-03-24,2024-04-24,False,Churned MRR
3571,2510,Starter,0,Cancelled,2023-07-10,2023-07-24,True,Trial
3572,2511,Business,0,Cancelled,2023-07-10,2023-07-24,True,Trial
3573,2512,Pro,0,Active,2023-07-10,,True,Trial
3574,2512,Pro,79,Cancelled,2023-10-24,2023-11-24,False,Churned MRR
3575,2513,Pro,0,Cancelled,2023-07-10,2023-07-24,True,Trial
3576,2514,Pro,0,Cancelled,2023-07-11,2023-07-25,True,Trial
3577,2515,Starter,0,Cancelled,2023-07-11,2023-07-25,True,Trial
3578,2516,Business,0,Cancelled,2023-07-11,2023-07-25,True,Trial
3579,2517,Enterprise,0,Cancelled,2023-07-11,2023-07-25,True,Trial
3580,2518,Starter,0,Cancelled,2023-07-11,2023-07-25,True,Trial
3581,2519,Starter,0,Cancelled,2023-07-11,2023-07-25,True,Trial
3582,2520,Enterprise,0,Cancelled,2023-07-11,2023-07-25,True,Trial
3583,2521,Starter,0,Cancelled,2023-07-11,2023-07-25,True,Trial
3584,2522,Pro,0,Active,2023-07-11,,True,Trial
3585,2522,Pro,79,Cancelled,2024-09-25,2024-10-25,False,Churned MRR
3586,2523,Starter,0,Cancelled,2023-07-11,2023-07-25,True,Trial
3587,2524,Business,0,Cancelled,2023-07-12,2023-07-26,True,Trial
3588,2525,Pro,0,Cancelled,2023-07-12,2023-07-26,True,Trial
3589,2526,Starter,0,Active,2023-07-12,,True,Trial
3590,2526,Starter,29,Cancelled,2024-03-26,2024-04-26,False,Churned MRR
3591,2527,Starter,0,Cancelled,2023-07-12,2023-07-26,True,Trial
3592,2528,Pro,0,Active,2023-07-12,,True,Trial
3593,2528,Pro,79,Cancelled,2023-09-26,2023-10-26,False,Churned MRR
3594,2529,Pro,0,Cancelled,2023-07-12,2023-07-26,True,Trial
3595,2530,Pro,0,Cancelled,2023-07-12,2023-07-26,True,Trial
3596,2531,Starter,0,Cancelled,2023-07-12,2023-07-26,True,Trial
3597,2532,Business,0,Active,2023-07-13,,True,Trial
3598,2532,Business,199,Active,2024-12-27,,False,Recurring
3599,2533,Starter,0,Cancelled,2023-07-13,2023-07-27,True,Trial
3600,2534,Starter,0,Active,2023-07-13,,True,Trial
3601,2534,Starter,29,Cancelled,2023-08-27,2023-09-27,False,Churned MRR
3602,2535,Pro,0,Active,2023-07-13,,True,Trial
3603,2535,Pro,79,Active,2024-12-27,,False,Recurring
3604,2536,Pro,0,Active,2023-07-13,,True,Trial
3605,2536,Pro,79,Cancelled,2023-07-27,2023-08-27,False,Churned MRR
3606,2537,Starter,0,Active,2023-07-13,,True,Trial
3607,2537,Starter,29,Upgraded,2023-08-27,2023-09-27,False,Expansion MRR
3608,2537,Pro,79,Upgraded,2024-05-27,2024-06-27,False,Expansion MRR
3609,2537,Business,199,Active,2024-12-27,,False,Recurring
3610,2538,Starter,0,Cancelled,2023-07-13,2023-07-27,True,Trial
3611,2539,Starter,0,Active,2023-07-14,,True,Trial
3612,2539,Starter,29,Cancelled,2023-10-28,2023-11-28,False,Churned MRR
3613,2540,Pro,0,Active,2023-07-14,,True,Trial
3614,2540,Pro,79,Cancelled,2024-02-28,2024-03-28,False,Churned MRR
3615,2541,Starter,0,Cancelled,2023-07-14,2023-07-28,True,Trial
3616,2542,Starter,0,Active,2023-07-14,,True,Trial
3617,2542,Starter,29,Cancelled,2023-07-28,2023-08-28,False,Churned MRR
3618,2543,Pro,0,Active,2023-07-14,,True,Trial
3619,2543,Pro,79,Active,2024-12-28,,False,Recurring
3620,2544,Business,0,Cancelled,2023-07-14,2023-07-28,True,Trial
3621,2545,Business,0,Cancelled,2023-07-14,2023-07-28,True,Trial
3622,2546,Pro,0,Active,2023-07-14,,True,Trial
3623,2546,Pro,79,Cancelled,2023-07-28,2023-08-28,False,Churned MRR
3624,2546,Starter,29,Active,2024-01-28,,False,Reactivation MRR
3625,2547,Enterprise,0,Cancelled,2023-07-14,2023-07-28,True,Trial
3626,2548,Enterprise,0,Active,2023-07-14,,True,Trial
3627,2548,Enterprise,499,Downgraded,2024-09-28,2024-10-28,False,Contraction MRR
3628,2548,Business,199,Active,2024-12-28,,False,Recurring
3629,2549,Starter,0,Cancelled,2023-07-15,2023-07-29,True,Trial
3630,2550,Pro,0,Cancelled,2023-07-15,2023-07-29,True,Trial
3631,2551,Pro,0,Active,2023-07-15,,True,Trial
3632,2551,Pro,79,Cancelled,2023-09-29,2023-10-29,False,Churned MRR
3633,2552,Enterprise,0,Active,2023-07-15,,True,Trial
3634,2552,Enterprise,499,Active,2024-12-29,,False,Recurring
3635,2553,Starter,0,Cancelled,2023-07-15,2023-07-29,True,Trial
3636,2554,Starter,0,Cancelled,2023-07-15,2023-07-29,True,Trial
3637,2555,Business,0,Active,2023-07-15,,True,Trial
3638,2555,Business,199,Downgraded,2023-09-29,2023-10-29,False,Contraction MRR
3639,2555,Pro,79,Cancelled,2024-10-29,2024-11-29,False,Churned MRR
3640,2556,Starter,0,Cancelled,2023-07-16,2023-07-30,True,Trial
3641,2557,Starter,0,Cancelled,2023-07-16,2023-07-30,True,Trial
3642,2558,Pro,0,Cancelled,2023-07-16,2023-07-30,True,Trial
3643,2559,Business,0,Cancelled,2023-07-16,2023-07-30,True,Trial
3644,2560,Pro,0,Active,2023-07-16,,True,Trial
3645,2560,Pro,79,Cancelled,2023-07-30,2023-08-30,False,Churned MRR
3646,2561,Starter,0,Cancelled,2023-07-16,2023-07-30,True,Trial
3647,2562,Starter,0,Cancelled,2023-07-16,2023-07-30,True,Trial
3648,2563,Pro,0,Active,2023-07-16,,True,Trial
3649,2563,Pro,79,Cancelled,2023-07-30,2023-08-30,False,Churned MRR
3650,2564,Pro,0,Active,2023-07-17,,True,Trial
3651,2564,Pro,79,Upgraded,2023-09-30,2023-10-30,False,Expansion MRR
3652,2564,Business,199,Active,2024-12-29,,False,Recurring
3653,2565,Pro,0,Cancelled,2023-07-17,2023-07-31,True,Trial
3654,2566,Business,0,Active,2023-07-17,,True,Trial
3655,2566,Business,199,Downgraded,2024-07-29,2024-08-29,False,Contraction MRR
3656,2566,Pro,79,Upgraded,2024-10-29,2024-11-29,False,Expansion MRR
3657,2566,Business,199,Active,2024-12-29,,False,Recurring
3658,2567,Starter,0,Active,2023-07-17,,True,Trial
3659,2567,Starter,29,Cancelled,2023-07-31,2023-08-31,False,Churned MRR
3660,2568,Pro,0,Cancelled,2023-07-17,2023-07-31,True,Trial
3661,2569,Pro,0,Cancelled,2023-07-17,2023-07-31,True,Trial
3662,2570,Starter,0,Cancelled,2023-07-17,2023-07-31,True,Trial
3663,2571,Enterprise,0,Active,2023-07-17,,True,Trial
3664,2571,Enterprise,499,Downgraded,2024-01-30,2024-02-29,False,Contraction MRR
3665,2571,Business,199,Cancelled,2024-11-29,2024-12-29,False,Churned MRR
3666,2572,Business,0,Active,2023-07-17,,True,Trial
3667,2572,Business,199,Downgraded,2024-03-29,2024-04-29,False,Contraction MRR
3668,2572,Pro,79,Active,2024-12-29,,False,Recurring
3669,2573,Starter,0,Active,2023-07-17,,True,Trial
3670,2573,Starter,29,Cancelled,2023-07-31,2023-08-31,False,Churned MRR
3671,2574,Starter,0,Cancelled,2023-07-17,2023-07-31,True,Trial
3672,2575,Pro,0,Cancelled,2023-07-17,2023-07-31,True,Trial
3673,2576,Business,0,Cancelled,2023-07-17,2023-07-31,True,Trial
3674,2577,Starter,0,Active,2023-07-17,,True,Trial
3675,2577,Starter,29,Cancelled,2024-03-29,2024-04-29,False,Churned MRR
3676,2578,Enterprise,0,Cancelled,2023-07-17,2023-07-31,True,Trial
3677,2579,Business,0,Active,2023-07-18,,True,Trial
3678,2579,Business,199,Upgraded,2023-10-01,2023-11-01,False,Expansion MRR
3679,2579,Enterprise,499,Active,2024-12-01,,False,Recurring
3680,2580,Starter,0,Cancelled,2023-07-18,2023-08-01,True,Trial
3681,2581,Starter,0,Cancelled,2023-07-18,2023-08-01,True,Trial
3682,2582,Starter,0,Cancelled,2023-07-18,2023-08-01,True,Trial
3683,2583,Starter,0,Cancelled,2023-07-18,2023-08-01,True,Trial
3684,2584,Business,0,Cancelled,2023-07-18,2023-08-01,True,Trial
3685,2585,Starter,0,Active,2023-07-18,,True,Trial
3686,2585,Starter,29,Cancelled,2023-11-01,2023-12-01,False,Churned MRR
3687,2586,Pro,0,Cancelled,2023-07-18,2023-08-01,True,Trial
3688,2587,Enterprise,0,Active,2023-07-18,,True,Trial
3689,2587,Enterprise,499,Active,2024-12-01,,False,Recurring
3690,2588,Pro,0,Cancelled,2023-07-18,2023-08-01,True,Trial
3691,2589,Pro,0,Active,2023-07-18,,True,Trial
3692,2589,Pro,79,Active,2024-12-01,,False,Recurring
3693,2590,Pro,0,Cancelled,2023-07-18,2023-08-01,True,Trial
3694,2591,Business,0,Cancelled,2023-07-18,2023-08-01,True,Trial
3695,2592,Pro,0,Cancelled,2023-07-19,2023-08-02,True,Trial
3696,2593,Business,0,Cancelled,2023-07-19,2023-08-02,True,Trial
3697,2594,Business,0,Cancelled,2023-07-20,2023-08-03,True,Trial
3698,2595,Enterprise,0,Cancelled,2023-07-20,2023-08-03,True,Trial
3699,2596,Pro,0,Cancelled,2023-07-20,2023-08-03,True,Trial
3700,2597,Pro,0,Active,2023-07-20,,True,Trial
3701,2597,Pro,79,Cancelled,2024-05-03,2024-06-03,False,Churned MRR
3702,2598,Business,0,Active,2023-07-20,,True,Trial
3703,2598,Business,199,Active,2024-12-03,,False,Recurring
3704,2599,Business,0,Cancelled,2023-07-20,2023-08-03,True,Trial
3705,2600,Starter,0,Cancelled,2023-07-20,2023-08-03,True,Trial
3706,2601,Starter,0,Cancelled,2023-07-20,2023-08-03,True,Trial
3707,2602,Starter,0,Cancelled,2023-07-21,2023-08-04,True,Trial
3708,2603,Pro,0,Active,2023-07-21,,True,Trial
3709,2603,Pro,79,Active,2024-12-04,,False,Recurring
3710,2604,Starter,0,Cancelled,2023-07-22,2023-08-05,True,Trial
3711,2605,Enterprise,0,Active,2023-07-22,,True,Trial
3712,2605,Enterprise,499,Active,2024-12-05,,False,Recurring
3713,2606,Business,0,Active,2023-07-22,,True,Trial
3714,2606,Business,199,Upgraded,2023-08-05,2023-09-05,False,Expansion MRR
3715,2606,Enterprise,499,Active,2024-12-05,,False,Recurring
3716,2607,Pro,0,Active,2023-07-22,,True,Trial
3717,2607,Pro,79,Active,2024-12-05,,False,Recurring
3718,2608,Starter,0,Cancelled,2023-07-22,2023-08-05,True,Trial
3719,2609,Enterprise,0,Cancelled,2023-07-22,2023-08-05,True,Trial
3720,2610,Business,0,Active,2023-07-22,,True,Trial
3721,2610,Business,199,Active,2024-12-05,,False,Recurring
3722,2611,Pro,0,Cancelled,2023-07-22,2023-08-05,True,Trial
3723,2612,Pro,0,Cancelled,2023-07-22,2023-08-05,True,Trial
3724,2613,Enterprise,0,Active,2023-07-22,,True,Trial
3725,2613,Enterprise,499,Cancelled,2024-12-05,2025-01-01,False,Churned MRR
3726,2614,Enterprise,0,Cancelled,2023-07-23,2023-08-06,True,Trial
3727,2615,Pro,0,Cancelled,2023-07-23,2023-08-06,True,Trial
3728,2616,Starter,0,Cancelled,2023-07-23,2023-08-06,True,Trial
3729,2617,Pro,0,Cancelled,2023-07-23,2023-08-06,True,Trial
3730,2618,Business,0,Cancelled,2023-07-23,2023-08-06,True,Trial
3731,2619,Starter,0,Cancelled,2023-07-23,2023-08-06,True,Trial
3732,2620,Starter,0,Cancelled,2023-07-23,2023-08-06,True,Trial
3733,2621,Pro,0,Cancelled,2023-07-23,2023-08-06,True,Trial
3734,2622,Starter,0,Cancelled,2023-07-23,2023-08-06,True,Trial
3735,2623,Pro,0,Cancelled,2023-07-24,2023-08-07,True,Trial
3736,2624,Starter,0,Cancelled,2023-07-24,2023-08-07,True,Trial
3737,2625,Starter,0,Cancelled,2023-07-24,2023-08-07,True,Trial
3738,2626,Starter,0,Cancelled,2023-07-24,2023-08-07,True,Trial
3739,2627,Starter,0,Cancelled,2023-07-24,2023-08-07,True,Trial
3740,2628,Pro,0,Cancelled,2023-07-24,2023-08-07,True,Trial
3741,2629,Starter,0,Cancelled,2023-07-24,2023-08-07,True,Trial
3742,2630,Starter,0,Cancelled,2023-07-24,2023-08-07,True,Trial
3743,2631,Starter,0,Cancelled,2023-07-24,2023-08-07,True,Trial
3744,2632,Enterprise,0,Active,2023-07-24,,True,Trial
3745,2632,Enterprise,499,Cancelled,2023-08-07,2023-09-07,False,Churned MRR
3746,2632,Enterprise,499,Active,2024-06-07,,False,Reactivation MRR
3747,2633,Enterprise,0,Cancelled,2023-07-24,2023-08-07,True,Trial
3748,2634,Enterprise,0,Cancelled,2023-07-24,2023-08-07,True,Trial
3749,2635,Pro,0,Active,2023-07-24,,True,Trial
3750,2635,Pro,79,Cancelled,2023-09-07,2023-10-07,False,Churned MRR
3751,2636,Starter,0,Active,2023-07-24,,True,Trial
3752,2636,Starter,29,Upgraded,2023-10-07,2023-11-07,False,Expansion MRR
3753,2636,Pro,79,Upgraded,2024-12-07,2025-01-07,False,Expansion MRR
3754,2637,Business,0,Cancelled,2023-07-25,2023-08-08,True,Trial
3755,2638,Starter,0,Cancelled,2023-07-25,2023-08-08,True,Trial
3756,2639,Business,0,Active,2023-07-25,,True,Trial
3757,2639,Business,199,Upgraded,2024-03-08,2024-04-08,False,Expansion MRR
3758,2639,Enterprise,499,Active,2024-12-08,,False,Recurring
3759,2640,Starter,0,Cancelled,2023-07-25,2023-08-08,True,Trial
3760,2641,Starter,0,Active,2023-07-25,,True,Trial
3761,2641,Starter,29,Active,2024-12-08,,False,Recurring
3762,2642,Business,0,Cancelled,2023-07-25,2023-08-08,True,Trial
3763,2643,Enterprise,0,Cancelled,2023-07-25,2023-08-08,True,Trial
3764,2644,Starter,0,Cancelled,2023-07-25,2023-08-08,True,Trial
3765,2645,Starter,0,Cancelled,2023-07-26,2023-08-09,True,Trial
3766,2646,Enterprise,0,Cancelled,2023-07-26,2023-08-09,True,Trial
3767,2647,Starter,0,Cancelled,2023-07-26,2023-08-09,True,Trial
3768,2648,Pro,0,Active,2023-07-26,,True,Trial
3769,2648,Pro,79,Upgraded,2024-02-09,2024-03-09,False,Expansion MRR
3770,2648,Business,199,Active,2024-12-09,,False,Recurring
3771,2649,Enterprise,0,Active,2023-07-26,,True,Trial
3772,2649,Enterprise,499,Cancelled,2024-07-09,2024-08-09,False,Churned MRR
3773,2650,Pro,0,Active,2023-07-26,,True,Trial
3774,2650,Pro,79,Upgraded,2024-03-09,2024-04-09,False,Expansion MRR
3775,2650,Business,199,Cancelled,2024-06-09,2024-07-09,False,Churned MRR
3776,2651,Enterprise,0,Active,2023-07-26,,True,Trial
3777,2651,Enterprise,499,Active,2024-12-09,,False,Recurring
3778,2652,Pro,0,Cancelled,2023-07-26,2023-08-09,True,Trial
3779,2653,Starter,0,Cancelled,2023-07-26,2023-08-09,True,Trial
3780,2654,Enterprise,0,Cancelled,2023-07-26,2023-08-09,True,Trial
3781,2655,Enterprise,0,Cancelled,2023-07-26,2023-08-09,True,Trial
3782,2656,Pro,0,Cancelled,2023-07-26,2023-08-09,True,Trial
3783,2657,Pro,0,Cancelled,2023-07-26,2023-08-09,True,Trial
3784,2658,Pro,0,Cancelled,2023-07-27,2023-08-10,True,Trial
3785,2659,Starter,0,Cancelled,2023-07-27,2023-08-10,True,Trial
3786,2660,Business,0,Cancelled,2023-07-27,2023-08-10,True,Trial
3787,2661,Business,0,Cancelled,2023-07-27,2023-08-10,True,Trial
3788,2662,Pro,0,Active,2023-07-27,,True,Trial
3789,2662,Pro,79,Cancelled,2023-11-10,2023-12-10,False,Churned MRR
3790,2663,Starter,0,Cancelled,2023-07-28,2023-08-11,True,Trial
3791,2664,Pro,0,Cancelled,2023-07-28,2023-08-11,True,Trial
3792,2665,Pro,0,Cancelled,2023-07-28,2023-08-11,True,Trial
3793,2666,Pro,0,Cancelled,2023-07-28,2023-08-11,True,Trial
3794,2667,Business,0,Cancelled,2023-07-28,2023-08-11,True,Trial
3795,2668,Pro,0,Active,2023-07-29,,True,Trial
3796,2668,Pro,79,Upgraded,2024-01-12,2024-02-12,False,Expansion MRR
3797,2668,Business,199,Downgraded,2024-11-12,2024-12-12,False,Contraction MRR
3798,2668,Pro,79,Active,2024-12-12,,False,Contraction MRR
3799,2669,Pro,0,Cancelled,2023-07-29,2023-08-12,True,Trial
3800,2670,Business,0,Active,2023-07-29,,True,Trial
3801,2670,Business,199,Downgraded,2023-08-12,2023-09-12,False,Contraction MRR
3802,2670,Pro,79,Cancelled,2023-09-12,2023-10-12,False,Churned MRR
3803,2671,Pro,0,Cancelled,2023-07-29,2023-08-12,True,Trial
3804,2672,Pro,0,Cancelled,2023-07-29,2023-08-12,True,Trial
3805,2673,Starter,0,Cancelled,2023-07-29,2023-08-12,True,Trial
3806,2674,Pro,0,Active,2023-07-29,,True,Trial
3807,2674,Pro,79,Upgraded,2024-05-12,2024-06-12,False,Expansion MRR
3808,2674,Business,199,Active,2024-12-12,,False,Recurring
3809,2675,Starter,0,Cancelled,2023-07-29,2023-08-12,True,Trial
3810,2676,Pro,0,Active,2023-07-29,,True,Trial
3811,2676,Pro,79,Cancelled,2024-10-12,2024-11-12,False,Churned MRR
3812,2677,Starter,0,Cancelled,2023-07-30,2023-08-13,True,Trial
3813,2678,Pro,0,Cancelled,2023-07-30,2023-08-13,True,Trial
3814,2679,Pro,0,Cancelled,2023-07-30,2023-08-13,True,Trial
3815,2680,Starter,0,Cancelled,2023-07-30,2023-08-13,True,Trial
3816,2681,Starter,0,Cancelled,2023-07-30,2023-08-13,True,Trial
3817,2682,Starter,0,Cancelled,2023-07-30,2023-08-13,True,Trial
3818,2683,Business,0,Active,2023-07-30,,True,Trial
3819,2683,Business,199,Cancelled,2023-12-13,2024-01-13,False,Churned MRR
3820,2684,Starter,0,Cancelled,2023-07-30,2023-08-13,True,Trial
3821,2685,Business,0,Cancelled,2023-07-31,2023-08-14,True,Trial
3822,2686,Starter,0,Active,2023-07-31,,True,Trial
3823,2686,Starter,29,Cancelled,2024-05-14,2024-06-14,False,Churned MRR
3824,2687,Starter,0,Active,2023-07-31,,True,Trial
3825,2687,Starter,29,Cancelled,2024-03-14,2024-04-14,False,Churned MRR
3826,2688,Pro,0,Cancelled,2023-07-31,2023-08-14,True,Trial
3827,2689,Starter,0,Cancelled,2023-07-31,2023-08-14,True,Trial
3828,2690,Business,0,Cancelled,2023-08-01,2023-08-15,True,Trial
3829,2691,Business,0,Cancelled,2023-08-01,2023-08-15,True,Trial
3830,2692,Enterprise,0,Active,2023-08-01,,True,Trial
3831,2692,Enterprise,499,Downgraded,2024-01-15,2024-02-15,False,Contraction MRR
3832,2692,Business,199,Downgraded,2024-06-15,2024-07-15,False,Contraction MRR
3833,2692,Pro,79,Active,2024-12-15,,False,Recurring
3834,2693,Enterprise,0,Cancelled,2023-08-01,2023-08-15,True,Trial
3835,2694,Pro,0,Cancelled,2023-08-01,2023-08-15,True,Trial
3836,2695,Enterprise,0,Active,2023-08-01,,True,Trial
3837,2695,Enterprise,499,Active,2024-12-15,,False,Recurring
3838,2696,Pro,0,Active,2023-08-01,,True,Trial
3839,2696,Pro,79,Downgraded,2024-03-15,2024-04-15,False,Contraction MRR
3840,2696,Starter,29,Upgraded,2024-05-15,2024-06-15,False,Expansion MRR
3841,2696,Pro,79,Active,2024-12-15,,False,Recurring
3842,2697,Pro,0,Cancelled,2023-08-01,2023-08-15,True,Trial
3843,2698,Starter,0,Cancelled,2023-08-01,2023-08-15,True,Trial
3844,2699,Pro,0,Cancelled,2023-08-01,2023-08-15,True,Trial
3845,2700,Starter,0,Cancelled,2023-08-01,2023-08-15,True,Trial
3846,2701,Starter,0,Cancelled,2023-08-02,2023-08-16,True,Trial
3847,2702,Starter,0,Active,2023-08-02,,True,Trial
3848,2702,Starter,29,Cancelled,2023-10-16,2023-11-16,False,Churned MRR
3849,2703,Pro,0,Cancelled,2023-08-02,2023-08-16,True,Trial
3850,2704,Starter,0,Cancelled,2023-08-02,2023-08-16,True,Trial
3851,2705,Enterprise,0,Active,2023-08-02,,True,Trial
3852,2705,Enterprise,499,Downgraded,2024-11-16,2024-12-16,False,Contraction MRR
3853,2705,Business,199,Active,2024-12-16,,False,Contraction MRR
3854,2706,Pro,0,Cancelled,2023-08-02,2023-08-16,True,Trial
3855,2707,Business,0,Active,2023-08-02,,True,Trial
3856,2707,Business,199,Downgraded,2024-05-16,2024-06-16,False,Contraction MRR
3857,2707,Pro,79,Active,2024-12-16,,False,Recurring
3858,2708,Pro,0,Cancelled,2023-08-02,2023-08-16,True,Trial
3859,2709,Business,0,Active,2023-08-02,,True,Trial
3860,2709,Business,199,Cancelled,2024-03-16,2024-04-16,False,Churned MRR
3861,2710,Pro,0,Cancelled,2023-08-02,2023-08-16,True,Trial
3862,2711,Pro,0,Cancelled,2023-08-02,2023-08-16,True,Trial
3863,2712,Starter,0,Cancelled,2023-08-02,2023-08-16,True,Trial
3864,2713,Starter,0,Active,2023-08-02,,True,Trial
3865,2713,Starter,29,Upgraded,2023-09-16,2023-10-16,False,Expansion MRR
3866,2713,Pro,79,Cancelled,2024-03-16,2024-04-16,False,Churned MRR
3867,2714,Enterprise,0,Active,2023-08-03,,True,Trial
3868,2714,Enterprise,499,Downgraded,2024-03-17,2024-04-17,False,Contraction MRR
3869,2714,Business,199,Active,2024-12-17,,False,Recurring
3870,2715,Starter,0,Cancelled,2023-08-03,2023-08-17,True,Trial
3871,2716,Business,0,Active,2023-08-03,,True,Trial
3872,2716,Business,199,Downgraded,2023-11-17,2023-12-17,False,Contraction MRR
3873,2716,Pro,79,Cancelled,2024-03-17,2024-04-17,False,Churned MRR
3874,2717,Enterprise,0,Cancelled,2023-08-04,2023-08-18,True,Trial
3875,2718,Pro,0,Cancelled,2023-08-04,2023-08-18,True,Trial
3876,2719,Pro,0,Cancelled,2023-08-04,2023-08-18,True,Trial
3877,2720,Enterprise,0,Cancelled,2023-08-04,2023-08-18,True,Trial
3878,2721,Pro,0,Cancelled,2023-08-04,2023-08-18,True,Trial
3879,2722,Starter,0,Cancelled,2023-08-05,2023-08-19,True,Trial
3880,2723,Starter,0,Cancelled,2023-08-05,2023-08-19,True,Trial
3881,2724,Business,0,Cancelled,2023-08-05,2023-08-19,True,Trial
3882,2725,Starter,0,Cancelled,2023-08-05,2023-08-19,True,Trial
3883,2726,Starter,0,Active,2023-08-05,,True,Trial
3884,2726,Starter,29,Upgraded,2024-02-19,2024-03-19,False,Expansion MRR
3885,2726,Pro,79,Active,2024-12-19,,False,Recurring
3886,2727,Starter,0,Cancelled,2023-08-05,2023-08-19,True,Trial
3887,2728,Starter,0,Cancelled,2023-08-05,2023-08-19,True,Trial
3888,2729,Enterprise,0,Cancelled,2023-08-05,2023-08-19,True,Trial
3889,2730,Pro,0,Active,2023-08-05,,True,Trial
3890,2730,Pro,79,Cancelled,2024-07-19,2024-08-19,False,Churned MRR
3891,2731,Enterprise,0,Cancelled,2023-08-05,2023-08-19,True,Trial
3892,2732,Pro,0,Active,2023-08-05,,True,Trial
3893,2732,Pro,79,Upgraded,2023-12-19,2024-01-19,False,Expansion MRR
3894,2732,Business,199,Upgraded,2024-09-19,2024-10-19,False,Expansion MRR
3895,2732,Enterprise,499,Active,2024-12-19,,False,Recurring
3896,2733,Starter,0,Cancelled,2023-08-06,2023-08-20,True,Trial
3897,2734,Pro,0,Cancelled,2023-08-06,2023-08-20,True,Trial
3898,2735,Enterprise,0,Cancelled,2023-08-06,2023-08-20,True,Trial
3899,2736,Business,0,Cancelled,2023-08-06,2023-08-20,True,Trial
3900,2737,Starter,0,Cancelled,2023-08-06,2023-08-20,True,Trial
3901,2738,Enterprise,0,Cancelled,2023-08-06,2023-08-20,True,Trial
3902,2739,Pro,0,Active,2023-08-06,,True,Trial
3903,2739,Pro,79,Cancelled,2024-09-20,2024-10-20,False,Churned MRR
3904,2740,Enterprise,0,Cancelled,2023-08-06,2023-08-20,True,Trial
3905,2741,Starter,0,Active,2023-08-06,,True,Trial
3906,2741,Starter,29,Cancelled,2024-01-20,2024-02-20,False,Churned MRR
3907,2742,Pro,0,Active,2023-08-06,,True,Trial
3908,2742,Pro,79,Active,2024-12-20,,False,Recurring
3909,2743,Enterprise,0,Active,2023-08-06,,True,Trial
3910,2743,Enterprise,499,Active,2024-12-20,,False,Recurring
3911,2744,Starter,0,Cancelled,2023-08-06,2023-08-20,True,Trial
3912,2745,Starter,0,Cancelled,2023-08-07,2023-08-21,True,Trial
3913,2746,Starter,0,Active,2023-08-07,,True,Trial
3914,2746,Starter,29,Upgraded,2024-01-21,2024-02-21,False,Expansion MRR
3915,2746,Pro,79,Cancelled,2024-07-21,2024-08-21,False,Churned MRR
3916,2747,Enterprise,0,Cancelled,2023-08-07,2023-08-21,True,Trial
3917,2748,Pro,0,Cancelled,2023-08-07,2023-08-21,True,Trial
3918,2749,Business,0,Cancelled,2023-08-07,2023-08-21,True,Trial
3919,2750,Starter,0,Cancelled,2023-08-07,2023-08-21,True,Trial
3920,2751,Starter,0,Cancelled,2023-08-07,2023-08-21,True,Trial
3921,2752,Starter,0,Cancelled,2023-08-07,2023-08-21,True,Trial
3922,2753,Starter,0,Active,2023-08-07,,True,Trial
3923,2753,Starter,29,Upgraded,2023-11-21,2023-12-21,False,Expansion MRR
3924,2753,Pro,79,Cancelled,2024-04-21,2024-05-21,False,Churned MRR
3925,2754,Enterprise,0,Active,2023-08-07,,True,Trial
3926,2754,Enterprise,499,Downgraded,2024-01-21,2024-02-21,False,Contraction MRR
3927,2754,Business,199,Cancelled,2024-03-21,2024-04-21,False,Churned MRR
3928,2755,Pro,0,Cancelled,2023-08-07,2023-08-21,True,Trial
3929,2756,Starter,0,Cancelled,2023-08-08,2023-08-22,True,Trial
3930,2757,Pro,0,Cancelled,2023-08-08,2023-08-22,True,Trial
3931,2758,Starter,0,Active,2023-08-08,,True,Trial
3932,2758,Starter,29,Cancelled,2023-08-22,2023-09-22,False,Churned MRR
3933,2758,Starter,29,Active,2023-12-22,,False,Reactivation MRR
3934,2759,Pro,0,Cancelled,2023-08-08,2023-08-22,True,Trial
3935,2760,Business,0,Cancelled,2023-08-08,2023-08-22,True,Trial
3936,2761,Enterprise,0,Active,2023-08-08,,True,Trial
3937,2761,Enterprise,499,Active,2024-12-22,,False,Recurring
3938,2762,Business,0,Cancelled,2023-08-08,2023-08-22,True,Trial
3939,2763,Business,0,Cancelled,2023-08-08,2023-08-22,True,Trial
3940,2764,Starter,0,Active,2023-08-08,,True,Trial
3941,2764,Starter,29,Cancelled,2024-06-22,2024-07-22,False,Churned MRR
3942,2765,Business,0,Cancelled,2023-08-08,2023-08-22,True,Trial
3943,2766,Starter,0,Active,2023-08-08,,True,Trial
3944,2766,Starter,29,Cancelled,2024-06-22,2024-07-22,False,Churned MRR
3945,2767,Starter,0,Cancelled,2023-08-08,2023-08-22,True,Trial
3946,2768,Starter,0,Active,2023-08-08,,True,Trial
3947,2768,Starter,29,Cancelled,2023-12-22,2024-01-22,False,Churned MRR
3948,2769,Pro,0,Cancelled,2023-08-08,2023-08-22,True,Trial
3949,2770,Starter,0,Cancelled,2023-08-09,2023-08-23,True,Trial
3950,2771,Starter,0,Cancelled,2023-08-09,2023-08-23,True,Trial
3951,2772,Starter,0,Cancelled,2023-08-09,2023-08-23,True,Trial
3952,2773,Starter,0,Cancelled,2023-08-09,2023-08-23,True,Trial
3953,2774,Pro,0,Cancelled,2023-08-09,2023-08-23,True,Trial
3954,2775,Enterprise,0,Active,2023-08-09,,True,Trial
3955,2775,Enterprise,499,Downgraded,2023-10-23,2023-11-23,False,Contraction MRR
3956,2775,Business,199,Active,2024-12-23,,False,Recurring
3957,2776,Pro,0,Cancelled,2023-08-09,2023-08-23,True,Trial
3958,2777,Starter,0,Cancelled,2023-08-09,2023-08-23,True,Trial
3959,2778,Starter,0,Cancelled,2023-08-09,2023-08-23,True,Trial
3960,2779,Business,0,Cancelled,2023-08-09,2023-08-23,True,Trial
3961,2780,Starter,0,Cancelled,2023-08-10,2023-08-24,True,Trial
3962,2781,Business,0,Active,2023-08-10,,True,Trial
3963,2781,Business,199,Upgraded,2024-11-24,2024-12-24,False,Expansion MRR
3964,2781,Enterprise,499,Active,2024-12-24,,False,Expansion MRR
3965,2782,Starter,0,Active,2023-08-10,,True,Trial
3966,2782,Starter,29,Cancelled,2024-04-24,2024-05-24,False,Churned MRR
3967,2783,Pro,0,Cancelled,2023-08-10,2023-08-24,True,Trial
3968,2784,Starter,0,Cancelled,2023-08-10,2023-08-24,True,Trial
3969,2785,Pro,0,Active,2023-08-10,,True,Trial
3970,2785,Pro,79,Upgraded,2023-08-24,2023-09-24,False,Expansion MRR
3971,2785,Business,199,Upgraded,2023-12-24,2024-01-24,False,Expansion MRR
3972,2785,Enterprise,499,Active,2024-12-24,,False,Recurring
3973,2786,Starter,0,Cancelled,2023-08-10,2023-08-24,True,Trial
3974,2787,Business,0,Cancelled,2023-08-11,2023-08-25,True,Trial
3975,2788,Enterprise,0,Cancelled,2023-08-11,2023-08-25,True,Trial
3976,2789,Starter,0,Active,2023-08-11,,True,Trial
3977,2789,Starter,29,Cancelled,2024-01-25,2024-02-25,False,Churned MRR
3978,2790,Business,0,Active,2023-08-11,,True,Trial
3979,2790,Business,199,Active,2024-12-25,,False,Recurring
3980,2791,Starter,0,Active,2023-08-11,,True,Trial
3981,2791,Starter,29,Upgraded,2024-07-25,2024-08-25,False,Expansion MRR
3982,2791,Pro,79,Downgraded,2024-12-25,2025-01-25,False,Contraction MRR
3983,2792,Starter,0,Cancelled,2023-08-11,2023-08-25,True,Trial
3984,2793,Business,0,Active,2023-08-11,,True,Trial
3985,2793,Business,199,Active,2024-12-25,,False,Recurring
3986,2794,Pro,0,Cancelled,2023-08-11,2023-08-25,True,Trial
3987,2795,Business,0,Active,2023-08-12,,True,Trial
3988,2795,Business,199,Downgraded,2024-06-26,2024-07-26,False,Contraction MRR
3989,2795,Pro,79,Cancelled,2024-09-26,2024-10-26,False,Churned MRR
3990,2796,Enterprise,0,Active,2023-08-12,,True,Trial
3991,2796,Enterprise,499,Active,2024-12-26,,False,Recurring
3992,2797,Pro,0,Cancelled,2023-08-12,2023-08-26,True,Trial
3993,2798,Starter,0,Cancelled,2023-08-12,2023-08-26,True,Trial
3994,2799,Pro,0,Cancelled,2023-08-12,2023-08-26,True,Trial
3995,2800,Starter,0,Cancelled,2023-08-12,2023-08-26,True,Trial
3996,2801,Starter,0,Active,2023-08-12,,True,Trial
3997,2801,Starter,29,Cancelled,2024-05-26,2024-06-26,False,Churned MRR
3998,2802,Business,0,Cancelled,2023-08-12,2023-08-26,True,Trial
3999,2803,Business,0,Cancelled,2023-08-12,2023-08-26,True,Trial
4000,2804,Starter,0,Cancelled,2023-08-12,2023-08-26,True,Trial
4001,2805,Pro,0,Cancelled,2023-08-12,2023-08-26,True,Trial
4002,2806,Starter,0,Cancelled,2023-08-13,2023-08-27,True,Trial
4003,2807,Pro,0,Cancelled,2023-08-13,2023-08-27,True,Trial
4004,2808,Enterprise,0,Cancelled,2023-08-13,2023-08-27,True,Trial
4005,2809,Pro,0,Cancelled,2023-08-13,2023-08-27,True,Trial
4006,2810,Pro,0,Cancelled,2023-08-13,2023-08-27,True,Trial
4007,2811,Business,0,Cancelled,2023-08-13,2023-08-27,True,Trial
4008,2812,Starter,0,Cancelled,2023-08-13,2023-08-27,True,Trial
4009,2813,Business,0,Active,2023-08-13,,True,Trial
4010,2813,Business,199,Active,2024-12-27,,False,Recurring
4011,2814,Pro,0,Cancelled,2023-08-13,2023-08-27,True,Trial
4012,2815,Starter,0,Cancelled,2023-08-13,2023-08-27,True,Trial
4013,2816,Starter,0,Cancelled,2023-08-13,2023-08-27,True,Trial
4014,2817,Starter,0,Cancelled,2023-08-13,2023-08-27,True,Trial
4015,2818,Starter,0,Cancelled,2023-08-14,2023-08-28,True,Trial
4016,2819,Starter,0,Cancelled,2023-08-14,2023-08-28,True,Trial
4017,2820,Starter,0,Active,2023-08-14,,True,Trial
4018,2820,Starter,29,Cancelled,2023-10-28,2023-11-28,False,Churned MRR
4019,2821,Enterprise,0,Active,2023-08-14,,True,Trial
4020,2821,Enterprise,499,Active,2024-12-28,,False,Recurring
4021,2822,Starter,0,Active,2023-08-14,,True,Trial
4022,2822,Starter,29,Upgraded,2024-04-28,2024-05-28,False,Expansion MRR
4023,2822,Pro,79,Active,2024-12-28,,False,Recurring
4024,2823,Pro,0,Active,2023-08-15,,True,Trial
4025,2823,Pro,79,Cancelled,2024-01-29,2024-02-29,False,Churned MRR
4026,2824,Starter,0,Active,2023-08-15,,True,Trial
4027,2824,Starter,29,Cancelled,2024-03-29,2024-04-29,False,Churned MRR
4028,2825,Enterprise,0,Cancelled,2023-08-15,2023-08-29,True,Trial
4029,2826,Pro,0,Cancelled,2023-08-15,2023-08-29,True,Trial
4030,2827,Business,0,Cancelled,2023-08-15,2023-08-29,True,Trial
4031,2828,Pro,0,Active,2023-08-15,,True,Trial
4032,2828,Pro,79,Cancelled,2024-02-29,2024-03-29,False,Churned MRR
4033,2829,Enterprise,0,Cancelled,2023-08-15,2023-08-29,True,Trial
4034,2830,Starter,0,Cancelled,2023-08-15,2023-08-29,True,Trial
4035,2831,Pro,0,Cancelled,2023-08-15,2023-08-29,True,Trial
4036,2832,Starter,0,Cancelled,2023-08-16,2023-08-30,True,Trial
4037,2833,Starter,0,Cancelled,2023-08-16,2023-08-30,True,Trial
4038,2834,Starter,0,Cancelled,2023-08-16,2023-08-30,True,Trial
4039,2835,Starter,0,Cancelled,2023-08-16,2023-08-30,True,Trial
4040,2836,Starter,0,Cancelled,2023-08-16,2023-08-30,True,Trial
4041,2837,Starter,0,Cancelled,2023-08-16,2023-08-30,True,Trial
4042,2838,Pro,0,Cancelled,2023-08-16,2023-08-30,True,Trial
4043,2839,Starter,0,Cancelled,2023-08-16,2023-08-30,True,Trial
4044,2840,Business,0,Active,2023-08-17,,True,Trial
4045,2840,Business,199,Upgraded,2023-10-30,2023-11-30,False,Expansion MRR
4046,2840,Enterprise,499,Active,2024-12-29,,False,Recurring
4047,2841,Business,0,Active,2023-08-17,,True,Trial
4048,2841,Business,199,Active,2024-12-29,,False,Recurring
4049,2842,Pro,0,Active,2023-08-17,,True,Trial
4050,2842,Pro,79,Upgraded,2024-06-29,2024-07-29,False,Expansion MRR
4051,2842,Business,199,Active,2024-12-29,,False,Recurring
4052,2843,Enterprise,0,Cancelled,2023-08-17,2023-08-31,True,Trial
4053,2844,Pro,0,Cancelled,2023-08-17,2023-08-31,True,Trial
4054,2845,Starter,0,Cancelled,2023-08-17,2023-08-31,True,Trial
4055,2846,Starter,0,Cancelled,2023-08-17,2023-08-31,True,Trial
4056,2847,Pro,0,Cancelled,2023-08-17,2023-08-31,True,Trial
4057,2848,Starter,0,Cancelled,2023-08-17,2023-08-31,True,Trial
4058,2849,Enterprise,0,Active,2023-08-18,,True,Trial
4059,2849,Enterprise,499,Active,2024-12-01,,False,Recurring
4060,2850,Starter,0,Cancelled,2023-08-18,2023-09-01,True,Trial
4061,2851,Starter,0,Active,2023-08-18,,True,Trial
4062,2851,Starter,29,Cancelled,2024-08-01,2024-09-01,False,Churned MRR
4063,2852,Starter,0,Cancelled,2023-08-18,2023-09-01,True,Trial
4064,2853,Starter,0,Cancelled,2023-08-18,2023-09-01,True,Trial
4065,2854,Starter,0,Active,2023-08-18,,True,Trial
4066,2854,Starter,29,Cancelled,2024-03-01,2024-04-01,False,Churned MRR
4067,2855,Starter,0,Cancelled,2023-08-19,2023-09-02,True,Trial
4068,2856,Pro,0,Active,2023-08-19,,True,Trial
4069,2856,Pro,79,Cancelled,2023-10-02,2023-11-02,False,Churned MRR
4070,2857,Pro,0,Cancelled,2023-08-19,2023-09-02,True,Trial
4071,2858,Pro,0,Active,2023-08-19,,True,Trial
4072,2858,Pro,79,Cancelled,2023-09-02,2023-10-02,False,Churned MRR
4073,2859,Business,0,Active,2023-08-19,,True,Trial
4074,2859,Business,199,Active,2024-12-02,,False,Recurring
4075,2860,Pro,0,Active,2023-08-19,,True,Trial
4076,2860,Pro,79,Active,2024-12-02,,False,Recurring
4077,2861,Enterprise,0,Cancelled,2023-08-19,2023-09-02,True,Trial
4078,2862,Pro,0,Cancelled,2023-08-19,2023-09-02,True,Trial
4079,2863,Business,0,Active,2023-08-19,,True,Trial
4080,2863,Business,199,Active,2024-12-02,,False,Recurring
4081,2864,Starter,0,Active,2023-08-19,,True,Trial
4082,2864,Starter,29,Cancelled,2024-02-02,2024-03-02,False,Churned MRR
4083,2865,Business,0,Cancelled,2023-08-19,2023-09-02,True,Trial
4084,2866,Pro,0,Active,2023-08-20,,True,Trial
4085,2866,Pro,79,Active,2024-12-03,,False,Recurring
4086,2867,Starter,0,Cancelled,2023-08-20,2023-09-03,True,Trial
4087,2868,Starter,0,Cancelled,2023-08-20,2023-09-03,True,Trial
4088,2869,Business,0,Cancelled,2023-08-20,2023-09-03,True,Trial
4089,2870,Business,0,Cancelled,2023-08-20,2023-09-03,True,Trial
4090,2871,Starter,0,Cancelled,2023-08-20,2023-09-03,True,Trial
4091,2872,Enterprise,0,Active,2023-08-20,,True,Trial
4092,2872,Enterprise,499,Downgraded,2023-10-03,2023-11-03,False,Contraction MRR
4093,2872,Business,199,Active,2024-12-03,,False,Recurring
4094,2873,Starter,0,Cancelled,2023-08-20,2023-09-03,True,Trial
4095,2874,Enterprise,0,Cancelled,2023-08-20,2023-09-03,True,Trial
4096,2875,Enterprise,0,Cancelled,2023-08-21,2023-09-04,True,Trial
4097,2876,Business,0,Active,2023-08-21,,True,Trial
4098,2876,Business,199,Upgraded,2024-03-04,2024-04-04,False,Expansion MRR
4099,2876,Enterprise,499,Downgraded,2024-06-04,2024-07-04,False,Contraction MRR
4100,2876,Business,199,Active,2024-12-04,,False,Recurring
4101,2877,Business,0,Cancelled,2023-08-21,2023-09-04,True,Trial
4102,2878,Enterprise,0,Cancelled,2023-08-21,2023-09-04,True,Trial
4103,2879,Starter,0,Cancelled,2023-08-21,2023-09-04,True,Trial
4104,2880,Business,0,Active,2023-08-21,,True,Trial
4105,2880,Business,199,Upgraded,2024-01-04,2024-02-04,False,Expansion MRR
4106,2880,Enterprise,499,Downgraded,2024-09-04,2024-10-04,False,Contraction MRR
4107,2880,Business,199,Cancelled,2024-10-04,2024-11-04,False,Churned MRR
4108,2881,Starter,0,Cancelled,2023-08-21,2023-09-04,True,Trial
4109,2882,Business,0,Cancelled,2023-08-21,2023-09-04,True,Trial
4110,2883,Starter,0,Active,2023-08-22,,True,Trial
4111,2883,Starter,29,Upgraded,2023-09-05,2023-10-05,False,Expansion MRR
4112,2883,Pro,79,Cancelled,2024-10-05,2024-11-05,False,Churned MRR
4113,2884,Starter,0,Cancelled,2023-08-22,2023-09-05,True,Trial
4114,2885,Starter,0,Cancelled,2023-08-22,2023-09-05,True,Trial
4115,2886,Enterprise,0,Cancelled,2023-08-22,2023-09-05,True,Trial
4116,2887,Starter,0,Cancelled,2023-08-22,2023-09-05,True,Trial
4117,2888,Business,0,Cancelled,2023-08-22,2023-09-05,True,Trial
4118,2889,Starter,0,Active,2023-08-22,,True,Trial
4119,2889,Starter,29,Cancelled,2024-04-05,2024-05-05,False,Churned MRR
4120,2890,Business,0,Cancelled,2023-08-22,2023-09-05,True,Trial
4121,2891,Starter,0,Cancelled,2023-08-22,2023-09-05,True,Trial
4122,2892,Pro,0,Cancelled,2023-08-23,2023-09-06,True,Trial
4123,2893,Pro,0,Cancelled,2023-08-23,2023-09-06,True,Trial
4124,2894,Pro,0,Active,2023-08-23,,True,Trial
4125,2894,Pro,79,Cancelled,2024-07-06,2024-08-06,False,Churned MRR
4126,2895,Pro,0,Cancelled,2023-08-23,2023-09-06,True,Trial
4127,2896,Starter,0,Cancelled,2023-08-23,2023-09-06,True,Trial
4128,2897,Business,0,Active,2023-08-24,,True,Trial
4129,2897,Business,199,Active,2024-12-07,,False,Recurring
4130,2898,Starter,0,Cancelled,2023-08-24,2023-09-07,True,Trial
4131,2899,Enterprise,0,Cancelled,2023-08-24,2023-09-07,True,Trial
4132,2900,Pro,0,Cancelled,2023-08-24,2023-09-07,True,Trial
4133,2901,Pro,0,Cancelled,2023-08-24,2023-09-07,True,Trial
4134,2902,Starter,0,Active,2023-08-24,,True,Trial
4135,2902,Starter,29,Cancelled,2024-02-07,2024-03-07,False,Churned MRR
4136,2903,Pro,0,Active,2023-08-24,,True,Trial
4137,2903,Pro,79,Upgraded,2024-03-07,2024-04-07,False,Expansion MRR
4138,2903,Business,199,Active,2024-12-07,,False,Recurring
4139,2904,Business,0,Cancelled,2023-08-24,2023-09-07,True,Trial
4140,2905,Starter,0,Cancelled,2023-08-24,2023-09-07,True,Trial
4141,2906,Pro,0,Active,2023-08-25,,True,Trial
4142,2906,Pro,79,Cancelled,2023-12-08,2024-01-08,False,Churned MRR
4143,2907,Pro,0,Cancelled,2023-08-25,2023-09-08,True,Trial
4144,2908,Starter,0,Active,2023-08-25,,True,Trial
4145,2908,Starter,29,Cancelled,2024-04-08,2024-05-08,False,Churned MRR
4146,2909,Enterprise,0,Active,2023-08-25,,True,Trial
4147,2909,Enterprise,499,Active,2024-12-08,,False,Recurring
4148,2910,Business,0,Cancelled,2023-08-25,2023-09-08,True,Trial
4149,2911,Business,0,Active,2023-08-25,,True,Trial
4150,2911,Business,199,Upgraded,2024-02-08,2024-03-08,False,Expansion MRR
4151,2911,Enterprise,499,Active,2024-12-08,,False,Recurring
4152,2912,Business,0,Cancelled,2023-08-25,2023-09-08,True,Trial
4153,2913,Business,0,Cancelled,2023-08-25,2023-09-08,True,Trial
4154,2914,Business,0,Cancelled,2023-08-25,2023-09-08,True,Trial
4155,2915,Enterprise,0,Cancelled,2023-08-25,2023-09-08,True,Trial
4156,2916,Business,0,Active,2023-08-25,,True,Trial
4157,2916,Business,199,Active,2024-12-08,,False,Recurring
4158,2917,Pro,0,Cancelled,2023-08-25,2023-09-08,True,Trial
4159,2918,Pro,0,Cancelled,2023-08-25,2023-09-08,True,Trial
4160,2919,Business,0,Cancelled,2023-08-25,2023-09-08,True,Trial
4161,2920,Starter,0,Cancelled,2023-08-26,2023-09-09,True,Trial
4162,2921,Pro,0,Cancelled,2023-08-26,2023-09-09,True,Trial
4163,2922,Pro,0,Cancelled,2023-08-26,2023-09-09,True,Trial
4164,2923,Starter,0,Cancelled,2023-08-26,2023-09-09,True,Trial
4165,2924,Starter,0,Cancelled,2023-08-26,2023-09-09,True,Trial
4166,2925,Pro,0,Cancelled,2023-08-26,2023-09-09,True,Trial
4167,2926,Starter,0,Active,2023-08-26,,True,Trial
4168,2926,Starter,29,Active,2024-12-09,,False,Recurring
4169,2927,Starter,0,Cancelled,2023-08-26,2023-09-09,True,Trial
4170,2928,Enterprise,0,Cancelled,2023-08-26,2023-09-09,True,Trial
4171,2929,Starter,0,Active,2023-08-26,,True,Trial
4172,2929,Starter,29,Active,2024-12-09,,False,Recurring
4173,2930,Enterprise,0,Cancelled,2023-08-26,2023-09-09,True,Trial
4174,2931,Starter,0,Cancelled,2023-08-27,2023-09-10,True,Trial
4175,2932,Starter,0,Cancelled,2023-08-27,2023-09-10,True,Trial
4176,2933,Business,0,Active,2023-08-27,,True,Trial
4177,2933,Business,199,Cancelled,2024-11-10,2024-12-10,False,Churned MRR
4178,2934,Business,0,Cancelled,2023-08-27,2023-09-10,True,Trial
4179,2935,Pro,0,Cancelled,2023-08-27,2023-09-10,True,Trial
4180,2936,Starter,0,Cancelled,2023-08-27,2023-09-10,True,Trial
4181,2937,Starter,0,Cancelled,2023-08-27,2023-09-10,True,Trial
4182,2938,Starter,0,Cancelled,2023-08-27,2023-09-10,True,Trial
4183,2939,Starter,0,Cancelled,2023-08-27,2023-09-10,True,Trial
4184,2940,Starter,0,Cancelled,2023-08-27,2023-09-10,True,Trial
4185,2941,Enterprise,0,Cancelled,2023-08-27,2023-09-10,True,Trial
4186,2942,Enterprise,0,Active,2023-08-28,,True,Trial
4187,2942,Enterprise,499,Cancelled,2023-10-11,2023-11-11,False,Churned MRR
4188,2943,Business,0,Active,2023-08-28,,True,Trial
4189,2943,Business,199,Upgraded,2024-03-11,2024-04-11,False,Expansion MRR
4190,2943,Enterprise,499,Active,2024-12-11,,False,Recurring
4191,2944,Business,0,Cancelled,2023-08-28,2023-09-11,True,Trial
4192,2945,Starter,0,Cancelled,2023-08-28,2023-09-11,True,Trial
4193,2946,Pro,0,Cancelled,2023-08-28,2023-09-11,True,Trial
4194,2947,Pro,0,Cancelled,2023-08-28,2023-09-11,True,Trial
4195,2948,Business,0,Cancelled,2023-08-28,2023-09-11,True,Trial
4196,2949,Business,0,Active,2023-08-28,,True,Trial
4197,2949,Business,199,Active,2024-12-11,,False,Recurring
4198,2950,Starter,0,Cancelled,2023-08-28,2023-09-11,True,Trial
4199,2951,Starter,0,Cancelled,2023-08-29,2023-09-12,True,Trial
4200,2952,Starter,0,Cancelled,2023-08-29,2023-09-12,True,Trial
4201,2953,Starter,0,Cancelled,2023-08-29,2023-09-12,True,Trial
4202,2954,Business,0,Cancelled,2023-08-29,2023-09-12,True,Trial
4203,2955,Business,0,Active,2023-08-29,,True,Trial
4204,2955,Business,199,Upgraded,2024-12-12,2025-01-12,False,Expansion MRR
4205,2956,Starter,0,Cancelled,2023-08-29,2023-09-12,True,Trial
4206,2957,Enterprise,0,Active,2023-08-29,,True,Trial
4207,2957,Enterprise,499,Active,2024-12-12,,False,Recurring
4208,2958,Enterprise,0,Cancelled,2023-08-29,2023-09-12,True,Trial
4209,2959,Starter,0,Cancelled,2023-08-29,2023-09-12,True,Trial
4210,2960,Business,0,Active,2023-08-29,,True,Trial
4211,2960,Business,199,Active,2024-12-12,,False,Recurring
4212,2961,Starter,0,Cancelled,2023-08-29,2023-09-12,True,Trial
4213,2962,Pro,0,Active,2023-08-29,,True,Trial
4214,2962,Pro,79,Downgraded,2024-06-12,2024-07-12,False,Contraction MRR
4215,2962,Starter,29,Upgraded,2024-10-12,2024-11-12,False,Expansion MRR
4216,2962,Pro,79,Active,2024-12-12,,False,Recurring
4217,2963,Starter,0,Cancelled,2023-08-29,2023-09-12,True,Trial
4218,2964,Enterprise,0,Active,2023-08-30,,True,Trial
4219,2964,Enterprise,499,Active,2024-12-13,,False,Recurring
4220,2965,Starter,0,Cancelled,2023-08-30,2023-09-13,True,Trial
4221,2966,Pro,0,Active,2023-08-30,,True,Trial
4222,2966,Pro,79,Downgraded,2023-10-13,2023-11-13,False,Contraction MRR
4223,2966,Starter,29,Cancelled,2023-11-13,2023-12-13,False,Churned MRR
4224,2967,Starter,0,Cancelled,2023-08-30,2023-09-13,True,Trial
4225,2968,Pro,0,Cancelled,2023-08-30,2023-09-13,True,Trial
4226,2969,Business,0,Cancelled,2023-08-30,2023-09-13,True,Trial
4227,2970,Starter,0,Active,2023-08-31,,True,Trial
4228,2970,Starter,29,Cancelled,2023-09-14,2023-10-14,False,Churned MRR
4229,2971,Business,0,Cancelled,2023-08-31,2023-09-14,True,Trial
4230,2972,Starter,0,Cancelled,2023-08-31,2023-09-14,True,Trial
4231,2973,Pro,0,Cancelled,2023-08-31,2023-09-14,True,Trial
4232,2974,Starter,0,Cancelled,2023-08-31,2023-09-14,True,Trial
4233,2975,Starter,0,Active,2023-08-31,,True,Trial
4234,2975,Starter,29,Cancelled,2023-09-14,2023-10-14,False,Churned MRR
4235,2976,Starter,0,Cancelled,2023-08-31,2023-09-14,True,Trial
4236,2977,Pro,0,Active,2023-09-01,,True,Trial
4237,2977,Pro,79,Cancelled,2024-08-15,2024-09-15,False,Churned MRR
4238,2978,Starter,0,Active,2023-09-01,,True,Trial
4239,2978,Starter,29,Cancelled,2024-01-15,2024-02-15,False,Churned MRR
4240,2979,Enterprise,0,Cancelled,2023-09-01,2023-09-15,True,Trial
4241,2980,Starter,0,Cancelled,2023-09-01,2023-09-15,True,Trial
4242,2981,Starter,0,Cancelled,2023-09-01,2023-09-15,True,Trial
4243,2982,Pro,0,Cancelled,2023-09-01,2023-09-15,True,Trial
4244,2983,Starter,0,Active,2023-09-01,,True,Trial
4245,2983,Starter,29,Cancelled,2023-11-15,2023-12-15,False,Churned MRR
4246,2984,Starter,0,Cancelled,2023-09-02,2023-09-16,True,Trial
4247,2985,Starter,0,Cancelled,2023-09-02,2023-09-16,True,Trial
4248,2986,Starter,0,Cancelled,2023-09-02,2023-09-16,True,Trial
4249,2987,Business,0,Cancelled,2023-09-02,2023-09-16,True,Trial
4250,2988,Pro,0,Active,2023-09-02,,True,Trial
4251,2988,Pro,79,Upgraded,2023-11-16,2023-12-16,False,Expansion MRR
4252,2988,Business,199,Active,2024-12-16,,False,Recurring
4253,2989,Pro,0,Cancelled,2023-09-03,2023-09-17,True,Trial
4254,2990,Starter,0,Active,2023-09-03,,True,Trial
4255,2990,Starter,29,Cancelled,2024-05-17,2024-06-17,False,Churned MRR
4256,2991,Pro,0,Cancelled,2023-09-03,2023-09-17,True,Trial
4257,2992,Business,0,Cancelled,2023-09-03,2023-09-17,True,Trial
4258,2993,Pro,0,Active,2023-09-03,,True,Trial
4259,2993,Pro,79,Cancelled,2023-10-17,2023-11-17,False,Churned MRR
4260,2994,Enterprise,0,Active,2023-09-03,,True,Trial
4261,2994,Enterprise,499,Cancelled,2023-09-17,2023-10-17,False,Churned MRR
4262,2995,Starter,0,Cancelled,2023-09-03,2023-09-17,True,Trial
4263,2996,Enterprise,0,Cancelled,2023-09-03,2023-09-17,True,Trial
4264,2997,Starter,0,Cancelled,2023-09-03,2023-09-17,True,Trial
4265,2998,Starter,0,Cancelled,2023-09-04,2023-09-18,True,Trial
4266,2999,Starter,0,Cancelled,2023-09-04,2023-09-18,True,Trial
4267,3000,Business,0,Cancelled,2023-09-04,2023-09-18,True,Trial
4268,3001,Pro,0,Cancelled,2023-09-04,2023-09-18,True,Trial
4269,3002,Starter,0,Cancelled,2023-09-04,2023-09-18,True,Trial
4270,3003,Starter,0,Cancelled,2023-09-04,2023-09-18,True,Trial
4271,3004,Enterprise,0,Cancelled,2023-09-04,2023-09-18,True,Trial
4272,3005,Starter,0,Active,2023-09-05,,True,Trial
4273,3005,Starter,29,Cancelled,2024-09-19,2024-10-19,False,Churned MRR
4274,3006,Starter,0,Cancelled,2023-09-05,2023-09-19,True,Trial
4275,3007,Enterprise,0,Active,2023-09-05,,True,Trial
4276,3007,Enterprise,499,Active,2024-12-19,,False,Recurring
4277,3008,Starter,0,Active,2023-09-05,,True,Trial
4278,3008,Starter,29,Active,2024-12-19,,False,Recurring
4279,3009,Pro,0,Cancelled,2023-09-05,2023-09-19,True,Trial
4280,3010,Enterprise,0,Active,2023-09-05,,True,Trial
4281,3010,Enterprise,499,Downgraded,2024-07-19,2024-08-19,False,Contraction MRR
4282,3010,Business,199,Active,2024-12-19,,False,Recurring
4283,3011,Enterprise,0,Active,2023-09-05,,True,Trial
4284,3011,Enterprise,499,Cancelled,2024-08-19,2024-09-19,False,Churned MRR
4285,3012,Pro,0,Cancelled,2023-09-05,2023-09-19,True,Trial
4286,3013,Pro,0,Cancelled,2023-09-06,2023-09-20,True,Trial
4287,3014,Business,0,Active,2023-09-06,,True,Trial
4288,3014,Business,199,Upgraded,2023-12-20,2024-01-20,False,Expansion MRR
4289,3014,Enterprise,499,Downgraded,2024-04-20,2024-05-20,False,Contraction MRR
4290,3014,Business,199,Active,2024-12-20,,False,Recurring
4291,3015,Enterprise,0,Active,2023-09-06,,True,Trial
4292,3015,Enterprise,499,Downgraded,2024-01-20,2024-02-20,False,Contraction MRR
4293,3015,Business,199,Cancelled,2024-03-20,2024-04-20,False,Churned MRR
4294,3015,Business,199,Active,2024-07-20,,False,Reactivation MRR
4295,3016,Starter,0,Cancelled,2023-09-06,2023-09-20,True,Trial
4296,3017,Pro,0,Cancelled,2023-09-06,2023-09-20,True,Trial
4297,3018,Starter,0,Active,2023-09-06,,True,Trial
4298,3018,Starter,29,Active,2024-12-20,,False,Recurring
4299,3019,Business,0,Active,2023-09-06,,True,Trial
4300,3019,Business,199,Downgraded,2024-06-20,2024-07-20,False,Contraction MRR
4301,3019,Pro,79,Cancelled,2024-07-20,2024-08-20,False,Churned MRR
4302,3020,Business,0,Active,2023-09-06,,True,Trial
4303,3020,Business,199,Active,2024-12-20,,False,Recurring
4304,3021,Starter,0,Cancelled,2023-09-06,2023-09-20,True,Trial
4305,3022,Enterprise,0,Cancelled,2023-09-06,2023-09-20,True,Trial
4306,3023,Business,0,Cancelled,2023-09-07,2023-09-21,True,Trial
4307,3024,Starter,0,Cancelled,2023-09-07,2023-09-21,True,Trial
4308,3025,Starter,0,Cancelled,2023-09-07,2023-09-21,True,Trial
4309,3026,Starter,0,Active,2023-09-07,,True,Trial
4310,3026,Starter,29,Cancelled,2023-10-21,2023-11-21,False,Churned MRR
4311,3027,Pro,0,Cancelled,2023-09-07,2023-09-21,True,Trial
4312,3028,Starter,0,Cancelled,2023-09-07,2023-09-21,True,Trial
4313,3029,Pro,0,Cancelled,2023-09-07,2023-09-21,True,Trial
4314,3030,Starter,0,Cancelled,2023-09-07,2023-09-21,True,Trial
4315,3031,Pro,0,Cancelled,2023-09-07,2023-09-21,True,Trial
4316,3032,Starter,0,Cancelled,2023-09-07,2023-09-21,True,Trial
4317,3033,Starter,0,Cancelled,2023-09-08,2023-09-22,True,Trial
4318,3034,Starter,0,Cancelled,2023-09-08,2023-09-22,True,Trial
4319,3035,Enterprise,0,Active,2023-09-08,,True,Trial
4320,3035,Enterprise,499,Downgraded,2024-01-22,2024-02-22,False,Contraction MRR
4321,3035,Business,199,Downgraded,2024-02-22,2024-03-22,False,Contraction MRR
4322,3035,Pro,79,Cancelled,2024-08-22,2024-09-22,False,Churned MRR
4323,3036,Business,0,Active,2023-09-08,,True,Trial
4324,3036,Business,199,Cancelled,2023-11-22,2023-12-22,False,Churned MRR
4325,3037,Pro,0,Cancelled,2023-09-08,2023-09-22,True,Trial
4326,3038,Pro,0,Cancelled,2023-09-08,2023-09-22,True,Trial
4327,3039,Pro,0,Active,2023-09-08,,True,Trial
4328,3039,Pro,79,Active,2024-12-22,,False,Recurring
4329,3040,Pro,0,Cancelled,2023-09-08,2023-09-22,True,Trial
4330,3041,Starter,0,Cancelled,2023-09-08,2023-09-22,True,Trial
4331,3042,Pro,0,Active,2023-09-08,,True,Trial
4332,3042,Pro,79,Cancelled,2024-01-22,2024-02-22,False,Churned MRR
4333,3043,Enterprise,0,Active,2023-09-08,,True,Trial
4334,3043,Enterprise,499,Downgraded,2024-01-22,2024-02-22,False,Contraction MRR
4335,3043,Business,199,Upgraded,2024-09-22,2024-10-22,False,Expansion MRR
4336,3043,Enterprise,499,Downgraded,2024-11-22,2024-12-22,False,Contraction MRR
4337,3043,Business,199,Active,2024-12-22,,False,Contraction MRR
4338,3044,Pro,0,Cancelled,2023-09-09,2023-09-23,True,Trial
4339,3045,Starter,0,Active,2023-09-09,,True,Trial
4340,3045,Starter,29,Cancelled,2024-11-23,2024-12-23,False,Churned MRR
4341,3046,Starter,0,Cancelled,2023-09-09,2023-09-23,True,Trial
4342,3047,Starter,0,Cancelled,2023-09-09,2023-09-23,True,Trial
4343,3048,Enterprise,0,Cancelled,2023-09-09,2023-09-23,True,Trial
4344,3049,Starter,0,Cancelled,2023-09-10,2023-09-24,True,Trial
4345,3050,Pro,0,Active,2023-09-10,,True,Trial
4346,3050,Pro,79,Upgraded,2023-12-24,2024-01-24,False,Expansion MRR
4347,3050,Business,199,Active,2024-12-24,,False,Recurring
4348,3051,Enterprise,0,Active,2023-09-10,,True,Trial
4349,3051,Enterprise,499,Downgraded,2023-09-24,2023-10-24,False,Contraction MRR
4350,3051,Business,199,Downgraded,2024-07-24,2024-08-24,False,Contraction MRR
4351,3051,Pro,79,Active,2024-12-24,,False,Recurring
4352,3052,Starter,0,Active,2023-09-10,,True,Trial
4353,3052,Starter,29,Cancelled,2024-02-24,2024-03-24,False,Churned MRR
4354,3053,Starter,0,Cancelled,2023-09-10,2023-09-24,True,Trial
4355,3054,Enterprise,0,Active,2023-09-10,,True,Trial
4356,3054,Enterprise,499,Active,2024-12-24,,False,Recurring
4357,3055,Business,0,Cancelled,2023-09-11,2023-09-25,True,Trial
4358,3056,Starter,0,Cancelled,2023-09-11,2023-09-25,True,Trial
4359,3057,Starter,0,Cancelled,2023-09-11,2023-09-25,True,Trial
4360,3058,Starter,0,Cancelled,2023-09-11,2023-09-25,True,Trial
4361,3059,Starter,0,Active,2023-09-11,,True,Trial
4362,3059,Starter,29,Cancelled,2024-03-25,2024-04-25,False,Churned MRR
4363,3060,Business,0,Cancelled,2023-09-11,2023-09-25,True,Trial
4364,3061,Pro,0,Cancelled,2023-09-11,2023-09-25,True,Trial
4365,3062,Starter,0,Active,2023-09-11,,True,Trial
4366,3062,Starter,29,Cancelled,2023-11-25,2023-12-25,False,Churned MRR
4367,3063,Starter,0,Cancelled,2023-09-11,2023-09-25,True,Trial
4368,3064,Pro,0,Cancelled,2023-09-11,2023-09-25,True,Trial
4369,3065,Starter,0,Cancelled,2023-09-11,2023-09-25,True,Trial
4370,3066,Starter,0,Cancelled,2023-09-11,2023-09-25,True,Trial
4371,3067,Pro,0,Cancelled,2023-09-12,2023-09-26,True,Trial
4372,3068,Starter,0,Cancelled,2023-09-12,2023-09-26,True,Trial
4373,3069,Pro,0,Cancelled,2023-09-12,2023-09-26,True,Trial
4374,3070,Starter,0,Cancelled,2023-09-12,2023-09-26,True,Trial
4375,3071,Starter,0,Cancelled,2023-09-12,2023-09-26,True,Trial
4376,3072,Starter,0,Cancelled,2023-09-12,2023-09-26,True,Trial
4377,3073,Enterprise,0,Active,2023-09-12,,True,Trial
4378,3073,Enterprise,499,Downgraded,2024-05-26,2024-06-26,False,Contraction MRR
4379,3073,Business,199,Cancelled,2024-08-26,2024-09-26,False,Churned MRR
4380,3074,Starter,0,Cancelled,2023-09-13,2023-09-27,True,Trial
4381,3075,Starter,0,Cancelled,2023-09-13,2023-09-27,True,Trial
4382,3076,Starter,0,Active,2023-09-13,,True,Trial
4383,3076,Starter,29,Cancelled,2023-09-27,2023-10-27,False,Churned MRR
4384,3077,Enterprise,0,Active,2023-09-13,,True,Trial
4385,3077,Enterprise,499,Active,2024-12-27,,False,Recurring
4386,3078,Enterprise,0,Cancelled,2023-09-13,2023-09-27,True,Trial
4387,3079,Pro,0,Cancelled,2023-09-13,2023-09-27,True,Trial
4388,3080,Pro,0,Cancelled,2023-09-13,2023-09-27,True,Trial
4389,3081,Business,0,Cancelled,2023-09-13,2023-09-27,True,Trial
4390,3082,Starter,0,Active,2023-09-13,,True,Trial
4391,3082,Starter,29,Cancelled,2023-11-27,2023-12-27,False,Churned MRR
4392,3083,Enterprise,0,Cancelled,2023-09-13,2023-09-27,True,Trial
4393,3084,Business,0,Cancelled,2023-09-13,2023-09-27,True,Trial
4394,3085,Pro,0,Cancelled,2023-09-13,2023-09-27,True,Trial
4395,3086,Starter,0,Cancelled,2023-09-13,2023-09-27,True,Trial
4396,3087,Enterprise,0,Cancelled,2023-09-13,2023-09-27,True,Trial
4397,3088,Starter,0,Cancelled,2023-09-13,2023-09-27,True,Trial
4398,3089,Pro,0,Active,2023-09-14,,True,Trial
4399,3089,Pro,79,Cancelled,2023-11-28,2023-12-28,False,Churned MRR
4400,3090,Pro,0,Cancelled,2023-09-14,2023-09-28,True,Trial
4401,3091,Pro,0,Cancelled,2023-09-14,2023-09-28,True,Trial
4402,3092,Pro,0,Cancelled,2023-09-14,2023-09-28,True,Trial
4403,3093,Starter,0,Active,2023-09-14,,True,Trial
4404,3093,Starter,29,Cancelled,2024-04-28,2024-05-28,False,Churned MRR
4405,3094,Starter,0,Cancelled,2023-09-14,2023-09-28,True,Trial
4406,3095,Business,0,Cancelled,2023-09-14,2023-09-28,True,Trial
4407,3096,Starter,0,Cancelled,2023-09-14,2023-09-28,True,Trial
4408,3097,Starter,0,Active,2023-09-14,,True,Trial
4409,3097,Starter,29,Cancelled,2023-09-28,2023-10-28,False,Churned MRR
4410,3098,Starter,0,Cancelled,2023-09-14,2023-09-28,True,Trial
4411,3099,Enterprise,0,Active,2023-09-14,,True,Trial
4412,3099,Enterprise,499,Active,2024-12-28,,False,Recurring
4413,3100,Pro,0,Active,2023-09-14,,True,Trial
4414,3100,Pro,79,Downgraded,2024-08-28,2024-09-28,False,Contraction MRR
4415,3100,Starter,29,Active,2024-12-28,,False,Recurring
4416,3101,Enterprise,0,Active,2023-09-15,,True,Trial
4417,3101,Enterprise,499,Downgraded,2024-08-29,2024-09-29,False,Contraction MRR
4418,3101,Business,199,Active,2024-12-29,,False,Recurring
4419,3102,Pro,0,Active,2023-09-15,,True,Trial
4420,3102,Pro,79,Active,2024-12-29,,False,Recurring
4421,3103,Pro,0,Cancelled,2023-09-15,2023-09-29,True,Trial
4422,3104,Pro,0,Cancelled,2023-09-15,2023-09-29,True,Trial
4423,3105,Pro,0,Active,2023-09-15,,True,Trial
4424,3105,Pro,79,Upgraded,2024-09-29,2024-10-29,False,Expansion MRR
4425,3105,Business,199,Active,2024-12-29,,False,Recurring
4426,3106,Enterprise,0,Cancelled,2023-09-15,2023-09-29,True,Trial
4427,3107,Starter,0,Active,2023-09-15,,True,Trial
4428,3107,Starter,29,Upgraded,2023-09-29,2023-10-29,False,Expansion MRR
4429,3107,Pro,79,Cancelled,2024-09-29,2024-10-29,False,Churned MRR
4430,3108,Starter,0,Active,2023-09-15,,True,Trial
4431,3108,Starter,29,Cancelled,2024-05-29,2024-06-29,False,Churned MRR
4432,3109,Pro,0,Cancelled,2023-09-16,2023-09-30,True,Trial
4433,3110,Starter,0,Active,2023-09-16,,True,Trial
4434,3110,Starter,29,Cancelled,2024-01-30,2024-02-29,False,Churned MRR
4435,3111,Starter,0,Cancelled,2023-09-16,2023-09-30,True,Trial
4436,3112,Starter,0,Cancelled,2023-09-16,2023-09-30,True,Trial
4437,3113,Business,0,Active,2023-09-16,,True,Trial
4438,3113,Business,199,Cancelled,2023-09-30,2023-10-30,False,Churned MRR
4439,3114,Pro,0,Cancelled,2023-09-16,2023-09-30,True,Trial
4440,3115,Starter,0,Cancelled,2023-09-16,2023-09-30,True,Trial
4441,3116,Starter,0,Cancelled,2023-09-17,2023-10-01,True,Trial
4442,3117,Starter,0,Cancelled,2023-09-17,2023-10-01,True,Trial
4443,3118,Pro,0,Cancelled,2023-09-17,2023-10-01,True,Trial
4444,3119,Starter,0,Cancelled,2023-09-17,2023-10-01,True,Trial
4445,3120,Pro,0,Cancelled,2023-09-17,2023-10-01,True,Trial
4446,3121,Pro,0,Active,2023-09-17,,True,Trial
4447,3121,Pro,79,Active,2024-12-01,,False,Recurring
4448,3122,Business,0,Cancelled,2023-09-17,2023-10-01,True,Trial
4449,3123,Starter,0,Cancelled,2023-09-17,2023-10-01,True,Trial
4450,3124,Starter,0,Cancelled,2023-09-17,2023-10-01,True,Trial
4451,3125,Pro,0,Active,2023-09-18,,True,Trial
4452,3125,Pro,79,Cancelled,2024-07-02,2024-08-02,False,Churned MRR
4453,3126,Starter,0,Cancelled,2023-09-18,2023-10-02,True,Trial
4454,3127,Business,0,Active,2023-09-18,,True,Trial
4455,3127,Business,199,Downgraded,2023-10-02,2023-11-02,False,Contraction MRR
4456,3127,Pro,79,Cancelled,2023-12-02,2024-01-02,False,Churned MRR
4457,3128,Starter,0,Active,2023-09-18,,True,Trial
4458,3128,Starter,29,Active,2024-12-02,,False,Recurring
4459,3129,Enterprise,0,Active,2023-09-18,,True,Trial
4460,3129,Enterprise,499,Active,2024-12-02,,False,Recurring
4461,3130,Starter,0,Active,2023-09-18,,True,Trial
4462,3130,Starter,29,Cancelled,2023-10-02,2023-11-02,False,Churned MRR
4463,3131,Starter,0,Cancelled,2023-09-18,2023-10-02,True,Trial
4464,3132,Starter,0,Cancelled,2023-09-18,2023-10-02,True,Trial
4465,3133,Business,0,Cancelled,2023-09-19,2023-10-03,True,Trial
4466,3134,Starter,0,Cancelled,2023-09-19,2023-10-03,True,Trial
4467,3135,Starter,0,Cancelled,2023-09-19,2023-10-03,True,Trial
4468,3136,Starter,0,Cancelled,2023-09-19,2023-10-03,True,Trial
4469,3137,Enterprise,0,Cancelled,2023-09-19,2023-10-03,True,Trial
4470,3138,Pro,0,Cancelled,2023-09-20,2023-10-04,True,Trial
4471,3139,Starter,0,Cancelled,2023-09-20,2023-10-04,True,Trial
4472,3140,Pro,0,Cancelled,2023-09-20,2023-10-04,True,Trial
4473,3141,Starter,0,Cancelled,2023-09-20,2023-10-04,True,Trial
4474,3142,Enterprise,0,Cancelled,2023-09-20,2023-10-04,True,Trial
4475,3143,Enterprise,0,Cancelled,2023-09-20,2023-10-04,True,Trial
4476,3144,Business,0,Active,2023-09-20,,True,Trial
4477,3144,Business,199,Upgraded,2024-03-04,2024-04-04,False,Expansion MRR
4478,3144,Enterprise,499,Active,2024-12-04,,False,Recurring
4479,3145,Business,0,Cancelled,2023-09-20,2023-10-04,True,Trial
4480,3146,Pro,0,Cancelled,2023-09-20,2023-10-04,True,Trial
4481,3147,Business,0,Cancelled,2023-09-20,2023-10-04,True,Trial
4482,3148,Enterprise,0,Cancelled,2023-09-20,2023-10-04,True,Trial
4483,3149,Starter,0,Cancelled,2023-09-20,2023-10-04,True,Trial
4484,3150,Pro,0,Cancelled,2023-09-20,2023-10-04,True,Trial
4485,3151,Starter,0,Cancelled,2023-09-21,2023-10-05,True,Trial
4486,3152,Starter,0,Cancelled,2023-09-21,2023-10-05,True,Trial
4487,3153,Starter,0,Cancelled,2023-09-21,2023-10-05,True,Trial
4488,3154,Pro,0,Cancelled,2023-09-21,2023-10-05,True,Trial
4489,3155,Enterprise,0,Cancelled,2023-09-21,2023-10-05,True,Trial
4490,3156,Starter,0,Active,2023-09-21,,True,Trial
4491,3156,Starter,29,Upgraded,2024-03-05,2024-04-05,False,Expansion MRR
4492,3156,Pro,79,Active,2024-12-05,,False,Recurring
4493,3157,Enterprise,0,Active,2023-09-22,,True,Trial
4494,3157,Enterprise,499,Cancelled,2024-12-06,2025-01-01,False,Churned MRR
4495,3158,Pro,0,Cancelled,2023-09-22,2023-10-06,True,Trial
4496,3159,Starter,0,Cancelled,2023-09-22,2023-10-06,True,Trial
4497,3160,Starter,0,Cancelled,2023-09-22,2023-10-06,True,Trial
4498,3161,Starter,0,Active,2023-09-22,,True,Trial
4499,3161,Starter,29,Cancelled,2023-12-06,2024-01-06,False,Churned MRR
4500,3162,Starter,0,Cancelled,2023-09-22,2023-10-06,True,Trial
4501,3163,Starter,0,Active,2023-09-22,,True,Trial
4502,3163,Starter,29,Cancelled,2024-07-06,2024-08-06,False,Churned MRR
4503,3164,Starter,0,Active,2023-09-22,,True,Trial
4504,3164,Starter,29,Upgraded,2024-11-06,2024-12-06,False,Expansion MRR
4505,3164,Pro,79,Active,2024-12-06,,False,Expansion MRR
4506,3165,Starter,0,Cancelled,2023-09-22,2023-10-06,True,Trial
4507,3166,Pro,0,Cancelled,2023-09-22,2023-10-06,True,Trial
4508,3167,Starter,0,Cancelled,2023-09-22,2023-10-06,True,Trial
4509,3168,Starter,0,Cancelled,2023-09-22,2023-10-06,True,Trial
4510,3169,Starter,0,Cancelled,2023-09-22,2023-10-06,True,Trial
4511,3170,Starter,0,Cancelled,2023-09-23,2023-10-07,True,Trial
4512,3171,Business,0,Cancelled,2023-09-23,2023-10-07,True,Trial
4513,3172,Pro,0,Cancelled,2023-09-23,2023-10-07,True,Trial
4514,3173,Enterprise,0,Cancelled,2023-09-23,2023-10-07,True,Trial
4515,3174,Pro,0,Cancelled,2023-09-23,2023-10-07,True,Trial
4516,3175,Business,0,Active,2023-09-23,,True,Trial
4517,3175,Business,199,Active,2024-12-07,,False,Recurring
4518,3176,Starter,0,Active,2023-09-23,,True,Trial
4519,3176,Starter,29,Cancelled,2024-03-07,2024-04-07,False,Churned MRR
4520,3177,Business,0,Cancelled,2023-09-24,2023-10-08,True,Trial
4521,3178,Pro,0,Cancelled,2023-09-24,2023-10-08,True,Trial
4522,3179,Starter,0,Cancelled,2023-09-24,2023-10-08,True,Trial
4523,3180,Business,0,Cancelled,2023-09-24,2023-10-08,True,Trial
4524,3181,Pro,0,Active,2023-09-24,,True,Trial
4525,3181,Pro,79,Cancelled,2024-01-08,2024-02-08,False,Churned MRR
4526,3182,Starter,0,Cancelled,2023-09-24,2023-10-08,True,Trial
4527,3183,Starter,0,Active,2023-09-24,,True,Trial
4528,3183,Starter,29,Active,2024-12-08,,False,Recurring
4529,3184,Pro,0,Cancelled,2023-09-24,2023-10-08,True,Trial
4530,3185,Enterprise,0,Cancelled,2023-09-24,2023-10-08,True,Trial
4531,3186,Starter,0,Cancelled,2023-09-24,2023-10-08,True,Trial
4532,3187,Starter,0,Cancelled,2023-09-24,2023-10-08,True,Trial
4533,3188,Starter,0,Cancelled,2023-09-25,2023-10-09,True,Trial
4534,3189,Pro,0,Cancelled,2023-09-25,2023-10-09,True,Trial
4535,3190,Enterprise,0,Cancelled,2023-09-25,2023-10-09,True,Trial
4536,3191,Starter,0,Cancelled,2023-09-25,2023-10-09,True,Trial
4537,3192,Starter,0,Cancelled,2023-09-25,2023-10-09,True,Trial
4538,3193,Starter,0,Cancelled,2023-09-25,2023-10-09,True,Trial
4539,3194,Starter,0,Cancelled,2023-09-25,2023-10-09,True,Trial
4540,3195,Starter,0,Cancelled,2023-09-25,2023-10-09,True,Trial
4541,3196,Business,0,Active,2023-09-26,,True,Trial
4542,3196,Business,199,Cancelled,2023-11-10,2023-12-10,False,Churned MRR
4543,3197,Business,0,Cancelled,2023-09-26,2023-10-10,True,Trial
4544,3198,Business,0,Active,2023-09-26,,True,Trial
4545,3198,Business,199,Cancelled,2024-01-10,2024-02-10,False,Churned MRR
4546,3199,Enterprise,0,Active,2023-09-26,,True,Trial
4547,3199,Enterprise,499,Active,2024-12-10,,False,Recurring
4548,3200,Enterprise,0,Cancelled,2023-09-26,2023-10-10,True,Trial
4549,3201,Starter,0,Cancelled,2023-09-26,2023-10-10,True,Trial
4550,3202,Starter,0,Cancelled,2023-09-26,2023-10-10,True,Trial
4551,3203,Starter,0,Cancelled,2023-09-26,2023-10-10,True,Trial
4552,3204,Business,0,Cancelled,2023-09-26,2023-10-10,True,Trial
4553,3205,Pro,0,Cancelled,2023-09-26,2023-10-10,True,Trial
4554,3206,Pro,0,Cancelled,2023-09-26,2023-10-10,True,Trial
4555,3207,Enterprise,0,Active,2023-09-26,,True,Trial
4556,3207,Enterprise,499,Active,2024-12-10,,False,Recurring
4557,3208,Starter,0,Active,2023-09-26,,True,Trial
4558,3208,Starter,29,Active,2024-12-10,,False,Recurring
4559,3209,Pro,0,Cancelled,2023-09-26,2023-10-10,True,Trial
4560,3210,Pro,0,Active,2023-09-27,,True,Trial
4561,3210,Pro,79,Cancelled,2024-09-11,2024-10-11,False,Churned MRR
4562,3211,Starter,0,Cancelled,2023-09-27,2023-10-11,True,Trial
4563,3212,Starter,0,Cancelled,2023-09-27,2023-10-11,True,Trial
4564,3213,Starter,0,Cancelled,2023-09-27,2023-10-11,True,Trial
4565,3214,Starter,0,Cancelled,2023-09-27,2023-10-11,True,Trial
4566,3215,Enterprise,0,Cancelled,2023-09-27,2023-10-11,True,Trial
4567,3216,Pro,0,Cancelled,2023-09-27,2023-10-11,True,Trial
4568,3217,Starter,0,Cancelled,2023-09-27,2023-10-11,True,Trial
4569,3218,Enterprise,0,Cancelled,2023-09-27,2023-10-11,True,Trial
4570,3219,Starter,0,Cancelled,2023-09-27,2023-10-11,True,Trial
4571,3220,Enterprise,0,Active,2023-09-27,,True,Trial
4572,3220,Enterprise,499,Cancelled,2024-12-11,2025-01-01,False,Churned MRR
4573,3221,Enterprise,0,Active,2023-09-27,,True,Trial
4574,3221,Enterprise,499,Downgraded,2023-12-11,2024-01-11,False,Contraction MRR
4575,3221,Business,199,Active,2024-12-11,,False,Recurring
4576,3222,Enterprise,0,Active,2023-09-28,,True,Trial
4577,3222,Enterprise,499,Active,2024-12-12,,False,Recurring
4578,3223,Enterprise,0,Active,2023-09-28,,True,Trial
4579,3223,Enterprise,499,Active,2024-12-12,,False,Recurring
4580,3224,Starter,0,Cancelled,2023-09-28,2023-10-12,True,Trial
4581,3225,Business,0,Cancelled,2023-09-28,2023-10-12,True,Trial
4582,3226,Pro,0,Cancelled,2023-09-28,2023-10-12,True,Trial
4583,3227,Pro,0,Cancelled,2023-09-28,2023-10-12,True,Trial
4584,3228,Pro,0,Cancelled,2023-09-28,2023-10-12,True,Trial
4585,3229,Starter,0,Cancelled,2023-09-28,2023-10-12,True,Trial
4586,3230,Starter,0,Cancelled,2023-09-28,2023-10-12,True,Trial
4587,3231,Enterprise,0,Cancelled,2023-09-28,2023-10-12,True,Trial
4588,3232,Starter,0,Active,2023-09-29,,True,Trial
4589,3232,Starter,29,Cancelled,2023-10-13,2023-11-13,False,Churned MRR
4590,3233,Starter,0,Cancelled,2023-09-29,2023-10-13,True,Trial
4591,3234,Pro,0,Active,2023-09-30,,True,Trial
4592,3234,Pro,79,Active,2024-12-14,,False,Recurring
4593,3235,Pro,0,Cancelled,2023-09-30,2023-10-14,True,Trial
4594,3236,Pro,0,Cancelled,2023-09-30,2023-10-14,True,Trial
4595,3237,Starter,0,Cancelled,2023-09-30,2023-10-14,True,Trial
4596,3238,Pro,0,Active,2023-09-30,,True,Trial
4597,3238,Pro,79,Downgraded,2024-08-14,2024-09-14,False,Contraction MRR
4598,3238,Starter,29,Cancelled,2024-12-14,2025-01-01,False,Churned MRR
4599,3239,Starter,0,Cancelled,2023-09-30,2023-10-14,True,Trial
4600,3240,Business,0,Cancelled,2023-09-30,2023-10-14,True,Trial
4601,3241,Pro,0,Cancelled,2023-09-30,2023-10-14,True,Trial
4602,3242,Pro,0,Cancelled,2023-09-30,2023-10-14,True,Trial
4603,3243,Starter,0,Cancelled,2023-09-30,2023-10-14,True,Trial
4604,3244,Starter,0,Cancelled,2023-10-01,2023-10-15,True,Trial
4605,3245,Starter,0,Cancelled,2023-10-01,2023-10-15,True,Trial
4606,3246,Starter,0,Cancelled,2023-10-01,2023-10-15,True,Trial
4607,3247,Enterprise,0,Cancelled,2023-10-01,2023-10-15,True,Trial
4608,3248,Pro,0,Cancelled,2023-10-01,2023-10-15,True,Trial
4609,3249,Pro,0,Cancelled,2023-10-01,2023-10-15,True,Trial
4610,3250,Business,0,Cancelled,2023-10-01,2023-10-15,True,Trial
4611,3251,Enterprise,0,Cancelled,2023-10-01,2023-10-15,True,Trial
4612,3252,Starter,0,Cancelled,2023-10-01,2023-10-15,True,Trial
4613,3253,Pro,0,Cancelled,2023-10-01,2023-10-15,True,Trial
4614,3254,Starter,0,Cancelled,2023-10-01,2023-10-15,True,Trial
4615,3255,Pro,0,Cancelled,2023-10-01,2023-10-15,True,Trial
4616,3256,Pro,0,Cancelled,2023-10-02,2023-10-16,True,Trial
4617,3257,Starter,0,Cancelled,2023-10-02,2023-10-16,True,Trial
4618,3258,Starter,0,Cancelled,2023-10-02,2023-10-16,True,Trial
4619,3259,Starter,0,Cancelled,2023-10-02,2023-10-16,True,Trial
4620,3260,Starter,0,Cancelled,2023-10-02,2023-10-16,True,Trial
4621,3261,Starter,0,Active,2023-10-02,,True,Trial
4622,3261,Starter,29,Cancelled,2023-10-16,2023-11-16,False,Churned MRR
4623,3262,Pro,0,Cancelled,2023-10-02,2023-10-16,True,Trial
4624,3263,Enterprise,0,Active,2023-10-02,,True,Trial
4625,3263,Enterprise,499,Active,2024-12-16,,False,Recurring
4626,3264,Pro,0,Cancelled,2023-10-02,2023-10-16,True,Trial
4627,3265,Business,0,Cancelled,2023-10-03,2023-10-17,True,Trial
4628,3266,Pro,0,Cancelled,2023-10-03,2023-10-17,True,Trial
4629,3267,Pro,0,Cancelled,2023-10-03,2023-10-17,True,Trial
4630,3268,Pro,0,Cancelled,2023-10-03,2023-10-17,True,Trial
4631,3269,Pro,0,Cancelled,2023-10-03,2023-10-17,True,Trial
4632,3270,Starter,0,Active,2023-10-03,,True,Trial
4633,3270,Starter,29,Upgraded,2023-10-17,2023-11-17,False,Expansion MRR
4634,3270,Pro,79,Active,2024-12-17,,False,Recurring
4635,3271,Pro,0,Cancelled,2023-10-03,2023-10-17,True,Trial
4636,3272,Enterprise,0,Cancelled,2023-10-03,2023-10-17,True,Trial
4637,3273,Enterprise,0,Cancelled,2023-10-04,2023-10-18,True,Trial
4638,3274,Starter,0,Cancelled,2023-10-04,2023-10-18,True,Trial
4639,3275,Starter,0,Cancelled,2023-10-04,2023-10-18,True,Trial
4640,3276,Enterprise,0,Cancelled,2023-10-04,2023-10-18,True,Trial
4641,3277,Starter,0,Cancelled,2023-10-04,2023-10-18,True,Trial
4642,3278,Enterprise,0,Cancelled,2023-10-04,2023-10-18,True,Trial
4643,3279,Business,0,Cancelled,2023-10-04,2023-10-18,True,Trial
4644,3280,Enterprise,0,Active,2023-10-04,,True,Trial
4645,3280,Enterprise,499,Downgraded,2024-03-18,2024-04-18,False,Contraction MRR
4646,3280,Business,199,Cancelled,2024-12-18,2025-01-01,False,Churned MRR
4647,3281,Pro,0,Cancelled,2023-10-04,2023-10-18,True,Trial
4648,3282,Starter,0,Active,2023-10-04,,True,Trial
4649,3282,Starter,29,Cancelled,2023-10-18,2023-11-18,False,Churned MRR
4650,3283,Pro,0,Cancelled,2023-10-04,2023-10-18,True,Trial
4651,3284,Pro,0,Active,2023-10-04,,True,Trial
4652,3284,Pro,79,Upgraded,2024-05-18,2024-06-18,False,Expansion MRR
4653,3284,Business,199,Active,2024-12-18,,False,Recurring
4654,3285,Business,0,Cancelled,2023-10-05,2023-10-19,True,Trial
4655,3286,Starter,0,Active,2023-10-05,,True,Trial
4656,3286,Starter,29,Active,2024-12-19,,False,Recurring
4657,3287,Business,0,Cancelled,2023-10-05,2023-10-19,True,Trial
4658,3288,Starter,0,Cancelled,2023-10-05,2023-10-19,True,Trial
4659,3289,Enterprise,0,Active,2023-10-05,,True,Trial
4660,3289,Enterprise,499,Downgraded,2023-12-19,2024-01-19,False,Contraction MRR
4661,3289,Business,199,Active,2024-12-19,,False,Recurring
4662,3290,Pro,0,Active,2023-10-05,,True,Trial
4663,3290,Pro,79,Active,2024-12-19,,False,Recurring
4664,3291,Enterprise,0,Cancelled,2023-10-05,2023-10-19,True,Trial
4665,3292,Business,0,Cancelled,2023-10-05,2023-10-19,True,Trial
4666,3293,Pro,0,Cancelled,2023-10-05,2023-10-19,True,Trial
4667,3294,Business,0,Active,2023-10-06,,True,Trial
4668,3294,Business,199,Cancelled,2024-09-20,2024-10-20,False,Churned MRR
4669,3295,Starter,0,Cancelled,2023-10-06,2023-10-20,True,Trial
4670,3296,Enterprise,0,Cancelled,2023-10-06,2023-10-20,True,Trial
4671,3297,Enterprise,0,Cancelled,2023-10-06,2023-10-20,True,Trial
4672,3298,Starter,0,Cancelled,2023-10-06,2023-10-20,True,Trial
4673,3299,Starter,0,Cancelled,2023-10-06,2023-10-20,True,Trial
4674,3300,Starter,0,Cancelled,2023-10-06,2023-10-20,True,Trial
4675,3301,Pro,0,Active,2023-10-06,,True,Trial
4676,3301,Pro,79,Downgraded,2023-11-20,2023-12-20,False,Contraction MRR
4677,3301,Starter,29,Cancelled,2024-02-20,2024-03-20,False,Churned MRR
4678,3302,Enterprise,0,Cancelled,2023-10-06,2023-10-20,True,Trial
4679,3303,Starter,0,Cancelled,2023-10-06,2023-10-20,True,Trial
4680,3304,Starter,0,Cancelled,2023-10-06,2023-10-20,True,Trial
4681,3305,Pro,0,Active,2023-10-06,,True,Trial
4682,3305,Pro,79,Upgraded,2024-02-20,2024-03-20,False,Expansion MRR
4683,3305,Business,199,Active,2024-12-20,,False,Recurring
4684,3306,Business,0,Cancelled,2023-10-06,2023-10-20,True,Trial
4685,3307,Starter,0,Cancelled,2023-10-06,2023-10-20,True,Trial
4686,3308,Enterprise,0,Active,2023-10-07,,True,Trial
4687,3308,Enterprise,499,Active,2024-12-21,,False,Recurring
4688,3309,Starter,0,Cancelled,2023-10-07,2023-10-21,True,Trial
4689,3310,Pro,0,Active,2023-10-07,,True,Trial
4690,3310,Pro,79,Active,2024-12-21,,False,Recurring
4691,3311,Starter,0,Cancelled,2023-10-07,2023-10-21,True,Trial
4692,3312,Enterprise,0,Cancelled,2023-10-07,2023-10-21,True,Trial
4693,3313,Pro,0,Active,2023-10-07,,True,Trial
4694,3313,Pro,79,Upgraded,2024-01-21,2024-02-21,False,Expansion MRR
4695,3313,Business,199,Cancelled,2024-04-21,2024-05-21,False,Churned MRR
4696,3314,Pro,0,Cancelled,2023-10-08,2023-10-22,True,Trial
4697,3315,Starter,0,Cancelled,2023-10-08,2023-10-22,True,Trial
4698,3316,Business,0,Active,2023-10-08,,True,Trial
4699,3316,Business,199,Upgraded,2024-01-22,2024-02-22,False,Expansion MRR
4700,3316,Enterprise,499,Active,2024-12-22,,False,Recurring
4701,3317,Starter,0,Cancelled,2023-10-08,2023-10-22,True,Trial
4702,3318,Starter,0,Cancelled,2023-10-08,2023-10-22,True,Trial
4703,3319,Pro,0,Cancelled,2023-10-08,2023-10-22,True,Trial
4704,3320,Business,0,Active,2023-10-08,,True,Trial
4705,3320,Business,199,Upgraded,2024-02-22,2024-03-22,False,Expansion MRR
4706,3320,Enterprise,499,Active,2024-12-22,,False,Recurring
4707,3321,Starter,0,Active,2023-10-08,,True,Trial
4708,3321,Starter,29,Active,2024-12-22,,False,Recurring
4709,3322,Business,0,Cancelled,2023-10-08,2023-10-22,True,Trial
4710,3323,Business,0,Active,2023-10-08,,True,Trial
4711,3323,Business,199,Upgraded,2024-11-22,2024-12-22,False,Expansion MRR
4712,3323,Enterprise,499,Active,2024-12-22,,False,Expansion MRR
4713,3324,Starter,0,Cancelled,2023-10-08,2023-10-22,True,Trial
4714,3325,Enterprise,0,Active,2023-10-08,,True,Trial
4715,3325,Enterprise,499,Active,2024-12-22,,False,Recurring
4716,3326,Starter,0,Active,2023-10-09,,True,Trial
4717,3326,Starter,29,Cancelled,2023-11-23,2023-12-23,False,Churned MRR
4718,3327,Starter,0,Cancelled,2023-10-09,2023-10-23,True,Trial
4719,3328,Starter,0,Cancelled,2023-10-09,2023-10-23,True,Trial
4720,3329,Starter,0,Cancelled,2023-10-09,2023-10-23,True,Trial
4721,3330,Starter,0,Cancelled,2023-10-09,2023-10-23,True,Trial
4722,3331,Starter,0,Cancelled,2023-10-09,2023-10-23,True,Trial
4723,3332,Enterprise,0,Cancelled,2023-10-09,2023-10-23,True,Trial
4724,3333,Starter,0,Cancelled,2023-10-09,2023-10-23,True,Trial
4725,3334,Pro,0,Cancelled,2023-10-09,2023-10-23,True,Trial
4726,3335,Pro,0,Cancelled,2023-10-10,2023-10-24,True,Trial
4727,3336,Starter,0,Active,2023-10-10,,True,Trial
4728,3336,Starter,29,Cancelled,2024-01-24,2024-02-24,False,Churned MRR
4729,3337,Starter,0,Cancelled,2023-10-10,2023-10-24,True,Trial
4730,3338,Business,0,Cancelled,2023-10-10,2023-10-24,True,Trial
4731,3339,Starter,0,Cancelled,2023-10-10,2023-10-24,True,Trial
4732,3340,Pro,0,Active,2023-10-10,,True,Trial
4733,3340,Pro,79,Active,2024-12-24,,False,Recurring
4734,3341,Pro,0,Cancelled,2023-10-10,2023-10-24,True,Trial
4735,3342,Business,0,Active,2023-10-10,,True,Trial
4736,3342,Business,199,Downgraded,2024-08-24,2024-09-24,False,Contraction MRR
4737,3342,Pro,79,Active,2024-12-24,,False,Recurring
4738,3343,Enterprise,0,Cancelled,2023-10-10,2023-10-24,True,Trial
4739,3344,Starter,0,Active,2023-10-10,,True,Trial
4740,3344,Starter,29,Cancelled,2024-01-24,2024-02-24,False,Churned MRR
4741,3345,Starter,0,Active,2023-10-10,,True,Trial
4742,3345,Starter,29,Cancelled,2023-10-24,2023-11-24,False,Churned MRR
4743,3346,Starter,0,Cancelled,2023-10-10,2023-10-24,True,Trial
4744,3347,Pro,0,Active,2023-10-11,,True,Trial
4745,3347,Pro,79,Cancelled,2024-06-25,2024-07-25,False,Churned MRR
4746,3348,Pro,0,Cancelled,2023-10-11,2023-10-25,True,Trial
4747,3349,Starter,0,Cancelled,2023-10-11,2023-10-25,True,Trial
4748,3350,Starter,0,Cancelled,2023-10-11,2023-10-25,True,Trial
4749,3351,Pro,0,Cancelled,2023-10-11,2023-10-25,True,Trial
4750,3352,Starter,0,Active,2023-10-11,,True,Trial
4751,3352,Starter,29,Active,2024-12-25,,False,Recurring
4752,3353,Starter,0,Cancelled,2023-10-12,2023-10-26,True,Trial
4753,3354,Enterprise,0,Active,2023-10-12,,True,Trial
4754,3354,Enterprise,499,Cancelled,2024-03-26,2024-04-26,False,Churned MRR
4755,3355,Starter,0,Cancelled,2023-10-12,2023-10-26,True,Trial
4756,3356,Starter,0,Cancelled,2023-10-12,2023-10-26,True,Trial
4757,3357,Pro,0,Cancelled,2023-10-12,2023-10-26,True,Trial
4758,3358,Business,0,Cancelled,2023-10-12,2023-10-26,True,Trial
4759,3359,Starter,0,Cancelled,2023-10-13,2023-10-27,True,Trial
4760,3360,Pro,0,Active,2023-10-13,,True,Trial
4761,3360,Pro,79,Active,2024-12-27,,False,Recurring
4762,3361,Starter,0,Cancelled,2023-10-13,2023-10-27,True,Trial
4763,3362,Pro,0,Cancelled,2023-10-13,2023-10-27,True,Trial
4764,3363,Starter,0,Cancelled,2023-10-13,2023-10-27,True,Trial
4765,3364,Pro,0,Cancelled,2023-10-13,2023-10-27,True,Trial
4766,3365,Starter,0,Active,2023-10-13,,True,Trial
4767,3365,Starter,29,Cancelled,2024-05-27,2024-06-27,False,Churned MRR
4768,3366,Pro,0,Active,2023-10-13,,True,Trial
4769,3366,Pro,79,Upgraded,2024-01-27,2024-02-27,False,Expansion MRR
4770,3366,Business,199,Upgraded,2024-06-27,2024-07-27,False,Expansion MRR
4771,3366,Enterprise,499,Active,2024-12-27,,False,Recurring
4772,3367,Pro,0,Cancelled,2023-10-13,2023-10-27,True,Trial
4773,3368,Starter,0,Cancelled,2023-10-14,2023-10-28,True,Trial
4774,3369,Starter,0,Cancelled,2023-10-14,2023-10-28,True,Trial
4775,3370,Pro,0,Cancelled,2023-10-14,2023-10-28,True,Trial
4776,3371,Business,0,Active,2023-10-14,,True,Trial
4777,3371,Business,199,Active,2024-12-28,,False,Recurring
4778,3372,Business,0,Cancelled,2023-10-14,2023-10-28,True,Trial
4779,3373,Business,0,Cancelled,2023-10-14,2023-10-28,True,Trial
4780,3374,Enterprise,0,Cancelled,2023-10-14,2023-10-28,True,Trial
4781,3375,Starter,0,Cancelled,2023-10-14,2023-10-28,True,Trial
4782,3376,Starter,0,Active,2023-10-14,,True,Trial
4783,3376,Starter,29,Cancelled,2024-04-28,2024-05-28,False,Churned MRR
4784,3377,Starter,0,Cancelled,2023-10-14,2023-10-28,True,Trial
4785,3378,Enterprise,0,Cancelled,2023-10-15,2023-10-29,True,Trial
4786,3379,Pro,0,Cancelled,2023-10-15,2023-10-29,True,Trial
4787,3380,Pro,0,Active,2023-10-15,,True,Trial
4788,3380,Pro,79,Active,2024-12-29,,False,Recurring
4789,3381,Enterprise,0,Active,2023-10-15,,True,Trial
4790,3381,Enterprise,499,Active,2024-12-29,,False,Recurring
4791,3382,Starter,0,Cancelled,2023-10-15,2023-10-29,True,Trial
4792,3383,Pro,0,Cancelled,2023-10-15,2023-10-29,True,Trial
4793,3384,Pro,0,Active,2023-10-15,,True,Trial
4794,3384,Pro,79,Upgraded,2024-01-29,2024-02-29,False,Expansion MRR
4795,3384,Business,199,Active,2024-12-29,,False,Recurring
4796,3385,Business,0,Cancelled,2023-10-15,2023-10-29,True,Trial
4797,3386,Starter,0,Cancelled,2023-10-15,2023-10-29,True,Trial
4798,3387,Starter,0,Cancelled,2023-10-15,2023-10-29,True,Trial
4799,3388,Starter,0,Active,2023-10-15,,True,Trial
4800,3388,Starter,29,Cancelled,2023-11-29,2023-12-29,False,Churned MRR
4801,3389,Pro,0,Active,2023-10-15,,True,Trial
4802,3389,Pro,79,Cancelled,2024-01-29,2024-02-29,False,Churned MRR
4803,3390,Business,0,Active,2023-10-15,,True,Trial
4804,3390,Business,199,Active,2024-12-29,,False,Recurring
4805,3391,Pro,0,Cancelled,2023-10-15,2023-10-29,True,Trial
4806,3392,Enterprise,0,Cancelled,2023-10-15,2023-10-29,True,Trial
4807,3393,Starter,0,Cancelled,2023-10-16,2023-10-30,True,Trial
4808,3394,Pro,0,Active,2023-10-16,,True,Trial
4809,3394,Pro,79,Active,2024-12-29,,False,Recurring
4810,3395,Starter,0,Active,2023-10-16,,True,Trial
4811,3395,Starter,29,Cancelled,2023-10-30,2023-11-30,False,Churned MRR
4812,3396,Enterprise,0,Cancelled,2023-10-16,2023-10-30,True,Trial
4813,3397,Pro,0,Active,2023-10-16,,True,Trial
4814,3397,Pro,79,Cancelled,2024-03-29,2024-04-29,False,Churned MRR
4815,3398,Starter,0,Cancelled,2023-10-16,2023-10-30,True,Trial
4816,3399,Starter,0,Cancelled,2023-10-16,2023-10-30,True,Trial
4817,3400,Business,0,Active,2023-10-16,,True,Trial
4818,3400,Business,199,Downgraded,2023-11-30,2023-12-30,False,Contraction MRR
4819,3400,Pro,79,Active,2024-12-29,,False,Recurring
4820,3401,Starter,0,Cancelled,2023-10-16,2023-10-30,True,Trial
4821,3402,Pro,0,Active,2023-10-16,,True,Trial
4822,3402,Pro,79,Downgraded,2024-06-29,2024-07-29,False,Contraction MRR
4823,3402,Starter,29,Cancelled,2024-10-29,2024-11-29,False,Churned MRR
4824,3403,Starter,0,Cancelled,2023-10-16,2023-10-30,True,Trial
4825,3404,Pro,0,Active,2023-10-17,,True,Trial
4826,3404,Pro,79,Downgraded,2023-12-30,2024-01-30,False,Contraction MRR
4827,3404,Starter,29,Cancelled,2024-02-29,2024-03-29,False,Churned MRR
4828,3405,Enterprise,0,Active,2023-10-17,,True,Trial
4829,3405,Enterprise,499,Downgraded,2024-05-29,2024-06-29,False,Contraction MRR
4830,3405,Business,199,Active,2024-12-29,,False,Recurring
4831,3406,Pro,0,Cancelled,2023-10-17,2023-10-31,True,Trial
4832,3407,Starter,0,Cancelled,2023-10-17,2023-10-31,True,Trial
4833,3408,Enterprise,0,Active,2023-10-17,,True,Trial
4834,3408,Enterprise,499,Downgraded,2023-10-31,2023-11-30,False,Contraction MRR
4835,3408,Business,199,Upgraded,2024-02-29,2024-03-29,False,Expansion MRR
4836,3408,Enterprise,499,Active,2024-12-29,,False,Recurring
4837,3409,Starter,0,Cancelled,2023-10-17,2023-10-31,True,Trial
4838,3410,Starter,0,Cancelled,2023-10-17,2023-10-31,True,Trial
4839,3411,Pro,0,Cancelled,2023-10-17,2023-10-31,True,Trial
4840,3412,Starter,0,Active,2023-10-17,,True,Trial
4841,3412,Starter,29,Cancelled,2024-01-30,2024-02-29,False,Churned MRR
4842,3413,Pro,0,Active,2023-10-18,,True,Trial
4843,3413,Pro,79,Cancelled,2024-04-01,2024-05-01,False,Churned MRR
4844,3414,Starter,0,Cancelled,2023-10-18,2023-11-01,True,Trial
4845,3415,Pro,0,Active,2023-10-18,,True,Trial
4846,3415,Pro,79,Cancelled,2024-11-01,2024-12-01,False,Churned MRR
4847,3416,Pro,0,Active,2023-10-18,,True,Trial
4848,3416,Pro,79,Cancelled,2024-01-01,2024-02-01,False,Churned MRR
4849,3417,Starter,0,Cancelled,2023-10-18,2023-11-01,True,Trial
4850,3418,Starter,0,Active,2023-10-18,,True,Trial
4851,3418,Starter,29,Cancelled,2024-01-01,2024-02-01,False,Churned MRR
4852,3419,Enterprise,0,Cancelled,2023-10-18,2023-11-01,True,Trial
4853,3420,Enterprise,0,Cancelled,2023-10-18,2023-11-01,True,Trial
4854,3421,Starter,0,Cancelled,2023-10-18,2023-11-01,True,Trial
4855,3422,Starter,0,Cancelled,2023-10-18,2023-11-01,True,Trial
4856,3423,Starter,0,Cancelled,2023-10-18,2023-11-01,True,Trial
4857,3424,Starter,0,Cancelled,2023-10-18,2023-11-01,True,Trial
4858,3425,Pro,0,Active,2023-10-18,,True,Trial
4859,3425,Pro,79,Upgraded,2024-02-01,2024-03-01,False,Expansion MRR
4860,3425,Business,199,Upgraded,2024-06-01,2024-07-01,False,Expansion MRR
4861,3425,Enterprise,499,Active,2024-12-01,,False,Recurring
4862,3426,Starter,0,Active,2023-10-18,,True,Trial
4863,3426,Starter,29,Active,2024-12-01,,False,Recurring
4864,3427,Pro,0,Active,2023-10-19,,True,Trial
4865,3427,Pro,79,Downgraded,2023-11-02,2023-12-02,False,Contraction MRR
4866,3427,Starter,29,Cancelled,2023-12-02,2024-01-02,False,Churned MRR
4867,3428,Enterprise,0,Active,2023-10-19,,True,Trial
4868,3428,Enterprise,499,Active,2024-12-02,,False,Recurring
4869,3429,Starter,0,Active,2023-10-19,,True,Trial
4870,3429,Starter,29,Cancelled,2024-10-02,2024-11-02,False,Churned MRR
4871,3430,Pro,0,Cancelled,2023-10-19,2023-11-02,True,Trial
4872,3431,Starter,0,Cancelled,2023-10-19,2023-11-02,True,Trial
4873,3432,Pro,0,Active,2023-10-19,,True,Trial
4874,3432,Pro,79,Active,2024-12-02,,False,Recurring
4875,3433,Pro,0,Cancelled,2023-10-19,2023-11-02,True,Trial
4876,3434,Enterprise,0,Cancelled,2023-10-19,2023-11-02,True,Trial
4877,3435,Enterprise,0,Active,2023-10-19,,True,Trial
4878,3435,Enterprise,499,Active,2024-12-02,,False,Recurring
4879,3436,Starter,0,Cancelled,2023-10-19,2023-11-02,True,Trial
4880,3437,Pro,0,Active,2023-10-19,,True,Trial
4881,3437,Pro,79,Cancelled,2024-01-02,2024-02-02,False,Churned MRR
4882,3438,Enterprise,0,Cancelled,2023-10-20,2023-11-03,True,Trial
4883,3439,Pro,0,Active,2023-10-20,,True,Trial
4884,3439,Pro,79,Active,2024-12-03,,False,Recurring
4885,3440,Enterprise,0,Active,2023-10-20,,True,Trial
4886,3440,Enterprise,499,Active,2024-12-03,,False,Recurring
4887,3441,Starter,0,Cancelled,2023-10-20,2023-11-03,True,Trial
4888,3442,Business,0,Cancelled,2023-10-20,2023-11-03,True,Trial
4889,3443,Enterprise,0,Cancelled,2023-10-20,2023-11-03,True,Trial
4890,3444,Pro,0,Cancelled,2023-10-20,2023-11-03,True,Trial
4891,3445,Business,0,Active,2023-10-20,,True,Trial
4892,3445,Business,199,Downgraded,2023-11-03,2023-12-03,False,Contraction MRR
4893,3445,Pro,79,Active,2024-12-03,,False,Recurring
4894,3446,Pro,0,Cancelled,2023-10-20,2023-11-03,True,Trial
4895,3447,Pro,0,Active,2023-10-20,,True,Trial
4896,3447,Pro,79,Active,2024-12-03,,False,Recurring
4897,3448,Enterprise,0,Active,2023-10-21,,True,Trial
4898,3448,Enterprise,499,Downgraded,2023-11-04,2023-12-04,False,Contraction MRR
4899,3448,Business,199,Active,2024-12-04,,False,Recurring
4900,3449,Pro,0,Cancelled,2023-10-21,2023-11-04,True,Trial
4901,3450,Pro,0,Active,2023-10-21,,True,Trial
4902,3450,Pro,79,Upgraded,2024-03-04,2024-04-04,False,Expansion MRR
4903,3450,Business,199,Active,2024-12-04,,False,Recurring
4904,3451,Starter,0,Cancelled,2023-10-21,2023-11-04,True,Trial
4905,3452,Pro,0,Active,2023-10-21,,True,Trial
4906,3452,Pro,79,Upgraded,2023-11-04,2023-12-04,False,Expansion MRR
4907,3452,Business,199,Cancelled,2024-04-04,2024-05-04,False,Churned MRR
4908,3453,Pro,0,Cancelled,2023-10-21,2023-11-04,True,Trial
4909,3454,Starter,0,Cancelled,2023-10-21,2023-11-04,True,Trial
4910,3455,Pro,0,Cancelled,2023-10-21,2023-11-04,True,Trial
4911,3456,Business,0,Active,2023-10-21,,True,Trial
4912,3456,Business,199,Downgraded,2024-02-04,2024-03-04,False,Contraction MRR
4913,3456,Pro,79,Active,2024-12-04,,False,Recurring
4914,3457,Starter,0,Cancelled,2023-10-21,2023-11-04,True,Trial
4915,3458,Starter,0,Cancelled,2023-10-21,2023-11-04,True,Trial
4916,3459,Pro,0,Active,2023-10-22,,True,Trial
4917,3459,Pro,79,Cancelled,2024-09-05,2024-10-05,False,Churned MRR
4918,3460,Starter,0,Cancelled,2023-10-22,2023-11-05,True,Trial
4919,3461,Pro,0,Cancelled,2023-10-22,2023-11-05,True,Trial
4920,3462,Pro,0,Cancelled,2023-10-22,2023-11-05,True,Trial
4921,3463,Enterprise,0,Active,2023-10-22,,True,Trial
4922,3463,Enterprise,499,Active,2024-12-05,,False,Recurring
4923,3464,Business,0,Cancelled,2023-10-22,2023-11-05,True,Trial
4924,3465,Starter,0,Cancelled,2023-10-22,2023-11-05,True,Trial
4925,3466,Starter,0,Cancelled,2023-10-22,2023-11-05,True,Trial
4926,3467,Starter,0,Cancelled,2023-10-22,2023-11-05,True,Trial
4927,3468,Enterprise,0,Active,2023-10-22,,True,Trial
4928,3468,Enterprise,499,Active,2024-12-05,,False,Recurring
4929,3469,Starter,0,Cancelled,2023-10-23,2023-11-06,True,Trial
4930,3470,Starter,0,Active,2023-10-23,,True,Trial
4931,3470,Starter,29,Cancelled,2023-12-06,2024-01-06,False,Churned MRR
4932,3471,Pro,0,Active,2023-10-23,,True,Trial
4933,3471,Pro,79,Downgraded,2024-02-06,2024-03-06,False,Contraction MRR
4934,3471,Starter,29,Active,2024-12-06,,False,Recurring
4935,3472,Business,0,Cancelled,2023-10-23,2023-11-06,True,Trial
4936,3473,Enterprise,0,Active,2023-10-23,,True,Trial
4937,3473,Enterprise,499,Cancelled,2023-12-06,2024-01-06,False,Churned MRR
4938,3474,Enterprise,0,Cancelled,2023-10-23,2023-11-06,True,Trial
4939,3475,Pro,0,Active,2023-10-23,,True,Trial
4940,3475,Pro,79,Upgraded,2024-05-06,2024-06-06,False,Expansion MRR
4941,3475,Business,199,Active,2024-12-06,,False,Recurring
4942,3476,Pro,0,Cancelled,2023-10-23,2023-11-06,True,Trial
4943,3477,Starter,0,Cancelled,2023-10-23,2023-11-06,True,Trial
4944,3478,Pro,0,Active,2023-10-23,,True,Trial
4945,3478,Pro,79,Cancelled,2024-01-06,2024-02-06,False,Churned MRR
4946,3479,Starter,0,Active,2023-10-23,,True,Trial
4947,3479,Starter,29,Cancelled,2024-02-06,2024-03-06,False,Churned MRR
4948,3480,Starter,0,Cancelled,2023-10-23,2023-11-06,True,Trial
4949,3481,Pro,0,Cancelled,2023-10-23,2023-11-06,True,Trial
4950,3482,Business,0,Cancelled,2023-10-23,2023-11-06,True,Trial
4951,3483,Pro,0,Cancelled,2023-10-23,2023-11-06,True,Trial
4952,3484,Enterprise,0,Cancelled,2023-10-23,2023-11-06,True,Trial
4953,3485,Enterprise,0,Cancelled,2023-10-23,2023-11-06,True,Trial
4954,3486,Business,0,Cancelled,2023-10-23,2023-11-06,True,Trial
4955,3487,Enterprise,0,Active,2023-10-24,,True,Trial
4956,3487,Enterprise,499,Downgraded,2024-01-07,2024-02-07,False,Contraction MRR
4957,3487,Business,199,Active,2024-12-07,,False,Recurring
4958,3488,Starter,0,Active,2023-10-24,,True,Trial
4959,3488,Starter,29,Upgraded,2024-07-07,2024-08-07,False,Expansion MRR
4960,3488,Pro,79,Cancelled,2024-10-07,2024-11-07,False,Churned MRR
4961,3489,Starter,0,Cancelled,2023-10-24,2023-11-07,True,Trial
4962,3490,Enterprise,0,Active,2023-10-24,,True,Trial
4963,3490,Enterprise,499,Active,2024-12-07,,False,Recurring
4964,3491,Starter,0,Cancelled,2023-10-24,2023-11-07,True,Trial
4965,3492,Enterprise,0,Cancelled,2023-10-24,2023-11-07,True,Trial
4966,3493,Pro,0,Cancelled,2023-10-24,2023-11-07,True,Trial
4967,3494,Starter,0,Active,2023-10-24,,True,Trial
4968,3494,Starter,29,Active,2024-12-07,,False,Recurring
4969,3495,Enterprise,0,Cancelled,2023-10-24,2023-11-07,True,Trial
4970,3496,Enterprise,0,Active,2023-10-25,,True,Trial
4971,3496,Enterprise,499,Downgraded,2024-01-08,2024-02-08,False,Contraction MRR
4972,3496,Business,199,Active,2024-12-08,,False,Recurring
4973,3497,Starter,0,Cancelled,2023-10-25,2023-11-08,True,Trial
4974,3498,Enterprise,0,Active,2023-10-25,,True,Trial
4975,3498,Enterprise,499,Active,2024-12-08,,False,Recurring
4976,3499,Starter,0,Cancelled,2023-10-25,2023-11-08,True,Trial
4977,3500,Pro,0,Active,2023-10-25,,True,Trial
4978,3500,Pro,79,Downgraded,2024-05-08,2024-06-08,False,Contraction MRR
4979,3500,Starter,29,Active,2024-12-08,,False,Recurring
4980,3501,Pro,0,Active,2023-10-26,,True,Trial
4981,3501,Pro,79,Active,2024-12-09,,False,Recurring
4982,3502,Pro,0,Active,2023-10-26,,True,Trial
4983,3502,Pro,79,Upgraded,2024-09-09,2024-10-09,False,Expansion MRR
4984,3502,Business,199,Active,2024-12-09,,False,Recurring
4985,3503,Enterprise,0,Cancelled,2023-10-26,2023-11-09,True,Trial
4986,3504,Starter,0,Cancelled,2023-10-26,2023-11-09,True,Trial
4987,3505,Pro,0,Cancelled,2023-10-26,2023-11-09,True,Trial
4988,3506,Pro,0,Cancelled,2023-10-26,2023-11-09,True,Trial
4989,3507,Starter,0,Cancelled,2023-10-26,2023-11-09,True,Trial
4990,3508,Business,0,Cancelled,2023-10-26,2023-11-09,True,Trial
4991,3509,Starter,0,Active,2023-10-26,,True,Trial
4992,3509,Starter,29,Cancelled,2024-02-09,2024-03-09,False,Churned MRR
4993,3510,Enterprise,0,Cancelled,2023-10-26,2023-11-09,True,Trial
4994,3511,Pro,0,Active,2023-10-26,,True,Trial
4995,3511,Pro,79,Cancelled,2024-03-09,2024-04-09,False,Churned MRR
4996,3512,Business,0,Cancelled,2023-10-26,2023-11-09,True,Trial
4997,3513,Pro,0,Cancelled,2023-10-27,2023-11-10,True,Trial
4998,3514,Business,0,Cancelled,2023-10-27,2023-11-10,True,Trial
4999,3515,Pro,0,Cancelled,2023-10-27,2023-11-10,True,Trial
5000,3516,Pro,0,Cancelled,2023-10-27,2023-11-10,True,Trial
5001,3517,Starter,0,Active,2023-10-27,,True,Trial
5002,3517,Starter,29,Cancelled,2024-03-10,2024-04-10,False,Churned MRR
5003,3518,Business,0,Cancelled,2023-10-27,2023-11-10,True,Trial
5004,3519,Starter,0,Cancelled,2023-10-27,2023-11-10,True,Trial
5005,3520,Starter,0,Active,2023-10-27,,True,Trial
5006,3520,Starter,29,Cancelled,2024-01-10,2024-02-10,False,Churned MRR
5007,3521,Enterprise,0,Cancelled,2023-10-27,2023-11-10,True,Trial
5008,3522,Enterprise,0,Cancelled,2023-10-27,2023-11-10,True,Trial
5009,3523,Business,0,Cancelled,2023-10-27,2023-11-10,True,Trial
5010,3524,Business,0,Active,2023-10-27,,True,Trial
5011,3524,Business,199,Cancelled,2024-09-10,2024-10-10,False,Churned MRR
5012,3525,Pro,0,Active,2023-10-27,,True,Trial
5013,3525,Pro,79,Active,2024-12-10,,False,Recurring
5014,3526,Starter,0,Cancelled,2023-10-28,2023-11-11,True,Trial
5015,3527,Starter,0,Active,2023-10-28,,True,Trial
5016,3527,Starter,29,Cancelled,2024-04-11,2024-05-11,False,Churned MRR
5017,3528,Business,0,Cancelled,2023-10-28,2023-11-11,True,Trial
5018,3529,Pro,0,Active,2023-10-28,,True,Trial
5019,3529,Pro,79,Cancelled,2024-06-11,2024-07-11,False,Churned MRR
5020,3530,Starter,0,Cancelled,2023-10-28,2023-11-11,True,Trial
5021,3531,Pro,0,Cancelled,2023-10-28,2023-11-11,True,Trial
5022,3532,Starter,0,Cancelled,2023-10-28,2023-11-11,True,Trial
5023,3533,Pro,0,Cancelled,2023-10-28,2023-11-11,True,Trial
5024,3534,Starter,0,Cancelled,2023-10-28,2023-11-11,True,Trial
5025,3535,Enterprise,0,Active,2023-10-28,,True,Trial
5026,3535,Enterprise,499,Active,2024-12-11,,False,Recurring
5027,3536,Starter,0,Cancelled,2023-10-28,2023-11-11,True,Trial
5028,3537,Starter,0,Cancelled,2023-10-28,2023-11-11,True,Trial
5029,3538,Starter,0,Cancelled,2023-10-29,2023-11-12,True,Trial
5030,3539,Starter,0,Cancelled,2023-10-29,2023-11-12,True,Trial
5031,3540,Business,0,Active,2023-10-29,,True,Trial
5032,3540,Business,199,Cancelled,2024-01-12,2024-02-12,False,Churned MRR
5033,3541,Pro,0,Active,2023-10-29,,True,Trial
5034,3541,Pro,79,Upgraded,2024-03-12,2024-04-12,False,Expansion MRR
5035,3541,Business,199,Active,2024-12-12,,False,Recurring
5036,3542,Enterprise,0,Cancelled,2023-10-29,2023-11-12,True,Trial
5037,3543,Pro,0,Cancelled,2023-10-29,2023-11-12,True,Trial
5038,3544,Pro,0,Cancelled,2023-10-29,2023-11-12,True,Trial
5039,3545,Pro,0,Cancelled,2023-10-29,2023-11-12,True,Trial
5040,3546,Pro,0,Cancelled,2023-10-29,2023-11-12,True,Trial
5041,3547,Business,0,Cancelled,2023-10-29,2023-11-12,True,Trial
5042,3548,Starter,0,Cancelled,2023-10-30,2023-11-13,True,Trial
5043,3549,Business,0,Cancelled,2023-10-30,2023-11-13,True,Trial
5044,3550,Starter,0,Cancelled,2023-10-30,2023-11-13,True,Trial
5045,3551,Starter,0,Cancelled,2023-10-30,2023-11-13,True,Trial
5046,3552,Enterprise,0,Active,2023-10-30,,True,Trial
5047,3552,Enterprise,499,Active,2024-12-13,,False,Recurring
5048,3553,Starter,0,Cancelled,2023-10-30,2023-11-13,True,Trial
5049,3554,Starter,0,Cancelled,2023-10-30,2023-11-13,True,Trial
5050,3555,Business,0,Cancelled,2023-10-30,2023-11-13,True,Trial
5051,3556,Starter,0,Cancelled,2023-10-31,2023-11-14,True,Trial
5052,3557,Starter,0,Cancelled,2023-10-31,2023-11-14,True,Trial
5053,3558,Enterprise,0,Cancelled,2023-10-31,2023-11-14,True,Trial
5054,3559,Starter,0,Cancelled,2023-10-31,2023-11-14,True,Trial
5055,3560,Enterprise,0,Cancelled,2023-10-31,2023-11-14,True,Trial
5056,3561,Starter,0,Active,2023-10-31,,True,Trial
5057,3561,Starter,29,Cancelled,2023-11-14,2023-12-14,False,Churned MRR
5058,3562,Starter,0,Active,2023-10-31,,True,Trial
5059,3562,Starter,29,Active,2024-12-14,,False,Recurring
5060,3563,Starter,0,Cancelled,2023-10-31,2023-11-14,True,Trial
5061,3564,Starter,0,Active,2023-10-31,,True,Trial
5062,3564,Starter,29,Cancelled,2024-02-14,2024-03-14,False,Churned MRR
5063,3565,Starter,0,Cancelled,2023-10-31,2023-11-14,True,Trial
5064,3566,Starter,0,Cancelled,2023-10-31,2023-11-14,True,Trial
5065,3567,Starter,0,Cancelled,2023-10-31,2023-11-14,True,Trial
5066,3568,Starter,0,Cancelled,2023-10-31,2023-11-14,True,Trial
5067,3569,Pro,0,Active,2023-10-31,,True,Trial
5068,3569,Pro,79,Cancelled,2024-06-14,2024-07-14,False,Churned MRR
5069,3570,Starter,0,Cancelled,2023-11-01,2023-11-15,True,Trial
5070,3571,Business,0,Active,2023-11-01,,True,Trial
5071,3571,Business,199,Downgraded,2024-04-15,2024-05-15,False,Contraction MRR
5072,3571,Pro,79,Active,2024-12-15,,False,Recurring
5073,3572,Starter,0,Active,2023-11-01,,True,Trial
5074,3572,Starter,29,Cancelled,2024-02-15,2024-03-15,False,Churned MRR
5075,3573,Starter,0,Cancelled,2023-11-01,2023-11-15,True,Trial
5076,3574,Starter,0,Cancelled,2023-11-01,2023-11-15,True,Trial
5077,3575,Pro,0,Cancelled,2023-11-02,2023-11-16,True,Trial
5078,3576,Business,0,Cancelled,2023-11-02,2023-11-16,True,Trial
5079,3577,Pro,0,Cancelled,2023-11-02,2023-11-16,True,Trial
5080,3578,Pro,0,Cancelled,2023-11-02,2023-11-16,True,Trial
5081,3579,Pro,0,Cancelled,2023-11-02,2023-11-16,True,Trial
5082,3580,Enterprise,0,Active,2023-11-02,,True,Trial
5083,3580,Enterprise,499,Active,2024-12-16,,False,Recurring
5084,3581,Starter,0,Cancelled,2023-11-02,2023-11-16,True,Trial
5085,3582,Starter,0,Cancelled,2023-11-02,2023-11-16,True,Trial
5086,3583,Starter,0,Cancelled,2023-11-02,2023-11-16,True,Trial
5087,3584,Business,0,Cancelled,2023-11-02,2023-11-16,True,Trial
5088,3585,Starter,0,Cancelled,2023-11-02,2023-11-16,True,Trial
5089,3586,Starter,0,Cancelled,2023-11-03,2023-11-17,True,Trial
5090,3587,Business,0,Cancelled,2023-11-03,2023-11-17,True,Trial
5091,3588,Pro,0,Cancelled,2023-11-03,2023-11-17,True,Trial
5092,3589,Business,0,Active,2023-11-03,,True,Trial
5093,3589,Business,199,Downgraded,2024-04-17,2024-05-17,False,Contraction MRR
5094,3589,Pro,79,Active,2024-12-17,,False,Recurring
5095,3590,Starter,0,Cancelled,2023-11-03,2023-11-17,True,Trial
5096,3591,Starter,0,Cancelled,2023-11-03,2023-11-17,True,Trial
5097,3592,Starter,0,Cancelled,2023-11-03,2023-11-17,True,Trial
5098,3593,Starter,0,Cancelled,2023-11-03,2023-11-17,True,Trial
5099,3594,Business,0,Cancelled,2023-11-04,2023-11-18,True,Trial
5100,3595,Starter,0,Cancelled,2023-11-04,2023-11-18,True,Trial
5101,3596,Starter,0,Cancelled,2023-11-04,2023-11-18,True,Trial
5102,3597,Starter,0,Cancelled,2023-11-04,2023-11-18,True,Trial
5103,3598,Business,0,Active,2023-11-04,,True,Trial
5104,3598,Business,199,Upgraded,2024-02-18,2024-03-18,False,Expansion MRR
5105,3598,Enterprise,499,Active,2024-12-18,,False,Recurring
5106,3599,Pro,0,Active,2023-11-04,,True,Trial
5107,3599,Pro,79,Cancelled,2024-02-18,2024-03-18,False,Churned MRR
5108,3600,Pro,0,Cancelled,2023-11-04,2023-11-18,True,Trial
5109,3601,Starter,0,Active,2023-11-04,,True,Trial
5110,3601,Starter,29,Active,2024-12-18,,False,Recurring
5111,3602,Enterprise,0,Cancelled,2023-11-04,2023-11-18,True,Trial
5112,3603,Starter,0,Cancelled,2023-11-04,2023-11-18,True,Trial
5113,3604,Pro,0,Cancelled,2023-11-04,2023-11-18,True,Trial
5114,3605,Starter,0,Cancelled,2023-11-04,2023-11-18,True,Trial
5115,3606,Business,0,Active,2023-11-04,,True,Trial
5116,3606,Business,199,Upgraded,2024-05-18,2024-06-18,False,Expansion MRR
5117,3606,Enterprise,499,Active,2024-12-18,,False,Recurring
5118,3607,Business,0,Cancelled,2023-11-04,2023-11-18,True,Trial
5119,3608,Starter,0,Cancelled,2023-11-04,2023-11-18,True,Trial
5120,3609,Starter,0,Active,2023-11-04,,True,Trial
5121,3609,Starter,29,Upgraded,2024-03-18,2024-04-18,False,Expansion MRR
5122,3609,Pro,79,Downgraded,2024-08-18,2024-09-18,False,Contraction MRR
5123,3609,Starter,29,Upgraded,2024-12-18,2025-01-18,False,Expansion MRR
5124,3610,Enterprise,0,Active,2023-11-04,,True,Trial
5125,3610,Enterprise,499,Cancelled,2024-02-18,2024-03-18,False,Churned MRR
5126,3611,Business,0,Cancelled,2023-11-05,2023-11-19,True,Trial
5127,3612,Pro,0,Cancelled,2023-11-05,2023-11-19,True,Trial
5128,3613,Starter,0,Cancelled,2023-11-05,2023-11-19,True,Trial
5129,3614,Pro,0,Cancelled,2023-11-05,2023-11-19,True,Trial
5130,3615,Enterprise,0,Cancelled,2023-11-05,2023-11-19,True,Trial
5131,3616,Starter,0,Active,2023-11-05,,True,Trial
5132,3616,Starter,29,Upgraded,2024-08-19,2024-09-19,False,Expansion MRR
5133,3616,Pro,79,Downgraded,2024-10-19,2024-11-19,False,Contraction MRR
5134,3616,Starter,29,Cancelled,2024-12-19,2025-01-01,False,Churned MRR
5135,3617,Business,0,Cancelled,2023-11-05,2023-11-19,True,Trial
5136,3618,Starter,0,Active,2023-11-05,,True,Trial
5137,3618,Starter,29,Upgraded,2023-12-19,2024-01-19,False,Expansion MRR
5138,3618,Pro,79,Upgraded,2024-04-19,2024-05-19,False,Expansion MRR
5139,3618,Business,199,Upgraded,2024-10-19,2024-11-19,False,Expansion MRR
5140,3618,Enterprise,499,Active,2024-12-19,,False,Recurring
5141,3619,Enterprise,0,Cancelled,2023-11-05,2023-11-19,True,Trial
5142,3620,Starter,0,Cancelled,2023-11-05,2023-11-19,True,Trial
5143,3621,Starter,0,Cancelled,2023-11-05,2023-11-19,True,Trial
5144,3622,Business,0,Cancelled,2023-11-05,2023-11-19,True,Trial
5145,3623,Business,0,Cancelled,2023-11-05,2023-11-19,True,Trial
5146,3624,Starter,0,Cancelled,2023-11-05,2023-11-19,True,Trial
5147,3625,Pro,0,Cancelled,2023-11-05,2023-11-19,True,Trial
5148,3626,Pro,0,Cancelled,2023-11-06,2023-11-20,True,Trial
5149,3627,Business,0,Cancelled,2023-11-06,2023-11-20,True,Trial
5150,3628,Starter,0,Active,2023-11-06,,True,Trial
5151,3628,Starter,29,Upgraded,2024-08-20,2024-09-20,False,Expansion MRR
5152,3628,Pro,79,Active,2024-12-20,,False,Recurring
5153,3629,Business,0,Active,2023-11-06,,True,Trial
5154,3629,Business,199,Cancelled,2024-08-20,2024-09-20,False,Churned MRR
5155,3630,Pro,0,Active,2023-11-06,,True,Trial
5156,3630,Pro,79,Cancelled,2023-11-20,2023-12-20,False,Churned MRR
5157,3631,Starter,0,Cancelled,2023-11-06,2023-11-20,True,Trial
5158,3632,Starter,0,Cancelled,2023-11-06,2023-11-20,True,Trial
5159,3633,Starter,0,Cancelled,2023-11-06,2023-11-20,True,Trial
5160,3634,Starter,0,Cancelled,2023-11-06,2023-11-20,True,Trial
5161,3635,Pro,0,Active,2023-11-06,,True,Trial
5162,3635,Pro,79,Upgraded,2024-08-20,2024-09-20,False,Expansion MRR
5163,3635,Business,199,Active,2024-12-20,,False,Recurring
5164,3636,Pro,0,Active,2023-11-06,,True,Trial
5165,3636,Pro,79,Cancelled,2023-12-20,2024-01-20,False,Churned MRR
5166,3637,Pro,0,Active,2023-11-06,,True,Trial
5167,3637,Pro,79,Cancelled,2024-04-20,2024-05-20,False,Churned MRR
5168,3638,Starter,0,Cancelled,2023-11-07,2023-11-21,True,Trial
5169,3639,Business,0,Cancelled,2023-11-07,2023-11-21,True,Trial
5170,3640,Starter,0,Cancelled,2023-11-07,2023-11-21,True,Trial
5171,3641,Pro,0,Cancelled,2023-11-07,2023-11-21,True,Trial
5172,3642,Business,0,Active,2023-11-07,,True,Trial
5173,3642,Business,199,Active,2024-12-21,,False,Recurring
5174,3643,Starter,0,Cancelled,2023-11-07,2023-11-21,True,Trial
5175,3644,Starter,0,Cancelled,2023-11-07,2023-11-21,True,Trial
5176,3645,Business,0,Active,2023-11-07,,True,Trial
5177,3645,Business,199,Cancelled,2023-12-21,2024-01-21,False,Churned MRR
5178,3646,Starter,0,Cancelled,2023-11-08,2023-11-22,True,Trial
5179,3647,Enterprise,0,Active,2023-11-08,,True,Trial
5180,3647,Enterprise,499,Downgraded,2024-02-22,2024-03-22,False,Contraction MRR
5181,3647,Business,199,Active,2024-12-22,,False,Recurring
5182,3648,Pro,0,Cancelled,2023-11-08,2023-11-22,True,Trial
5183,3649,Business,0,Cancelled,2023-11-08,2023-11-22,True,Trial
5184,3650,Pro,0,Cancelled,2023-11-08,2023-11-22,True,Trial
5185,3651,Pro,0,Active,2023-11-08,,True,Trial
5186,3651,Pro,79,Active,2024-12-22,,False,Recurring
5187,3652,Business,0,Cancelled,2023-11-08,2023-11-22,True,Trial
5188,3653,Starter,0,Cancelled,2023-11-08,2023-11-22,True,Trial
5189,3654,Business,0,Cancelled,2023-11-08,2023-11-22,True,Trial
5190,3655,Starter,0,Cancelled,2023-11-08,2023-11-22,True,Trial
5191,3656,Pro,0,Active,2023-11-08,,True,Trial
5192,3656,Pro,79,Cancelled,2024-01-22,2024-02-22,False,Churned MRR
5193,3657,Starter,0,Cancelled,2023-11-09,2023-11-23,True,Trial
5194,3658,Starter,0,Cancelled,2023-11-09,2023-11-23,True,Trial
5195,3659,Starter,0,Active,2023-11-09,,True,Trial
5196,3659,Starter,29,Upgraded,2024-02-23,2024-03-23,False,Expansion MRR
5197,3659,Pro,79,Active,2024-12-23,,False,Recurring
5198,3660,Pro,0,Cancelled,2023-11-09,2023-11-23,True,Trial
5199,3661,Starter,0,Cancelled,2023-11-09,2023-11-23,True,Trial
5200,3662,Pro,0,Cancelled,2023-11-09,2023-11-23,True,Trial
5201,3663,Enterprise,0,Active,2023-11-09,,True,Trial
5202,3663,Enterprise,499,Downgraded,2024-03-23,2024-04-23,False,Contraction MRR
5203,3663,Business,199,Cancelled,2024-07-23,2024-08-23,False,Churned MRR
5204,3664,Enterprise,0,Active,2023-11-09,,True,Trial
5205,3664,Enterprise,499,Downgraded,2024-05-23,2024-06-23,False,Contraction MRR
5206,3664,Business,199,Cancelled,2024-07-23,2024-08-23,False,Churned MRR
5207,3665,Pro,0,Active,2023-11-09,,True,Trial
5208,3665,Pro,79,Cancelled,2024-02-23,2024-03-23,False,Churned MRR
5209,3666,Business,0,Cancelled,2023-11-09,2023-11-23,True,Trial
5210,3667,Starter,0,Cancelled,2023-11-09,2023-11-23,True,Trial
5211,3668,Starter,0,Cancelled,2023-11-10,2023-11-24,True,Trial
5212,3669,Starter,0,Cancelled,2023-11-10,2023-11-24,True,Trial
5213,3670,Business,0,Cancelled,2023-11-10,2023-11-24,True,Trial
5214,3671,Pro,0,Cancelled,2023-11-10,2023-11-24,True,Trial
5215,3672,Starter,0,Active,2023-11-10,,True,Trial
5216,3672,Starter,29,Cancelled,2024-03-24,2024-04-24,False,Churned MRR
5217,3673,Pro,0,Cancelled,2023-11-11,2023-11-25,True,Trial
5218,3674,Starter,0,Active,2023-11-11,,True,Trial
5219,3674,Starter,29,Active,2024-12-25,,False,Recurring
5220,3675,Starter,0,Cancelled,2023-11-11,2023-11-25,True,Trial
5221,3676,Starter,0,Active,2023-11-11,,True,Trial
5222,3676,Starter,29,Upgraded,2024-01-25,2024-02-25,False,Expansion MRR
5223,3676,Pro,79,Cancelled,2024-09-25,2024-10-25,False,Churned MRR
5224,3677,Starter,0,Cancelled,2023-11-11,2023-11-25,True,Trial
5225,3678,Business,0,Active,2023-11-11,,True,Trial
5226,3678,Business,199,Active,2024-12-25,,False,Recurring
5227,3679,Enterprise,0,Cancelled,2023-11-11,2023-11-25,True,Trial
5228,3680,Starter,0,Cancelled,2023-11-11,2023-11-25,True,Trial
5229,3681,Starter,0,Cancelled,2023-11-11,2023-11-25,True,Trial
5230,3682,Starter,0,Cancelled,2023-11-11,2023-11-25,True,Trial
5231,3683,Pro,0,Cancelled,2023-11-11,2023-11-25,True,Trial
5232,3684,Starter,0,Active,2023-11-12,,True,Trial
5233,3684,Starter,29,Active,2024-12-26,,False,Recurring
5234,3685,Pro,0,Cancelled,2023-11-12,2023-11-26,True,Trial
5235,3686,Enterprise,0,Active,2023-11-12,,True,Trial
5236,3686,Enterprise,499,Active,2024-12-26,,False,Recurring
5237,3687,Starter,0,Cancelled,2023-11-12,2023-11-26,True,Trial
5238,3688,Pro,0,Cancelled,2023-11-12,2023-11-26,True,Trial
5239,3689,Pro,0,Cancelled,2023-11-12,2023-11-26,True,Trial
5240,3690,Starter,0,Active,2023-11-12,,True,Trial
5241,3690,Starter,29,Cancelled,2024-03-26,2024-04-26,False,Churned MRR
5242,3691,Starter,0,Cancelled,2023-11-12,2023-11-26,True,Trial
5243,3692,Enterprise,0,Active,2023-11-12,,True,Trial
5244,3692,Enterprise,499,Downgraded,2024-03-26,2024-04-26,False,Contraction MRR
5245,3692,Business,199,Upgraded,2024-12-26,2025-01-26,False,Expansion MRR
5246,3693,Pro,0,Cancelled,2023-11-12,2023-11-26,True,Trial
5247,3694,Pro,0,Cancelled,2023-11-12,2023-11-26,True,Trial
5248,3695,Starter,0,Active,2023-11-13,,True,Trial
5249,3695,Starter,29,Upgraded,2024-05-27,2024-06-27,False,Expansion MRR
5250,3695,Pro,79,Active,2024-12-27,,False,Recurring
5251,3696,Business,0,Cancelled,2023-11-13,2023-11-27,True,Trial
5252,3697,Business,0,Cancelled,2023-11-13,2023-11-27,True,Trial
5253,3698,Pro,0,Cancelled,2023-11-13,2023-11-27,True,Trial
5254,3699,Business,0,Active,2023-11-13,,True,Trial
5255,3699,Business,199,Downgraded,2023-11-27,2023-12-27,False,Contraction MRR
5256,3699,Pro,79,Upgraded,2024-01-27,2024-02-27,False,Expansion MRR
5257,3699,Business,199,Cancelled,2024-11-27,2024-12-27,False,Churned MRR
5258,3700,Starter,0,Cancelled,2023-11-13,2023-11-27,True,Trial
5259,3701,Business,0,Cancelled,2023-11-13,2023-11-27,True,Trial
5260,3702,Starter,0,Cancelled,2023-11-13,2023-11-27,True,Trial
5261,3703,Enterprise,0,Active,2023-11-14,,True,Trial
5262,3703,Enterprise,499,Active,2024-12-28,,False,Recurring
5263,3704,Pro,0,Cancelled,2023-11-14,2023-11-28,True,Trial
5264,3705,Business,0,Active,2023-11-14,,True,Trial
5265,3705,Business,199,Active,2024-12-28,,False,Recurring
5266,3706,Starter,0,Active,2023-11-14,,True,Trial
5267,3706,Starter,29,Cancelled,2024-08-28,2024-09-28,False,Churned MRR
5268,3707,Starter,0,Cancelled,2023-11-14,2023-11-28,True,Trial
5269,3708,Pro,0,Active,2023-11-14,,True,Trial
5270,3708,Pro,79,Upgraded,2024-06-28,2024-07-28,False,Expansion MRR
5271,3708,Business,199,Active,2024-12-28,,False,Recurring
5272,3709,Business,0,Cancelled,2023-11-14,2023-11-28,True,Trial
5273,3710,Starter,0,Active,2023-11-15,,True,Trial
5274,3710,Starter,29,Cancelled,2024-03-29,2024-04-29,False,Churned MRR
5275,3711,Enterprise,0,Cancelled,2023-11-15,2023-11-29,True,Trial
5276,3712,Pro,0,Cancelled,2023-11-15,2023-11-29,True,Trial
5277,3713,Starter,0,Active,2023-11-15,,True,Trial
5278,3713,Starter,29,Cancelled,2023-11-29,2023-12-29,False,Churned MRR
5279,3714,Pro,0,Cancelled,2023-11-15,2023-11-29,True,Trial
5280,3715,Pro,0,Cancelled,2023-11-15,2023-11-29,True,Trial
5281,3716,Enterprise,0,Active,2023-11-15,,True,Trial
5282,3716,Enterprise,499,Downgraded,2024-11-29,2024-12-29,False,Contraction MRR
5283,3716,Business,199,Active,2024-12-29,,False,Contraction MRR
5284,3717,Pro,0,Cancelled,2023-11-15,2023-11-29,True,Trial
5285,3718,Pro,0,Cancelled,2023-11-15,2023-11-29,True,Trial
5286,3719,Pro,0,Cancelled,2023-11-15,2023-11-29,True,Trial
5287,3720,Pro,0,Cancelled,2023-11-15,2023-11-29,True,Trial
5288,3721,Pro,0,Cancelled,2023-11-16,2023-11-30,True,Trial
5289,3722,Starter,0,Cancelled,2023-11-16,2023-11-30,True,Trial
5290,3723,Pro,0,Cancelled,2023-11-16,2023-11-30,True,Trial
5291,3724,Pro,0,Cancelled,2023-11-16,2023-11-30,True,Trial
5292,3725,Starter,0,Cancelled,2023-11-16,2023-11-30,True,Trial
5293,3726,Pro,0,Active,2023-11-16,,True,Trial
5294,3726,Pro,79,Active,2024-12-29,,False,Recurring
5295,3727,Business,0,Active,2023-11-16,,True,Trial
5296,3727,Business,199,Active,2024-12-29,,False,Recurring
5297,3728,Enterprise,0,Active,2023-11-16,,True,Trial
5298,3728,Enterprise,499,Cancelled,2024-01-30,2024-02-29,False,Churned MRR
5299,3729,Starter,0,Active,2023-11-16,,True,Trial
5300,3729,Starter,29,Cancelled,2024-08-29,2024-09-29,False,Churned MRR
5301,3730,Business,0,Cancelled,2023-11-16,2023-11-30,True,Trial
5302,3731,Starter,0,Cancelled,2023-11-16,2023-11-30,True,Trial
5303,3732,Starter,0,Cancelled,2023-11-16,2023-11-30,True,Trial
5304,3733,Starter,0,Cancelled,2023-11-16,2023-11-30,True,Trial
5305,3734,Business,0,Cancelled,2023-11-16,2023-11-30,True,Trial
5306,3735,Pro,0,Active,2023-11-17,,True,Trial
5307,3735,Pro,79,Active,2024-12-01,,False,Recurring
5308,3736,Starter,0,Cancelled,2023-11-17,2023-12-01,True,Trial
5309,3737,Starter,0,Active,2023-11-17,,True,Trial
5310,3737,Starter,29,Upgraded,2024-04-01,2024-05-01,False,Expansion MRR
5311,3737,Pro,79,Active,2024-12-01,,False,Recurring
5312,3738,Pro,0,Cancelled,2023-11-17,2023-12-01,True,Trial
5313,3739,Starter,0,Cancelled,2023-11-17,2023-12-01,True,Trial
5314,3740,Business,0,Cancelled,2023-11-17,2023-12-01,True,Trial
5315,3741,Pro,0,Cancelled,2023-11-17,2023-12-01,True,Trial
5316,3742,Enterprise,0,Cancelled,2023-11-17,2023-12-01,True,Trial
5317,3743,Enterprise,0,Active,2023-11-17,,True,Trial
5318,3743,Enterprise,499,Cancelled,2024-04-01,2024-05-01,False,Churned MRR
5319,3744,Pro,0,Cancelled,2023-11-17,2023-12-01,True,Trial
5320,3745,Starter,0,Cancelled,2023-11-17,2023-12-01,True,Trial
5321,3746,Business,0,Cancelled,2023-11-17,2023-12-01,True,Trial
5322,3747,Starter,0,Cancelled,2023-11-17,2023-12-01,True,Trial
5323,3748,Starter,0,Cancelled,2023-11-18,2023-12-02,True,Trial
5324,3749,Starter,0,Active,2023-11-18,,True,Trial
5325,3749,Starter,29,Cancelled,2024-01-02,2024-02-02,False,Churned MRR
5326,3750,Enterprise,0,Active,2023-11-18,,True,Trial
5327,3750,Enterprise,499,Active,2024-12-02,,False,Recurring
5328,3751,Starter,0,Cancelled,2023-11-18,2023-12-02,True,Trial
5329,3752,Starter,0,Cancelled,2023-11-18,2023-12-02,True,Trial
5330,3753,Starter,0,Cancelled,2023-11-18,2023-12-02,True,Trial
5331,3754,Starter,0,Active,2023-11-18,,True,Trial
5332,3754,Starter,29,Cancelled,2024-09-02,2024-10-02,False,Churned MRR
5333,3755,Pro,0,Active,2023-11-18,,True,Trial
5334,3755,Pro,79,Active,2024-12-02,,False,Recurring
5335,3756,Business,0,Cancelled,2023-11-18,2023-12-02,True,Trial
5336,3757,Starter,0,Cancelled,2023-11-19,2023-12-03,True,Trial
5337,3758,Enterprise,0,Cancelled,2023-11-19,2023-12-03,True,Trial
5338,3759,Business,0,Cancelled,2023-11-19,2023-12-03,True,Trial
5339,3760,Starter,0,Cancelled,2023-11-19,2023-12-03,True,Trial
5340,3761,Starter,0,Cancelled,2023-11-19,2023-12-03,True,Trial
5341,3762,Starter,0,Cancelled,2023-11-19,2023-12-03,True,Trial
5342,3763,Enterprise,0,Active,2023-11-19,,True,Trial
5343,3763,Enterprise,499,Downgraded,2024-03-03,2024-04-03,False,Contraction MRR
5344,3763,Business,199,Upgraded,2024-11-03,2024-12-03,False,Expansion MRR
5345,3763,Enterprise,499,Active,2024-12-03,,False,Expansion MRR
5346,3764,Pro,0,Cancelled,2023-11-19,2023-12-03,True,Trial
5347,3765,Pro,0,Cancelled,2023-11-19,2023-12-03,True,Trial
5348,3766,Pro,0,Cancelled,2023-11-20,2023-12-04,True,Trial
5349,3767,Business,0,Cancelled,2023-11-20,2023-12-04,True,Trial
5350,3768,Enterprise,0,Active,2023-11-20,,True,Trial
5351,3768,Enterprise,499,Downgraded,2024-04-04,2024-05-04,False,Contraction MRR
5352,3768,Business,199,Active,2024-12-04,,False,Recurring
5353,3769,Enterprise,0,Cancelled,2023-11-20,2023-12-04,True,Trial
5354,3770,Pro,0,Cancelled,2023-11-20,2023-12-04,True,Trial
5355,3771,Starter,0,Cancelled,2023-11-20,2023-12-04,True,Trial
5356,3772,Starter,0,Active,2023-11-20,,True,Trial
5357,3772,Starter,29,Cancelled,2024-12-04,2025-01-01,False,Churned MRR
5358,3773,Pro,0,Cancelled,2023-11-20,2023-12-04,True,Trial
5359,3774,Starter,0,Active,2023-11-20,,True,Trial
5360,3774,Starter,29,Cancelled,2024-06-04,2024-07-04,False,Churned MRR
5361,3775,Pro,0,Cancelled,2023-11-20,2023-12-04,True,Trial
5362,3776,Starter,0,Cancelled,2023-11-20,2023-12-04,True,Trial
5363,3777,Business,0,Cancelled,2023-11-20,2023-12-04,True,Trial
5364,3778,Business,0,Cancelled,2023-11-20,2023-12-04,True,Trial
5365,3779,Starter,0,Cancelled,2023-11-21,2023-12-05,True,Trial
5366,3780,Starter,0,Cancelled,2023-11-21,2023-12-05,True,Trial
5367,3781,Starter,0,Cancelled,2023-11-21,2023-12-05,True,Trial
5368,3782,Enterprise,0,Cancelled,2023-11-21,2023-12-05,True,Trial
5369,3783,Enterprise,0,Cancelled,2023-11-21,2023-12-05,True,Trial
5370,3784,Enterprise,0,Cancelled,2023-11-21,2023-12-05,True,Trial
5371,3785,Enterprise,0,Cancelled,2023-11-21,2023-12-05,True,Trial
5372,3786,Pro,0,Cancelled,2023-11-21,2023-12-05,True,Trial
5373,3787,Starter,0,Cancelled,2023-11-21,2023-12-05,True,Trial
5374,3788,Enterprise,0,Cancelled,2023-11-21,2023-12-05,True,Trial
5375,3789,Starter,0,Cancelled,2023-11-21,2023-12-05,True,Trial
5376,3790,Pro,0,Cancelled,2023-11-21,2023-12-05,True,Trial
5377,3791,Pro,0,Active,2023-11-21,,True,Trial
5378,3791,Pro,79,Upgraded,2023-12-05,2024-01-05,False,Expansion MRR
5379,3791,Business,199,Cancelled,2024-12-05,2025-01-01,False,Churned MRR
5380,3792,Business,0,Cancelled,2023-11-22,2023-12-06,True,Trial
5381,3793,Business,0,Active,2023-11-22,,True,Trial
5382,3793,Business,199,Active,2024-12-06,,False,Recurring
5383,3794,Enterprise,0,Cancelled,2023-11-22,2023-12-06,True,Trial
5384,3795,Pro,0,Cancelled,2023-11-22,2023-12-06,True,Trial
5385,3796,Business,0,Cancelled,2023-11-22,2023-12-06,True,Trial
5386,3797,Starter,0,Cancelled,2023-11-22,2023-12-06,True,Trial
5387,3798,Starter,0,Cancelled,2023-11-22,2023-12-06,True,Trial
5388,3799,Starter,0,Cancelled,2023-11-22,2023-12-06,True,Trial
5389,3800,Starter,0,Cancelled,2023-11-22,2023-12-06,True,Trial
5390,3801,Pro,0,Cancelled,2023-11-23,2023-12-07,True,Trial
5391,3802,Business,0,Cancelled,2023-11-23,2023-12-07,True,Trial
5392,3803,Starter,0,Active,2023-11-23,,True,Trial
5393,3803,Starter,29,Cancelled,2024-01-07,2024-02-07,False,Churned MRR
5394,3803,Starter,29,Active,2024-10-07,,False,Reactivation MRR
5395,3804,Starter,0,Cancelled,2023-11-23,2023-12-07,True,Trial
5396,3805,Starter,0,Cancelled,2023-11-23,2023-12-07,True,Trial
5397,3806,Business,0,Active,2023-11-23,,True,Trial
5398,3806,Business,199,Upgraded,2024-07-07,2024-08-07,False,Expansion MRR
5399,3806,Enterprise,499,Active,2024-12-07,,False,Recurring
5400,3807,Enterprise,0,Cancelled,2023-11-23,2023-12-07,True,Trial
5401,3808,Pro,0,Cancelled,2023-11-23,2023-12-07,True,Trial
5402,3809,Starter,0,Cancelled,2023-11-24,2023-12-08,True,Trial
5403,3810,Pro,0,Cancelled,2023-11-24,2023-12-08,True,Trial
5404,3811,Pro,0,Cancelled,2023-11-24,2023-12-08,True,Trial
5405,3812,Starter,0,Cancelled,2023-11-24,2023-12-08,True,Trial
5406,3813,Starter,0,Cancelled,2023-11-24,2023-12-08,True,Trial
5407,3814,Starter,0,Cancelled,2023-11-24,2023-12-08,True,Trial
5408,3815,Starter,0,Cancelled,2023-11-24,2023-12-08,True,Trial
5409,3816,Starter,0,Cancelled,2023-11-24,2023-12-08,True,Trial
5410,3817,Starter,0,Active,2023-11-24,,True,Trial
5411,3817,Starter,29,Cancelled,2024-06-08,2024-07-08,False,Churned MRR
5412,3818,Starter,0,Cancelled,2023-11-24,2023-12-08,True,Trial
5413,3819,Starter,0,Active,2023-11-24,,True,Trial
5414,3819,Starter,29,Cancelled,2024-04-08,2024-05-08,False,Churned MRR
5415,3820,Starter,0,Cancelled,2023-11-24,2023-12-08,True,Trial
5416,3821,Enterprise,0,Cancelled,2023-11-24,2023-12-08,True,Trial
5417,3822,Pro,0,Cancelled,2023-11-25,2023-12-09,True,Trial
5418,3823,Starter,0,Cancelled,2023-11-25,2023-12-09,True,Trial
5419,3824,Starter,0,Cancelled,2023-11-25,2023-12-09,True,Trial
5420,3825,Business,0,Cancelled,2023-11-25,2023-12-09,True,Trial
5421,3826,Enterprise,0,Cancelled,2023-11-25,2023-12-09,True,Trial
5422,3827,Starter,0,Active,2023-11-25,,True,Trial
5423,3827,Starter,29,Cancelled,2024-06-09,2024-07-09,False,Churned MRR
5424,3828,Pro,0,Cancelled,2023-11-25,2023-12-09,True,Trial
5425,3829,Pro,0,Cancelled,2023-11-25,2023-12-09,True,Trial
5426,3830,Starter,0,Cancelled,2023-11-25,2023-12-09,True,Trial
5427,3831,Pro,0,Cancelled,2023-11-25,2023-12-09,True,Trial
5428,3832,Enterprise,0,Active,2023-11-25,,True,Trial
5429,3832,Enterprise,499,Active,2024-12-09,,False,Recurring
5430,3833,Starter,0,Cancelled,2023-11-25,2023-12-09,True,Trial
5431,3834,Starter,0,Active,2023-11-25,,True,Trial
5432,3834,Starter,29,Cancelled,2024-01-09,2024-02-09,False,Churned MRR
5433,3835,Starter,0,Cancelled,2023-11-25,2023-12-09,True,Trial
5434,3836,Enterprise,0,Active,2023-11-26,,True,Trial
5435,3836,Enterprise,499,Downgraded,2024-03-10,2024-04-10,False,Contraction MRR
5436,3836,Business,199,Active,2024-12-10,,False,Recurring
5437,3837,Business,0,Cancelled,2023-11-26,2023-12-10,True,Trial
5438,3838,Pro,0,Cancelled,2023-11-26,2023-12-10,True,Trial
5439,3839,Pro,0,Cancelled,2023-11-26,2023-12-10,True,Trial
5440,3840,Starter,0,Cancelled,2023-11-26,2023-12-10,True,Trial
5441,3841,Business,0,Cancelled,2023-11-26,2023-12-10,True,Trial
5442,3842,Business,0,Active,2023-11-26,,True,Trial
5443,3842,Business,199,Cancelled,2024-02-10,2024-03-10,False,Churned MRR
5444,3843,Pro,0,Cancelled,2023-11-26,2023-12-10,True,Trial
5445,3844,Business,0,Active,2023-11-27,,True,Trial
5446,3844,Business,199,Upgraded,2024-03-11,2024-04-11,False,Expansion MRR
5447,3844,Enterprise,499,Downgraded,2024-05-11,2024-06-11,False,Contraction MRR
5448,3844,Business,199,Active,2024-12-11,,False,Recurring
5449,3845,Pro,0,Active,2023-11-27,,True,Trial
5450,3845,Pro,79,Downgraded,2024-01-11,2024-02-11,False,Contraction MRR
5451,3845,Starter,29,Upgraded,2024-03-11,2024-04-11,False,Expansion MRR
5452,3845,Pro,79,Cancelled,2024-09-11,2024-10-11,False,Churned MRR
5453,3846,Enterprise,0,Active,2023-11-27,,True,Trial
5454,3846,Enterprise,499,Downgraded,2024-09-11,2024-10-11,False,Contraction MRR
5455,3846,Business,199,Active,2024-12-11,,False,Recurring
5456,3847,Enterprise,0,Active,2023-11-27,,True,Trial
5457,3847,Enterprise,499,Active,2024-12-11,,False,Recurring
5458,3848,Business,0,Cancelled,2023-11-27,2023-12-11,True,Trial
5459,3849,Pro,0,Cancelled,2023-11-27,2023-12-11,True,Trial
5460,3850,Starter,0,Active,2023-11-27,,True,Trial
5461,3850,Starter,29,Cancelled,2023-12-11,2024-01-11,False,Churned MRR
5462,3851,Business,0,Cancelled,2023-11-27,2023-12-11,True,Trial
5463,3852,Pro,0,Active,2023-11-27,,True,Trial
5464,3852,Pro,79,Cancelled,2023-12-11,2024-01-11,False,Churned MRR
5465,3852,Starter,29,Active,2024-10-11,,False,Reactivation MRR
5466,3853,Business,0,Active,2023-11-27,,True,Trial
5467,3853,Business,199,Upgraded,2024-03-11,2024-04-11,False,Expansion MRR
5468,3853,Enterprise,499,Active,2024-12-11,,False,Recurring
5469,3854,Enterprise,0,Cancelled,2023-11-27,2023-12-11,True,Trial
5470,3855,Starter,0,Cancelled,2023-11-27,2023-12-11,True,Trial
5471,3856,Starter,0,Cancelled,2023-11-27,2023-12-11,True,Trial
5472,3857,Pro,0,Cancelled,2023-11-28,2023-12-12,True,Trial
5473,3858,Pro,0,Cancelled,2023-11-28,2023-12-12,True,Trial
5474,3859,Pro,0,Active,2023-11-28,,True,Trial
5475,3859,Pro,79,Active,2024-12-12,,False,Recurring
5476,3860,Pro,0,Cancelled,2023-11-28,2023-12-12,True,Trial
5477,3861,Business,0,Active,2023-11-28,,True,Trial
5478,3861,Business,199,Upgraded,2024-06-12,2024-07-12,False,Expansion MRR
5479,3861,Enterprise,499,Downgraded,2024-07-12,2024-08-12,False,Contraction MRR
5480,3861,Business,199,Active,2024-12-12,,False,Recurring
5481,3862,Starter,0,Cancelled,2023-11-28,2023-12-12,True,Trial
5482,3863,Starter,0,Cancelled,2023-11-28,2023-12-12,True,Trial
5483,3864,Business,0,Active,2023-11-28,,True,Trial
5484,3864,Business,199,Upgraded,2024-05-12,2024-06-12,False,Expansion MRR
5485,3864,Enterprise,499,Active,2024-12-12,,False,Recurring
5486,3865,Starter,0,Cancelled,2023-11-28,2023-12-12,True,Trial
5487,3866,Starter,0,Cancelled,2023-11-28,2023-12-12,True,Trial
5488,3867,Business,0,Active,2023-11-29,,True,Trial
5489,3867,Business,199,Downgraded,2024-09-13,2024-10-13,False,Contraction MRR
5490,3867,Pro,79,Active,2024-12-13,,False,Recurring
5491,3868,Pro,0,Cancelled,2023-11-29,2023-12-13,True,Trial
5492,3869,Starter,0,Cancelled,2023-11-29,2023-12-13,True,Trial
5493,3870,Starter,0,Cancelled,2023-11-29,2023-12-13,True,Trial
5494,3871,Enterprise,0,Active,2023-11-29,,True,Trial
5495,3871,Enterprise,499,Downgraded,2024-08-13,2024-09-13,False,Contraction MRR
5496,3871,Business,199,Active,2024-12-13,,False,Recurring
5497,3872,Pro,0,Cancelled,2023-11-29,2023-12-13,True,Trial
5498,3873,Starter,0,Cancelled,2023-11-29,2023-12-13,True,Trial
5499,3874,Pro,0,Active,2023-11-30,,True,Trial
5500,3874,Pro,79,Cancelled,2024-10-14,2024-11-14,False,Churned MRR
5501,3875,Starter,0,Cancelled,2023-11-30,2023-12-14,True,Trial
5502,3876,Pro,0,Cancelled,2023-11-30,2023-12-14,True,Trial
5503,3877,Enterprise,0,Active,2023-11-30,,True,Trial
5504,3877,Enterprise,499,Active,2024-12-14,,False,Recurring
5505,3878,Starter,0,Active,2023-11-30,,True,Trial
5506,3878,Starter,29,Upgraded,2024-05-14,2024-06-14,False,Expansion MRR
5507,3878,Pro,79,Downgraded,2024-07-14,2024-08-14,False,Contraction MRR
5508,3878,Starter,29,Active,2024-12-14,,False,Recurring
5509,3879,Starter,0,Active,2023-11-30,,True,Trial
5510,3879,Starter,29,Upgraded,2024-06-14,2024-07-14,False,Expansion MRR
5511,3879,Pro,79,Active,2024-12-14,,False,Recurring
5512,3880,Starter,0,Cancelled,2023-11-30,2023-12-14,True,Trial
5513,3881,Starter,0,Active,2023-11-30,,True,Trial
5514,3881,Starter,29,Cancelled,2023-12-14,2024-01-14,False,Churned MRR
5515,3882,Starter,0,Cancelled,2023-11-30,2023-12-14,True,Trial
5516,3883,Starter,0,Active,2023-11-30,,True,Trial
5517,3883,Starter,29,Upgraded,2024-05-14,2024-06-14,False,Expansion MRR
5518,3883,Pro,79,Upgraded,2024-07-14,2024-08-14,False,Expansion MRR
5519,3883,Business,199,Active,2024-12-14,,False,Recurring
5520,3884,Pro,0,Cancelled,2023-11-30,2023-12-14,True,Trial
5521,3885,Starter,0,Cancelled,2023-11-30,2023-12-14,True,Trial
5522,3886,Pro,0,Cancelled,2023-11-30,2023-12-14,True,Trial
5523,3887,Pro,0,Cancelled,2023-11-30,2023-12-14,True,Trial
5524,3888,Enterprise,0,Active,2023-12-01,,True,Trial
5525,3888,Enterprise,499,Active,2024-12-15,,False,Recurring
5526,3889,Pro,0,Cancelled,2023-12-01,2023-12-15,True,Trial
5527,3890,Pro,0,Active,2023-12-01,,True,Trial
5528,3890,Pro,79,Upgraded,2023-12-15,2024-01-15,False,Expansion MRR
5529,3890,Business,199,Upgraded,2024-04-15,2024-05-15,False,Expansion MRR
5530,3890,Enterprise,499,Active,2024-12-15,,False,Recurring
5531,3891,Business,0,Active,2023-12-01,,True,Trial
5532,3891,Business,199,Cancelled,2024-04-15,2024-05-15,False,Churned MRR
5533,3892,Starter,0,Cancelled,2023-12-01,2023-12-15,True,Trial
5534,3893,Starter,0,Cancelled,2023-12-01,2023-12-15,True,Trial
5535,3894,Starter,0,Cancelled,2023-12-01,2023-12-15,True,Trial
5536,3895,Enterprise,0,Active,2023-12-01,,True,Trial
5537,3895,Enterprise,499,Downgraded,2024-03-15,2024-04-15,False,Contraction MRR
5538,3895,Business,199,Active,2024-12-15,,False,Recurring
5539,3896,Starter,0,Cancelled,2023-12-01,2023-12-15,True,Trial
5540,3897,Enterprise,0,Cancelled,2023-12-01,2023-12-15,True,Trial
5541,3898,Pro,0,Active,2023-12-01,,True,Trial
5542,3898,Pro,79,Active,2024-12-15,,False,Recurring
5543,3899,Enterprise,0,Cancelled,2023-12-02,2023-12-16,True,Trial
5544,3900,Starter,0,Cancelled,2023-12-02,2023-12-16,True,Trial
5545,3901,Starter,0,Cancelled,2023-12-02,2023-12-16,True,Trial
5546,3902,Enterprise,0,Active,2023-12-02,,True,Trial
5547,3902,Enterprise,499,Active,2024-12-16,,False,Recurring
5548,3903,Business,0,Active,2023-12-02,,True,Trial
5549,3903,Business,199,Upgraded,2024-06-16,2024-07-16,False,Expansion MRR
5550,3903,Enterprise,499,Active,2024-12-16,,False,Recurring
5551,3904,Pro,0,Active,2023-12-02,,True,Trial
5552,3904,Pro,79,Downgraded,2024-02-16,2024-03-16,False,Contraction MRR
5553,3904,Starter,29,Cancelled,2024-04-16,2024-05-16,False,Churned MRR
5554,3905,Starter,0,Cancelled,2023-12-02,2023-12-16,True,Trial
5555,3906,Starter,0,Cancelled,2023-12-02,2023-12-16,True,Trial
5556,3907,Starter,0,Active,2023-12-03,,True,Trial
5557,3907,Starter,29,Cancelled,2024-05-17,2024-06-17,False,Churned MRR
5558,3908,Business,0,Cancelled,2023-12-03,2023-12-17,True,Trial
5559,3909,Starter,0,Active,2023-12-03,,True,Trial
5560,3909,Starter,29,Cancelled,2024-03-17,2024-04-17,False,Churned MRR
5561,3910,Starter,0,Cancelled,2023-12-03,2023-12-17,True,Trial
5562,3911,Business,0,Cancelled,2023-12-03,2023-12-17,True,Trial
5563,3912,Business,0,Cancelled,2023-12-03,2023-12-17,True,Trial
5564,3913,Starter,0,Cancelled,2023-12-03,2023-12-17,True,Trial
5565,3914,Enterprise,0,Cancelled,2023-12-03,2023-12-17,True,Trial
5566,3915,Pro,0,Cancelled,2023-12-03,2023-12-17,True,Trial
5567,3916,Starter,0,Cancelled,2023-12-03,2023-12-17,True,Trial
5568,3917,Starter,0,Cancelled,2023-12-03,2023-12-17,True,Trial
5569,3918,Business,0,Active,2023-12-03,,True,Trial
5570,3918,Business,199,Cancelled,2024-03-17,2024-04-17,False,Churned MRR
5571,3919,Starter,0,Cancelled,2023-12-04,2023-12-18,True,Trial
5572,3920,Business,0,Cancelled,2023-12-04,2023-12-18,True,Trial
5573,3921,Pro,0,Cancelled,2023-12-04,2023-12-18,True,Trial
5574,3922,Starter,0,Active,2023-12-04,,True,Trial
5575,3922,Starter,29,Active,2024-12-18,,False,Recurring
5576,3923,Starter,0,Cancelled,2023-12-04,2023-12-18,True,Trial
5577,3924,Pro,0,Cancelled,2023-12-04,2023-12-18,True,Trial
5578,3925,Enterprise,0,Cancelled,2023-12-04,2023-12-18,True,Trial
5579,3926,Starter,0,Active,2023-12-04,,True,Trial
5580,3926,Starter,29,Cancelled,2024-10-18,2024-11-18,False,Churned MRR
5581,3927,Business,0,Cancelled,2023-12-04,2023-12-18,True,Trial
5582,3928,Starter,0,Active,2023-12-04,,True,Trial
5583,3928,Starter,29,Upgraded,2024-04-18,2024-05-18,False,Expansion MRR
5584,3928,Pro,79,Active,2024-12-18,,False,Recurring
5585,3929,Business,0,Cancelled,2023-12-04,2023-12-18,True,Trial
5586,3930,Pro,0,Cancelled,2023-12-04,2023-12-18,True,Trial
5587,3931,Starter,0,Cancelled,2023-12-04,2023-12-18,True,Trial
5588,3932,Pro,0,Cancelled,2023-12-04,2023-12-18,True,Trial
5589,3933,Starter,0,Cancelled,2023-12-05,2023-12-19,True,Trial
5590,3934,Pro,0,Cancelled,2023-12-05,2023-12-19,True,Trial
5591,3935,Pro,0,Cancelled,2023-12-05,2023-12-19,True,Trial
5592,3936,Pro,0,Cancelled,2023-12-05,2023-12-19,True,Trial
5593,3937,Business,0,Active,2023-12-05,,True,Trial
5594,3937,Business,199,Downgraded,2024-06-19,2024-07-19,False,Contraction MRR
5595,3937,Pro,79,Active,2024-12-19,,False,Recurring
5596,3938,Pro,0,Cancelled,2023-12-05,2023-12-19,True,Trial
5597,3939,Starter,0,Cancelled,2023-12-05,2023-12-19,True,Trial
5598,3940,Starter,0,Active,2023-12-05,,True,Trial
5599,3940,Starter,29,Cancelled,2024-01-19,2024-02-19,False,Churned MRR
5600,3941,Business,0,Cancelled,2023-12-05,2023-12-19,True,Trial
5601,3942,Pro,0,Active,2023-12-05,,True,Trial
5602,3942,Pro,79,Cancelled,2024-10-19,2024-11-19,False,Churned MRR
5603,3943,Pro,0,Cancelled,2023-12-06,2023-12-20,True,Trial
5604,3944,Pro,0,Active,2023-12-06,,True,Trial
5605,3944,Pro,79,Upgraded,2024-06-20,2024-07-20,False,Expansion MRR
5606,3944,Business,199,Upgraded,2024-09-20,2024-10-20,False,Expansion MRR
5607,3944,Enterprise,499,Active,2024-12-20,,False,Recurring
5608,3945,Pro,0,Cancelled,2023-12-06,2023-12-20,True,Trial
5609,3946,Pro,0,Cancelled,2023-12-06,2023-12-20,True,Trial
5610,3947,Pro,0,Active,2023-12-06,,True,Trial
5611,3947,Pro,79,Cancelled,2024-01-20,2024-02-20,False,Churned MRR
5612,3948,Pro,0,Active,2023-12-06,,True,Trial
5613,3948,Pro,79,Active,2024-12-20,,False,Recurring
5614,3949,Business,0,Cancelled,2023-12-06,2023-12-20,True,Trial
5615,3950,Starter,0,Active,2023-12-06,,True,Trial
5616,3950,Starter,29,Cancelled,2023-12-20,2024-01-20,False,Churned MRR
5617,3951,Starter,0,Cancelled,2023-12-07,2023-12-21,True,Trial
5618,3952,Starter,0,Cancelled,2023-12-07,2023-12-21,True,Trial
5619,3953,Business,0,Cancelled,2023-12-07,2023-12-21,True,Trial
5620,3954,Starter,0,Cancelled,2023-12-07,2023-12-21,True,Trial
5621,3955,Starter,0,Cancelled,2023-12-07,2023-12-21,True,Trial
5622,3956,Starter,0,Cancelled,2023-12-07,2023-12-21,True,Trial
5623,3957,Pro,0,Active,2023-12-07,,True,Trial
5624,3957,Pro,79,Cancelled,2024-01-21,2024-02-21,False,Churned MRR
5625,3958,Starter,0,Cancelled,2023-12-07,2023-12-21,True,Trial
5626,3959,Business,0,Cancelled,2023-12-07,2023-12-21,True,Trial
5627,3960,Business,0,Cancelled,2023-12-08,2023-12-22,True,Trial
5628,3961,Pro,0,Cancelled,2023-12-08,2023-12-22,True,Trial
5629,3962,Pro,0,Cancelled,2023-12-08,2023-12-22,True,Trial
5630,3963,Pro,0,Cancelled,2023-12-08,2023-12-22,True,Trial
5631,3964,Pro,0,Cancelled,2023-12-08,2023-12-22,True,Trial
5632,3965,Starter,0,Cancelled,2023-12-08,2023-12-22,True,Trial
5633,3966,Enterprise,0,Cancelled,2023-12-08,2023-12-22,True,Trial
5634,3967,Starter,0,Cancelled,2023-12-08,2023-12-22,True,Trial
5635,3968,Pro,0,Active,2023-12-08,,True,Trial
5636,3968,Pro,79,Cancelled,2024-03-22,2024-04-22,False,Churned MRR
5637,3969,Enterprise,0,Active,2023-12-08,,True,Trial
5638,3969,Enterprise,499,Active,2024-12-22,,False,Recurring
5639,3970,Starter,0,Cancelled,2023-12-08,2023-12-22,True,Trial
5640,3971,Pro,0,Cancelled,2023-12-08,2023-12-22,True,Trial
5641,3972,Starter,0,Active,2023-12-09,,True,Trial
5642,3972,Starter,29,Upgraded,2024-06-23,2024-07-23,False,Expansion MRR
5643,3972,Pro,79,Upgraded,2024-09-23,2024-10-23,False,Expansion MRR
5644,3972,Business,199,Active,2024-12-23,,False,Recurring
5645,3973,Enterprise,0,Cancelled,2023-12-09,2023-12-23,True,Trial
5646,3974,Starter,0,Active,2023-12-09,,True,Trial
5647,3974,Starter,29,Upgraded,2024-02-23,2024-03-23,False,Expansion MRR
5648,3974,Pro,79,Active,2024-12-23,,False,Recurring
5649,3975,Pro,0,Active,2023-12-09,,True,Trial
5650,3975,Pro,79,Cancelled,2024-04-23,2024-05-23,False,Churned MRR
5651,3976,Business,0,Cancelled,2023-12-09,2023-12-23,True,Trial
5652,3977,Starter,0,Cancelled,2023-12-09,2023-12-23,True,Trial
5653,3978,Starter,0,Cancelled,2023-12-09,2023-12-23,True,Trial
5654,3979,Business,0,Cancelled,2023-12-09,2023-12-23,True,Trial
5655,3980,Business,0,Cancelled,2023-12-09,2023-12-23,True,Trial
5656,3981,Starter,0,Cancelled,2023-12-09,2023-12-23,True,Trial
5657,3982,Pro,0,Cancelled,2023-12-09,2023-12-23,True,Trial
5658,3983,Pro,0,Cancelled,2023-12-09,2023-12-23,True,Trial
5659,3984,Business,0,Active,2023-12-09,,True,Trial
5660,3984,Business,199,Active,2024-12-23,,False,Recurring
5661,3985,Enterprise,0,Active,2023-12-09,,True,Trial
5662,3985,Enterprise,499,Active,2024-12-23,,False,Recurring
5663,3986,Business,0,Active,2023-12-09,,True,Trial
5664,3986,Business,199,Cancelled,2024-03-23,2024-04-23,False,Churned MRR
5665,3987,Starter,0,Cancelled,2023-12-09,2023-12-23,True,Trial
5666,3988,Starter,0,Cancelled,2023-12-09,2023-12-23,True,Trial
5667,3989,Business,0,Cancelled,2023-12-09,2023-12-23,True,Trial
5668,3990,Pro,0,Active,2023-12-10,,True,Trial
5669,3990,Pro,79,Upgraded,2023-12-24,2024-01-24,False,Expansion MRR
5670,3990,Business,199,Upgraded,2024-04-24,2024-05-24,False,Expansion MRR
5671,3990,Enterprise,499,Active,2024-12-24,,False,Recurring
5672,3991,Pro,0,Cancelled,2023-12-10,2023-12-24,True,Trial
5673,3992,Business,0,Cancelled,2023-12-10,2023-12-24,True,Trial
5674,3993,Pro,0,Active,2023-12-10,,True,Trial
5675,3993,Pro,79,Cancelled,2024-07-24,2024-08-24,False,Churned MRR
5676,3994,Business,0,Cancelled,2023-12-10,2023-12-24,True,Trial
5677,3995,Enterprise,0,Active,2023-12-10,,True,Trial
5678,3995,Enterprise,499,Active,2024-12-24,,False,Recurring
5679,3996,Starter,0,Cancelled,2023-12-10,2023-12-24,True,Trial
5680,3997,Enterprise,0,Cancelled,2023-12-10,2023-12-24,True,Trial
5681,3998,Enterprise,0,Cancelled,2023-12-10,2023-12-24,True,Trial
5682,3999,Pro,0,Cancelled,2023-12-10,2023-12-24,True,Trial
5683,4000,Starter,0,Cancelled,2023-12-10,2023-12-24,True,Trial
5684,4001,Starter,0,Cancelled,2023-12-11,2023-12-25,True,Trial
5685,4002,Pro,0,Active,2023-12-11,,True,Trial
5686,4002,Pro,79,Active,2024-12-25,,False,Recurring
5687,4003,Enterprise,0,Cancelled,2023-12-11,2023-12-25,True,Trial
5688,4004,Business,0,Cancelled,2023-12-11,2023-12-25,True,Trial
5689,4005,Starter,0,Cancelled,2023-12-11,2023-12-25,True,Trial
5690,4006,Business,0,Cancelled,2023-12-11,2023-12-25,True,Trial
5691,4007,Pro,0,Cancelled,2023-12-11,2023-12-25,True,Trial
5692,4008,Starter,0,Cancelled,2023-12-11,2023-12-25,True,Trial
5693,4009,Business,0,Cancelled,2023-12-11,2023-12-25,True,Trial
5694,4010,Starter,0,Active,2023-12-11,,True,Trial
5695,4010,Starter,29,Cancelled,2024-06-25,2024-07-25,False,Churned MRR
5696,4011,Pro,0,Cancelled,2023-12-11,2023-12-25,True,Trial
5697,4012,Starter,0,Cancelled,2023-12-12,2023-12-26,True,Trial
5698,4013,Pro,0,Cancelled,2023-12-12,2023-12-26,True,Trial
5699,4014,Business,0,Cancelled,2023-12-12,2023-12-26,True,Trial
5700,4015,Pro,0,Active,2023-12-12,,True,Trial
5701,4015,Pro,79,Cancelled,2024-01-26,2024-02-26,False,Churned MRR
5702,4016,Business,0,Cancelled,2023-12-12,2023-12-26,True,Trial
5703,4017,Business,0,Cancelled,2023-12-12,2023-12-26,True,Trial
5704,4018,Business,0,Cancelled,2023-12-12,2023-12-26,True,Trial
5705,4019,Pro,0,Active,2023-12-12,,True,Trial
5706,4019,Pro,79,Cancelled,2024-01-26,2024-02-26,False,Churned MRR
5707,4020,Starter,0,Cancelled,2023-12-12,2023-12-26,True,Trial
5708,4021,Business,0,Active,2023-12-12,,True,Trial
5709,4021,Business,199,Upgraded,2024-07-26,2024-08-26,False,Expansion MRR
5710,4021,Enterprise,499,Active,2024-12-26,,False,Recurring
5711,4022,Business,0,Cancelled,2023-12-12,2023-12-26,True,Trial
5712,4023,Starter,0,Cancelled,2023-12-12,2023-12-26,True,Trial
5713,4024,Starter,0,Cancelled,2023-12-12,2023-12-26,True,Trial
5714,4025,Pro,0,Active,2023-12-12,,True,Trial
5715,4025,Pro,79,Cancelled,2024-01-26,2024-02-26,False,Churned MRR
5716,4026,Starter,0,Cancelled,2023-12-12,2023-12-26,True,Trial
5717,4027,Pro,0,Cancelled,2023-12-12,2023-12-26,True,Trial
5718,4028,Business,0,Cancelled,2023-12-12,2023-12-26,True,Trial
5719,4029,Pro,0,Cancelled,2023-12-13,2023-12-27,True,Trial
5720,4030,Starter,0,Cancelled,2023-12-13,2023-12-27,True,Trial
5721,4031,Starter,0,Cancelled,2023-12-13,2023-12-27,True,Trial
5722,4032,Starter,0,Cancelled,2023-12-13,2023-12-27,True,Trial
5723,4033,Enterprise,0,Active,2023-12-13,,True,Trial
5724,4033,Enterprise,499,Active,2024-12-27,,False,Recurring
5725,4034,Starter,0,Active,2023-12-13,,True,Trial
5726,4034,Starter,29,Cancelled,2024-03-27,2024-04-27,False,Churned MRR
5727,4035,Pro,0,Active,2023-12-13,,True,Trial
5728,4035,Pro,79,Active,2024-12-27,,False,Recurring
5729,4036,Starter,0,Cancelled,2023-12-13,2023-12-27,True,Trial
5730,4037,Pro,0,Cancelled,2023-12-13,2023-12-27,True,Trial
5731,4038,Pro,0,Active,2023-12-13,,True,Trial
5732,4038,Pro,79,Upgraded,2024-07-27,2024-08-27,False,Expansion MRR
5733,4038,Business,199,Cancelled,2024-10-27,2024-11-27,False,Churned MRR
5734,4039,Pro,0,Cancelled,2023-12-13,2023-12-27,True,Trial
5735,4040,Starter,0,Cancelled,2023-12-13,2023-12-27,True,Trial
5736,4041,Enterprise,0,Cancelled,2023-12-13,2023-12-27,True,Trial
5737,4042,Pro,0,Cancelled,2023-12-13,2023-12-27,True,Trial
5738,4043,Starter,0,Cancelled,2023-12-13,2023-12-27,True,Trial
5739,4044,Starter,0,Active,2023-12-13,,True,Trial
5740,4044,Starter,29,Upgraded,2024-02-27,2024-03-27,False,Expansion MRR
5741,4044,Pro,79,Downgraded,2024-03-27,2024-04-27,False,Contraction MRR
5742,4044,Starter,29,Cancelled,2024-04-27,2024-05-27,False,Churned MRR
5743,4045,Enterprise,0,Cancelled,2023-12-13,2023-12-27,True,Trial
5744,4046,Enterprise,0,Cancelled,2023-12-13,2023-12-27,True,Trial
5745,4047,Pro,0,Active,2023-12-14,,True,Trial
5746,4047,Pro,79,Upgraded,2024-03-28,2024-04-28,False,Expansion MRR
5747,4047,Business,199,Downgraded,2024-07-28,2024-08-28,False,Contraction MRR
5748,4047,Pro,79,Active,2024-12-28,,False,Recurring
5749,4048,Starter,0,Active,2023-12-14,,True,Trial
5750,4048,Starter,29,Active,2024-12-28,,False,Recurring
5751,4049,Pro,0,Active,2023-12-14,,True,Trial
5752,4049,Pro,79,Cancelled,2024-02-28,2024-03-28,False,Churned MRR
5753,4050,Pro,0,Active,2023-12-14,,True,Trial
5754,4050,Pro,79,Cancelled,2024-02-28,2024-03-28,False,Churned MRR
5755,4051,Starter,0,Active,2023-12-14,,True,Trial
5756,4051,Starter,29,Cancelled,2024-09-28,2024-10-28,False,Churned MRR
5757,4052,Starter,0,Cancelled,2023-12-14,2023-12-28,True,Trial
5758,4053,Pro,0,Active,2023-12-14,,True,Trial
5759,4053,Pro,79,Active,2024-12-28,,False,Recurring
5760,4054,Starter,0,Cancelled,2023-12-14,2023-12-28,True,Trial
5761,4055,Enterprise,0,Active,2023-12-14,,True,Trial
5762,4055,Enterprise,499,Active,2024-12-28,,False,Recurring
5763,4056,Pro,0,Cancelled,2023-12-14,2023-12-28,True,Trial
5764,4057,Pro,0,Cancelled,2023-12-15,2023-12-29,True,Trial
5765,4058,Business,0,Cancelled,2023-12-15,2023-12-29,True,Trial
5766,4059,Pro,0,Cancelled,2023-12-15,2023-12-29,True,Trial
5767,4060,Pro,0,Active,2023-12-15,,True,Trial
5768,4060,Pro,79,Upgraded,2024-04-29,2024-05-29,False,Expansion MRR
5769,4060,Business,199,Active,2024-12-29,,False,Recurring
5770,4061,Pro,0,Active,2023-12-15,,True,Trial
5771,4061,Pro,79,Active,2024-12-29,,False,Recurring
5772,4062,Starter,0,Cancelled,2023-12-15,2023-12-29,True,Trial
5773,4063,Starter,0,Cancelled,2023-12-15,2023-12-29,True,Trial
5774,4064,Starter,0,Cancelled,2023-12-15,2023-12-29,True,Trial
5775,4065,Pro,0,Cancelled,2023-12-15,2023-12-29,True,Trial
5776,4066,Enterprise,0,Active,2023-12-15,,True,Trial
5777,4066,Enterprise,499,Active,2024-12-29,,False,Recurring
5778,4067,Starter,0,Cancelled,2023-12-16,2023-12-30,True,Trial
5779,4068,Enterprise,0,Cancelled,2023-12-16,2023-12-30,True,Trial
5780,4069,Starter,0,Cancelled,2023-12-16,2023-12-30,True,Trial
5781,4070,Business,0,Active,2023-12-16,,True,Trial
5782,4070,Business,199,Upgraded,2023-12-30,2024-01-30,False,Expansion MRR
5783,4070,Enterprise,499,Active,2024-12-29,,False,Recurring
5784,4071,Starter,0,Cancelled,2023-12-16,2023-12-30,True,Trial
5785,4072,Starter,0,Cancelled,2023-12-16,2023-12-30,True,Trial
5786,4073,Business,0,Active,2023-12-16,,True,Trial
5787,4073,Business,199,Upgraded,2024-06-29,2024-07-29,False,Expansion MRR
5788,4073,Enterprise,499,Active,2024-12-29,,False,Recurring
5789,4074,Pro,0,Cancelled,2023-12-16,2023-12-30,True,Trial
5790,4075,Pro,0,Cancelled,2023-12-16,2023-12-30,True,Trial
5791,4076,Enterprise,0,Active,2023-12-16,,True,Trial
5792,4076,Enterprise,499,Downgraded,2024-05-29,2024-06-29,False,Contraction MRR
5793,4076,Business,199,Upgraded,2024-11-29,2024-12-29,False,Expansion MRR
5794,4076,Enterprise,499,Active,2024-12-29,,False,Expansion MRR
5795,4077,Business,0,Cancelled,2023-12-16,2023-12-30,True,Trial
5796,4078,Pro,0,Cancelled,2023-12-17,2023-12-31,True,Trial
5797,4079,Pro,0,Active,2023-12-17,,True,Trial
5798,4079,Pro,79,Upgraded,2024-05-29,2024-06-29,False,Expansion MRR
5799,4079,Business,199,Active,2024-12-29,,False,Recurring
5800,4080,Starter,0,Cancelled,2023-12-17,2023-12-31,True,Trial
5801,4081,Starter,0,Cancelled,2023-12-17,2023-12-31,True,Trial
5802,4082,Starter,0,Cancelled,2023-12-17,2023-12-31,True,Trial
5803,4083,Pro,0,Cancelled,2023-12-17,2023-12-31,True,Trial
5804,4084,Starter,0,Cancelled,2023-12-17,2023-12-31,True,Trial
5805,4085,Enterprise,0,Cancelled,2023-12-17,2023-12-31,True,Trial
5806,4086,Enterprise,0,Cancelled,2023-12-17,2023-12-31,True,Trial
5807,4087,Enterprise,0,Cancelled,2023-12-17,2023-12-31,True,Trial
5808,4088,Pro,0,Active,2023-12-17,,True,Trial
5809,4088,Pro,79,Cancelled,2024-12-29,2025-01-01,False,Churned MRR
5810,4089,Starter,0,Cancelled,2023-12-17,2023-12-31,True,Trial
5811,4090,Starter,0,Active,2023-12-17,,True,Trial
5812,4090,Starter,29,Active,2024-12-29,,False,Recurring
5813,4091,Starter,0,Cancelled,2023-12-17,2023-12-31,True,Trial
5814,4092,Pro,0,Active,2023-12-17,,True,Trial
5815,4092,Pro,79,Active,2024-12-29,,False,Recurring
5816,4093,Pro,0,Cancelled,2023-12-17,2023-12-31,True,Trial
5817,4094,Starter,0,Cancelled,2023-12-18,2024-01-01,True,Trial
5818,4095,Pro,0,Cancelled,2023-12-18,2024-01-01,True,Trial
5819,4096,Starter,0,Cancelled,2023-12-18,2024-01-01,True,Trial
5820,4097,Starter,0,Cancelled,2023-12-18,2024-01-01,True,Trial
5821,4098,Pro,0,Cancelled,2023-12-18,2024-01-01,True,Trial
5822,4099,Pro,0,Cancelled,2023-12-18,2024-01-01,True,Trial
5823,4100,Enterprise,0,Cancelled,2023-12-18,2024-01-01,True,Trial
5824,4101,Starter,0,Cancelled,2023-12-18,2024-01-01,True,Trial
5825,4102,Enterprise,0,Cancelled,2023-12-18,2024-01-01,True,Trial
5826,4103,Pro,0,Cancelled,2023-12-18,2024-01-01,True,Trial
5827,4104,Pro,0,Active,2023-12-18,,True,Trial
5828,4104,Pro,79,Cancelled,2024-06-01,2024-07-01,False,Churned MRR
5829,4105,Starter,0,Cancelled,2023-12-19,2024-01-02,True,Trial
5830,4106,Business,0,Active,2023-12-19,,True,Trial
5831,4106,Business,199,Upgraded,2024-04-02,2024-05-02,False,Expansion MRR
5832,4106,Enterprise,499,Active,2024-12-02,,False,Recurring
5833,4107,Starter,0,Cancelled,2023-12-19,2024-01-02,True,Trial
5834,4108,Pro,0,Cancelled,2023-12-19,2024-01-02,True,Trial
5835,4109,Pro,0,Active,2023-12-19,,True,Trial
5836,4109,Pro,79,Upgraded,2024-08-02,2024-09-02,False,Expansion MRR
5837,4109,Business,199,Cancelled,2024-12-02,2025-01-01,False,Churned MRR
5838,4110,Business,0,Cancelled,2023-12-19,2024-01-02,True,Trial
5839,4111,Business,0,Cancelled,2023-12-19,2024-01-02,True,Trial
5840,4112,Starter,0,Cancelled,2023-12-19,2024-01-02,True,Trial
5841,4113,Pro,0,Active,2023-12-19,,True,Trial
5842,4113,Pro,79,Cancelled,2024-08-02,2024-09-02,False,Churned MRR
5843,4114,Starter,0,Cancelled,2023-12-19,2024-01-02,True,Trial
5844,4115,Starter,0,Cancelled,2023-12-19,2024-01-02,True,Trial
5845,4116,Starter,0,Active,2023-12-19,,True,Trial
5846,4116,Starter,29,Active,2024-12-02,,False,Recurring
5847,4117,Business,0,Active,2023-12-20,,True,Trial
5848,4117,Business,199,Cancelled,2024-01-03,2024-02-03,False,Churned MRR
5849,4118,Starter,0,Cancelled,2023-12-20,2024-01-03,True,Trial
5850,4119,Pro,0,Cancelled,2023-12-20,2024-01-03,True,Trial
5851,4120,Business,0,Active,2023-12-20,,True,Trial
5852,4120,Business,199,Active,2024-12-03,,False,Recurring
5853,4121,Business,0,Active,2023-12-20,,True,Trial
5854,4121,Business,199,Active,2024-12-03,,False,Recurring
5855,4122,Pro,0,Cancelled,2023-12-20,2024-01-03,True,Trial
5856,4123,Starter,0,Cancelled,2023-12-20,2024-01-03,True,Trial
5857,4124,Business,0,Cancelled,2023-12-20,2024-01-03,True,Trial
5858,4125,Business,0,Active,2023-12-20,,True,Trial
5859,4125,Business,199,Cancelled,2024-05-03,2024-06-03,False,Churned MRR
5860,4126,Starter,0,Cancelled,2023-12-20,2024-01-03,True,Trial
5861,4127,Starter,0,Cancelled,2023-12-20,2024-01-03,True,Trial
5862,4128,Starter,0,Cancelled,2023-12-21,2024-01-04,True,Trial
5863,4129,Starter,0,Active,2023-12-21,,True,Trial
5864,4129,Starter,29,Cancelled,2024-02-04,2024-03-04,False,Churned MRR
5865,4130,Pro,0,Cancelled,2023-12-21,2024-01-04,True,Trial
5866,4131,Starter,0,Cancelled,2023-12-21,2024-01-04,True,Trial
5867,4132,Business,0,Cancelled,2023-12-21,2024-01-04,True,Trial
5868,4133,Pro,0,Cancelled,2023-12-21,2024-01-04,True,Trial
5869,4134,Pro,0,Cancelled,2023-12-21,2024-01-04,True,Trial
5870,4135,Pro,0,Cancelled,2023-12-21,2024-01-04,True,Trial
5871,4136,Starter,0,Cancelled,2023-12-21,2024-01-04,True,Trial
5872,4137,Enterprise,0,Active,2023-12-21,,True,Trial
5873,4137,Enterprise,499,Active,2024-12-04,,False,Recurring
5874,4138,Pro,0,Cancelled,2023-12-21,2024-01-04,True,Trial
5875,4139,Pro,0,Active,2023-12-21,,True,Trial
5876,4139,Pro,79,Cancelled,2024-07-04,2024-08-04,False,Churned MRR
5877,4140,Business,0,Cancelled,2023-12-21,2024-01-04,True,Trial
5878,4141,Starter,0,Cancelled,2023-12-21,2024-01-04,True,Trial
5879,4142,Starter,0,Cancelled,2023-12-21,2024-01-04,True,Trial
5880,4143,Starter,0,Cancelled,2023-12-21,2024-01-04,True,Trial
5881,4144,Starter,0,Active,2023-12-22,,True,Trial
5882,4144,Starter,29,Upgraded,2024-03-05,2024-04-05,False,Expansion MRR
5883,4144,Pro,79,Cancelled,2024-06-05,2024-07-05,False,Churned MRR
5884,4145,Starter,0,Cancelled,2023-12-22,2024-01-05,True,Trial
5885,4146,Pro,0,Cancelled,2023-12-22,2024-01-05,True,Trial
5886,4147,Business,0,Cancelled,2023-12-22,2024-01-05,True,Trial
5887,4148,Business,0,Cancelled,2023-12-22,2024-01-05,True,Trial
5888,4149,Starter,0,Active,2023-12-22,,True,Trial
5889,4149,Starter,29,Cancelled,2024-02-05,2024-03-05,False,Churned MRR
5890,4150,Enterprise,0,Cancelled,2023-12-22,2024-01-05,True,Trial
5891,4151,Pro,0,Active,2023-12-22,,True,Trial
5892,4151,Pro,79,Upgraded,2024-08-05,2024-09-05,False,Expansion MRR
5893,4151,Business,199,Active,2024-12-05,,False,Recurring
5894,4152,Starter,0,Cancelled,2023-12-22,2024-01-05,True,Trial
5895,4153,Pro,0,Cancelled,2023-12-22,2024-01-05,True,Trial
5896,4154,Starter,0,Active,2023-12-23,,True,Trial
5897,4154,Starter,29,Upgraded,2024-02-06,2024-03-06,False,Expansion MRR
5898,4154,Pro,79,Cancelled,2024-11-06,2024-12-06,False,Churned MRR
5899,4155,Starter,0,Active,2023-12-23,,True,Trial
5900,4155,Starter,29,Cancelled,2024-01-06,2024-02-06,False,Churned MRR
5901,4156,Starter,0,Cancelled,2023-12-23,2024-01-06,True,Trial
5902,4157,Enterprise,0,Active,2023-12-23,,True,Trial
5903,4157,Enterprise,499,Cancelled,2024-03-06,2024-04-06,False,Churned MRR
5904,4158,Starter,0,Active,2023-12-23,,True,Trial
5905,4158,Starter,29,Active,2024-12-06,,False,Recurring
5906,4159,Starter,0,Cancelled,2023-12-23,2024-01-06,True,Trial
5907,4160,Starter,0,Active,2023-12-23,,True,Trial
5908,4160,Starter,29,Active,2024-12-06,,False,Recurring
5909,4161,Business,0,Active,2023-12-23,,True,Trial
5910,4161,Business,199,Upgraded,2024-05-06,2024-06-06,False,Expansion MRR
5911,4161,Enterprise,499,Active,2024-12-06,,False,Recurring
5912,4162,Enterprise,0,Active,2023-12-23,,True,Trial
5913,4162,Enterprise,499,Downgraded,2024-04-06,2024-05-06,False,Contraction MRR
5914,4162,Business,199,Upgraded,2024-08-06,2024-09-06,False,Expansion MRR
5915,4162,Enterprise,499,Active,2024-12-06,,False,Recurring
5916,4163,Starter,0,Cancelled,2023-12-23,2024-01-06,True,Trial
5917,4164,Enterprise,0,Cancelled,2023-12-23,2024-01-06,True,Trial
5918,4165,Starter,0,Cancelled,2023-12-23,2024-01-06,True,Trial
5919,4166,Starter,0,Active,2023-12-23,,True,Trial
5920,4166,Starter,29,Cancelled,2024-03-06,2024-04-06,False,Churned MRR
5921,4167,Enterprise,0,Active,2023-12-23,,True,Trial
5922,4167,Enterprise,499,Active,2024-12-06,,False,Recurring
5923,4168,Business,0,Active,2023-12-23,,True,Trial
5924,4168,Business,199,Cancelled,2024-07-06,2024-08-06,False,Churned MRR
5925,4169,Pro,0,Cancelled,2023-12-24,2024-01-07,True,Trial
5926,4170,Starter,0,Cancelled,2023-12-24,2024-01-07,True,Trial
5927,4171,Starter,0,Cancelled,2023-12-24,2024-01-07,True,Trial
5928,4172,Starter,0,Cancelled,2023-12-24,2024-01-07,True,Trial
5929,4173,Enterprise,0,Active,2023-12-24,,True,Trial
5930,4173,Enterprise,499,Active,2024-12-07,,False,Recurring
5931,4174,Starter,0,Cancelled,2023-12-24,2024-01-07,True,Trial
5932,4175,Pro,0,Cancelled,2023-12-24,2024-01-07,True,Trial
5933,4176,Starter,0,Cancelled,2023-12-24,2024-01-07,True,Trial
5934,4177,Pro,0,Cancelled,2023-12-24,2024-01-07,True,Trial
5935,4178,Starter,0,Active,2023-12-24,,True,Trial
5936,4178,Starter,29,Upgraded,2024-06-07,2024-07-07,False,Expansion MRR
5937,4178,Pro,79,Active,2024-12-07,,False,Recurring
5938,4179,Pro,0,Cancelled,2023-12-24,2024-01-07,True,Trial
5939,4180,Starter,0,Cancelled,2023-12-24,2024-01-07,True,Trial
5940,4181,Business,0,Cancelled,2023-12-24,2024-01-07,True,Trial
5941,4182,Pro,0,Cancelled,2023-12-24,2024-01-07,True,Trial
5942,4183,Pro,0,Active,2023-12-24,,True,Trial
5943,4183,Pro,79,Cancelled,2024-11-07,2024-12-07,False,Churned MRR
5944,4184,Starter,0,Cancelled,2023-12-24,2024-01-07,True,Trial
5945,4185,Starter,0,Cancelled,2023-12-24,2024-01-07,True,Trial
5946,4186,Pro,0,Active,2023-12-24,,True,Trial
5947,4186,Pro,79,Active,2024-12-07,,False,Recurring
5948,4187,Enterprise,0,Active,2023-12-24,,True,Trial
5949,4187,Enterprise,499,Cancelled,2024-02-07,2024-03-07,False,Churned MRR
5950,4188,Starter,0,Cancelled,2023-12-24,2024-01-07,True,Trial
5951,4189,Business,0,Active,2023-12-24,,True,Trial
5952,4189,Business,199,Cancelled,2024-04-07,2024-05-07,False,Churned MRR
5953,4190,Starter,0,Cancelled,2023-12-24,2024-01-07,True,Trial
5954,4191,Starter,0,Cancelled,2023-12-24,2024-01-07,True,Trial
5955,4192,Business,0,Active,2023-12-24,,True,Trial
5956,4192,Business,199,Cancelled,2024-09-07,2024-10-07,False,Churned MRR
5957,4193,Business,0,Cancelled,2023-12-24,2024-01-07,True,Trial
5958,4194,Starter,0,Cancelled,2023-12-24,2024-01-07,True,Trial
5959,4195,Starter,0,Cancelled,2023-12-25,2024-01-08,True,Trial
5960,4196,Enterprise,0,Cancelled,2023-12-25,2024-01-08,True,Trial
5961,4197,Pro,0,Cancelled,2023-12-25,2024-01-08,True,Trial
5962,4198,Starter,0,Cancelled,2023-12-25,2024-01-08,True,Trial
5963,4199,Business,0,Active,2023-12-25,,True,Trial
5964,4199,Business,199,Upgraded,2024-07-08,2024-08-08,False,Expansion MRR
5965,4199,Enterprise,499,Active,2024-12-08,,False,Recurring
5966,4200,Pro,0,Active,2023-12-25,,True,Trial
5967,4200,Pro,79,Upgraded,2024-08-08,2024-09-08,False,Expansion MRR
5968,4200,Business,199,Active,2024-12-08,,False,Recurring
5969,4201,Business,0,Active,2023-12-25,,True,Trial
5970,4201,Business,199,Active,2024-12-08,,False,Recurring
5971,4202,Starter,0,Cancelled,2023-12-25,2024-01-08,True,Trial
5972,4203,Pro,0,Cancelled,2023-12-25,2024-01-08,True,Trial
5973,4204,Starter,0,Cancelled,2023-12-25,2024-01-08,True,Trial
5974,4205,Pro,0,Cancelled,2023-12-25,2024-01-08,True,Trial
5975,4206,Starter,0,Cancelled,2023-12-26,2024-01-09,True,Trial
5976,4207,Starter,0,Cancelled,2023-12-26,2024-01-09,True,Trial
5977,4208,Business,0,Cancelled,2023-12-26,2024-01-09,True,Trial
5978,4209,Starter,0,Cancelled,2023-12-26,2024-01-09,True,Trial
5979,4210,Pro,0,Cancelled,2023-12-26,2024-01-09,True,Trial
5980,4211,Pro,0,Active,2023-12-26,,True,Trial
5981,4211,Pro,79,Downgraded,2024-06-09,2024-07-09,False,Contraction MRR
5982,4211,Starter,29,Cancelled,2024-07-09,2024-08-09,False,Churned MRR
5983,4212,Starter,0,Cancelled,2023-12-26,2024-01-09,True,Trial
5984,4213,Pro,0,Cancelled,2023-12-26,2024-01-09,True,Trial
5985,4214,Starter,0,Cancelled,2023-12-26,2024-01-09,True,Trial
5986,4215,Enterprise,0,Active,2023-12-26,,True,Trial
5987,4215,Enterprise,499,Active,2024-12-09,,False,Recurring
5988,4216,Business,0,Active,2023-12-26,,True,Trial
5989,4216,Business,199,Active,2024-12-09,,False,Recurring
5990,4217,Pro,0,Active,2023-12-27,,True,Trial
5991,4217,Pro,79,Active,2024-12-10,,False,Recurring
5992,4218,Pro,0,Active,2023-12-27,,True,Trial
5993,4218,Pro,79,Cancelled,2024-04-10,2024-05-10,False,Churned MRR
5994,4219,Pro,0,Cancelled,2023-12-27,2024-01-10,True,Trial
5995,4220,Starter,0,Active,2023-12-27,,True,Trial
5996,4220,Starter,29,Cancelled,2024-09-10,2024-10-10,False,Churned MRR
5997,4221,Business,0,Cancelled,2023-12-27,2024-01-10,True,Trial
5998,4222,Pro,0,Active,2023-12-27,,True,Trial
5999,4222,Pro,79,Active,2024-12-10,,False,Recurring
6000,4223,Starter,0,Cancelled,2023-12-27,2024-01-10,True,Trial
6001,4224,Pro,0,Active,2023-12-27,,True,Trial
6002,4224,Pro,79,Cancelled,2024-06-10,2024-07-10,False,Churned MRR
6003,4225,Pro,0,Cancelled,2023-12-27,2024-01-10,True,Trial
6004,4226,Starter,0,Cancelled,2023-12-27,2024-01-10,True,Trial
6005,4227,Starter,0,Cancelled,2023-12-27,2024-01-10,True,Trial
6006,4228,Pro,0,Active,2023-12-28,,True,Trial
6007,4228,Pro,79,Upgraded,2024-02-11,2024-03-11,False,Expansion MRR
6008,4228,Business,199,Active,2024-12-11,,False,Recurring
6009,4229,Starter,0,Cancelled,2023-12-28,2024-01-11,True,Trial
6010,4230,Business,0,Cancelled,2023-12-28,2024-01-11,True,Trial
6011,4231,Starter,0,Active,2023-12-28,,True,Trial
6012,4231,Starter,29,Active,2024-12-11,,False,Recurring
6013,4232,Starter,0,Cancelled,2023-12-28,2024-01-11,True,Trial
6014,4233,Starter,0,Cancelled,2023-12-28,2024-01-11,True,Trial
6015,4234,Business,0,Cancelled,2023-12-28,2024-01-11,True,Trial
6016,4235,Pro,0,Cancelled,2023-12-28,2024-01-11,True,Trial
6017,4236,Business,0,Cancelled,2023-12-28,2024-01-11,True,Trial
6018,4237,Starter,0,Cancelled,2023-12-28,2024-01-11,True,Trial
6019,4238,Pro,0,Cancelled,2023-12-28,2024-01-11,True,Trial
6020,4239,Pro,0,Cancelled,2023-12-28,2024-01-11,True,Trial
6021,4240,Starter,0,Cancelled,2023-12-28,2024-01-11,True,Trial
6022,4241,Starter,0,Cancelled,2023-12-28,2024-01-11,True,Trial
6023,4242,Starter,0,Active,2023-12-29,,True,Trial
6024,4242,Starter,29,Active,2024-12-12,,False,Recurring
6025,4243,Pro,0,Cancelled,2023-12-29,2024-01-12,True,Trial
6026,4244,Starter,0,Active,2023-12-29,,True,Trial
6027,4244,Starter,29,Cancelled,2024-05-12,2024-06-12,False,Churned MRR
6028,4245,Starter,0,Cancelled,2023-12-29,2024-01-12,True,Trial
6029,4246,Pro,0,Active,2023-12-29,,True,Trial
6030,4246,Pro,79,Upgraded,2024-05-12,2024-06-12,False,Expansion MRR
6031,4246,Business,199,Cancelled,2024-10-12,2024-11-12,False,Churned MRR
6032,4247,Starter,0,Cancelled,2023-12-29,2024-01-12,True,Trial
6033,4248,Enterprise,0,Active,2023-12-29,,True,Trial
6034,4248,Enterprise,499,Active,2024-12-12,,False,Recurring
6035,4249,Enterprise,0,Cancelled,2023-12-29,2024-01-12,True,Trial
6036,4250,Starter,0,Cancelled,2023-12-30,2024-01-13,True,Trial
6037,4251,Starter,0,Cancelled,2023-12-30,2024-01-13,True,Trial
6038,4252,Starter,0,Active,2023-12-30,,True,Trial
6039,4252,Starter,29,Cancelled,2024-08-13,2024-09-13,False,Churned MRR
6040,4253,Pro,0,Cancelled,2023-12-30,2024-01-13,True,Trial
6041,4254,Business,0,Active,2023-12-30,,True,Trial
6042,4254,Business,199,Cancelled,2024-03-13,2024-04-13,False,Churned MRR
6043,4255,Pro,0,Active,2023-12-30,,True,Trial
6044,4255,Pro,79,Active,2024-12-13,,False,Recurring
6045,4256,Starter,0,Cancelled,2023-12-30,2024-01-13,True,Trial
6046,4257,Pro,0,Active,2023-12-30,,True,Trial
6047,4257,Pro,79,Active,2024-12-13,,False,Recurring
6048,4258,Enterprise,0,Cancelled,2023-12-30,2024-01-13,True,Trial
6049,4259,Enterprise,0,Cancelled,2023-12-30,2024-01-13,True,Trial
6050,4260,Business,0,Cancelled,2023-12-30,2024-01-13,True,Trial
6051,4261,Starter,0,Cancelled,2023-12-30,2024-01-13,True,Trial
6052,4262,Business,0,Cancelled,2023-12-30,2024-01-13,True,Trial
6053,4263,Business,0,Active,2023-12-30,,True,Trial
6054,4263,Business,199,Active,2024-12-13,,False,Recurring
6055,4264,Starter,0,Cancelled,2023-12-30,2024-01-13,True,Trial
6056,4265,Business,0,Active,2023-12-30,,True,Trial
6057,4265,Business,199,Cancelled,2024-08-13,2024-09-13,False,Churned MRR
6058,4266,Pro,0,Cancelled,2023-12-30,2024-01-13,True,Trial
6059,4267,Business,0,Cancelled,2023-12-30,2024-01-13,True,Trial
6060,4268,Starter,0,Cancelled,2023-12-30,2024-01-13,True,Trial
6061,4269,Pro,0,Active,2023-12-31,,True,Trial
6062,4269,Pro,79,Upgraded,2024-01-14,2024-02-14,False,Expansion MRR
6063,4269,Business,199,Cancelled,2024-03-14,2024-04-14,False,Churned MRR
6064,4270,Starter,0,Cancelled,2023-12-31,2024-01-14,True,Trial
6065,4271,Pro,0,Active,2023-12-31,,True,Trial
6066,4271,Pro,79,Cancelled,2024-06-14,2024-07-14,False,Churned MRR
6067,4272,Starter,0,Cancelled,2023-12-31,2024-01-14,True,Trial
6068,4273,Starter,0,Cancelled,2023-12-31,2024-01-14,True,Trial
6069,4274,Pro,0,Active,2023-12-31,,True,Trial
6070,4274,Pro,79,Upgraded,2024-04-14,2024-05-14,False,Expansion MRR
6071,4274,Business,199,Cancelled,2024-11-14,2024-12-14,False,Churned MRR
6072,4275,Pro,0,Active,2023-12-31,,True,Trial
6073,4275,Pro,79,Active,2024-12-14,,False,Recurring
6074,4276,Business,0,Cancelled,2023-12-31,2024-01-14,True,Trial
6075,4277,Starter,0,Cancelled,2023-12-31,2024-01-14,True,Trial
6076,4278,Starter,0,Active,2023-12-31,,True,Trial
6077,4278,Starter,29,Cancelled,2024-08-14,2024-09-14,False,Churned MRR
6078,4279,Enterprise,0,Cancelled,2023-12-31,2024-01-14,True,Trial
6079,4280,Pro,0,Active,2023-12-31,,True,Trial
6080,4280,Pro,79,Upgraded,2024-12-14,2025-01-14,False,Expansion MRR
6081,4281,Starter,0,Cancelled,2023-12-31,2024-01-14,True,Trial
6082,4282,Starter,0,Cancelled,2023-12-31,2024-01-14,True,Trial
6083,4283,Starter,0,Cancelled,2023-12-31,2024-01-14,True,Trial
6084,4284,Starter,0,Cancelled,2023-12-31,2024-01-14,True,Trial
6085,4285,Business,0,Active,2023-12-31,,True,Trial
6086,4285,Business,199,Active,2024-12-14,,False,Recurring
6087,4286,Business,0,Cancelled,2024-01-01,2024-01-15,True,Trial
6088,4287,Pro,0,Active,2024-01-01,,True,Trial
6089,4287,Pro,79,Active,2024-12-15,,False,Recurring
6090,4288,Pro,0,Cancelled,2024-01-01,2024-01-15,True,Trial
6091,4289,Pro,0,Cancelled,2024-01-01,2024-01-15,True,Trial
6092,4290,Starter,0,Cancelled,2024-01-01,2024-01-15,True,Trial
6093,4291,Pro,0,Cancelled,2024-01-01,2024-01-15,True,Trial
6094,4292,Enterprise,0,Active,2024-01-01,,True,Trial
6095,4292,Enterprise,499,Cancelled,2024-07-15,2024-08-15,False,Churned MRR
6096,4293,Pro,0,Cancelled,2024-01-02,2024-01-16,True,Trial
6097,4294,Starter,0,Active,2024-01-02,,True,Trial
6098,4294,Starter,29,Upgraded,2024-03-16,2024-04-16,False,Expansion MRR
6099,4294,Pro,79,Downgraded,2024-04-16,2024-05-16,False,Contraction MRR
6100,4294,Starter,29,Cancelled,2024-10-16,2024-11-16,False,Churned MRR
6101,4295,Starter,0,Cancelled,2024-01-02,2024-01-16,True,Trial
6102,4296,Pro,0,Cancelled,2024-01-02,2024-01-16,True,Trial
6103,4297,Business,0,Active,2024-01-02,,True,Trial
6104,4297,Business,199,Cancelled,2024-06-16,2024-07-16,False,Churned MRR
6105,4298,Starter,0,Cancelled,2024-01-02,2024-01-16,True,Trial
6106,4299,Business,0,Cancelled,2024-01-02,2024-01-16,True,Trial
6107,4300,Starter,0,Cancelled,2024-01-02,2024-01-16,True,Trial
6108,4301,Starter,0,Cancelled,2024-01-02,2024-01-16,True,Trial
6109,4302,Starter,0,Cancelled,2024-01-02,2024-01-16,True,Trial
6110,4303,Business,0,Active,2024-01-02,,True,Trial
6111,4303,Business,199,Active,2024-12-16,,False,Recurring
6112,4304,Pro,0,Cancelled,2024-01-03,2024-01-17,True,Trial
6113,4305,Pro,0,Cancelled,2024-01-03,2024-01-17,True,Trial
6114,4306,Enterprise,0,Active,2024-01-03,,True,Trial
6115,4306,Enterprise,499,Active,2024-12-17,,False,Recurring
6116,4307,Enterprise,0,Active,2024-01-03,,True,Trial
6117,4307,Enterprise,499,Active,2024-12-17,,False,Recurring
6118,4308,Starter,0,Active,2024-01-03,,True,Trial
6119,4308,Starter,29,Cancelled,2024-06-17,2024-07-17,False,Churned MRR
6120,4309,Pro,0,Cancelled,2024-01-03,2024-01-17,True,Trial
6121,4310,Enterprise,0,Active,2024-01-03,,True,Trial
6122,4310,Enterprise,499,Active,2024-12-17,,False,Recurring
6123,4311,Pro,0,Cancelled,2024-01-03,2024-01-17,True,Trial
6124,4312,Business,0,Cancelled,2024-01-03,2024-01-17,True,Trial
6125,4313,Pro,0,Cancelled,2024-01-03,2024-01-17,True,Trial
6126,4314,Starter,0,Active,2024-01-03,,True,Trial
6127,4314,Starter,29,Active,2024-12-17,,False,Recurring
6128,4315,Business,0,Active,2024-01-04,,True,Trial
6129,4315,Business,199,Active,2024-12-18,,False,Recurring
6130,4316,Business,0,Cancelled,2024-01-04,2024-01-18,True,Trial
6131,4317,Enterprise,0,Active,2024-01-04,,True,Trial
6132,4317,Enterprise,499,Active,2024-12-18,,False,Recurring
6133,4318,Starter,0,Cancelled,2024-01-04,2024-01-18,True,Trial
6134,4319,Pro,0,Cancelled,2024-01-04,2024-01-18,True,Trial
6135,4320,Starter,0,Cancelled,2024-01-04,2024-01-18,True,Trial
6136,4321,Pro,0,Cancelled,2024-01-04,2024-01-18,True,Trial
6137,4322,Enterprise,0,Cancelled,2024-01-04,2024-01-18,True,Trial
6138,4323,Business,0,Active,2024-01-04,,True,Trial
6139,4323,Business,199,Upgraded,2024-04-18,2024-05-18,False,Expansion MRR
6140,4323,Enterprise,499,Active,2024-12-18,,False,Recurring
6141,4324,Business,0,Cancelled,2024-01-04,2024-01-18,True,Trial
6142,4325,Starter,0,Active,2024-01-04,,True,Trial
6143,4325,Starter,29,Cancelled,2024-03-18,2024-04-18,False,Churned MRR
6144,4326,Pro,0,Cancelled,2024-01-05,2024-01-19,True,Trial
6145,4327,Pro,0,Cancelled,2024-01-05,2024-01-19,True,Trial
6146,4328,Pro,0,Cancelled,2024-01-05,2024-01-19,True,Trial
6147,4329,Enterprise,0,Active,2024-01-05,,True,Trial
6148,4329,Enterprise,499,Downgraded,2024-07-19,2024-08-19,False,Contraction MRR
6149,4329,Business,199,Upgraded,2024-10-19,2024-11-19,False,Expansion MRR
6150,4329,Enterprise,499,Active,2024-12-19,,False,Recurring
6151,4330,Starter,0,Cancelled,2024-01-05,2024-01-19,True,Trial
6152,4331,Pro,0,Cancelled,2024-01-05,2024-01-19,True,Trial
6153,4332,Pro,0,Cancelled,2024-01-05,2024-01-19,True,Trial
6154,4333,Business,0,Cancelled,2024-01-05,2024-01-19,True,Trial
6155,4334,Business,0,Cancelled,2024-01-05,2024-01-19,True,Trial
6156,4335,Business,0,Cancelled,2024-01-05,2024-01-19,True,Trial
6157,4336,Pro,0,Cancelled,2024-01-06,2024-01-20,True,Trial
6158,4337,Starter,0,Cancelled,2024-01-06,2024-01-20,True,Trial
6159,4338,Enterprise,0,Active,2024-01-06,,True,Trial
6160,4338,Enterprise,499,Active,2024-12-20,,False,Recurring
6161,4339,Business,0,Cancelled,2024-01-06,2024-01-20,True,Trial
6162,4340,Enterprise,0,Cancelled,2024-01-06,2024-01-20,True,Trial
6163,4341,Starter,0,Active,2024-01-06,,True,Trial
6164,4341,Starter,29,Cancelled,2024-10-20,2024-11-20,False,Churned MRR
6165,4342,Pro,0,Cancelled,2024-01-06,2024-01-20,True,Trial
6166,4343,Pro,0,Active,2024-01-06,,True,Trial
6167,4343,Pro,79,Active,2024-12-20,,False,Recurring
6168,4344,Business,0,Cancelled,2024-01-06,2024-01-20,True,Trial
6169,4345,Starter,0,Cancelled,2024-01-06,2024-01-20,True,Trial
6170,4346,Starter,0,Cancelled,2024-01-06,2024-01-20,True,Trial
6171,4347,Business,0,Cancelled,2024-01-06,2024-01-20,True,Trial
6172,4348,Pro,0,Cancelled,2024-01-06,2024-01-20,True,Trial
6173,4349,Starter,0,Cancelled,2024-01-07,2024-01-21,True,Trial
6174,4350,Starter,0,Cancelled,2024-01-07,2024-01-21,True,Trial
6175,4351,Enterprise,0,Cancelled,2024-01-07,2024-01-21,True,Trial
6176,4352,Starter,0,Cancelled,2024-01-07,2024-01-21,True,Trial
6177,4353,Enterprise,0,Cancelled,2024-01-07,2024-01-21,True,Trial
6178,4354,Starter,0,Cancelled,2024-01-07,2024-01-21,True,Trial
6179,4355,Starter,0,Active,2024-01-07,,True,Trial
6180,4355,Starter,29,Cancelled,2024-12-21,2025-01-01,False,Churned MRR
6181,4356,Starter,0,Cancelled,2024-01-07,2024-01-21,True,Trial
6182,4357,Starter,0,Cancelled,2024-01-07,2024-01-21,True,Trial
6183,4358,Starter,0,Cancelled,2024-01-07,2024-01-21,True,Trial
6184,4359,Pro,0,Cancelled,2024-01-07,2024-01-21,True,Trial
6185,4360,Enterprise,0,Active,2024-01-07,,True,Trial
6186,4360,Enterprise,499,Active,2024-12-21,,False,Recurring
6187,4361,Starter,0,Cancelled,2024-01-07,2024-01-21,True,Trial
6188,4362,Starter,0,Cancelled,2024-01-07,2024-01-21,True,Trial
6189,4363,Starter,0,Active,2024-01-07,,True,Trial
6190,4363,Starter,29,Active,2024-12-21,,False,Recurring
6191,4364,Enterprise,0,Active,2024-01-08,,True,Trial
6192,4364,Enterprise,499,Downgraded,2024-06-22,2024-07-22,False,Contraction MRR
6193,4364,Business,199,Active,2024-12-22,,False,Recurring
6194,4365,Business,0,Cancelled,2024-01-08,2024-01-22,True,Trial
6195,4366,Starter,0,Cancelled,2024-01-08,2024-01-22,True,Trial
6196,4367,Pro,0,Cancelled,2024-01-08,2024-01-22,True,Trial
6197,4368,Business,0,Active,2024-01-08,,True,Trial
6198,4368,Business,199,Active,2024-12-22,,False,Recurring
6199,4369,Starter,0,Active,2024-01-08,,True,Trial
6200,4369,Starter,29,Cancelled,2024-02-22,2024-03-22,False,Churned MRR
6201,4370,Pro,0,Active,2024-01-08,,True,Trial
6202,4370,Pro,79,Active,2024-12-22,,False,Recurring
6203,4371,Starter,0,Cancelled,2024-01-08,2024-01-22,True,Trial
6204,4372,Business,0,Cancelled,2024-01-08,2024-01-22,True,Trial
6205,4373,Business,0,Active,2024-01-08,,True,Trial
6206,4373,Business,199,Active,2024-12-22,,False,Recurring
6207,4374,Business,0,Cancelled,2024-01-08,2024-01-22,True,Trial
6208,4375,Starter,0,Active,2024-01-08,,True,Trial
6209,4375,Starter,29,Cancelled,2024-01-22,2024-02-22,False,Churned MRR
6210,4376,Starter,0,Cancelled,2024-01-09,2024-01-23,True,Trial
6211,4377,Starter,0,Cancelled,2024-01-09,2024-01-23,True,Trial
6212,4378,Business,0,Cancelled,2024-01-09,2024-01-23,True,Trial
6213,4379,Starter,0,Cancelled,2024-01-09,2024-01-23,True,Trial
6214,4380,Enterprise,0,Cancelled,2024-01-09,2024-01-23,True,Trial
6215,4381,Business,0,Active,2024-01-09,,True,Trial
6216,4381,Business,199,Active,2024-12-23,,False,Recurring
6217,4382,Pro,0,Cancelled,2024-01-09,2024-01-23,True,Trial
6218,4383,Starter,0,Cancelled,2024-01-09,2024-01-23,True,Trial
6219,4384,Business,0,Active,2024-01-09,,True,Trial
6220,4384,Business,199,Upgraded,2024-07-23,2024-08-23,False,Expansion MRR
6221,4384,Enterprise,499,Active,2024-12-23,,False,Recurring
6222,4385,Business,0,Active,2024-01-09,,True,Trial
6223,4385,Business,199,Cancelled,2024-06-23,2024-07-23,False,Churned MRR
6224,4386,Starter,0,Active,2024-01-09,,True,Trial
6225,4386,Starter,29,Upgraded,2024-04-23,2024-05-23,False,Expansion MRR
6226,4386,Pro,79,Cancelled,2024-11-23,2024-12-23,False,Churned MRR
6227,4387,Business,0,Cancelled,2024-01-09,2024-01-23,True,Trial
6228,4388,Enterprise,0,Cancelled,2024-01-09,2024-01-23,True,Trial
6229,4389,Starter,0,Active,2024-01-09,,True,Trial
6230,4389,Starter,29,Cancelled,2024-10-23,2024-11-23,False,Churned MRR
6231,4390,Pro,0,Active,2024-01-10,,True,Trial
6232,4390,Pro,79,Cancelled,2024-03-24,2024-04-24,False,Churned MRR
6233,4390,Pro,79,Active,2024-07-24,,False,Reactivation MRR
6234,4391,Pro,0,Active,2024-01-10,,True,Trial
6235,4391,Pro,79,Downgraded,2024-02-24,2024-03-24,False,Contraction MRR
6236,4391,Starter,29,Cancelled,2024-06-24,2024-07-24,False,Churned MRR
6237,4392,Enterprise,0,Active,2024-01-10,,True,Trial
6238,4392,Enterprise,499,Downgraded,2024-01-24,2024-02-24,False,Contraction MRR
6239,4392,Business,199,Cancelled,2024-09-24,2024-10-24,False,Churned MRR
6240,4393,Starter,0,Cancelled,2024-01-10,2024-01-24,True,Trial
6241,4394,Business,0,Active,2024-01-10,,True,Trial
6242,4394,Business,199,Cancelled,2024-09-24,2024-10-24,False,Churned MRR
6243,4395,Starter,0,Cancelled,2024-01-10,2024-01-24,True,Trial
6244,4396,Enterprise,0,Cancelled,2024-01-10,2024-01-24,True,Trial
6245,4397,Enterprise,0,Cancelled,2024-01-10,2024-01-24,True,Trial
6246,4398,Business,0,Cancelled,2024-01-10,2024-01-24,True,Trial
6247,4399,Business,0,Active,2024-01-10,,True,Trial
6248,4399,Business,199,Cancelled,2024-11-24,2024-12-24,False,Churned MRR
6249,4400,Enterprise,0,Cancelled,2024-01-10,2024-01-24,True,Trial
6250,4401,Starter,0,Active,2024-01-10,,True,Trial
6251,4401,Starter,29,Cancelled,2024-04-24,2024-05-24,False,Churned MRR
6252,4402,Business,0,Cancelled,2024-01-10,2024-01-24,True,Trial
6253,4403,Starter,0,Cancelled,2024-01-10,2024-01-24,True,Trial
6254,4404,Pro,0,Cancelled,2024-01-11,2024-01-25,True,Trial
6255,4405,Starter,0,Cancelled,2024-01-11,2024-01-25,True,Trial
6256,4406,Pro,0,Cancelled,2024-01-11,2024-01-25,True,Trial
6257,4407,Starter,0,Active,2024-01-11,,True,Trial
6258,4407,Starter,29,Cancelled,2024-05-25,2024-06-25,False,Churned MRR
6259,4408,Starter,0,Active,2024-01-11,,True,Trial
6260,4408,Starter,29,Active,2024-12-25,,False,Recurring
6261,4409,Pro,0,Active,2024-01-11,,True,Trial
6262,4409,Pro,79,Upgraded,2024-01-25,2024-02-25,False,Expansion MRR
6263,4409,Business,199,Active,2024-12-25,,False,Recurring
6264,4410,Enterprise,0,Cancelled,2024-01-11,2024-01-25,True,Trial
6265,4411,Starter,0,Cancelled,2024-01-11,2024-01-25,True,Trial
6266,4412,Enterprise,0,Active,2024-01-11,,True,Trial
6267,4412,Enterprise,499,Downgraded,2024-01-25,2024-02-25,False,Contraction MRR
6268,4412,Business,199,Upgraded,2024-12-25,2025-01-25,False,Expansion MRR
6269,4413,Starter,0,Cancelled,2024-01-11,2024-01-25,True,Trial
6270,4414,Business,0,Cancelled,2024-01-11,2024-01-25,True,Trial
6271,4415,Starter,0,Cancelled,2024-01-11,2024-01-25,True,Trial
6272,4416,Business,0,Cancelled,2024-01-11,2024-01-25,True,Trial
6273,4417,Starter,0,Cancelled,2024-01-12,2024-01-26,True,Trial
6274,4418,Pro,0,Active,2024-01-12,,True,Trial
6275,4418,Pro,79,Cancelled,2024-01-26,2024-02-26,False,Churned MRR
6276,4419,Starter,0,Cancelled,2024-01-12,2024-01-26,True,Trial
6277,4420,Business,0,Cancelled,2024-01-12,2024-01-26,True,Trial
6278,4421,Starter,0,Active,2024-01-12,,True,Trial
6279,4421,Starter,29,Cancelled,2024-01-26,2024-02-26,False,Churned MRR
6280,4422,Starter,0,Cancelled,2024-01-12,2024-01-26,True,Trial
6281,4423,Starter,0,Cancelled,2024-01-12,2024-01-26,True,Trial
6282,4424,Starter,0,Cancelled,2024-01-12,2024-01-26,True,Trial
6283,4425,Enterprise,0,Cancelled,2024-01-12,2024-01-26,True,Trial
6284,4426,Pro,0,Cancelled,2024-01-12,2024-01-26,True,Trial
6285,4427,Starter,0,Active,2024-01-12,,True,Trial
6286,4427,Starter,29,Cancelled,2024-06-26,2024-07-26,False,Churned MRR
6287,4428,Starter,0,Cancelled,2024-01-12,2024-01-26,True,Trial
6288,4429,Pro,0,Active,2024-01-12,,True,Trial
6289,4429,Pro,79,Cancelled,2024-01-26,2024-02-26,False,Churned MRR
6290,4430,Starter,0,Active,2024-01-12,,True,Trial
6291,4430,Starter,29,Active,2024-12-26,,False,Recurring
6292,4431,Starter,0,Active,2024-01-12,,True,Trial
6293,4431,Starter,29,Cancelled,2024-04-26,2024-05-26,False,Churned MRR
6294,4432,Starter,0,Cancelled,2024-01-13,2024-01-27,True,Trial
6295,4433,Starter,0,Cancelled,2024-01-13,2024-01-27,True,Trial
6296,4434,Business,0,Cancelled,2024-01-13,2024-01-27,True,Trial
6297,4435,Business,0,Cancelled,2024-01-13,2024-01-27,True,Trial
6298,4436,Pro,0,Active,2024-01-13,,True,Trial
6299,4436,Pro,79,Active,2024-12-27,,False,Recurring
6300,4437,Starter,0,Cancelled,2024-01-13,2024-01-27,True,Trial
6301,4438,Business,0,Cancelled,2024-01-14,2024-01-28,True,Trial
6302,4439,Starter,0,Cancelled,2024-01-14,2024-01-28,True,Trial
6303,4440,Starter,0,Active,2024-01-14,,True,Trial
6304,4440,Starter,29,Active,2024-12-28,,False,Recurring
6305,4441,Pro,0,Active,2024-01-14,,True,Trial
6306,4441,Pro,79,Active,2024-12-28,,False,Recurring
6307,4442,Business,0,Active,2024-01-14,,True,Trial
6308,4442,Business,199,Active,2024-12-28,,False,Recurring
6309,4443,Enterprise,0,Cancelled,2024-01-14,2024-01-28,True,Trial
6310,4444,Starter,0,Cancelled,2024-01-14,2024-01-28,True,Trial
6311,4445,Business,0,Cancelled,2024-01-14,2024-01-28,True,Trial
6312,4446,Starter,0,Cancelled,2024-01-14,2024-01-28,True,Trial
6313,4447,Starter,0,Active,2024-01-14,,True,Trial
6314,4447,Starter,29,Cancelled,2024-01-28,2024-02-28,False,Churned MRR
6315,4448,Enterprise,0,Active,2024-01-14,,True,Trial
6316,4448,Enterprise,499,Active,2024-12-28,,False,Recurring
6317,4449,Starter,0,Cancelled,2024-01-14,2024-01-28,True,Trial
6318,4450,Pro,0,Cancelled,2024-01-15,2024-01-29,True,Trial
6319,4451,Starter,0,Cancelled,2024-01-15,2024-01-29,True,Trial
6320,4452,Business,0,Active,2024-01-15,,True,Trial
6321,4452,Business,199,Active,2024-12-29,,False,Recurring
6322,4453,Starter,0,Cancelled,2024-01-15,2024-01-29,True,Trial
6323,4454,Pro,0,Cancelled,2024-01-15,2024-01-29,True,Trial
6324,4455,Business,0,Cancelled,2024-01-15,2024-01-29,True,Trial
6325,4456,Business,0,Active,2024-01-15,,True,Trial
6326,4456,Business,199,Upgraded,2024-11-29,2024-12-29,False,Expansion MRR
6327,4456,Enterprise,499,Active,2024-12-29,,False,Expansion MRR
6328,4457,Pro,0,Cancelled,2024-01-15,2024-01-29,True,Trial
6329,4458,Pro,0,Cancelled,2024-01-15,2024-01-29,True,Trial
6330,4459,Starter,0,Cancelled,2024-01-15,2024-01-29,True,Trial
6331,4460,Pro,0,Cancelled,2024-01-15,2024-01-29,True,Trial
6332,4461,Pro,0,Cancelled,2024-01-15,2024-01-29,True,Trial
6333,4462,Starter,0,Cancelled,2024-01-15,2024-01-29,True,Trial
6334,4463,Pro,0,Cancelled,2024-01-16,2024-01-30,True,Trial
6335,4464,Starter,0,Cancelled,2024-01-16,2024-01-30,True,Trial
6336,4465,Pro,0,Cancelled,2024-01-16,2024-01-30,True,Trial
6337,4466,Starter,0,Cancelled,2024-01-16,2024-01-30,True,Trial
6338,4467,Pro,0,Cancelled,2024-01-16,2024-01-30,True,Trial
6339,4468,Business,0,Active,2024-01-16,,True,Trial
6340,4468,Business,199,Upgraded,2024-01-30,2024-02-29,False,Expansion MRR
6341,4468,Enterprise,499,Active,2024-12-29,,False,Recurring
6342,4469,Starter,0,Cancelled,2024-01-16,2024-01-30,True,Trial
6343,4470,Starter,0,Active,2024-01-16,,True,Trial
6344,4470,Starter,29,Cancelled,2024-03-29,2024-04-29,False,Churned MRR
6345,4471,Business,0,Cancelled,2024-01-16,2024-01-30,True,Trial
6346,4472,Pro,0,Cancelled,2024-01-16,2024-01-30,True,Trial
6347,4473,Enterprise,0,Cancelled,2024-01-16,2024-01-30,True,Trial
6348,4474,Starter,0,Cancelled,2024-01-16,2024-01-30,True,Trial
6349,4475,Enterprise,0,Cancelled,2024-01-16,2024-01-30,True,Trial
6350,4476,Starter,0,Cancelled,2024-01-16,2024-01-30,True,Trial
6351,4477,Starter,0,Active,2024-01-17,,True,Trial
6352,4477,Starter,29,Cancelled,2024-02-29,2024-03-29,False,Churned MRR
6353,4478,Pro,0,Cancelled,2024-01-17,2024-01-31,True,Trial
6354,4479,Starter,0,Cancelled,2024-01-17,2024-01-31,True,Trial
6355,4480,Enterprise,0,Active,2024-01-17,,True,Trial
6356,4480,Enterprise,499,Active,2024-12-29,,False,Recurring
6357,4481,Enterprise,0,Cancelled,2024-01-17,2024-01-31,True,Trial
6358,4482,Pro,0,Cancelled,2024-01-17,2024-01-31,True,Trial
6359,4483,Starter,0,Cancelled,2024-01-17,2024-01-31,True,Trial
6360,4484,Starter,0,Active,2024-01-17,,True,Trial
6361,4484,Starter,29,Cancelled,2024-09-29,2024-10-29,False,Churned MRR
6362,4485,Pro,0,Cancelled,2024-01-17,2024-01-31,True,Trial
6363,4486,Starter,0,Cancelled,2024-01-17,2024-01-31,True,Trial
6364,4487,Pro,0,Cancelled,2024-01-17,2024-01-31,True,Trial
6365,4488,Business,0,Cancelled,2024-01-17,2024-01-31,True,Trial
6366,4489,Enterprise,0,Cancelled,2024-01-17,2024-01-31,True,Trial
6367,4490,Pro,0,Active,2024-01-17,,True,Trial
6368,4490,Pro,79,Active,2024-12-29,,False,Recurring
6369,4491,Business,0,Cancelled,2024-01-18,2024-02-01,True,Trial
6370,4492,Starter,0,Cancelled,2024-01-18,2024-02-01,True,Trial
6371,4493,Starter,0,Cancelled,2024-01-18,2024-02-01,True,Trial
6372,4494,Enterprise,0,Cancelled,2024-01-18,2024-02-01,True,Trial
6373,4495,Starter,0,Cancelled,2024-01-18,2024-02-01,True,Trial
6374,4496,Business,0,Active,2024-01-18,,True,Trial
6375,4496,Business,199,Active,2024-12-01,,False,Recurring
6376,4497,Pro,0,Cancelled,2024-01-18,2024-02-01,True,Trial
6377,4498,Starter,0,Cancelled,2024-01-18,2024-02-01,True,Trial
6378,4499,Starter,0,Cancelled,2024-01-18,2024-02-01,True,Trial
6379,4500,Starter,0,Active,2024-01-18,,True,Trial
6380,4500,Starter,29,Cancelled,2024-09-01,2024-10-01,False,Churned MRR
6381,4501,Starter,0,Cancelled,2024-01-18,2024-02-01,True,Trial
6382,4502,Enterprise,0,Active,2024-01-18,,True,Trial
6383,4502,Enterprise,499,Downgraded,2024-08-01,2024-09-01,False,Contraction MRR
6384,4502,Business,199,Active,2024-12-01,,False,Recurring
6385,4503,Enterprise,0,Cancelled,2024-01-19,2024-02-02,True,Trial
6386,4504,Enterprise,0,Active,2024-01-19,,True,Trial
6387,4504,Enterprise,499,Active,2024-12-02,,False,Recurring
6388,4505,Enterprise,0,Active,2024-01-19,,True,Trial
6389,4505,Enterprise,499,Downgraded,2024-05-02,2024-06-02,False,Contraction MRR
6390,4505,Business,199,Upgraded,2024-08-02,2024-09-02,False,Expansion MRR
6391,4505,Enterprise,499,Downgraded,2024-09-02,2024-10-02,False,Contraction MRR
6392,4505,Business,199,Active,2024-12-02,,False,Recurring
6393,4506,Pro,0,Cancelled,2024-01-19,2024-02-02,True,Trial
6394,4507,Starter,0,Cancelled,2024-01-19,2024-02-02,True,Trial
6395,4508,Pro,0,Active,2024-01-19,,True,Trial
6396,4508,Pro,79,Active,2024-12-02,,False,Recurring
6397,4509,Starter,0,Cancelled,2024-01-19,2024-02-02,True,Trial
6398,4510,Starter,0,Active,2024-01-19,,True,Trial
6399,4510,Starter,29,Upgraded,2024-11-02,2024-12-02,False,Expansion MRR
6400,4510,Pro,79,Active,2024-12-02,,False,Expansion MRR
6401,4511,Starter,0,Active,2024-01-19,,True,Trial
6402,4511,Starter,29,Upgraded,2024-09-02,2024-10-02,False,Expansion MRR
6403,4511,Pro,79,Upgraded,2024-11-02,2024-12-02,False,Expansion MRR
6404,4511,Business,199,Cancelled,2024-12-02,2025-01-01,False,Churned MRR
6405,4512,Starter,0,Active,2024-01-19,,True,Trial
6406,4512,Starter,29,Active,2024-12-02,,False,Recurring
6407,4513,Starter,0,Active,2024-01-19,,True,Trial
6408,4513,Starter,29,Upgraded,2024-02-02,2024-03-02,False,Expansion MRR
6409,4513,Pro,79,Upgraded,2024-12-02,2025-01-02,False,Expansion MRR
6410,4514,Enterprise,0,Cancelled,2024-01-19,2024-02-02,True,Trial
6411,4515,Business,0,Active,2024-01-19,,True,Trial
6412,4515,Business,199,Active,2024-12-02,,False,Recurring
6413,4516,Business,0,Cancelled,2024-01-19,2024-02-02,True,Trial
6414,4517,Starter,0,Cancelled,2024-01-19,2024-02-02,True,Trial
6415,4518,Enterprise,0,Cancelled,2024-01-19,2024-02-02,True,Trial
6416,4519,Business,0,Active,2024-01-19,,True,Trial
6417,4519,Business,199,Cancelled,2024-02-02,2024-03-02,False,Churned MRR
6418,4520,Pro,0,Cancelled,2024-01-20,2024-02-03,True,Trial
6419,4521,Starter,0,Active,2024-01-20,,True,Trial
6420,4521,Starter,29,Cancelled,2024-05-03,2024-06-03,False,Churned MRR
6421,4522,Starter,0,Cancelled,2024-01-20,2024-02-03,True,Trial
6422,4523,Business,0,Cancelled,2024-01-20,2024-02-03,True,Trial
6423,4524,Business,0,Cancelled,2024-01-20,2024-02-03,True,Trial
6424,4525,Starter,0,Cancelled,2024-01-20,2024-02-03,True,Trial
6425,4526,Enterprise,0,Active,2024-01-20,,True,Trial
6426,4526,Enterprise,499,Downgraded,2024-06-03,2024-07-03,False,Contraction MRR
6427,4526,Business,199,Upgraded,2024-08-03,2024-09-03,False,Expansion MRR
6428,4526,Enterprise,499,Active,2024-12-03,,False,Recurring
6429,4527,Business,0,Active,2024-01-20,,True,Trial
6430,4527,Business,199,Active,2024-12-03,,False,Recurring
6431,4528,Starter,0,Active,2024-01-20,,True,Trial
6432,4528,Starter,29,Active,2024-12-03,,False,Recurring
6433,4529,Pro,0,Active,2024-01-20,,True,Trial
6434,4529,Pro,79,Active,2024-12-03,,False,Recurring
6435,4530,Starter,0,Cancelled,2024-01-20,2024-02-03,True,Trial
6436,4531,Starter,0,Cancelled,2024-01-21,2024-02-04,True,Trial
6437,4532,Starter,0,Cancelled,2024-01-21,2024-02-04,True,Trial
6438,4533,Business,0,Active,2024-01-21,,True,Trial
6439,4533,Business,199,Cancelled,2024-02-04,2024-03-04,False,Churned MRR
6440,4534,Pro,0,Active,2024-01-21,,True,Trial
6441,4534,Pro,79,Cancelled,2024-12-04,2025-01-01,False,Churned MRR
6442,4535,Pro,0,Cancelled,2024-01-21,2024-02-04,True,Trial
6443,4536,Starter,0,Cancelled,2024-01-21,2024-02-04,True,Trial
6444,4537,Starter,0,Cancelled,2024-01-21,2024-02-04,True,Trial
6445,4538,Enterprise,0,Cancelled,2024-01-21,2024-02-04,True,Trial
6446,4539,Business,0,Active,2024-01-21,,True,Trial
6447,4539,Business,199,Cancelled,2024-07-04,2024-08-04,False,Churned MRR
6448,4539,Pro,79,Active,2024-11-04,,False,Reactivation MRR
6449,4540,Starter,0,Cancelled,2024-01-21,2024-02-04,True,Trial
6450,4541,Starter,0,Cancelled,2024-01-22,2024-02-05,True,Trial
6451,4542,Pro,0,Active,2024-01-22,,True,Trial
6452,4542,Pro,79,Cancelled,2024-04-05,2024-05-05,False,Churned MRR
6453,4543,Starter,0,Active,2024-01-22,,True,Trial
6454,4543,Starter,29,Upgraded,2024-12-05,2025-01-05,False,Expansion MRR
6455,4544,Business,0,Cancelled,2024-01-22,2024-02-05,True,Trial
6456,4545,Starter,0,Cancelled,2024-01-22,2024-02-05,True,Trial
6457,4546,Starter,0,Cancelled,2024-01-22,2024-02-05,True,Trial
6458,4547,Starter,0,Cancelled,2024-01-22,2024-02-05,True,Trial
6459,4548,Starter,0,Active,2024-01-22,,True,Trial
6460,4548,Starter,29,Cancelled,2024-03-05,2024-04-05,False,Churned MRR
6461,4548,Starter,29,Active,2024-08-05,,False,Reactivation MRR
6462,4549,Starter,0,Cancelled,2024-01-22,2024-02-05,True,Trial
6463,4550,Pro,0,Cancelled,2024-01-22,2024-02-05,True,Trial
6464,4551,Pro,0,Cancelled,2024-01-22,2024-02-05,True,Trial
6465,4552,Enterprise,0,Cancelled,2024-01-22,2024-02-05,True,Trial
6466,4553,Pro,0,Cancelled,2024-01-22,2024-02-05,True,Trial
6467,4554,Pro,0,Cancelled,2024-01-23,2024-02-06,True,Trial
6468,4555,Starter,0,Cancelled,2024-01-23,2024-02-06,True,Trial
6469,4556,Pro,0,Active,2024-01-23,,True,Trial
6470,4556,Pro,79,Cancelled,2024-03-06,2024-04-06,False,Churned MRR
6471,4557,Starter,0,Cancelled,2024-01-23,2024-02-06,True,Trial
6472,4558,Enterprise,0,Cancelled,2024-01-23,2024-02-06,True,Trial
6473,4559,Pro,0,Cancelled,2024-01-23,2024-02-06,True,Trial
6474,4560,Starter,0,Cancelled,2024-01-23,2024-02-06,True,Trial
6475,4561,Pro,0,Active,2024-01-23,,True,Trial
6476,4561,Pro,79,Active,2024-12-06,,False,Recurring
6477,4562,Starter,0,Active,2024-01-23,,True,Trial
6478,4562,Starter,29,Cancelled,2024-10-06,2024-11-06,False,Churned MRR
6479,4563,Pro,0,Active,2024-01-23,,True,Trial
6480,4563,Pro,79,Downgraded,2024-02-06,2024-03-06,False,Contraction MRR
6481,4563,Starter,29,Upgraded,2024-05-06,2024-06-06,False,Expansion MRR
6482,4563,Pro,79,Active,2024-12-06,,False,Recurring
6483,4564,Pro,0,Cancelled,2024-01-23,2024-02-06,True,Trial
6484,4565,Starter,0,Cancelled,2024-01-23,2024-02-06,True,Trial
6485,4566,Starter,0,Cancelled,2024-01-23,2024-02-06,True,Trial
6486,4567,Starter,0,Cancelled,2024-01-24,2024-02-07,True,Trial
6487,4568,Starter,0,Active,2024-01-24,,True,Trial
6488,4568,Starter,29,Upgraded,2024-08-07,2024-09-07,False,Expansion MRR
6489,4568,Pro,79,Active,2024-12-07,,False,Recurring
6490,4569,Pro,0,Cancelled,2024-01-24,2024-02-07,True,Trial
6491,4570,Pro,0,Cancelled,2024-01-24,2024-02-07,True,Trial
6492,4571,Enterprise,0,Cancelled,2024-01-24,2024-02-07,True,Trial
6493,4572,Enterprise,0,Active,2024-01-24,,True,Trial
6494,4572,Enterprise,499,Active,2024-12-07,,False,Recurring
6495,4573,Pro,0,Active,2024-01-24,,True,Trial
6496,4573,Pro,79,Active,2024-12-07,,False,Recurring
6497,4574,Pro,0,Cancelled,2024-01-24,2024-02-07,True,Trial
6498,4575,Pro,0,Active,2024-01-24,,True,Trial
6499,4575,Pro,79,Active,2024-12-07,,False,Recurring
6500,4576,Starter,0,Cancelled,2024-01-24,2024-02-07,True,Trial
6501,4577,Starter,0,Cancelled,2024-01-24,2024-02-07,True,Trial
6502,4578,Pro,0,Cancelled,2024-01-24,2024-02-07,True,Trial
6503,4579,Starter,0,Cancelled,2024-01-24,2024-02-07,True,Trial
6504,4580,Starter,0,Cancelled,2024-01-24,2024-02-07,True,Trial
6505,4581,Starter,0,Cancelled,2024-01-24,2024-02-07,True,Trial
6506,4582,Business,0,Cancelled,2024-01-25,2024-02-08,True,Trial
6507,4583,Business,0,Cancelled,2024-01-25,2024-02-08,True,Trial
6508,4584,Business,0,Cancelled,2024-01-25,2024-02-08,True,Trial
6509,4585,Enterprise,0,Active,2024-01-25,,True,Trial
6510,4585,Enterprise,499,Active,2024-12-08,,False,Recurring
6511,4586,Enterprise,0,Cancelled,2024-01-25,2024-02-08,True,Trial
6512,4587,Pro,0,Cancelled,2024-01-25,2024-02-08,True,Trial
6513,4588,Business,0,Active,2024-01-25,,True,Trial
6514,4588,Business,199,Downgraded,2024-08-08,2024-09-08,False,Contraction MRR
6515,4588,Pro,79,Active,2024-12-08,,False,Recurring
6516,4589,Starter,0,Active,2024-01-25,,True,Trial
6517,4589,Starter,29,Active,2024-12-08,,False,Recurring
6518,4590,Enterprise,0,Active,2024-01-25,,True,Trial
6519,4590,Enterprise,499,Active,2024-12-08,,False,Recurring
6520,4591,Pro,0,Cancelled,2024-01-25,2024-02-08,True,Trial
6521,4592,Starter,0,Cancelled,2024-01-25,2024-02-08,True,Trial
6522,4593,Business,0,Cancelled,2024-01-25,2024-02-08,True,Trial
6523,4594,Enterprise,0,Active,2024-01-25,,True,Trial
6524,4594,Enterprise,499,Downgraded,2024-05-08,2024-06-08,False,Contraction MRR
6525,4594,Business,199,Cancelled,2024-11-08,2024-12-08,False,Churned MRR
6526,4595,Pro,0,Cancelled,2024-01-25,2024-02-08,True,Trial
6527,4596,Pro,0,Cancelled,2024-01-25,2024-02-08,True,Trial
6528,4597,Enterprise,0,Cancelled,2024-01-25,2024-02-08,True,Trial
6529,4598,Starter,0,Cancelled,2024-01-25,2024-02-08,True,Trial
6530,4599,Pro,0,Cancelled,2024-01-26,2024-02-09,True,Trial
6531,4600,Business,0,Cancelled,2024-01-26,2024-02-09,True,Trial
6532,4601,Starter,0,Cancelled,2024-01-26,2024-02-09,True,Trial
6533,4602,Pro,0,Cancelled,2024-01-26,2024-02-09,True,Trial
6534,4603,Business,0,Active,2024-01-26,,True,Trial
6535,4603,Business,199,Active,2024-12-09,,False,Recurring
6536,4604,Pro,0,Cancelled,2024-01-26,2024-02-09,True,Trial
6537,4605,Starter,0,Cancelled,2024-01-26,2024-02-09,True,Trial
6538,4606,Starter,0,Cancelled,2024-01-26,2024-02-09,True,Trial
6539,4607,Pro,0,Cancelled,2024-01-26,2024-02-09,True,Trial
6540,4608,Starter,0,Active,2024-01-26,,True,Trial
6541,4608,Starter,29,Cancelled,2024-04-09,2024-05-09,False,Churned MRR
6542,4609,Enterprise,0,Cancelled,2024-01-26,2024-02-09,True,Trial
6543,4610,Business,0,Active,2024-01-26,,True,Trial
6544,4610,Business,199,Active,2024-12-09,,False,Recurring
6545,4611,Pro,0,Cancelled,2024-01-26,2024-02-09,True,Trial
6546,4612,Pro,0,Active,2024-01-26,,True,Trial
6547,4612,Pro,79,Active,2024-12-09,,False,Recurring
6548,4613,Pro,0,Cancelled,2024-01-26,2024-02-09,True,Trial
6549,4614,Pro,0,Active,2024-01-26,,True,Trial
6550,4614,Pro,79,Active,2024-12-09,,False,Recurring
6551,4615,Starter,0,Cancelled,2024-01-27,2024-02-10,True,Trial
6552,4616,Enterprise,0,Cancelled,2024-01-27,2024-02-10,True,Trial
6553,4617,Starter,0,Cancelled,2024-01-27,2024-02-10,True,Trial
6554,4618,Enterprise,0,Cancelled,2024-01-27,2024-02-10,True,Trial
6555,4619,Pro,0,Cancelled,2024-01-27,2024-02-10,True,Trial
6556,4620,Starter,0,Active,2024-01-27,,True,Trial
6557,4620,Starter,29,Cancelled,2024-04-10,2024-05-10,False,Churned MRR
6558,4621,Starter,0,Cancelled,2024-01-27,2024-02-10,True,Trial
6559,4622,Starter,0,Active,2024-01-28,,True,Trial
6560,4622,Starter,29,Cancelled,2024-10-11,2024-11-11,False,Churned MRR
6561,4623,Starter,0,Cancelled,2024-01-28,2024-02-11,True,Trial
6562,4624,Business,0,Active,2024-01-28,,True,Trial
6563,4624,Business,199,Active,2024-12-11,,False,Recurring
6564,4625,Business,0,Active,2024-01-28,,True,Trial
6565,4625,Business,199,Downgraded,2024-03-11,2024-04-11,False,Contraction MRR
6566,4625,Pro,79,Cancelled,2024-07-11,2024-08-11,False,Churned MRR
6567,4626,Starter,0,Cancelled,2024-01-28,2024-02-11,True,Trial
6568,4627,Starter,0,Cancelled,2024-01-28,2024-02-11,True,Trial
6569,4628,Starter,0,Cancelled,2024-01-28,2024-02-11,True,Trial
6570,4629,Business,0,Cancelled,2024-01-28,2024-02-11,True,Trial
6571,4630,Starter,0,Cancelled,2024-01-28,2024-02-11,True,Trial
6572,4631,Starter,0,Active,2024-01-28,,True,Trial
6573,4631,Starter,29,Cancelled,2024-02-11,2024-03-11,False,Churned MRR
6574,4632,Starter,0,Active,2024-01-28,,True,Trial
6575,4632,Starter,29,Upgraded,2024-08-11,2024-09-11,False,Expansion MRR
6576,4632,Pro,79,Cancelled,2024-11-11,2024-12-11,False,Churned MRR
6577,4633,Pro,0,Cancelled,2024-01-28,2024-02-11,True,Trial
6578,4634,Pro,0,Cancelled,2024-01-28,2024-02-11,True,Trial
6579,4635,Starter,0,Cancelled,2024-01-28,2024-02-11,True,Trial
6580,4636,Pro,0,Active,2024-01-28,,True,Trial
6581,4636,Pro,79,Downgraded,2024-07-11,2024-08-11,False,Contraction MRR
6582,4636,Starter,29,Cancelled,2024-09-11,2024-10-11,False,Churned MRR
6583,4637,Starter,0,Active,2024-01-28,,True,Trial
6584,4637,Starter,29,Active,2024-12-11,,False,Recurring
6585,4638,Enterprise,0,Cancelled,2024-01-28,2024-02-11,True,Trial
6586,4639,Starter,0,Active,2024-01-29,,True,Trial
6587,4639,Starter,29,Active,2024-12-12,,False,Recurring
6588,4640,Starter,0,Cancelled,2024-01-29,2024-02-12,True,Trial
6589,4641,Starter,0,Cancelled,2024-01-29,2024-02-12,True,Trial
6590,4642,Starter,0,Cancelled,2024-01-29,2024-02-12,True,Trial
6591,4643,Pro,0,Cancelled,2024-01-29,2024-02-12,True,Trial
6592,4644,Enterprise,0,Cancelled,2024-01-29,2024-02-12,True,Trial
6593,4645,Pro,0,Cancelled,2024-01-29,2024-02-12,True,Trial
6594,4646,Pro,0,Cancelled,2024-01-29,2024-02-12,True,Trial
6595,4647,Enterprise,0,Active,2024-01-29,,True,Trial
6596,4647,Enterprise,499,Active,2024-12-12,,False,Recurring
6597,4648,Pro,0,Cancelled,2024-01-29,2024-02-12,True,Trial
6598,4649,Starter,0,Cancelled,2024-01-29,2024-02-12,True,Trial
6599,4650,Starter,0,Cancelled,2024-01-29,2024-02-12,True,Trial
6600,4651,Starter,0,Cancelled,2024-01-29,2024-02-12,True,Trial
6601,4652,Starter,0,Cancelled,2024-01-29,2024-02-12,True,Trial
6602,4653,Starter,0,Active,2024-01-29,,True,Trial
6603,4653,Starter,29,Active,2024-12-12,,False,Recurring
6604,4654,Business,0,Cancelled,2024-01-29,2024-02-12,True,Trial
6605,4655,Starter,0,Cancelled,2024-01-30,2024-02-13,True,Trial
6606,4656,Enterprise,0,Cancelled,2024-01-30,2024-02-13,True,Trial
6607,4657,Business,0,Cancelled,2024-01-30,2024-02-13,True,Trial
6608,4658,Enterprise,0,Active,2024-01-30,,True,Trial
6609,4658,Enterprise,499,Downgraded,2024-02-13,2024-03-13,False,Contraction MRR
6610,4658,Business,199,Active,2024-12-13,,False,Recurring
6611,4659,Pro,0,Active,2024-01-31,,True,Trial
6612,4659,Pro,79,Active,2024-12-14,,False,Recurring
6613,4660,Pro,0,Cancelled,2024-01-31,2024-02-14,True,Trial
6614,4661,Business,0,Cancelled,2024-01-31,2024-02-14,True,Trial
6615,4662,Starter,0,Cancelled,2024-01-31,2024-02-14,True,Trial
6616,4663,Pro,0,Cancelled,2024-01-31,2024-02-14,True,Trial
6617,4664,Pro,0,Cancelled,2024-01-31,2024-02-14,True,Trial
6618,4665,Starter,0,Active,2024-01-31,,True,Trial
6619,4665,Starter,29,Cancelled,2024-11-14,2024-12-14,False,Churned MRR
6620,4666,Business,0,Active,2024-01-31,,True,Trial
6621,4666,Business,199,Active,2024-12-14,,False,Recurring
6622,4667,Starter,0,Cancelled,2024-01-31,2024-02-14,True,Trial
6623,4668,Starter,0,Cancelled,2024-01-31,2024-02-14,True,Trial
6624,4669,Starter,0,Cancelled,2024-01-31,2024-02-14,True,Trial
6625,4670,Business,0,Cancelled,2024-01-31,2024-02-14,True,Trial
6626,4671,Pro,0,Active,2024-01-31,,True,Trial
6627,4671,Pro,79,Upgraded,2024-08-14,2024-09-14,False,Expansion MRR
6628,4671,Business,199,Upgraded,2024-11-14,2024-12-14,False,Expansion MRR
6629,4671,Enterprise,499,Active,2024-12-14,,False,Expansion MRR
6630,4672,Enterprise,0,Cancelled,2024-01-31,2024-02-14,True,Trial
6631,4673,Starter,0,Active,2024-01-31,,True,Trial
6632,4673,Starter,29,Cancelled,2024-04-14,2024-05-14,False,Churned MRR
6633,4674,Enterprise,0,Cancelled,2024-01-31,2024-02-14,True,Trial
6634,4675,Pro,0,Active,2024-01-31,,True,Trial
6635,4675,Pro,79,Cancelled,2024-03-14,2024-04-14,False,Churned MRR
6636,4676,Enterprise,0,Cancelled,2024-02-01,2024-02-15,True,Trial
6637,4677,Business,0,Cancelled,2024-02-01,2024-02-15,True,Trial
6638,4678,Business,0,Active,2024-02-01,,True,Trial
6639,4678,Business,199,Active,2024-12-15,,False,Recurring
6640,4679,Enterprise,0,Cancelled,2024-02-01,2024-02-15,True,Trial
6641,4680,Starter,0,Cancelled,2024-02-01,2024-02-15,True,Trial
6642,4681,Pro,0,Cancelled,2024-02-01,2024-02-15,True,Trial
6643,4682,Pro,0,Active,2024-02-01,,True,Trial
6644,4682,Pro,79,Active,2024-12-15,,False,Recurring
6645,4683,Business,0,Cancelled,2024-02-01,2024-02-15,True,Trial
6646,4684,Pro,0,Active,2024-02-01,,True,Trial
6647,4684,Pro,79,Active,2024-12-15,,False,Recurring
6648,4685,Pro,0,Cancelled,2024-02-01,2024-02-15,True,Trial
6649,4686,Business,0,Cancelled,2024-02-01,2024-02-15,True,Trial
6650,4687,Starter,0,Cancelled,2024-02-01,2024-02-15,True,Trial
6651,4688,Starter,0,Cancelled,2024-02-01,2024-02-15,True,Trial
6652,4689,Starter,0,Cancelled,2024-02-01,2024-02-15,True,Trial
6653,4690,Starter,0,Cancelled,2024-02-01,2024-02-15,True,Trial
6654,4691,Pro,0,Cancelled,2024-02-01,2024-02-15,True,Trial
6655,4692,Starter,0,Cancelled,2024-02-02,2024-02-16,True,Trial
6656,4693,Enterprise,0,Active,2024-02-02,,True,Trial
6657,4693,Enterprise,499,Downgraded,2024-09-16,2024-10-16,False,Contraction MRR
6658,4693,Business,199,Active,2024-12-16,,False,Recurring
6659,4694,Pro,0,Cancelled,2024-02-02,2024-02-16,True,Trial
6660,4695,Enterprise,0,Cancelled,2024-02-02,2024-02-16,True,Trial
6661,4696,Pro,0,Active,2024-02-02,,True,Trial
6662,4696,Pro,79,Active,2024-12-16,,False,Recurring
6663,4697,Pro,0,Cancelled,2024-02-02,2024-02-16,True,Trial
6664,4698,Starter,0,Cancelled,2024-02-02,2024-02-16,True,Trial
6665,4699,Pro,0,Cancelled,2024-02-02,2024-02-16,True,Trial
6666,4700,Business,0,Cancelled,2024-02-02,2024-02-16,True,Trial
6667,4701,Starter,0,Cancelled,2024-02-02,2024-02-16,True,Trial
6668,4702,Pro,0,Cancelled,2024-02-02,2024-02-16,True,Trial
6669,4703,Starter,0,Cancelled,2024-02-02,2024-02-16,True,Trial
6670,4704,Enterprise,0,Active,2024-02-02,,True,Trial
6671,4704,Enterprise,499,Active,2024-12-16,,False,Recurring
6672,4705,Pro,0,Cancelled,2024-02-02,2024-02-16,True,Trial
6673,4706,Business,0,Cancelled,2024-02-02,2024-02-16,True,Trial
6674,4707,Pro,0,Active,2024-02-02,,True,Trial
6675,4707,Pro,79,Cancelled,2024-05-16,2024-06-16,False,Churned MRR
6676,4708,Starter,0,Cancelled,2024-02-02,2024-02-16,True,Trial
6677,4709,Enterprise,0,Cancelled,2024-02-02,2024-02-16,True,Trial
6678,4710,Enterprise,0,Active,2024-02-03,,True,Trial
6679,4710,Enterprise,499,Active,2024-12-17,,False,Recurring
6680,4711,Starter,0,Cancelled,2024-02-03,2024-02-17,True,Trial
6681,4712,Starter,0,Cancelled,2024-02-03,2024-02-17,True,Trial
6682,4713,Starter,0,Cancelled,2024-02-03,2024-02-17,True,Trial
6683,4714,Enterprise,0,Active,2024-02-03,,True,Trial
6684,4714,Enterprise,499,Downgraded,2024-07-17,2024-08-17,False,Contraction MRR
6685,4714,Business,199,Active,2024-12-17,,False,Recurring
6686,4715,Business,0,Cancelled,2024-02-03,2024-02-17,True,Trial
6687,4716,Pro,0,Cancelled,2024-02-03,2024-02-17,True,Trial
6688,4717,Starter,0,Active,2024-02-03,,True,Trial
6689,4717,Starter,29,Upgraded,2024-06-17,2024-07-17,False,Expansion MRR
6690,4717,Pro,79,Active,2024-12-17,,False,Recurring
6691,4718,Business,0,Cancelled,2024-02-03,2024-02-17,True,Trial
6692,4719,Pro,0,Active,2024-02-03,,True,Trial
6693,4719,Pro,79,Upgraded,2024-07-17,2024-08-17,False,Expansion MRR
6694,4719,Business,199,Downgraded,2024-09-17,2024-10-17,False,Contraction MRR
6695,4719,Pro,79,Active,2024-12-17,,False,Recurring
6696,4720,Pro,0,Cancelled,2024-02-03,2024-02-17,True,Trial
6697,4721,Pro,0,Active,2024-02-03,,True,Trial
6698,4721,Pro,79,Cancelled,2024-06-17,2024-07-17,False,Churned MRR
6699,4722,Pro,0,Cancelled,2024-02-03,2024-02-17,True,Trial
6700,4723,Starter,0,Cancelled,2024-02-04,2024-02-18,True,Trial
6701,4724,Starter,0,Cancelled,2024-02-04,2024-02-18,True,Trial
6702,4725,Business,0,Cancelled,2024-02-04,2024-02-18,True,Trial
6703,4726,Starter,0,Cancelled,2024-02-04,2024-02-18,True,Trial
6704,4727,Business,0,Cancelled,2024-02-04,2024-02-18,True,Trial
6705,4728,Pro,0,Cancelled,2024-02-04,2024-02-18,True,Trial
6706,4729,Starter,0,Active,2024-02-04,,True,Trial
6707,4729,Starter,29,Cancelled,2024-03-18,2024-04-18,False,Churned MRR
6708,4730,Starter,0,Cancelled,2024-02-04,2024-02-18,True,Trial
6709,4731,Starter,0,Active,2024-02-04,,True,Trial
6710,4731,Starter,29,Active,2024-12-18,,False,Recurring
6711,4732,Enterprise,0,Active,2024-02-04,,True,Trial
6712,4732,Enterprise,499,Active,2024-12-18,,False,Recurring
6713,4733,Starter,0,Cancelled,2024-02-04,2024-02-18,True,Trial
6714,4734,Starter,0,Cancelled,2024-02-04,2024-02-18,True,Trial
6715,4735,Starter,0,Cancelled,2024-02-04,2024-02-18,True,Trial
6716,4736,Starter,0,Cancelled,2024-02-05,2024-02-19,True,Trial
6717,4737,Business,0,Cancelled,2024-02-05,2024-02-19,True,Trial
6718,4738,Starter,0,Active,2024-02-05,,True,Trial
6719,4738,Starter,29,Cancelled,2024-04-19,2024-05-19,False,Churned MRR
6720,4739,Business,0,Cancelled,2024-02-05,2024-02-19,True,Trial
6721,4740,Business,0,Cancelled,2024-02-05,2024-02-19,True,Trial
6722,4741,Enterprise,0,Cancelled,2024-02-05,2024-02-19,True,Trial
6723,4742,Starter,0,Cancelled,2024-02-05,2024-02-19,True,Trial
6724,4743,Business,0,Cancelled,2024-02-05,2024-02-19,True,Trial
6725,4744,Pro,0,Cancelled,2024-02-05,2024-02-19,True,Trial
6726,4745,Starter,0,Active,2024-02-05,,True,Trial
6727,4745,Starter,29,Cancelled,2024-06-19,2024-07-19,False,Churned MRR
6728,4746,Business,0,Cancelled,2024-02-05,2024-02-19,True,Trial
6729,4747,Enterprise,0,Cancelled,2024-02-05,2024-02-19,True,Trial
6730,4748,Enterprise,0,Cancelled,2024-02-05,2024-02-19,True,Trial
6731,4749,Starter,0,Cancelled,2024-02-05,2024-02-19,True,Trial
6732,4750,Pro,0,Cancelled,2024-02-06,2024-02-20,True,Trial
6733,4751,Starter,0,Cancelled,2024-02-06,2024-02-20,True,Trial
6734,4752,Pro,0,Cancelled,2024-02-06,2024-02-20,True,Trial
6735,4753,Enterprise,0,Cancelled,2024-02-06,2024-02-20,True,Trial
6736,4754,Starter,0,Active,2024-02-06,,True,Trial
6737,4754,Starter,29,Active,2024-12-20,,False,Recurring
6738,4755,Starter,0,Active,2024-02-06,,True,Trial
6739,4755,Starter,29,Cancelled,2024-04-20,2024-05-20,False,Churned MRR
6740,4756,Starter,0,Active,2024-02-06,,True,Trial
6741,4756,Starter,29,Cancelled,2024-06-20,2024-07-20,False,Churned MRR
6742,4757,Enterprise,0,Cancelled,2024-02-06,2024-02-20,True,Trial
6743,4758,Business,0,Cancelled,2024-02-07,2024-02-21,True,Trial
6744,4759,Starter,0,Cancelled,2024-02-07,2024-02-21,True,Trial
6745,4760,Starter,0,Cancelled,2024-02-07,2024-02-21,True,Trial
6746,4761,Pro,0,Active,2024-02-07,,True,Trial
6747,4761,Pro,79,Downgraded,2024-09-21,2024-10-21,False,Contraction MRR
6748,4761,Starter,29,Active,2024-12-21,,False,Recurring
6749,4762,Business,0,Active,2024-02-07,,True,Trial
6750,4762,Business,199,Active,2024-12-21,,False,Recurring
6751,4763,Starter,0,Cancelled,2024-02-07,2024-02-21,True,Trial
6752,4764,Business,0,Cancelled,2024-02-07,2024-02-21,True,Trial
6753,4765,Pro,0,Cancelled,2024-02-07,2024-02-21,True,Trial
6754,4766,Starter,0,Cancelled,2024-02-07,2024-02-21,True,Trial
6755,4767,Business,0,Cancelled,2024-02-07,2024-02-21,True,Trial
6756,4768,Pro,0,Cancelled,2024-02-08,2024-02-22,True,Trial
6757,4769,Starter,0,Active,2024-02-08,,True,Trial
6758,4769,Starter,29,Cancelled,2024-12-22,2025-01-01,False,Churned MRR
6759,4770,Starter,0,Active,2024-02-08,,True,Trial
6760,4770,Starter,29,Cancelled,2024-04-22,2024-05-22,False,Churned MRR
6761,4771,Enterprise,0,Cancelled,2024-02-08,2024-02-22,True,Trial
6762,4772,Business,0,Cancelled,2024-02-08,2024-02-22,True,Trial
6763,4773,Pro,0,Cancelled,2024-02-08,2024-02-22,True,Trial
6764,4774,Pro,0,Active,2024-02-08,,True,Trial
6765,4774,Pro,79,Downgraded,2024-10-22,2024-11-22,False,Contraction MRR
6766,4774,Starter,29,Active,2024-12-22,,False,Recurring
6767,4775,Starter,0,Cancelled,2024-02-08,2024-02-22,True,Trial
6768,4776,Business,0,Cancelled,2024-02-08,2024-02-22,True,Trial
6769,4777,Enterprise,0,Active,2024-02-08,,True,Trial
6770,4777,Enterprise,499,Downgraded,2024-12-22,2025-01-22,False,Contraction MRR
6771,4778,Pro,0,Cancelled,2024-02-08,2024-02-22,True,Trial
6772,4779,Pro,0,Cancelled,2024-02-08,2024-02-22,True,Trial
6773,4780,Business,0,Cancelled,2024-02-08,2024-02-22,True,Trial
6774,4781,Pro,0,Cancelled,2024-02-09,2024-02-23,True,Trial
6775,4782,Pro,0,Cancelled,2024-02-09,2024-02-23,True,Trial
6776,4783,Starter,0,Active,2024-02-09,,True,Trial
6777,4783,Starter,29,Cancelled,2024-02-23,2024-03-23,False,Churned MRR
6778,4784,Enterprise,0,Cancelled,2024-02-09,2024-02-23,True,Trial
6779,4785,Enterprise,0,Active,2024-02-09,,True,Trial
6780,4785,Enterprise,499,Active,2024-12-23,,False,Recurring
6781,4786,Pro,0,Cancelled,2024-02-09,2024-02-23,True,Trial
6782,4787,Business,0,Cancelled,2024-02-09,2024-02-23,True,Trial
6783,4788,Starter,0,Cancelled,2024-02-09,2024-02-23,True,Trial
6784,4789,Starter,0,Cancelled,2024-02-09,2024-02-23,True,Trial
6785,4790,Business,0,Cancelled,2024-02-09,2024-02-23,True,Trial
6786,4791,Starter,0,Cancelled,2024-02-09,2024-02-23,True,Trial
6787,4792,Enterprise,0,Cancelled,2024-02-09,2024-02-23,True,Trial
6788,4793,Enterprise,0,Active,2024-02-10,,True,Trial
6789,4793,Enterprise,499,Cancelled,2024-10-24,2024-11-24,False,Churned MRR
6790,4794,Business,0,Active,2024-02-10,,True,Trial
6791,4794,Business,199,Cancelled,2024-10-24,2024-11-24,False,Churned MRR
6792,4795,Business,0,Cancelled,2024-02-10,2024-02-24,True,Trial
6793,4796,Starter,0,Cancelled,2024-02-10,2024-02-24,True,Trial
6794,4797,Starter,0,Cancelled,2024-02-10,2024-02-24,True,Trial
6795,4798,Enterprise,0,Active,2024-02-10,,True,Trial
6796,4798,Enterprise,499,Downgraded,2024-10-24,2024-11-24,False,Contraction MRR
6797,4798,Business,199,Active,2024-12-24,,False,Recurring
6798,4799,Starter,0,Cancelled,2024-02-10,2024-02-24,True,Trial
6799,4800,Pro,0,Cancelled,2024-02-10,2024-02-24,True,Trial
6800,4801,Business,0,Cancelled,2024-02-10,2024-02-24,True,Trial
6801,4802,Business,0,Active,2024-02-10,,True,Trial
6802,4802,Business,199,Active,2024-12-24,,False,Recurring
6803,4803,Starter,0,Cancelled,2024-02-10,2024-02-24,True,Trial
6804,4804,Starter,0,Cancelled,2024-02-10,2024-02-24,True,Trial
6805,4805,Pro,0,Active,2024-02-10,,True,Trial
6806,4805,Pro,79,Upgraded,2024-05-24,2024-06-24,False,Expansion MRR
6807,4805,Business,199,Active,2024-12-24,,False,Recurring
6808,4806,Business,0,Cancelled,2024-02-11,2024-02-25,True,Trial
6809,4807,Starter,0,Cancelled,2024-02-11,2024-02-25,True,Trial
6810,4808,Starter,0,Cancelled,2024-02-11,2024-02-25,True,Trial
6811,4809,Enterprise,0,Active,2024-02-11,,True,Trial
6812,4809,Enterprise,499,Active,2024-12-25,,False,Recurring
6813,4810,Business,0,Cancelled,2024-02-11,2024-02-25,True,Trial
6814,4811,Pro,0,Cancelled,2024-02-11,2024-02-25,True,Trial
6815,4812,Pro,0,Cancelled,2024-02-11,2024-02-25,True,Trial
6816,4813,Pro,0,Active,2024-02-11,,True,Trial
6817,4813,Pro,79,Cancelled,2024-10-25,2024-11-25,False,Churned MRR
6818,4814,Pro,0,Cancelled,2024-02-12,2024-02-26,True,Trial
6819,4815,Pro,0,Cancelled,2024-02-12,2024-02-26,True,Trial
6820,4816,Pro,0,Cancelled,2024-02-12,2024-02-26,True,Trial
6821,4817,Enterprise,0,Active,2024-02-12,,True,Trial
6822,4817,Enterprise,499,Active,2024-12-26,,False,Recurring
6823,4818,Pro,0,Cancelled,2024-02-12,2024-02-26,True,Trial
6824,4819,Enterprise,0,Cancelled,2024-02-12,2024-02-26,True,Trial
6825,4820,Enterprise,0,Active,2024-02-12,,True,Trial
6826,4820,Enterprise,499,Active,2024-12-26,,False,Recurring
6827,4821,Starter,0,Cancelled,2024-02-12,2024-02-26,True,Trial
6828,4822,Business,0,Active,2024-02-12,,True,Trial
6829,4822,Business,199,Cancelled,2024-02-26,2024-03-26,False,Churned MRR
6830,4823,Enterprise,0,Cancelled,2024-02-12,2024-02-26,True,Trial
6831,4824,Starter,0,Cancelled,2024-02-12,2024-02-26,True,Trial
6832,4825,Pro,0,Cancelled,2024-02-12,2024-02-26,True,Trial
6833,4826,Pro,0,Cancelled,2024-02-12,2024-02-26,True,Trial
6834,4827,Enterprise,0,Cancelled,2024-02-12,2024-02-26,True,Trial
6835,4828,Pro,0,Active,2024-02-13,,True,Trial
6836,4828,Pro,79,Upgraded,2024-07-27,2024-08-27,False,Expansion MRR
6837,4828,Business,199,Active,2024-12-27,,False,Recurring
6838,4829,Starter,0,Active,2024-02-13,,True,Trial
6839,4829,Starter,29,Cancelled,2024-03-27,2024-04-27,False,Churned MRR
6840,4830,Business,0,Cancelled,2024-02-13,2024-02-27,True,Trial
6841,4831,Business,0,Cancelled,2024-02-13,2024-02-27,True,Trial
6842,4832,Business,0,Cancelled,2024-02-13,2024-02-27,True,Trial
6843,4833,Enterprise,0,Active,2024-02-13,,True,Trial
6844,4833,Enterprise,499,Downgraded,2024-03-27,2024-04-27,False,Contraction MRR
6845,4833,Business,199,Cancelled,2024-11-27,2024-12-27,False,Churned MRR
6846,4834,Pro,0,Cancelled,2024-02-13,2024-02-27,True,Trial
6847,4835,Starter,0,Cancelled,2024-02-13,2024-02-27,True,Trial
6848,4836,Starter,0,Cancelled,2024-02-13,2024-02-27,True,Trial
6849,4837,Business,0,Cancelled,2024-02-13,2024-02-27,True,Trial
6850,4838,Enterprise,0,Active,2024-02-13,,True,Trial
6851,4838,Enterprise,499,Active,2024-12-27,,False,Recurring
6852,4839,Pro,0,Cancelled,2024-02-13,2024-02-27,True,Trial
6853,4840,Enterprise,0,Cancelled,2024-02-13,2024-02-27,True,Trial
6854,4841,Starter,0,Cancelled,2024-02-13,2024-02-27,True,Trial
6855,4842,Starter,0,Cancelled,2024-02-13,2024-02-27,True,Trial
6856,4843,Starter,0,Cancelled,2024-02-14,2024-02-28,True,Trial
6857,4844,Starter,0,Cancelled,2024-02-14,2024-02-28,True,Trial
6858,4845,Enterprise,0,Active,2024-02-14,,True,Trial
6859,4845,Enterprise,499,Active,2024-12-28,,False,Recurring
6860,4846,Pro,0,Cancelled,2024-02-14,2024-02-28,True,Trial
6861,4847,Pro,0,Cancelled,2024-02-14,2024-02-28,True,Trial
6862,4848,Pro,0,Active,2024-02-14,,True,Trial
6863,4848,Pro,79,Cancelled,2024-09-28,2024-10-28,False,Churned MRR
6864,4849,Pro,0,Cancelled,2024-02-14,2024-02-28,True,Trial
6865,4850,Pro,0,Cancelled,2024-02-14,2024-02-28,True,Trial
6866,4851,Pro,0,Active,2024-02-14,,True,Trial
6867,4851,Pro,79,Active,2024-12-28,,False,Recurring
6868,4852,Pro,0,Cancelled,2024-02-14,2024-02-28,True,Trial
6869,4853,Pro,0,Cancelled,2024-02-14,2024-02-28,True,Trial
6870,4854,Pro,0,Cancelled,2024-02-14,2024-02-28,True,Trial
6871,4855,Pro,0,Active,2024-02-14,,True,Trial
6872,4855,Pro,79,Active,2024-12-28,,False,Recurring
6873,4856,Business,0,Cancelled,2024-02-14,2024-02-28,True,Trial
6874,4857,Starter,0,Cancelled,2024-02-14,2024-02-28,True,Trial
6875,4858,Starter,0,Cancelled,2024-02-15,2024-02-29,True,Trial
6876,4859,Starter,0,Cancelled,2024-02-15,2024-02-29,True,Trial
6877,4860,Pro,0,Cancelled,2024-02-15,2024-02-29,True,Trial
6878,4861,Starter,0,Cancelled,2024-02-16,2024-03-01,True,Trial
6879,4862,Starter,0,Cancelled,2024-02-16,2024-03-01,True,Trial
6880,4863,Pro,0,Cancelled,2024-02-16,2024-03-01,True,Trial
6881,4864,Business,0,Active,2024-02-16,,True,Trial
6882,4864,Business,199,Cancelled,2024-11-01,2024-12-01,False,Churned MRR
6883,4865,Starter,0,Active,2024-02-16,,True,Trial
6884,4865,Starter,29,Cancelled,2024-08-01,2024-09-01,False,Churned MRR
6885,4866,Pro,0,Cancelled,2024-02-16,2024-03-01,True,Trial
6886,4867,Starter,0,Cancelled,2024-02-17,2024-03-02,True,Trial
6887,4868,Pro,0,Active,2024-02-17,,True,Trial
6888,4868,Pro,79,Upgraded,2024-06-02,2024-07-02,False,Expansion MRR
6889,4868,Business,199,Active,2024-12-02,,False,Recurring
6890,4869,Pro,0,Cancelled,2024-02-17,2024-03-02,True,Trial
6891,4870,Business,0,Active,2024-02-17,,True,Trial
6892,4870,Business,199,Downgraded,2024-04-02,2024-05-02,False,Contraction MRR
6893,4870,Pro,79,Active,2024-12-02,,False,Recurring
6894,4871,Pro,0,Active,2024-02-17,,True,Trial
6895,4871,Pro,79,Active,2024-12-02,,False,Recurring
6896,4872,Enterprise,0,Active,2024-02-17,,True,Trial
6897,4872,Enterprise,499,Downgraded,2024-04-02,2024-05-02,False,Contraction MRR
6898,4872,Business,199,Cancelled,2024-12-02,2025-01-01,False,Churned MRR
6899,4873,Pro,0,Cancelled,2024-02-17,2024-03-02,True,Trial
6900,4874,Starter,0,Cancelled,2024-02-17,2024-03-02,True,Trial
6901,4875,Pro,0,Cancelled,2024-02-17,2024-03-02,True,Trial
6902,4876,Business,0,Active,2024-02-17,,True,Trial
6903,4876,Business,199,Upgraded,2024-12-02,2025-01-02,False,Expansion MRR
6904,4877,Business,0,Cancelled,2024-02-17,2024-03-02,True,Trial
6905,4878,Business,0,Cancelled,2024-02-17,2024-03-02,True,Trial
6906,4879,Starter,0,Cancelled,2024-02-17,2024-03-02,True,Trial
6907,4880,Starter,0,Cancelled,2024-02-17,2024-03-02,True,Trial
6908,4881,Business,0,Active,2024-02-17,,True,Trial
6909,4881,Business,199,Upgraded,2024-04-02,2024-05-02,False,Expansion MRR
6910,4881,Enterprise,499,Downgraded,2024-05-02,2024-06-02,False,Contraction MRR
6911,4881,Business,199,Active,2024-12-02,,False,Recurring
6912,4882,Starter,0,Cancelled,2024-02-17,2024-03-02,True,Trial
6913,4883,Starter,0,Cancelled,2024-02-18,2024-03-03,True,Trial
6914,4884,Pro,0,Cancelled,2024-02-18,2024-03-03,True,Trial
6915,4885,Enterprise,0,Active,2024-02-18,,True,Trial
6916,4885,Enterprise,499,Downgraded,2024-11-03,2024-12-03,False,Contraction MRR
6917,4885,Business,199,Active,2024-12-03,,False,Contraction MRR
6918,4886,Pro,0,Active,2024-02-18,,True,Trial
6919,4886,Pro,79,Upgraded,2024-12-03,2025-01-03,False,Expansion MRR
6920,4887,Pro,0,Cancelled,2024-02-18,2024-03-03,True,Trial
6921,4888,Enterprise,0,Cancelled,2024-02-18,2024-03-03,True,Trial
6922,4889,Pro,0,Cancelled,2024-02-18,2024-03-03,True,Trial
6923,4890,Pro,0,Cancelled,2024-02-18,2024-03-03,True,Trial
6924,4891,Starter,0,Cancelled,2024-02-18,2024-03-03,True,Trial
6925,4892,Enterprise,0,Active,2024-02-18,,True,Trial
6926,4892,Enterprise,499,Active,2024-12-03,,False,Recurring
6927,4893,Business,0,Cancelled,2024-02-18,2024-03-03,True,Trial
6928,4894,Pro,0,Cancelled,2024-02-18,2024-03-03,True,Trial
6929,4895,Pro,0,Cancelled,2024-02-18,2024-03-03,True,Trial
6930,4896,Pro,0,Cancelled,2024-02-18,2024-03-03,True,Trial
6931,4897,Starter,0,Cancelled,2024-02-19,2024-03-04,True,Trial
6932,4898,Business,0,Active,2024-02-19,,True,Trial
6933,4898,Business,199,Active,2024-12-04,,False,Recurring
6934,4899,Enterprise,0,Active,2024-02-19,,True,Trial
6935,4899,Enterprise,499,Active,2024-12-04,,False,Recurring
6936,4900,Enterprise,0,Cancelled,2024-02-19,2024-03-04,True,Trial
6937,4901,Pro,0,Cancelled,2024-02-19,2024-03-04,True,Trial
6938,4902,Starter,0,Active,2024-02-19,,True,Trial
6939,4902,Starter,29,Active,2024-12-04,,False,Recurring
6940,4903,Starter,0,Active,2024-02-19,,True,Trial
6941,4903,Starter,29,Active,2024-12-04,,False,Recurring
6942,4904,Starter,0,Active,2024-02-19,,True,Trial
6943,4904,Starter,29,Cancelled,2024-03-04,2024-04-04,False,Churned MRR
6944,4904,Starter,29,Active,2024-09-04,,False,Reactivation MRR
6945,4905,Enterprise,0,Cancelled,2024-02-19,2024-03-04,True,Trial
6946,4906,Pro,0,Cancelled,2024-02-19,2024-03-04,True,Trial
6947,4907,Pro,0,Cancelled,2024-02-19,2024-03-04,True,Trial
6948,4908,Pro,0,Cancelled,2024-02-19,2024-03-04,True,Trial
6949,4909,Business,0,Active,2024-02-19,,True,Trial
6950,4909,Business,199,Active,2024-12-04,,False,Recurring
6951,4910,Starter,0,Active,2024-02-19,,True,Trial
6952,4910,Starter,29,Cancelled,2024-11-04,2024-12-04,False,Churned MRR
6953,4911,Starter,0,Cancelled,2024-02-19,2024-03-04,True,Trial
6954,4912,Starter,0,Cancelled,2024-02-19,2024-03-04,True,Trial
6955,4913,Business,0,Cancelled,2024-02-19,2024-03-04,True,Trial
6956,4914,Business,0,Cancelled,2024-02-19,2024-03-04,True,Trial
6957,4915,Starter,0,Cancelled,2024-02-19,2024-03-04,True,Trial
6958,4916,Starter,0,Cancelled,2024-02-19,2024-03-04,True,Trial
6959,4917,Pro,0,Cancelled,2024-02-20,2024-03-05,True,Trial
6960,4918,Starter,0,Cancelled,2024-02-20,2024-03-05,True,Trial
6961,4919,Enterprise,0,Active,2024-02-20,,True,Trial
6962,4919,Enterprise,499,Downgraded,2024-05-05,2024-06-05,False,Contraction MRR
6963,4919,Business,199,Active,2024-12-05,,False,Recurring
6964,4920,Starter,0,Active,2024-02-20,,True,Trial
6965,4920,Starter,29,Cancelled,2024-08-05,2024-09-05,False,Churned MRR
6966,4921,Pro,0,Cancelled,2024-02-20,2024-03-05,True,Trial
6967,4922,Starter,0,Cancelled,2024-02-20,2024-03-05,True,Trial
6968,4923,Enterprise,0,Cancelled,2024-02-20,2024-03-05,True,Trial
6969,4924,Starter,0,Cancelled,2024-02-20,2024-03-05,True,Trial
6970,4925,Business,0,Cancelled,2024-02-20,2024-03-05,True,Trial
6971,4926,Pro,0,Active,2024-02-20,,True,Trial
6972,4926,Pro,79,Upgraded,2024-07-05,2024-08-05,False,Expansion MRR
6973,4926,Business,199,Active,2024-12-05,,False,Recurring
6974,4927,Business,0,Active,2024-02-20,,True,Trial
6975,4927,Business,199,Active,2024-12-05,,False,Recurring
6976,4928,Business,0,Cancelled,2024-02-20,2024-03-05,True,Trial
6977,4929,Pro,0,Cancelled,2024-02-20,2024-03-05,True,Trial
6978,4930,Pro,0,Cancelled,2024-02-20,2024-03-05,True,Trial
6979,4931,Starter,0,Cancelled,2024-02-20,2024-03-05,True,Trial
6980,4932,Business,0,Active,2024-02-20,,True,Trial
6981,4932,Business,199,Active,2024-12-05,,False,Recurring
6982,4933,Pro,0,Active,2024-02-21,,True,Trial
6983,4933,Pro,79,Active,2024-12-06,,False,Recurring
6984,4934,Enterprise,0,Cancelled,2024-02-21,2024-03-06,True,Trial
6985,4935,Starter,0,Cancelled,2024-02-21,2024-03-06,True,Trial
6986,4936,Starter,0,Cancelled,2024-02-21,2024-03-06,True,Trial
6987,4937,Starter,0,Cancelled,2024-02-21,2024-03-06,True,Trial
6988,4938,Pro,0,Cancelled,2024-02-21,2024-03-06,True,Trial
6989,4939,Business,0,Active,2024-02-21,,True,Trial
6990,4939,Business,199,Active,2024-12-06,,False,Recurring
6991,4940,Pro,0,Cancelled,2024-02-21,2024-03-06,True,Trial
6992,4941,Pro,0,Active,2024-02-21,,True,Trial
6993,4941,Pro,79,Cancelled,2024-12-06,2025-01-01,False,Churned MRR
6994,4942,Starter,0,Cancelled,2024-02-21,2024-03-06,True,Trial
6995,4943,Pro,0,Cancelled,2024-02-21,2024-03-06,True,Trial
6996,4944,Business,0,Cancelled,2024-02-21,2024-03-06,True,Trial
6997,4945,Pro,0,Cancelled,2024-02-21,2024-03-06,True,Trial
6998,4946,Starter,0,Cancelled,2024-02-21,2024-03-06,True,Trial
6999,4947,Enterprise,0,Cancelled,2024-02-21,2024-03-06,True,Trial
7000,4948,Business,0,Cancelled,2024-02-22,2024-03-07,True,Trial
7001,4949,Starter,0,Cancelled,2024-02-22,2024-03-07,True,Trial
7002,4950,Starter,0,Cancelled,2024-02-22,2024-03-07,True,Trial
7003,4951,Starter,0,Cancelled,2024-02-22,2024-03-07,True,Trial
7004,4952,Starter,0,Cancelled,2024-02-22,2024-03-07,True,Trial
7005,4953,Pro,0,Cancelled,2024-02-22,2024-03-07,True,Trial
7006,4954,Starter,0,Cancelled,2024-02-22,2024-03-07,True,Trial
7007,4955,Business,0,Cancelled,2024-02-22,2024-03-07,True,Trial
7008,4956,Enterprise,0,Cancelled,2024-02-22,2024-03-07,True,Trial
7009,4957,Enterprise,0,Cancelled,2024-02-22,2024-03-07,True,Trial
7010,4958,Pro,0,Cancelled,2024-02-22,2024-03-07,True,Trial
7011,4959,Starter,0,Cancelled,2024-02-22,2024-03-07,True,Trial
7012,4960,Business,0,Active,2024-02-22,,True,Trial
7013,4960,Business,199,Active,2024-12-07,,False,Recurring
7014,4961,Business,0,Active,2024-02-22,,True,Trial
7015,4961,Business,199,Active,2024-12-07,,False,Recurring
7016,4962,Starter,0,Cancelled,2024-02-22,2024-03-07,True,Trial
7017,4963,Pro,0,Active,2024-02-23,,True,Trial
7018,4963,Pro,79,Active,2024-12-08,,False,Recurring
7019,4964,Starter,0,Cancelled,2024-02-23,2024-03-08,True,Trial
7020,4965,Enterprise,0,Active,2024-02-23,,True,Trial
7021,4965,Enterprise,499,Active,2024-12-08,,False,Recurring
7022,4966,Starter,0,Cancelled,2024-02-23,2024-03-08,True,Trial
7023,4967,Pro,0,Cancelled,2024-02-23,2024-03-08,True,Trial
7024,4968,Starter,0,Cancelled,2024-02-23,2024-03-08,True,Trial
7025,4969,Starter,0,Cancelled,2024-02-23,2024-03-08,True,Trial
7026,4970,Business,0,Cancelled,2024-02-23,2024-03-08,True,Trial
7027,4971,Business,0,Cancelled,2024-02-23,2024-03-08,True,Trial
7028,4972,Starter,0,Cancelled,2024-02-23,2024-03-08,True,Trial
7029,4973,Starter,0,Active,2024-02-23,,True,Trial
7030,4973,Starter,29,Active,2024-12-08,,False,Recurring
7031,4974,Starter,0,Cancelled,2024-02-23,2024-03-08,True,Trial
7032,4975,Pro,0,Cancelled,2024-02-23,2024-03-08,True,Trial
7033,4976,Enterprise,0,Cancelled,2024-02-23,2024-03-08,True,Trial
7034,4977,Pro,0,Active,2024-02-23,,True,Trial
7035,4977,Pro,79,Cancelled,2024-11-08,2024-12-08,False,Churned MRR
7036,4978,Pro,0,Active,2024-02-24,,True,Trial
7037,4978,Pro,79,Cancelled,2024-04-09,2024-05-09,False,Churned MRR
7038,4979,Pro,0,Cancelled,2024-02-24,2024-03-09,True,Trial
7039,4980,Pro,0,Cancelled,2024-02-24,2024-03-09,True,Trial
7040,4981,Pro,0,Cancelled,2024-02-24,2024-03-09,True,Trial
7041,4982,Starter,0,Active,2024-02-24,,True,Trial
7042,4982,Starter,29,Upgraded,2024-09-09,2024-10-09,False,Expansion MRR
7043,4982,Pro,79,Active,2024-12-09,,False,Recurring
7044,4983,Enterprise,0,Cancelled,2024-02-24,2024-03-09,True,Trial
7045,4984,Enterprise,0,Cancelled,2024-02-25,2024-03-10,True,Trial
7046,4985,Pro,0,Active,2024-02-25,,True,Trial
7047,4985,Pro,79,Downgraded,2024-05-10,2024-06-10,False,Contraction MRR
7048,4985,Starter,29,Cancelled,2024-08-10,2024-09-10,False,Churned MRR
7049,4986,Starter,0,Cancelled,2024-02-25,2024-03-10,True,Trial
7050,4987,Enterprise,0,Active,2024-02-25,,True,Trial
7051,4987,Enterprise,499,Downgraded,2024-12-10,2025-01-10,False,Contraction MRR
7052,4988,Enterprise,0,Cancelled,2024-02-25,2024-03-10,True,Trial
7053,4989,Business,0,Cancelled,2024-02-25,2024-03-10,True,Trial
7054,4990,Pro,0,Cancelled,2024-02-25,2024-03-10,True,Trial
7055,4991,Pro,0,Cancelled,2024-02-25,2024-03-10,True,Trial
7056,4992,Pro,0,Cancelled,2024-02-25,2024-03-10,True,Trial
7057,4993,Business,0,Cancelled,2024-02-25,2024-03-10,True,Trial
7058,4994,Pro,0,Cancelled,2024-02-25,2024-03-10,True,Trial
7059,4995,Pro,0,Active,2024-02-25,,True,Trial
7060,4995,Pro,79,Upgraded,2024-09-10,2024-10-10,False,Expansion MRR
7061,4995,Business,199,Active,2024-12-10,,False,Recurring
7062,4996,Business,0,Cancelled,2024-02-25,2024-03-10,True,Trial
7063,4997,Starter,0,Cancelled,2024-02-25,2024-03-10,True,Trial
7064,4998,Starter,0,Cancelled,2024-02-25,2024-03-10,True,Trial
7065,4999,Enterprise,0,Active,2024-02-25,,True,Trial
7066,4999,Enterprise,499,Active,2024-12-10,,False,Recurring
7067,5000,Pro,0,Active,2024-02-25,,True,Trial
7068,5000,Pro,79,Cancelled,2024-12-10,2025-01-01,False,Churned MRR
7069,5001,Starter,0,Active,2024-02-25,,True,Trial
7070,5001,Starter,29,Active,2024-12-10,,False,Recurring
7071,5002,Starter,0,Active,2024-02-25,,True,Trial
7072,5002,Starter,29,Upgraded,2024-07-10,2024-08-10,False,Expansion MRR
7073,5002,Pro,79,Active,2024-12-10,,False,Recurring
7074,5003,Starter,0,Cancelled,2024-02-25,2024-03-10,True,Trial
7075,5004,Pro,0,Cancelled,2024-02-25,2024-03-10,True,Trial
7076,5005,Starter,0,Cancelled,2024-02-26,2024-03-11,True,Trial
7077,5006,Business,0,Active,2024-02-26,,True,Trial
7078,5006,Business,199,Active,2024-12-11,,False,Recurring
7079,5007,Business,0,Cancelled,2024-02-26,2024-03-11,True,Trial
7080,5008,Business,0,Cancelled,2024-02-26,2024-03-11,True,Trial
7081,5009,Business,0,Active,2024-02-26,,True,Trial
7082,5009,Business,199,Active,2024-12-11,,False,Recurring
7083,5010,Pro,0,Cancelled,2024-02-26,2024-03-11,True,Trial
7084,5011,Starter,0,Cancelled,2024-02-26,2024-03-11,True,Trial
7085,5012,Starter,0,Cancelled,2024-02-26,2024-03-11,True,Trial
7086,5013,Business,0,Cancelled,2024-02-26,2024-03-11,True,Trial
7087,5014,Starter,0,Cancelled,2024-02-26,2024-03-11,True,Trial
7088,5015,Starter,0,Cancelled,2024-02-26,2024-03-11,True,Trial
7089,5016,Starter,0,Cancelled,2024-02-26,2024-03-11,True,Trial
7090,5017,Enterprise,0,Cancelled,2024-02-26,2024-03-11,True,Trial
7091,5018,Starter,0,Cancelled,2024-02-26,2024-03-11,True,Trial
7092,5019,Enterprise,0,Active,2024-02-26,,True,Trial
7093,5019,Enterprise,499,Active,2024-12-11,,False,Recurring
7094,5020,Pro,0,Active,2024-02-27,,True,Trial
7095,5020,Pro,79,Cancelled,2024-04-12,2024-05-12,False,Churned MRR
7096,5021,Starter,0,Cancelled,2024-02-27,2024-03-12,True,Trial
7097,5022,Enterprise,0,Active,2024-02-27,,True,Trial
7098,5022,Enterprise,499,Active,2024-12-12,,False,Recurring
7099,5023,Business,0,Cancelled,2024-02-27,2024-03-12,True,Trial
7100,5024,Pro,0,Cancelled,2024-02-27,2024-03-12,True,Trial
7101,5025,Starter,0,Cancelled,2024-02-27,2024-03-12,True,Trial
7102,5026,Starter,0,Cancelled,2024-02-27,2024-03-12,True,Trial
7103,5027,Starter,0,Cancelled,2024-02-27,2024-03-12,True,Trial
7104,5028,Starter,0,Cancelled,2024-02-27,2024-03-12,True,Trial
7105,5029,Business,0,Active,2024-02-27,,True,Trial
7106,5029,Business,199,Upgraded,2024-09-12,2024-10-12,False,Expansion MRR
7107,5029,Enterprise,499,Active,2024-12-12,,False,Recurring
7108,5030,Business,0,Cancelled,2024-02-27,2024-03-12,True,Trial
7109,5031,Enterprise,0,Cancelled,2024-02-28,2024-03-13,True,Trial
7110,5032,Starter,0,Active,2024-02-28,,True,Trial
7111,5032,Starter,29,Upgraded,2024-10-13,2024-11-13,False,Expansion MRR
7112,5032,Pro,79,Cancelled,2024-11-13,2024-12-13,False,Churned MRR
7113,5033,Business,0,Cancelled,2024-02-28,2024-03-13,True,Trial
7114,5034,Starter,0,Active,2024-02-28,,True,Trial
7115,5034,Starter,29,Upgraded,2024-09-13,2024-10-13,False,Expansion MRR
7116,5034,Pro,79,Active,2024-12-13,,False,Recurring
7117,5035,Pro,0,Active,2024-02-28,,True,Trial
7118,5035,Pro,79,Cancelled,2024-03-13,2024-04-13,False,Churned MRR
7119,5036,Business,0,Cancelled,2024-02-28,2024-03-13,True,Trial
7120,5037,Enterprise,0,Active,2024-02-28,,True,Trial
7121,5037,Enterprise,499,Active,2024-12-13,,False,Recurring
7122,5038,Enterprise,0,Cancelled,2024-02-28,2024-03-13,True,Trial
7123,5039,Starter,0,Cancelled,2024-02-28,2024-03-13,True,Trial
7124,5040,Starter,0,Cancelled,2024-02-28,2024-03-13,True,Trial
7125,5041,Starter,0,Cancelled,2024-02-28,2024-03-13,True,Trial
7126,5042,Starter,0,Cancelled,2024-02-28,2024-03-13,True,Trial
7127,5043,Starter,0,Cancelled,2024-02-28,2024-03-13,True,Trial
7128,5044,Pro,0,Cancelled,2024-02-28,2024-03-13,True,Trial
7129,5045,Enterprise,0,Cancelled,2024-02-28,2024-03-13,True,Trial
7130,5046,Pro,0,Cancelled,2024-02-28,2024-03-13,True,Trial
7131,5047,Pro,0,Active,2024-02-28,,True,Trial
7132,5047,Pro,79,Active,2024-12-13,,False,Recurring
7133,5048,Starter,0,Cancelled,2024-02-28,2024-03-13,True,Trial
7134,5049,Starter,0,Cancelled,2024-02-29,2024-03-14,True,Trial
7135,5050,Pro,0,Cancelled,2024-02-29,2024-03-14,True,Trial
7136,5051,Enterprise,0,Cancelled,2024-02-29,2024-03-14,True,Trial
7137,5052,Starter,0,Cancelled,2024-02-29,2024-03-14,True,Trial
7138,5053,Business,0,Cancelled,2024-02-29,2024-03-14,True,Trial
7139,5054,Starter,0,Cancelled,2024-02-29,2024-03-14,True,Trial
7140,5055,Business,0,Cancelled,2024-02-29,2024-03-14,True,Trial
7141,5056,Pro,0,Cancelled,2024-02-29,2024-03-14,True,Trial
7142,5057,Starter,0,Cancelled,2024-02-29,2024-03-14,True,Trial
7143,5058,Starter,0,Cancelled,2024-02-29,2024-03-14,True,Trial
7144,5059,Enterprise,0,Active,2024-02-29,,True,Trial
7145,5059,Enterprise,499,Downgraded,2024-09-14,2024-10-14,False,Contraction MRR
7146,5059,Business,199,Downgraded,2024-12-14,2025-01-14,False,Contraction MRR
7147,5060,Starter,0,Active,2024-02-29,,True,Trial
7148,5060,Starter,29,Active,2024-12-14,,False,Recurring
7149,5061,Starter,0,Cancelled,2024-02-29,2024-03-14,True,Trial
7150,5062,Enterprise,0,Cancelled,2024-02-29,2024-03-14,True,Trial
7151,5063,Starter,0,Cancelled,2024-02-29,2024-03-14,True,Trial
7152,5064,Starter,0,Cancelled,2024-02-29,2024-03-14,True,Trial
7153,5065,Pro,0,Cancelled,2024-02-29,2024-03-14,True,Trial
7154,5066,Pro,0,Cancelled,2024-03-01,2024-03-15,True,Trial
7155,5067,Pro,0,Active,2024-03-01,,True,Trial
7156,5067,Pro,79,Cancelled,2024-11-15,2024-12-15,False,Churned MRR
7157,5068,Starter,0,Cancelled,2024-03-01,2024-03-15,True,Trial
7158,5069,Starter,0,Active,2024-03-01,,True,Trial
7159,5069,Starter,29,Cancelled,2024-04-15,2024-05-15,False,Churned MRR
7160,5070,Pro,0,Active,2024-03-01,,True,Trial
7161,5070,Pro,79,Active,2024-12-15,,False,Recurring
7162,5071,Pro,0,Cancelled,2024-03-01,2024-03-15,True,Trial
7163,5072,Business,0,Cancelled,2024-03-01,2024-03-15,True,Trial
7164,5073,Pro,0,Active,2024-03-01,,True,Trial
7165,5073,Pro,79,Downgraded,2024-06-15,2024-07-15,False,Contraction MRR
7166,5073,Starter,29,Active,2024-12-15,,False,Recurring
7167,5074,Business,0,Active,2024-03-01,,True,Trial
7168,5074,Business,199,Downgraded,2024-07-15,2024-08-15,False,Contraction MRR
7169,5074,Pro,79,Active,2024-12-15,,False,Recurring
7170,5075,Pro,0,Active,2024-03-01,,True,Trial
7171,5075,Pro,79,Cancelled,2024-07-15,2024-08-15,False,Churned MRR
7172,5076,Pro,0,Cancelled,2024-03-02,2024-03-16,True,Trial
7173,5077,Pro,0,Cancelled,2024-03-02,2024-03-16,True,Trial
7174,5078,Starter,0,Cancelled,2024-03-02,2024-03-16,True,Trial
7175,5079,Pro,0,Cancelled,2024-03-02,2024-03-16,True,Trial
7176,5080,Pro,0,Active,2024-03-02,,True,Trial
7177,5080,Pro,79,Active,2024-12-16,,False,Recurring
7178,5081,Business,0,Active,2024-03-02,,True,Trial
7179,5081,Business,199,Downgraded,2024-12-16,2025-01-16,False,Contraction MRR
7180,5082,Enterprise,0,Cancelled,2024-03-02,2024-03-16,True,Trial
7181,5083,Pro,0,Cancelled,2024-03-02,2024-03-16,True,Trial
7182,5084,Pro,0,Active,2024-03-02,,True,Trial
7183,5084,Pro,79,Active,2024-12-16,,False,Recurring
7184,5085,Starter,0,Cancelled,2024-03-02,2024-03-16,True,Trial
7185,5086,Pro,0,Active,2024-03-02,,True,Trial
7186,5086,Pro,79,Upgraded,2024-03-16,2024-04-16,False,Expansion MRR
7187,5086,Business,199,Downgraded,2024-04-16,2024-05-16,False,Contraction MRR
7188,5086,Pro,79,Cancelled,2024-05-16,2024-06-16,False,Churned MRR
7189,5087,Pro,0,Active,2024-03-02,,True,Trial
7190,5087,Pro,79,Downgraded,2024-05-16,2024-06-16,False,Contraction MRR
7191,5087,Starter,29,Upgraded,2024-06-16,2024-07-16,False,Expansion MRR
7192,5087,Pro,79,Upgraded,2024-08-16,2024-09-16,False,Expansion MRR
7193,5087,Business,199,Active,2024-12-16,,False,Recurring
7194,5088,Business,0,Cancelled,2024-03-02,2024-03-16,True,Trial
7195,5089,Starter,0,Active,2024-03-02,,True,Trial
7196,5089,Starter,29,Cancelled,2024-12-16,2025-01-01,False,Churned MRR
7197,5090,Business,0,Cancelled,2024-03-03,2024-03-17,True,Trial
7198,5091,Pro,0,Active,2024-03-03,,True,Trial
7199,5091,Pro,79,Cancelled,2024-05-17,2024-06-17,False,Churned MRR
7200,5092,Starter,0,Active,2024-03-03,,True,Trial
7201,5092,Starter,29,Active,2024-12-17,,False,Recurring
7202,5093,Enterprise,0,Active,2024-03-03,,True,Trial
7203,5093,Enterprise,499,Active,2024-12-17,,False,Recurring
7204,5094,Business,0,Cancelled,2024-03-03,2024-03-17,True,Trial
7205,5095,Starter,0,Cancelled,2024-03-03,2024-03-17,True,Trial
7206,5096,Starter,0,Cancelled,2024-03-03,2024-03-17,True,Trial
7207,5097,Starter,0,Cancelled,2024-03-03,2024-03-17,True,Trial
7208,5098,Business,0,Cancelled,2024-03-03,2024-03-17,True,Trial
7209,5099,Business,0,Cancelled,2024-03-03,2024-03-17,True,Trial
7210,5100,Starter,0,Cancelled,2024-03-03,2024-03-17,True,Trial
7211,5101,Pro,0,Active,2024-03-03,,True,Trial
7212,5101,Pro,79,Upgraded,2024-07-17,2024-08-17,False,Expansion MRR
7213,5101,Business,199,Active,2024-12-17,,False,Recurring
7214,5102,Enterprise,0,Cancelled,2024-03-03,2024-03-17,True,Trial
7215,5103,Enterprise,0,Active,2024-03-03,,True,Trial
7216,5103,Enterprise,499,Active,2024-12-17,,False,Recurring
7217,5104,Pro,0,Cancelled,2024-03-03,2024-03-17,True,Trial
7218,5105,Pro,0,Cancelled,2024-03-04,2024-03-18,True,Trial
7219,5106,Pro,0,Cancelled,2024-03-04,2024-03-18,True,Trial
7220,5107,Starter,0,Cancelled,2024-03-04,2024-03-18,True,Trial
7221,5108,Starter,0,Cancelled,2024-03-04,2024-03-18,True,Trial
7222,5109,Starter,0,Active,2024-03-04,,True,Trial
7223,5109,Starter,29,Upgraded,2024-10-18,2024-11-18,False,Expansion MRR
7224,5109,Pro,79,Cancelled,2024-12-18,2025-01-01,False,Churned MRR
7225,5110,Pro,0,Cancelled,2024-03-04,2024-03-18,True,Trial
7226,5111,Pro,0,Cancelled,2024-03-04,2024-03-18,True,Trial
7227,5112,Business,0,Active,2024-03-04,,True,Trial
7228,5112,Business,199,Cancelled,2024-04-18,2024-05-18,False,Churned MRR
7229,5113,Pro,0,Cancelled,2024-03-04,2024-03-18,True,Trial
7230,5114,Enterprise,0,Active,2024-03-04,,True,Trial
7231,5114,Enterprise,499,Cancelled,2024-09-18,2024-10-18,False,Churned MRR
7232,5115,Enterprise,0,Cancelled,2024-03-04,2024-03-18,True,Trial
7233,5116,Pro,0,Cancelled,2024-03-04,2024-03-18,True,Trial
7234,5117,Starter,0,Cancelled,2024-03-04,2024-03-18,True,Trial
7235,5118,Starter,0,Active,2024-03-04,,True,Trial
7236,5118,Starter,29,Upgraded,2024-04-18,2024-05-18,False,Expansion MRR
7237,5118,Pro,79,Downgraded,2024-07-18,2024-08-18,False,Contraction MRR
7238,5118,Starter,29,Cancelled,2024-12-18,2025-01-01,False,Churned MRR
7239,5119,Starter,0,Cancelled,2024-03-04,2024-03-18,True,Trial
7240,5120,Starter,0,Cancelled,2024-03-04,2024-03-18,True,Trial
7241,5121,Pro,0,Cancelled,2024-03-04,2024-03-18,True,Trial
7242,5122,Starter,0,Cancelled,2024-03-04,2024-03-18,True,Trial
7243,5123,Starter,0,Cancelled,2024-03-04,2024-03-18,True,Trial
7244,5124,Business,0,Active,2024-03-04,,True,Trial
7245,5124,Business,199,Upgraded,2024-06-18,2024-07-18,False,Expansion MRR
7246,5124,Enterprise,499,Active,2024-12-18,,False,Recurring
7247,5125,Business,0,Cancelled,2024-03-04,2024-03-18,True,Trial
7248,5126,Pro,0,Cancelled,2024-03-04,2024-03-18,True,Trial
7249,5127,Starter,0,Cancelled,2024-03-05,2024-03-19,True,Trial
7250,5128,Business,0,Active,2024-03-05,,True,Trial
7251,5128,Business,199,Cancelled,2024-11-19,2024-12-19,False,Churned MRR
7252,5129,Business,0,Active,2024-03-05,,True,Trial
7253,5129,Business,199,Upgraded,2024-04-19,2024-05-19,False,Expansion MRR
7254,5129,Enterprise,499,Active,2024-12-19,,False,Recurring
7255,5130,Enterprise,0,Cancelled,2024-03-05,2024-03-19,True,Trial
7256,5131,Starter,0,Cancelled,2024-03-05,2024-03-19,True,Trial
7257,5132,Pro,0,Active,2024-03-05,,True,Trial
7258,5132,Pro,79,Cancelled,2024-06-19,2024-07-19,False,Churned MRR
7259,5133,Pro,0,Active,2024-03-05,,True,Trial
7260,5133,Pro,79,Downgraded,2024-04-19,2024-05-19,False,Contraction MRR
7261,5133,Starter,29,Upgraded,2024-07-19,2024-08-19,False,Expansion MRR
7262,5133,Pro,79,Active,2024-12-19,,False,Recurring
7263,5134,Starter,0,Cancelled,2024-03-05,2024-03-19,True,Trial
7264,5135,Enterprise,0,Active,2024-03-05,,True,Trial
7265,5135,Enterprise,499,Active,2024-12-19,,False,Recurring
7266,5136,Pro,0,Cancelled,2024-03-05,2024-03-19,True,Trial
7267,5137,Enterprise,0,Cancelled,2024-03-05,2024-03-19,True,Trial
7268,5138,Starter,0,Cancelled,2024-03-05,2024-03-19,True,Trial
7269,5139,Starter,0,Cancelled,2024-03-05,2024-03-19,True,Trial
7270,5140,Pro,0,Active,2024-03-05,,True,Trial
7271,5140,Pro,79,Cancelled,2024-11-19,2024-12-19,False,Churned MRR
7272,5141,Starter,0,Cancelled,2024-03-05,2024-03-19,True,Trial
7273,5142,Pro,0,Cancelled,2024-03-05,2024-03-19,True,Trial
7274,5143,Enterprise,0,Active,2024-03-05,,True,Trial
7275,5143,Enterprise,499,Active,2024-12-19,,False,Recurring
7276,5144,Starter,0,Active,2024-03-05,,True,Trial
7277,5144,Starter,29,Active,2024-12-19,,False,Recurring
7278,5145,Starter,0,Cancelled,2024-03-05,2024-03-19,True,Trial
7279,5146,Pro,0,Cancelled,2024-03-05,2024-03-19,True,Trial
7280,5147,Enterprise,0,Active,2024-03-06,,True,Trial
7281,5147,Enterprise,499,Active,2024-12-20,,False,Recurring
7282,5148,Pro,0,Cancelled,2024-03-06,2024-03-20,True,Trial
7283,5149,Business,0,Cancelled,2024-03-06,2024-03-20,True,Trial
7284,5150,Business,0,Active,2024-03-06,,True,Trial
7285,5150,Business,199,Active,2024-12-20,,False,Recurring
7286,5151,Business,0,Cancelled,2024-03-06,2024-03-20,True,Trial
7287,5152,Business,0,Cancelled,2024-03-06,2024-03-20,True,Trial
7288,5153,Starter,0,Cancelled,2024-03-06,2024-03-20,True,Trial
7289,5154,Enterprise,0,Cancelled,2024-03-06,2024-03-20,True,Trial
7290,5155,Enterprise,0,Cancelled,2024-03-06,2024-03-20,True,Trial
7291,5156,Enterprise,0,Cancelled,2024-03-06,2024-03-20,True,Trial
7292,5157,Starter,0,Active,2024-03-06,,True,Trial
7293,5157,Starter,29,Active,2024-12-20,,False,Recurring
7294,5158,Starter,0,Cancelled,2024-03-06,2024-03-20,True,Trial
7295,5159,Enterprise,0,Cancelled,2024-03-06,2024-03-20,True,Trial
7296,5160,Business,0,Cancelled,2024-03-06,2024-03-20,True,Trial
7297,5161,Business,0,Cancelled,2024-03-06,2024-03-20,True,Trial
7298,5162,Pro,0,Cancelled,2024-03-06,2024-03-20,True,Trial
7299,5163,Pro,0,Cancelled,2024-03-06,2024-03-20,True,Trial
7300,5164,Starter,0,Active,2024-03-07,,True,Trial
7301,5164,Starter,29,Active,2024-12-21,,False,Recurring
7302,5165,Starter,0,Cancelled,2024-03-07,2024-03-21,True,Trial
7303,5166,Pro,0,Cancelled,2024-03-07,2024-03-21,True,Trial
7304,5167,Starter,0,Cancelled,2024-03-07,2024-03-21,True,Trial
7305,5168,Business,0,Cancelled,2024-03-07,2024-03-21,True,Trial
7306,5169,Pro,0,Cancelled,2024-03-07,2024-03-21,True,Trial
7307,5170,Starter,0,Cancelled,2024-03-07,2024-03-21,True,Trial
7308,5171,Pro,0,Cancelled,2024-03-07,2024-03-21,True,Trial
7309,5172,Starter,0,Cancelled,2024-03-07,2024-03-21,True,Trial
7310,5173,Starter,0,Active,2024-03-07,,True,Trial
7311,5173,Starter,29,Cancelled,2024-08-21,2024-09-21,False,Churned MRR
7312,5174,Enterprise,0,Cancelled,2024-03-07,2024-03-21,True,Trial
7313,5175,Business,0,Cancelled,2024-03-07,2024-03-21,True,Trial
7314,5176,Enterprise,0,Cancelled,2024-03-08,2024-03-22,True,Trial
7315,5177,Enterprise,0,Active,2024-03-08,,True,Trial
7316,5177,Enterprise,499,Active,2024-12-22,,False,Recurring
7317,5178,Business,0,Cancelled,2024-03-08,2024-03-22,True,Trial
7318,5179,Pro,0,Cancelled,2024-03-08,2024-03-22,True,Trial
7319,5180,Starter,0,Active,2024-03-08,,True,Trial
7320,5180,Starter,29,Cancelled,2024-09-22,2024-10-22,False,Churned MRR
7321,5181,Pro,0,Active,2024-03-08,,True,Trial
7322,5181,Pro,79,Upgraded,2024-11-22,2024-12-22,False,Expansion MRR
7323,5181,Business,199,Active,2024-12-22,,False,Expansion MRR
7324,5182,Starter,0,Cancelled,2024-03-08,2024-03-22,True,Trial
7325,5183,Business,0,Cancelled,2024-03-08,2024-03-22,True,Trial
7326,5184,Starter,0,Cancelled,2024-03-08,2024-03-22,True,Trial
7327,5185,Pro,0,Active,2024-03-08,,True,Trial
7328,5185,Pro,79,Upgraded,2024-04-22,2024-05-22,False,Expansion MRR
7329,5185,Business,199,Cancelled,2024-09-22,2024-10-22,False,Churned MRR
7330,5186,Pro,0,Cancelled,2024-03-08,2024-03-22,True,Trial
7331,5187,Pro,0,Cancelled,2024-03-08,2024-03-22,True,Trial
7332,5188,Starter,0,Cancelled,2024-03-08,2024-03-22,True,Trial
7333,5189,Starter,0,Cancelled,2024-03-09,2024-03-23,True,Trial
7334,5190,Pro,0,Cancelled,2024-03-09,2024-03-23,True,Trial
7335,5191,Starter,0,Active,2024-03-09,,True,Trial
7336,5191,Starter,29,Cancelled,2024-08-23,2024-09-23,False,Churned MRR
7337,5192,Business,0,Cancelled,2024-03-09,2024-03-23,True,Trial
7338,5193,Pro,0,Cancelled,2024-03-09,2024-03-23,True,Trial
7339,5194,Starter,0,Cancelled,2024-03-09,2024-03-23,True,Trial
7340,5195,Starter,0,Cancelled,2024-03-09,2024-03-23,True,Trial
7341,5196,Business,0,Cancelled,2024-03-09,2024-03-23,True,Trial
7342,5197,Starter,0,Cancelled,2024-03-09,2024-03-23,True,Trial
7343,5198,Business,0,Cancelled,2024-03-09,2024-03-23,True,Trial
7344,5199,Starter,0,Cancelled,2024-03-09,2024-03-23,True,Trial
7345,5200,Starter,0,Cancelled,2024-03-09,2024-03-23,True,Trial
7346,5201,Business,0,Cancelled,2024-03-09,2024-03-23,True,Trial
7347,5202,Starter,0,Cancelled,2024-03-10,2024-03-24,True,Trial
7348,5203,Starter,0,Active,2024-03-10,,True,Trial
7349,5203,Starter,29,Active,2024-12-24,,False,Recurring
7350,5204,Enterprise,0,Cancelled,2024-03-10,2024-03-24,True,Trial
7351,5205,Pro,0,Active,2024-03-10,,True,Trial
7352,5205,Pro,79,Upgraded,2024-11-24,2024-12-24,False,Expansion MRR
7353,5205,Business,199,Active,2024-12-24,,False,Expansion MRR
7354,5206,Starter,0,Cancelled,2024-03-10,2024-03-24,True,Trial
7355,5207,Starter,0,Active,2024-03-10,,True,Trial
7356,5207,Starter,29,Upgraded,2024-06-24,2024-07-24,False,Expansion MRR
7357,5207,Pro,79,Downgraded,2024-11-24,2024-12-24,False,Contraction MRR
7358,5207,Starter,29,Active,2024-12-24,,False,Contraction MRR
7359,5208,Enterprise,0,Cancelled,2024-03-10,2024-03-24,True,Trial
7360,5209,Starter,0,Active,2024-03-10,,True,Trial
7361,5209,Starter,29,Active,2024-12-24,,False,Recurring
7362,5210,Starter,0,Cancelled,2024-03-10,2024-03-24,True,Trial
7363,5211,Pro,0,Cancelled,2024-03-10,2024-03-24,True,Trial
7364,5212,Starter,0,Cancelled,2024-03-10,2024-03-24,True,Trial
7365,5213,Starter,0,Cancelled,2024-03-10,2024-03-24,True,Trial
7366,5214,Starter,0,Cancelled,2024-03-10,2024-03-24,True,Trial
7367,5215,Starter,0,Cancelled,2024-03-10,2024-03-24,True,Trial
7368,5216,Pro,0,Cancelled,2024-03-10,2024-03-24,True,Trial
7369,5217,Starter,0,Cancelled,2024-03-10,2024-03-24,True,Trial
7370,5218,Starter,0,Active,2024-03-10,,True,Trial
7371,5218,Starter,29,Cancelled,2024-04-24,2024-05-24,False,Churned MRR
7372,5219,Starter,0,Cancelled,2024-03-10,2024-03-24,True,Trial
7373,5220,Pro,0,Active,2024-03-10,,True,Trial
7374,5220,Pro,79,Active,2024-12-24,,False,Recurring
7375,5221,Enterprise,0,Active,2024-03-10,,True,Trial
7376,5221,Enterprise,499,Active,2024-12-24,,False,Recurring
7377,5222,Starter,0,Active,2024-03-10,,True,Trial
7378,5222,Starter,29,Cancelled,2024-03-24,2024-04-24,False,Churned MRR
7379,5223,Business,0,Cancelled,2024-03-11,2024-03-25,True,Trial
7380,5224,Business,0,Cancelled,2024-03-11,2024-03-25,True,Trial
7381,5225,Starter,0,Active,2024-03-11,,True,Trial
7382,5225,Starter,29,Cancelled,2024-10-25,2024-11-25,False,Churned MRR
7383,5226,Starter,0,Active,2024-03-11,,True,Trial
7384,5226,Starter,29,Cancelled,2024-04-25,2024-05-25,False,Churned MRR
7385,5227,Starter,0,Cancelled,2024-03-11,2024-03-25,True,Trial
7386,5228,Business,0,Cancelled,2024-03-11,2024-03-25,True,Trial
7387,5229,Pro,0,Cancelled,2024-03-11,2024-03-25,True,Trial
7388,5230,Pro,0,Active,2024-03-11,,True,Trial
7389,5230,Pro,79,Active,2024-12-25,,False,Recurring
7390,5231,Enterprise,0,Cancelled,2024-03-11,2024-03-25,True,Trial
7391,5232,Enterprise,0,Cancelled,2024-03-11,2024-03-25,True,Trial
7392,5233,Starter,0,Cancelled,2024-03-11,2024-03-25,True,Trial
7393,5234,Starter,0,Active,2024-03-11,,True,Trial
7394,5234,Starter,29,Active,2024-12-25,,False,Recurring
7395,5235,Starter,0,Active,2024-03-11,,True,Trial
7396,5235,Starter,29,Cancelled,2024-06-25,2024-07-25,False,Churned MRR
7397,5236,Pro,0,Cancelled,2024-03-11,2024-03-25,True,Trial
7398,5237,Starter,0,Cancelled,2024-03-11,2024-03-25,True,Trial
7399,5238,Starter,0,Cancelled,2024-03-12,2024-03-26,True,Trial
7400,5239,Enterprise,0,Cancelled,2024-03-12,2024-03-26,True,Trial
7401,5240,Pro,0,Cancelled,2024-03-12,2024-03-26,True,Trial
7402,5241,Pro,0,Cancelled,2024-03-12,2024-03-26,True,Trial
7403,5242,Starter,0,Cancelled,2024-03-12,2024-03-26,True,Trial
7404,5243,Business,0,Cancelled,2024-03-12,2024-03-26,True,Trial
7405,5244,Starter,0,Cancelled,2024-03-12,2024-03-26,True,Trial
7406,5245,Pro,0,Active,2024-03-12,,True,Trial
7407,5245,Pro,79,Cancelled,2024-06-26,2024-07-26,False,Churned MRR
7408,5246,Starter,0,Cancelled,2024-03-12,2024-03-26,True,Trial
7409,5247,Starter,0,Cancelled,2024-03-12,2024-03-26,True,Trial
7410,5248,Starter,0,Cancelled,2024-03-12,2024-03-26,True,Trial
7411,5249,Starter,0,Cancelled,2024-03-12,2024-03-26,True,Trial
7412,5250,Pro,0,Cancelled,2024-03-12,2024-03-26,True,Trial
7413,5251,Pro,0,Active,2024-03-12,,True,Trial
7414,5251,Pro,79,Cancelled,2024-04-26,2024-05-26,False,Churned MRR
7415,5252,Starter,0,Cancelled,2024-03-12,2024-03-26,True,Trial
7416,5253,Pro,0,Active,2024-03-12,,True,Trial
7417,5253,Pro,79,Upgraded,2024-10-26,2024-11-26,False,Expansion MRR
7418,5253,Business,199,Active,2024-12-26,,False,Recurring
7419,5254,Pro,0,Active,2024-03-12,,True,Trial
7420,5254,Pro,79,Upgraded,2024-04-26,2024-05-26,False,Expansion MRR
7421,5254,Business,199,Active,2024-12-26,,False,Recurring
7422,5255,Pro,0,Cancelled,2024-03-13,2024-03-27,True,Trial
7423,5256,Starter,0,Active,2024-03-13,,True,Trial
7424,5256,Starter,29,Cancelled,2024-07-27,2024-08-27,False,Churned MRR
7425,5257,Pro,0,Cancelled,2024-03-13,2024-03-27,True,Trial
7426,5258,Pro,0,Cancelled,2024-03-13,2024-03-27,True,Trial
7427,5259,Enterprise,0,Active,2024-03-13,,True,Trial
7428,5259,Enterprise,499,Downgraded,2024-06-27,2024-07-27,False,Contraction MRR
7429,5259,Business,199,Downgraded,2024-08-27,2024-09-27,False,Contraction MRR
7430,5259,Pro,79,Active,2024-12-27,,False,Recurring
7431,5260,Business,0,Cancelled,2024-03-13,2024-03-27,True,Trial
7432,5261,Enterprise,0,Cancelled,2024-03-13,2024-03-27,True,Trial
7433,5262,Pro,0,Cancelled,2024-03-13,2024-03-27,True,Trial
7434,5263,Starter,0,Active,2024-03-13,,True,Trial
7435,5263,Starter,29,Cancelled,2024-04-27,2024-05-27,False,Churned MRR
7436,5264,Business,0,Active,2024-03-13,,True,Trial
7437,5264,Business,199,Downgraded,2024-09-27,2024-10-27,False,Contraction MRR
7438,5264,Pro,79,Active,2024-12-27,,False,Recurring
7439,5265,Starter,0,Cancelled,2024-03-13,2024-03-27,True,Trial
7440,5266,Starter,0,Active,2024-03-14,,True,Trial
7441,5266,Starter,29,Cancelled,2024-10-28,2024-11-28,False,Churned MRR
7442,5267,Business,0,Active,2024-03-14,,True,Trial
7443,5267,Business,199,Upgraded,2024-07-28,2024-08-28,False,Expansion MRR
7444,5267,Enterprise,499,Active,2024-12-28,,False,Recurring
7445,5268,Pro,0,Active,2024-03-14,,True,Trial
7446,5268,Pro,79,Downgraded,2024-03-28,2024-04-28,False,Contraction MRR
7447,5268,Starter,29,Active,2024-12-28,,False,Recurring
7448,5269,Business,0,Cancelled,2024-03-14,2024-03-28,True,Trial
7449,5270,Business,0,Active,2024-03-14,,True,Trial
7450,5270,Business,199,Cancelled,2024-04-28,2024-05-28,False,Churned MRR
7451,5271,Pro,0,Cancelled,2024-03-14,2024-03-28,True,Trial
7452,5272,Enterprise,0,Cancelled,2024-03-14,2024-03-28,True,Trial
7453,5273,Starter,0,Cancelled,2024-03-14,2024-03-28,True,Trial
7454,5274,Pro,0,Active,2024-03-14,,True,Trial
7455,5274,Pro,79,Downgraded,2024-06-28,2024-07-28,False,Contraction MRR
7456,5274,Starter,29,Active,2024-12-28,,False,Recurring
7457,5275,Business,0,Active,2024-03-14,,True,Trial
7458,5275,Business,199,Cancelled,2024-03-28,2024-04-28,False,Churned MRR
7459,5276,Business,0,Cancelled,2024-03-14,2024-03-28,True,Trial
7460,5277,Pro,0,Cancelled,2024-03-14,2024-03-28,True,Trial
7461,5278,Pro,0,Cancelled,2024-03-14,2024-03-28,True,Trial
7462,5279,Starter,0,Cancelled,2024-03-14,2024-03-28,True,Trial
7463,5280,Business,0,Cancelled,2024-03-14,2024-03-28,True,Trial
7464,5281,Starter,0,Cancelled,2024-03-14,2024-03-28,True,Trial
7465,5282,Pro,0,Cancelled,2024-03-14,2024-03-28,True,Trial
7466,5283,Starter,0,Cancelled,2024-03-14,2024-03-28,True,Trial
7467,5284,Enterprise,0,Cancelled,2024-03-14,2024-03-28,True,Trial
7468,5285,Starter,0,Cancelled,2024-03-14,2024-03-28,True,Trial
7469,5286,Pro,0,Cancelled,2024-03-15,2024-03-29,True,Trial
7470,5287,Starter,0,Cancelled,2024-03-15,2024-03-29,True,Trial
7471,5288,Starter,0,Active,2024-03-15,,True,Trial
7472,5288,Starter,29,Active,2024-12-29,,False,Recurring
7473,5289,Starter,0,Cancelled,2024-03-15,2024-03-29,True,Trial
7474,5290,Business,0,Cancelled,2024-03-15,2024-03-29,True,Trial
7475,5291,Business,0,Cancelled,2024-03-15,2024-03-29,True,Trial
7476,5292,Pro,0,Cancelled,2024-03-15,2024-03-29,True,Trial
7477,5293,Business,0,Cancelled,2024-03-15,2024-03-29,True,Trial
7478,5294,Pro,0,Cancelled,2024-03-15,2024-03-29,True,Trial
7479,5295,Pro,0,Cancelled,2024-03-15,2024-03-29,True,Trial
7480,5296,Starter,0,Active,2024-03-15,,True,Trial
7481,5296,Starter,29,Active,2024-12-29,,False,Recurring
7482,5297,Starter,0,Cancelled,2024-03-15,2024-03-29,True,Trial
7483,5298,Business,0,Cancelled,2024-03-15,2024-03-29,True,Trial
7484,5299,Starter,0,Active,2024-03-15,,True,Trial
7485,5299,Starter,29,Upgraded,2024-07-29,2024-08-29,False,Expansion MRR
7486,5299,Pro,79,Upgraded,2024-08-29,2024-09-29,False,Expansion MRR
7487,5299,Business,199,Active,2024-12-29,,False,Recurring
7488,5300,Business,0,Cancelled,2024-03-15,2024-03-29,True,Trial
7489,5301,Starter,0,Cancelled,2024-03-15,2024-03-29,True,Trial
7490,5302,Starter,0,Cancelled,2024-03-15,2024-03-29,True,Trial
7491,5303,Enterprise,0,Active,2024-03-15,,True,Trial
7492,5303,Enterprise,499,Active,2024-12-29,,False,Recurring
7493,5304,Pro,0,Cancelled,2024-03-15,2024-03-29,True,Trial
7494,5305,Starter,0,Cancelled,2024-03-15,2024-03-29,True,Trial
7495,5306,Starter,0,Cancelled,2024-03-15,2024-03-29,True,Trial
7496,5307,Starter,0,Cancelled,2024-03-15,2024-03-29,True,Trial
7497,5308,Enterprise,0,Cancelled,2024-03-15,2024-03-29,True,Trial
7498,5309,Business,0,Active,2024-03-15,,True,Trial
7499,5309,Business,199,Active,2024-12-29,,False,Recurring
7500,5310,Pro,0,Active,2024-03-16,,True,Trial
7501,5310,Pro,79,Cancelled,2024-04-30,2024-05-30,False,Churned MRR
7502,5311,Starter,0,Cancelled,2024-03-16,2024-03-30,True,Trial
7503,5312,Pro,0,Cancelled,2024-03-16,2024-03-30,True,Trial
7504,5313,Business,0,Active,2024-03-16,,True,Trial
7505,5313,Business,199,Cancelled,2024-12-30,2025-01-01,False,Churned MRR
7506,5314,Starter,0,Cancelled,2024-03-16,2024-03-30,True,Trial
7507,5315,Starter,0,Cancelled,2024-03-16,2024-03-30,True,Trial
7508,5316,Enterprise,0,Cancelled,2024-03-16,2024-03-30,True,Trial
7509,5317,Starter,0,Cancelled,2024-03-16,2024-03-30,True,Trial
7510,5318,Enterprise,0,Cancelled,2024-03-16,2024-03-30,True,Trial
7511,5319,Starter,0,Cancelled,2024-03-16,2024-03-30,True,Trial
7512,5320,Pro,0,Active,2024-03-16,,True,Trial
7513,5320,Pro,79,Cancelled,2024-10-30,2024-11-30,False,Churned MRR
7514,5321,Pro,0,Cancelled,2024-03-16,2024-03-30,True,Trial
7515,5322,Business,0,Cancelled,2024-03-16,2024-03-30,True,Trial
7516,5323,Business,0,Cancelled,2024-03-16,2024-03-30,True,Trial
7517,5324,Business,0,Cancelled,2024-03-16,2024-03-30,True,Trial
7518,5325,Enterprise,0,Cancelled,2024-03-17,2024-03-31,True,Trial
7519,5326,Enterprise,0,Cancelled,2024-03-17,2024-03-31,True,Trial
7520,5327,Enterprise,0,Active,2024-03-17,,True,Trial
7521,5327,Enterprise,499,Cancelled,2024-05-30,2024-06-30,False,Churned MRR
7522,5328,Business,0,Active,2024-03-17,,True,Trial
7523,5328,Business,199,Active,2024-12-30,,False,Recurring
7524,5329,Business,0,Cancelled,2024-03-17,2024-03-31,True,Trial
7525,5330,Business,0,Active,2024-03-17,,True,Trial
7526,5330,Business,199,Active,2024-12-30,,False,Recurring
7527,5331,Pro,0,Cancelled,2024-03-17,2024-03-31,True,Trial
7528,5332,Starter,0,Cancelled,2024-03-17,2024-03-31,True,Trial
7529,5333,Starter,0,Cancelled,2024-03-17,2024-03-31,True,Trial
7530,5334,Starter,0,Cancelled,2024-03-17,2024-03-31,True,Trial
7531,5335,Starter,0,Cancelled,2024-03-17,2024-03-31,True,Trial
7532,5336,Business,0,Active,2024-03-18,,True,Trial
7533,5336,Business,199,Active,2024-12-01,,False,Recurring
7534,5337,Business,0,Cancelled,2024-03-18,2024-04-01,True,Trial
7535,5338,Business,0,Active,2024-03-18,,True,Trial
7536,5338,Business,199,Active,2024-12-01,,False,Recurring
7537,5339,Starter,0,Cancelled,2024-03-18,2024-04-01,True,Trial
7538,5340,Starter,0,Cancelled,2024-03-18,2024-04-01,True,Trial
7539,5341,Starter,0,Cancelled,2024-03-18,2024-04-01,True,Trial
7540,5342,Starter,0,Cancelled,2024-03-18,2024-04-01,True,Trial
7541,5343,Starter,0,Cancelled,2024-03-18,2024-04-01,True,Trial
7542,5344,Business,0,Active,2024-03-18,,True,Trial
7543,5344,Business,199,Cancelled,2024-07-01,2024-08-01,False,Churned MRR
7544,5345,Business,0,Cancelled,2024-03-19,2024-04-02,True,Trial
7545,5346,Starter,0,Cancelled,2024-03-19,2024-04-02,True,Trial
7546,5347,Starter,0,Active,2024-03-19,,True,Trial
7547,5347,Starter,29,Cancelled,2024-08-02,2024-09-02,False,Churned MRR
7548,5348,Enterprise,0,Active,2024-03-19,,True,Trial
7549,5348,Enterprise,499,Active,2024-12-02,,False,Recurring
7550,5349,Starter,0,Active,2024-03-19,,True,Trial
7551,5349,Starter,29,Active,2024-12-02,,False,Recurring
7552,5350,Pro,0,Cancelled,2024-03-19,2024-04-02,True,Trial
7553,5351,Starter,0,Cancelled,2024-03-19,2024-04-02,True,Trial
7554,5352,Enterprise,0,Cancelled,2024-03-19,2024-04-02,True,Trial
7555,5353,Starter,0,Cancelled,2024-03-19,2024-04-02,True,Trial
7556,5354,Enterprise,0,Active,2024-03-19,,True,Trial
7557,5354,Enterprise,499,Downgraded,2024-11-02,2024-12-02,False,Contraction MRR
7558,5354,Business,199,Active,2024-12-02,,False,Contraction MRR
7559,5355,Business,0,Cancelled,2024-03-19,2024-04-02,True,Trial
7560,5356,Business,0,Cancelled,2024-03-19,2024-04-02,True,Trial
7561,5357,Enterprise,0,Cancelled,2024-03-19,2024-04-02,True,Trial
7562,5358,Starter,0,Active,2024-03-20,,True,Trial
7563,5358,Starter,29,Cancelled,2024-05-03,2024-06-03,False,Churned MRR
7564,5359,Starter,0,Cancelled,2024-03-20,2024-04-03,True,Trial
7565,5360,Starter,0,Active,2024-03-20,,True,Trial
7566,5360,Starter,29,Cancelled,2024-10-03,2024-11-03,False,Churned MRR
7567,5361,Pro,0,Active,2024-03-20,,True,Trial
7568,5361,Pro,79,Active,2024-12-03,,False,Recurring
7569,5362,Enterprise,0,Active,2024-03-20,,True,Trial
7570,5362,Enterprise,499,Active,2024-12-03,,False,Recurring
7571,5363,Starter,0,Cancelled,2024-03-20,2024-04-03,True,Trial
7572,5364,Starter,0,Cancelled,2024-03-20,2024-04-03,True,Trial
7573,5365,Enterprise,0,Cancelled,2024-03-21,2024-04-04,True,Trial
7574,5366,Starter,0,Cancelled,2024-03-21,2024-04-04,True,Trial
7575,5367,Pro,0,Active,2024-03-21,,True,Trial
7576,5367,Pro,79,Active,2024-12-04,,False,Recurring
7577,5368,Enterprise,0,Cancelled,2024-03-21,2024-04-04,True,Trial
7578,5369,Pro,0,Active,2024-03-21,,True,Trial
7579,5369,Pro,79,Active,2024-12-04,,False,Recurring
7580,5370,Starter,0,Cancelled,2024-03-21,2024-04-04,True,Trial
7581,5371,Starter,0,Active,2024-03-21,,True,Trial
7582,5371,Starter,29,Cancelled,2024-04-04,2024-05-04,False,Churned MRR
7583,5372,Business,0,Cancelled,2024-03-21,2024-04-04,True,Trial
7584,5373,Starter,0,Cancelled,2024-03-21,2024-04-04,True,Trial
7585,5374,Starter,0,Active,2024-03-21,,True,Trial
7586,5374,Starter,29,Active,2024-12-04,,False,Recurring
7587,5375,Starter,0,Cancelled,2024-03-21,2024-04-04,True,Trial
7588,5376,Enterprise,0,Cancelled,2024-03-21,2024-04-04,True,Trial
7589,5377,Pro,0,Active,2024-03-21,,True,Trial
7590,5377,Pro,79,Cancelled,2024-08-04,2024-09-04,False,Churned MRR
7591,5378,Business,0,Active,2024-03-21,,True,Trial
7592,5378,Business,199,Downgraded,2024-04-04,2024-05-04,False,Contraction MRR
7593,5378,Pro,79,Active,2024-12-04,,False,Recurring
7594,5379,Pro,0,Cancelled,2024-03-21,2024-04-04,True,Trial
7595,5380,Starter,0,Cancelled,2024-03-21,2024-04-04,True,Trial
7596,5381,Starter,0,Cancelled,2024-03-22,2024-04-05,True,Trial
7597,5382,Pro,0,Cancelled,2024-03-22,2024-04-05,True,Trial
7598,5383,Starter,0,Cancelled,2024-03-22,2024-04-05,True,Trial
7599,5384,Pro,0,Active,2024-03-22,,True,Trial
7600,5384,Pro,79,Cancelled,2024-04-05,2024-05-05,False,Churned MRR
7601,5385,Pro,0,Cancelled,2024-03-22,2024-04-05,True,Trial
7602,5386,Pro,0,Active,2024-03-22,,True,Trial
7603,5386,Pro,79,Downgraded,2024-07-05,2024-08-05,False,Contraction MRR
7604,5386,Starter,29,Active,2024-12-05,,False,Recurring
7605,5387,Starter,0,Cancelled,2024-03-22,2024-04-05,True,Trial
7606,5388,Pro,0,Cancelled,2024-03-22,2024-04-05,True,Trial
7607,5389,Pro,0,Cancelled,2024-03-22,2024-04-05,True,Trial
7608,5390,Starter,0,Cancelled,2024-03-22,2024-04-05,True,Trial
7609,5391,Starter,0,Active,2024-03-22,,True,Trial
7610,5391,Starter,29,Cancelled,2024-05-05,2024-06-05,False,Churned MRR
7611,5392,Enterprise,0,Active,2024-03-23,,True,Trial
7612,5392,Enterprise,499,Downgraded,2024-12-06,2025-01-06,False,Contraction MRR
7613,5393,Pro,0,Cancelled,2024-03-23,2024-04-06,True,Trial
7614,5394,Pro,0,Cancelled,2024-03-23,2024-04-06,True,Trial
7615,5395,Pro,0,Cancelled,2024-03-23,2024-04-06,True,Trial
7616,5396,Business,0,Active,2024-03-23,,True,Trial
7617,5396,Business,199,Active,2024-12-06,,False,Recurring
7618,5397,Starter,0,Active,2024-03-23,,True,Trial
7619,5397,Starter,29,Upgraded,2024-09-06,2024-10-06,False,Expansion MRR
7620,5397,Pro,79,Active,2024-12-06,,False,Recurring
7621,5398,Starter,0,Active,2024-03-23,,True,Trial
7622,5398,Starter,29,Cancelled,2024-07-06,2024-08-06,False,Churned MRR
7623,5399,Starter,0,Cancelled,2024-03-23,2024-04-06,True,Trial
7624,5400,Enterprise,0,Cancelled,2024-03-23,2024-04-06,True,Trial
7625,5401,Starter,0,Active,2024-03-23,,True,Trial
7626,5401,Starter,29,Cancelled,2024-07-06,2024-08-06,False,Churned MRR
7627,5402,Starter,0,Cancelled,2024-03-23,2024-04-06,True,Trial
7628,5403,Pro,0,Cancelled,2024-03-24,2024-04-07,True,Trial
7629,5404,Pro,0,Cancelled,2024-03-24,2024-04-07,True,Trial
7630,5405,Starter,0,Active,2024-03-24,,True,Trial
7631,5405,Starter,29,Cancelled,2024-05-07,2024-06-07,False,Churned MRR
7632,5406,Pro,0,Cancelled,2024-03-24,2024-04-07,True,Trial
7633,5407,Starter,0,Cancelled,2024-03-24,2024-04-07,True,Trial
7634,5408,Starter,0,Cancelled,2024-03-24,2024-04-07,True,Trial
7635,5409,Starter,0,Active,2024-03-24,,True,Trial
7636,5409,Starter,29,Active,2024-12-07,,False,Recurring
7637,5410,Enterprise,0,Active,2024-03-24,,True,Trial
7638,5410,Enterprise,499,Active,2024-12-07,,False,Recurring
7639,5411,Enterprise,0,Active,2024-03-24,,True,Trial
7640,5411,Enterprise,499,Active,2024-12-07,,False,Recurring
7641,5412,Enterprise,0,Cancelled,2024-03-24,2024-04-07,True,Trial
7642,5413,Enterprise,0,Active,2024-03-24,,True,Trial
7643,5413,Enterprise,499,Active,2024-12-07,,False,Recurring
7644,5414,Starter,0,Cancelled,2024-03-24,2024-04-07,True,Trial
7645,5415,Enterprise,0,Cancelled,2024-03-24,2024-04-07,True,Trial
7646,5416,Pro,0,Cancelled,2024-03-24,2024-04-07,True,Trial
7647,5417,Pro,0,Active,2024-03-24,,True,Trial
7648,5417,Pro,79,Active,2024-12-07,,False,Recurring
7649,5418,Starter,0,Cancelled,2024-03-24,2024-04-07,True,Trial
7650,5419,Business,0,Active,2024-03-24,,True,Trial
7651,5419,Business,199,Active,2024-12-07,,False,Recurring
7652,5420,Business,0,Active,2024-03-24,,True,Trial
7653,5420,Business,199,Upgraded,2024-10-07,2024-11-07,False,Expansion MRR
7654,5420,Enterprise,499,Active,2024-12-07,,False,Recurring
7655,5421,Starter,0,Cancelled,2024-03-24,2024-04-07,True,Trial
7656,5422,Business,0,Cancelled,2024-03-25,2024-04-08,True,Trial
7657,5423,Pro,0,Cancelled,2024-03-25,2024-04-08,True,Trial
7658,5424,Business,0,Active,2024-03-25,,True,Trial
7659,5424,Business,199,Active,2024-12-08,,False,Recurring
7660,5425,Starter,0,Cancelled,2024-03-25,2024-04-08,True,Trial
7661,5426,Pro,0,Cancelled,2024-03-25,2024-04-08,True,Trial
7662,5427,Enterprise,0,Active,2024-03-25,,True,Trial
7663,5427,Enterprise,499,Active,2024-12-08,,False,Recurring
7664,5428,Pro,0,Cancelled,2024-03-25,2024-04-08,True,Trial
7665,5429,Pro,0,Cancelled,2024-03-25,2024-04-08,True,Trial
7666,5430,Starter,0,Active,2024-03-25,,True,Trial
7667,5430,Starter,29,Active,2024-12-08,,False,Recurring
7668,5431,Pro,0,Cancelled,2024-03-25,2024-04-08,True,Trial
7669,5432,Pro,0,Cancelled,2024-03-25,2024-04-08,True,Trial
7670,5433,Business,0,Cancelled,2024-03-25,2024-04-08,True,Trial
7671,5434,Business,0,Cancelled,2024-03-25,2024-04-08,True,Trial
7672,5435,Starter,0,Cancelled,2024-03-25,2024-04-08,True,Trial
7673,5436,Starter,0,Cancelled,2024-03-25,2024-04-08,True,Trial
7674,5437,Business,0,Active,2024-03-25,,True,Trial
7675,5437,Business,199,Downgraded,2024-09-08,2024-10-08,False,Contraction MRR
7676,5437,Pro,79,Active,2024-12-08,,False,Recurring
7677,5438,Starter,0,Cancelled,2024-03-26,2024-04-09,True,Trial
7678,5439,Enterprise,0,Active,2024-03-26,,True,Trial
7679,5439,Enterprise,499,Active,2024-12-09,,False,Recurring
7680,5440,Enterprise,0,Cancelled,2024-03-26,2024-04-09,True,Trial
7681,5441,Pro,0,Active,2024-03-26,,True,Trial
7682,5441,Pro,79,Active,2024-12-09,,False,Recurring
7683,5442,Pro,0,Active,2024-03-26,,True,Trial
7684,5442,Pro,79,Active,2024-12-09,,False,Recurring
7685,5443,Business,0,Cancelled,2024-03-26,2024-04-09,True,Trial
7686,5444,Pro,0,Cancelled,2024-03-26,2024-04-09,True,Trial
7687,5445,Starter,0,Cancelled,2024-03-26,2024-04-09,True,Trial
7688,5446,Business,0,Active,2024-03-26,,True,Trial
7689,5446,Business,199,Downgraded,2024-04-09,2024-05-09,False,Contraction MRR
7690,5446,Pro,79,Upgraded,2024-06-09,2024-07-09,False,Expansion MRR
7691,5446,Business,199,Active,2024-12-09,,False,Recurring
7692,5447,Starter,0,Cancelled,2024-03-26,2024-04-09,True,Trial
7693,5448,Starter,0,Cancelled,2024-03-26,2024-04-09,True,Trial
7694,5449,Business,0,Cancelled,2024-03-26,2024-04-09,True,Trial
7695,5450,Starter,0,Active,2024-03-26,,True,Trial
7696,5450,Starter,29,Active,2024-12-09,,False,Recurring
7697,5451,Enterprise,0,Cancelled,2024-03-27,2024-04-10,True,Trial
7698,5452,Starter,0,Cancelled,2024-03-27,2024-04-10,True,Trial
7699,5453,Business,0,Active,2024-03-27,,True,Trial
7700,5453,Business,199,Active,2024-12-10,,False,Recurring
7701,5454,Pro,0,Cancelled,2024-03-27,2024-04-10,True,Trial
7702,5455,Business,0,Active,2024-03-27,,True,Trial
7703,5455,Business,199,Cancelled,2024-06-10,2024-07-10,False,Churned MRR
7704,5456,Starter,0,Cancelled,2024-03-27,2024-04-10,True,Trial
7705,5457,Starter,0,Cancelled,2024-03-27,2024-04-10,True,Trial
7706,5458,Pro,0,Cancelled,2024-03-27,2024-04-10,True,Trial
7707,5459,Starter,0,Active,2024-03-27,,True,Trial
7708,5459,Starter,29,Cancelled,2024-06-10,2024-07-10,False,Churned MRR
7709,5460,Pro,0,Cancelled,2024-03-27,2024-04-10,True,Trial
7710,5461,Business,0,Cancelled,2024-03-27,2024-04-10,True,Trial
7711,5462,Business,0,Cancelled,2024-03-27,2024-04-10,True,Trial
7712,5463,Enterprise,0,Cancelled,2024-03-27,2024-04-10,True,Trial
7713,5464,Business,0,Active,2024-03-27,,True,Trial
7714,5464,Business,199,Cancelled,2024-05-10,2024-06-10,False,Churned MRR
7715,5465,Starter,0,Cancelled,2024-03-28,2024-04-11,True,Trial
7716,5466,Starter,0,Cancelled,2024-03-28,2024-04-11,True,Trial
7717,5467,Starter,0,Active,2024-03-28,,True,Trial
7718,5467,Starter,29,Upgraded,2024-11-11,2024-12-11,False,Expansion MRR
7719,5467,Pro,79,Active,2024-12-11,,False,Expansion MRR
7720,5468,Pro,0,Cancelled,2024-03-28,2024-04-11,True,Trial
7721,5469,Starter,0,Cancelled,2024-03-28,2024-04-11,True,Trial
7722,5470,Starter,0,Cancelled,2024-03-28,2024-04-11,True,Trial
7723,5471,Starter,0,Cancelled,2024-03-28,2024-04-11,True,Trial
7724,5472,Starter,0,Cancelled,2024-03-28,2024-04-11,True,Trial
7725,5473,Enterprise,0,Cancelled,2024-03-28,2024-04-11,True,Trial
7726,5474,Pro,0,Active,2024-03-28,,True,Trial
7727,5474,Pro,79,Downgraded,2024-10-11,2024-11-11,False,Contraction MRR
7728,5474,Starter,29,Active,2024-12-11,,False,Recurring
7729,5475,Starter,0,Cancelled,2024-03-28,2024-04-11,True,Trial
7730,5476,Pro,0,Cancelled,2024-03-28,2024-04-11,True,Trial
7731,5477,Business,0,Active,2024-03-28,,True,Trial
7732,5477,Business,199,Upgraded,2024-10-11,2024-11-11,False,Expansion MRR
7733,5477,Enterprise,499,Active,2024-12-11,,False,Recurring
7734,5478,Business,0,Cancelled,2024-03-28,2024-04-11,True,Trial
7735,5479,Enterprise,0,Cancelled,2024-03-28,2024-04-11,True,Trial
7736,5480,Starter,0,Cancelled,2024-03-28,2024-04-11,True,Trial
7737,5481,Starter,0,Active,2024-03-28,,True,Trial
7738,5481,Starter,29,Cancelled,2024-11-11,2024-12-11,False,Churned MRR
7739,5482,Pro,0,Active,2024-03-28,,True,Trial
7740,5482,Pro,79,Cancelled,2024-04-11,2024-05-11,False,Churned MRR
7741,5483,Starter,0,Cancelled,2024-03-29,2024-04-12,True,Trial
7742,5484,Enterprise,0,Active,2024-03-29,,True,Trial
7743,5484,Enterprise,499,Active,2024-12-12,,False,Recurring
7744,5485,Pro,0,Active,2024-03-29,,True,Trial
7745,5485,Pro,79,Upgraded,2024-04-12,2024-05-12,False,Expansion MRR
7746,5485,Business,199,Active,2024-12-12,,False,Recurring
7747,5486,Starter,0,Cancelled,2024-03-29,2024-04-12,True,Trial
7748,5487,Pro,0,Cancelled,2024-03-29,2024-04-12,True,Trial
7749,5488,Starter,0,Cancelled,2024-03-29,2024-04-12,True,Trial
7750,5489,Pro,0,Cancelled,2024-03-29,2024-04-12,True,Trial
7751,5490,Starter,0,Active,2024-03-29,,True,Trial
7752,5490,Starter,29,Active,2024-12-12,,False,Recurring
7753,5491,Pro,0,Cancelled,2024-03-29,2024-04-12,True,Trial
7754,5492,Starter,0,Active,2024-03-29,,True,Trial
7755,5492,Starter,29,Cancelled,2024-05-12,2024-06-12,False,Churned MRR
7756,5493,Starter,0,Active,2024-03-29,,True,Trial
7757,5493,Starter,29,Active,2024-12-12,,False,Recurring
7758,5494,Pro,0,Active,2024-03-29,,True,Trial
7759,5494,Pro,79,Active,2024-12-12,,False,Recurring
7760,5495,Enterprise,0,Cancelled,2024-03-29,2024-04-12,True,Trial
7761,5496,Starter,0,Cancelled,2024-03-30,2024-04-13,True,Trial
7762,5497,Starter,0,Active,2024-03-30,,True,Trial
7763,5497,Starter,29,Upgraded,2024-04-13,2024-05-13,False,Expansion MRR
7764,5497,Pro,79,Cancelled,2024-06-13,2024-07-13,False,Churned MRR
7765,5498,Enterprise,0,Cancelled,2024-03-30,2024-04-13,True,Trial
7766,5499,Pro,0,Cancelled,2024-03-30,2024-04-13,True,Trial
7767,5500,Starter,0,Active,2024-03-30,,True,Trial
7768,5500,Starter,29,Active,2024-12-13,,False,Recurring
7769,5501,Pro,0,Cancelled,2024-03-30,2024-04-13,True,Trial
7770,5502,Starter,0,Cancelled,2024-03-30,2024-04-13,True,Trial
7771,5503,Pro,0,Cancelled,2024-03-30,2024-04-13,True,Trial
7772,5504,Pro,0,Cancelled,2024-03-30,2024-04-13,True,Trial
7773,5505,Business,0,Cancelled,2024-03-30,2024-04-13,True,Trial
7774,5506,Starter,0,Cancelled,2024-03-30,2024-04-13,True,Trial
7775,5507,Starter,0,Cancelled,2024-03-30,2024-04-13,True,Trial
7776,5508,Starter,0,Cancelled,2024-03-30,2024-04-13,True,Trial
7777,5509,Starter,0,Cancelled,2024-03-30,2024-04-13,True,Trial
7778,5510,Enterprise,0,Active,2024-03-30,,True,Trial
7779,5510,Enterprise,499,Downgraded,2024-12-13,2025-01-13,False,Contraction MRR
7780,5511,Pro,0,Cancelled,2024-03-30,2024-04-13,True,Trial
7781,5512,Pro,0,Cancelled,2024-03-30,2024-04-13,True,Trial
7782,5513,Starter,0,Cancelled,2024-03-30,2024-04-13,True,Trial
7783,5514,Pro,0,Cancelled,2024-03-30,2024-04-13,True,Trial
7784,5515,Pro,0,Cancelled,2024-03-30,2024-04-13,True,Trial
7785,5516,Pro,0,Cancelled,2024-03-30,2024-04-13,True,Trial
7786,5517,Pro,0,Cancelled,2024-03-30,2024-04-13,True,Trial
7787,5518,Starter,0,Active,2024-03-30,,True,Trial
7788,5518,Starter,29,Upgraded,2024-07-13,2024-08-13,False,Expansion MRR
7789,5518,Pro,79,Active,2024-12-13,,False,Recurring
7790,5519,Pro,0,Cancelled,2024-03-31,2024-04-14,True,Trial
7791,5520,Starter,0,Cancelled,2024-03-31,2024-04-14,True,Trial
7792,5521,Pro,0,Cancelled,2024-03-31,2024-04-14,True,Trial
7793,5522,Pro,0,Cancelled,2024-03-31,2024-04-14,True,Trial
7794,5523,Pro,0,Cancelled,2024-03-31,2024-04-14,True,Trial
7795,5524,Business,0,Cancelled,2024-03-31,2024-04-14,True,Trial
7796,5525,Starter,0,Active,2024-03-31,,True,Trial
7797,5525,Starter,29,Cancelled,2024-07-14,2024-08-14,False,Churned MRR
7798,5526,Enterprise,0,Cancelled,2024-03-31,2024-04-14,True,Trial
7799,5527,Enterprise,0,Cancelled,2024-03-31,2024-04-14,True,Trial
7800,5528,Pro,0,Active,2024-03-31,,True,Trial
7801,5528,Pro,79,Cancelled,2024-05-14,2024-06-14,False,Churned MRR
7802,5529,Pro,0,Cancelled,2024-03-31,2024-04-14,True,Trial
7803,5530,Pro,0,Cancelled,2024-03-31,2024-04-14,True,Trial
7804,5531,Business,0,Active,2024-03-31,,True,Trial
7805,5531,Business,199,Upgraded,2024-05-14,2024-06-14,False,Expansion MRR
7806,5531,Enterprise,499,Downgraded,2024-06-14,2024-07-14,False,Contraction MRR
7807,5531,Business,199,Active,2024-12-14,,False,Recurring
7808,5532,Starter,0,Active,2024-03-31,,True,Trial
7809,5532,Starter,29,Cancelled,2024-04-14,2024-05-14,False,Churned MRR
7810,5533,Starter,0,Active,2024-04-01,,True,Trial
7811,5533,Starter,29,Cancelled,2024-09-15,2024-10-15,False,Churned MRR
7812,5534,Starter,0,Cancelled,2024-04-01,2024-04-15,True,Trial
7813,5535,Starter,0,Cancelled,2024-04-01,2024-04-15,True,Trial
7814,5536,Starter,0,Cancelled,2024-04-01,2024-04-15,True,Trial
7815,5537,Starter,0,Cancelled,2024-04-01,2024-04-15,True,Trial
7816,5538,Pro,0,Cancelled,2024-04-01,2024-04-15,True,Trial
7817,5539,Business,0,Cancelled,2024-04-01,2024-04-15,True,Trial
7818,5540,Business,0,Cancelled,2024-04-01,2024-04-15,True,Trial
7819,5541,Pro,0,Cancelled,2024-04-01,2024-04-15,True,Trial
7820,5542,Business,0,Cancelled,2024-04-01,2024-04-15,True,Trial
7821,5543,Enterprise,0,Cancelled,2024-04-01,2024-04-15,True,Trial
7822,5544,Starter,0,Cancelled,2024-04-01,2024-04-15,True,Trial
7823,5545,Enterprise,0,Active,2024-04-01,,True,Trial
7824,5545,Enterprise,499,Active,2024-12-15,,False,Recurring
7825,5546,Pro,0,Active,2024-04-01,,True,Trial
7826,5546,Pro,79,Downgraded,2024-07-15,2024-08-15,False,Contraction MRR
7827,5546,Starter,29,Active,2024-12-15,,False,Recurring
7828,5547,Starter,0,Cancelled,2024-04-01,2024-04-15,True,Trial
7829,5548,Starter,0,Active,2024-04-01,,True,Trial
7830,5548,Starter,29,Cancelled,2024-04-15,2024-05-15,False,Churned MRR
7831,5549,Starter,0,Active,2024-04-01,,True,Trial
7832,5549,Starter,29,Active,2024-12-15,,False,Recurring
7833,5550,Business,0,Active,2024-04-01,,True,Trial
7834,5550,Business,199,Cancelled,2024-04-15,2024-05-15,False,Churned MRR
7835,5551,Starter,0,Active,2024-04-01,,True,Trial
7836,5551,Starter,29,Active,2024-12-15,,False,Recurring
7837,5552,Starter,0,Cancelled,2024-04-01,2024-04-15,True,Trial
7838,5553,Pro,0,Cancelled,2024-04-01,2024-04-15,True,Trial
7839,5554,Pro,0,Cancelled,2024-04-01,2024-04-15,True,Trial
7840,5555,Business,0,Active,2024-04-01,,True,Trial
7841,5555,Business,199,Cancelled,2024-06-15,2024-07-15,False,Churned MRR
7842,5556,Business,0,Cancelled,2024-04-02,2024-04-16,True,Trial
7843,5557,Pro,0,Cancelled,2024-04-02,2024-04-16,True,Trial
7844,5558,Starter,0,Active,2024-04-02,,True,Trial
7845,5558,Starter,29,Upgraded,2024-08-16,2024-09-16,False,Expansion MRR
7846,5558,Pro,79,Cancelled,2024-11-16,2024-12-16,False,Churned MRR
7847,5559,Enterprise,0,Cancelled,2024-04-02,2024-04-16,True,Trial
7848,5560,Enterprise,0,Active,2024-04-02,,True,Trial
7849,5560,Enterprise,499,Active,2024-12-16,,False,Recurring
7850,5561,Business,0,Cancelled,2024-04-02,2024-04-16,True,Trial
7851,5562,Pro,0,Cancelled,2024-04-02,2024-04-16,True,Trial
7852,5563,Starter,0,Cancelled,2024-04-02,2024-04-16,True,Trial
7853,5564,Pro,0,Cancelled,2024-04-02,2024-04-16,True,Trial
7854,5565,Business,0,Cancelled,2024-04-02,2024-04-16,True,Trial
7855,5566,Business,0,Cancelled,2024-04-03,2024-04-17,True,Trial
7856,5567,Starter,0,Cancelled,2024-04-03,2024-04-17,True,Trial
7857,5568,Enterprise,0,Active,2024-04-03,,True,Trial
7858,5568,Enterprise,499,Active,2024-12-17,,False,Recurring
7859,5569,Pro,0,Cancelled,2024-04-03,2024-04-17,True,Trial
7860,5570,Pro,0,Cancelled,2024-04-03,2024-04-17,True,Trial
7861,5571,Starter,0,Cancelled,2024-04-03,2024-04-17,True,Trial
7862,5572,Business,0,Cancelled,2024-04-03,2024-04-17,True,Trial
7863,5573,Starter,0,Cancelled,2024-04-03,2024-04-17,True,Trial
7864,5574,Business,0,Active,2024-04-03,,True,Trial
7865,5574,Business,199,Cancelled,2024-07-17,2024-08-17,False,Churned MRR
7866,5575,Starter,0,Cancelled,2024-04-03,2024-04-17,True,Trial
7867,5576,Starter,0,Cancelled,2024-04-03,2024-04-17,True,Trial
7868,5577,Business,0,Cancelled,2024-04-03,2024-04-17,True,Trial
7869,5578,Enterprise,0,Cancelled,2024-04-03,2024-04-17,True,Trial
7870,5579,Enterprise,0,Cancelled,2024-04-03,2024-04-17,True,Trial
7871,5580,Pro,0,Active,2024-04-03,,True,Trial
7872,5580,Pro,79,Cancelled,2024-07-17,2024-08-17,False,Churned MRR
7873,5581,Enterprise,0,Cancelled,2024-04-03,2024-04-17,True,Trial
7874,5582,Enterprise,0,Cancelled,2024-04-03,2024-04-17,True,Trial
7875,5583,Starter,0,Cancelled,2024-04-03,2024-04-17,True,Trial
7876,5584,Business,0,Cancelled,2024-04-04,2024-04-18,True,Trial
7877,5585,Pro,0,Cancelled,2024-04-04,2024-04-18,True,Trial
7878,5586,Business,0,Cancelled,2024-04-04,2024-04-18,True,Trial
7879,5587,Starter,0,Active,2024-04-04,,True,Trial
7880,5587,Starter,29,Active,2024-12-18,,False,Recurring
7881,5588,Enterprise,0,Active,2024-04-04,,True,Trial
7882,5588,Enterprise,499,Active,2024-12-18,,False,Recurring
7883,5589,Starter,0,Cancelled,2024-04-04,2024-04-18,True,Trial
7884,5590,Pro,0,Cancelled,2024-04-04,2024-04-18,True,Trial
7885,5591,Pro,0,Cancelled,2024-04-04,2024-04-18,True,Trial
7886,5592,Enterprise,0,Cancelled,2024-04-04,2024-04-18,True,Trial
7887,5593,Business,0,Active,2024-04-04,,True,Trial
7888,5593,Business,199,Cancelled,2024-10-18,2024-11-18,False,Churned MRR
7889,5594,Enterprise,0,Cancelled,2024-04-04,2024-04-18,True,Trial
7890,5595,Starter,0,Cancelled,2024-04-04,2024-04-18,True,Trial
7891,5596,Starter,0,Active,2024-04-04,,True,Trial
7892,5596,Starter,29,Active,2024-12-18,,False,Recurring
7893,5597,Enterprise,0,Cancelled,2024-04-04,2024-04-18,True,Trial
7894,5598,Business,0,Cancelled,2024-04-04,2024-04-18,True,Trial
7895,5599,Enterprise,0,Cancelled,2024-04-05,2024-04-19,True,Trial
7896,5600,Starter,0,Active,2024-04-05,,True,Trial
7897,5600,Starter,29,Active,2024-12-19,,False,Recurring
7898,5601,Starter,0,Cancelled,2024-04-05,2024-04-19,True,Trial
7899,5602,Pro,0,Cancelled,2024-04-05,2024-04-19,True,Trial
7900,5603,Enterprise,0,Active,2024-04-05,,True,Trial
7901,5603,Enterprise,499,Downgraded,2024-11-19,2024-12-19,False,Contraction MRR
7902,5603,Business,199,Active,2024-12-19,,False,Contraction MRR
7903,5604,Starter,0,Cancelled,2024-04-05,2024-04-19,True,Trial
7904,5605,Pro,0,Active,2024-04-05,,True,Trial
7905,5605,Pro,79,Upgraded,2024-06-19,2024-07-19,False,Expansion MRR
7906,5605,Business,199,Active,2024-12-19,,False,Recurring
7907,5606,Starter,0,Cancelled,2024-04-05,2024-04-19,True,Trial
7908,5607,Enterprise,0,Active,2024-04-05,,True,Trial
7909,5607,Enterprise,499,Cancelled,2024-07-19,2024-08-19,False,Churned MRR
7910,5608,Starter,0,Cancelled,2024-04-05,2024-04-19,True,Trial
7911,5609,Pro,0,Cancelled,2024-04-05,2024-04-19,True,Trial
7912,5610,Business,0,Cancelled,2024-04-05,2024-04-19,True,Trial
7913,5611,Starter,0,Cancelled,2024-04-05,2024-04-19,True,Trial
7914,5612,Starter,0,Cancelled,2024-04-05,2024-04-19,True,Trial
7915,5613,Pro,0,Cancelled,2024-04-05,2024-04-19,True,Trial
7916,5614,Starter,0,Cancelled,2024-04-05,2024-04-19,True,Trial
7917,5615,Pro,0,Active,2024-04-06,,True,Trial
7918,5615,Pro,79,Cancelled,2024-05-20,2024-06-20,False,Churned MRR
7919,5616,Starter,0,Cancelled,2024-04-06,2024-04-20,True,Trial
7920,5617,Pro,0,Active,2024-04-06,,True,Trial
7921,5617,Pro,79,Cancelled,2024-04-20,2024-05-20,False,Churned MRR
7922,5618,Starter,0,Cancelled,2024-04-06,2024-04-20,True,Trial
7923,5619,Pro,0,Cancelled,2024-04-06,2024-04-20,True,Trial
7924,5620,Pro,0,Cancelled,2024-04-06,2024-04-20,True,Trial
7925,5621,Business,0,Cancelled,2024-04-06,2024-04-20,True,Trial
7926,5622,Business,0,Cancelled,2024-04-06,2024-04-20,True,Trial
7927,5623,Enterprise,0,Active,2024-04-06,,True,Trial
7928,5623,Enterprise,499,Active,2024-12-20,,False,Recurring
7929,5624,Starter,0,Cancelled,2024-04-06,2024-04-20,True,Trial
7930,5625,Starter,0,Active,2024-04-06,,True,Trial
7931,5625,Starter,29,Active,2024-12-20,,False,Recurring
7932,5626,Business,0,Cancelled,2024-04-07,2024-04-21,True,Trial
7933,5627,Starter,0,Cancelled,2024-04-07,2024-04-21,True,Trial
7934,5628,Business,0,Active,2024-04-07,,True,Trial
7935,5628,Business,199,Active,2024-12-21,,False,Recurring
7936,5629,Pro,0,Cancelled,2024-04-07,2024-04-21,True,Trial
7937,5630,Starter,0,Cancelled,2024-04-07,2024-04-21,True,Trial
7938,5631,Pro,0,Cancelled,2024-04-07,2024-04-21,True,Trial
7939,5632,Starter,0,Cancelled,2024-04-07,2024-04-21,True,Trial
7940,5633,Pro,0,Cancelled,2024-04-07,2024-04-21,True,Trial
7941,5634,Pro,0,Cancelled,2024-04-07,2024-04-21,True,Trial
7942,5635,Business,0,Active,2024-04-07,,True,Trial
7943,5635,Business,199,Upgraded,2024-07-21,2024-08-21,False,Expansion MRR
7944,5635,Enterprise,499,Active,2024-12-21,,False,Recurring
7945,5636,Business,0,Cancelled,2024-04-07,2024-04-21,True,Trial
7946,5637,Business,0,Cancelled,2024-04-07,2024-04-21,True,Trial
7947,5638,Starter,0,Cancelled,2024-04-08,2024-04-22,True,Trial
7948,5639,Pro,0,Cancelled,2024-04-08,2024-04-22,True,Trial
7949,5640,Starter,0,Cancelled,2024-04-08,2024-04-22,True,Trial
7950,5641,Starter,0,Active,2024-04-08,,True,Trial
7951,5641,Starter,29,Active,2024-12-22,,False,Recurring
7952,5642,Pro,0,Cancelled,2024-04-08,2024-04-22,True,Trial
7953,5643,Enterprise,0,Cancelled,2024-04-08,2024-04-22,True,Trial
7954,5644,Starter,0,Cancelled,2024-04-08,2024-04-22,True,Trial
7955,5645,Starter,0,Cancelled,2024-04-08,2024-04-22,True,Trial
7956,5646,Enterprise,0,Cancelled,2024-04-08,2024-04-22,True,Trial
7957,5647,Pro,0,Active,2024-04-08,,True,Trial
7958,5647,Pro,79,Active,2024-12-22,,False,Recurring
7959,5648,Starter,0,Cancelled,2024-04-08,2024-04-22,True,Trial
7960,5649,Starter,0,Cancelled,2024-04-08,2024-04-22,True,Trial
7961,5650,Business,0,Cancelled,2024-04-08,2024-04-22,True,Trial
7962,5651,Pro,0,Cancelled,2024-04-08,2024-04-22,True,Trial
7963,5652,Starter,0,Cancelled,2024-04-08,2024-04-22,True,Trial
7964,5653,Pro,0,Cancelled,2024-04-08,2024-04-22,True,Trial
7965,5654,Business,0,Active,2024-04-08,,True,Trial
7966,5654,Business,199,Upgraded,2024-12-22,2025-01-22,False,Expansion MRR
7967,5655,Starter,0,Cancelled,2024-04-08,2024-04-22,True,Trial
7968,5656,Starter,0,Cancelled,2024-04-08,2024-04-22,True,Trial
7969,5657,Business,0,Cancelled,2024-04-08,2024-04-22,True,Trial
7970,5658,Enterprise,0,Cancelled,2024-04-08,2024-04-22,True,Trial
7971,5659,Starter,0,Active,2024-04-08,,True,Trial
7972,5659,Starter,29,Cancelled,2024-08-22,2024-09-22,False,Churned MRR
7973,5660,Pro,0,Active,2024-04-08,,True,Trial
7974,5660,Pro,79,Active,2024-12-22,,False,Recurring
7975,5661,Enterprise,0,Cancelled,2024-04-09,2024-04-23,True,Trial
7976,5662,Enterprise,0,Cancelled,2024-04-09,2024-04-23,True,Trial
7977,5663,Starter,0,Active,2024-04-09,,True,Trial
7978,5663,Starter,29,Active,2024-12-23,,False,Recurring
7979,5664,Pro,0,Cancelled,2024-04-09,2024-04-23,True,Trial
7980,5665,Starter,0,Cancelled,2024-04-09,2024-04-23,True,Trial
7981,5666,Pro,0,Active,2024-04-09,,True,Trial
7982,5666,Pro,79,Downgraded,2024-10-23,2024-11-23,False,Contraction MRR
7983,5666,Starter,29,Cancelled,2024-12-23,2025-01-01,False,Churned MRR
7984,5667,Starter,0,Cancelled,2024-04-09,2024-04-23,True,Trial
7985,5668,Pro,0,Cancelled,2024-04-09,2024-04-23,True,Trial
7986,5669,Starter,0,Cancelled,2024-04-09,2024-04-23,True,Trial
7987,5670,Pro,0,Cancelled,2024-04-09,2024-04-23,True,Trial
7988,5671,Pro,0,Cancelled,2024-04-09,2024-04-23,True,Trial
7989,5672,Enterprise,0,Active,2024-04-09,,True,Trial
7990,5672,Enterprise,499,Downgraded,2024-06-23,2024-07-23,False,Contraction MRR
7991,5672,Business,199,Active,2024-12-23,,False,Recurring
7992,5673,Pro,0,Cancelled,2024-04-09,2024-04-23,True,Trial
7993,5674,Starter,0,Active,2024-04-09,,True,Trial
7994,5674,Starter,29,Active,2024-12-23,,False,Recurring
7995,5675,Pro,0,Cancelled,2024-04-09,2024-04-23,True,Trial
7996,5676,Pro,0,Cancelled,2024-04-10,2024-04-24,True,Trial
7997,5677,Starter,0,Cancelled,2024-04-10,2024-04-24,True,Trial
7998,5678,Pro,0,Active,2024-04-10,,True,Trial
7999,5678,Pro,79,Cancelled,2024-09-24,2024-10-24,False,Churned MRR
8000,5679,Pro,0,Cancelled,2024-04-10,2024-04-24,True,Trial
8001,5680,Starter,0,Cancelled,2024-04-10,2024-04-24,True,Trial
8002,5681,Starter,0,Cancelled,2024-04-10,2024-04-24,True,Trial
8003,5682,Pro,0,Cancelled,2024-04-10,2024-04-24,True,Trial
8004,5683,Starter,0,Active,2024-04-10,,True,Trial
8005,5683,Starter,29,Cancelled,2024-06-24,2024-07-24,False,Churned MRR
8006,5684,Starter,0,Active,2024-04-10,,True,Trial
8007,5684,Starter,29,Active,2024-12-24,,False,Recurring
8008,5685,Starter,0,Cancelled,2024-04-10,2024-04-24,True,Trial
8009,5686,Business,0,Cancelled,2024-04-10,2024-04-24,True,Trial
8010,5687,Business,0,Cancelled,2024-04-10,2024-04-24,True,Trial
8011,5688,Business,0,Cancelled,2024-04-10,2024-04-24,True,Trial
8012,5689,Starter,0,Active,2024-04-10,,True,Trial
8013,5689,Starter,29,Cancelled,2024-04-24,2024-05-24,False,Churned MRR
8014,5690,Starter,0,Cancelled,2024-04-10,2024-04-24,True,Trial
8015,5691,Starter,0,Cancelled,2024-04-11,2024-04-25,True,Trial
8016,5692,Starter,0,Cancelled,2024-04-11,2024-04-25,True,Trial
8017,5693,Enterprise,0,Active,2024-04-11,,True,Trial
8018,5693,Enterprise,499,Active,2024-12-25,,False,Recurring
8019,5694,Enterprise,0,Cancelled,2024-04-11,2024-04-25,True,Trial
8020,5695,Business,0,Active,2024-04-11,,True,Trial
8021,5695,Business,199,Active,2024-12-25,,False,Recurring
8022,5696,Pro,0,Cancelled,2024-04-11,2024-04-25,True,Trial
8023,5697,Pro,0,Cancelled,2024-04-11,2024-04-25,True,Trial
8024,5698,Starter,0,Cancelled,2024-04-11,2024-04-25,True,Trial
8025,5699,Starter,0,Cancelled,2024-04-11,2024-04-25,True,Trial
8026,5700,Starter,0,Active,2024-04-11,,True,Trial
8027,5700,Starter,29,Active,2024-12-25,,False,Recurring
8028,5701,Starter,0,Cancelled,2024-04-11,2024-04-25,True,Trial
8029,5702,Starter,0,Cancelled,2024-04-11,2024-04-25,True,Trial
8030,5703,Business,0,Cancelled,2024-04-12,2024-04-26,True,Trial
8031,5704,Pro,0,Cancelled,2024-04-12,2024-04-26,True,Trial
8032,5705,Pro,0,Active,2024-04-12,,True,Trial
8033,5705,Pro,79,Active,2024-12-26,,False,Recurring
8034,5706,Business,0,Active,2024-04-12,,True,Trial
8035,5706,Business,199,Active,2024-12-26,,False,Recurring
8036,5707,Starter,0,Cancelled,2024-04-12,2024-04-26,True,Trial
8037,5708,Starter,0,Cancelled,2024-04-12,2024-04-26,True,Trial
8038,5709,Starter,0,Cancelled,2024-04-12,2024-04-26,True,Trial
8039,5710,Pro,0,Cancelled,2024-04-12,2024-04-26,True,Trial
8040,5711,Starter,0,Cancelled,2024-04-12,2024-04-26,True,Trial
8041,5712,Pro,0,Cancelled,2024-04-12,2024-04-26,True,Trial
8042,5713,Pro,0,Cancelled,2024-04-12,2024-04-26,True,Trial
8043,5714,Business,0,Active,2024-04-12,,True,Trial
8044,5714,Business,199,Cancelled,2024-06-26,2024-07-26,False,Churned MRR
8045,5715,Pro,0,Cancelled,2024-04-12,2024-04-26,True,Trial
8046,5716,Starter,0,Active,2024-04-12,,True,Trial
8047,5716,Starter,29,Active,2024-12-26,,False,Recurring
8048,5717,Starter,0,Active,2024-04-12,,True,Trial
8049,5717,Starter,29,Cancelled,2024-09-26,2024-10-26,False,Churned MRR
8050,5718,Business,0,Active,2024-04-12,,True,Trial
8051,5718,Business,199,Cancelled,2024-06-26,2024-07-26,False,Churned MRR
8052,5719,Starter,0,Cancelled,2024-04-13,2024-04-27,True,Trial
8053,5720,Pro,0,Active,2024-04-13,,True,Trial
8054,5720,Pro,79,Cancelled,2024-05-27,2024-06-27,False,Churned MRR
8055,5721,Pro,0,Cancelled,2024-04-13,2024-04-27,True,Trial
8056,5722,Enterprise,0,Cancelled,2024-04-13,2024-04-27,True,Trial
8057,5723,Enterprise,0,Active,2024-04-13,,True,Trial
8058,5723,Enterprise,499,Downgraded,2024-08-27,2024-09-27,False,Contraction MRR
8059,5723,Business,199,Active,2024-12-27,,False,Recurring
8060,5724,Starter,0,Cancelled,2024-04-13,2024-04-27,True,Trial
8061,5725,Business,0,Cancelled,2024-04-13,2024-04-27,True,Trial
8062,5726,Starter,0,Cancelled,2024-04-13,2024-04-27,True,Trial
8063,5727,Business,0,Cancelled,2024-04-13,2024-04-27,True,Trial
8064,5728,Enterprise,0,Active,2024-04-13,,True,Trial
8065,5728,Enterprise,499,Active,2024-12-27,,False,Recurring
8066,5729,Starter,0,Cancelled,2024-04-13,2024-04-27,True,Trial
8067,5730,Enterprise,0,Cancelled,2024-04-14,2024-04-28,True,Trial
8068,5731,Starter,0,Cancelled,2024-04-14,2024-04-28,True,Trial
8069,5732,Pro,0,Cancelled,2024-04-14,2024-04-28,True,Trial
8070,5733,Starter,0,Cancelled,2024-04-14,2024-04-28,True,Trial
8071,5734,Pro,0,Cancelled,2024-04-14,2024-04-28,True,Trial
8072,5735,Starter,0,Active,2024-04-14,,True,Trial
8073,5735,Starter,29,Cancelled,2024-12-28,2025-01-01,False,Churned MRR
8074,5736,Pro,0,Cancelled,2024-04-14,2024-04-28,True,Trial
8075,5737,Pro,0,Active,2024-04-14,,True,Trial
8076,5737,Pro,79,Cancelled,2024-10-28,2024-11-28,False,Churned MRR
8077,5738,Pro,0,Cancelled,2024-04-14,2024-04-28,True,Trial
8078,5739,Business,0,Cancelled,2024-04-14,2024-04-28,True,Trial
8079,5740,Pro,0,Cancelled,2024-04-14,2024-04-28,True,Trial
8080,5741,Business,0,Active,2024-04-15,,True,Trial
8081,5741,Business,199,Active,2024-12-29,,False,Recurring
8082,5742,Starter,0,Cancelled,2024-04-15,2024-04-29,True,Trial
8083,5743,Pro,0,Cancelled,2024-04-15,2024-04-29,True,Trial
8084,5744,Starter,0,Cancelled,2024-04-15,2024-04-29,True,Trial
8085,5745,Starter,0,Cancelled,2024-04-15,2024-04-29,True,Trial
8086,5746,Starter,0,Cancelled,2024-04-15,2024-04-29,True,Trial
8087,5747,Pro,0,Cancelled,2024-04-15,2024-04-29,True,Trial
8088,5748,Starter,0,Active,2024-04-15,,True,Trial
8089,5748,Starter,29,Cancelled,2024-11-29,2024-12-29,False,Churned MRR
8090,5749,Starter,0,Active,2024-04-15,,True,Trial
8091,5749,Starter,29,Cancelled,2024-04-29,2024-05-29,False,Churned MRR
8092,5750,Pro,0,Cancelled,2024-04-15,2024-04-29,True,Trial
8093,5751,Starter,0,Cancelled,2024-04-15,2024-04-29,True,Trial
8094,5752,Business,0,Active,2024-04-15,,True,Trial
8095,5752,Business,199,Cancelled,2024-04-29,2024-05-29,False,Churned MRR
8096,5753,Starter,0,Cancelled,2024-04-15,2024-04-29,True,Trial
8097,5754,Pro,0,Cancelled,2024-04-15,2024-04-29,True,Trial
8098,5755,Pro,0,Active,2024-04-15,,True,Trial
8099,5755,Pro,79,Cancelled,2024-10-29,2024-11-29,False,Churned MRR
8100,5756,Business,0,Active,2024-04-15,,True,Trial
8101,5756,Business,199,Active,2024-12-29,,False,Recurring
8102,5757,Pro,0,Active,2024-04-15,,True,Trial
8103,5757,Pro,79,Downgraded,2024-04-29,2024-05-29,False,Contraction MRR
8104,5757,Starter,29,Cancelled,2024-05-29,2024-06-29,False,Churned MRR
8105,5758,Enterprise,0,Cancelled,2024-04-15,2024-04-29,True,Trial
8106,5759,Pro,0,Active,2024-04-15,,True,Trial
8107,5759,Pro,79,Cancelled,2024-10-29,2024-11-29,False,Churned MRR
8108,5760,Starter,0,Cancelled,2024-04-15,2024-04-29,True,Trial
8109,5761,Starter,0,Cancelled,2024-04-15,2024-04-29,True,Trial
8110,5762,Pro,0,Cancelled,2024-04-15,2024-04-29,True,Trial
8111,5763,Starter,0,Cancelled,2024-04-15,2024-04-29,True,Trial
8112,5764,Starter,0,Cancelled,2024-04-15,2024-04-29,True,Trial
8113,5765,Starter,0,Active,2024-04-16,,True,Trial
8114,5765,Starter,29,Active,2024-12-30,,False,Recurring
8115,5766,Starter,0,Cancelled,2024-04-16,2024-04-30,True,Trial
8116,5767,Enterprise,0,Active,2024-04-16,,True,Trial
8117,5767,Enterprise,499,Downgraded,2024-09-30,2024-10-30,False,Contraction MRR
8118,5767,Business,199,Active,2024-12-30,,False,Recurring
8119,5768,Starter,0,Active,2024-04-16,,True,Trial
8120,5768,Starter,29,Active,2024-12-30,,False,Recurring
8121,5769,Starter,0,Cancelled,2024-04-16,2024-04-30,True,Trial
8122,5770,Business,0,Cancelled,2024-04-16,2024-04-30,True,Trial
8123,5771,Starter,0,Cancelled,2024-04-16,2024-04-30,True,Trial
8124,5772,Starter,0,Cancelled,2024-04-16,2024-04-30,True,Trial
8125,5773,Business,0,Active,2024-04-16,,True,Trial
8126,5773,Business,199,Active,2024-12-30,,False,Recurring
8127,5774,Enterprise,0,Cancelled,2024-04-16,2024-04-30,True,Trial
8128,5775,Pro,0,Cancelled,2024-04-17,2024-05-01,True,Trial
8129,5776,Enterprise,0,Cancelled,2024-04-17,2024-05-01,True,Trial
8130,5777,Starter,0,Active,2024-04-17,,True,Trial
8131,5777,Starter,29,Cancelled,2024-09-01,2024-10-01,False,Churned MRR
8132,5778,Starter,0,Cancelled,2024-04-17,2024-05-01,True,Trial
8133,5779,Starter,0,Cancelled,2024-04-17,2024-05-01,True,Trial
8134,5780,Pro,0,Cancelled,2024-04-17,2024-05-01,True,Trial
8135,5781,Enterprise,0,Active,2024-04-17,,True,Trial
8136,5781,Enterprise,499,Active,2024-12-01,,False,Recurring
8137,5782,Pro,0,Active,2024-04-17,,True,Trial
8138,5782,Pro,79,Cancelled,2024-06-01,2024-07-01,False,Churned MRR
8139,5783,Pro,0,Cancelled,2024-04-17,2024-05-01,True,Trial
8140,5784,Business,0,Cancelled,2024-04-17,2024-05-01,True,Trial
8141,5785,Pro,0,Active,2024-04-17,,True,Trial
8142,5785,Pro,79,Cancelled,2024-06-01,2024-07-01,False,Churned MRR
8143,5786,Pro,0,Cancelled,2024-04-17,2024-05-01,True,Trial
8144,5787,Business,0,Cancelled,2024-04-17,2024-05-01,True,Trial
8145,5788,Pro,0,Cancelled,2024-04-18,2024-05-02,True,Trial
8146,5789,Business,0,Cancelled,2024-04-18,2024-05-02,True,Trial
8147,5790,Starter,0,Cancelled,2024-04-18,2024-05-02,True,Trial
8148,5791,Pro,0,Cancelled,2024-04-18,2024-05-02,True,Trial
8149,5792,Starter,0,Cancelled,2024-04-18,2024-05-02,True,Trial
8150,5793,Starter,0,Cancelled,2024-04-18,2024-05-02,True,Trial
8151,5794,Enterprise,0,Active,2024-04-18,,True,Trial
8152,5794,Enterprise,499,Active,2024-12-02,,False,Recurring
8153,5795,Starter,0,Cancelled,2024-04-18,2024-05-02,True,Trial
8154,5796,Business,0,Active,2024-04-18,,True,Trial
8155,5796,Business,199,Active,2024-12-02,,False,Recurring
8156,5797,Starter,0,Cancelled,2024-04-18,2024-05-02,True,Trial
8157,5798,Pro,0,Cancelled,2024-04-18,2024-05-02,True,Trial
8158,5799,Pro,0,Cancelled,2024-04-18,2024-05-02,True,Trial
8159,5800,Starter,0,Cancelled,2024-04-18,2024-05-02,True,Trial
8160,5801,Starter,0,Cancelled,2024-04-18,2024-05-02,True,Trial
8161,5802,Pro,0,Cancelled,2024-04-18,2024-05-02,True,Trial
8162,5803,Enterprise,0,Active,2024-04-18,,True,Trial
8163,5803,Enterprise,499,Active,2024-12-02,,False,Recurring
8164,5804,Starter,0,Active,2024-04-18,,True,Trial
8165,5804,Starter,29,Active,2024-12-02,,False,Recurring
8166,5805,Business,0,Cancelled,2024-04-18,2024-05-02,True,Trial
8167,5806,Pro,0,Cancelled,2024-04-19,2024-05-03,True,Trial
8168,5807,Starter,0,Cancelled,2024-04-19,2024-05-03,True,Trial
8169,5808,Enterprise,0,Active,2024-04-19,,True,Trial
8170,5808,Enterprise,499,Active,2024-12-03,,False,Recurring
8171,5809,Business,0,Cancelled,2024-04-19,2024-05-03,True,Trial
8172,5810,Starter,0,Cancelled,2024-04-19,2024-05-03,True,Trial
8173,5811,Starter,0,Active,2024-04-19,,True,Trial
8174,5811,Starter,29,Cancelled,2024-05-03,2024-06-03,False,Churned MRR
8175,5812,Pro,0,Cancelled,2024-04-19,2024-05-03,True,Trial
8176,5813,Starter,0,Cancelled,2024-04-19,2024-05-03,True,Trial
8177,5814,Pro,0,Cancelled,2024-04-19,2024-05-03,True,Trial
8178,5815,Enterprise,0,Cancelled,2024-04-19,2024-05-03,True,Trial
8179,5816,Starter,0,Cancelled,2024-04-19,2024-05-03,True,Trial
8180,5817,Starter,0,Cancelled,2024-04-19,2024-05-03,True,Trial
8181,5818,Starter,0,Active,2024-04-19,,True,Trial
8182,5818,Starter,29,Active,2024-12-03,,False,Recurring
8183,5819,Starter,0,Cancelled,2024-04-19,2024-05-03,True,Trial
8184,5820,Starter,0,Cancelled,2024-04-19,2024-05-03,True,Trial
8185,5821,Starter,0,Cancelled,2024-04-19,2024-05-03,True,Trial
8186,5822,Starter,0,Cancelled,2024-04-19,2024-05-03,True,Trial
8187,5823,Enterprise,0,Active,2024-04-19,,True,Trial
8188,5823,Enterprise,499,Active,2024-12-03,,False,Recurring
8189,5824,Enterprise,0,Active,2024-04-20,,True,Trial
8190,5824,Enterprise,499,Downgraded,2024-11-04,2024-12-04,False,Contraction MRR
8191,5824,Business,199,Active,2024-12-04,,False,Contraction MRR
8192,5825,Business,0,Active,2024-04-20,,True,Trial
8193,5825,Business,199,Cancelled,2024-10-04,2024-11-04,False,Churned MRR
8194,5826,Business,0,Active,2024-04-20,,True,Trial
8195,5826,Business,199,Active,2024-12-04,,False,Recurring
8196,5827,Starter,0,Cancelled,2024-04-20,2024-05-04,True,Trial
8197,5828,Business,0,Active,2024-04-20,,True,Trial
8198,5828,Business,199,Active,2024-12-04,,False,Recurring
8199,5829,Enterprise,0,Active,2024-04-20,,True,Trial
8200,5829,Enterprise,499,Active,2024-12-04,,False,Recurring
8201,5830,Pro,0,Cancelled,2024-04-20,2024-05-04,True,Trial
8202,5831,Starter,0,Cancelled,2024-04-20,2024-05-04,True,Trial
8203,5832,Pro,0,Cancelled,2024-04-20,2024-05-04,True,Trial
8204,5833,Starter,0,Cancelled,2024-04-20,2024-05-04,True,Trial
8205,5834,Starter,0,Active,2024-04-20,,True,Trial
8206,5834,Starter,29,Upgraded,2024-09-04,2024-10-04,False,Expansion MRR
8207,5834,Pro,79,Active,2024-12-04,,False,Recurring
8208,5835,Business,0,Cancelled,2024-04-20,2024-05-04,True,Trial
8209,5836,Starter,0,Active,2024-04-20,,True,Trial
8210,5836,Starter,29,Upgraded,2024-05-04,2024-06-04,False,Expansion MRR
8211,5836,Pro,79,Active,2024-12-04,,False,Recurring
8212,5837,Pro,0,Cancelled,2024-04-20,2024-05-04,True,Trial
8213,5838,Starter,0,Cancelled,2024-04-20,2024-05-04,True,Trial
8214,5839,Starter,0,Cancelled,2024-04-21,2024-05-05,True,Trial
8215,5840,Business,0,Cancelled,2024-04-21,2024-05-05,True,Trial
8216,5841,Pro,0,Cancelled,2024-04-21,2024-05-05,True,Trial
8217,5842,Enterprise,0,Active,2024-04-21,,True,Trial
8218,5842,Enterprise,499,Cancelled,2024-05-05,2024-06-05,False,Churned MRR
8219,5843,Pro,0,Active,2024-04-21,,True,Trial
8220,5843,Pro,79,Active,2024-12-05,,False,Recurring
8221,5844,Pro,0,Cancelled,2024-04-21,2024-05-05,True,Trial
8222,5845,Starter,0,Cancelled,2024-04-21,2024-05-05,True,Trial
8223,5846,Pro,0,Active,2024-04-21,,True,Trial
8224,5846,Pro,79,Active,2024-12-05,,False,Recurring
8225,5847,Starter,0,Cancelled,2024-04-21,2024-05-05,True,Trial
8226,5848,Enterprise,0,Cancelled,2024-04-21,2024-05-05,True,Trial
8227,5849,Enterprise,0,Cancelled,2024-04-21,2024-05-05,True,Trial
8228,5850,Pro,0,Cancelled,2024-04-22,2024-05-06,True,Trial
8229,5851,Enterprise,0,Active,2024-04-22,,True,Trial
8230,5851,Enterprise,499,Active,2024-12-06,,False,Recurring
8231,5852,Starter,0,Cancelled,2024-04-22,2024-05-06,True,Trial
8232,5853,Pro,0,Cancelled,2024-04-22,2024-05-06,True,Trial
8233,5854,Starter,0,Active,2024-04-22,,True,Trial
8234,5854,Starter,29,Cancelled,2024-05-06,2024-06-06,False,Churned MRR
8235,5855,Enterprise,0,Cancelled,2024-04-22,2024-05-06,True,Trial
8236,5856,Starter,0,Cancelled,2024-04-22,2024-05-06,True,Trial
8237,5857,Starter,0,Cancelled,2024-04-22,2024-05-06,True,Trial
8238,5858,Pro,0,Cancelled,2024-04-22,2024-05-06,True,Trial
8239,5859,Starter,0,Cancelled,2024-04-22,2024-05-06,True,Trial
8240,5860,Business,0,Cancelled,2024-04-22,2024-05-06,True,Trial
8241,5861,Pro,0,Active,2024-04-22,,True,Trial
8242,5861,Pro,79,Active,2024-12-06,,False,Recurring
8243,5862,Pro,0,Active,2024-04-22,,True,Trial
8244,5862,Pro,79,Active,2024-12-06,,False,Recurring
8245,5863,Business,0,Active,2024-04-22,,True,Trial
8246,5863,Business,199,Active,2024-12-06,,False,Recurring
8247,5864,Enterprise,0,Cancelled,2024-04-22,2024-05-06,True,Trial
8248,5865,Starter,0,Cancelled,2024-04-22,2024-05-06,True,Trial
8249,5866,Enterprise,0,Active,2024-04-22,,True,Trial
8250,5866,Enterprise,499,Active,2024-12-06,,False,Recurring
8251,5867,Pro,0,Cancelled,2024-04-22,2024-05-06,True,Trial
8252,5868,Pro,0,Active,2024-04-22,,True,Trial
8253,5868,Pro,79,Active,2024-12-06,,False,Recurring
8254,5869,Pro,0,Cancelled,2024-04-22,2024-05-06,True,Trial
8255,5870,Pro,0,Active,2024-04-22,,True,Trial
8256,5870,Pro,79,Active,2024-12-06,,False,Recurring
8257,5871,Pro,0,Cancelled,2024-04-22,2024-05-06,True,Trial
8258,5872,Starter,0,Active,2024-04-22,,True,Trial
8259,5872,Starter,29,Upgraded,2024-08-06,2024-09-06,False,Expansion MRR
8260,5872,Pro,79,Active,2024-12-06,,False,Recurring
8261,5873,Business,0,Cancelled,2024-04-23,2024-05-07,True,Trial
8262,5874,Business,0,Cancelled,2024-04-23,2024-05-07,True,Trial
8263,5875,Starter,0,Cancelled,2024-04-23,2024-05-07,True,Trial
8264,5876,Pro,0,Active,2024-04-23,,True,Trial
8265,5876,Pro,79,Active,2024-12-07,,False,Recurring
8266,5877,Enterprise,0,Active,2024-04-23,,True,Trial
8267,5877,Enterprise,499,Active,2024-12-07,,False,Recurring
8268,5878,Starter,0,Cancelled,2024-04-23,2024-05-07,True,Trial
8269,5879,Starter,0,Cancelled,2024-04-23,2024-05-07,True,Trial
8270,5880,Pro,0,Active,2024-04-23,,True,Trial
8271,5880,Pro,79,Upgraded,2024-11-07,2024-12-07,False,Expansion MRR
8272,5880,Business,199,Active,2024-12-07,,False,Expansion MRR
8273,5881,Business,0,Cancelled,2024-04-23,2024-05-07,True,Trial
8274,5882,Starter,0,Cancelled,2024-04-23,2024-05-07,True,Trial
8275,5883,Enterprise,0,Active,2024-04-23,,True,Trial
8276,5883,Enterprise,499,Active,2024-12-07,,False,Recurring
8277,5884,Enterprise,0,Cancelled,2024-04-23,2024-05-07,True,Trial
8278,5885,Enterprise,0,Cancelled,2024-04-23,2024-05-07,True,Trial
8279,5886,Enterprise,0,Cancelled,2024-04-23,2024-05-07,True,Trial
8280,5887,Enterprise,0,Active,2024-04-23,,True,Trial
8281,5887,Enterprise,499,Active,2024-12-07,,False,Recurring
8282,5888,Enterprise,0,Active,2024-04-23,,True,Trial
8283,5888,Enterprise,499,Active,2024-12-07,,False,Recurring
8284,5889,Starter,0,Cancelled,2024-04-23,2024-05-07,True,Trial
8285,5890,Starter,0,Cancelled,2024-04-23,2024-05-07,True,Trial
8286,5891,Starter,0,Active,2024-04-23,,True,Trial
8287,5891,Starter,29,Cancelled,2024-10-07,2024-11-07,False,Churned MRR
8288,5892,Pro,0,Active,2024-04-23,,True,Trial
8289,5892,Pro,79,Upgraded,2024-05-07,2024-06-07,False,Expansion MRR
8290,5892,Business,199,Upgraded,2024-12-07,2025-01-07,False,Expansion MRR
8291,5893,Starter,0,Cancelled,2024-04-24,2024-05-08,True,Trial
8292,5894,Enterprise,0,Active,2024-04-24,,True,Trial
8293,5894,Enterprise,499,Active,2024-12-08,,False,Recurring
8294,5895,Starter,0,Cancelled,2024-04-24,2024-05-08,True,Trial
8295,5896,Pro,0,Cancelled,2024-04-24,2024-05-08,True,Trial
8296,5897,Business,0,Cancelled,2024-04-24,2024-05-08,True,Trial
8297,5898,Enterprise,0,Active,2024-04-24,,True,Trial
8298,5898,Enterprise,499,Active,2024-12-08,,False,Recurring
8299,5899,Starter,0,Cancelled,2024-04-24,2024-05-08,True,Trial
8300,5900,Starter,0,Cancelled,2024-04-24,2024-05-08,True,Trial
8301,5901,Starter,0,Cancelled,2024-04-24,2024-05-08,True,Trial
8302,5902,Pro,0,Cancelled,2024-04-24,2024-05-08,True,Trial
8303,5903,Pro,0,Cancelled,2024-04-24,2024-05-08,True,Trial
8304,5904,Business,0,Active,2024-04-24,,True,Trial
8305,5904,Business,199,Active,2024-12-08,,False,Recurring
8306,5905,Starter,0,Cancelled,2024-04-24,2024-05-08,True,Trial
8307,5906,Pro,0,Cancelled,2024-04-24,2024-05-08,True,Trial
8308,5907,Pro,0,Cancelled,2024-04-24,2024-05-08,True,Trial
8309,5908,Starter,0,Cancelled,2024-04-25,2024-05-09,True,Trial
8310,5909,Enterprise,0,Cancelled,2024-04-25,2024-05-09,True,Trial
8311,5910,Pro,0,Cancelled,2024-04-25,2024-05-09,True,Trial
8312,5911,Enterprise,0,Active,2024-04-25,,True,Trial
8313,5911,Enterprise,499,Active,2024-12-09,,False,Recurring
8314,5912,Enterprise,0,Cancelled,2024-04-25,2024-05-09,True,Trial
8315,5913,Business,0,Active,2024-04-25,,True,Trial
8316,5913,Business,199,Upgraded,2024-08-09,2024-09-09,False,Expansion MRR
8317,5913,Enterprise,499,Active,2024-12-09,,False,Recurring
8318,5914,Starter,0,Cancelled,2024-04-25,2024-05-09,True,Trial
8319,5915,Starter,0,Active,2024-04-25,,True,Trial
8320,5915,Starter,29,Active,2024-12-09,,False,Recurring
8321,5916,Pro,0,Active,2024-04-25,,True,Trial
8322,5916,Pro,79,Cancelled,2024-08-09,2024-09-09,False,Churned MRR
8323,5917,Starter,0,Cancelled,2024-04-25,2024-05-09,True,Trial
8324,5918,Enterprise,0,Active,2024-04-25,,True,Trial
8325,5918,Enterprise,499,Cancelled,2024-08-09,2024-09-09,False,Churned MRR
8326,5919,Starter,0,Active,2024-04-25,,True,Trial
8327,5919,Starter,29,Cancelled,2024-12-09,2025-01-01,False,Churned MRR
8328,5920,Business,0,Cancelled,2024-04-25,2024-05-09,True,Trial
8329,5921,Starter,0,Cancelled,2024-04-25,2024-05-09,True,Trial
8330,5922,Starter,0,Cancelled,2024-04-25,2024-05-09,True,Trial
8331,5923,Enterprise,0,Cancelled,2024-04-25,2024-05-09,True,Trial
8332,5924,Pro,0,Cancelled,2024-04-25,2024-05-09,True,Trial
8333,5925,Starter,0,Cancelled,2024-04-25,2024-05-09,True,Trial
8334,5926,Pro,0,Cancelled,2024-04-26,2024-05-10,True,Trial
8335,5927,Starter,0,Cancelled,2024-04-26,2024-05-10,True,Trial
8336,5928,Pro,0,Cancelled,2024-04-26,2024-05-10,True,Trial
8337,5929,Pro,0,Cancelled,2024-04-26,2024-05-10,True,Trial
8338,5930,Pro,0,Cancelled,2024-04-26,2024-05-10,True,Trial
8339,5931,Pro,0,Cancelled,2024-04-26,2024-05-10,True,Trial
8340,5932,Pro,0,Cancelled,2024-04-26,2024-05-10,True,Trial
8341,5933,Starter,0,Active,2024-04-26,,True,Trial
8342,5933,Starter,29,Cancelled,2024-06-10,2024-07-10,False,Churned MRR
8343,5934,Enterprise,0,Cancelled,2024-04-26,2024-05-10,True,Trial
8344,5935,Starter,0,Cancelled,2024-04-26,2024-05-10,True,Trial
8345,5936,Enterprise,0,Cancelled,2024-04-26,2024-05-10,True,Trial
8346,5937,Starter,0,Cancelled,2024-04-26,2024-05-10,True,Trial
8347,5938,Business,0,Cancelled,2024-04-26,2024-05-10,True,Trial
8348,5939,Enterprise,0,Cancelled,2024-04-26,2024-05-10,True,Trial
8349,5940,Starter,0,Cancelled,2024-04-26,2024-05-10,True,Trial
8350,5941,Starter,0,Active,2024-04-26,,True,Trial
8351,5941,Starter,29,Cancelled,2024-07-10,2024-08-10,False,Churned MRR
8352,5942,Enterprise,0,Cancelled,2024-04-26,2024-05-10,True,Trial
8353,5943,Pro,0,Cancelled,2024-04-26,2024-05-10,True,Trial
8354,5944,Pro,0,Cancelled,2024-04-26,2024-05-10,True,Trial
8355,5945,Enterprise,0,Active,2024-04-26,,True,Trial
8356,5945,Enterprise,499,Active,2024-12-10,,False,Recurring
8357,5946,Starter,0,Cancelled,2024-04-26,2024-05-10,True,Trial
8358,5947,Starter,0,Cancelled,2024-04-27,2024-05-11,True,Trial
8359,5948,Pro,0,Cancelled,2024-04-27,2024-05-11,True,Trial
8360,5949,Enterprise,0,Active,2024-04-27,,True,Trial
8361,5949,Enterprise,499,Active,2024-12-11,,False,Recurring
8362,5950,Pro,0,Active,2024-04-27,,True,Trial
8363,5950,Pro,79,Cancelled,2024-10-11,2024-11-11,False,Churned MRR
8364,5951,Pro,0,Cancelled,2024-04-27,2024-05-11,True,Trial
8365,5952,Starter,0,Cancelled,2024-04-27,2024-05-11,True,Trial
8366,5953,Pro,0,Cancelled,2024-04-27,2024-05-11,True,Trial
8367,5954,Pro,0,Cancelled,2024-04-27,2024-05-11,True,Trial
8368,5955,Starter,0,Cancelled,2024-04-27,2024-05-11,True,Trial
8369,5956,Pro,0,Cancelled,2024-04-27,2024-05-11,True,Trial
8370,5957,Enterprise,0,Cancelled,2024-04-27,2024-05-11,True,Trial
8371,5958,Enterprise,0,Cancelled,2024-04-28,2024-05-12,True,Trial
8372,5959,Pro,0,Cancelled,2024-04-28,2024-05-12,True,Trial
8373,5960,Starter,0,Cancelled,2024-04-28,2024-05-12,True,Trial
8374,5961,Starter,0,Cancelled,2024-04-28,2024-05-12,True,Trial
8375,5962,Starter,0,Cancelled,2024-04-28,2024-05-12,True,Trial
8376,5963,Pro,0,Active,2024-04-28,,True,Trial
8377,5963,Pro,79,Active,2024-12-12,,False,Recurring
8378,5964,Starter,0,Cancelled,2024-04-28,2024-05-12,True,Trial
8379,5965,Pro,0,Cancelled,2024-04-28,2024-05-12,True,Trial
8380,5966,Starter,0,Cancelled,2024-04-28,2024-05-12,True,Trial
8381,5967,Enterprise,0,Cancelled,2024-04-28,2024-05-12,True,Trial
8382,5968,Business,0,Active,2024-04-28,,True,Trial
8383,5968,Business,199,Active,2024-12-12,,False,Recurring
8384,5969,Starter,0,Cancelled,2024-04-28,2024-05-12,True,Trial
8385,5970,Starter,0,Cancelled,2024-04-28,2024-05-12,True,Trial
8386,5971,Starter,0,Cancelled,2024-04-28,2024-05-12,True,Trial
8387,5972,Pro,0,Cancelled,2024-04-28,2024-05-12,True,Trial
8388,5973,Enterprise,0,Active,2024-04-28,,True,Trial
8389,5973,Enterprise,499,Active,2024-12-12,,False,Recurring
8390,5974,Enterprise,0,Cancelled,2024-04-28,2024-05-12,True,Trial
8391,5975,Starter,0,Cancelled,2024-04-28,2024-05-12,True,Trial
8392,5976,Business,0,Cancelled,2024-04-28,2024-05-12,True,Trial
8393,5977,Starter,0,Cancelled,2024-04-28,2024-05-12,True,Trial
8394,5978,Starter,0,Cancelled,2024-04-28,2024-05-12,True,Trial
8395,5979,Starter,0,Active,2024-04-28,,True,Trial
8396,5979,Starter,29,Cancelled,2024-11-12,2024-12-12,False,Churned MRR
8397,5980,Starter,0,Cancelled,2024-04-29,2024-05-13,True,Trial
8398,5981,Business,0,Cancelled,2024-04-29,2024-05-13,True,Trial
8399,5982,Pro,0,Cancelled,2024-04-29,2024-05-13,True,Trial
8400,5983,Pro,0,Cancelled,2024-04-29,2024-05-13,True,Trial
8401,5984,Pro,0,Active,2024-04-29,,True,Trial
8402,5984,Pro,79,Cancelled,2024-06-13,2024-07-13,False,Churned MRR
8403,5985,Starter,0,Cancelled,2024-04-29,2024-05-13,True,Trial
8404,5986,Pro,0,Cancelled,2024-04-29,2024-05-13,True,Trial
8405,5987,Business,0,Active,2024-04-29,,True,Trial
8406,5987,Business,199,Active,2024-12-13,,False,Recurring
8407,5988,Pro,0,Cancelled,2024-04-29,2024-05-13,True,Trial
8408,5989,Pro,0,Active,2024-04-29,,True,Trial
8409,5989,Pro,79,Active,2024-12-13,,False,Recurring
8410,5990,Pro,0,Cancelled,2024-04-29,2024-05-13,True,Trial
8411,5991,Starter,0,Active,2024-04-29,,True,Trial
8412,5991,Starter,29,Cancelled,2024-07-13,2024-08-13,False,Churned MRR
8413,5992,Starter,0,Cancelled,2024-04-29,2024-05-13,True,Trial
8414,5993,Starter,0,Cancelled,2024-04-30,2024-05-14,True,Trial
8415,5994,Enterprise,0,Cancelled,2024-04-30,2024-05-14,True,Trial
8416,5995,Starter,0,Cancelled,2024-04-30,2024-05-14,True,Trial
8417,5996,Enterprise,0,Cancelled,2024-04-30,2024-05-14,True,Trial
8418,5997,Pro,0,Cancelled,2024-04-30,2024-05-14,True,Trial
8419,5998,Starter,0,Cancelled,2024-04-30,2024-05-14,True,Trial
8420,5999,Enterprise,0,Active,2024-04-30,,True,Trial
8421,5999,Enterprise,499,Active,2024-12-14,,False,Recurring
8422,6000,Pro,0,Active,2024-04-30,,True,Trial
8423,6000,Pro,79,Active,2024-12-14,,False,Recurring
8424,6001,Business,0,Cancelled,2024-04-30,2024-05-14,True,Trial
8425,6002,Starter,0,Cancelled,2024-04-30,2024-05-14,True,Trial
8426,6003,Starter,0,Cancelled,2024-05-01,2024-05-15,True,Trial
8427,6004,Business,0,Cancelled,2024-05-01,2024-05-15,True,Trial
8428,6005,Enterprise,0,Active,2024-05-01,,True,Trial
8429,6005,Enterprise,499,Downgraded,2024-05-15,2024-06-15,False,Contraction MRR
8430,6005,Business,199,Active,2024-12-15,,False,Recurring
8431,6006,Business,0,Cancelled,2024-05-01,2024-05-15,True,Trial
8432,6007,Starter,0,Cancelled,2024-05-01,2024-05-15,True,Trial
8433,6008,Starter,0,Cancelled,2024-05-01,2024-05-15,True,Trial
8434,6009,Starter,0,Cancelled,2024-05-01,2024-05-15,True,Trial
8435,6010,Pro,0,Active,2024-05-01,,True,Trial
8436,6010,Pro,79,Cancelled,2024-06-15,2024-07-15,False,Churned MRR
8437,6011,Pro,0,Active,2024-05-01,,True,Trial
8438,6011,Pro,79,Cancelled,2024-08-15,2024-09-15,False,Churned MRR
8439,6012,Business,0,Cancelled,2024-05-01,2024-05-15,True,Trial
8440,6013,Business,0,Cancelled,2024-05-01,2024-05-15,True,Trial
8441,6014,Pro,0,Active,2024-05-01,,True,Trial
8442,6014,Pro,79,Cancelled,2024-05-15,2024-06-15,False,Churned MRR
8443,6014,Pro,79,Active,2024-10-15,,False,Reactivation MRR
8444,6015,Business,0,Active,2024-05-01,,True,Trial
8445,6015,Business,199,Active,2024-12-15,,False,Recurring
8446,6016,Starter,0,Cancelled,2024-05-01,2024-05-15,True,Trial
8447,6017,Starter,0,Cancelled,2024-05-01,2024-05-15,True,Trial
8448,6018,Starter,0,Cancelled,2024-05-01,2024-05-15,True,Trial
8449,6019,Pro,0,Cancelled,2024-05-01,2024-05-15,True,Trial
8450,6020,Pro,0,Active,2024-05-01,,True,Trial
8451,6020,Pro,79,Active,2024-12-15,,False,Recurring
8452,6021,Pro,0,Cancelled,2024-05-02,2024-05-16,True,Trial
8453,6022,Starter,0,Active,2024-05-02,,True,Trial
8454,6022,Starter,29,Cancelled,2024-05-16,2024-06-16,False,Churned MRR
8455,6023,Starter,0,Cancelled,2024-05-02,2024-05-16,True,Trial
8456,6024,Enterprise,0,Active,2024-05-02,,True,Trial
8457,6024,Enterprise,499,Cancelled,2024-07-16,2024-08-16,False,Churned MRR
8458,6025,Starter,0,Cancelled,2024-05-02,2024-05-16,True,Trial
8459,6026,Enterprise,0,Active,2024-05-02,,True,Trial
8460,6026,Enterprise,499,Downgraded,2024-06-16,2024-07-16,False,Contraction MRR
8461,6026,Business,199,Active,2024-12-16,,False,Recurring
8462,6027,Enterprise,0,Active,2024-05-02,,True,Trial
8463,6027,Enterprise,499,Active,2024-12-16,,False,Recurring
8464,6028,Starter,0,Cancelled,2024-05-02,2024-05-16,True,Trial
8465,6029,Starter,0,Active,2024-05-02,,True,Trial
8466,6029,Starter,29,Active,2024-12-16,,False,Recurring
8467,6030,Pro,0,Cancelled,2024-05-02,2024-05-16,True,Trial
8468,6031,Pro,0,Cancelled,2024-05-02,2024-05-16,True,Trial
8469,6032,Business,0,Cancelled,2024-05-02,2024-05-16,True,Trial
8470,6033,Pro,0,Active,2024-05-02,,True,Trial
8471,6033,Pro,79,Cancelled,2024-10-16,2024-11-16,False,Churned MRR
8472,6034,Starter,0,Active,2024-05-02,,True,Trial
8473,6034,Starter,29,Cancelled,2024-06-16,2024-07-16,False,Churned MRR
8474,6035,Starter,0,Cancelled,2024-05-02,2024-05-16,True,Trial
8475,6036,Starter,0,Cancelled,2024-05-03,2024-05-17,True,Trial
8476,6037,Business,0,Active,2024-05-03,,True,Trial
8477,6037,Business,199,Upgraded,2024-10-17,2024-11-17,False,Expansion MRR
8478,6037,Enterprise,499,Active,2024-12-17,,False,Recurring
8479,6038,Pro,0,Active,2024-05-03,,True,Trial
8480,6038,Pro,79,Active,2024-12-17,,False,Recurring
8481,6039,Starter,0,Cancelled,2024-05-03,2024-05-17,True,Trial
8482,6040,Starter,0,Active,2024-05-03,,True,Trial
8483,6040,Starter,29,Cancelled,2024-11-17,2024-12-17,False,Churned MRR
8484,6041,Business,0,Cancelled,2024-05-03,2024-05-17,True,Trial
8485,6042,Starter,0,Active,2024-05-03,,True,Trial
8486,6042,Starter,29,Cancelled,2024-09-17,2024-10-17,False,Churned MRR
8487,6043,Starter,0,Cancelled,2024-05-03,2024-05-17,True,Trial
8488,6044,Pro,0,Cancelled,2024-05-03,2024-05-17,True,Trial
8489,6045,Starter,0,Cancelled,2024-05-03,2024-05-17,True,Trial
8490,6046,Pro,0,Active,2024-05-03,,True,Trial
8491,6046,Pro,79,Cancelled,2024-09-17,2024-10-17,False,Churned MRR
8492,6047,Enterprise,0,Cancelled,2024-05-03,2024-05-17,True,Trial
8493,6048,Enterprise,0,Cancelled,2024-05-03,2024-05-17,True,Trial
8494,6049,Starter,0,Cancelled,2024-05-03,2024-05-17,True,Trial
8495,6050,Pro,0,Cancelled,2024-05-03,2024-05-17,True,Trial
8496,6051,Starter,0,Active,2024-05-03,,True,Trial
8497,6051,Starter,29,Active,2024-12-17,,False,Recurring
8498,6052,Starter,0,Cancelled,2024-05-04,2024-05-18,True,Trial
8499,6053,Business,0,Active,2024-05-04,,True,Trial
8500,6053,Business,199,Active,2024-12-18,,False,Recurring
8501,6054,Enterprise,0,Active,2024-05-04,,True,Trial
8502,6054,Enterprise,499,Active,2024-12-18,,False,Recurring
8503,6055,Starter,0,Cancelled,2024-05-04,2024-05-18,True,Trial
8504,6056,Starter,0,Cancelled,2024-05-04,2024-05-18,True,Trial
8505,6057,Business,0,Active,2024-05-04,,True,Trial
8506,6057,Business,199,Active,2024-12-18,,False,Recurring
8507,6058,Pro,0,Cancelled,2024-05-04,2024-05-18,True,Trial
8508,6059,Pro,0,Cancelled,2024-05-04,2024-05-18,True,Trial
8509,6060,Business,0,Cancelled,2024-05-04,2024-05-18,True,Trial
8510,6061,Pro,0,Cancelled,2024-05-04,2024-05-18,True,Trial
8511,6062,Starter,0,Active,2024-05-04,,True,Trial
8512,6062,Starter,29,Active,2024-12-18,,False,Recurring
8513,6063,Enterprise,0,Active,2024-05-04,,True,Trial
8514,6063,Enterprise,499,Cancelled,2024-05-18,2024-06-18,False,Churned MRR
8515,6064,Business,0,Cancelled,2024-05-04,2024-05-18,True,Trial
8516,6065,Pro,0,Active,2024-05-04,,True,Trial
8517,6065,Pro,79,Active,2024-12-18,,False,Recurring
8518,6066,Enterprise,0,Active,2024-05-04,,True,Trial
8519,6066,Enterprise,499,Active,2024-12-18,,False,Recurring
8520,6067,Starter,0,Cancelled,2024-05-04,2024-05-18,True,Trial
8521,6068,Starter,0,Cancelled,2024-05-04,2024-05-18,True,Trial
8522,6069,Starter,0,Cancelled,2024-05-04,2024-05-18,True,Trial
8523,6070,Pro,0,Cancelled,2024-05-04,2024-05-18,True,Trial
8524,6071,Business,0,Cancelled,2024-05-04,2024-05-18,True,Trial
8525,6072,Starter,0,Cancelled,2024-05-04,2024-05-18,True,Trial
8526,6073,Pro,0,Active,2024-05-04,,True,Trial
8527,6073,Pro,79,Cancelled,2024-07-18,2024-08-18,False,Churned MRR
8528,6074,Starter,0,Cancelled,2024-05-04,2024-05-18,True,Trial
8529,6075,Business,0,Cancelled,2024-05-04,2024-05-18,True,Trial
8530,6076,Starter,0,Cancelled,2024-05-04,2024-05-18,True,Trial
8531,6077,Starter,0,Cancelled,2024-05-05,2024-05-19,True,Trial
8532,6078,Pro,0,Cancelled,2024-05-05,2024-05-19,True,Trial
8533,6079,Enterprise,0,Active,2024-05-05,,True,Trial
8534,6079,Enterprise,499,Active,2024-12-19,,False,Recurring
8535,6080,Pro,0,Active,2024-05-05,,True,Trial
8536,6080,Pro,79,Active,2024-12-19,,False,Recurring
8537,6081,Pro,0,Cancelled,2024-05-05,2024-05-19,True,Trial
8538,6082,Starter,0,Cancelled,2024-05-05,2024-05-19,True,Trial
8539,6083,Starter,0,Cancelled,2024-05-05,2024-05-19,True,Trial
8540,6084,Starter,0,Cancelled,2024-05-05,2024-05-19,True,Trial
8541,6085,Pro,0,Cancelled,2024-05-05,2024-05-19,True,Trial
8542,6086,Enterprise,0,Cancelled,2024-05-05,2024-05-19,True,Trial
8543,6087,Starter,0,Cancelled,2024-05-05,2024-05-19,True,Trial
8544,6088,Starter,0,Cancelled,2024-05-05,2024-05-19,True,Trial
8545,6089,Starter,0,Cancelled,2024-05-05,2024-05-19,True,Trial
8546,6090,Starter,0,Cancelled,2024-05-05,2024-05-19,True,Trial
8547,6091,Enterprise,0,Cancelled,2024-05-05,2024-05-19,True,Trial
8548,6092,Pro,0,Cancelled,2024-05-05,2024-05-19,True,Trial
8549,6093,Business,0,Cancelled,2024-05-05,2024-05-19,True,Trial
8550,6094,Starter,0,Cancelled,2024-05-06,2024-05-20,True,Trial
8551,6095,Pro,0,Cancelled,2024-05-06,2024-05-20,True,Trial
8552,6096,Starter,0,Cancelled,2024-05-06,2024-05-20,True,Trial
8553,6097,Starter,0,Cancelled,2024-05-06,2024-05-20,True,Trial
8554,6098,Starter,0,Cancelled,2024-05-06,2024-05-20,True,Trial
8555,6099,Starter,0,Cancelled,2024-05-06,2024-05-20,True,Trial
8556,6100,Pro,0,Active,2024-05-06,,True,Trial
8557,6100,Pro,79,Cancelled,2024-07-20,2024-08-20,False,Churned MRR
8558,6101,Starter,0,Cancelled,2024-05-06,2024-05-20,True,Trial
8559,6102,Enterprise,0,Active,2024-05-06,,True,Trial
8560,6102,Enterprise,499,Downgraded,2024-09-20,2024-10-20,False,Contraction MRR
8561,6102,Business,199,Active,2024-12-20,,False,Recurring
8562,6103,Business,0,Cancelled,2024-05-06,2024-05-20,True,Trial
8563,6104,Pro,0,Cancelled,2024-05-06,2024-05-20,True,Trial
8564,6105,Starter,0,Cancelled,2024-05-06,2024-05-20,True,Trial
8565,6106,Business,0,Cancelled,2024-05-06,2024-05-20,True,Trial
8566,6107,Enterprise,0,Active,2024-05-06,,True,Trial
8567,6107,Enterprise,499,Downgraded,2024-09-20,2024-10-20,False,Contraction MRR
8568,6107,Business,199,Active,2024-12-20,,False,Recurring
8569,6108,Enterprise,0,Cancelled,2024-05-06,2024-05-20,True,Trial
8570,6109,Pro,0,Active,2024-05-07,,True,Trial
8571,6109,Pro,79,Upgraded,2024-05-21,2024-06-21,False,Expansion MRR
8572,6109,Business,199,Active,2024-12-21,,False,Recurring
8573,6110,Starter,0,Cancelled,2024-05-07,2024-05-21,True,Trial
8574,6111,Starter,0,Active,2024-05-07,,True,Trial
8575,6111,Starter,29,Cancelled,2024-09-21,2024-10-21,False,Churned MRR
8576,6112,Pro,0,Cancelled,2024-05-07,2024-05-21,True,Trial
8577,6113,Enterprise,0,Cancelled,2024-05-07,2024-05-21,True,Trial
8578,6114,Pro,0,Active,2024-05-07,,True,Trial
8579,6114,Pro,79,Cancelled,2024-06-21,2024-07-21,False,Churned MRR
8580,6115,Pro,0,Cancelled,2024-05-07,2024-05-21,True,Trial
8581,6116,Starter,0,Cancelled,2024-05-07,2024-05-21,True,Trial
8582,6117,Starter,0,Active,2024-05-07,,True,Trial
8583,6117,Starter,29,Cancelled,2024-05-21,2024-06-21,False,Churned MRR
8584,6118,Starter,0,Cancelled,2024-05-07,2024-05-21,True,Trial
8585,6119,Enterprise,0,Cancelled,2024-05-07,2024-05-21,True,Trial
8586,6120,Pro,0,Cancelled,2024-05-07,2024-05-21,True,Trial
8587,6121,Enterprise,0,Active,2024-05-07,,True,Trial
8588,6121,Enterprise,499,Active,2024-12-21,,False,Recurring
8589,6122,Pro,0,Cancelled,2024-05-07,2024-05-21,True,Trial
8590,6123,Starter,0,Cancelled,2024-05-07,2024-05-21,True,Trial
8591,6124,Enterprise,0,Cancelled,2024-05-07,2024-05-21,True,Trial
8592,6125,Pro,0,Cancelled,2024-05-08,2024-05-22,True,Trial
8593,6126,Starter,0,Active,2024-05-08,,True,Trial
8594,6126,Starter,29,Cancelled,2024-07-22,2024-08-22,False,Churned MRR
8595,6127,Enterprise,0,Active,2024-05-08,,True,Trial
8596,6127,Enterprise,499,Downgraded,2024-07-22,2024-08-22,False,Contraction MRR
8597,6127,Business,199,Active,2024-12-22,,False,Recurring
8598,6128,Starter,0,Cancelled,2024-05-08,2024-05-22,True,Trial
8599,6129,Business,0,Active,2024-05-08,,True,Trial
8600,6129,Business,199,Active,2024-12-22,,False,Recurring
8601,6130,Starter,0,Cancelled,2024-05-08,2024-05-22,True,Trial
8602,6131,Pro,0,Cancelled,2024-05-08,2024-05-22,True,Trial
8603,6132,Starter,0,Cancelled,2024-05-08,2024-05-22,True,Trial
8604,6133,Enterprise,0,Active,2024-05-08,,True,Trial
8605,6133,Enterprise,499,Active,2024-12-22,,False,Recurring
8606,6134,Pro,0,Cancelled,2024-05-08,2024-05-22,True,Trial
8607,6135,Starter,0,Cancelled,2024-05-08,2024-05-22,True,Trial
8608,6136,Starter,0,Cancelled,2024-05-08,2024-05-22,True,Trial
8609,6137,Business,0,Active,2024-05-08,,True,Trial
8610,6137,Business,199,Upgraded,2024-12-22,2025-01-22,False,Expansion MRR
8611,6138,Starter,0,Cancelled,2024-05-08,2024-05-22,True,Trial
8612,6139,Pro,0,Active,2024-05-09,,True,Trial
8613,6139,Pro,79,Upgraded,2024-11-23,2024-12-23,False,Expansion MRR
8614,6139,Business,199,Active,2024-12-23,,False,Expansion MRR
8615,6140,Starter,0,Cancelled,2024-05-09,2024-05-23,True,Trial
8616,6141,Enterprise,0,Cancelled,2024-05-09,2024-05-23,True,Trial
8617,6142,Pro,0,Cancelled,2024-05-09,2024-05-23,True,Trial
8618,6143,Enterprise,0,Active,2024-05-09,,True,Trial
8619,6143,Enterprise,499,Active,2024-12-23,,False,Recurring
8620,6144,Pro,0,Cancelled,2024-05-09,2024-05-23,True,Trial
8621,6145,Starter,0,Active,2024-05-09,,True,Trial
8622,6145,Starter,29,Cancelled,2024-09-23,2024-10-23,False,Churned MRR
8623,6146,Starter,0,Cancelled,2024-05-09,2024-05-23,True,Trial
8624,6147,Pro,0,Active,2024-05-09,,True,Trial
8625,6147,Pro,79,Cancelled,2024-11-23,2024-12-23,False,Churned MRR
8626,6148,Starter,0,Cancelled,2024-05-09,2024-05-23,True,Trial
8627,6149,Pro,0,Cancelled,2024-05-09,2024-05-23,True,Trial
8628,6150,Enterprise,0,Cancelled,2024-05-09,2024-05-23,True,Trial
8629,6151,Pro,0,Cancelled,2024-05-09,2024-05-23,True,Trial
8630,6152,Pro,0,Cancelled,2024-05-09,2024-05-23,True,Trial
8631,6153,Pro,0,Cancelled,2024-05-09,2024-05-23,True,Trial
8632,6154,Pro,0,Cancelled,2024-05-09,2024-05-23,True,Trial
8633,6155,Starter,0,Cancelled,2024-05-09,2024-05-23,True,Trial
8634,6156,Starter,0,Cancelled,2024-05-09,2024-05-23,True,Trial
8635,6157,Business,0,Active,2024-05-09,,True,Trial
8636,6157,Business,199,Active,2024-12-23,,False,Recurring
8637,6158,Business,0,Cancelled,2024-05-10,2024-05-24,True,Trial
8638,6159,Enterprise,0,Active,2024-05-10,,True,Trial
8639,6159,Enterprise,499,Active,2024-12-24,,False,Recurring
8640,6160,Starter,0,Active,2024-05-10,,True,Trial
8641,6160,Starter,29,Cancelled,2024-05-24,2024-06-24,False,Churned MRR
8642,6161,Starter,0,Cancelled,2024-05-10,2024-05-24,True,Trial
8643,6162,Enterprise,0,Cancelled,2024-05-10,2024-05-24,True,Trial
8644,6163,Pro,0,Active,2024-05-10,,True,Trial
8645,6163,Pro,79,Active,2024-12-24,,False,Recurring
8646,6164,Starter,0,Cancelled,2024-05-10,2024-05-24,True,Trial
8647,6165,Enterprise,0,Active,2024-05-10,,True,Trial
8648,6165,Enterprise,499,Active,2024-12-24,,False,Recurring
8649,6166,Enterprise,0,Cancelled,2024-05-10,2024-05-24,True,Trial
8650,6167,Starter,0,Cancelled,2024-05-10,2024-05-24,True,Trial
8651,6168,Enterprise,0,Active,2024-05-10,,True,Trial
8652,6168,Enterprise,499,Active,2024-12-24,,False,Recurring
8653,6169,Starter,0,Cancelled,2024-05-10,2024-05-24,True,Trial
8654,6170,Business,0,Active,2024-05-10,,True,Trial
8655,6170,Business,199,Active,2024-12-24,,False,Recurring
8656,6171,Starter,0,Cancelled,2024-05-10,2024-05-24,True,Trial
8657,6172,Pro,0,Active,2024-05-10,,True,Trial
8658,6172,Pro,79,Active,2024-12-24,,False,Recurring
8659,6173,Starter,0,Cancelled,2024-05-10,2024-05-24,True,Trial
8660,6174,Pro,0,Cancelled,2024-05-10,2024-05-24,True,Trial
8661,6175,Starter,0,Cancelled,2024-05-10,2024-05-24,True,Trial
8662,6176,Starter,0,Cancelled,2024-05-10,2024-05-24,True,Trial
8663,6177,Pro,0,Cancelled,2024-05-10,2024-05-24,True,Trial
8664,6178,Starter,0,Cancelled,2024-05-11,2024-05-25,True,Trial
8665,6179,Starter,0,Cancelled,2024-05-11,2024-05-25,True,Trial
8666,6180,Starter,0,Cancelled,2024-05-11,2024-05-25,True,Trial
8667,6181,Pro,0,Cancelled,2024-05-11,2024-05-25,True,Trial
8668,6182,Starter,0,Cancelled,2024-05-11,2024-05-25,True,Trial
8669,6183,Starter,0,Cancelled,2024-05-11,2024-05-25,True,Trial
8670,6184,Enterprise,0,Active,2024-05-11,,True,Trial
8671,6184,Enterprise,499,Cancelled,2024-07-25,2024-08-25,False,Churned MRR
8672,6185,Pro,0,Cancelled,2024-05-11,2024-05-25,True,Trial
8673,6186,Starter,0,Cancelled,2024-05-11,2024-05-25,True,Trial
8674,6187,Enterprise,0,Cancelled,2024-05-11,2024-05-25,True,Trial
8675,6188,Business,0,Cancelled,2024-05-11,2024-05-25,True,Trial
8676,6189,Enterprise,0,Active,2024-05-11,,True,Trial
8677,6189,Enterprise,499,Active,2024-12-25,,False,Recurring
8678,6190,Enterprise,0,Active,2024-05-11,,True,Trial
8679,6190,Enterprise,499,Cancelled,2024-07-25,2024-08-25,False,Churned MRR
8680,6191,Business,0,Cancelled,2024-05-11,2024-05-25,True,Trial
8681,6192,Starter,0,Cancelled,2024-05-11,2024-05-25,True,Trial
8682,6193,Starter,0,Cancelled,2024-05-11,2024-05-25,True,Trial
8683,6194,Pro,0,Active,2024-05-11,,True,Trial
8684,6194,Pro,79,Active,2024-12-25,,False,Recurring
8685,6195,Enterprise,0,Cancelled,2024-05-11,2024-05-25,True,Trial
8686,6196,Pro,0,Cancelled,2024-05-11,2024-05-25,True,Trial
8687,6197,Starter,0,Active,2024-05-12,,True,Trial
8688,6197,Starter,29,Active,2024-12-26,,False,Recurring
8689,6198,Business,0,Cancelled,2024-05-12,2024-05-26,True,Trial
8690,6199,Business,0,Active,2024-05-12,,True,Trial
8691,6199,Business,199,Active,2024-12-26,,False,Recurring
8692,6200,Pro,0,Cancelled,2024-05-12,2024-05-26,True,Trial
8693,6201,Enterprise,0,Cancelled,2024-05-12,2024-05-26,True,Trial
8694,6202,Pro,0,Cancelled,2024-05-12,2024-05-26,True,Trial
8695,6203,Business,0,Cancelled,2024-05-12,2024-05-26,True,Trial
8696,6204,Pro,0,Active,2024-05-12,,True,Trial
8697,6204,Pro,79,Active,2024-12-26,,False,Recurring
8698,6205,Starter,0,Active,2024-05-12,,True,Trial
8699,6205,Starter,29,Upgraded,2024-11-26,2024-12-26,False,Expansion MRR
8700,6205,Pro,79,Active,2024-12-26,,False,Expansion MRR
8701,6206,Pro,0,Active,2024-05-12,,True,Trial
8702,6206,Pro,79,Upgraded,2024-05-26,2024-06-26,False,Expansion MRR
8703,6206,Business,199,Upgraded,2024-07-26,2024-08-26,False,Expansion MRR
8704,6206,Enterprise,499,Active,2024-12-26,,False,Recurring
8705,6207,Enterprise,0,Cancelled,2024-05-12,2024-05-26,True,Trial
8706,6208,Starter,0,Cancelled,2024-05-12,2024-05-26,True,Trial
8707,6209,Starter,0,Cancelled,2024-05-12,2024-05-26,True,Trial
8708,6210,Business,0,Active,2024-05-13,,True,Trial
8709,6210,Business,199,Cancelled,2024-12-27,2025-01-01,False,Churned MRR
8710,6211,Business,0,Cancelled,2024-05-13,2024-05-27,True,Trial
8711,6212,Starter,0,Cancelled,2024-05-13,2024-05-27,True,Trial
8712,6213,Starter,0,Cancelled,2024-05-13,2024-05-27,True,Trial
8713,6214,Pro,0,Cancelled,2024-05-13,2024-05-27,True,Trial
8714,6215,Business,0,Cancelled,2024-05-13,2024-05-27,True,Trial
8715,6216,Pro,0,Active,2024-05-13,,True,Trial
8716,6216,Pro,79,Cancelled,2024-12-27,2025-01-01,False,Churned MRR
8717,6217,Pro,0,Active,2024-05-13,,True,Trial
8718,6217,Pro,79,Active,2024-12-27,,False,Recurring
8719,6218,Starter,0,Cancelled,2024-05-13,2024-05-27,True,Trial
8720,6219,Starter,0,Cancelled,2024-05-13,2024-05-27,True,Trial
8721,6220,Pro,0,Cancelled,2024-05-13,2024-05-27,True,Trial
8722,6221,Pro,0,Active,2024-05-13,,True,Trial
8723,6221,Pro,79,Active,2024-12-27,,False,Recurring
8724,6222,Business,0,Cancelled,2024-05-13,2024-05-27,True,Trial
8725,6223,Starter,0,Cancelled,2024-05-13,2024-05-27,True,Trial
8726,6224,Enterprise,0,Cancelled,2024-05-13,2024-05-27,True,Trial
8727,6225,Pro,0,Cancelled,2024-05-13,2024-05-27,True,Trial
8728,6226,Enterprise,0,Active,2024-05-14,,True,Trial
8729,6226,Enterprise,499,Active,2024-12-28,,False,Recurring
8730,6227,Business,0,Active,2024-05-14,,True,Trial
8731,6227,Business,199,Active,2024-12-28,,False,Recurring
8732,6228,Pro,0,Cancelled,2024-05-14,2024-05-28,True,Trial
8733,6229,Starter,0,Cancelled,2024-05-14,2024-05-28,True,Trial
8734,6230,Starter,0,Cancelled,2024-05-14,2024-05-28,True,Trial
8735,6231,Pro,0,Cancelled,2024-05-14,2024-05-28,True,Trial
8736,6232,Business,0,Cancelled,2024-05-14,2024-05-28,True,Trial
8737,6233,Enterprise,0,Cancelled,2024-05-14,2024-05-28,True,Trial
8738,6234,Pro,0,Active,2024-05-14,,True,Trial
8739,6234,Pro,79,Upgraded,2024-10-28,2024-11-28,False,Expansion MRR
8740,6234,Business,199,Active,2024-12-28,,False,Recurring
8741,6235,Enterprise,0,Active,2024-05-14,,True,Trial
8742,6235,Enterprise,499,Downgraded,2024-05-28,2024-06-28,False,Contraction MRR
8743,6235,Business,199,Active,2024-12-28,,False,Recurring
8744,6236,Starter,0,Cancelled,2024-05-14,2024-05-28,True,Trial
8745,6237,Business,0,Active,2024-05-15,,True,Trial
8746,6237,Business,199,Active,2024-12-29,,False,Recurring
8747,6238,Business,0,Cancelled,2024-05-15,2024-05-29,True,Trial
8748,6239,Pro,0,Active,2024-05-15,,True,Trial
8749,6239,Pro,79,Active,2024-12-29,,False,Recurring
8750,6240,Pro,0,Cancelled,2024-05-15,2024-05-29,True,Trial
8751,6241,Business,0,Cancelled,2024-05-15,2024-05-29,True,Trial
8752,6242,Enterprise,0,Active,2024-05-15,,True,Trial
8753,6242,Enterprise,499,Downgraded,2024-11-29,2024-12-29,False,Contraction MRR
8754,6242,Business,199,Active,2024-12-29,,False,Contraction MRR
8755,6243,Enterprise,0,Active,2024-05-15,,True,Trial
8756,6243,Enterprise,499,Active,2024-12-29,,False,Recurring
8757,6244,Business,0,Cancelled,2024-05-15,2024-05-29,True,Trial
8758,6245,Business,0,Cancelled,2024-05-15,2024-05-29,True,Trial
8759,6246,Starter,0,Active,2024-05-15,,True,Trial
8760,6246,Starter,29,Upgraded,2024-05-29,2024-06-29,False,Expansion MRR
8761,6246,Pro,79,Active,2024-12-29,,False,Recurring
8762,6247,Business,0,Cancelled,2024-05-15,2024-05-29,True,Trial
8763,6248,Pro,0,Cancelled,2024-05-15,2024-05-29,True,Trial
8764,6249,Starter,0,Cancelled,2024-05-15,2024-05-29,True,Trial
8765,6250,Starter,0,Active,2024-05-15,,True,Trial
8766,6250,Starter,29,Active,2024-12-29,,False,Recurring
8767,6251,Pro,0,Cancelled,2024-05-15,2024-05-29,True,Trial
8768,6252,Business,0,Active,2024-05-15,,True,Trial
8769,6252,Business,199,Upgraded,2024-05-29,2024-06-29,False,Expansion MRR
8770,6252,Enterprise,499,Active,2024-12-29,,False,Recurring
8771,6253,Starter,0,Cancelled,2024-05-15,2024-05-29,True,Trial
8772,6254,Starter,0,Cancelled,2024-05-16,2024-05-30,True,Trial
8773,6255,Pro,0,Cancelled,2024-05-16,2024-05-30,True,Trial
8774,6256,Starter,0,Cancelled,2024-05-16,2024-05-30,True,Trial
8775,6257,Pro,0,Cancelled,2024-05-16,2024-05-30,True,Trial
8776,6258,Pro,0,Cancelled,2024-05-16,2024-05-30,True,Trial
8777,6259,Starter,0,Cancelled,2024-05-16,2024-05-30,True,Trial
8778,6260,Starter,0,Cancelled,2024-05-16,2024-05-30,True,Trial
8779,6261,Pro,0,Active,2024-05-16,,True,Trial
8780,6261,Pro,79,Cancelled,2024-08-30,2024-09-30,False,Churned MRR
8781,6262,Pro,0,Cancelled,2024-05-16,2024-05-30,True,Trial
8782,6263,Pro,0,Cancelled,2024-05-16,2024-05-30,True,Trial
8783,6264,Business,0,Cancelled,2024-05-16,2024-05-30,True,Trial
8784,6265,Starter,0,Active,2024-05-16,,True,Trial
8785,6265,Starter,29,Cancelled,2024-06-30,2024-07-30,False,Churned MRR
8786,6266,Business,0,Cancelled,2024-05-16,2024-05-30,True,Trial
8787,6267,Starter,0,Cancelled,2024-05-16,2024-05-30,True,Trial
8788,6268,Starter,0,Cancelled,2024-05-16,2024-05-30,True,Trial
8789,6269,Pro,0,Active,2024-05-16,,True,Trial
8790,6269,Pro,79,Cancelled,2024-05-30,2024-06-30,False,Churned MRR
8791,6270,Starter,0,Cancelled,2024-05-16,2024-05-30,True,Trial
8792,6271,Enterprise,0,Cancelled,2024-05-16,2024-05-30,True,Trial
8793,6272,Pro,0,Cancelled,2024-05-16,2024-05-30,True,Trial
8794,6273,Business,0,Active,2024-05-17,,True,Trial
8795,6273,Business,199,Active,2024-12-30,,False,Recurring
8796,6274,Enterprise,0,Cancelled,2024-05-17,2024-05-31,True,Trial
8797,6275,Pro,0,Cancelled,2024-05-17,2024-05-31,True,Trial
8798,6276,Pro,0,Cancelled,2024-05-17,2024-05-31,True,Trial
8799,6277,Business,0,Active,2024-05-17,,True,Trial
8800,6277,Business,199,Active,2024-12-30,,False,Recurring
8801,6278,Starter,0,Cancelled,2024-05-17,2024-05-31,True,Trial
8802,6279,Pro,0,Cancelled,2024-05-17,2024-05-31,True,Trial
8803,6280,Starter,0,Cancelled,2024-05-17,2024-05-31,True,Trial
8804,6281,Enterprise,0,Active,2024-05-17,,True,Trial
8805,6281,Enterprise,499,Cancelled,2024-07-30,2024-08-30,False,Churned MRR
8806,6282,Pro,0,Cancelled,2024-05-17,2024-05-31,True,Trial
8807,6283,Enterprise,0,Active,2024-05-17,,True,Trial
8808,6283,Enterprise,499,Active,2024-12-30,,False,Recurring
8809,6284,Business,0,Cancelled,2024-05-17,2024-05-31,True,Trial
8810,6285,Business,0,Active,2024-05-17,,True,Trial
8811,6285,Business,199,Cancelled,2024-08-30,2024-09-30,False,Churned MRR
8812,6286,Starter,0,Cancelled,2024-05-17,2024-05-31,True,Trial
8813,6287,Starter,0,Cancelled,2024-05-17,2024-05-31,True,Trial
8814,6288,Business,0,Cancelled,2024-05-17,2024-05-31,True,Trial
8815,6289,Enterprise,0,Cancelled,2024-05-17,2024-05-31,True,Trial
8816,6290,Starter,0,Cancelled,2024-05-17,2024-05-31,True,Trial
8817,6291,Starter,0,Cancelled,2024-05-17,2024-05-31,True,Trial
8818,6292,Pro,0,Cancelled,2024-05-18,2024-06-01,True,Trial
8819,6293,Starter,0,Cancelled,2024-05-18,2024-06-01,True,Trial
8820,6294,Starter,0,Cancelled,2024-05-18,2024-06-01,True,Trial
8821,6295,Starter,0,Cancelled,2024-05-18,2024-06-01,True,Trial
8822,6296,Enterprise,0,Cancelled,2024-05-18,2024-06-01,True,Trial
8823,6297,Enterprise,0,Active,2024-05-18,,True,Trial
8824,6297,Enterprise,499,Downgraded,2024-09-01,2024-10-01,False,Contraction MRR
8825,6297,Business,199,Active,2024-12-01,,False,Recurring
8826,6298,Business,0,Cancelled,2024-05-18,2024-06-01,True,Trial
8827,6299,Pro,0,Cancelled,2024-05-18,2024-06-01,True,Trial
8828,6300,Pro,0,Cancelled,2024-05-18,2024-06-01,True,Trial
8829,6301,Pro,0,Cancelled,2024-05-18,2024-06-01,True,Trial
8830,6302,Business,0,Cancelled,2024-05-18,2024-06-01,True,Trial
8831,6303,Enterprise,0,Active,2024-05-18,,True,Trial
8832,6303,Enterprise,499,Downgraded,2024-11-01,2024-12-01,False,Contraction MRR
8833,6303,Business,199,Active,2024-12-01,,False,Contraction MRR
8834,6304,Pro,0,Cancelled,2024-05-19,2024-06-02,True,Trial
8835,6305,Starter,0,Cancelled,2024-05-19,2024-06-02,True,Trial
8836,6306,Enterprise,0,Active,2024-05-19,,True,Trial
8837,6306,Enterprise,499,Active,2024-12-02,,False,Recurring
8838,6307,Starter,0,Cancelled,2024-05-19,2024-06-02,True,Trial
8839,6308,Business,0,Cancelled,2024-05-19,2024-06-02,True,Trial
8840,6309,Pro,0,Cancelled,2024-05-19,2024-06-02,True,Trial
8841,6310,Starter,0,Active,2024-05-19,,True,Trial
8842,6310,Starter,29,Cancelled,2024-08-02,2024-09-02,False,Churned MRR
8843,6311,Pro,0,Cancelled,2024-05-19,2024-06-02,True,Trial
8844,6312,Starter,0,Cancelled,2024-05-19,2024-06-02,True,Trial
8845,6313,Starter,0,Cancelled,2024-05-19,2024-06-02,True,Trial
8846,6314,Starter,0,Cancelled,2024-05-19,2024-06-02,True,Trial
8847,6315,Business,0,Cancelled,2024-05-19,2024-06-02,True,Trial
8848,6316,Business,0,Cancelled,2024-05-19,2024-06-02,True,Trial
8849,6317,Starter,0,Cancelled,2024-05-19,2024-06-02,True,Trial
8850,6318,Starter,0,Active,2024-05-20,,True,Trial
8851,6318,Starter,29,Cancelled,2024-06-03,2024-07-03,False,Churned MRR
8852,6319,Starter,0,Cancelled,2024-05-20,2024-06-03,True,Trial
8853,6320,Pro,0,Cancelled,2024-05-20,2024-06-03,True,Trial
8854,6321,Starter,0,Cancelled,2024-05-20,2024-06-03,True,Trial
8855,6322,Starter,0,Active,2024-05-20,,True,Trial
8856,6322,Starter,29,Active,2024-12-03,,False,Recurring
8857,6323,Business,0,Cancelled,2024-05-20,2024-06-03,True,Trial
8858,6324,Enterprise,0,Cancelled,2024-05-20,2024-06-03,True,Trial
8859,6325,Pro,0,Cancelled,2024-05-20,2024-06-03,True,Trial
8860,6326,Pro,0,Cancelled,2024-05-20,2024-06-03,True,Trial
8861,6327,Starter,0,Cancelled,2024-05-20,2024-06-03,True,Trial
8862,6328,Business,0,Cancelled,2024-05-20,2024-06-03,True,Trial
8863,6329,Business,0,Cancelled,2024-05-20,2024-06-03,True,Trial
8864,6330,Starter,0,Cancelled,2024-05-20,2024-06-03,True,Trial
8865,6331,Pro,0,Cancelled,2024-05-20,2024-06-03,True,Trial
8866,6332,Enterprise,0,Cancelled,2024-05-20,2024-06-03,True,Trial
8867,6333,Starter,0,Active,2024-05-20,,True,Trial
8868,6333,Starter,29,Active,2024-12-03,,False,Recurring
8869,6334,Pro,0,Cancelled,2024-05-20,2024-06-03,True,Trial
8870,6335,Enterprise,0,Active,2024-05-20,,True,Trial
8871,6335,Enterprise,499,Active,2024-12-03,,False,Recurring
8872,6336,Starter,0,Cancelled,2024-05-20,2024-06-03,True,Trial
8873,6337,Enterprise,0,Cancelled,2024-05-21,2024-06-04,True,Trial
8874,6338,Pro,0,Active,2024-05-21,,True,Trial
8875,6338,Pro,79,Upgraded,2024-12-04,2025-01-04,False,Expansion MRR
8876,6339,Starter,0,Cancelled,2024-05-21,2024-06-04,True,Trial
8877,6340,Pro,0,Active,2024-05-21,,True,Trial
8878,6340,Pro,79,Active,2024-12-04,,False,Recurring
8879,6341,Pro,0,Cancelled,2024-05-21,2024-06-04,True,Trial
8880,6342,Enterprise,0,Active,2024-05-21,,True,Trial
8881,6342,Enterprise,499,Active,2024-12-04,,False,Recurring
8882,6343,Pro,0,Cancelled,2024-05-21,2024-06-04,True,Trial
8883,6344,Enterprise,0,Cancelled,2024-05-21,2024-06-04,True,Trial
8884,6345,Starter,0,Cancelled,2024-05-21,2024-06-04,True,Trial
8885,6346,Pro,0,Cancelled,2024-05-21,2024-06-04,True,Trial
8886,6347,Starter,0,Cancelled,2024-05-21,2024-06-04,True,Trial
8887,6348,Pro,0,Cancelled,2024-05-21,2024-06-04,True,Trial
8888,6349,Business,0,Cancelled,2024-05-21,2024-06-04,True,Trial
8889,6350,Business,0,Cancelled,2024-05-21,2024-06-04,True,Trial
8890,6351,Business,0,Active,2024-05-21,,True,Trial
8891,6351,Business,199,Active,2024-12-04,,False,Recurring
8892,6352,Starter,0,Cancelled,2024-05-21,2024-06-04,True,Trial
8893,6353,Pro,0,Cancelled,2024-05-21,2024-06-04,True,Trial
8894,6354,Business,0,Cancelled,2024-05-21,2024-06-04,True,Trial
8895,6355,Starter,0,Cancelled,2024-05-21,2024-06-04,True,Trial
8896,6356,Starter,0,Cancelled,2024-05-21,2024-06-04,True,Trial
8897,6357,Starter,0,Active,2024-05-22,,True,Trial
8898,6357,Starter,29,Cancelled,2024-06-05,2024-07-05,False,Churned MRR
8899,6358,Pro,0,Cancelled,2024-05-22,2024-06-05,True,Trial
8900,6359,Starter,0,Cancelled,2024-05-22,2024-06-05,True,Trial
8901,6360,Starter,0,Cancelled,2024-05-22,2024-06-05,True,Trial
8902,6361,Starter,0,Cancelled,2024-05-22,2024-06-05,True,Trial
8903,6362,Enterprise,0,Active,2024-05-22,,True,Trial
8904,6362,Enterprise,499,Downgraded,2024-12-05,2025-01-05,False,Contraction MRR
8905,6363,Business,0,Active,2024-05-22,,True,Trial
8906,6363,Business,199,Active,2024-12-05,,False,Recurring
8907,6364,Business,0,Cancelled,2024-05-22,2024-06-05,True,Trial
8908,6365,Pro,0,Cancelled,2024-05-22,2024-06-05,True,Trial
8909,6366,Enterprise,0,Cancelled,2024-05-22,2024-06-05,True,Trial
8910,6367,Starter,0,Cancelled,2024-05-22,2024-06-05,True,Trial
8911,6368,Enterprise,0,Active,2024-05-22,,True,Trial
8912,6368,Enterprise,499,Active,2024-12-05,,False,Recurring
8913,6369,Business,0,Cancelled,2024-05-22,2024-06-05,True,Trial
8914,6370,Enterprise,0,Cancelled,2024-05-22,2024-06-05,True,Trial
8915,6371,Business,0,Cancelled,2024-05-22,2024-06-05,True,Trial
8916,6372,Starter,0,Cancelled,2024-05-22,2024-06-05,True,Trial
8917,6373,Starter,0,Cancelled,2024-05-22,2024-06-05,True,Trial
8918,6374,Pro,0,Cancelled,2024-05-23,2024-06-06,True,Trial
8919,6375,Starter,0,Cancelled,2024-05-23,2024-06-06,True,Trial
8920,6376,Starter,0,Cancelled,2024-05-23,2024-06-06,True,Trial
8921,6377,Starter,0,Cancelled,2024-05-23,2024-06-06,True,Trial
8922,6378,Starter,0,Cancelled,2024-05-23,2024-06-06,True,Trial
8923,6379,Enterprise,0,Active,2024-05-23,,True,Trial
8924,6379,Enterprise,499,Active,2024-12-06,,False,Recurring
8925,6380,Enterprise,0,Cancelled,2024-05-23,2024-06-06,True,Trial
8926,6381,Pro,0,Cancelled,2024-05-23,2024-06-06,True,Trial
8927,6382,Pro,0,Cancelled,2024-05-23,2024-06-06,True,Trial
8928,6383,Starter,0,Cancelled,2024-05-23,2024-06-06,True,Trial
8929,6384,Starter,0,Cancelled,2024-05-23,2024-06-06,True,Trial
8930,6385,Enterprise,0,Cancelled,2024-05-23,2024-06-06,True,Trial
8931,6386,Starter,0,Cancelled,2024-05-23,2024-06-06,True,Trial
8932,6387,Pro,0,Active,2024-05-23,,True,Trial
8933,6387,Pro,79,Active,2024-12-06,,False,Recurring
8934,6388,Starter,0,Cancelled,2024-05-23,2024-06-06,True,Trial
8935,6389,Starter,0,Active,2024-05-24,,True,Trial
8936,6389,Starter,29,Cancelled,2024-06-07,2024-07-07,False,Churned MRR
8937,6390,Pro,0,Cancelled,2024-05-24,2024-06-07,True,Trial
8938,6391,Starter,0,Cancelled,2024-05-24,2024-06-07,True,Trial
8939,6392,Enterprise,0,Cancelled,2024-05-24,2024-06-07,True,Trial
8940,6393,Pro,0,Cancelled,2024-05-24,2024-06-07,True,Trial
8941,6394,Starter,0,Active,2024-05-24,,True,Trial
8942,6394,Starter,29,Cancelled,2024-11-07,2024-12-07,False,Churned MRR
8943,6395,Pro,0,Cancelled,2024-05-24,2024-06-07,True,Trial
8944,6396,Business,0,Cancelled,2024-05-24,2024-06-07,True,Trial
8945,6397,Pro,0,Active,2024-05-24,,True,Trial
8946,6397,Pro,79,Upgraded,2024-09-07,2024-10-07,False,Expansion MRR
8947,6397,Business,199,Active,2024-12-07,,False,Recurring
8948,6398,Pro,0,Active,2024-05-24,,True,Trial
8949,6398,Pro,79,Cancelled,2024-09-07,2024-10-07,False,Churned MRR
8950,6399,Pro,0,Cancelled,2024-05-24,2024-06-07,True,Trial
8951,6400,Business,0,Cancelled,2024-05-24,2024-06-07,True,Trial
8952,6401,Business,0,Cancelled,2024-05-24,2024-06-07,True,Trial
8953,6402,Enterprise,0,Active,2024-05-24,,True,Trial
8954,6402,Enterprise,499,Active,2024-12-07,,False,Recurring
8955,6403,Pro,0,Cancelled,2024-05-25,2024-06-08,True,Trial
8956,6404,Starter,0,Cancelled,2024-05-25,2024-06-08,True,Trial
8957,6405,Enterprise,0,Active,2024-05-25,,True,Trial
8958,6405,Enterprise,499,Active,2024-12-08,,False,Recurring
8959,6406,Pro,0,Active,2024-05-25,,True,Trial
8960,6406,Pro,79,Cancelled,2024-10-08,2024-11-08,False,Churned MRR
8961,6407,Starter,0,Cancelled,2024-05-25,2024-06-08,True,Trial
8962,6408,Enterprise,0,Active,2024-05-25,,True,Trial
8963,6408,Enterprise,499,Downgraded,2024-09-08,2024-10-08,False,Contraction MRR
8964,6408,Business,199,Cancelled,2024-11-08,2024-12-08,False,Churned MRR
8965,6409,Starter,0,Cancelled,2024-05-25,2024-06-08,True,Trial
8966,6410,Starter,0,Active,2024-05-25,,True,Trial
8967,6410,Starter,29,Cancelled,2024-09-08,2024-10-08,False,Churned MRR
8968,6411,Starter,0,Cancelled,2024-05-25,2024-06-08,True,Trial
8969,6412,Starter,0,Cancelled,2024-05-25,2024-06-08,True,Trial
8970,6413,Pro,0,Cancelled,2024-05-25,2024-06-08,True,Trial
8971,6414,Enterprise,0,Cancelled,2024-05-25,2024-06-08,True,Trial
8972,6415,Business,0,Active,2024-05-25,,True,Trial
8973,6415,Business,199,Active,2024-12-08,,False,Recurring
8974,6416,Pro,0,Cancelled,2024-05-25,2024-06-08,True,Trial
8975,6417,Enterprise,0,Cancelled,2024-05-25,2024-06-08,True,Trial
8976,6418,Pro,0,Cancelled,2024-05-25,2024-06-08,True,Trial
8977,6419,Business,0,Cancelled,2024-05-25,2024-06-08,True,Trial
8978,6420,Starter,0,Cancelled,2024-05-26,2024-06-09,True,Trial
8979,6421,Pro,0,Cancelled,2024-05-26,2024-06-09,True,Trial
8980,6422,Starter,0,Cancelled,2024-05-26,2024-06-09,True,Trial
8981,6423,Enterprise,0,Active,2024-05-26,,True,Trial
8982,6423,Enterprise,499,Active,2024-12-09,,False,Recurring
8983,6424,Pro,0,Cancelled,2024-05-26,2024-06-09,True,Trial
8984,6425,Starter,0,Cancelled,2024-05-26,2024-06-09,True,Trial
8985,6426,Pro,0,Cancelled,2024-05-26,2024-06-09,True,Trial
8986,6427,Starter,0,Cancelled,2024-05-26,2024-06-09,True,Trial
8987,6428,Pro,0,Cancelled,2024-05-26,2024-06-09,True,Trial
8988,6429,Starter,0,Cancelled,2024-05-26,2024-06-09,True,Trial
8989,6430,Enterprise,0,Active,2024-05-26,,True,Trial
8990,6430,Enterprise,499,Active,2024-12-09,,False,Recurring
8991,6431,Starter,0,Cancelled,2024-05-26,2024-06-09,True,Trial
8992,6432,Business,0,Cancelled,2024-05-26,2024-06-09,True,Trial
8993,6433,Starter,0,Cancelled,2024-05-26,2024-06-09,True,Trial
8994,6434,Starter,0,Cancelled,2024-05-26,2024-06-09,True,Trial
8995,6435,Business,0,Cancelled,2024-05-26,2024-06-09,True,Trial
8996,6436,Starter,0,Active,2024-05-26,,True,Trial
8997,6436,Starter,29,Cancelled,2024-06-09,2024-07-09,False,Churned MRR
8998,6437,Starter,0,Cancelled,2024-05-26,2024-06-09,True,Trial
8999,6438,Starter,0,Cancelled,2024-05-27,2024-06-10,True,Trial
9000,6439,Starter,0,Active,2024-05-27,,True,Trial
9001,6439,Starter,29,Active,2024-12-10,,False,Recurring
9002,6440,Enterprise,0,Active,2024-05-27,,True,Trial
9003,6440,Enterprise,499,Cancelled,2024-06-10,2024-07-10,False,Churned MRR
9004,6441,Pro,0,Cancelled,2024-05-27,2024-06-10,True,Trial
9005,6442,Pro,0,Cancelled,2024-05-27,2024-06-10,True,Trial
9006,6443,Pro,0,Cancelled,2024-05-27,2024-06-10,True,Trial
9007,6444,Starter,0,Cancelled,2024-05-27,2024-06-10,True,Trial
9008,6445,Business,0,Cancelled,2024-05-27,2024-06-10,True,Trial
9009,6446,Starter,0,Active,2024-05-27,,True,Trial
9010,6446,Starter,29,Cancelled,2024-06-10,2024-07-10,False,Churned MRR
9011,6447,Business,0,Cancelled,2024-05-27,2024-06-10,True,Trial
9012,6448,Enterprise,0,Cancelled,2024-05-27,2024-06-10,True,Trial
9013,6449,Business,0,Cancelled,2024-05-27,2024-06-10,True,Trial
9014,6450,Business,0,Cancelled,2024-05-27,2024-06-10,True,Trial
9015,6451,Pro,0,Cancelled,2024-05-27,2024-06-10,True,Trial
9016,6452,Starter,0,Cancelled,2024-05-27,2024-06-10,True,Trial
9017,6453,Business,0,Cancelled,2024-05-27,2024-06-10,True,Trial
9018,6454,Enterprise,0,Cancelled,2024-05-27,2024-06-10,True,Trial
9019,6455,Starter,0,Cancelled,2024-05-27,2024-06-10,True,Trial
9020,6456,Pro,0,Cancelled,2024-05-28,2024-06-11,True,Trial
9021,6457,Starter,0,Cancelled,2024-05-28,2024-06-11,True,Trial
9022,6458,Starter,0,Cancelled,2024-05-28,2024-06-11,True,Trial
9023,6459,Starter,0,Active,2024-05-28,,True,Trial
9024,6459,Starter,29,Cancelled,2024-09-11,2024-10-11,False,Churned MRR
9025,6460,Pro,0,Cancelled,2024-05-28,2024-06-11,True,Trial
9026,6461,Enterprise,0,Active,2024-05-28,,True,Trial
9027,6461,Enterprise,499,Active,2024-12-11,,False,Recurring
9028,6462,Starter,0,Cancelled,2024-05-28,2024-06-11,True,Trial
9029,6463,Business,0,Cancelled,2024-05-28,2024-06-11,True,Trial
9030,6464,Pro,0,Cancelled,2024-05-28,2024-06-11,True,Trial
9031,6465,Starter,0,Cancelled,2024-05-28,2024-06-11,True,Trial
9032,6466,Starter,0,Cancelled,2024-05-28,2024-06-11,True,Trial
9033,6467,Pro,0,Active,2024-05-28,,True,Trial
9034,6467,Pro,79,Active,2024-12-11,,False,Recurring
9035,6468,Pro,0,Cancelled,2024-05-28,2024-06-11,True,Trial
9036,6469,Starter,0,Active,2024-05-28,,True,Trial
9037,6469,Starter,29,Active,2024-12-11,,False,Recurring
9038,6470,Starter,0,Cancelled,2024-05-28,2024-06-11,True,Trial
9039,6471,Pro,0,Active,2024-05-28,,True,Trial
9040,6471,Pro,79,Active,2024-12-11,,False,Recurring
9041,6472,Pro,0,Active,2024-05-28,,True,Trial
9042,6472,Pro,79,Downgraded,2024-08-11,2024-09-11,False,Contraction MRR
9043,6472,Starter,29,Active,2024-12-11,,False,Recurring
9044,6473,Starter,0,Cancelled,2024-05-29,2024-06-12,True,Trial
9045,6474,Starter,0,Cancelled,2024-05-29,2024-06-12,True,Trial
9046,6475,Starter,0,Cancelled,2024-05-29,2024-06-12,True,Trial
9047,6476,Starter,0,Cancelled,2024-05-29,2024-06-12,True,Trial
9048,6477,Starter,0,Cancelled,2024-05-29,2024-06-12,True,Trial
9049,6478,Pro,0,Cancelled,2024-05-29,2024-06-12,True,Trial
9050,6479,Pro,0,Cancelled,2024-05-29,2024-06-12,True,Trial
9051,6480,Starter,0,Cancelled,2024-05-29,2024-06-12,True,Trial
9052,6481,Starter,0,Cancelled,2024-05-29,2024-06-12,True,Trial
9053,6482,Enterprise,0,Cancelled,2024-05-29,2024-06-12,True,Trial
9054,6483,Pro,0,Cancelled,2024-05-29,2024-06-12,True,Trial
9055,6484,Enterprise,0,Active,2024-05-29,,True,Trial
9056,6484,Enterprise,499,Active,2024-12-12,,False,Recurring
9057,6485,Business,0,Active,2024-05-29,,True,Trial
9058,6485,Business,199,Active,2024-12-12,,False,Recurring
9059,6486,Starter,0,Cancelled,2024-05-29,2024-06-12,True,Trial
9060,6487,Starter,0,Cancelled,2024-05-29,2024-06-12,True,Trial
9061,6488,Pro,0,Cancelled,2024-05-29,2024-06-12,True,Trial
9062,6489,Starter,0,Cancelled,2024-05-29,2024-06-12,True,Trial
9063,6490,Pro,0,Active,2024-05-30,,True,Trial
9064,6490,Pro,79,Cancelled,2024-10-13,2024-11-13,False,Churned MRR
9065,6491,Business,0,Cancelled,2024-05-30,2024-06-13,True,Trial
9066,6492,Business,0,Cancelled,2024-05-30,2024-06-13,True,Trial
9067,6493,Starter,0,Cancelled,2024-05-30,2024-06-13,True,Trial
9068,6494,Starter,0,Cancelled,2024-05-30,2024-06-13,True,Trial
9069,6495,Enterprise,0,Active,2024-05-30,,True,Trial
9070,6495,Enterprise,499,Active,2024-12-13,,False,Recurring
9071,6496,Pro,0,Cancelled,2024-05-30,2024-06-13,True,Trial
9072,6497,Business,0,Cancelled,2024-05-30,2024-06-13,True,Trial
9073,6498,Pro,0,Cancelled,2024-05-30,2024-06-13,True,Trial
9074,6499,Starter,0,Cancelled,2024-05-30,2024-06-13,True,Trial
9075,6500,Starter,0,Cancelled,2024-05-30,2024-06-13,True,Trial
9076,6501,Pro,0,Active,2024-05-31,,True,Trial
9077,6501,Pro,79,Upgraded,2024-09-14,2024-10-14,False,Expansion MRR
9078,6501,Business,199,Upgraded,2024-12-14,2025-01-14,False,Expansion MRR
9079,6502,Enterprise,0,Cancelled,2024-05-31,2024-06-14,True,Trial
9080,6503,Starter,0,Cancelled,2024-05-31,2024-06-14,True,Trial
9081,6504,Pro,0,Cancelled,2024-05-31,2024-06-14,True,Trial
9082,6505,Starter,0,Cancelled,2024-05-31,2024-06-14,True,Trial
9083,6506,Starter,0,Cancelled,2024-05-31,2024-06-14,True,Trial
9084,6507,Starter,0,Cancelled,2024-05-31,2024-06-14,True,Trial
9085,6508,Enterprise,0,Cancelled,2024-05-31,2024-06-14,True,Trial
9086,6509,Pro,0,Active,2024-05-31,,True,Trial
9087,6509,Pro,79,Active,2024-12-14,,False,Recurring
9088,6510,Pro,0,Active,2024-05-31,,True,Trial
9089,6510,Pro,79,Cancelled,2024-06-14,2024-07-14,False,Churned MRR
9090,6511,Pro,0,Cancelled,2024-05-31,2024-06-14,True,Trial
9091,6512,Starter,0,Active,2024-05-31,,True,Trial
9092,6512,Starter,29,Cancelled,2024-09-14,2024-10-14,False,Churned MRR
9093,6513,Starter,0,Cancelled,2024-05-31,2024-06-14,True,Trial
9094,6514,Pro,0,Cancelled,2024-05-31,2024-06-14,True,Trial
9095,6515,Business,0,Cancelled,2024-05-31,2024-06-14,True,Trial
9096,6516,Starter,0,Cancelled,2024-05-31,2024-06-14,True,Trial
9097,6517,Business,0,Active,2024-05-31,,True,Trial
9098,6517,Business,199,Upgraded,2024-12-14,2025-01-14,False,Expansion MRR
9099,6518,Pro,0,Cancelled,2024-05-31,2024-06-14,True,Trial
9100,6519,Business,0,Cancelled,2024-05-31,2024-06-14,True,Trial
9101,6520,Starter,0,Cancelled,2024-06-01,2024-06-15,True,Trial
9102,6521,Pro,0,Active,2024-06-01,,True,Trial
9103,6521,Pro,79,Active,2024-12-15,,False,Recurring
9104,6522,Starter,0,Active,2024-06-01,,True,Trial
9105,6522,Starter,29,Cancelled,2024-12-15,2025-01-01,False,Churned MRR
9106,6523,Enterprise,0,Cancelled,2024-06-01,2024-06-15,True,Trial
9107,6524,Enterprise,0,Cancelled,2024-06-01,2024-06-15,True,Trial
9108,6525,Starter,0,Cancelled,2024-06-01,2024-06-15,True,Trial
9109,6526,Business,0,Active,2024-06-01,,True,Trial
9110,6526,Business,199,Active,2024-12-15,,False,Recurring
9111,6527,Starter,0,Cancelled,2024-06-01,2024-06-15,True,Trial
9112,6528,Enterprise,0,Active,2024-06-01,,True,Trial
9113,6528,Enterprise,499,Downgraded,2024-06-15,2024-07-15,False,Contraction MRR
9114,6528,Business,199,Active,2024-12-15,,False,Recurring
9115,6529,Starter,0,Cancelled,2024-06-01,2024-06-15,True,Trial
9116,6530,Pro,0,Cancelled,2024-06-01,2024-06-15,True,Trial
9117,6531,Starter,0,Cancelled,2024-06-01,2024-06-15,True,Trial
9118,6532,Starter,0,Cancelled,2024-06-01,2024-06-15,True,Trial
9119,6533,Starter,0,Cancelled,2024-06-01,2024-06-15,True,Trial
9120,6534,Pro,0,Active,2024-06-01,,True,Trial
9121,6534,Pro,79,Cancelled,2024-07-15,2024-08-15,False,Churned MRR
9122,6535,Pro,0,Active,2024-06-01,,True,Trial
9123,6535,Pro,79,Upgraded,2024-10-15,2024-11-15,False,Expansion MRR
9124,6535,Business,199,Active,2024-12-15,,False,Recurring
9125,6536,Starter,0,Cancelled,2024-06-01,2024-06-15,True,Trial
9126,6537,Enterprise,0,Active,2024-06-01,,True,Trial
9127,6537,Enterprise,499,Cancelled,2024-06-15,2024-07-15,False,Churned MRR
9128,6538,Enterprise,0,Cancelled,2024-06-01,2024-06-15,True,Trial
9129,6539,Pro,0,Cancelled,2024-06-02,2024-06-16,True,Trial
9130,6540,Starter,0,Cancelled,2024-06-02,2024-06-16,True,Trial
9131,6541,Starter,0,Active,2024-06-02,,True,Trial
9132,6541,Starter,29,Cancelled,2024-08-16,2024-09-16,False,Churned MRR
9133,6542,Business,0,Cancelled,2024-06-02,2024-06-16,True,Trial
9134,6543,Pro,0,Cancelled,2024-06-02,2024-06-16,True,Trial
9135,6544,Pro,0,Cancelled,2024-06-02,2024-06-16,True,Trial
9136,6545,Starter,0,Cancelled,2024-06-02,2024-06-16,True,Trial
9137,6546,Enterprise,0,Active,2024-06-02,,True,Trial
9138,6546,Enterprise,499,Active,2024-12-16,,False,Recurring
9139,6547,Pro,0,Cancelled,2024-06-02,2024-06-16,True,Trial
9140,6548,Enterprise,0,Cancelled,2024-06-02,2024-06-16,True,Trial
9141,6549,Starter,0,Cancelled,2024-06-02,2024-06-16,True,Trial
9142,6550,Starter,0,Cancelled,2024-06-02,2024-06-16,True,Trial
9143,6551,Starter,0,Cancelled,2024-06-02,2024-06-16,True,Trial
9144,6552,Pro,0,Cancelled,2024-06-02,2024-06-16,True,Trial
9145,6553,Pro,0,Active,2024-06-02,,True,Trial
9146,6553,Pro,79,Upgraded,2024-10-16,2024-11-16,False,Expansion MRR
9147,6553,Business,199,Active,2024-12-16,,False,Recurring
9148,6554,Pro,0,Cancelled,2024-06-02,2024-06-16,True,Trial
9149,6555,Enterprise,0,Active,2024-06-02,,True,Trial
9150,6555,Enterprise,499,Downgraded,2024-06-16,2024-07-16,False,Contraction MRR
9151,6555,Business,199,Active,2024-12-16,,False,Recurring
9152,6556,Starter,0,Cancelled,2024-06-02,2024-06-16,True,Trial
9153,6557,Pro,0,Active,2024-06-02,,True,Trial
9154,6557,Pro,79,Upgraded,2024-10-16,2024-11-16,False,Expansion MRR
9155,6557,Business,199,Upgraded,2024-11-16,2024-12-16,False,Expansion MRR
9156,6557,Enterprise,499,Active,2024-12-16,,False,Expansion MRR
9157,6558,Enterprise,0,Cancelled,2024-06-02,2024-06-16,True,Trial
9158,6559,Starter,0,Active,2024-06-03,,True,Trial
9159,6559,Starter,29,Upgraded,2024-09-17,2024-10-17,False,Expansion MRR
9160,6559,Pro,79,Active,2024-12-17,,False,Recurring
9161,6560,Starter,0,Active,2024-06-03,,True,Trial
9162,6560,Starter,29,Cancelled,2024-10-17,2024-11-17,False,Churned MRR
9163,6561,Starter,0,Cancelled,2024-06-03,2024-06-17,True,Trial
9164,6562,Starter,0,Cancelled,2024-06-03,2024-06-17,True,Trial
9165,6563,Pro,0,Cancelled,2024-06-03,2024-06-17,True,Trial
9166,6564,Enterprise,0,Active,2024-06-03,,True,Trial
9167,6564,Enterprise,499,Cancelled,2024-09-17,2024-10-17,False,Churned MRR
9168,6565,Starter,0,Active,2024-06-03,,True,Trial
9169,6565,Starter,29,Active,2024-12-17,,False,Recurring
9170,6566,Pro,0,Cancelled,2024-06-03,2024-06-17,True,Trial
9171,6567,Starter,0,Active,2024-06-03,,True,Trial
9172,6567,Starter,29,Cancelled,2024-06-17,2024-07-17,False,Churned MRR
9173,6568,Pro,0,Cancelled,2024-06-03,2024-06-17,True,Trial
9174,6569,Business,0,Cancelled,2024-06-03,2024-06-17,True,Trial
9175,6570,Pro,0,Active,2024-06-03,,True,Trial
9176,6570,Pro,79,Cancelled,2024-07-17,2024-08-17,False,Churned MRR
9177,6571,Business,0,Active,2024-06-03,,True,Trial
9178,6571,Business,199,Cancelled,2024-10-17,2024-11-17,False,Churned MRR
9179,6572,Pro,0,Active,2024-06-03,,True,Trial
9180,6572,Pro,79,Active,2024-12-17,,False,Recurring
9181,6573,Starter,0,Cancelled,2024-06-03,2024-06-17,True,Trial
9182,6574,Starter,0,Cancelled,2024-06-04,2024-06-18,True,Trial
9183,6575,Starter,0,Active,2024-06-04,,True,Trial
9184,6575,Starter,29,Active,2024-12-18,,False,Recurring
9185,6576,Pro,0,Active,2024-06-04,,True,Trial
9186,6576,Pro,79,Active,2024-12-18,,False,Recurring
9187,6577,Starter,0,Cancelled,2024-06-04,2024-06-18,True,Trial
9188,6578,Pro,0,Cancelled,2024-06-04,2024-06-18,True,Trial
9189,6579,Starter,0,Cancelled,2024-06-04,2024-06-18,True,Trial
9190,6580,Starter,0,Cancelled,2024-06-04,2024-06-18,True,Trial
9191,6581,Pro,0,Active,2024-06-04,,True,Trial
9192,6581,Pro,79,Cancelled,2024-06-18,2024-07-18,False,Churned MRR
9193,6582,Enterprise,0,Active,2024-06-04,,True,Trial
9194,6582,Enterprise,499,Active,2024-12-18,,False,Recurring
9195,6583,Enterprise,0,Cancelled,2024-06-04,2024-06-18,True,Trial
9196,6584,Pro,0,Cancelled,2024-06-04,2024-06-18,True,Trial
9197,6585,Pro,0,Active,2024-06-04,,True,Trial
9198,6585,Pro,79,Active,2024-12-18,,False,Recurring
9199,6586,Business,0,Cancelled,2024-06-04,2024-06-18,True,Trial
9200,6587,Starter,0,Cancelled,2024-06-04,2024-06-18,True,Trial
9201,6588,Pro,0,Cancelled,2024-06-04,2024-06-18,True,Trial
9202,6589,Pro,0,Active,2024-06-04,,True,Trial
9203,6589,Pro,79,Cancelled,2024-06-18,2024-07-18,False,Churned MRR
9204,6590,Pro,0,Cancelled,2024-06-04,2024-06-18,True,Trial
9205,6591,Starter,0,Cancelled,2024-06-04,2024-06-18,True,Trial
9206,6592,Pro,0,Cancelled,2024-06-04,2024-06-18,True,Trial
9207,6593,Pro,0,Active,2024-06-04,,True,Trial
9208,6593,Pro,79,Active,2024-12-18,,False,Recurring
9209,6594,Starter,0,Cancelled,2024-06-04,2024-06-18,True,Trial
9210,6595,Starter,0,Cancelled,2024-06-05,2024-06-19,True,Trial
9211,6596,Business,0,Active,2024-06-05,,True,Trial
9212,6596,Business,199,Active,2024-12-19,,False,Recurring
9213,6597,Starter,0,Active,2024-06-05,,True,Trial
9214,6597,Starter,29,Cancelled,2024-07-19,2024-08-19,False,Churned MRR
9215,6598,Starter,0,Cancelled,2024-06-05,2024-06-19,True,Trial
9216,6599,Business,0,Active,2024-06-05,,True,Trial
9217,6599,Business,199,Cancelled,2024-09-19,2024-10-19,False,Churned MRR
9218,6600,Starter,0,Cancelled,2024-06-05,2024-06-19,True,Trial
9219,6601,Starter,0,Active,2024-06-05,,True,Trial
9220,6601,Starter,29,Active,2024-12-19,,False,Recurring
9221,6602,Pro,0,Active,2024-06-05,,True,Trial
9222,6602,Pro,79,Active,2024-12-19,,False,Recurring
9223,6603,Pro,0,Cancelled,2024-06-05,2024-06-19,True,Trial
9224,6604,Business,0,Cancelled,2024-06-05,2024-06-19,True,Trial
9225,6605,Starter,0,Active,2024-06-05,,True,Trial
9226,6605,Starter,29,Active,2024-12-19,,False,Recurring
9227,6606,Business,0,Active,2024-06-05,,True,Trial
9228,6606,Business,199,Active,2024-12-19,,False,Recurring
9229,6607,Pro,0,Cancelled,2024-06-05,2024-06-19,True,Trial
9230,6608,Pro,0,Cancelled,2024-06-05,2024-06-19,True,Trial
9231,6609,Starter,0,Cancelled,2024-06-05,2024-06-19,True,Trial
9232,6610,Starter,0,Cancelled,2024-06-05,2024-06-19,True,Trial
9233,6611,Business,0,Active,2024-06-05,,True,Trial
9234,6611,Business,199,Active,2024-12-19,,False,Recurring
9235,6612,Enterprise,0,Active,2024-06-05,,True,Trial
9236,6612,Enterprise,499,Active,2024-12-19,,False,Recurring
9237,6613,Starter,0,Cancelled,2024-06-05,2024-06-19,True,Trial
9238,6614,Starter,0,Cancelled,2024-06-05,2024-06-19,True,Trial
9239,6615,Pro,0,Active,2024-06-05,,True,Trial
9240,6615,Pro,79,Cancelled,2024-09-19,2024-10-19,False,Churned MRR
9241,6616,Starter,0,Cancelled,2024-06-05,2024-06-19,True,Trial
9242,6617,Starter,0,Cancelled,2024-06-06,2024-06-20,True,Trial
9243,6618,Starter,0,Cancelled,2024-06-06,2024-06-20,True,Trial
9244,6619,Pro,0,Cancelled,2024-06-06,2024-06-20,True,Trial
9245,6620,Pro,0,Cancelled,2024-06-06,2024-06-20,True,Trial
9246,6621,Starter,0,Active,2024-06-06,,True,Trial
9247,6621,Starter,29,Active,2024-12-20,,False,Recurring
9248,6622,Starter,0,Cancelled,2024-06-06,2024-06-20,True,Trial
9249,6623,Starter,0,Cancelled,2024-06-06,2024-06-20,True,Trial
9250,6624,Starter,0,Cancelled,2024-06-06,2024-06-20,True,Trial
9251,6625,Enterprise,0,Active,2024-06-06,,True,Trial
9252,6625,Enterprise,499,Active,2024-12-20,,False,Recurring
9253,6626,Starter,0,Cancelled,2024-06-06,2024-06-20,True,Trial
9254,6627,Pro,0,Cancelled,2024-06-06,2024-06-20,True,Trial
9255,6628,Pro,0,Active,2024-06-06,,True,Trial
9256,6628,Pro,79,Active,2024-12-20,,False,Recurring
9257,6629,Starter,0,Cancelled,2024-06-06,2024-06-20,True,Trial
9258,6630,Enterprise,0,Cancelled,2024-06-06,2024-06-20,True,Trial
9259,6631,Business,0,Cancelled,2024-06-07,2024-06-21,True,Trial
9260,6632,Enterprise,0,Active,2024-06-07,,True,Trial
9261,6632,Enterprise,499,Active,2024-12-21,,False,Recurring
9262,6633,Pro,0,Active,2024-06-07,,True,Trial
9263,6633,Pro,79,Active,2024-12-21,,False,Recurring
9264,6634,Starter,0,Cancelled,2024-06-07,2024-06-21,True,Trial
9265,6635,Business,0,Active,2024-06-07,,True,Trial
9266,6635,Business,199,Upgraded,2024-07-21,2024-08-21,False,Expansion MRR
9267,6635,Enterprise,499,Active,2024-12-21,,False,Recurring
9268,6636,Business,0,Cancelled,2024-06-07,2024-06-21,True,Trial
9269,6637,Pro,0,Active,2024-06-07,,True,Trial
9270,6637,Pro,79,Cancelled,2024-07-21,2024-08-21,False,Churned MRR
9271,6638,Pro,0,Cancelled,2024-06-07,2024-06-21,True,Trial
9272,6639,Enterprise,0,Active,2024-06-07,,True,Trial
9273,6639,Enterprise,499,Active,2024-12-21,,False,Recurring
9274,6640,Starter,0,Cancelled,2024-06-07,2024-06-21,True,Trial
9275,6641,Starter,0,Active,2024-06-07,,True,Trial
9276,6641,Starter,29,Upgraded,2024-12-21,2025-01-21,False,Expansion MRR
9277,6642,Pro,0,Cancelled,2024-06-07,2024-06-21,True,Trial
9278,6643,Starter,0,Cancelled,2024-06-08,2024-06-22,True,Trial
9279,6644,Starter,0,Active,2024-06-08,,True,Trial
9280,6644,Starter,29,Cancelled,2024-07-22,2024-08-22,False,Churned MRR
9281,6645,Starter,0,Cancelled,2024-06-08,2024-06-22,True,Trial
9282,6646,Starter,0,Cancelled,2024-06-08,2024-06-22,True,Trial
9283,6647,Starter,0,Cancelled,2024-06-08,2024-06-22,True,Trial
9284,6648,Enterprise,0,Cancelled,2024-06-08,2024-06-22,True,Trial
9285,6649,Starter,0,Cancelled,2024-06-08,2024-06-22,True,Trial
9286,6650,Pro,0,Cancelled,2024-06-08,2024-06-22,True,Trial
9287,6651,Business,0,Cancelled,2024-06-08,2024-06-22,True,Trial
9288,6652,Starter,0,Cancelled,2024-06-08,2024-06-22,True,Trial
9289,6653,Starter,0,Cancelled,2024-06-08,2024-06-22,True,Trial
9290,6654,Starter,0,Cancelled,2024-06-08,2024-06-22,True,Trial
9291,6655,Pro,0,Cancelled,2024-06-08,2024-06-22,True,Trial
9292,6656,Starter,0,Cancelled,2024-06-09,2024-06-23,True,Trial
9293,6657,Pro,0,Cancelled,2024-06-09,2024-06-23,True,Trial
9294,6658,Enterprise,0,Cancelled,2024-06-09,2024-06-23,True,Trial
9295,6659,Pro,0,Active,2024-06-09,,True,Trial
9296,6659,Pro,79,Upgraded,2024-10-23,2024-11-23,False,Expansion MRR
9297,6659,Business,199,Active,2024-12-23,,False,Recurring
9298,6660,Starter,0,Cancelled,2024-06-09,2024-06-23,True,Trial
9299,6661,Enterprise,0,Cancelled,2024-06-09,2024-06-23,True,Trial
9300,6662,Business,0,Cancelled,2024-06-09,2024-06-23,True,Trial
9301,6663,Enterprise,0,Active,2024-06-09,,True,Trial
9302,6663,Enterprise,499,Downgraded,2024-11-23,2024-12-23,False,Contraction MRR
9303,6663,Business,199,Active,2024-12-23,,False,Contraction MRR
9304,6664,Business,0,Cancelled,2024-06-09,2024-06-23,True,Trial
9305,6665,Pro,0,Cancelled,2024-06-09,2024-06-23,True,Trial
9306,6666,Starter,0,Cancelled,2024-06-09,2024-06-23,True,Trial
9307,6667,Starter,0,Cancelled,2024-06-09,2024-06-23,True,Trial
9308,6668,Pro,0,Cancelled,2024-06-09,2024-06-23,True,Trial
9309,6669,Starter,0,Cancelled,2024-06-09,2024-06-23,True,Trial
9310,6670,Business,0,Cancelled,2024-06-09,2024-06-23,True,Trial
9311,6671,Starter,0,Cancelled,2024-06-09,2024-06-23,True,Trial
9312,6672,Pro,0,Active,2024-06-09,,True,Trial
9313,6672,Pro,79,Active,2024-12-23,,False,Recurring
9314,6673,Starter,0,Cancelled,2024-06-09,2024-06-23,True,Trial
9315,6674,Pro,0,Cancelled,2024-06-09,2024-06-23,True,Trial
9316,6675,Starter,0,Active,2024-06-10,,True,Trial
9317,6675,Starter,29,Active,2024-12-24,,False,Recurring
9318,6676,Pro,0,Cancelled,2024-06-10,2024-06-24,True,Trial
9319,6677,Business,0,Active,2024-06-10,,True,Trial
9320,6677,Business,199,Cancelled,2024-07-24,2024-08-24,False,Churned MRR
9321,6678,Starter,0,Cancelled,2024-06-10,2024-06-24,True,Trial
9322,6679,Enterprise,0,Cancelled,2024-06-10,2024-06-24,True,Trial
9323,6680,Starter,0,Cancelled,2024-06-10,2024-06-24,True,Trial
9324,6681,Starter,0,Active,2024-06-10,,True,Trial
9325,6681,Starter,29,Upgraded,2024-06-24,2024-07-24,False,Expansion MRR
9326,6681,Pro,79,Downgraded,2024-09-24,2024-10-24,False,Contraction MRR
9327,6681,Starter,29,Active,2024-12-24,,False,Recurring
9328,6682,Enterprise,0,Cancelled,2024-06-10,2024-06-24,True,Trial
9329,6683,Pro,0,Cancelled,2024-06-10,2024-06-24,True,Trial
9330,6684,Pro,0,Active,2024-06-10,,True,Trial
9331,6684,Pro,79,Upgraded,2024-09-24,2024-10-24,False,Expansion MRR
9332,6684,Business,199,Active,2024-12-24,,False,Recurring
9333,6685,Business,0,Active,2024-06-10,,True,Trial
9334,6685,Business,199,Active,2024-12-24,,False,Recurring
9335,6686,Pro,0,Cancelled,2024-06-10,2024-06-24,True,Trial
9336,6687,Enterprise,0,Cancelled,2024-06-10,2024-06-24,True,Trial
9337,6688,Starter,0,Cancelled,2024-06-10,2024-06-24,True,Trial
9338,6689,Enterprise,0,Cancelled,2024-06-10,2024-06-24,True,Trial
9339,6690,Business,0,Cancelled,2024-06-10,2024-06-24,True,Trial
9340,6691,Starter,0,Cancelled,2024-06-10,2024-06-24,True,Trial
9341,6692,Pro,0,Active,2024-06-10,,True,Trial
9342,6692,Pro,79,Cancelled,2024-11-24,2024-12-24,False,Churned MRR
9343,6693,Starter,0,Cancelled,2024-06-10,2024-06-24,True,Trial
9344,6694,Business,0,Active,2024-06-10,,True,Trial
9345,6694,Business,199,Upgraded,2024-11-24,2024-12-24,False,Expansion MRR
9346,6694,Enterprise,499,Active,2024-12-24,,False,Expansion MRR
9347,6695,Business,0,Cancelled,2024-06-10,2024-06-24,True,Trial
9348,6696,Enterprise,0,Cancelled,2024-06-10,2024-06-24,True,Trial
9349,6697,Pro,0,Cancelled,2024-06-10,2024-06-24,True,Trial
9350,6698,Starter,0,Active,2024-06-11,,True,Trial
9351,6698,Starter,29,Upgraded,2024-08-25,2024-09-25,False,Expansion MRR
9352,6698,Pro,79,Active,2024-12-25,,False,Recurring
9353,6699,Pro,0,Cancelled,2024-06-11,2024-06-25,True,Trial
9354,6700,Starter,0,Active,2024-06-11,,True,Trial
9355,6700,Starter,29,Active,2024-12-25,,False,Recurring
9356,6701,Business,0,Cancelled,2024-06-11,2024-06-25,True,Trial
9357,6702,Business,0,Cancelled,2024-06-11,2024-06-25,True,Trial
9358,6703,Starter,0,Cancelled,2024-06-11,2024-06-25,True,Trial
9359,6704,Starter,0,Active,2024-06-11,,True,Trial
9360,6704,Starter,29,Active,2024-12-25,,False,Recurring
9361,6705,Enterprise,0,Active,2024-06-11,,True,Trial
9362,6705,Enterprise,499,Downgraded,2024-08-25,2024-09-25,False,Contraction MRR
9363,6705,Business,199,Downgraded,2024-09-25,2024-10-25,False,Contraction MRR
9364,6705,Pro,79,Active,2024-12-25,,False,Recurring
9365,6706,Starter,0,Cancelled,2024-06-11,2024-06-25,True,Trial
9366,6707,Pro,0,Cancelled,2024-06-11,2024-06-25,True,Trial
9367,6708,Starter,0,Active,2024-06-11,,True,Trial
9368,6708,Starter,29,Active,2024-12-25,,False,Recurring
9369,6709,Pro,0,Cancelled,2024-06-11,2024-06-25,True,Trial
9370,6710,Business,0,Cancelled,2024-06-11,2024-06-25,True,Trial
9371,6711,Starter,0,Cancelled,2024-06-11,2024-06-25,True,Trial
9372,6712,Starter,0,Cancelled,2024-06-11,2024-06-25,True,Trial
9373,6713,Enterprise,0,Active,2024-06-11,,True,Trial
9374,6713,Enterprise,499,Active,2024-12-25,,False,Recurring
9375,6714,Pro,0,Cancelled,2024-06-12,2024-06-26,True,Trial
9376,6715,Pro,0,Cancelled,2024-06-12,2024-06-26,True,Trial
9377,6716,Pro,0,Cancelled,2024-06-12,2024-06-26,True,Trial
9378,6717,Starter,0,Cancelled,2024-06-12,2024-06-26,True,Trial
9379,6718,Business,0,Active,2024-06-12,,True,Trial
9380,6718,Business,199,Cancelled,2024-11-26,2024-12-26,False,Churned MRR
9381,6719,Pro,0,Active,2024-06-12,,True,Trial
9382,6719,Pro,79,Active,2024-12-26,,False,Recurring
9383,6720,Starter,0,Cancelled,2024-06-12,2024-06-26,True,Trial
9384,6721,Pro,0,Cancelled,2024-06-12,2024-06-26,True,Trial
9385,6722,Starter,0,Cancelled,2024-06-12,2024-06-26,True,Trial
9386,6723,Pro,0,Cancelled,2024-06-12,2024-06-26,True,Trial
9387,6724,Business,0,Cancelled,2024-06-12,2024-06-26,True,Trial
9388,6725,Starter,0,Cancelled,2024-06-12,2024-06-26,True,Trial
9389,6726,Pro,0,Active,2024-06-12,,True,Trial
9390,6726,Pro,79,Active,2024-12-26,,False,Recurring
9391,6727,Starter,0,Cancelled,2024-06-12,2024-06-26,True,Trial
9392,6728,Enterprise,0,Cancelled,2024-06-12,2024-06-26,True,Trial
9393,6729,Pro,0,Active,2024-06-12,,True,Trial
9394,6729,Pro,79,Active,2024-12-26,,False,Recurring
9395,6730,Business,0,Active,2024-06-12,,True,Trial
9396,6730,Business,199,Active,2024-12-26,,False,Recurring
9397,6731,Enterprise,0,Active,2024-06-12,,True,Trial
9398,6731,Enterprise,499,Active,2024-12-26,,False,Recurring
9399,6732,Pro,0,Cancelled,2024-06-12,2024-06-26,True,Trial
9400,6733,Business,0,Cancelled,2024-06-12,2024-06-26,True,Trial
9401,6734,Starter,0,Cancelled,2024-06-12,2024-06-26,True,Trial
9402,6735,Business,0,Cancelled,2024-06-12,2024-06-26,True,Trial
9403,6736,Business,0,Active,2024-06-12,,True,Trial
9404,6736,Business,199,Cancelled,2024-12-26,2025-01-01,False,Churned MRR
9405,6737,Business,0,Cancelled,2024-06-12,2024-06-26,True,Trial
9406,6738,Business,0,Cancelled,2024-06-12,2024-06-26,True,Trial
9407,6739,Business,0,Cancelled,2024-06-13,2024-06-27,True,Trial
9408,6740,Starter,0,Cancelled,2024-06-13,2024-06-27,True,Trial
9409,6741,Starter,0,Cancelled,2024-06-13,2024-06-27,True,Trial
9410,6742,Business,0,Cancelled,2024-06-13,2024-06-27,True,Trial
9411,6743,Business,0,Cancelled,2024-06-13,2024-06-27,True,Trial
9412,6744,Pro,0,Active,2024-06-13,,True,Trial
9413,6744,Pro,79,Cancelled,2024-08-27,2024-09-27,False,Churned MRR
9414,6745,Starter,0,Cancelled,2024-06-13,2024-06-27,True,Trial
9415,6746,Pro,0,Cancelled,2024-06-13,2024-06-27,True,Trial
9416,6747,Starter,0,Cancelled,2024-06-13,2024-06-27,True,Trial
9417,6748,Starter,0,Cancelled,2024-06-13,2024-06-27,True,Trial
9418,6749,Pro,0,Active,2024-06-13,,True,Trial
9419,6749,Pro,79,Active,2024-12-27,,False,Recurring
9420,6750,Enterprise,0,Active,2024-06-13,,True,Trial
9421,6750,Enterprise,499,Downgraded,2024-09-27,2024-10-27,False,Contraction MRR
9422,6750,Business,199,Active,2024-12-27,,False,Recurring
9423,6751,Starter,0,Cancelled,2024-06-13,2024-06-27,True,Trial
9424,6752,Pro,0,Cancelled,2024-06-13,2024-06-27,True,Trial
9425,6753,Starter,0,Cancelled,2024-06-13,2024-06-27,True,Trial
9426,6754,Pro,0,Cancelled,2024-06-13,2024-06-27,True,Trial
9427,6755,Enterprise,0,Active,2024-06-13,,True,Trial
9428,6755,Enterprise,499,Downgraded,2024-09-27,2024-10-27,False,Contraction MRR
9429,6755,Business,199,Active,2024-12-27,,False,Recurring
9430,6756,Starter,0,Cancelled,2024-06-13,2024-06-27,True,Trial
9431,6757,Enterprise,0,Cancelled,2024-06-13,2024-06-27,True,Trial
9432,6758,Pro,0,Cancelled,2024-06-13,2024-06-27,True,Trial
9433,6759,Pro,0,Cancelled,2024-06-13,2024-06-27,True,Trial
9434,6760,Pro,0,Active,2024-06-14,,True,Trial
9435,6760,Pro,79,Upgraded,2024-09-28,2024-10-28,False,Expansion MRR
9436,6760,Business,199,Active,2024-12-28,,False,Recurring
9437,6761,Pro,0,Cancelled,2024-06-14,2024-06-28,True,Trial
9438,6762,Starter,0,Cancelled,2024-06-14,2024-06-28,True,Trial
9439,6763,Pro,0,Cancelled,2024-06-14,2024-06-28,True,Trial
9440,6764,Pro,0,Cancelled,2024-06-14,2024-06-28,True,Trial
9441,6765,Starter,0,Cancelled,2024-06-14,2024-06-28,True,Trial
9442,6766,Enterprise,0,Cancelled,2024-06-14,2024-06-28,True,Trial
9443,6767,Enterprise,0,Active,2024-06-14,,True,Trial
9444,6767,Enterprise,499,Active,2024-12-28,,False,Recurring
9445,6768,Starter,0,Cancelled,2024-06-14,2024-06-28,True,Trial
9446,6769,Starter,0,Cancelled,2024-06-14,2024-06-28,True,Trial
9447,6770,Starter,0,Cancelled,2024-06-14,2024-06-28,True,Trial
9448,6771,Starter,0,Cancelled,2024-06-14,2024-06-28,True,Trial
9449,6772,Enterprise,0,Active,2024-06-14,,True,Trial
9450,6772,Enterprise,499,Cancelled,2024-10-28,2024-11-28,False,Churned MRR
9451,6773,Starter,0,Cancelled,2024-06-14,2024-06-28,True,Trial
9452,6774,Pro,0,Active,2024-06-14,,True,Trial
9453,6774,Pro,79,Active,2024-12-28,,False,Recurring
9454,6775,Pro,0,Cancelled,2024-06-15,2024-06-29,True,Trial
9455,6776,Enterprise,0,Cancelled,2024-06-15,2024-06-29,True,Trial
9456,6777,Pro,0,Cancelled,2024-06-15,2024-06-29,True,Trial
9457,6778,Starter,0,Cancelled,2024-06-15,2024-06-29,True,Trial
9458,6779,Enterprise,0,Cancelled,2024-06-15,2024-06-29,True,Trial
9459,6780,Business,0,Active,2024-06-15,,True,Trial
9460,6780,Business,199,Downgraded,2024-08-29,2024-09-29,False,Contraction MRR
9461,6780,Pro,79,Active,2024-12-29,,False,Recurring
9462,6781,Enterprise,0,Cancelled,2024-06-15,2024-06-29,True,Trial
9463,6782,Starter,0,Cancelled,2024-06-15,2024-06-29,True,Trial
9464,6783,Enterprise,0,Cancelled,2024-06-15,2024-06-29,True,Trial
9465,6784,Business,0,Cancelled,2024-06-15,2024-06-29,True,Trial
9466,6785,Pro,0,Cancelled,2024-06-15,2024-06-29,True,Trial
9467,6786,Starter,0,Cancelled,2024-06-15,2024-06-29,True,Trial
9468,6787,Pro,0,Active,2024-06-15,,True,Trial
9469,6787,Pro,79,Upgraded,2024-10-29,2024-11-29,False,Expansion MRR
9470,6787,Business,199,Upgraded,2024-11-29,2024-12-29,False,Expansion MRR
9471,6787,Enterprise,499,Active,2024-12-29,,False,Expansion MRR
9472,6788,Pro,0,Cancelled,2024-06-15,2024-06-29,True,Trial
9473,6789,Pro,0,Cancelled,2024-06-15,2024-06-29,True,Trial
9474,6790,Pro,0,Active,2024-06-15,,True,Trial
9475,6790,Pro,79,Active,2024-12-29,,False,Recurring
9476,6791,Pro,0,Cancelled,2024-06-15,2024-06-29,True,Trial
9477,6792,Pro,0,Cancelled,2024-06-15,2024-06-29,True,Trial
9478,6793,Pro,0,Active,2024-06-15,,True,Trial
9479,6793,Pro,79,Active,2024-12-29,,False,Recurring
9480,6794,Starter,0,Active,2024-06-15,,True,Trial
9481,6794,Starter,29,Cancelled,2024-09-29,2024-10-29,False,Churned MRR
9482,6795,Pro,0,Active,2024-06-16,,True,Trial
9483,6795,Pro,79,Cancelled,2024-08-30,2024-09-30,False,Churned MRR
9484,6796,Pro,0,Cancelled,2024-06-16,2024-06-30,True,Trial
9485,6797,Enterprise,0,Cancelled,2024-06-16,2024-06-30,True,Trial
9486,6798,Business,0,Cancelled,2024-06-16,2024-06-30,True,Trial
9487,6799,Starter,0,Cancelled,2024-06-16,2024-06-30,True,Trial
9488,6800,Enterprise,0,Active,2024-06-16,,True,Trial
9489,6800,Enterprise,499,Downgraded,2024-07-30,2024-08-30,False,Contraction MRR
9490,6800,Business,199,Active,2024-12-30,,False,Recurring
9491,6801,Pro,0,Active,2024-06-16,,True,Trial
9492,6801,Pro,79,Active,2024-12-30,,False,Recurring
9493,6802,Business,0,Active,2024-06-16,,True,Trial
9494,6802,Business,199,Cancelled,2024-07-30,2024-08-30,False,Churned MRR
9495,6803,Business,0,Cancelled,2024-06-16,2024-06-30,True,Trial
9496,6804,Enterprise,0,Active,2024-06-16,,True,Trial
9497,6804,Enterprise,499,Downgraded,2024-06-30,2024-07-30,False,Contraction MRR
9498,6804,Business,199,Active,2024-12-30,,False,Recurring
9499,6805,Pro,0,Cancelled,2024-06-16,2024-06-30,True,Trial
9500,6806,Starter,0,Cancelled,2024-06-16,2024-06-30,True,Trial
9501,6807,Pro,0,Active,2024-06-16,,True,Trial
9502,6807,Pro,79,Cancelled,2024-10-30,2024-11-30,False,Churned MRR
9503,6808,Starter,0,Cancelled,2024-06-16,2024-06-30,True,Trial
9504,6809,Enterprise,0,Cancelled,2024-06-16,2024-06-30,True,Trial
9505,6810,Starter,0,Cancelled,2024-06-16,2024-06-30,True,Trial
9506,6811,Enterprise,0,Active,2024-06-16,,True,Trial
9507,6811,Enterprise,499,Active,2024-12-30,,False,Recurring
9508,6812,Enterprise,0,Active,2024-06-17,,True,Trial
9509,6812,Enterprise,499,Active,2024-12-01,,False,Recurring
9510,6813,Business,0,Active,2024-06-17,,True,Trial
9511,6813,Business,199,Active,2024-12-01,,False,Recurring
9512,6814,Pro,0,Cancelled,2024-06-17,2024-07-01,True,Trial
9513,6815,Starter,0,Cancelled,2024-06-17,2024-07-01,True,Trial
9514,6816,Enterprise,0,Cancelled,2024-06-17,2024-07-01,True,Trial
9515,6817,Enterprise,0,Active,2024-06-17,,True,Trial
9516,6817,Enterprise,499,Cancelled,2024-09-01,2024-10-01,False,Churned MRR
9517,6818,Pro,0,Active,2024-06-17,,True,Trial
9518,6818,Pro,79,Active,2024-12-01,,False,Recurring
9519,6819,Starter,0,Cancelled,2024-06-17,2024-07-01,True,Trial
9520,6820,Starter,0,Cancelled,2024-06-17,2024-07-01,True,Trial
9521,6821,Pro,0,Cancelled,2024-06-17,2024-07-01,True,Trial
9522,6822,Pro,0,Cancelled,2024-06-17,2024-07-01,True,Trial
9523,6823,Pro,0,Active,2024-06-17,,True,Trial
9524,6823,Pro,79,Active,2024-12-01,,False,Recurring
9525,6824,Enterprise,0,Cancelled,2024-06-17,2024-07-01,True,Trial
9526,6825,Business,0,Cancelled,2024-06-17,2024-07-01,True,Trial
9527,6826,Pro,0,Cancelled,2024-06-17,2024-07-01,True,Trial
9528,6827,Starter,0,Cancelled,2024-06-17,2024-07-01,True,Trial
9529,6828,Starter,0,Active,2024-06-17,,True,Trial
9530,6828,Starter,29,Active,2024-12-01,,False,Recurring
9531,6829,Starter,0,Active,2024-06-17,,True,Trial
9532,6829,Starter,29,Active,2024-12-01,,False,Recurring
9533,6830,Pro,0,Cancelled,2024-06-17,2024-07-01,True,Trial
9534,6831,Business,0,Cancelled,2024-06-17,2024-07-01,True,Trial
9535,6832,Starter,0,Cancelled,2024-06-17,2024-07-01,True,Trial
9536,6833,Enterprise,0,Cancelled,2024-06-17,2024-07-01,True,Trial
9537,6834,Starter,0,Active,2024-06-17,,True,Trial
9538,6834,Starter,29,Active,2024-12-01,,False,Recurring
9539,6835,Pro,0,Cancelled,2024-06-17,2024-07-01,True,Trial
9540,6836,Pro,0,Cancelled,2024-06-17,2024-07-01,True,Trial
9541,6837,Pro,0,Cancelled,2024-06-18,2024-07-02,True,Trial
9542,6838,Starter,0,Cancelled,2024-06-18,2024-07-02,True,Trial
9543,6839,Starter,0,Cancelled,2024-06-18,2024-07-02,True,Trial
9544,6840,Starter,0,Cancelled,2024-06-18,2024-07-02,True,Trial
9545,6841,Pro,0,Cancelled,2024-06-18,2024-07-02,True,Trial
9546,6842,Business,0,Cancelled,2024-06-18,2024-07-02,True,Trial
9547,6843,Business,0,Cancelled,2024-06-18,2024-07-02,True,Trial
9548,6844,Starter,0,Cancelled,2024-06-18,2024-07-02,True,Trial
9549,6845,Starter,0,Active,2024-06-18,,True,Trial
9550,6845,Starter,29,Active,2024-12-02,,False,Recurring
9551,6846,Pro,0,Active,2024-06-18,,True,Trial
9552,6846,Pro,79,Cancelled,2024-10-02,2024-11-02,False,Churned MRR
9553,6847,Starter,0,Cancelled,2024-06-18,2024-07-02,True,Trial
9554,6848,Enterprise,0,Cancelled,2024-06-18,2024-07-02,True,Trial
9555,6849,Pro,0,Cancelled,2024-06-18,2024-07-02,True,Trial
9556,6850,Business,0,Cancelled,2024-06-18,2024-07-02,True,Trial
9557,6851,Pro,0,Cancelled,2024-06-18,2024-07-02,True,Trial
9558,6852,Business,0,Active,2024-06-18,,True,Trial
9559,6852,Business,199,Active,2024-12-02,,False,Recurring
9560,6853,Enterprise,0,Cancelled,2024-06-18,2024-07-02,True,Trial
9561,6854,Business,0,Cancelled,2024-06-18,2024-07-02,True,Trial
9562,6855,Starter,0,Active,2024-06-18,,True,Trial
9563,6855,Starter,29,Cancelled,2024-09-02,2024-10-02,False,Churned MRR
9564,6856,Starter,0,Cancelled,2024-06-18,2024-07-02,True,Trial
9565,6857,Starter,0,Cancelled,2024-06-18,2024-07-02,True,Trial
9566,6858,Starter,0,Active,2024-06-18,,True,Trial
9567,6858,Starter,29,Active,2024-12-02,,False,Recurring
9568,6859,Pro,0,Cancelled,2024-06-18,2024-07-02,True,Trial
9569,6860,Enterprise,0,Active,2024-06-18,,True,Trial
9570,6860,Enterprise,499,Active,2024-12-02,,False,Recurring
9571,6861,Business,0,Cancelled,2024-06-19,2024-07-03,True,Trial
9572,6862,Business,0,Active,2024-06-19,,True,Trial
9573,6862,Business,199,Downgraded,2024-10-03,2024-11-03,False,Contraction MRR
9574,6862,Pro,79,Cancelled,2024-11-03,2024-12-03,False,Churned MRR
9575,6863,Starter,0,Cancelled,2024-06-19,2024-07-03,True,Trial
9576,6864,Starter,0,Cancelled,2024-06-19,2024-07-03,True,Trial
9577,6865,Business,0,Active,2024-06-19,,True,Trial
9578,6865,Business,199,Active,2024-12-03,,False,Recurring
9579,6866,Pro,0,Cancelled,2024-06-19,2024-07-03,True,Trial
9580,6867,Business,0,Active,2024-06-19,,True,Trial
9581,6867,Business,199,Downgraded,2024-10-03,2024-11-03,False,Contraction MRR
9582,6867,Pro,79,Active,2024-12-03,,False,Recurring
9583,6868,Business,0,Cancelled,2024-06-19,2024-07-03,True,Trial
9584,6869,Pro,0,Active,2024-06-19,,True,Trial
9585,6869,Pro,79,Upgraded,2024-07-03,2024-08-03,False,Expansion MRR
9586,6869,Business,199,Active,2024-12-03,,False,Recurring
9587,6870,Pro,0,Cancelled,2024-06-19,2024-07-03,True,Trial
9588,6871,Starter,0,Cancelled,2024-06-19,2024-07-03,True,Trial
9589,6872,Pro,0,Cancelled,2024-06-19,2024-07-03,True,Trial
9590,6873,Business,0,Cancelled,2024-06-19,2024-07-03,True,Trial
9591,6874,Enterprise,0,Active,2024-06-19,,True,Trial
9592,6874,Enterprise,499,Active,2024-12-03,,False,Recurring
9593,6875,Enterprise,0,Cancelled,2024-06-20,2024-07-04,True,Trial
9594,6876,Pro,0,Active,2024-06-20,,True,Trial
9595,6876,Pro,79,Active,2024-12-04,,False,Recurring
9596,6877,Starter,0,Cancelled,2024-06-20,2024-07-04,True,Trial
9597,6878,Pro,0,Cancelled,2024-06-20,2024-07-04,True,Trial
9598,6879,Pro,0,Cancelled,2024-06-20,2024-07-04,True,Trial
9599,6880,Pro,0,Cancelled,2024-06-20,2024-07-04,True,Trial
9600,6881,Business,0,Active,2024-06-20,,True,Trial
9601,6881,Business,199,Active,2024-12-04,,False,Recurring
9602,6882,Pro,0,Cancelled,2024-06-20,2024-07-04,True,Trial
9603,6883,Starter,0,Cancelled,2024-06-20,2024-07-04,True,Trial
9604,6884,Business,0,Active,2024-06-20,,True,Trial
9605,6884,Business,199,Active,2024-12-04,,False,Recurring
9606,6885,Enterprise,0,Active,2024-06-20,,True,Trial
9607,6885,Enterprise,499,Active,2024-12-04,,False,Recurring
9608,6886,Pro,0,Cancelled,2024-06-20,2024-07-04,True,Trial
9609,6887,Enterprise,0,Cancelled,2024-06-20,2024-07-04,True,Trial
9610,6888,Business,0,Cancelled,2024-06-20,2024-07-04,True,Trial
9611,6889,Enterprise,0,Active,2024-06-20,,True,Trial
9612,6889,Enterprise,499,Active,2024-12-04,,False,Recurring
9613,6890,Starter,0,Cancelled,2024-06-20,2024-07-04,True,Trial
9614,6891,Enterprise,0,Active,2024-06-20,,True,Trial
9615,6891,Enterprise,499,Active,2024-12-04,,False,Recurring
9616,6892,Pro,0,Cancelled,2024-06-20,2024-07-04,True,Trial
9617,6893,Starter,0,Cancelled,2024-06-20,2024-07-04,True,Trial
9618,6894,Pro,0,Cancelled,2024-06-20,2024-07-04,True,Trial
9619,6895,Business,0,Cancelled,2024-06-20,2024-07-04,True,Trial
9620,6896,Enterprise,0,Active,2024-06-20,,True,Trial
9621,6896,Enterprise,499,Downgraded,2024-09-04,2024-10-04,False,Contraction MRR
9622,6896,Business,199,Active,2024-12-04,,False,Recurring
9623,6897,Starter,0,Cancelled,2024-06-20,2024-07-04,True,Trial
9624,6898,Pro,0,Active,2024-06-20,,True,Trial
9625,6898,Pro,79,Cancelled,2024-08-04,2024-09-04,False,Churned MRR
9626,6899,Business,0,Active,2024-06-20,,True,Trial
9627,6899,Business,199,Active,2024-12-04,,False,Recurring
9628,6900,Business,0,Active,2024-06-20,,True,Trial
9629,6900,Business,199,Active,2024-12-04,,False,Recurring
9630,6901,Starter,0,Cancelled,2024-06-20,2024-07-04,True,Trial
9631,6902,Pro,0,Cancelled,2024-06-20,2024-07-04,True,Trial
9632,6903,Enterprise,0,Active,2024-06-20,,True,Trial
9633,6903,Enterprise,499,Active,2024-12-04,,False,Recurring
9634,6904,Starter,0,Cancelled,2024-06-21,2024-07-05,True,Trial
9635,6905,Starter,0,Cancelled,2024-06-21,2024-07-05,True,Trial
9636,6906,Business,0,Cancelled,2024-06-21,2024-07-05,True,Trial
9637,6907,Pro,0,Active,2024-06-21,,True,Trial
9638,6907,Pro,79,Cancelled,2024-08-05,2024-09-05,False,Churned MRR
9639,6908,Starter,0,Active,2024-06-21,,True,Trial
9640,6908,Starter,29,Active,2024-12-05,,False,Recurring
9641,6909,Starter,0,Cancelled,2024-06-21,2024-07-05,True,Trial
9642,6910,Business,0,Active,2024-06-21,,True,Trial
9643,6910,Business,199,Cancelled,2024-07-05,2024-08-05,False,Churned MRR
9644,6911,Starter,0,Cancelled,2024-06-21,2024-07-05,True,Trial
9645,6912,Enterprise,0,Active,2024-06-21,,True,Trial
9646,6912,Enterprise,499,Active,2024-12-05,,False,Recurring
9647,6913,Pro,0,Active,2024-06-21,,True,Trial
9648,6913,Pro,79,Cancelled,2024-07-05,2024-08-05,False,Churned MRR
9649,6914,Enterprise,0,Active,2024-06-21,,True,Trial
9650,6914,Enterprise,499,Active,2024-12-05,,False,Recurring
9651,6915,Starter,0,Cancelled,2024-06-21,2024-07-05,True,Trial
9652,6916,Pro,0,Cancelled,2024-06-21,2024-07-05,True,Trial
9653,6917,Enterprise,0,Active,2024-06-21,,True,Trial
9654,6917,Enterprise,499,Active,2024-12-05,,False,Recurring
9655,6918,Starter,0,Active,2024-06-21,,True,Trial
9656,6918,Starter,29,Cancelled,2024-09-05,2024-10-05,False,Churned MRR
9657,6919,Starter,0,Cancelled,2024-06-21,2024-07-05,True,Trial
9658,6920,Enterprise,0,Cancelled,2024-06-22,2024-07-06,True,Trial
9659,6921,Business,0,Cancelled,2024-06-22,2024-07-06,True,Trial
9660,6922,Starter,0,Cancelled,2024-06-22,2024-07-06,True,Trial
9661,6923,Business,0,Cancelled,2024-06-22,2024-07-06,True,Trial
9662,6924,Starter,0,Cancelled,2024-06-22,2024-07-06,True,Trial
9663,6925,Starter,0,Cancelled,2024-06-22,2024-07-06,True,Trial
9664,6926,Enterprise,0,Active,2024-06-22,,True,Trial
9665,6926,Enterprise,499,Cancelled,2024-11-06,2024-12-06,False,Churned MRR
9666,6927,Starter,0,Cancelled,2024-06-22,2024-07-06,True,Trial
9667,6928,Starter,0,Cancelled,2024-06-22,2024-07-06,True,Trial
9668,6929,Starter,0,Cancelled,2024-06-22,2024-07-06,True,Trial
9669,6930,Pro,0,Cancelled,2024-06-22,2024-07-06,True,Trial
9670,6931,Starter,0,Cancelled,2024-06-22,2024-07-06,True,Trial
9671,6932,Enterprise,0,Cancelled,2024-06-23,2024-07-07,True,Trial
9672,6933,Starter,0,Cancelled,2024-06-23,2024-07-07,True,Trial
9673,6934,Enterprise,0,Cancelled,2024-06-23,2024-07-07,True,Trial
9674,6935,Starter,0,Cancelled,2024-06-23,2024-07-07,True,Trial
9675,6936,Business,0,Cancelled,2024-06-23,2024-07-07,True,Trial
9676,6937,Pro,0,Cancelled,2024-06-23,2024-07-07,True,Trial
9677,6938,Enterprise,0,Active,2024-06-23,,True,Trial
9678,6938,Enterprise,499,Downgraded,2024-09-07,2024-10-07,False,Contraction MRR
9679,6938,Business,199,Active,2024-12-07,,False,Recurring
9680,6939,Enterprise,0,Active,2024-06-23,,True,Trial
9681,6939,Enterprise,499,Active,2024-12-07,,False,Recurring
9682,6940,Pro,0,Active,2024-06-23,,True,Trial
9683,6940,Pro,79,Cancelled,2024-10-07,2024-11-07,False,Churned MRR
9684,6941,Enterprise,0,Active,2024-06-23,,True,Trial
9685,6941,Enterprise,499,Active,2024-12-07,,False,Recurring
9686,6942,Business,0,Cancelled,2024-06-23,2024-07-07,True,Trial
9687,6943,Pro,0,Cancelled,2024-06-23,2024-07-07,True,Trial
9688,6944,Business,0,Cancelled,2024-06-23,2024-07-07,True,Trial
9689,6945,Starter,0,Cancelled,2024-06-23,2024-07-07,True,Trial
9690,6946,Enterprise,0,Active,2024-06-24,,True,Trial
9691,6946,Enterprise,499,Downgraded,2024-12-08,2025-01-08,False,Contraction MRR
9692,6947,Business,0,Active,2024-06-24,,True,Trial
9693,6947,Business,199,Active,2024-12-08,,False,Recurring
9694,6948,Pro,0,Cancelled,2024-06-24,2024-07-08,True,Trial
9695,6949,Starter,0,Cancelled,2024-06-24,2024-07-08,True,Trial
9696,6950,Business,0,Active,2024-06-24,,True,Trial
9697,6950,Business,199,Active,2024-12-08,,False,Recurring
9698,6951,Starter,0,Cancelled,2024-06-24,2024-07-08,True,Trial
9699,6952,Business,0,Cancelled,2024-06-24,2024-07-08,True,Trial
9700,6953,Enterprise,0,Cancelled,2024-06-24,2024-07-08,True,Trial
9701,6954,Enterprise,0,Cancelled,2024-06-24,2024-07-08,True,Trial
9702,6955,Enterprise,0,Active,2024-06-24,,True,Trial
9703,6955,Enterprise,499,Active,2024-12-08,,False,Recurring
9704,6956,Starter,0,Active,2024-06-24,,True,Trial
9705,6956,Starter,29,Active,2024-12-08,,False,Recurring
9706,6957,Pro,0,Cancelled,2024-06-25,2024-07-09,True,Trial
9707,6958,Business,0,Cancelled,2024-06-25,2024-07-09,True,Trial
9708,6959,Starter,0,Active,2024-06-25,,True,Trial
9709,6959,Starter,29,Cancelled,2024-10-09,2024-11-09,False,Churned MRR
9710,6960,Pro,0,Cancelled,2024-06-25,2024-07-09,True,Trial
9711,6961,Starter,0,Cancelled,2024-06-25,2024-07-09,True,Trial
9712,6962,Business,0,Cancelled,2024-06-25,2024-07-09,True,Trial
9713,6963,Pro,0,Cancelled,2024-06-25,2024-07-09,True,Trial
9714,6964,Business,0,Active,2024-06-25,,True,Trial
9715,6964,Business,199,Active,2024-12-09,,False,Recurring
9716,6965,Business,0,Cancelled,2024-06-25,2024-07-09,True,Trial
9717,6966,Starter,0,Cancelled,2024-06-25,2024-07-09,True,Trial
9718,6967,Starter,0,Cancelled,2024-06-25,2024-07-09,True,Trial
9719,6968,Starter,0,Cancelled,2024-06-25,2024-07-09,True,Trial
9720,6969,Enterprise,0,Cancelled,2024-06-25,2024-07-09,True,Trial
9721,6970,Starter,0,Cancelled,2024-06-25,2024-07-09,True,Trial
9722,6971,Business,0,Cancelled,2024-06-25,2024-07-09,True,Trial
9723,6972,Starter,0,Active,2024-06-25,,True,Trial
9724,6972,Starter,29,Active,2024-12-09,,False,Recurring
9725,6973,Business,0,Active,2024-06-25,,True,Trial
9726,6973,Business,199,Active,2024-12-09,,False,Recurring
9727,6974,Enterprise,0,Active,2024-06-26,,True,Trial
9728,6974,Enterprise,499,Downgraded,2024-09-10,2024-10-10,False,Contraction MRR
9729,6974,Business,199,Active,2024-12-10,,False,Recurring
9730,6975,Starter,0,Cancelled,2024-06-26,2024-07-10,True,Trial
9731,6976,Starter,0,Cancelled,2024-06-26,2024-07-10,True,Trial
9732,6977,Starter,0,Cancelled,2024-06-26,2024-07-10,True,Trial
9733,6978,Business,0,Cancelled,2024-06-26,2024-07-10,True,Trial
9734,6979,Enterprise,0,Cancelled,2024-06-26,2024-07-10,True,Trial
9735,6980,Business,0,Cancelled,2024-06-26,2024-07-10,True,Trial
9736,6981,Enterprise,0,Active,2024-06-26,,True,Trial
9737,6981,Enterprise,499,Active,2024-12-10,,False,Recurring
9738,6982,Business,0,Cancelled,2024-06-26,2024-07-10,True,Trial
9739,6983,Enterprise,0,Cancelled,2024-06-26,2024-07-10,True,Trial
9740,6984,Pro,0,Active,2024-06-26,,True,Trial
9741,6984,Pro,79,Active,2024-12-10,,False,Recurring
9742,6985,Pro,0,Cancelled,2024-06-26,2024-07-10,True,Trial
9743,6986,Business,0,Cancelled,2024-06-26,2024-07-10,True,Trial
9744,6987,Business,0,Cancelled,2024-06-26,2024-07-10,True,Trial
9745,6988,Starter,0,Cancelled,2024-06-26,2024-07-10,True,Trial
9746,6989,Starter,0,Cancelled,2024-06-26,2024-07-10,True,Trial
9747,6990,Starter,0,Cancelled,2024-06-26,2024-07-10,True,Trial
9748,6991,Pro,0,Cancelled,2024-06-26,2024-07-10,True,Trial
9749,6992,Starter,0,Cancelled,2024-06-26,2024-07-10,True,Trial
9750,6993,Starter,0,Active,2024-06-26,,True,Trial
9751,6993,Starter,29,Active,2024-12-10,,False,Recurring
9752,6994,Starter,0,Cancelled,2024-06-27,2024-07-11,True,Trial
9753,6995,Pro,0,Active,2024-06-27,,True,Trial
9754,6995,Pro,79,Active,2024-12-11,,False,Recurring
9755,6996,Pro,0,Active,2024-06-27,,True,Trial
9756,6996,Pro,79,Downgraded,2024-08-11,2024-09-11,False,Contraction MRR
9757,6996,Starter,29,Upgraded,2024-10-11,2024-11-11,False,Expansion MRR
9758,6996,Pro,79,Active,2024-12-11,,False,Recurring
9759,6997,Business,0,Cancelled,2024-06-27,2024-07-11,True,Trial
9760,6998,Pro,0,Cancelled,2024-06-27,2024-07-11,True,Trial
9761,6999,Starter,0,Cancelled,2024-06-27,2024-07-11,True,Trial
9762,7000,Enterprise,0,Active,2024-06-27,,True,Trial
9763,7000,Enterprise,499,Active,2024-12-11,,False,Recurring
9764,7001,Pro,0,Cancelled,2024-06-27,2024-07-11,True,Trial
9765,7002,Pro,0,Cancelled,2024-06-27,2024-07-11,True,Trial
9766,7003,Pro,0,Cancelled,2024-06-27,2024-07-11,True,Trial
9767,7004,Starter,0,Active,2024-06-27,,True,Trial
9768,7004,Starter,29,Active,2024-12-11,,False,Recurring
9769,7005,Starter,0,Cancelled,2024-06-27,2024-07-11,True,Trial
9770,7006,Business,0,Cancelled,2024-06-27,2024-07-11,True,Trial
9771,7007,Pro,0,Active,2024-06-27,,True,Trial
9772,7007,Pro,79,Active,2024-12-11,,False,Recurring
9773,7008,Pro,0,Active,2024-06-27,,True,Trial
9774,7008,Pro,79,Active,2024-12-11,,False,Recurring
9775,7009,Pro,0,Cancelled,2024-06-27,2024-07-11,True,Trial
9776,7010,Starter,0,Cancelled,2024-06-27,2024-07-11,True,Trial
9777,7011,Pro,0,Cancelled,2024-06-27,2024-07-11,True,Trial
9778,7012,Pro,0,Cancelled,2024-06-27,2024-07-11,True,Trial
9779,7013,Starter,0,Cancelled,2024-06-27,2024-07-11,True,Trial
9780,7014,Enterprise,0,Active,2024-06-27,,True,Trial
9781,7014,Enterprise,499,Active,2024-12-11,,False,Recurring
9782,7015,Business,0,Active,2024-06-28,,True,Trial
9783,7015,Business,199,Downgraded,2024-08-12,2024-09-12,False,Contraction MRR
9784,7015,Pro,79,Active,2024-12-12,,False,Recurring
9785,7016,Enterprise,0,Active,2024-06-28,,True,Trial
9786,7016,Enterprise,499,Active,2024-12-12,,False,Recurring
9787,7017,Starter,0,Cancelled,2024-06-28,2024-07-12,True,Trial
9788,7018,Pro,0,Cancelled,2024-06-28,2024-07-12,True,Trial
9789,7019,Starter,0,Cancelled,2024-06-28,2024-07-12,True,Trial
9790,7020,Enterprise,0,Active,2024-06-28,,True,Trial
9791,7020,Enterprise,499,Active,2024-12-12,,False,Recurring
9792,7021,Pro,0,Cancelled,2024-06-28,2024-07-12,True,Trial
9793,7022,Business,0,Cancelled,2024-06-28,2024-07-12,True,Trial
9794,7023,Starter,0,Active,2024-06-28,,True,Trial
9795,7023,Starter,29,Active,2024-12-12,,False,Recurring
9796,7024,Enterprise,0,Cancelled,2024-06-28,2024-07-12,True,Trial
9797,7025,Business,0,Cancelled,2024-06-28,2024-07-12,True,Trial
9798,7026,Business,0,Cancelled,2024-06-28,2024-07-12,True,Trial
9799,7027,Business,0,Active,2024-06-28,,True,Trial
9800,7027,Business,199,Active,2024-12-12,,False,Recurring
9801,7028,Pro,0,Active,2024-06-28,,True,Trial
9802,7028,Pro,79,Upgraded,2024-10-12,2024-11-12,False,Expansion MRR
9803,7028,Business,199,Active,2024-12-12,,False,Recurring
9804,7029,Business,0,Cancelled,2024-06-28,2024-07-12,True,Trial
9805,7030,Starter,0,Active,2024-06-28,,True,Trial
9806,7030,Starter,29,Cancelled,2024-12-12,2025-01-01,False,Churned MRR
9807,7031,Starter,0,Cancelled,2024-06-28,2024-07-12,True,Trial
9808,7032,Starter,0,Cancelled,2024-06-28,2024-07-12,True,Trial
9809,7033,Pro,0,Cancelled,2024-06-28,2024-07-12,True,Trial
9810,7034,Enterprise,0,Cancelled,2024-06-28,2024-07-12,True,Trial
9811,7035,Starter,0,Active,2024-06-28,,True,Trial
9812,7035,Starter,29,Cancelled,2024-07-12,2024-08-12,False,Churned MRR
9813,7036,Starter,0,Cancelled,2024-06-28,2024-07-12,True,Trial
9814,7037,Starter,0,Cancelled,2024-06-28,2024-07-12,True,Trial
9815,7038,Business,0,Cancelled,2024-06-29,2024-07-13,True,Trial
9816,7039,Pro,0,Cancelled,2024-06-29,2024-07-13,True,Trial
9817,7040,Enterprise,0,Active,2024-06-29,,True,Trial
9818,7040,Enterprise,499,Active,2024-12-13,,False,Recurring
9819,7041,Business,0,Cancelled,2024-06-29,2024-07-13,True,Trial
9820,7042,Starter,0,Cancelled,2024-06-29,2024-07-13,True,Trial
9821,7043,Starter,0,Cancelled,2024-06-29,2024-07-13,True,Trial
9822,7044,Enterprise,0,Active,2024-06-29,,True,Trial
9823,7044,Enterprise,499,Active,2024-12-13,,False,Recurring
9824,7045,Business,0,Active,2024-06-29,,True,Trial
9825,7045,Business,199,Active,2024-12-13,,False,Recurring
9826,7046,Starter,0,Cancelled,2024-06-29,2024-07-13,True,Trial
9827,7047,Business,0,Cancelled,2024-06-29,2024-07-13,True,Trial
9828,7048,Pro,0,Cancelled,2024-06-29,2024-07-13,True,Trial
9829,7049,Pro,0,Cancelled,2024-06-29,2024-07-13,True,Trial
9830,7050,Enterprise,0,Active,2024-06-29,,True,Trial
9831,7050,Enterprise,499,Downgraded,2024-11-13,2024-12-13,False,Contraction MRR
9832,7050,Business,199,Active,2024-12-13,,False,Contraction MRR
9833,7051,Starter,0,Cancelled,2024-06-29,2024-07-13,True,Trial
9834,7052,Business,0,Cancelled,2024-06-29,2024-07-13,True,Trial
9835,7053,Starter,0,Cancelled,2024-06-29,2024-07-13,True,Trial
9836,7054,Pro,0,Active,2024-06-29,,True,Trial
9837,7054,Pro,79,Active,2024-12-13,,False,Recurring
9838,7055,Pro,0,Active,2024-06-29,,True,Trial
9839,7055,Pro,79,Active,2024-12-13,,False,Recurring
9840,7056,Pro,0,Active,2024-06-29,,True,Trial
9841,7056,Pro,79,Active,2024-12-13,,False,Recurring
9842,7057,Pro,0,Cancelled,2024-06-29,2024-07-13,True,Trial
9843,7058,Business,0,Active,2024-06-30,,True,Trial
9844,7058,Business,199,Active,2024-12-14,,False,Recurring
9845,7059,Starter,0,Active,2024-06-30,,True,Trial
9846,7059,Starter,29,Active,2024-12-14,,False,Recurring
9847,7060,Starter,0,Active,2024-06-30,,True,Trial
9848,7060,Starter,29,Active,2024-12-14,,False,Recurring
9849,7061,Starter,0,Cancelled,2024-06-30,2024-07-14,True,Trial
9850,7062,Business,0,Cancelled,2024-06-30,2024-07-14,True,Trial
9851,7063,Enterprise,0,Cancelled,2024-06-30,2024-07-14,True,Trial
9852,7064,Starter,0,Active,2024-06-30,,True,Trial
9853,7064,Starter,29,Active,2024-12-14,,False,Recurring
9854,7065,Pro,0,Cancelled,2024-06-30,2024-07-14,True,Trial
9855,7066,Business,0,Active,2024-06-30,,True,Trial
9856,7066,Business,199,Active,2024-12-14,,False,Recurring
9857,7067,Starter,0,Cancelled,2024-06-30,2024-07-14,True,Trial
9858,7068,Pro,0,Cancelled,2024-06-30,2024-07-14,True,Trial
9859,7069,Business,0,Active,2024-06-30,,True,Trial
9860,7069,Business,199,Active,2024-12-14,,False,Recurring
9861,7070,Starter,0,Active,2024-06-30,,True,Trial
9862,7070,Starter,29,Upgraded,2024-10-14,2024-11-14,False,Expansion MRR
9863,7070,Pro,79,Active,2024-12-14,,False,Recurring
9864,7071,Pro,0,Cancelled,2024-06-30,2024-07-14,True,Trial
9865,7072,Enterprise,0,Cancelled,2024-06-30,2024-07-14,True,Trial
9866,7073,Pro,0,Cancelled,2024-06-30,2024-07-14,True,Trial
9867,7074,Pro,0,Cancelled,2024-06-30,2024-07-14,True,Trial
9868,7075,Pro,0,Cancelled,2024-06-30,2024-07-14,True,Trial
9869,7076,Pro,0,Cancelled,2024-06-30,2024-07-14,True,Trial
9870,7077,Starter,0,Active,2024-06-30,,True,Trial
9871,7077,Starter,29,Cancelled,2024-08-14,2024-09-14,False,Churned MRR
9872,7078,Pro,0,Active,2024-06-30,,True,Trial
9873,7078,Pro,79,Cancelled,2024-11-14,2024-12-14,False,Churned MRR
9874,7079,Enterprise,0,Active,2024-06-30,,True,Trial
9875,7079,Enterprise,499,Downgraded,2024-08-14,2024-09-14,False,Contraction MRR
9876,7079,Business,199,Active,2024-12-14,,False,Recurring
9877,7080,Business,0,Cancelled,2024-06-30,2024-07-14,True,Trial
9878,7081,Pro,0,Cancelled,2024-06-30,2024-07-14,True,Trial
9879,7082,Pro,0,Active,2024-06-30,,True,Trial
9880,7082,Pro,79,Cancelled,2024-12-14,2025-01-01,False,Churned MRR
9881,7083,Business,0,Active,2024-06-30,,True,Trial
9882,7083,Business,199,Cancelled,2024-07-14,2024-08-14,False,Churned MRR
9883,7084,Enterprise,0,Cancelled,2024-06-30,2024-07-14,True,Trial
9884,7085,Starter,0,Cancelled,2024-06-30,2024-07-14,True,Trial
9885,7086,Enterprise,0,Cancelled,2024-07-01,2024-07-15,True,Trial
9886,7087,Starter,0,Cancelled,2024-07-01,2024-07-15,True,Trial
9887,7088,Starter,0,Active,2024-07-01,,True,Trial
9888,7088,Starter,29,Upgraded,2024-09-15,2024-10-15,False,Expansion MRR
9889,7088,Pro,79,Active,2024-12-15,,False,Recurring
9890,7089,Pro,0,Active,2024-07-01,,True,Trial
9891,7089,Pro,79,Downgraded,2024-12-15,2025-01-15,False,Contraction MRR
9892,7090,Business,0,Cancelled,2024-07-01,2024-07-15,True,Trial
9893,7091,Pro,0,Cancelled,2024-07-01,2024-07-15,True,Trial
9894,7092,Pro,0,Active,2024-07-01,,True,Trial
9895,7092,Pro,79,Active,2024-12-15,,False,Recurring
9896,7093,Starter,0,Cancelled,2024-07-01,2024-07-15,True,Trial
9897,7094,Enterprise,0,Cancelled,2024-07-01,2024-07-15,True,Trial
9898,7095,Starter,0,Cancelled,2024-07-01,2024-07-15,True,Trial
9899,7096,Starter,0,Cancelled,2024-07-01,2024-07-15,True,Trial
9900,7097,Business,0,Cancelled,2024-07-01,2024-07-15,True,Trial
9901,7098,Pro,0,Cancelled,2024-07-01,2024-07-15,True,Trial
9902,7099,Starter,0,Cancelled,2024-07-01,2024-07-15,True,Trial
9903,7100,Business,0,Active,2024-07-01,,True,Trial
9904,7100,Business,199,Downgraded,2024-09-15,2024-10-15,False,Contraction MRR
9905,7100,Pro,79,Active,2024-12-15,,False,Recurring
9906,7101,Starter,0,Active,2024-07-01,,True,Trial
9907,7101,Starter,29,Active,2024-12-15,,False,Recurring
9908,7102,Starter,0,Cancelled,2024-07-01,2024-07-15,True,Trial
9909,7103,Enterprise,0,Active,2024-07-01,,True,Trial
9910,7103,Enterprise,499,Active,2024-12-15,,False,Recurring
9911,7104,Pro,0,Active,2024-07-01,,True,Trial
9912,7104,Pro,79,Active,2024-12-15,,False,Recurring
9913,7105,Starter,0,Cancelled,2024-07-01,2024-07-15,True,Trial
9914,7106,Starter,0,Cancelled,2024-07-01,2024-07-15,True,Trial
9915,7107,Starter,0,Active,2024-07-01,,True,Trial
9916,7107,Starter,29,Active,2024-12-15,,False,Recurring
9917,7108,Pro,0,Cancelled,2024-07-02,2024-07-16,True,Trial
9918,7109,Starter,0,Cancelled,2024-07-02,2024-07-16,True,Trial
9919,7110,Pro,0,Cancelled,2024-07-02,2024-07-16,True,Trial
9920,7111,Pro,0,Cancelled,2024-07-02,2024-07-16,True,Trial
9921,7112,Starter,0,Cancelled,2024-07-02,2024-07-16,True,Trial
9922,7113,Business,0,Active,2024-07-02,,True,Trial
9923,7113,Business,199,Upgraded,2024-11-16,2024-12-16,False,Expansion MRR
9924,7113,Enterprise,499,Active,2024-12-16,,False,Expansion MRR
9925,7114,Pro,0,Cancelled,2024-07-03,2024-07-17,True,Trial
9926,7115,Starter,0,Active,2024-07-03,,True,Trial
9927,7115,Starter,29,Cancelled,2024-08-17,2024-09-17,False,Churned MRR
9928,7116,Enterprise,0,Cancelled,2024-07-03,2024-07-17,True,Trial
9929,7117,Business,0,Active,2024-07-03,,True,Trial
9930,7117,Business,199,Active,2024-12-17,,False,Recurring
9931,7118,Starter,0,Active,2024-07-03,,True,Trial
9932,7118,Starter,29,Active,2024-12-17,,False,Recurring
9933,7119,Business,0,Cancelled,2024-07-03,2024-07-17,True,Trial
9934,7120,Pro,0,Cancelled,2024-07-03,2024-07-17,True,Trial
9935,7121,Pro,0,Cancelled,2024-07-03,2024-07-17,True,Trial
9936,7122,Enterprise,0,Active,2024-07-03,,True,Trial
9937,7122,Enterprise,499,Cancelled,2024-11-17,2024-12-17,False,Churned MRR
9938,7123,Starter,0,Cancelled,2024-07-03,2024-07-17,True,Trial
9939,7124,Pro,0,Active,2024-07-03,,True,Trial
9940,7124,Pro,79,Upgraded,2024-10-17,2024-11-17,False,Expansion MRR
9941,7124,Business,199,Active,2024-12-17,,False,Recurring
9942,7125,Starter,0,Cancelled,2024-07-03,2024-07-17,True,Trial
9943,7126,Starter,0,Cancelled,2024-07-03,2024-07-17,True,Trial
9944,7127,Starter,0,Cancelled,2024-07-03,2024-07-17,True,Trial
9945,7128,Pro,0,Cancelled,2024-07-03,2024-07-17,True,Trial
9946,7129,Business,0,Active,2024-07-03,,True,Trial
9947,7129,Business,199,Cancelled,2024-12-17,2025-01-01,False,Churned MRR
9948,7130,Starter,0,Cancelled,2024-07-03,2024-07-17,True,Trial
9949,7131,Pro,0,Active,2024-07-03,,True,Trial
9950,7131,Pro,79,Cancelled,2024-09-17,2024-10-17,False,Churned MRR
9951,7132,Pro,0,Cancelled,2024-07-04,2024-07-18,True,Trial
9952,7133,Business,0,Cancelled,2024-07-04,2024-07-18,True,Trial
9953,7134,Pro,0,Cancelled,2024-07-04,2024-07-18,True,Trial
9954,7135,Starter,0,Active,2024-07-04,,True,Trial
9955,7135,Starter,29,Active,2024-12-18,,False,Recurring
9956,7136,Pro,0,Cancelled,2024-07-04,2024-07-18,True,Trial
9957,7137,Starter,0,Cancelled,2024-07-04,2024-07-18,True,Trial
9958,7138,Enterprise,0,Active,2024-07-04,,True,Trial
9959,7138,Enterprise,499,Active,2024-12-18,,False,Recurring
9960,7139,Pro,0,Active,2024-07-04,,True,Trial
9961,7139,Pro,79,Upgraded,2024-10-18,2024-11-18,False,Expansion MRR
9962,7139,Business,199,Active,2024-12-18,,False,Recurring
9963,7140,Pro,0,Active,2024-07-04,,True,Trial
9964,7140,Pro,79,Upgraded,2024-11-18,2024-12-18,False,Expansion MRR
9965,7140,Business,199,Active,2024-12-18,,False,Expansion MRR
9966,7141,Pro,0,Cancelled,2024-07-04,2024-07-18,True,Trial
9967,7142,Business,0,Cancelled,2024-07-04,2024-07-18,True,Trial
9968,7143,Business,0,Cancelled,2024-07-04,2024-07-18,True,Trial
9969,7144,Pro,0,Active,2024-07-04,,True,Trial
9970,7144,Pro,79,Active,2024-12-18,,False,Recurring
9971,7145,Pro,0,Cancelled,2024-07-04,2024-07-18,True,Trial
9972,7146,Pro,0,Cancelled,2024-07-04,2024-07-18,True,Trial
9973,7147,Starter,0,Cancelled,2024-07-04,2024-07-18,True,Trial
9974,7148,Starter,0,Cancelled,2024-07-04,2024-07-18,True,Trial
9975,7149,Enterprise,0,Cancelled,2024-07-04,2024-07-18,True,Trial
9976,7150,Business,0,Active,2024-07-04,,True,Trial
9977,7150,Business,199,Active,2024-12-18,,False,Recurring
9978,7151,Business,0,Cancelled,2024-07-04,2024-07-18,True,Trial
9979,7152,Starter,0,Cancelled,2024-07-05,2024-07-19,True,Trial
9980,7153,Pro,0,Cancelled,2024-07-05,2024-07-19,True,Trial
9981,7154,Business,0,Active,2024-07-05,,True,Trial
9982,7154,Business,199,Active,2024-12-19,,False,Recurring
9983,7155,Starter,0,Cancelled,2024-07-05,2024-07-19,True,Trial
9984,7156,Business,0,Cancelled,2024-07-05,2024-07-19,True,Trial
9985,7157,Business,0,Cancelled,2024-07-05,2024-07-19,True,Trial
9986,7158,Starter,0,Cancelled,2024-07-05,2024-07-19,True,Trial
9987,7159,Starter,0,Active,2024-07-05,,True,Trial
9988,7159,Starter,29,Active,2024-12-19,,False,Recurring
9989,7160,Starter,0,Cancelled,2024-07-05,2024-07-19,True,Trial
9990,7161,Pro,0,Active,2024-07-05,,True,Trial
9991,7161,Pro,79,Cancelled,2024-08-19,2024-09-19,False,Churned MRR
9992,7162,Pro,0,Cancelled,2024-07-05,2024-07-19,True,Trial
9993,7163,Pro,0,Active,2024-07-05,,True,Trial
9994,7163,Pro,79,Cancelled,2024-12-19,2025-01-01,False,Churned MRR
9995,7164,Starter,0,Active,2024-07-05,,True,Trial
9996,7164,Starter,29,Upgraded,2024-10-19,2024-11-19,False,Expansion MRR
9997,7164,Pro,79,Active,2024-12-19,,False,Recurring
9998,7165,Enterprise,0,Active,2024-07-05,,True,Trial
9999,7165,Enterprise,499,Active,2024-12-19,,False,Recurring
10000,7166,Enterprise,0,Cancelled,2024-07-06,2024-07-20,True,Trial
10001,7167,Enterprise,0,Cancelled,2024-07-06,2024-07-20,True,Trial
10002,7168,Starter,0,Cancelled,2024-07-06,2024-07-20,True,Trial
10003,7169,Business,0,Cancelled,2024-07-06,2024-07-20,True,Trial
10004,7170,Business,0,Cancelled,2024-07-06,2024-07-20,True,Trial
10005,7171,Starter,0,Cancelled,2024-07-06,2024-07-20,True,Trial
10006,7172,Enterprise,0,Cancelled,2024-07-06,2024-07-20,True,Trial
10007,7173,Business,0,Active,2024-07-06,,True,Trial
10008,7173,Business,199,Upgraded,2024-12-20,2025-01-20,False,Expansion MRR
10009,7174,Starter,0,Active,2024-07-06,,True,Trial
10010,7174,Starter,29,Upgraded,2024-08-20,2024-09-20,False,Expansion MRR
10011,7174,Pro,79,Upgraded,2024-09-20,2024-10-20,False,Expansion MRR
10012,7174,Business,199,Upgraded,2024-11-20,2024-12-20,False,Expansion MRR
10013,7174,Enterprise,499,Active,2024-12-20,,False,Expansion MRR
10014,7175,Starter,0,Cancelled,2024-07-06,2024-07-20,True,Trial
10015,7176,Business,0,Active,2024-07-06,,True,Trial
10016,7176,Business,199,Active,2024-12-20,,False,Recurring
10017,7177,Pro,0,Cancelled,2024-07-06,2024-07-20,True,Trial
10018,7178,Pro,0,Cancelled,2024-07-06,2024-07-20,True,Trial
10019,7179,Business,0,Cancelled,2024-07-06,2024-07-20,True,Trial
10020,7180,Business,0,Cancelled,2024-07-06,2024-07-20,True,Trial
10021,7181,Starter,0,Cancelled,2024-07-06,2024-07-20,True,Trial
10022,7182,Pro,0,Cancelled,2024-07-06,2024-07-20,True,Trial
10023,7183,Pro,0,Active,2024-07-06,,True,Trial
10024,7183,Pro,79,Active,2024-12-20,,False,Recurring
10025,7184,Enterprise,0,Active,2024-07-06,,True,Trial
10026,7184,Enterprise,499,Active,2024-12-20,,False,Recurring
10027,7185,Starter,0,Cancelled,2024-07-06,2024-07-20,True,Trial
10028,7186,Business,0,Cancelled,2024-07-06,2024-07-20,True,Trial
10029,7187,Pro,0,Active,2024-07-06,,True,Trial
10030,7187,Pro,79,Active,2024-12-20,,False,Recurring
10031,7188,Enterprise,0,Cancelled,2024-07-06,2024-07-20,True,Trial
10032,7189,Enterprise,0,Active,2024-07-06,,True,Trial
10033,7189,Enterprise,499,Active,2024-12-20,,False,Recurring
10034,7190,Starter,0,Cancelled,2024-07-07,2024-07-21,True,Trial
10035,7191,Starter,0,Active,2024-07-07,,True,Trial
10036,7191,Starter,29,Active,2024-12-21,,False,Recurring
10037,7192,Starter,0,Active,2024-07-07,,True,Trial
10038,7192,Starter,29,Cancelled,2024-07-21,2024-08-21,False,Churned MRR
10039,7193,Pro,0,Cancelled,2024-07-07,2024-07-21,True,Trial
10040,7194,Starter,0,Cancelled,2024-07-07,2024-07-21,True,Trial
10041,7195,Enterprise,0,Active,2024-07-07,,True,Trial
10042,7195,Enterprise,499,Active,2024-12-21,,False,Recurring
10043,7196,Pro,0,Active,2024-07-07,,True,Trial
10044,7196,Pro,79,Downgraded,2024-07-21,2024-08-21,False,Contraction MRR
10045,7196,Starter,29,Active,2024-12-21,,False,Recurring
10046,7197,Enterprise,0,Cancelled,2024-07-07,2024-07-21,True,Trial
10047,7198,Pro,0,Cancelled,2024-07-07,2024-07-21,True,Trial
10048,7199,Starter,0,Cancelled,2024-07-07,2024-07-21,True,Trial
10049,7200,Business,0,Active,2024-07-07,,True,Trial
10050,7200,Business,199,Active,2024-12-21,,False,Recurring
10051,7201,Business,0,Active,2024-07-07,,True,Trial
10052,7201,Business,199,Cancelled,2024-11-21,2024-12-21,False,Churned MRR
10053,7202,Business,0,Cancelled,2024-07-07,2024-07-21,True,Trial
10054,7203,Starter,0,Active,2024-07-07,,True,Trial
10055,7203,Starter,29,Cancelled,2024-08-21,2024-09-21,False,Churned MRR
10056,7204,Starter,0,Cancelled,2024-07-07,2024-07-21,True,Trial
10057,7205,Starter,0,Cancelled,2024-07-07,2024-07-21,True,Trial
10058,7206,Enterprise,0,Active,2024-07-07,,True,Trial
10059,7206,Enterprise,499,Active,2024-12-21,,False,Recurring
10060,7207,Business,0,Cancelled,2024-07-07,2024-07-21,True,Trial
10061,7208,Pro,0,Active,2024-07-07,,True,Trial
10062,7208,Pro,79,Cancelled,2024-12-21,2025-01-01,False,Churned MRR
10063,7209,Pro,0,Cancelled,2024-07-07,2024-07-21,True,Trial
10064,7210,Pro,0,Cancelled,2024-07-07,2024-07-21,True,Trial
10065,7211,Pro,0,Cancelled,2024-07-08,2024-07-22,True,Trial
10066,7212,Starter,0,Cancelled,2024-07-08,2024-07-22,True,Trial
10067,7213,Pro,0,Cancelled,2024-07-08,2024-07-22,True,Trial
10068,7214,Pro,0,Cancelled,2024-07-08,2024-07-22,True,Trial
10069,7215,Enterprise,0,Active,2024-07-08,,True,Trial
10070,7215,Enterprise,499,Active,2024-12-22,,False,Recurring
10071,7216,Pro,0,Cancelled,2024-07-08,2024-07-22,True,Trial
10072,7217,Starter,0,Cancelled,2024-07-08,2024-07-22,True,Trial
10073,7218,Pro,0,Cancelled,2024-07-08,2024-07-22,True,Trial
10074,7219,Starter,0,Cancelled,2024-07-08,2024-07-22,True,Trial
10075,7220,Enterprise,0,Cancelled,2024-07-08,2024-07-22,True,Trial
10076,7221,Enterprise,0,Active,2024-07-09,,True,Trial
10077,7221,Enterprise,499,Active,2024-12-23,,False,Recurring
10078,7222,Starter,0,Cancelled,2024-07-09,2024-07-23,True,Trial
10079,7223,Starter,0,Cancelled,2024-07-09,2024-07-23,True,Trial
10080,7224,Enterprise,0,Active,2024-07-09,,True,Trial
10081,7224,Enterprise,499,Active,2024-12-23,,False,Recurring
10082,7225,Business,0,Active,2024-07-09,,True,Trial
10083,7225,Business,199,Cancelled,2024-12-23,2025-01-01,False,Churned MRR
10084,7226,Pro,0,Cancelled,2024-07-09,2024-07-23,True,Trial
10085,7227,Starter,0,Cancelled,2024-07-09,2024-07-23,True,Trial
10086,7228,Enterprise,0,Cancelled,2024-07-09,2024-07-23,True,Trial
10087,7229,Starter,0,Cancelled,2024-07-09,2024-07-23,True,Trial
10088,7230,Starter,0,Cancelled,2024-07-09,2024-07-23,True,Trial
10089,7231,Starter,0,Active,2024-07-09,,True,Trial
10090,7231,Starter,29,Cancelled,2024-07-23,2024-08-23,False,Churned MRR
10091,7232,Pro,0,Active,2024-07-09,,True,Trial
10092,7232,Pro,79,Active,2024-12-23,,False,Recurring
10093,7233,Starter,0,Cancelled,2024-07-09,2024-07-23,True,Trial
10094,7234,Starter,0,Active,2024-07-09,,True,Trial
10095,7234,Starter,29,Upgraded,2024-07-23,2024-08-23,False,Expansion MRR
10096,7234,Pro,79,Cancelled,2024-10-23,2024-11-23,False,Churned MRR
10097,7235,Business,0,Cancelled,2024-07-09,2024-07-23,True,Trial
10098,7236,Starter,0,Cancelled,2024-07-10,2024-07-24,True,Trial
10099,7237,Pro,0,Cancelled,2024-07-10,2024-07-24,True,Trial
10100,7238,Starter,0,Active,2024-07-10,,True,Trial
10101,7238,Starter,29,Upgraded,2024-11-24,2024-12-24,False,Expansion MRR
10102,7238,Pro,79,Active,2024-12-24,,False,Expansion MRR
10103,7239,Starter,0,Active,2024-07-10,,True,Trial
10104,7239,Starter,29,Cancelled,2024-12-24,2025-01-01,False,Churned MRR
10105,7240,Pro,0,Cancelled,2024-07-10,2024-07-24,True,Trial
10106,7241,Enterprise,0,Active,2024-07-10,,True,Trial
10107,7241,Enterprise,499,Active,2024-12-24,,False,Recurring
10108,7242,Starter,0,Cancelled,2024-07-10,2024-07-24,True,Trial
10109,7243,Starter,0,Active,2024-07-10,,True,Trial
10110,7243,Starter,29,Active,2024-12-24,,False,Recurring
10111,7244,Starter,0,Cancelled,2024-07-10,2024-07-24,True,Trial
10112,7245,Starter,0,Active,2024-07-10,,True,Trial
10113,7245,Starter,29,Active,2024-12-24,,False,Recurring
10114,7246,Business,0,Cancelled,2024-07-10,2024-07-24,True,Trial
10115,7247,Starter,0,Cancelled,2024-07-10,2024-07-24,True,Trial
10116,7248,Starter,0,Cancelled,2024-07-10,2024-07-24,True,Trial
10117,7249,Starter,0,Cancelled,2024-07-10,2024-07-24,True,Trial
10118,7250,Pro,0,Cancelled,2024-07-10,2024-07-24,True,Trial
10119,7251,Pro,0,Cancelled,2024-07-10,2024-07-24,True,Trial
10120,7252,Business,0,Cancelled,2024-07-10,2024-07-24,True,Trial
10121,7253,Pro,0,Cancelled,2024-07-10,2024-07-24,True,Trial
10122,7254,Pro,0,Cancelled,2024-07-10,2024-07-24,True,Trial
10123,7255,Pro,0,Active,2024-07-10,,True,Trial
10124,7255,Pro,79,Upgraded,2024-10-24,2024-11-24,False,Expansion MRR
10125,7255,Business,199,Active,2024-12-24,,False,Recurring
10126,7256,Business,0,Active,2024-07-10,,True,Trial
10127,7256,Business,199,Active,2024-12-24,,False,Recurring
10128,7257,Starter,0,Cancelled,2024-07-10,2024-07-24,True,Trial
10129,7258,Business,0,Cancelled,2024-07-11,2024-07-25,True,Trial
10130,7259,Pro,0,Active,2024-07-11,,True,Trial
10131,7259,Pro,79,Active,2024-12-25,,False,Recurring
10132,7260,Pro,0,Cancelled,2024-07-11,2024-07-25,True,Trial
10133,7261,Starter,0,Cancelled,2024-07-11,2024-07-25,True,Trial
10134,7262,Pro,0,Cancelled,2024-07-11,2024-07-25,True,Trial
10135,7263,Starter,0,Cancelled,2024-07-11,2024-07-25,True,Trial
10136,7264,Enterprise,0,Cancelled,2024-07-11,2024-07-25,True,Trial
10137,7265,Enterprise,0,Active,2024-07-11,,True,Trial
10138,7265,Enterprise,499,Active,2024-12-25,,False,Recurring
10139,7266,Starter,0,Cancelled,2024-07-11,2024-07-25,True,Trial
10140,7267,Starter,0,Cancelled,2024-07-11,2024-07-25,True,Trial
10141,7268,Pro,0,Cancelled,2024-07-11,2024-07-25,True,Trial
10142,7269,Starter,0,Active,2024-07-11,,True,Trial
10143,7269,Starter,29,Active,2024-12-25,,False,Recurring
10144,7270,Business,0,Active,2024-07-11,,True,Trial
10145,7270,Business,199,Active,2024-12-25,,False,Recurring
10146,7271,Enterprise,0,Cancelled,2024-07-11,2024-07-25,True,Trial
10147,7272,Enterprise,0,Active,2024-07-11,,True,Trial
10148,7272,Enterprise,499,Active,2024-12-25,,False,Recurring
10149,7273,Starter,0,Cancelled,2024-07-11,2024-07-25,True,Trial
10150,7274,Enterprise,0,Active,2024-07-11,,True,Trial
10151,7274,Enterprise,499,Active,2024-12-25,,False,Recurring
10152,7275,Pro,0,Cancelled,2024-07-11,2024-07-25,True,Trial
10153,7276,Starter,0,Cancelled,2024-07-11,2024-07-25,True,Trial
10154,7277,Starter,0,Cancelled,2024-07-12,2024-07-26,True,Trial
10155,7278,Pro,0,Cancelled,2024-07-12,2024-07-26,True,Trial
10156,7279,Enterprise,0,Cancelled,2024-07-12,2024-07-26,True,Trial
10157,7280,Business,0,Cancelled,2024-07-12,2024-07-26,True,Trial
10158,7281,Pro,0,Cancelled,2024-07-12,2024-07-26,True,Trial
10159,7282,Enterprise,0,Active,2024-07-12,,True,Trial
10160,7282,Enterprise,499,Active,2024-12-26,,False,Recurring
10161,7283,Starter,0,Cancelled,2024-07-12,2024-07-26,True,Trial
10162,7284,Enterprise,0,Active,2024-07-12,,True,Trial
10163,7284,Enterprise,499,Downgraded,2024-11-26,2024-12-26,False,Contraction MRR
10164,7284,Business,199,Active,2024-12-26,,False,Contraction MRR
10165,7285,Business,0,Cancelled,2024-07-12,2024-07-26,True,Trial
10166,7286,Business,0,Cancelled,2024-07-12,2024-07-26,True,Trial
10167,7287,Pro,0,Active,2024-07-12,,True,Trial
10168,7287,Pro,79,Upgraded,2024-09-26,2024-10-26,False,Expansion MRR
10169,7287,Business,199,Cancelled,2024-12-26,2025-01-01,False,Churned MRR
10170,7288,Business,0,Cancelled,2024-07-12,2024-07-26,True,Trial
10171,7289,Pro,0,Active,2024-07-12,,True,Trial
10172,7289,Pro,79,Active,2024-12-26,,False,Recurring
10173,7290,Starter,0,Cancelled,2024-07-12,2024-07-26,True,Trial
10174,7291,Starter,0,Cancelled,2024-07-12,2024-07-26,True,Trial
10175,7292,Starter,0,Cancelled,2024-07-12,2024-07-26,True,Trial
10176,7293,Business,0,Cancelled,2024-07-12,2024-07-26,True,Trial
10177,7294,Enterprise,0,Active,2024-07-12,,True,Trial
10178,7294,Enterprise,499,Active,2024-12-26,,False,Recurring
10179,7295,Pro,0,Cancelled,2024-07-12,2024-07-26,True,Trial
10180,7296,Pro,0,Active,2024-07-12,,True,Trial
10181,7296,Pro,79,Active,2024-12-26,,False,Recurring
10182,7297,Starter,0,Active,2024-07-12,,True,Trial
10183,7297,Starter,29,Upgraded,2024-07-26,2024-08-26,False,Expansion MRR
10184,7297,Pro,79,Active,2024-12-26,,False,Recurring
10185,7298,Pro,0,Cancelled,2024-07-13,2024-07-27,True,Trial
10186,7299,Starter,0,Active,2024-07-13,,True,Trial
10187,7299,Starter,29,Upgraded,2024-10-27,2024-11-27,False,Expansion MRR
10188,7299,Pro,79,Cancelled,2024-11-27,2024-12-27,False,Churned MRR
10189,7300,Pro,0,Active,2024-07-13,,True,Trial
10190,7300,Pro,79,Active,2024-12-27,,False,Recurring
10191,7301,Pro,0,Cancelled,2024-07-13,2024-07-27,True,Trial
10192,7302,Enterprise,0,Cancelled,2024-07-13,2024-07-27,True,Trial
10193,7303,Business,0,Cancelled,2024-07-13,2024-07-27,True,Trial
10194,7304,Starter,0,Cancelled,2024-07-13,2024-07-27,True,Trial
10195,7305,Pro,0,Active,2024-07-13,,True,Trial
10196,7305,Pro,79,Upgraded,2024-09-27,2024-10-27,False,Expansion MRR
10197,7305,Business,199,Active,2024-12-27,,False,Recurring
10198,7306,Starter,0,Cancelled,2024-07-13,2024-07-27,True,Trial
10199,7307,Pro,0,Active,2024-07-13,,True,Trial
10200,7307,Pro,79,Upgraded,2024-11-27,2024-12-27,False,Expansion MRR
10201,7307,Business,199,Active,2024-12-27,,False,Expansion MRR
10202,7308,Pro,0,Cancelled,2024-07-13,2024-07-27,True,Trial
10203,7309,Starter,0,Cancelled,2024-07-13,2024-07-27,True,Trial
10204,7310,Starter,0,Cancelled,2024-07-13,2024-07-27,True,Trial
10205,7311,Enterprise,0,Active,2024-07-13,,True,Trial
10206,7311,Enterprise,499,Downgraded,2024-07-27,2024-08-27,False,Contraction MRR
10207,7311,Business,199,Active,2024-12-27,,False,Recurring
10208,7312,Starter,0,Cancelled,2024-07-13,2024-07-27,True,Trial
10209,7313,Starter,0,Active,2024-07-13,,True,Trial
10210,7313,Starter,29,Active,2024-12-27,,False,Recurring
10211,7314,Pro,0,Cancelled,2024-07-13,2024-07-27,True,Trial
10212,7315,Enterprise,0,Active,2024-07-13,,True,Trial
10213,7315,Enterprise,499,Active,2024-12-27,,False,Recurring
10214,7316,Starter,0,Cancelled,2024-07-13,2024-07-27,True,Trial
10215,7317,Pro,0,Cancelled,2024-07-13,2024-07-27,True,Trial
10216,7318,Pro,0,Cancelled,2024-07-13,2024-07-27,True,Trial
10217,7319,Enterprise,0,Active,2024-07-13,,True,Trial
10218,7319,Enterprise,499,Downgraded,2024-09-27,2024-10-27,False,Contraction MRR
10219,7319,Business,199,Cancelled,2024-11-27,2024-12-27,False,Churned MRR
10220,7320,Pro,0,Cancelled,2024-07-13,2024-07-27,True,Trial
10221,7321,Starter,0,Cancelled,2024-07-14,2024-07-28,True,Trial
10222,7322,Starter,0,Cancelled,2024-07-14,2024-07-28,True,Trial
10223,7323,Pro,0,Cancelled,2024-07-14,2024-07-28,True,Trial
10224,7324,Pro,0,Cancelled,2024-07-14,2024-07-28,True,Trial
10225,7325,Pro,0,Active,2024-07-14,,True,Trial
10226,7325,Pro,79,Cancelled,2024-09-28,2024-10-28,False,Churned MRR
10227,7326,Starter,0,Cancelled,2024-07-14,2024-07-28,True,Trial
10228,7327,Starter,0,Cancelled,2024-07-14,2024-07-28,True,Trial
10229,7328,Pro,0,Cancelled,2024-07-14,2024-07-28,True,Trial
10230,7329,Starter,0,Active,2024-07-14,,True,Trial
10231,7329,Starter,29,Active,2024-12-28,,False,Recurring
10232,7330,Pro,0,Cancelled,2024-07-14,2024-07-28,True,Trial
10233,7331,Business,0,Cancelled,2024-07-14,2024-07-28,True,Trial
10234,7332,Starter,0,Cancelled,2024-07-14,2024-07-28,True,Trial
10235,7333,Pro,0,Active,2024-07-14,,True,Trial
10236,7333,Pro,79,Cancelled,2024-11-28,2024-12-28,False,Churned MRR
10237,7334,Enterprise,0,Active,2024-07-14,,True,Trial
10238,7334,Enterprise,499,Cancelled,2024-09-28,2024-10-28,False,Churned MRR
10239,7335,Enterprise,0,Cancelled,2024-07-14,2024-07-28,True,Trial
10240,7336,Starter,0,Cancelled,2024-07-14,2024-07-28,True,Trial
10241,7337,Pro,0,Cancelled,2024-07-15,2024-07-29,True,Trial
10242,7338,Starter,0,Cancelled,2024-07-15,2024-07-29,True,Trial
10243,7339,Pro,0,Active,2024-07-15,,True,Trial
10244,7339,Pro,79,Cancelled,2024-07-29,2024-08-29,False,Churned MRR
10245,7340,Business,0,Active,2024-07-15,,True,Trial
10246,7340,Business,199,Cancelled,2024-11-29,2024-12-29,False,Churned MRR
10247,7341,Business,0,Active,2024-07-15,,True,Trial
10248,7341,Business,199,Active,2024-12-29,,False,Recurring
10249,7342,Business,0,Cancelled,2024-07-15,2024-07-29,True,Trial
10250,7343,Starter,0,Cancelled,2024-07-15,2024-07-29,True,Trial
10251,7344,Pro,0,Cancelled,2024-07-15,2024-07-29,True,Trial
10252,7345,Starter,0,Active,2024-07-15,,True,Trial
10253,7345,Starter,29,Cancelled,2024-08-29,2024-09-29,False,Churned MRR
10254,7346,Starter,0,Active,2024-07-15,,True,Trial
10255,7346,Starter,29,Cancelled,2024-08-29,2024-09-29,False,Churned MRR
10256,7347,Pro,0,Cancelled,2024-07-15,2024-07-29,True,Trial
10257,7348,Business,0,Cancelled,2024-07-15,2024-07-29,True,Trial
10258,7349,Pro,0,Cancelled,2024-07-15,2024-07-29,True,Trial
10259,7350,Pro,0,Cancelled,2024-07-15,2024-07-29,True,Trial
10260,7351,Starter,0,Cancelled,2024-07-15,2024-07-29,True,Trial
10261,7352,Business,0,Cancelled,2024-07-15,2024-07-29,True,Trial
10262,7353,Pro,0,Cancelled,2024-07-15,2024-07-29,True,Trial
10263,7354,Enterprise,0,Active,2024-07-16,,True,Trial
10264,7354,Enterprise,499,Downgraded,2024-08-30,2024-09-30,False,Contraction MRR
10265,7354,Business,199,Active,2024-12-30,,False,Recurring
10266,7355,Starter,0,Cancelled,2024-07-16,2024-07-30,True,Trial
10267,7356,Starter,0,Active,2024-07-16,,True,Trial
10268,7356,Starter,29,Active,2024-12-30,,False,Recurring
10269,7357,Starter,0,Cancelled,2024-07-16,2024-07-30,True,Trial
10270,7358,Pro,0,Cancelled,2024-07-16,2024-07-30,True,Trial
10271,7359,Pro,0,Active,2024-07-16,,True,Trial
10272,7359,Pro,79,Cancelled,2024-07-30,2024-08-30,False,Churned MRR
10273,7360,Starter,0,Cancelled,2024-07-16,2024-07-30,True,Trial
10274,7361,Pro,0,Active,2024-07-16,,True,Trial
10275,7361,Pro,79,Cancelled,2024-12-30,2025-01-01,False,Churned MRR
10276,7362,Business,0,Active,2024-07-16,,True,Trial
10277,7362,Business,199,Active,2024-12-30,,False,Recurring
10278,7363,Enterprise,0,Cancelled,2024-07-16,2024-07-30,True,Trial
10279,7364,Business,0,Active,2024-07-16,,True,Trial
10280,7364,Business,199,Active,2024-12-30,,False,Recurring
10281,7365,Pro,0,Active,2024-07-16,,True,Trial
10282,7365,Pro,79,Active,2024-12-30,,False,Recurring
10283,7366,Starter,0,Cancelled,2024-07-16,2024-07-30,True,Trial
10284,7367,Pro,0,Cancelled,2024-07-16,2024-07-30,True,Trial
10285,7368,Business,0,Cancelled,2024-07-16,2024-07-30,True,Trial
10286,7369,Pro,0,Cancelled,2024-07-16,2024-07-30,True,Trial
10287,7370,Business,0,Active,2024-07-17,,True,Trial
10288,7370,Business,199,Active,2024-12-30,,False,Recurring
10289,7371,Business,0,Active,2024-07-17,,True,Trial
10290,7371,Business,199,Active,2024-12-30,,False,Recurring
10291,7372,Pro,0,Cancelled,2024-07-17,2024-07-31,True,Trial
10292,7373,Pro,0,Active,2024-07-17,,True,Trial
10293,7373,Pro,79,Active,2024-12-30,,False,Recurring
10294,7374,Business,0,Active,2024-07-17,,True,Trial
10295,7374,Business,199,Active,2024-12-30,,False,Recurring
10296,7375,Pro,0,Cancelled,2024-07-17,2024-07-31,True,Trial
10297,7376,Starter,0,Cancelled,2024-07-17,2024-07-31,True,Trial
10298,7377,Enterprise,0,Cancelled,2024-07-17,2024-07-31,True,Trial
10299,7378,Starter,0,Cancelled,2024-07-17,2024-07-31,True,Trial
10300,7379,Business,0,Cancelled,2024-07-17,2024-07-31,True,Trial
10301,7380,Pro,0,Active,2024-07-17,,True,Trial
10302,7380,Pro,79,Active,2024-12-30,,False,Recurring
10303,7381,Starter,0,Active,2024-07-17,,True,Trial
10304,7381,Starter,29,Cancelled,2024-08-31,2024-09-30,False,Churned MRR
10305,7382,Starter,0,Cancelled,2024-07-17,2024-07-31,True,Trial
10306,7383,Enterprise,0,Active,2024-07-17,,True,Trial
10307,7383,Enterprise,499,Downgraded,2024-11-30,2024-12-30,False,Contraction MRR
10308,7383,Business,199,Active,2024-12-30,,False,Contraction MRR
10309,7384,Enterprise,0,Cancelled,2024-07-17,2024-07-31,True,Trial
10310,7385,Starter,0,Cancelled,2024-07-17,2024-07-31,True,Trial
10311,7386,Business,0,Active,2024-07-17,,True,Trial
10312,7386,Business,199,Active,2024-12-30,,False,Recurring
10313,7387,Pro,0,Cancelled,2024-07-17,2024-07-31,True,Trial
10314,7388,Starter,0,Cancelled,2024-07-17,2024-07-31,True,Trial
10315,7389,Business,0,Cancelled,2024-07-17,2024-07-31,True,Trial
10316,7390,Business,0,Cancelled,2024-07-17,2024-07-31,True,Trial
10317,7391,Starter,0,Cancelled,2024-07-18,2024-08-01,True,Trial
10318,7392,Starter,0,Active,2024-07-18,,True,Trial
10319,7392,Starter,29,Active,2024-12-01,,False,Recurring
10320,7393,Starter,0,Cancelled,2024-07-18,2024-08-01,True,Trial
10321,7394,Pro,0,Cancelled,2024-07-18,2024-08-01,True,Trial
10322,7395,Business,0,Cancelled,2024-07-18,2024-08-01,True,Trial
10323,7396,Starter,0,Cancelled,2024-07-18,2024-08-01,True,Trial
10324,7397,Pro,0,Active,2024-07-18,,True,Trial
10325,7397,Pro,79,Active,2024-12-01,,False,Recurring
10326,7398,Business,0,Active,2024-07-18,,True,Trial
10327,7398,Business,199,Cancelled,2024-10-01,2024-11-01,False,Churned MRR
10328,7399,Starter,0,Cancelled,2024-07-18,2024-08-01,True,Trial
10329,7400,Pro,0,Cancelled,2024-07-18,2024-08-01,True,Trial
10330,7401,Enterprise,0,Active,2024-07-18,,True,Trial
10331,7401,Enterprise,499,Active,2024-12-01,,False,Recurring
10332,7402,Starter,0,Cancelled,2024-07-18,2024-08-01,True,Trial
10333,7403,Business,0,Active,2024-07-18,,True,Trial
10334,7403,Business,199,Active,2024-12-01,,False,Recurring
10335,7404,Enterprise,0,Active,2024-07-18,,True,Trial
10336,7404,Enterprise,499,Active,2024-12-01,,False,Recurring
10337,7405,Starter,0,Cancelled,2024-07-18,2024-08-01,True,Trial
10338,7406,Pro,0,Active,2024-07-18,,True,Trial
10339,7406,Pro,79,Downgraded,2024-09-01,2024-10-01,False,Contraction MRR
10340,7406,Starter,29,Active,2024-12-01,,False,Recurring
10341,7407,Starter,0,Cancelled,2024-07-18,2024-08-01,True,Trial
10342,7408,Pro,0,Cancelled,2024-07-18,2024-08-01,True,Trial
10343,7409,Pro,0,Active,2024-07-18,,True,Trial
10344,7409,Pro,79,Upgraded,2024-09-01,2024-10-01,False,Expansion MRR
10345,7409,Business,199,Active,2024-12-01,,False,Recurring
10346,7410,Starter,0,Cancelled,2024-07-19,2024-08-02,True,Trial
10347,7411,Business,0,Cancelled,2024-07-19,2024-08-02,True,Trial
10348,7412,Pro,0,Active,2024-07-19,,True,Trial
10349,7412,Pro,79,Upgraded,2024-08-02,2024-09-02,False,Expansion MRR
10350,7412,Business,199,Active,2024-12-02,,False,Recurring
10351,7413,Starter,0,Cancelled,2024-07-19,2024-08-02,True,Trial
10352,7414,Enterprise,0,Cancelled,2024-07-19,2024-08-02,True,Trial
10353,7415,Pro,0,Active,2024-07-19,,True,Trial
10354,7415,Pro,79,Active,2024-12-02,,False,Recurring
10355,7416,Starter,0,Cancelled,2024-07-19,2024-08-02,True,Trial
10356,7417,Pro,0,Cancelled,2024-07-19,2024-08-02,True,Trial
10357,7418,Enterprise,0,Active,2024-07-19,,True,Trial
10358,7418,Enterprise,499,Active,2024-12-02,,False,Recurring
10359,7419,Business,0,Active,2024-07-19,,True,Trial
10360,7419,Business,199,Active,2024-12-02,,False,Recurring
10361,7420,Pro,0,Cancelled,2024-07-19,2024-08-02,True,Trial
10362,7421,Pro,0,Cancelled,2024-07-19,2024-08-02,True,Trial
10363,7422,Pro,0,Cancelled,2024-07-19,2024-08-02,True,Trial
10364,7423,Pro,0,Cancelled,2024-07-19,2024-08-02,True,Trial
10365,7424,Starter,0,Active,2024-07-19,,True,Trial
10366,7424,Starter,29,Active,2024-12-02,,False,Recurring
10367,7425,Starter,0,Cancelled,2024-07-19,2024-08-02,True,Trial
10368,7426,Enterprise,0,Cancelled,2024-07-19,2024-08-02,True,Trial
10369,7427,Pro,0,Active,2024-07-19,,True,Trial
10370,7427,Pro,79,Cancelled,2024-10-02,2024-11-02,False,Churned MRR
10371,7428,Business,0,Cancelled,2024-07-19,2024-08-02,True,Trial
10372,7429,Business,0,Active,2024-07-19,,True,Trial
10373,7429,Business,199,Active,2024-12-02,,False,Recurring
10374,7430,Starter,0,Cancelled,2024-07-19,2024-08-02,True,Trial
10375,7431,Starter,0,Cancelled,2024-07-19,2024-08-02,True,Trial
10376,7432,Starter,0,Cancelled,2024-07-19,2024-08-02,True,Trial
10377,7433,Pro,0,Cancelled,2024-07-20,2024-08-03,True,Trial
10378,7434,Starter,0,Cancelled,2024-07-20,2024-08-03,True,Trial
10379,7435,Starter,0,Cancelled,2024-07-20,2024-08-03,True,Trial
10380,7436,Starter,0,Active,2024-07-20,,True,Trial
10381,7436,Starter,29,Cancelled,2024-11-03,2024-12-03,False,Churned MRR
10382,7437,Starter,0,Cancelled,2024-07-20,2024-08-03,True,Trial
10383,7438,Starter,0,Active,2024-07-20,,True,Trial
10384,7438,Starter,29,Cancelled,2024-12-03,2025-01-01,False,Churned MRR
10385,7439,Starter,0,Active,2024-07-20,,True,Trial
10386,7439,Starter,29,Active,2024-12-03,,False,Recurring
10387,7440,Pro,0,Active,2024-07-20,,True,Trial
10388,7440,Pro,79,Upgraded,2024-12-03,2025-01-03,False,Expansion MRR
10389,7441,Business,0,Active,2024-07-20,,True,Trial
10390,7441,Business,199,Downgraded,2024-11-03,2024-12-03,False,Contraction MRR
10391,7441,Pro,79,Active,2024-12-03,,False,Contraction MRR
10392,7442,Starter,0,Cancelled,2024-07-20,2024-08-03,True,Trial
10393,7443,Business,0,Cancelled,2024-07-20,2024-08-03,True,Trial
10394,7444,Starter,0,Active,2024-07-20,,True,Trial
10395,7444,Starter,29,Active,2024-12-03,,False,Recurring
10396,7445,Pro,0,Active,2024-07-20,,True,Trial
10397,7445,Pro,79,Active,2024-12-03,,False,Recurring
10398,7446,Starter,0,Active,2024-07-20,,True,Trial
10399,7446,Starter,29,Active,2024-12-03,,False,Recurring
10400,7447,Business,0,Cancelled,2024-07-21,2024-08-04,True,Trial
10401,7448,Enterprise,0,Cancelled,2024-07-21,2024-08-04,True,Trial
10402,7449,Starter,0,Cancelled,2024-07-21,2024-08-04,True,Trial
10403,7450,Business,0,Active,2024-07-21,,True,Trial
10404,7450,Business,199,Downgraded,2024-08-04,2024-09-04,False,Contraction MRR
10405,7450,Pro,79,Upgraded,2024-12-04,2025-01-04,False,Expansion MRR
10406,7451,Starter,0,Cancelled,2024-07-21,2024-08-04,True,Trial
10407,7452,Pro,0,Active,2024-07-21,,True,Trial
10408,7452,Pro,79,Active,2024-12-04,,False,Recurring
10409,7453,Starter,0,Cancelled,2024-07-21,2024-08-04,True,Trial
10410,7454,Pro,0,Active,2024-07-21,,True,Trial
10411,7454,Pro,79,Active,2024-12-04,,False,Recurring
10412,7455,Pro,0,Active,2024-07-21,,True,Trial
10413,7455,Pro,79,Cancelled,2024-08-04,2024-09-04,False,Churned MRR
10414,7456,Enterprise,0,Active,2024-07-21,,True,Trial
10415,7456,Enterprise,499,Active,2024-12-04,,False,Recurring
10416,7457,Starter,0,Cancelled,2024-07-21,2024-08-04,True,Trial
10417,7458,Pro,0,Cancelled,2024-07-21,2024-08-04,True,Trial
10418,7459,Pro,0,Cancelled,2024-07-21,2024-08-04,True,Trial
10419,7460,Pro,0,Cancelled,2024-07-21,2024-08-04,True,Trial
10420,7461,Business,0,Active,2024-07-21,,True,Trial
10421,7461,Business,199,Active,2024-12-04,,False,Recurring
10422,7462,Pro,0,Cancelled,2024-07-21,2024-08-04,True,Trial
10423,7463,Pro,0,Active,2024-07-21,,True,Trial
10424,7463,Pro,79,Active,2024-12-04,,False,Recurring
10425,7464,Pro,0,Cancelled,2024-07-21,2024-08-04,True,Trial
10426,7465,Starter,0,Cancelled,2024-07-21,2024-08-04,True,Trial
10427,7466,Starter,0,Cancelled,2024-07-21,2024-08-04,True,Trial
10428,7467,Starter,0,Cancelled,2024-07-22,2024-08-05,True,Trial
10429,7468,Pro,0,Cancelled,2024-07-22,2024-08-05,True,Trial
10430,7469,Pro,0,Active,2024-07-22,,True,Trial
10431,7469,Pro,79,Active,2024-12-05,,False,Recurring
10432,7470,Enterprise,0,Active,2024-07-22,,True,Trial
10433,7470,Enterprise,499,Active,2024-12-05,,False,Recurring
10434,7471,Business,0,Cancelled,2024-07-22,2024-08-05,True,Trial
10435,7472,Starter,0,Cancelled,2024-07-22,2024-08-05,True,Trial
10436,7473,Starter,0,Cancelled,2024-07-22,2024-08-05,True,Trial
10437,7474,Enterprise,0,Cancelled,2024-07-22,2024-08-05,True,Trial
10438,7475,Business,0,Active,2024-07-22,,True,Trial
10439,7475,Business,199,Active,2024-12-05,,False,Recurring
10440,7476,Business,0,Cancelled,2024-07-22,2024-08-05,True,Trial
10441,7477,Pro,0,Active,2024-07-22,,True,Trial
10442,7477,Pro,79,Downgraded,2024-09-05,2024-10-05,False,Contraction MRR
10443,7477,Starter,29,Cancelled,2024-11-05,2024-12-05,False,Churned MRR
10444,7478,Starter,0,Cancelled,2024-07-22,2024-08-05,True,Trial
10445,7479,Starter,0,Cancelled,2024-07-22,2024-08-05,True,Trial
10446,7480,Pro,0,Cancelled,2024-07-22,2024-08-05,True,Trial
10447,7481,Pro,0,Active,2024-07-22,,True,Trial
10448,7481,Pro,79,Active,2024-12-05,,False,Recurring
10449,7482,Pro,0,Cancelled,2024-07-22,2024-08-05,True,Trial
10450,7483,Starter,0,Active,2024-07-22,,True,Trial
10451,7483,Starter,29,Cancelled,2024-11-05,2024-12-05,False,Churned MRR
10452,7484,Pro,0,Cancelled,2024-07-22,2024-08-05,True,Trial
10453,7485,Enterprise,0,Active,2024-07-22,,True,Trial
10454,7485,Enterprise,499,Active,2024-12-05,,False,Recurring
10455,7486,Business,0,Cancelled,2024-07-22,2024-08-05,True,Trial
10456,7487,Pro,0,Active,2024-07-22,,True,Trial
10457,7487,Pro,79,Cancelled,2024-08-05,2024-09-05,False,Churned MRR
10458,7488,Pro,0,Cancelled,2024-07-22,2024-08-05,True,Trial
10459,7489,Pro,0,Cancelled,2024-07-22,2024-08-05,True,Trial
10460,7490,Business,0,Active,2024-07-22,,True,Trial
10461,7490,Business,199,Active,2024-12-05,,False,Recurring
10462,7491,Enterprise,0,Active,2024-07-22,,True,Trial
10463,7491,Enterprise,499,Active,2024-12-05,,False,Recurring
10464,7492,Enterprise,0,Active,2024-07-22,,True,Trial
10465,7492,Enterprise,499,Active,2024-12-05,,False,Recurring
10466,7493,Business,0,Cancelled,2024-07-23,2024-08-06,True,Trial
10467,7494,Starter,0,Cancelled,2024-07-23,2024-08-06,True,Trial
10468,7495,Starter,0,Cancelled,2024-07-23,2024-08-06,True,Trial
10469,7496,Pro,0,Cancelled,2024-07-23,2024-08-06,True,Trial
10470,7497,Enterprise,0,Active,2024-07-23,,True,Trial
10471,7497,Enterprise,499,Active,2024-12-06,,False,Recurring
10472,7498,Enterprise,0,Cancelled,2024-07-23,2024-08-06,True,Trial
10473,7499,Enterprise,0,Cancelled,2024-07-23,2024-08-06,True,Trial
10474,7500,Enterprise,0,Active,2024-07-23,,True,Trial
10475,7500,Enterprise,499,Active,2024-12-06,,False,Recurring
10476,7501,Pro,0,Cancelled,2024-07-23,2024-08-06,True,Trial
10477,7502,Enterprise,0,Cancelled,2024-07-23,2024-08-06,True,Trial
10478,7503,Pro,0,Cancelled,2024-07-23,2024-08-06,True,Trial
10479,7504,Starter,0,Cancelled,2024-07-23,2024-08-06,True,Trial
10480,7505,Starter,0,Cancelled,2024-07-23,2024-08-06,True,Trial
10481,7506,Starter,0,Cancelled,2024-07-23,2024-08-06,True,Trial
10482,7507,Starter,0,Cancelled,2024-07-24,2024-08-07,True,Trial
10483,7508,Business,0,Cancelled,2024-07-24,2024-08-07,True,Trial
10484,7509,Starter,0,Cancelled,2024-07-24,2024-08-07,True,Trial
10485,7510,Pro,0,Cancelled,2024-07-24,2024-08-07,True,Trial
10486,7511,Pro,0,Cancelled,2024-07-24,2024-08-07,True,Trial
10487,7512,Starter,0,Cancelled,2024-07-24,2024-08-07,True,Trial
10488,7513,Business,0,Active,2024-07-24,,True,Trial
10489,7513,Business,199,Active,2024-12-07,,False,Recurring
10490,7514,Starter,0,Cancelled,2024-07-24,2024-08-07,True,Trial
10491,7515,Pro,0,Cancelled,2024-07-24,2024-08-07,True,Trial
10492,7516,Starter,0,Cancelled,2024-07-24,2024-08-07,True,Trial
10493,7517,Enterprise,0,Cancelled,2024-07-24,2024-08-07,True,Trial
10494,7518,Starter,0,Cancelled,2024-07-24,2024-08-07,True,Trial
10495,7519,Starter,0,Cancelled,2024-07-24,2024-08-07,True,Trial
10496,7520,Starter,0,Cancelled,2024-07-24,2024-08-07,True,Trial
10497,7521,Starter,0,Active,2024-07-24,,True,Trial
10498,7521,Starter,29,Active,2024-12-07,,False,Recurring
10499,7522,Business,0,Cancelled,2024-07-24,2024-08-07,True,Trial
10500,7523,Pro,0,Cancelled,2024-07-24,2024-08-07,True,Trial
10501,7524,Pro,0,Cancelled,2024-07-24,2024-08-07,True,Trial
10502,7525,Starter,0,Active,2024-07-24,,True,Trial
10503,7525,Starter,29,Cancelled,2024-11-07,2024-12-07,False,Churned MRR
10504,7526,Starter,0,Cancelled,2024-07-24,2024-08-07,True,Trial
10505,7527,Starter,0,Cancelled,2024-07-24,2024-08-07,True,Trial
10506,7528,Pro,0,Active,2024-07-24,,True,Trial
10507,7528,Pro,79,Active,2024-12-07,,False,Recurring
10508,7529,Pro,0,Cancelled,2024-07-25,2024-08-08,True,Trial
10509,7530,Starter,0,Active,2024-07-25,,True,Trial
10510,7530,Starter,29,Upgraded,2024-09-08,2024-10-08,False,Expansion MRR
10511,7530,Pro,79,Active,2024-12-08,,False,Recurring
10512,7531,Starter,0,Cancelled,2024-07-25,2024-08-08,True,Trial
10513,7532,Enterprise,0,Active,2024-07-25,,True,Trial
10514,7532,Enterprise,499,Downgraded,2024-09-08,2024-10-08,False,Contraction MRR
10515,7532,Business,199,Downgraded,2024-12-08,2025-01-08,False,Contraction MRR
10516,7533,Pro,0,Active,2024-07-25,,True,Trial
10517,7533,Pro,79,Active,2024-12-08,,False,Recurring
10518,7534,Enterprise,0,Cancelled,2024-07-25,2024-08-08,True,Trial
10519,7535,Business,0,Cancelled,2024-07-25,2024-08-08,True,Trial
10520,7536,Pro,0,Cancelled,2024-07-25,2024-08-08,True,Trial
10521,7537,Starter,0,Cancelled,2024-07-25,2024-08-08,True,Trial
10522,7538,Starter,0,Cancelled,2024-07-25,2024-08-08,True,Trial
10523,7539,Enterprise,0,Cancelled,2024-07-25,2024-08-08,True,Trial
10524,7540,Pro,0,Cancelled,2024-07-25,2024-08-08,True,Trial
10525,7541,Starter,0,Active,2024-07-25,,True,Trial
10526,7541,Starter,29,Cancelled,2024-10-08,2024-11-08,False,Churned MRR
10527,7542,Pro,0,Cancelled,2024-07-25,2024-08-08,True,Trial
10528,7543,Starter,0,Cancelled,2024-07-25,2024-08-08,True,Trial
10529,7544,Pro,0,Active,2024-07-25,,True,Trial
10530,7544,Pro,79,Active,2024-12-08,,False,Recurring
10531,7545,Starter,0,Active,2024-07-25,,True,Trial
10532,7545,Starter,29,Active,2024-12-08,,False,Recurring
10533,7546,Business,0,Active,2024-07-26,,True,Trial
10534,7546,Business,199,Active,2024-12-09,,False,Recurring
10535,7547,Starter,0,Cancelled,2024-07-26,2024-08-09,True,Trial
10536,7548,Starter,0,Cancelled,2024-07-26,2024-08-09,True,Trial
10537,7549,Starter,0,Cancelled,2024-07-26,2024-08-09,True,Trial
10538,7550,Starter,0,Cancelled,2024-07-26,2024-08-09,True,Trial
10539,7551,Pro,0,Cancelled,2024-07-26,2024-08-09,True,Trial
10540,7552,Business,0,Cancelled,2024-07-26,2024-08-09,True,Trial
10541,7553,Pro,0,Cancelled,2024-07-26,2024-08-09,True,Trial
10542,7554,Pro,0,Cancelled,2024-07-26,2024-08-09,True,Trial
10543,7555,Pro,0,Cancelled,2024-07-26,2024-08-09,True,Trial
10544,7556,Business,0,Cancelled,2024-07-26,2024-08-09,True,Trial
10545,7557,Pro,0,Cancelled,2024-07-27,2024-08-10,True,Trial
10546,7558,Business,0,Cancelled,2024-07-27,2024-08-10,True,Trial
10547,7559,Starter,0,Cancelled,2024-07-27,2024-08-10,True,Trial
10548,7560,Starter,0,Active,2024-07-27,,True,Trial
10549,7560,Starter,29,Active,2024-12-10,,False,Recurring
10550,7561,Pro,0,Cancelled,2024-07-27,2024-08-10,True,Trial
10551,7562,Starter,0,Cancelled,2024-07-27,2024-08-10,True,Trial
10552,7563,Starter,0,Active,2024-07-27,,True,Trial
10553,7563,Starter,29,Active,2024-12-10,,False,Recurring
10554,7564,Pro,0,Cancelled,2024-07-27,2024-08-10,True,Trial
10555,7565,Pro,0,Active,2024-07-27,,True,Trial
10556,7565,Pro,79,Active,2024-12-10,,False,Recurring
10557,7566,Pro,0,Cancelled,2024-07-27,2024-08-10,True,Trial
10558,7567,Business,0,Cancelled,2024-07-27,2024-08-10,True,Trial
10559,7568,Pro,0,Cancelled,2024-07-27,2024-08-10,True,Trial
10560,7569,Pro,0,Cancelled,2024-07-27,2024-08-10,True,Trial
10561,7570,Pro,0,Cancelled,2024-07-27,2024-08-10,True,Trial
10562,7571,Enterprise,0,Cancelled,2024-07-27,2024-08-10,True,Trial
10563,7572,Enterprise,0,Cancelled,2024-07-27,2024-08-10,True,Trial
10564,7573,Pro,0,Active,2024-07-27,,True,Trial
10565,7573,Pro,79,Active,2024-12-10,,False,Recurring
10566,7574,Pro,0,Active,2024-07-27,,True,Trial
10567,7574,Pro,79,Active,2024-12-10,,False,Recurring
10568,7575,Enterprise,0,Cancelled,2024-07-27,2024-08-10,True,Trial
10569,7576,Business,0,Active,2024-07-28,,True,Trial
10570,7576,Business,199,Cancelled,2024-08-11,2024-09-11,False,Churned MRR
10571,7577,Starter,0,Cancelled,2024-07-28,2024-08-11,True,Trial
10572,7578,Pro,0,Cancelled,2024-07-28,2024-08-11,True,Trial
10573,7579,Business,0,Active,2024-07-28,,True,Trial
10574,7579,Business,199,Cancelled,2024-09-11,2024-10-11,False,Churned MRR
10575,7580,Starter,0,Cancelled,2024-07-28,2024-08-11,True,Trial
10576,7581,Starter,0,Cancelled,2024-07-28,2024-08-11,True,Trial
10577,7582,Business,0,Active,2024-07-28,,True,Trial
10578,7582,Business,199,Active,2024-12-11,,False,Recurring
10579,7583,Pro,0,Cancelled,2024-07-28,2024-08-11,True,Trial
10580,7584,Starter,0,Cancelled,2024-07-28,2024-08-11,True,Trial
10581,7585,Starter,0,Active,2024-07-28,,True,Trial
10582,7585,Starter,29,Cancelled,2024-09-11,2024-10-11,False,Churned MRR
10583,7586,Pro,0,Cancelled,2024-07-28,2024-08-11,True,Trial
10584,7587,Enterprise,0,Cancelled,2024-07-28,2024-08-11,True,Trial
10585,7588,Pro,0,Cancelled,2024-07-28,2024-08-11,True,Trial
10586,7589,Pro,0,Cancelled,2024-07-28,2024-08-11,True,Trial
10587,7590,Enterprise,0,Active,2024-07-28,,True,Trial
10588,7590,Enterprise,499,Active,2024-12-11,,False,Recurring
10589,7591,Pro,0,Active,2024-07-28,,True,Trial
10590,7591,Pro,79,Downgraded,2024-11-11,2024-12-11,False,Contraction MRR
10591,7591,Starter,29,Active,2024-12-11,,False,Contraction MRR
10592,7592,Enterprise,0,Active,2024-07-28,,True,Trial
10593,7592,Enterprise,499,Active,2024-12-11,,False,Recurring
10594,7593,Pro,0,Cancelled,2024-07-29,2024-08-12,True,Trial
10595,7594,Pro,0,Cancelled,2024-07-29,2024-08-12,True,Trial
10596,7595,Enterprise,0,Active,2024-07-29,,True,Trial
10597,7595,Enterprise,499,Active,2024-12-12,,False,Recurring
10598,7596,Pro,0,Cancelled,2024-07-29,2024-08-12,True,Trial
10599,7597,Starter,0,Active,2024-07-29,,True,Trial
10600,7597,Starter,29,Active,2024-12-12,,False,Recurring
10601,7598,Pro,0,Cancelled,2024-07-29,2024-08-12,True,Trial
10602,7599,Pro,0,Cancelled,2024-07-29,2024-08-12,True,Trial
10603,7600,Enterprise,0,Cancelled,2024-07-29,2024-08-12,True,Trial
10604,7601,Business,0,Cancelled,2024-07-29,2024-08-12,True,Trial
10605,7602,Business,0,Active,2024-07-29,,True,Trial
10606,7602,Business,199,Active,2024-12-12,,False,Recurring
10607,7603,Business,0,Cancelled,2024-07-29,2024-08-12,True,Trial
10608,7604,Pro,0,Cancelled,2024-07-29,2024-08-12,True,Trial
10609,7605,Pro,0,Cancelled,2024-07-29,2024-08-12,True,Trial
10610,7606,Starter,0,Cancelled,2024-07-29,2024-08-12,True,Trial
10611,7607,Pro,0,Active,2024-07-29,,True,Trial
10612,7607,Pro,79,Upgraded,2024-09-12,2024-10-12,False,Expansion MRR
10613,7607,Business,199,Upgraded,2024-12-12,2025-01-12,False,Expansion MRR
10614,7608,Pro,0,Cancelled,2024-07-29,2024-08-12,True,Trial
10615,7609,Pro,0,Active,2024-07-29,,True,Trial
10616,7609,Pro,79,Active,2024-12-12,,False,Recurring
10617,7610,Pro,0,Cancelled,2024-07-29,2024-08-12,True,Trial
10618,7611,Starter,0,Cancelled,2024-07-29,2024-08-12,True,Trial
10619,7612,Starter,0,Cancelled,2024-07-29,2024-08-12,True,Trial
10620,7613,Pro,0,Active,2024-07-29,,True,Trial
10621,7613,Pro,79,Active,2024-12-12,,False,Recurring
10622,7614,Starter,0,Cancelled,2024-07-30,2024-08-13,True,Trial
10623,7615,Starter,0,Cancelled,2024-07-30,2024-08-13,True,Trial
10624,7616,Starter,0,Cancelled,2024-07-30,2024-08-13,True,Trial
10625,7617,Pro,0,Cancelled,2024-07-30,2024-08-13,True,Trial
10626,7618,Pro,0,Cancelled,2024-07-30,2024-08-13,True,Trial
10627,7619,Pro,0,Cancelled,2024-07-30,2024-08-13,True,Trial
10628,7620,Starter,0,Cancelled,2024-07-30,2024-08-13,True,Trial
10629,7621,Starter,0,Cancelled,2024-07-30,2024-08-13,True,Trial
10630,7622,Pro,0,Active,2024-07-30,,True,Trial
10631,7622,Pro,79,Active,2024-12-13,,False,Recurring
10632,7623,Pro,0,Cancelled,2024-07-30,2024-08-13,True,Trial
10633,7624,Pro,0,Cancelled,2024-07-30,2024-08-13,True,Trial
10634,7625,Pro,0,Cancelled,2024-07-30,2024-08-13,True,Trial
10635,7626,Pro,0,Cancelled,2024-07-30,2024-08-13,True,Trial
10636,7627,Pro,0,Cancelled,2024-07-30,2024-08-13,True,Trial
10637,7628,Pro,0,Cancelled,2024-07-30,2024-08-13,True,Trial
10638,7629,Pro,0,Active,2024-07-31,,True,Trial
10639,7629,Pro,79,Active,2024-12-14,,False,Recurring
10640,7630,Pro,0,Cancelled,2024-07-31,2024-08-14,True,Trial
10641,7631,Pro,0,Cancelled,2024-07-31,2024-08-14,True,Trial
10642,7632,Starter,0,Cancelled,2024-07-31,2024-08-14,True,Trial
10643,7633,Enterprise,0,Active,2024-07-31,,True,Trial
10644,7633,Enterprise,499,Active,2024-12-14,,False,Recurring
10645,7634,Pro,0,Cancelled,2024-07-31,2024-08-14,True,Trial
10646,7635,Starter,0,Active,2024-07-31,,True,Trial
10647,7635,Starter,29,Active,2024-12-14,,False,Recurring
10648,7636,Starter,0,Cancelled,2024-07-31,2024-08-14,True,Trial
10649,7637,Business,0,Active,2024-07-31,,True,Trial
10650,7637,Business,199,Upgraded,2024-11-14,2024-12-14,False,Expansion MRR
10651,7637,Enterprise,499,Active,2024-12-14,,False,Expansion MRR
10652,7638,Pro,0,Cancelled,2024-07-31,2024-08-14,True,Trial
10653,7639,Starter,0,Cancelled,2024-07-31,2024-08-14,True,Trial
10654,7640,Enterprise,0,Active,2024-07-31,,True,Trial
10655,7640,Enterprise,499,Active,2024-12-14,,False,Recurring
10656,7641,Pro,0,Cancelled,2024-07-31,2024-08-14,True,Trial
10657,7642,Enterprise,0,Cancelled,2024-07-31,2024-08-14,True,Trial
10658,7643,Business,0,Cancelled,2024-07-31,2024-08-14,True,Trial
10659,7644,Starter,0,Cancelled,2024-07-31,2024-08-14,True,Trial
10660,7645,Business,0,Cancelled,2024-07-31,2024-08-14,True,Trial
10661,7646,Starter,0,Active,2024-07-31,,True,Trial
10662,7646,Starter,29,Active,2024-12-14,,False,Recurring
10663,7647,Starter,0,Cancelled,2024-07-31,2024-08-14,True,Trial
10664,7648,Pro,0,Cancelled,2024-07-31,2024-08-14,True,Trial
10665,7649,Starter,0,Cancelled,2024-07-31,2024-08-14,True,Trial
10666,7650,Business,0,Cancelled,2024-07-31,2024-08-14,True,Trial
10667,7651,Pro,0,Cancelled,2024-07-31,2024-08-14,True,Trial
10668,7652,Starter,0,Cancelled,2024-07-31,2024-08-14,True,Trial
10669,7653,Starter,0,Cancelled,2024-08-01,2024-08-15,True,Trial
10670,7654,Pro,0,Active,2024-08-01,,True,Trial
10671,7654,Pro,79,Upgraded,2024-11-15,2024-12-15,False,Expansion MRR
10672,7654,Business,199,Active,2024-12-15,,False,Expansion MRR
10673,7655,Business,0,Cancelled,2024-08-01,2024-08-15,True,Trial
10674,7656,Starter,0,Cancelled,2024-08-01,2024-08-15,True,Trial
10675,7657,Starter,0,Cancelled,2024-08-01,2024-08-15,True,Trial
10676,7658,Starter,0,Cancelled,2024-08-01,2024-08-15,True,Trial
10677,7659,Pro,0,Active,2024-08-01,,True,Trial
10678,7659,Pro,79,Active,2024-12-15,,False,Recurring
10679,7660,Pro,0,Cancelled,2024-08-01,2024-08-15,True,Trial
10680,7661,Business,0,Cancelled,2024-08-01,2024-08-15,True,Trial
10681,7662,Starter,0,Cancelled,2024-08-01,2024-08-15,True,Trial
10682,7663,Enterprise,0,Cancelled,2024-08-01,2024-08-15,True,Trial
10683,7664,Business,0,Cancelled,2024-08-01,2024-08-15,True,Trial
10684,7665,Starter,0,Active,2024-08-01,,True,Trial
10685,7665,Starter,29,Active,2024-12-15,,False,Recurring
10686,7666,Pro,0,Cancelled,2024-08-01,2024-08-15,True,Trial
10687,7667,Pro,0,Cancelled,2024-08-02,2024-08-16,True,Trial
10688,7668,Pro,0,Active,2024-08-02,,True,Trial
10689,7668,Pro,79,Active,2024-12-16,,False,Recurring
10690,7669,Starter,0,Cancelled,2024-08-02,2024-08-16,True,Trial
10691,7670,Business,0,Cancelled,2024-08-02,2024-08-16,True,Trial
10692,7671,Pro,0,Cancelled,2024-08-02,2024-08-16,True,Trial
10693,7672,Enterprise,0,Cancelled,2024-08-02,2024-08-16,True,Trial
10694,7673,Enterprise,0,Cancelled,2024-08-02,2024-08-16,True,Trial
10695,7674,Enterprise,0,Cancelled,2024-08-02,2024-08-16,True,Trial
10696,7675,Pro,0,Cancelled,2024-08-02,2024-08-16,True,Trial
10697,7676,Business,0,Cancelled,2024-08-02,2024-08-16,True,Trial
10698,7677,Starter,0,Cancelled,2024-08-02,2024-08-16,True,Trial
10699,7678,Starter,0,Active,2024-08-02,,True,Trial
10700,7678,Starter,29,Cancelled,2024-11-16,2024-12-16,False,Churned MRR
10701,7679,Starter,0,Cancelled,2024-08-02,2024-08-16,True,Trial
10702,7680,Starter,0,Cancelled,2024-08-02,2024-08-16,True,Trial
10703,7681,Pro,0,Cancelled,2024-08-02,2024-08-16,True,Trial
10704,7682,Pro,0,Cancelled,2024-08-02,2024-08-16,True,Trial
10705,7683,Business,0,Cancelled,2024-08-02,2024-08-16,True,Trial
10706,7684,Pro,0,Cancelled,2024-08-02,2024-08-16,True,Trial
10707,7685,Starter,0,Cancelled,2024-08-03,2024-08-17,True,Trial
10708,7686,Pro,0,Cancelled,2024-08-03,2024-08-17,True,Trial
10709,7687,Pro,0,Active,2024-08-03,,True,Trial
10710,7687,Pro,79,Active,2024-12-17,,False,Recurring
10711,7688,Starter,0,Cancelled,2024-08-03,2024-08-17,True,Trial
10712,7689,Business,0,Cancelled,2024-08-03,2024-08-17,True,Trial
10713,7690,Starter,0,Cancelled,2024-08-03,2024-08-17,True,Trial
10714,7691,Pro,0,Cancelled,2024-08-03,2024-08-17,True,Trial
10715,7692,Business,0,Cancelled,2024-08-03,2024-08-17,True,Trial
10716,7693,Pro,0,Active,2024-08-03,,True,Trial
10717,7693,Pro,79,Cancelled,2024-12-17,2025-01-01,False,Churned MRR
10718,7694,Starter,0,Cancelled,2024-08-03,2024-08-17,True,Trial
10719,7695,Starter,0,Cancelled,2024-08-03,2024-08-17,True,Trial
10720,7696,Enterprise,0,Active,2024-08-03,,True,Trial
10721,7696,Enterprise,499,Active,2024-12-17,,False,Recurring
10722,7697,Pro,0,Cancelled,2024-08-03,2024-08-17,True,Trial
10723,7698,Enterprise,0,Cancelled,2024-08-03,2024-08-17,True,Trial
10724,7699,Pro,0,Cancelled,2024-08-03,2024-08-17,True,Trial
10725,7700,Pro,0,Cancelled,2024-08-03,2024-08-17,True,Trial
10726,7701,Pro,0,Active,2024-08-03,,True,Trial
10727,7701,Pro,79,Active,2024-12-17,,False,Recurring
10728,7702,Starter,0,Cancelled,2024-08-03,2024-08-17,True,Trial
10729,7703,Starter,0,Active,2024-08-03,,True,Trial
10730,7703,Starter,29,Active,2024-12-17,,False,Recurring
10731,7704,Starter,0,Cancelled,2024-08-03,2024-08-17,True,Trial
10732,7705,Business,0,Cancelled,2024-08-03,2024-08-17,True,Trial
10733,7706,Enterprise,0,Active,2024-08-03,,True,Trial
10734,7706,Enterprise,499,Active,2024-12-17,,False,Recurring
10735,7707,Pro,0,Cancelled,2024-08-03,2024-08-17,True,Trial
10736,7708,Pro,0,Cancelled,2024-08-03,2024-08-17,True,Trial
10737,7709,Pro,0,Cancelled,2024-08-03,2024-08-17,True,Trial
10738,7710,Starter,0,Active,2024-08-03,,True,Trial
10739,7710,Starter,29,Active,2024-12-17,,False,Recurring
10740,7711,Pro,0,Active,2024-08-03,,True,Trial
10741,7711,Pro,79,Active,2024-12-17,,False,Recurring
10742,7712,Starter,0,Cancelled,2024-08-04,2024-08-18,True,Trial
10743,7713,Business,0,Cancelled,2024-08-04,2024-08-18,True,Trial
10744,7714,Starter,0,Cancelled,2024-08-04,2024-08-18,True,Trial
10745,7715,Starter,0,Cancelled,2024-08-04,2024-08-18,True,Trial
10746,7716,Starter,0,Cancelled,2024-08-04,2024-08-18,True,Trial
10747,7717,Pro,0,Cancelled,2024-08-04,2024-08-18,True,Trial
10748,7718,Pro,0,Cancelled,2024-08-04,2024-08-18,True,Trial
10749,7719,Pro,0,Cancelled,2024-08-04,2024-08-18,True,Trial
10750,7720,Enterprise,0,Active,2024-08-04,,True,Trial
10751,7720,Enterprise,499,Active,2024-12-18,,False,Recurring
10752,7721,Starter,0,Cancelled,2024-08-04,2024-08-18,True,Trial
10753,7722,Business,0,Cancelled,2024-08-04,2024-08-18,True,Trial
10754,7723,Business,0,Active,2024-08-04,,True,Trial
10755,7723,Business,199,Downgraded,2024-09-18,2024-10-18,False,Contraction MRR
10756,7723,Pro,79,Active,2024-12-18,,False,Recurring
10757,7724,Business,0,Active,2024-08-04,,True,Trial
10758,7724,Business,199,Active,2024-12-18,,False,Recurring
10759,7725,Business,0,Cancelled,2024-08-04,2024-08-18,True,Trial
10760,7726,Starter,0,Cancelled,2024-08-04,2024-08-18,True,Trial
10761,7727,Starter,0,Cancelled,2024-08-05,2024-08-19,True,Trial
10762,7728,Pro,0,Active,2024-08-05,,True,Trial
10763,7728,Pro,79,Active,2024-12-19,,False,Recurring
10764,7729,Enterprise,0,Active,2024-08-05,,True,Trial
10765,7729,Enterprise,499,Active,2024-12-19,,False,Recurring
10766,7730,Business,0,Cancelled,2024-08-05,2024-08-19,True,Trial
10767,7731,Enterprise,0,Cancelled,2024-08-05,2024-08-19,True,Trial
10768,7732,Starter,0,Active,2024-08-05,,True,Trial
10769,7732,Starter,29,Cancelled,2024-10-19,2024-11-19,False,Churned MRR
10770,7733,Pro,0,Cancelled,2024-08-05,2024-08-19,True,Trial
10771,7734,Business,0,Cancelled,2024-08-05,2024-08-19,True,Trial
10772,7735,Pro,0,Cancelled,2024-08-05,2024-08-19,True,Trial
10773,7736,Pro,0,Cancelled,2024-08-05,2024-08-19,True,Trial
10774,7737,Enterprise,0,Cancelled,2024-08-05,2024-08-19,True,Trial
10775,7738,Enterprise,0,Active,2024-08-05,,True,Trial
10776,7738,Enterprise,499,Active,2024-12-19,,False,Recurring
10777,7739,Business,0,Cancelled,2024-08-05,2024-08-19,True,Trial
10778,7740,Starter,0,Cancelled,2024-08-05,2024-08-19,True,Trial
10779,7741,Pro,0,Cancelled,2024-08-05,2024-08-19,True,Trial
10780,7742,Starter,0,Cancelled,2024-08-05,2024-08-19,True,Trial
10781,7743,Business,0,Cancelled,2024-08-05,2024-08-19,True,Trial
10782,7744,Starter,0,Cancelled,2024-08-05,2024-08-19,True,Trial
10783,7745,Starter,0,Cancelled,2024-08-05,2024-08-19,True,Trial
10784,7746,Starter,0,Cancelled,2024-08-05,2024-08-19,True,Trial
10785,7747,Starter,0,Cancelled,2024-08-05,2024-08-19,True,Trial
10786,7748,Enterprise,0,Cancelled,2024-08-05,2024-08-19,True,Trial
10787,7749,Pro,0,Cancelled,2024-08-06,2024-08-20,True,Trial
10788,7750,Starter,0,Cancelled,2024-08-06,2024-08-20,True,Trial
10789,7751,Enterprise,0,Active,2024-08-06,,True,Trial
10790,7751,Enterprise,499,Active,2024-12-20,,False,Recurring
10791,7752,Business,0,Active,2024-08-06,,True,Trial
10792,7752,Business,199,Active,2024-12-20,,False,Recurring
10793,7753,Business,0,Active,2024-08-06,,True,Trial
10794,7753,Business,199,Cancelled,2024-09-20,2024-10-20,False,Churned MRR
10795,7754,Pro,0,Active,2024-08-06,,True,Trial
10796,7754,Pro,79,Active,2024-12-20,,False,Recurring
10797,7755,Starter,0,Cancelled,2024-08-06,2024-08-20,True,Trial
10798,7756,Enterprise,0,Cancelled,2024-08-06,2024-08-20,True,Trial
10799,7757,Pro,0,Cancelled,2024-08-06,2024-08-20,True,Trial
10800,7758,Business,0,Active,2024-08-06,,True,Trial
10801,7758,Business,199,Downgraded,2024-09-20,2024-10-20,False,Contraction MRR
10802,7758,Pro,79,Active,2024-12-20,,False,Recurring
10803,7759,Pro,0,Active,2024-08-06,,True,Trial
10804,7759,Pro,79,Active,2024-12-20,,False,Recurring
10805,7760,Pro,0,Cancelled,2024-08-06,2024-08-20,True,Trial
10806,7761,Pro,0,Cancelled,2024-08-06,2024-08-20,True,Trial
10807,7762,Business,0,Cancelled,2024-08-06,2024-08-20,True,Trial
10808,7763,Starter,0,Active,2024-08-07,,True,Trial
10809,7763,Starter,29,Upgraded,2024-10-21,2024-11-21,False,Expansion MRR
10810,7763,Pro,79,Active,2024-12-21,,False,Recurring
10811,7764,Business,0,Cancelled,2024-08-07,2024-08-21,True,Trial
10812,7765,Starter,0,Cancelled,2024-08-07,2024-08-21,True,Trial
10813,7766,Pro,0,Active,2024-08-07,,True,Trial
10814,7766,Pro,79,Cancelled,2024-09-21,2024-10-21,False,Churned MRR
10815,7767,Starter,0,Active,2024-08-07,,True,Trial
10816,7767,Starter,29,Active,2024-12-21,,False,Recurring
10817,7768,Business,0,Active,2024-08-07,,True,Trial
10818,7768,Business,199,Upgraded,2024-10-21,2024-11-21,False,Expansion MRR
10819,7768,Enterprise,499,Active,2024-12-21,,False,Recurring
10820,7769,Starter,0,Active,2024-08-07,,True,Trial
10821,7769,Starter,29,Active,2024-12-21,,False,Recurring
10822,7770,Starter,0,Cancelled,2024-08-07,2024-08-21,True,Trial
10823,7771,Starter,0,Cancelled,2024-08-07,2024-08-21,True,Trial
10824,7772,Pro,0,Cancelled,2024-08-07,2024-08-21,True,Trial
10825,7773,Starter,0,Cancelled,2024-08-07,2024-08-21,True,Trial
10826,7774,Pro,0,Cancelled,2024-08-07,2024-08-21,True,Trial
10827,7775,Pro,0,Active,2024-08-07,,True,Trial
10828,7775,Pro,79,Upgraded,2024-12-21,2025-01-21,False,Expansion MRR
10829,7776,Pro,0,Cancelled,2024-08-07,2024-08-21,True,Trial
10830,7777,Business,0,Cancelled,2024-08-07,2024-08-21,True,Trial
10831,7778,Enterprise,0,Active,2024-08-07,,True,Trial
10832,7778,Enterprise,499,Active,2024-12-21,,False,Recurring
10833,7779,Starter,0,Cancelled,2024-08-07,2024-08-21,True,Trial
10834,7780,Starter,0,Cancelled,2024-08-07,2024-08-21,True,Trial
10835,7781,Enterprise,0,Active,2024-08-07,,True,Trial
10836,7781,Enterprise,499,Active,2024-12-21,,False,Recurring
10837,7782,Pro,0,Cancelled,2024-08-07,2024-08-21,True,Trial
10838,7783,Enterprise,0,Active,2024-08-07,,True,Trial
10839,7783,Enterprise,499,Active,2024-12-21,,False,Recurring
10840,7784,Enterprise,0,Cancelled,2024-08-07,2024-08-21,True,Trial
10841,7785,Starter,0,Cancelled,2024-08-07,2024-08-21,True,Trial
10842,7786,Enterprise,0,Cancelled,2024-08-08,2024-08-22,True,Trial
10843,7787,Pro,0,Cancelled,2024-08-08,2024-08-22,True,Trial
10844,7788,Business,0,Cancelled,2024-08-08,2024-08-22,True,Trial
10845,7789,Business,0,Cancelled,2024-08-08,2024-08-22,True,Trial
10846,7790,Starter,0,Cancelled,2024-08-08,2024-08-22,True,Trial
10847,7791,Starter,0,Active,2024-08-08,,True,Trial
10848,7791,Starter,29,Upgraded,2024-09-22,2024-10-22,False,Expansion MRR
10849,7791,Pro,79,Active,2024-12-22,,False,Recurring
10850,7792,Starter,0,Cancelled,2024-08-08,2024-08-22,True,Trial
10851,7793,Starter,0,Cancelled,2024-08-08,2024-08-22,True,Trial
10852,7794,Starter,0,Cancelled,2024-08-08,2024-08-22,True,Trial
10853,7795,Starter,0,Cancelled,2024-08-08,2024-08-22,True,Trial
10854,7796,Enterprise,0,Cancelled,2024-08-08,2024-08-22,True,Trial
10855,7797,Pro,0,Cancelled,2024-08-08,2024-08-22,True,Trial
10856,7798,Pro,0,Active,2024-08-08,,True,Trial
10857,7798,Pro,79,Cancelled,2024-11-22,2024-12-22,False,Churned MRR
10858,7799,Enterprise,0,Cancelled,2024-08-08,2024-08-22,True,Trial
10859,7800,Business,0,Active,2024-08-08,,True,Trial
10860,7800,Business,199,Active,2024-12-22,,False,Recurring
10861,7801,Business,0,Cancelled,2024-08-08,2024-08-22,True,Trial
10862,7802,Starter,0,Cancelled,2024-08-08,2024-08-22,True,Trial
10863,7803,Business,0,Active,2024-08-08,,True,Trial
10864,7803,Business,199,Active,2024-12-22,,False,Recurring
10865,7804,Starter,0,Cancelled,2024-08-08,2024-08-22,True,Trial
10866,7805,Business,0,Active,2024-08-08,,True,Trial
10867,7805,Business,199,Cancelled,2024-10-22,2024-11-22,False,Churned MRR
10868,7806,Starter,0,Cancelled,2024-08-08,2024-08-22,True,Trial
10869,7807,Pro,0,Cancelled,2024-08-08,2024-08-22,True,Trial
10870,7808,Starter,0,Cancelled,2024-08-08,2024-08-22,True,Trial
10871,7809,Enterprise,0,Cancelled,2024-08-09,2024-08-23,True,Trial
10872,7810,Pro,0,Cancelled,2024-08-09,2024-08-23,True,Trial
10873,7811,Pro,0,Cancelled,2024-08-09,2024-08-23,True,Trial
10874,7812,Starter,0,Cancelled,2024-08-09,2024-08-23,True,Trial
10875,7813,Starter,0,Cancelled,2024-08-09,2024-08-23,True,Trial
10876,7814,Pro,0,Cancelled,2024-08-09,2024-08-23,True,Trial
10877,7815,Pro,0,Cancelled,2024-08-09,2024-08-23,True,Trial
10878,7816,Starter,0,Cancelled,2024-08-09,2024-08-23,True,Trial
10879,7817,Starter,0,Cancelled,2024-08-09,2024-08-23,True,Trial
10880,7818,Starter,0,Cancelled,2024-08-09,2024-08-23,True,Trial
10881,7819,Enterprise,0,Cancelled,2024-08-09,2024-08-23,True,Trial
10882,7820,Starter,0,Cancelled,2024-08-09,2024-08-23,True,Trial
10883,7821,Starter,0,Cancelled,2024-08-09,2024-08-23,True,Trial
10884,7822,Pro,0,Cancelled,2024-08-09,2024-08-23,True,Trial
10885,7823,Starter,0,Cancelled,2024-08-09,2024-08-23,True,Trial
10886,7824,Pro,0,Cancelled,2024-08-10,2024-08-24,True,Trial
10887,7825,Starter,0,Active,2024-08-10,,True,Trial
10888,7825,Starter,29,Cancelled,2024-08-24,2024-09-24,False,Churned MRR
10889,7826,Enterprise,0,Active,2024-08-10,,True,Trial
10890,7826,Enterprise,499,Active,2024-12-24,,False,Recurring
10891,7827,Starter,0,Active,2024-08-10,,True,Trial
10892,7827,Starter,29,Cancelled,2024-09-24,2024-10-24,False,Churned MRR
10893,7828,Pro,0,Cancelled,2024-08-10,2024-08-24,True,Trial
10894,7829,Starter,0,Active,2024-08-10,,True,Trial
10895,7829,Starter,29,Active,2024-12-24,,False,Recurring
10896,7830,Business,0,Cancelled,2024-08-10,2024-08-24,True,Trial
10897,7831,Starter,0,Cancelled,2024-08-10,2024-08-24,True,Trial
10898,7832,Business,0,Cancelled,2024-08-10,2024-08-24,True,Trial
10899,7833,Starter,0,Cancelled,2024-08-10,2024-08-24,True,Trial
10900,7834,Pro,0,Cancelled,2024-08-10,2024-08-24,True,Trial
10901,7835,Starter,0,Active,2024-08-10,,True,Trial
10902,7835,Starter,29,Cancelled,2024-12-24,2025-01-01,False,Churned MRR
10903,7836,Starter,0,Cancelled,2024-08-10,2024-08-24,True,Trial
10904,7837,Starter,0,Cancelled,2024-08-10,2024-08-24,True,Trial
10905,7838,Starter,0,Active,2024-08-10,,True,Trial
10906,7838,Starter,29,Active,2024-12-24,,False,Recurring
10907,7839,Enterprise,0,Active,2024-08-10,,True,Trial
10908,7839,Enterprise,499,Active,2024-12-24,,False,Recurring
10909,7840,Business,0,Cancelled,2024-08-10,2024-08-24,True,Trial
10910,7841,Pro,0,Cancelled,2024-08-10,2024-08-24,True,Trial
10911,7842,Business,0,Cancelled,2024-08-10,2024-08-24,True,Trial
10912,7843,Starter,0,Cancelled,2024-08-10,2024-08-24,True,Trial
10913,7844,Pro,0,Cancelled,2024-08-11,2024-08-25,True,Trial
10914,7845,Business,0,Cancelled,2024-08-11,2024-08-25,True,Trial
10915,7846,Starter,0,Cancelled,2024-08-11,2024-08-25,True,Trial
10916,7847,Starter,0,Cancelled,2024-08-11,2024-08-25,True,Trial
10917,7848,Enterprise,0,Active,2024-08-11,,True,Trial
10918,7848,Enterprise,499,Downgraded,2024-08-25,2024-09-25,False,Contraction MRR
10919,7848,Business,199,Active,2024-12-25,,False,Recurring
10920,7849,Starter,0,Cancelled,2024-08-11,2024-08-25,True,Trial
10921,7850,Enterprise,0,Cancelled,2024-08-11,2024-08-25,True,Trial
10922,7851,Starter,0,Active,2024-08-11,,True,Trial
10923,7851,Starter,29,Active,2024-12-25,,False,Recurring
10924,7852,Pro,0,Cancelled,2024-08-11,2024-08-25,True,Trial
10925,7853,Pro,0,Cancelled,2024-08-11,2024-08-25,True,Trial
10926,7854,Business,0,Active,2024-08-12,,True,Trial
10927,7854,Business,199,Active,2024-12-26,,False,Recurring
10928,7855,Starter,0,Active,2024-08-12,,True,Trial
10929,7855,Starter,29,Cancelled,2024-10-26,2024-11-26,False,Churned MRR
10930,7856,Business,0,Active,2024-08-12,,True,Trial
10931,7856,Business,199,Active,2024-12-26,,False,Recurring
10932,7857,Starter,0,Cancelled,2024-08-12,2024-08-26,True,Trial
10933,7858,Business,0,Cancelled,2024-08-12,2024-08-26,True,Trial
10934,7859,Business,0,Active,2024-08-12,,True,Trial
10935,7859,Business,199,Active,2024-12-26,,False,Recurring
10936,7860,Enterprise,0,Cancelled,2024-08-12,2024-08-26,True,Trial
10937,7861,Business,0,Active,2024-08-12,,True,Trial
10938,7861,Business,199,Active,2024-12-26,,False,Recurring
10939,7862,Pro,0,Cancelled,2024-08-12,2024-08-26,True,Trial
10940,7863,Pro,0,Cancelled,2024-08-12,2024-08-26,True,Trial
10941,7864,Business,0,Cancelled,2024-08-12,2024-08-26,True,Trial
10942,7865,Starter,0,Cancelled,2024-08-12,2024-08-26,True,Trial
10943,7866,Enterprise,0,Active,2024-08-12,,True,Trial
10944,7866,Enterprise,499,Active,2024-12-26,,False,Recurring
10945,7867,Starter,0,Cancelled,2024-08-12,2024-08-26,True,Trial
10946,7868,Pro,0,Cancelled,2024-08-12,2024-08-26,True,Trial
10947,7869,Pro,0,Cancelled,2024-08-12,2024-08-26,True,Trial
10948,7870,Pro,0,Cancelled,2024-08-12,2024-08-26,True,Trial
10949,7871,Enterprise,0,Active,2024-08-12,,True,Trial
10950,7871,Enterprise,499,Active,2024-12-26,,False,Recurring
10951,7872,Starter,0,Active,2024-08-12,,True,Trial
10952,7872,Starter,29,Active,2024-12-26,,False,Recurring
10953,7873,Starter,0,Active,2024-08-12,,True,Trial
10954,7873,Starter,29,Cancelled,2024-11-26,2024-12-26,False,Churned MRR
10955,7874,Pro,0,Cancelled,2024-08-12,2024-08-26,True,Trial
10956,7875,Starter,0,Cancelled,2024-08-12,2024-08-26,True,Trial
10957,7876,Business,0,Cancelled,2024-08-12,2024-08-26,True,Trial
10958,7877,Enterprise,0,Cancelled,2024-08-13,2024-08-27,True,Trial
10959,7878,Starter,0,Cancelled,2024-08-13,2024-08-27,True,Trial
10960,7879,Business,0,Cancelled,2024-08-13,2024-08-27,True,Trial
10961,7880,Starter,0,Cancelled,2024-08-13,2024-08-27,True,Trial
10962,7881,Pro,0,Cancelled,2024-08-13,2024-08-27,True,Trial
10963,7882,Business,0,Cancelled,2024-08-13,2024-08-27,True,Trial
10964,7883,Enterprise,0,Cancelled,2024-08-13,2024-08-27,True,Trial
10965,7884,Business,0,Cancelled,2024-08-13,2024-08-27,True,Trial
10966,7885,Pro,0,Cancelled,2024-08-13,2024-08-27,True,Trial
10967,7886,Starter,0,Active,2024-08-13,,True,Trial
10968,7886,Starter,29,Active,2024-12-27,,False,Recurring
10969,7887,Pro,0,Cancelled,2024-08-13,2024-08-27,True,Trial
10970,7888,Starter,0,Cancelled,2024-08-13,2024-08-27,True,Trial
10971,7889,Enterprise,0,Active,2024-08-13,,True,Trial
10972,7889,Enterprise,499,Active,2024-12-27,,False,Recurring
10973,7890,Starter,0,Cancelled,2024-08-13,2024-08-27,True,Trial
10974,7891,Enterprise,0,Active,2024-08-13,,True,Trial
10975,7891,Enterprise,499,Active,2024-12-27,,False,Recurring
10976,7892,Pro,0,Active,2024-08-13,,True,Trial
10977,7892,Pro,79,Active,2024-12-27,,False,Recurring
10978,7893,Pro,0,Cancelled,2024-08-13,2024-08-27,True,Trial
10979,7894,Pro,0,Active,2024-08-13,,True,Trial
10980,7894,Pro,79,Upgraded,2024-09-27,2024-10-27,False,Expansion MRR
10981,7894,Business,199,Upgraded,2024-11-27,2024-12-27,False,Expansion MRR
10982,7894,Enterprise,499,Active,2024-12-27,,False,Expansion MRR
10983,7895,Pro,0,Cancelled,2024-08-13,2024-08-27,True,Trial
10984,7896,Pro,0,Cancelled,2024-08-13,2024-08-27,True,Trial
10985,7897,Pro,0,Cancelled,2024-08-13,2024-08-27,True,Trial
10986,7898,Enterprise,0,Cancelled,2024-08-13,2024-08-27,True,Trial
10987,7899,Starter,0,Cancelled,2024-08-13,2024-08-27,True,Trial
10988,7900,Starter,0,Cancelled,2024-08-14,2024-08-28,True,Trial
10989,7901,Enterprise,0,Active,2024-08-14,,True,Trial
10990,7901,Enterprise,499,Active,2024-12-28,,False,Recurring
10991,7902,Starter,0,Cancelled,2024-08-14,2024-08-28,True,Trial
10992,7903,Starter,0,Cancelled,2024-08-14,2024-08-28,True,Trial
10993,7904,Business,0,Cancelled,2024-08-14,2024-08-28,True,Trial
10994,7905,Pro,0,Cancelled,2024-08-14,2024-08-28,True,Trial
10995,7906,Enterprise,0,Cancelled,2024-08-14,2024-08-28,True,Trial
10996,7907,Pro,0,Cancelled,2024-08-14,2024-08-28,True,Trial
10997,7908,Starter,0,Cancelled,2024-08-14,2024-08-28,True,Trial
10998,7909,Starter,0,Cancelled,2024-08-14,2024-08-28,True,Trial
10999,7910,Enterprise,0,Cancelled,2024-08-14,2024-08-28,True,Trial
11000,7911,Starter,0,Cancelled,2024-08-14,2024-08-28,True,Trial
11001,7912,Enterprise,0,Cancelled,2024-08-14,2024-08-28,True,Trial
11002,7913,Starter,0,Cancelled,2024-08-14,2024-08-28,True,Trial
11003,7914,Starter,0,Active,2024-08-14,,True,Trial
11004,7914,Starter,29,Active,2024-12-28,,False,Recurring
11005,7915,Starter,0,Cancelled,2024-08-14,2024-08-28,True,Trial
11006,7916,Enterprise,0,Cancelled,2024-08-14,2024-08-28,True,Trial
11007,7917,Starter,0,Active,2024-08-15,,True,Trial
11008,7917,Starter,29,Active,2024-12-29,,False,Recurring
11009,7918,Enterprise,0,Cancelled,2024-08-15,2024-08-29,True,Trial
11010,7919,Business,0,Active,2024-08-15,,True,Trial
11011,7919,Business,199,Active,2024-12-29,,False,Recurring
11012,7920,Starter,0,Cancelled,2024-08-15,2024-08-29,True,Trial
11013,7921,Starter,0,Cancelled,2024-08-15,2024-08-29,True,Trial
11014,7922,Starter,0,Active,2024-08-15,,True,Trial
11015,7922,Starter,29,Active,2024-12-29,,False,Recurring
11016,7923,Pro,0,Active,2024-08-15,,True,Trial
11017,7923,Pro,79,Active,2024-12-29,,False,Recurring
11018,7924,Enterprise,0,Active,2024-08-15,,True,Trial
11019,7924,Enterprise,499,Active,2024-12-29,,False,Recurring
11020,7925,Business,0,Cancelled,2024-08-15,2024-08-29,True,Trial
11021,7926,Starter,0,Cancelled,2024-08-15,2024-08-29,True,Trial
11022,7927,Enterprise,0,Active,2024-08-15,,True,Trial
11023,7927,Enterprise,499,Active,2024-12-29,,False,Recurring
11024,7928,Starter,0,Cancelled,2024-08-15,2024-08-29,True,Trial
11025,7929,Starter,0,Cancelled,2024-08-15,2024-08-29,True,Trial
11026,7930,Pro,0,Active,2024-08-16,,True,Trial
11027,7930,Pro,79,Downgraded,2024-09-30,2024-10-30,False,Contraction MRR
11028,7930,Starter,29,Active,2024-12-30,,False,Recurring
11029,7931,Pro,0,Active,2024-08-16,,True,Trial
11030,7931,Pro,79,Active,2024-12-30,,False,Recurring
11031,7932,Starter,0,Active,2024-08-16,,True,Trial
11032,7932,Starter,29,Cancelled,2024-09-30,2024-10-30,False,Churned MRR
11033,7933,Starter,0,Active,2024-08-16,,True,Trial
11034,7933,Starter,29,Active,2024-12-30,,False,Recurring
11035,7934,Starter,0,Active,2024-08-16,,True,Trial
11036,7934,Starter,29,Active,2024-12-30,,False,Recurring
11037,7935,Starter,0,Cancelled,2024-08-16,2024-08-30,True,Trial
11038,7936,Starter,0,Cancelled,2024-08-16,2024-08-30,True,Trial
11039,7937,Pro,0,Cancelled,2024-08-16,2024-08-30,True,Trial
11040,7938,Pro,0,Cancelled,2024-08-16,2024-08-30,True,Trial
11041,7939,Starter,0,Active,2024-08-16,,True,Trial
11042,7939,Starter,29,Upgraded,2024-09-30,2024-10-30,False,Expansion MRR
11043,7939,Pro,79,Cancelled,2024-11-30,2024-12-30,False,Churned MRR
11044,7940,Enterprise,0,Cancelled,2024-08-16,2024-08-30,True,Trial
11045,7941,Pro,0,Cancelled,2024-08-16,2024-08-30,True,Trial
11046,7942,Pro,0,Cancelled,2024-08-16,2024-08-30,True,Trial
11047,7943,Business,0,Active,2024-08-16,,True,Trial
11048,7943,Business,199,Upgraded,2024-11-30,2024-12-30,False,Expansion MRR
11049,7943,Enterprise,499,Active,2024-12-30,,False,Expansion MRR
11050,7944,Pro,0,Cancelled,2024-08-16,2024-08-30,True,Trial
11051,7945,Pro,0,Cancelled,2024-08-16,2024-08-30,True,Trial
11052,7946,Business,0,Active,2024-08-17,,True,Trial
11053,7946,Business,199,Active,2024-12-30,,False,Recurring
11054,7947,Starter,0,Cancelled,2024-08-17,2024-08-31,True,Trial
11055,7948,Enterprise,0,Active,2024-08-17,,True,Trial
11056,7948,Enterprise,499,Cancelled,2024-12-30,2025-01-01,False,Churned MRR
11057,7949,Business,0,Cancelled,2024-08-17,2024-08-31,True,Trial
11058,7950,Pro,0,Active,2024-08-17,,True,Trial
11059,7950,Pro,79,Active,2024-12-30,,False,Recurring
11060,7951,Business,0,Cancelled,2024-08-17,2024-08-31,True,Trial
11061,7952,Starter,0,Active,2024-08-17,,True,Trial
11062,7952,Starter,29,Cancelled,2024-11-30,2024-12-30,False,Churned MRR
11063,7953,Starter,0,Cancelled,2024-08-17,2024-08-31,True,Trial
11064,7954,Enterprise,0,Active,2024-08-17,,True,Trial
11065,7954,Enterprise,499,Active,2024-12-30,,False,Recurring
11066,7955,Pro,0,Active,2024-08-17,,True,Trial
11067,7955,Pro,79,Active,2024-12-30,,False,Recurring
11068,7956,Enterprise,0,Active,2024-08-17,,True,Trial
11069,7956,Enterprise,499,Active,2024-12-30,,False,Recurring
11070,7957,Business,0,Cancelled,2024-08-17,2024-08-31,True,Trial
11071,7958,Starter,0,Cancelled,2024-08-17,2024-08-31,True,Trial
11072,7959,Business,0,Cancelled,2024-08-17,2024-08-31,True,Trial
11073,7960,Pro,0,Cancelled,2024-08-17,2024-08-31,True,Trial
11074,7961,Starter,0,Cancelled,2024-08-18,2024-09-01,True,Trial
11075,7962,Pro,0,Cancelled,2024-08-18,2024-09-01,True,Trial
11076,7963,Starter,0,Cancelled,2024-08-18,2024-09-01,True,Trial
11077,7964,Starter,0,Cancelled,2024-08-18,2024-09-01,True,Trial
11078,7965,Starter,0,Cancelled,2024-08-18,2024-09-01,True,Trial
11079,7966,Pro,0,Cancelled,2024-08-18,2024-09-01,True,Trial
11080,7967,Starter,0,Cancelled,2024-08-18,2024-09-01,True,Trial
11081,7968,Pro,0,Cancelled,2024-08-18,2024-09-01,True,Trial
11082,7969,Enterprise,0,Active,2024-08-18,,True,Trial
11083,7969,Enterprise,499,Active,2024-12-01,,False,Recurring
11084,7970,Enterprise,0,Active,2024-08-18,,True,Trial
11085,7970,Enterprise,499,Active,2024-12-01,,False,Recurring
11086,7971,Enterprise,0,Cancelled,2024-08-18,2024-09-01,True,Trial
11087,7972,Enterprise,0,Active,2024-08-18,,True,Trial
11088,7972,Enterprise,499,Active,2024-12-01,,False,Recurring
11089,7973,Enterprise,0,Cancelled,2024-08-18,2024-09-01,True,Trial
11090,7974,Starter,0,Cancelled,2024-08-18,2024-09-01,True,Trial
11091,7975,Pro,0,Active,2024-08-18,,True,Trial
11092,7975,Pro,79,Active,2024-12-01,,False,Recurring
11093,7976,Business,0,Active,2024-08-18,,True,Trial
11094,7976,Business,199,Active,2024-12-01,,False,Recurring
11095,7977,Pro,0,Cancelled,2024-08-18,2024-09-01,True,Trial
11096,7978,Business,0,Active,2024-08-18,,True,Trial
11097,7978,Business,199,Active,2024-12-01,,False,Recurring
11098,7979,Pro,0,Cancelled,2024-08-18,2024-09-01,True,Trial
11099,7980,Enterprise,0,Cancelled,2024-08-19,2024-09-02,True,Trial
11100,7981,Pro,0,Cancelled,2024-08-19,2024-09-02,True,Trial
11101,7982,Starter,0,Cancelled,2024-08-19,2024-09-02,True,Trial
11102,7983,Pro,0,Cancelled,2024-08-19,2024-09-02,True,Trial
11103,7984,Enterprise,0,Cancelled,2024-08-19,2024-09-02,True,Trial
11104,7985,Business,0,Cancelled,2024-08-19,2024-09-02,True,Trial
11105,7986,Pro,0,Active,2024-08-19,,True,Trial
11106,7986,Pro,79,Downgraded,2024-11-02,2024-12-02,False,Contraction MRR
11107,7986,Starter,29,Active,2024-12-02,,False,Contraction MRR
11108,7987,Pro,0,Active,2024-08-19,,True,Trial
11109,7987,Pro,79,Cancelled,2024-09-02,2024-10-02,False,Churned MRR
11110,7988,Starter,0,Active,2024-08-19,,True,Trial
11111,7988,Starter,29,Upgraded,2024-10-02,2024-11-02,False,Expansion MRR
11112,7988,Pro,79,Active,2024-12-02,,False,Recurring
11113,7989,Business,0,Active,2024-08-19,,True,Trial
11114,7989,Business,199,Active,2024-12-02,,False,Recurring
11115,7990,Pro,0,Active,2024-08-19,,True,Trial
11116,7990,Pro,79,Cancelled,2024-09-02,2024-10-02,False,Churned MRR
11117,7991,Starter,0,Cancelled,2024-08-19,2024-09-02,True,Trial
11118,7992,Enterprise,0,Active,2024-08-19,,True,Trial
11119,7992,Enterprise,499,Active,2024-12-02,,False,Recurring
11120,7993,Pro,0,Cancelled,2024-08-19,2024-09-02,True,Trial
11121,7994,Starter,0,Cancelled,2024-08-19,2024-09-02,True,Trial
11122,7995,Pro,0,Cancelled,2024-08-19,2024-09-02,True,Trial
11123,7996,Pro,0,Cancelled,2024-08-19,2024-09-02,True,Trial
11124,7997,Business,0,Cancelled,2024-08-19,2024-09-02,True,Trial
11125,7998,Pro,0,Cancelled,2024-08-19,2024-09-02,True,Trial
11126,7999,Pro,0,Active,2024-08-19,,True,Trial
11127,7999,Pro,79,Active,2024-12-02,,False,Recurring
11128,8000,Pro,0,Cancelled,2024-08-19,2024-09-02,True,Trial
11129,8001,Starter,0,Active,2024-08-19,,True,Trial
11130,8001,Starter,29,Upgraded,2024-12-02,2025-01-02,False,Expansion MRR
11131,8002,Starter,0,Active,2024-08-19,,True,Trial
11132,8002,Starter,29,Active,2024-12-02,,False,Recurring
11133,8003,Business,0,Cancelled,2024-08-20,2024-09-03,True,Trial
11134,8004,Pro,0,Cancelled,2024-08-20,2024-09-03,True,Trial
11135,8005,Enterprise,0,Active,2024-08-20,,True,Trial
11136,8005,Enterprise,499,Active,2024-12-03,,False,Recurring
11137,8006,Pro,0,Active,2024-08-20,,True,Trial
11138,8006,Pro,79,Cancelled,2024-10-03,2024-11-03,False,Churned MRR
11139,8007,Starter,0,Cancelled,2024-08-20,2024-09-03,True,Trial
11140,8008,Pro,0,Cancelled,2024-08-20,2024-09-03,True,Trial
11141,8009,Starter,0,Cancelled,2024-08-20,2024-09-03,True,Trial
11142,8010,Business,0,Cancelled,2024-08-20,2024-09-03,True,Trial
11143,8011,Pro,0,Cancelled,2024-08-20,2024-09-03,True,Trial
11144,8012,Starter,0,Cancelled,2024-08-20,2024-09-03,True,Trial
11145,8013,Pro,0,Active,2024-08-20,,True,Trial
11146,8013,Pro,79,Active,2024-12-03,,False,Recurring
11147,8014,Pro,0,Active,2024-08-20,,True,Trial
11148,8014,Pro,79,Active,2024-12-03,,False,Recurring
11149,8015,Enterprise,0,Cancelled,2024-08-20,2024-09-03,True,Trial
11150,8016,Enterprise,0,Cancelled,2024-08-20,2024-09-03,True,Trial
11151,8017,Starter,0,Cancelled,2024-08-20,2024-09-03,True,Trial
11152,8018,Starter,0,Cancelled,2024-08-20,2024-09-03,True,Trial
11153,8019,Starter,0,Cancelled,2024-08-20,2024-09-03,True,Trial
11154,8020,Enterprise,0,Cancelled,2024-08-20,2024-09-03,True,Trial
11155,8021,Enterprise,0,Cancelled,2024-08-20,2024-09-03,True,Trial
11156,8022,Business,0,Cancelled,2024-08-20,2024-09-03,True,Trial
11157,8023,Starter,0,Cancelled,2024-08-21,2024-09-04,True,Trial
11158,8024,Business,0,Active,2024-08-21,,True,Trial
11159,8024,Business,199,Active,2024-12-04,,False,Recurring
11160,8025,Starter,0,Cancelled,2024-08-21,2024-09-04,True,Trial
11161,8026,Pro,0,Cancelled,2024-08-21,2024-09-04,True,Trial
11162,8027,Business,0,Cancelled,2024-08-21,2024-09-04,True,Trial
11163,8028,Enterprise,0,Cancelled,2024-08-21,2024-09-04,True,Trial
11164,8029,Enterprise,0,Active,2024-08-21,,True,Trial
11165,8029,Enterprise,499,Active,2024-12-04,,False,Recurring
11166,8030,Starter,0,Cancelled,2024-08-21,2024-09-04,True,Trial
11167,8031,Pro,0,Cancelled,2024-08-21,2024-09-04,True,Trial
11168,8032,Starter,0,Cancelled,2024-08-21,2024-09-04,True,Trial
11169,8033,Starter,0,Cancelled,2024-08-21,2024-09-04,True,Trial
11170,8034,Starter,0,Cancelled,2024-08-21,2024-09-04,True,Trial
11171,8035,Business,0,Active,2024-08-21,,True,Trial
11172,8035,Business,199,Active,2024-12-04,,False,Recurring
11173,8036,Starter,0,Cancelled,2024-08-21,2024-09-04,True,Trial
11174,8037,Enterprise,0,Cancelled,2024-08-21,2024-09-04,True,Trial
11175,8038,Starter,0,Active,2024-08-21,,True,Trial
11176,8038,Starter,29,Active,2024-12-04,,False,Recurring
11177,8039,Starter,0,Cancelled,2024-08-21,2024-09-04,True,Trial
11178,8040,Starter,0,Cancelled,2024-08-21,2024-09-04,True,Trial
11179,8041,Pro,0,Cancelled,2024-08-21,2024-09-04,True,Trial
11180,8042,Starter,0,Cancelled,2024-08-21,2024-09-04,True,Trial
11181,8043,Enterprise,0,Active,2024-08-22,,True,Trial
11182,8043,Enterprise,499,Active,2024-12-05,,False,Recurring
11183,8044,Starter,0,Cancelled,2024-08-22,2024-09-05,True,Trial
11184,8045,Starter,0,Cancelled,2024-08-22,2024-09-05,True,Trial
11185,8046,Pro,0,Cancelled,2024-08-22,2024-09-05,True,Trial
11186,8047,Pro,0,Cancelled,2024-08-22,2024-09-05,True,Trial
11187,8048,Starter,0,Cancelled,2024-08-22,2024-09-05,True,Trial
11188,8049,Starter,0,Cancelled,2024-08-22,2024-09-05,True,Trial
11189,8050,Enterprise,0,Cancelled,2024-08-22,2024-09-05,True,Trial
11190,8051,Pro,0,Cancelled,2024-08-22,2024-09-05,True,Trial
11191,8052,Pro,0,Active,2024-08-22,,True,Trial
11192,8052,Pro,79,Active,2024-12-05,,False,Recurring
11193,8053,Business,0,Active,2024-08-22,,True,Trial
11194,8053,Business,199,Active,2024-12-05,,False,Recurring
11195,8054,Pro,0,Active,2024-08-22,,True,Trial
11196,8054,Pro,79,Cancelled,2024-11-05,2024-12-05,False,Churned MRR
11197,8055,Starter,0,Cancelled,2024-08-22,2024-09-05,True,Trial
11198,8056,Starter,0,Active,2024-08-22,,True,Trial
11199,8056,Starter,29,Cancelled,2024-10-05,2024-11-05,False,Churned MRR
11200,8057,Pro,0,Cancelled,2024-08-22,2024-09-05,True,Trial
11201,8058,Starter,0,Cancelled,2024-08-22,2024-09-05,True,Trial
11202,8059,Business,0,Cancelled,2024-08-22,2024-09-05,True,Trial
11203,8060,Starter,0,Active,2024-08-22,,True,Trial
11204,8060,Starter,29,Cancelled,2024-12-05,2025-01-01,False,Churned MRR
11205,8061,Pro,0,Cancelled,2024-08-22,2024-09-05,True,Trial
11206,8062,Starter,0,Active,2024-08-23,,True,Trial
11207,8062,Starter,29,Cancelled,2024-10-06,2024-11-06,False,Churned MRR
11208,8063,Business,0,Cancelled,2024-08-23,2024-09-06,True,Trial
11209,8064,Enterprise,0,Cancelled,2024-08-23,2024-09-06,True,Trial
11210,8065,Starter,0,Cancelled,2024-08-23,2024-09-06,True,Trial
11211,8066,Business,0,Cancelled,2024-08-23,2024-09-06,True,Trial
11212,8067,Enterprise,0,Active,2024-08-23,,True,Trial
11213,8067,Enterprise,499,Active,2024-12-06,,False,Recurring
11214,8068,Pro,0,Cancelled,2024-08-23,2024-09-06,True,Trial
11215,8069,Enterprise,0,Active,2024-08-23,,True,Trial
11216,8069,Enterprise,499,Active,2024-12-06,,False,Recurring
11217,8070,Starter,0,Cancelled,2024-08-23,2024-09-06,True,Trial
11218,8071,Starter,0,Cancelled,2024-08-23,2024-09-06,True,Trial
11219,8072,Pro,0,Cancelled,2024-08-23,2024-09-06,True,Trial
11220,8073,Pro,0,Active,2024-08-23,,True,Trial
11221,8073,Pro,79,Upgraded,2024-12-06,2025-01-06,False,Expansion MRR
11222,8074,Pro,0,Cancelled,2024-08-23,2024-09-06,True,Trial
11223,8075,Enterprise,0,Active,2024-08-23,,True,Trial
11224,8075,Enterprise,499,Active,2024-12-06,,False,Recurring
11225,8076,Business,0,Cancelled,2024-08-23,2024-09-06,True,Trial
11226,8077,Business,0,Cancelled,2024-08-23,2024-09-06,True,Trial
11227,8078,Pro,0,Cancelled,2024-08-23,2024-09-06,True,Trial
11228,8079,Pro,0,Cancelled,2024-08-23,2024-09-06,True,Trial
11229,8080,Starter,0,Cancelled,2024-08-23,2024-09-06,True,Trial
11230,8081,Business,0,Cancelled,2024-08-23,2024-09-06,True,Trial
11231,8082,Pro,0,Cancelled,2024-08-23,2024-09-06,True,Trial
11232,8083,Pro,0,Active,2024-08-23,,True,Trial
11233,8083,Pro,79,Active,2024-12-06,,False,Recurring
11234,8084,Pro,0,Cancelled,2024-08-23,2024-09-06,True,Trial
11235,8085,Pro,0,Cancelled,2024-08-23,2024-09-06,True,Trial
11236,8086,Pro,0,Cancelled,2024-08-23,2024-09-06,True,Trial
11237,8087,Pro,0,Cancelled,2024-08-23,2024-09-06,True,Trial
11238,8088,Starter,0,Cancelled,2024-08-23,2024-09-06,True,Trial
11239,8089,Business,0,Cancelled,2024-08-23,2024-09-06,True,Trial
11240,8090,Business,0,Cancelled,2024-08-23,2024-09-06,True,Trial
11241,8091,Business,0,Active,2024-08-23,,True,Trial
11242,8091,Business,199,Active,2024-12-06,,False,Recurring
11243,8092,Pro,0,Cancelled,2024-08-23,2024-09-06,True,Trial
11244,8093,Starter,0,Active,2024-08-23,,True,Trial
11245,8093,Starter,29,Upgraded,2024-12-06,2025-01-06,False,Expansion MRR
11246,8094,Business,0,Cancelled,2024-08-23,2024-09-06,True,Trial
11247,8095,Starter,0,Cancelled,2024-08-23,2024-09-06,True,Trial
11248,8096,Pro,0,Active,2024-08-23,,True,Trial
11249,8096,Pro,79,Cancelled,2024-11-06,2024-12-06,False,Churned MRR
11250,8097,Business,0,Active,2024-08-23,,True,Trial
11251,8097,Business,199,Downgraded,2024-12-06,2025-01-06,False,Contraction MRR
11252,8098,Pro,0,Cancelled,2024-08-23,2024-09-06,True,Trial
11253,8099,Pro,0,Cancelled,2024-08-23,2024-09-06,True,Trial
11254,8100,Starter,0,Cancelled,2024-08-24,2024-09-07,True,Trial
11255,8101,Pro,0,Cancelled,2024-08-24,2024-09-07,True,Trial
11256,8102,Starter,0,Active,2024-08-24,,True,Trial
11257,8102,Starter,29,Active,2024-12-07,,False,Recurring
11258,8103,Starter,0,Cancelled,2024-08-24,2024-09-07,True,Trial
11259,8104,Starter,0,Cancelled,2024-08-24,2024-09-07,True,Trial
11260,8105,Enterprise,0,Cancelled,2024-08-24,2024-09-07,True,Trial
11261,8106,Enterprise,0,Active,2024-08-24,,True,Trial
11262,8106,Enterprise,499,Cancelled,2024-11-07,2024-12-07,False,Churned MRR
11263,8107,Business,0,Cancelled,2024-08-24,2024-09-07,True,Trial
11264,8108,Starter,0,Active,2024-08-24,,True,Trial
11265,8108,Starter,29,Upgraded,2024-10-07,2024-11-07,False,Expansion MRR
11266,8108,Pro,79,Active,2024-12-07,,False,Recurring
11267,8109,Business,0,Cancelled,2024-08-24,2024-09-07,True,Trial
11268,8110,Starter,0,Cancelled,2024-08-24,2024-09-07,True,Trial
11269,8111,Business,0,Cancelled,2024-08-24,2024-09-07,True,Trial
11270,8112,Starter,0,Cancelled,2024-08-24,2024-09-07,True,Trial
11271,8113,Business,0,Cancelled,2024-08-24,2024-09-07,True,Trial
11272,8114,Pro,0,Cancelled,2024-08-24,2024-09-07,True,Trial
11273,8115,Starter,0,Active,2024-08-24,,True,Trial
11274,8115,Starter,29,Active,2024-12-07,,False,Recurring
11275,8116,Starter,0,Cancelled,2024-08-24,2024-09-07,True,Trial
11276,8117,Starter,0,Cancelled,2024-08-24,2024-09-07,True,Trial
11277,8118,Starter,0,Cancelled,2024-08-24,2024-09-07,True,Trial
11278,8119,Business,0,Cancelled,2024-08-24,2024-09-07,True,Trial
11279,8120,Starter,0,Cancelled,2024-08-24,2024-09-07,True,Trial
11280,8121,Pro,0,Cancelled,2024-08-24,2024-09-07,True,Trial
11281,8122,Starter,0,Active,2024-08-24,,True,Trial
11282,8122,Starter,29,Active,2024-12-07,,False,Recurring
11283,8123,Starter,0,Cancelled,2024-08-24,2024-09-07,True,Trial
11284,8124,Enterprise,0,Active,2024-08-24,,True,Trial
11285,8124,Enterprise,499,Active,2024-12-07,,False,Recurring
11286,8125,Pro,0,Cancelled,2024-08-24,2024-09-07,True,Trial
11287,8126,Starter,0,Cancelled,2024-08-25,2024-09-08,True,Trial
11288,8127,Starter,0,Cancelled,2024-08-25,2024-09-08,True,Trial
11289,8128,Pro,0,Active,2024-08-25,,True,Trial
11290,8128,Pro,79,Active,2024-12-08,,False,Recurring
11291,8129,Business,0,Active,2024-08-25,,True,Trial
11292,8129,Business,199,Active,2024-12-08,,False,Recurring
11293,8130,Business,0,Cancelled,2024-08-25,2024-09-08,True,Trial
11294,8131,Starter,0,Cancelled,2024-08-25,2024-09-08,True,Trial
11295,8132,Starter,0,Cancelled,2024-08-25,2024-09-08,True,Trial
11296,8133,Business,0,Cancelled,2024-08-25,2024-09-08,True,Trial
11297,8134,Starter,0,Cancelled,2024-08-25,2024-09-08,True,Trial
11298,8135,Starter,0,Active,2024-08-25,,True,Trial
11299,8135,Starter,29,Active,2024-12-08,,False,Recurring
11300,8136,Enterprise,0,Cancelled,2024-08-25,2024-09-08,True,Trial
11301,8137,Pro,0,Active,2024-08-25,,True,Trial
11302,8137,Pro,79,Active,2024-12-08,,False,Recurring
11303,8138,Starter,0,Active,2024-08-25,,True,Trial
11304,8138,Starter,29,Active,2024-12-08,,False,Recurring
11305,8139,Pro,0,Active,2024-08-25,,True,Trial
11306,8139,Pro,79,Active,2024-12-08,,False,Recurring
11307,8140,Enterprise,0,Cancelled,2024-08-25,2024-09-08,True,Trial
11308,8141,Business,0,Active,2024-08-25,,True,Trial
11309,8141,Business,199,Active,2024-12-08,,False,Recurring
11310,8142,Starter,0,Cancelled,2024-08-25,2024-09-08,True,Trial
11311,8143,Pro,0,Cancelled,2024-08-25,2024-09-08,True,Trial
11312,8144,Pro,0,Cancelled,2024-08-25,2024-09-08,True,Trial
11313,8145,Business,0,Cancelled,2024-08-25,2024-09-08,True,Trial
11314,8146,Enterprise,0,Cancelled,2024-08-25,2024-09-08,True,Trial
11315,8147,Pro,0,Cancelled,2024-08-25,2024-09-08,True,Trial
11316,8148,Starter,0,Cancelled,2024-08-26,2024-09-09,True,Trial
11317,8149,Business,0,Cancelled,2024-08-26,2024-09-09,True,Trial
11318,8150,Enterprise,0,Cancelled,2024-08-26,2024-09-09,True,Trial
11319,8151,Enterprise,0,Cancelled,2024-08-26,2024-09-09,True,Trial
11320,8152,Enterprise,0,Cancelled,2024-08-26,2024-09-09,True,Trial
11321,8153,Enterprise,0,Active,2024-08-26,,True,Trial
11322,8153,Enterprise,499,Downgraded,2024-12-09,2025-01-09,False,Contraction MRR
11323,8154,Pro,0,Cancelled,2024-08-26,2024-09-09,True,Trial
11324,8155,Starter,0,Cancelled,2024-08-26,2024-09-09,True,Trial
11325,8156,Business,0,Cancelled,2024-08-26,2024-09-09,True,Trial
11326,8157,Starter,0,Cancelled,2024-08-26,2024-09-09,True,Trial
11327,8158,Starter,0,Active,2024-08-26,,True,Trial
11328,8158,Starter,29,Cancelled,2024-09-09,2024-10-09,False,Churned MRR
11329,8159,Business,0,Cancelled,2024-08-26,2024-09-09,True,Trial
11330,8160,Pro,0,Active,2024-08-26,,True,Trial
11331,8160,Pro,79,Active,2024-12-09,,False,Recurring
11332,8161,Starter,0,Cancelled,2024-08-26,2024-09-09,True,Trial
11333,8162,Starter,0,Cancelled,2024-08-26,2024-09-09,True,Trial
11334,8163,Starter,0,Cancelled,2024-08-26,2024-09-09,True,Trial
11335,8164,Starter,0,Cancelled,2024-08-26,2024-09-09,True,Trial
11336,8165,Starter,0,Cancelled,2024-08-26,2024-09-09,True,Trial
11337,8166,Pro,0,Active,2024-08-26,,True,Trial
11338,8166,Pro,79,Upgraded,2024-09-09,2024-10-09,False,Expansion MRR
11339,8166,Business,199,Active,2024-12-09,,False,Recurring
11340,8167,Starter,0,Cancelled,2024-08-26,2024-09-09,True,Trial
11341,8168,Business,0,Active,2024-08-26,,True,Trial
11342,8168,Business,199,Active,2024-12-09,,False,Recurring
11343,8169,Pro,0,Active,2024-08-26,,True,Trial
11344,8169,Pro,79,Active,2024-12-09,,False,Recurring
11345,8170,Pro,0,Cancelled,2024-08-26,2024-09-09,True,Trial
11346,8171,Business,0,Cancelled,2024-08-26,2024-09-09,True,Trial
11347,8172,Business,0,Active,2024-08-26,,True,Trial
11348,8172,Business,199,Active,2024-12-09,,False,Recurring
11349,8173,Starter,0,Active,2024-08-26,,True,Trial
11350,8173,Starter,29,Cancelled,2024-09-09,2024-10-09,False,Churned MRR
11351,8174,Pro,0,Active,2024-08-27,,True,Trial
11352,8174,Pro,79,Cancelled,2024-12-10,2025-01-01,False,Churned MRR
11353,8175,Pro,0,Active,2024-08-27,,True,Trial
11354,8175,Pro,79,Active,2024-12-10,,False,Recurring
11355,8176,Starter,0,Active,2024-08-27,,True,Trial
11356,8176,Starter,29,Active,2024-12-10,,False,Recurring
11357,8177,Enterprise,0,Active,2024-08-27,,True,Trial
11358,8177,Enterprise,499,Active,2024-12-10,,False,Recurring
11359,8178,Starter,0,Active,2024-08-27,,True,Trial
11360,8178,Starter,29,Active,2024-12-10,,False,Recurring
11361,8179,Starter,0,Cancelled,2024-08-27,2024-09-10,True,Trial
11362,8180,Pro,0,Cancelled,2024-08-27,2024-09-10,True,Trial
11363,8181,Starter,0,Cancelled,2024-08-27,2024-09-10,True,Trial
11364,8182,Starter,0,Cancelled,2024-08-27,2024-09-10,True,Trial
11365,8183,Business,0,Cancelled,2024-08-27,2024-09-10,True,Trial
11366,8184,Pro,0,Active,2024-08-27,,True,Trial
11367,8184,Pro,79,Active,2024-12-10,,False,Recurring
11368,8185,Business,0,Cancelled,2024-08-27,2024-09-10,True,Trial
11369,8186,Business,0,Active,2024-08-27,,True,Trial
11370,8186,Business,199,Active,2024-12-10,,False,Recurring
11371,8187,Business,0,Cancelled,2024-08-27,2024-09-10,True,Trial
11372,8188,Pro,0,Active,2024-08-27,,True,Trial
11373,8188,Pro,79,Active,2024-12-10,,False,Recurring
11374,8189,Starter,0,Cancelled,2024-08-27,2024-09-10,True,Trial
11375,8190,Starter,0,Cancelled,2024-08-27,2024-09-10,True,Trial
11376,8191,Starter,0,Cancelled,2024-08-27,2024-09-10,True,Trial
11377,8192,Business,0,Cancelled,2024-08-27,2024-09-10,True,Trial
11378,8193,Starter,0,Active,2024-08-27,,True,Trial
11379,8193,Starter,29,Active,2024-12-10,,False,Recurring
11380,8194,Business,0,Cancelled,2024-08-27,2024-09-10,True,Trial
11381,8195,Starter,0,Cancelled,2024-08-27,2024-09-10,True,Trial
11382,8196,Pro,0,Active,2024-08-27,,True,Trial
11383,8196,Pro,79,Downgraded,2024-12-10,2025-01-10,False,Contraction MRR
11384,8197,Starter,0,Active,2024-08-27,,True,Trial
11385,8197,Starter,29,Cancelled,2024-10-10,2024-11-10,False,Churned MRR
11386,8198,Starter,0,Cancelled,2024-08-28,2024-09-11,True,Trial
11387,8199,Starter,0,Cancelled,2024-08-28,2024-09-11,True,Trial
11388,8200,Starter,0,Active,2024-08-28,,True,Trial
11389,8200,Starter,29,Upgraded,2024-10-11,2024-11-11,False,Expansion MRR
11390,8200,Pro,79,Active,2024-12-11,,False,Recurring
11391,8201,Business,0,Cancelled,2024-08-28,2024-09-11,True,Trial
11392,8202,Business,0,Active,2024-08-28,,True,Trial
11393,8202,Business,199,Active,2024-12-11,,False,Recurring
11394,8203,Enterprise,0,Cancelled,2024-08-28,2024-09-11,True,Trial
11395,8204,Pro,0,Cancelled,2024-08-28,2024-09-11,True,Trial
11396,8205,Pro,0,Cancelled,2024-08-28,2024-09-11,True,Trial
11397,8206,Pro,0,Cancelled,2024-08-28,2024-09-11,True,Trial
11398,8207,Business,0,Cancelled,2024-08-28,2024-09-11,True,Trial
11399,8208,Enterprise,0,Active,2024-08-28,,True,Trial
11400,8208,Enterprise,499,Active,2024-12-11,,False,Recurring
11401,8209,Pro,0,Cancelled,2024-08-28,2024-09-11,True,Trial
11402,8210,Starter,0,Active,2024-08-28,,True,Trial
11403,8210,Starter,29,Cancelled,2024-12-11,2025-01-01,False,Churned MRR
11404,8211,Business,0,Cancelled,2024-08-28,2024-09-11,True,Trial
11405,8212,Starter,0,Active,2024-08-28,,True,Trial
11406,8212,Starter,29,Cancelled,2024-09-11,2024-10-11,False,Churned MRR
11407,8213,Pro,0,Cancelled,2024-08-28,2024-09-11,True,Trial
11408,8214,Starter,0,Active,2024-08-28,,True,Trial
11409,8214,Starter,29,Upgraded,2024-11-11,2024-12-11,False,Expansion MRR
11410,8214,Pro,79,Active,2024-12-11,,False,Expansion MRR
11411,8215,Starter,0,Active,2024-08-29,,True,Trial
11412,8215,Starter,29,Cancelled,2024-10-12,2024-11-12,False,Churned MRR
11413,8216,Enterprise,0,Cancelled,2024-08-29,2024-09-12,True,Trial
11414,8217,Business,0,Cancelled,2024-08-29,2024-09-12,True,Trial
11415,8218,Pro,0,Active,2024-08-29,,True,Trial
11416,8218,Pro,79,Active,2024-12-12,,False,Recurring
11417,8219,Pro,0,Cancelled,2024-08-29,2024-09-12,True,Trial
11418,8220,Business,0,Cancelled,2024-08-29,2024-09-12,True,Trial
11419,8221,Pro,0,Cancelled,2024-08-29,2024-09-12,True,Trial
11420,8222,Pro,0,Cancelled,2024-08-29,2024-09-12,True,Trial
11421,8223,Starter,0,Cancelled,2024-08-29,2024-09-12,True,Trial
11422,8224,Starter,0,Active,2024-08-29,,True,Trial
11423,8224,Starter,29,Active,2024-12-12,,False,Recurring
11424,8225,Starter,0,Cancelled,2024-08-29,2024-09-12,True,Trial
11425,8226,Pro,0,Cancelled,2024-08-29,2024-09-12,True,Trial
11426,8227,Starter,0,Cancelled,2024-08-29,2024-09-12,True,Trial
11427,8228,Enterprise,0,Active,2024-08-29,,True,Trial
11428,8228,Enterprise,499,Active,2024-12-12,,False,Recurring
11429,8229,Starter,0,Cancelled,2024-08-29,2024-09-12,True,Trial
11430,8230,Starter,0,Cancelled,2024-08-29,2024-09-12,True,Trial
11431,8231,Pro,0,Cancelled,2024-08-29,2024-09-12,True,Trial
11432,8232,Starter,0,Active,2024-08-29,,True,Trial
11433,8232,Starter,29,Cancelled,2024-10-12,2024-11-12,False,Churned MRR
11434,8233,Enterprise,0,Cancelled,2024-08-29,2024-09-12,True,Trial
11435,8234,Enterprise,0,Active,2024-08-29,,True,Trial
11436,8234,Enterprise,499,Active,2024-12-12,,False,Recurring
11437,8235,Starter,0,Active,2024-08-29,,True,Trial
11438,8235,Starter,29,Active,2024-12-12,,False,Recurring
11439,8236,Business,0,Active,2024-08-29,,True,Trial
11440,8236,Business,199,Active,2024-12-12,,False,Recurring
11441,8237,Pro,0,Active,2024-08-30,,True,Trial
11442,8237,Pro,79,Active,2024-12-13,,False,Recurring
11443,8238,Starter,0,Cancelled,2024-08-30,2024-09-13,True,Trial
11444,8239,Enterprise,0,Active,2024-08-30,,True,Trial
11445,8239,Enterprise,499,Active,2024-12-13,,False,Recurring
11446,8240,Starter,0,Cancelled,2024-08-30,2024-09-13,True,Trial
11447,8241,Starter,0,Cancelled,2024-08-30,2024-09-13,True,Trial
11448,8242,Enterprise,0,Active,2024-08-30,,True,Trial
11449,8242,Enterprise,499,Active,2024-12-13,,False,Recurring
11450,8243,Starter,0,Cancelled,2024-08-30,2024-09-13,True,Trial
11451,8244,Enterprise,0,Active,2024-08-30,,True,Trial
11452,8244,Enterprise,499,Active,2024-12-13,,False,Recurring
11453,8245,Starter,0,Active,2024-08-30,,True,Trial
11454,8245,Starter,29,Active,2024-12-13,,False,Recurring
11455,8246,Starter,0,Cancelled,2024-08-30,2024-09-13,True,Trial
11456,8247,Starter,0,Cancelled,2024-08-30,2024-09-13,True,Trial
11457,8248,Starter,0,Active,2024-08-30,,True,Trial
11458,8248,Starter,29,Upgraded,2024-11-13,2024-12-13,False,Expansion MRR
11459,8248,Pro,79,Active,2024-12-13,,False,Expansion MRR
11460,8249,Business,0,Cancelled,2024-08-30,2024-09-13,True,Trial
11461,8250,Pro,0,Cancelled,2024-08-30,2024-09-13,True,Trial
11462,8251,Enterprise,0,Active,2024-08-30,,True,Trial
11463,8251,Enterprise,499,Active,2024-12-13,,False,Recurring
11464,8252,Pro,0,Cancelled,2024-08-30,2024-09-13,True,Trial
11465,8253,Pro,0,Active,2024-08-30,,True,Trial
11466,8253,Pro,79,Cancelled,2024-09-13,2024-10-13,False,Churned MRR
11467,8254,Enterprise,0,Active,2024-08-30,,True,Trial
11468,8254,Enterprise,499,Cancelled,2024-12-13,2025-01-01,False,Churned MRR
11469,8255,Pro,0,Cancelled,2024-08-30,2024-09-13,True,Trial
11470,8256,Starter,0,Active,2024-08-30,,True,Trial
11471,8256,Starter,29,Upgraded,2024-12-13,2025-01-13,False,Expansion MRR
11472,8257,Pro,0,Cancelled,2024-08-30,2024-09-13,True,Trial
11473,8258,Starter,0,Cancelled,2024-08-30,2024-09-13,True,Trial
11474,8259,Pro,0,Active,2024-08-30,,True,Trial
11475,8259,Pro,79,Cancelled,2024-09-13,2024-10-13,False,Churned MRR
11476,8260,Pro,0,Active,2024-08-31,,True,Trial
11477,8260,Pro,79,Cancelled,2024-11-14,2024-12-14,False,Churned MRR
11478,8261,Starter,0,Cancelled,2024-08-31,2024-09-14,True,Trial
11479,8262,Starter,0,Cancelled,2024-08-31,2024-09-14,True,Trial
11480,8263,Enterprise,0,Cancelled,2024-08-31,2024-09-14,True,Trial
11481,8264,Pro,0,Cancelled,2024-08-31,2024-09-14,True,Trial
11482,8265,Starter,0,Cancelled,2024-08-31,2024-09-14,True,Trial
11483,8266,Pro,0,Cancelled,2024-08-31,2024-09-14,True,Trial
11484,8267,Starter,0,Cancelled,2024-08-31,2024-09-14,True,Trial
11485,8268,Pro,0,Active,2024-08-31,,True,Trial
11486,8268,Pro,79,Active,2024-12-14,,False,Recurring
11487,8269,Starter,0,Cancelled,2024-08-31,2024-09-14,True,Trial
11488,8270,Business,0,Active,2024-08-31,,True,Trial
11489,8270,Business,199,Downgraded,2024-11-14,2024-12-14,False,Contraction MRR
11490,8270,Pro,79,Active,2024-12-14,,False,Contraction MRR
11491,8271,Pro,0,Cancelled,2024-08-31,2024-09-14,True,Trial
11492,8272,Starter,0,Active,2024-08-31,,True,Trial
11493,8272,Starter,29,Active,2024-12-14,,False,Recurring
11494,8273,Business,0,Cancelled,2024-08-31,2024-09-14,True,Trial
11495,8274,Starter,0,Cancelled,2024-08-31,2024-09-14,True,Trial
11496,8275,Pro,0,Active,2024-08-31,,True,Trial
11497,8275,Pro,79,Active,2024-12-14,,False,Recurring
11498,8276,Pro,0,Active,2024-08-31,,True,Trial
11499,8276,Pro,79,Active,2024-12-14,,False,Recurring
11500,8277,Starter,0,Active,2024-08-31,,True,Trial
11501,8277,Starter,29,Active,2024-12-14,,False,Recurring
11502,8278,Business,0,Active,2024-08-31,,True,Trial
11503,8278,Business,199,Active,2024-12-14,,False,Recurring
11504,8279,Starter,0,Cancelled,2024-08-31,2024-09-14,True,Trial
11505,8280,Enterprise,0,Cancelled,2024-08-31,2024-09-14,True,Trial
11506,8281,Pro,0,Cancelled,2024-08-31,2024-09-14,True,Trial
11507,8282,Pro,0,Active,2024-08-31,,True,Trial
11508,8282,Pro,79,Cancelled,2024-09-14,2024-10-14,False,Churned MRR
11509,8283,Pro,0,Cancelled,2024-08-31,2024-09-14,True,Trial
11510,8284,Starter,0,Cancelled,2024-09-01,2024-09-15,True,Trial
11511,8285,Business,0,Active,2024-09-01,,True,Trial
11512,8285,Business,199,Active,2024-12-15,,False,Recurring
11513,8286,Starter,0,Active,2024-09-01,,True,Trial
11514,8286,Starter,29,Active,2024-12-15,,False,Recurring
11515,8287,Starter,0,Active,2024-09-01,,True,Trial
11516,8287,Starter,29,Active,2024-12-15,,False,Recurring
11517,8288,Pro,0,Active,2024-09-01,,True,Trial
11518,8288,Pro,79,Active,2024-12-15,,False,Recurring
11519,8289,Starter,0,Cancelled,2024-09-01,2024-09-15,True,Trial
11520,8290,Enterprise,0,Active,2024-09-01,,True,Trial
11521,8290,Enterprise,499,Active,2024-12-15,,False,Recurring
11522,8291,Starter,0,Cancelled,2024-09-01,2024-09-15,True,Trial
11523,8292,Starter,0,Cancelled,2024-09-01,2024-09-15,True,Trial
11524,8293,Business,0,Cancelled,2024-09-01,2024-09-15,True,Trial
11525,8294,Pro,0,Cancelled,2024-09-01,2024-09-15,True,Trial
11526,8295,Pro,0,Cancelled,2024-09-01,2024-09-15,True,Trial
11527,8296,Starter,0,Cancelled,2024-09-01,2024-09-15,True,Trial
11528,8297,Pro,0,Active,2024-09-01,,True,Trial
11529,8297,Pro,79,Active,2024-12-15,,False,Recurring
11530,8298,Starter,0,Cancelled,2024-09-01,2024-09-15,True,Trial
11531,8299,Pro,0,Active,2024-09-01,,True,Trial
11532,8299,Pro,79,Active,2024-12-15,,False,Recurring
11533,8300,Business,0,Active,2024-09-01,,True,Trial
11534,8300,Business,199,Active,2024-12-15,,False,Recurring
11535,8301,Starter,0,Cancelled,2024-09-01,2024-09-15,True,Trial
11536,8302,Enterprise,0,Cancelled,2024-09-01,2024-09-15,True,Trial
11537,8303,Starter,0,Cancelled,2024-09-01,2024-09-15,True,Trial
11538,8304,Business,0,Cancelled,2024-09-01,2024-09-15,True,Trial
11539,8305,Starter,0,Active,2024-09-01,,True,Trial
11540,8305,Starter,29,Active,2024-12-15,,False,Recurring
11541,8306,Starter,0,Cancelled,2024-09-01,2024-09-15,True,Trial
11542,8307,Starter,0,Cancelled,2024-09-01,2024-09-15,True,Trial
11543,8308,Pro,0,Cancelled,2024-09-01,2024-09-15,True,Trial
11544,8309,Starter,0,Cancelled,2024-09-01,2024-09-15,True,Trial
11545,8310,Business,0,Cancelled,2024-09-02,2024-09-16,True,Trial
11546,8311,Starter,0,Cancelled,2024-09-02,2024-09-16,True,Trial
11547,8312,Starter,0,Active,2024-09-02,,True,Trial
11548,8312,Starter,29,Active,2024-12-16,,False,Recurring
11549,8313,Pro,0,Cancelled,2024-09-02,2024-09-16,True,Trial
11550,8314,Starter,0,Cancelled,2024-09-02,2024-09-16,True,Trial
11551,8315,Pro,0,Active,2024-09-02,,True,Trial
11552,8315,Pro,79,Active,2024-12-16,,False,Recurring
11553,8316,Starter,0,Cancelled,2024-09-02,2024-09-16,True,Trial
11554,8317,Business,0,Active,2024-09-02,,True,Trial
11555,8317,Business,199,Cancelled,2024-12-16,2025-01-01,False,Churned MRR
11556,8318,Starter,0,Cancelled,2024-09-02,2024-09-16,True,Trial
11557,8319,Pro,0,Cancelled,2024-09-02,2024-09-16,True,Trial
11558,8320,Pro,0,Cancelled,2024-09-02,2024-09-16,True,Trial
11559,8321,Pro,0,Active,2024-09-02,,True,Trial
11560,8321,Pro,79,Cancelled,2024-11-16,2024-12-16,False,Churned MRR
11561,8322,Starter,0,Cancelled,2024-09-02,2024-09-16,True,Trial
11562,8323,Pro,0,Cancelled,2024-09-02,2024-09-16,True,Trial
11563,8324,Starter,0,Active,2024-09-02,,True,Trial
11564,8324,Starter,29,Cancelled,2024-09-16,2024-10-16,False,Churned MRR
11565,8325,Starter,0,Active,2024-09-02,,True,Trial
11566,8325,Starter,29,Active,2024-12-16,,False,Recurring
11567,8326,Pro,0,Cancelled,2024-09-02,2024-09-16,True,Trial
11568,8327,Pro,0,Cancelled,2024-09-02,2024-09-16,True,Trial
11569,8328,Pro,0,Active,2024-09-02,,True,Trial
11570,8328,Pro,79,Active,2024-12-16,,False,Recurring
11571,8329,Business,0,Cancelled,2024-09-02,2024-09-16,True,Trial
11572,8330,Pro,0,Cancelled,2024-09-03,2024-09-17,True,Trial
11573,8331,Business,0,Cancelled,2024-09-03,2024-09-17,True,Trial
11574,8332,Starter,0,Cancelled,2024-09-03,2024-09-17,True,Trial
11575,8333,Pro,0,Cancelled,2024-09-03,2024-09-17,True,Trial
11576,8334,Business,0,Active,2024-09-03,,True,Trial
11577,8334,Business,199,Active,2024-12-17,,False,Recurring
11578,8335,Starter,0,Cancelled,2024-09-03,2024-09-17,True,Trial
11579,8336,Starter,0,Active,2024-09-03,,True,Trial
11580,8336,Starter,29,Cancelled,2024-09-17,2024-10-17,False,Churned MRR
11581,8337,Starter,0,Cancelled,2024-09-03,2024-09-17,True,Trial
11582,8338,Business,0,Active,2024-09-03,,True,Trial
11583,8338,Business,199,Active,2024-12-17,,False,Recurring
11584,8339,Starter,0,Cancelled,2024-09-03,2024-09-17,True,Trial
11585,8340,Pro,0,Cancelled,2024-09-03,2024-09-17,True,Trial
11586,8341,Enterprise,0,Active,2024-09-03,,True,Trial
11587,8341,Enterprise,499,Active,2024-12-17,,False,Recurring
11588,8342,Starter,0,Cancelled,2024-09-03,2024-09-17,True,Trial
11589,8343,Pro,0,Cancelled,2024-09-03,2024-09-17,True,Trial
11590,8344,Starter,0,Cancelled,2024-09-03,2024-09-17,True,Trial
11591,8345,Pro,0,Cancelled,2024-09-03,2024-09-17,True,Trial
11592,8346,Starter,0,Cancelled,2024-09-03,2024-09-17,True,Trial
11593,8347,Enterprise,0,Cancelled,2024-09-03,2024-09-17,True,Trial
11594,8348,Pro,0,Cancelled,2024-09-03,2024-09-17,True,Trial
11595,8349,Enterprise,0,Cancelled,2024-09-03,2024-09-17,True,Trial
11596,8350,Starter,0,Cancelled,2024-09-03,2024-09-17,True,Trial
11597,8351,Starter,0,Cancelled,2024-09-03,2024-09-17,True,Trial
11598,8352,Starter,0,Cancelled,2024-09-03,2024-09-17,True,Trial
11599,8353,Pro,0,Cancelled,2024-09-03,2024-09-17,True,Trial
11600,8354,Enterprise,0,Active,2024-09-03,,True,Trial
11601,8354,Enterprise,499,Active,2024-12-17,,False,Recurring
11602,8355,Pro,0,Active,2024-09-04,,True,Trial
11603,8355,Pro,79,Cancelled,2024-09-18,2024-10-18,False,Churned MRR
11604,8356,Enterprise,0,Cancelled,2024-09-04,2024-09-18,True,Trial
11605,8357,Enterprise,0,Cancelled,2024-09-04,2024-09-18,True,Trial
11606,8358,Enterprise,0,Cancelled,2024-09-04,2024-09-18,True,Trial
11607,8359,Starter,0,Cancelled,2024-09-04,2024-09-18,True,Trial
11608,8360,Starter,0,Cancelled,2024-09-04,2024-09-18,True,Trial
11609,8361,Pro,0,Cancelled,2024-09-04,2024-09-18,True,Trial
11610,8362,Enterprise,0,Cancelled,2024-09-04,2024-09-18,True,Trial
11611,8363,Business,0,Active,2024-09-04,,True,Trial
11612,8363,Business,199,Active,2024-12-18,,False,Recurring
11613,8364,Starter,0,Cancelled,2024-09-04,2024-09-18,True,Trial
11614,8365,Starter,0,Cancelled,2024-09-04,2024-09-18,True,Trial
11615,8366,Business,0,Cancelled,2024-09-04,2024-09-18,True,Trial
11616,8367,Business,0,Cancelled,2024-09-04,2024-09-18,True,Trial
11617,8368,Enterprise,0,Active,2024-09-04,,True,Trial
11618,8368,Enterprise,499,Active,2024-12-18,,False,Recurring
11619,8369,Enterprise,0,Cancelled,2024-09-04,2024-09-18,True,Trial
11620,8370,Starter,0,Cancelled,2024-09-04,2024-09-18,True,Trial
11621,8371,Starter,0,Cancelled,2024-09-04,2024-09-18,True,Trial
11622,8372,Starter,0,Cancelled,2024-09-04,2024-09-18,True,Trial
11623,8373,Pro,0,Cancelled,2024-09-04,2024-09-18,True,Trial
11624,8374,Starter,0,Cancelled,2024-09-04,2024-09-18,True,Trial
11625,8375,Pro,0,Active,2024-09-04,,True,Trial
11626,8375,Pro,79,Active,2024-12-18,,False,Recurring
11627,8376,Enterprise,0,Active,2024-09-04,,True,Trial
11628,8376,Enterprise,499,Active,2024-12-18,,False,Recurring
11629,8377,Pro,0,Cancelled,2024-09-04,2024-09-18,True,Trial
11630,8378,Starter,0,Cancelled,2024-09-04,2024-09-18,True,Trial
11631,8379,Business,0,Active,2024-09-04,,True,Trial
11632,8379,Business,199,Active,2024-12-18,,False,Recurring
11633,8380,Starter,0,Cancelled,2024-09-04,2024-09-18,True,Trial
11634,8381,Business,0,Cancelled,2024-09-05,2024-09-19,True,Trial
11635,8382,Pro,0,Active,2024-09-05,,True,Trial
11636,8382,Pro,79,Active,2024-12-19,,False,Recurring
11637,8383,Business,0,Cancelled,2024-09-05,2024-09-19,True,Trial
11638,8384,Starter,0,Cancelled,2024-09-05,2024-09-19,True,Trial
11639,8385,Starter,0,Cancelled,2024-09-05,2024-09-19,True,Trial
11640,8386,Enterprise,0,Cancelled,2024-09-05,2024-09-19,True,Trial
11641,8387,Business,0,Cancelled,2024-09-05,2024-09-19,True,Trial
11642,8388,Starter,0,Cancelled,2024-09-05,2024-09-19,True,Trial
11643,8389,Business,0,Cancelled,2024-09-05,2024-09-19,True,Trial
11644,8390,Starter,0,Cancelled,2024-09-05,2024-09-19,True,Trial
11645,8391,Starter,0,Active,2024-09-05,,True,Trial
11646,8391,Starter,29,Active,2024-12-19,,False,Recurring
11647,8392,Starter,0,Cancelled,2024-09-05,2024-09-19,True,Trial
11648,8393,Pro,0,Cancelled,2024-09-05,2024-09-19,True,Trial
11649,8394,Enterprise,0,Active,2024-09-05,,True,Trial
11650,8394,Enterprise,499,Active,2024-12-19,,False,Recurring
11651,8395,Starter,0,Cancelled,2024-09-05,2024-09-19,True,Trial
11652,8396,Pro,0,Cancelled,2024-09-05,2024-09-19,True,Trial
11653,8397,Starter,0,Cancelled,2024-09-06,2024-09-20,True,Trial
11654,8398,Starter,0,Cancelled,2024-09-06,2024-09-20,True,Trial
11655,8399,Pro,0,Cancelled,2024-09-06,2024-09-20,True,Trial
11656,8400,Enterprise,0,Cancelled,2024-09-06,2024-09-20,True,Trial
11657,8401,Enterprise,0,Active,2024-09-06,,True,Trial
11658,8401,Enterprise,499,Active,2024-12-20,,False,Recurring
11659,8402,Enterprise,0,Cancelled,2024-09-06,2024-09-20,True,Trial
11660,8403,Starter,0,Cancelled,2024-09-06,2024-09-20,True,Trial
11661,8404,Enterprise,0,Active,2024-09-06,,True,Trial
11662,8404,Enterprise,499,Active,2024-12-20,,False,Recurring
11663,8405,Pro,0,Cancelled,2024-09-06,2024-09-20,True,Trial
11664,8406,Starter,0,Cancelled,2024-09-06,2024-09-20,True,Trial
11665,8407,Business,0,Active,2024-09-06,,True,Trial
11666,8407,Business,199,Active,2024-12-20,,False,Recurring
11667,8408,Pro,0,Cancelled,2024-09-06,2024-09-20,True,Trial
11668,8409,Enterprise,0,Cancelled,2024-09-06,2024-09-20,True,Trial
11669,8410,Enterprise,0,Active,2024-09-06,,True,Trial
11670,8410,Enterprise,499,Downgraded,2024-12-20,2025-01-20,False,Contraction MRR
11671,8411,Starter,0,Active,2024-09-06,,True,Trial
11672,8411,Starter,29,Active,2024-12-20,,False,Recurring
11673,8412,Pro,0,Cancelled,2024-09-07,2024-09-21,True,Trial
11674,8413,Starter,0,Cancelled,2024-09-07,2024-09-21,True,Trial
11675,8414,Starter,0,Cancelled,2024-09-07,2024-09-21,True,Trial
11676,8415,Enterprise,0,Cancelled,2024-09-07,2024-09-21,True,Trial
11677,8416,Pro,0,Active,2024-09-07,,True,Trial
11678,8416,Pro,79,Active,2024-12-21,,False,Recurring
11679,8417,Business,0,Cancelled,2024-09-07,2024-09-21,True,Trial
11680,8418,Pro,0,Cancelled,2024-09-07,2024-09-21,True,Trial
11681,8419,Starter,0,Active,2024-09-07,,True,Trial
11682,8419,Starter,29,Cancelled,2024-10-21,2024-11-21,False,Churned MRR
11683,8420,Enterprise,0,Cancelled,2024-09-07,2024-09-21,True,Trial
11684,8421,Starter,0,Active,2024-09-07,,True,Trial
11685,8421,Starter,29,Active,2024-12-21,,False,Recurring
11686,8422,Starter,0,Cancelled,2024-09-07,2024-09-21,True,Trial
11687,8423,Starter,0,Cancelled,2024-09-07,2024-09-21,True,Trial
11688,8424,Business,0,Cancelled,2024-09-07,2024-09-21,True,Trial
11689,8425,Starter,0,Cancelled,2024-09-07,2024-09-21,True,Trial
11690,8426,Enterprise,0,Cancelled,2024-09-07,2024-09-21,True,Trial
11691,8427,Starter,0,Cancelled,2024-09-07,2024-09-21,True,Trial
11692,8428,Starter,0,Cancelled,2024-09-07,2024-09-21,True,Trial
11693,8429,Starter,0,Active,2024-09-07,,True,Trial
11694,8429,Starter,29,Cancelled,2024-09-21,2024-10-21,False,Churned MRR
11695,8430,Pro,0,Cancelled,2024-09-07,2024-09-21,True,Trial
11696,8431,Starter,0,Cancelled,2024-09-07,2024-09-21,True,Trial
11697,8432,Enterprise,0,Cancelled,2024-09-07,2024-09-21,True,Trial
11698,8433,Business,0,Active,2024-09-07,,True,Trial
11699,8433,Business,199,Active,2024-12-21,,False,Recurring
11700,8434,Pro,0,Cancelled,2024-09-07,2024-09-21,True,Trial
11701,8435,Starter,0,Cancelled,2024-09-08,2024-09-22,True,Trial
11702,8436,Starter,0,Active,2024-09-08,,True,Trial
11703,8436,Starter,29,Active,2024-12-22,,False,Recurring
11704,8437,Pro,0,Active,2024-09-08,,True,Trial
11705,8437,Pro,79,Active,2024-12-22,,False,Recurring
11706,8438,Starter,0,Cancelled,2024-09-08,2024-09-22,True,Trial
11707,8439,Starter,0,Active,2024-09-08,,True,Trial
11708,8439,Starter,29,Active,2024-12-22,,False,Recurring
11709,8440,Enterprise,0,Active,2024-09-08,,True,Trial
11710,8440,Enterprise,499,Active,2024-12-22,,False,Recurring
11711,8441,Starter,0,Cancelled,2024-09-08,2024-09-22,True,Trial
11712,8442,Starter,0,Cancelled,2024-09-08,2024-09-22,True,Trial
11713,8443,Starter,0,Cancelled,2024-09-08,2024-09-22,True,Trial
11714,8444,Pro,0,Cancelled,2024-09-08,2024-09-22,True,Trial
11715,8445,Business,0,Active,2024-09-08,,True,Trial
11716,8445,Business,199,Upgraded,2024-12-22,2025-01-22,False,Expansion MRR
11717,8446,Starter,0,Cancelled,2024-09-08,2024-09-22,True,Trial
11718,8447,Pro,0,Cancelled,2024-09-08,2024-09-22,True,Trial
11719,8448,Starter,0,Cancelled,2024-09-08,2024-09-22,True,Trial
11720,8449,Business,0,Cancelled,2024-09-08,2024-09-22,True,Trial
11721,8450,Enterprise,0,Active,2024-09-08,,True,Trial
11722,8450,Enterprise,499,Active,2024-12-22,,False,Recurring
11723,8451,Business,0,Cancelled,2024-09-08,2024-09-22,True,Trial
11724,8452,Starter,0,Cancelled,2024-09-08,2024-09-22,True,Trial
11725,8453,Pro,0,Active,2024-09-08,,True,Trial
11726,8453,Pro,79,Active,2024-12-22,,False,Recurring
11727,8454,Enterprise,0,Active,2024-09-08,,True,Trial
11728,8454,Enterprise,499,Active,2024-12-22,,False,Recurring
11729,8455,Pro,0,Cancelled,2024-09-08,2024-09-22,True,Trial
11730,8456,Starter,0,Cancelled,2024-09-08,2024-09-22,True,Trial
11731,8457,Business,0,Cancelled,2024-09-09,2024-09-23,True,Trial
11732,8458,Pro,0,Cancelled,2024-09-09,2024-09-23,True,Trial
11733,8459,Starter,0,Cancelled,2024-09-09,2024-09-23,True,Trial
11734,8460,Starter,0,Active,2024-09-09,,True,Trial
11735,8460,Starter,29,Active,2024-12-23,,False,Recurring
11736,8461,Starter,0,Cancelled,2024-09-09,2024-09-23,True,Trial
11737,8462,Enterprise,0,Active,2024-09-09,,True,Trial
11738,8462,Enterprise,499,Active,2024-12-23,,False,Recurring
11739,8463,Pro,0,Cancelled,2024-09-09,2024-09-23,True,Trial
11740,8464,Starter,0,Cancelled,2024-09-09,2024-09-23,True,Trial
11741,8465,Starter,0,Cancelled,2024-09-09,2024-09-23,True,Trial
11742,8466,Starter,0,Active,2024-09-09,,True,Trial
11743,8466,Starter,29,Cancelled,2024-11-23,2024-12-23,False,Churned MRR
11744,8467,Pro,0,Active,2024-09-09,,True,Trial
11745,8467,Pro,79,Active,2024-12-23,,False,Recurring
11746,8468,Business,0,Cancelled,2024-09-09,2024-09-23,True,Trial
11747,8469,Starter,0,Cancelled,2024-09-09,2024-09-23,True,Trial
11748,8470,Starter,0,Cancelled,2024-09-09,2024-09-23,True,Trial
11749,8471,Business,0,Cancelled,2024-09-09,2024-09-23,True,Trial
11750,8472,Starter,0,Cancelled,2024-09-10,2024-09-24,True,Trial
11751,8473,Starter,0,Cancelled,2024-09-10,2024-09-24,True,Trial
11752,8474,Enterprise,0,Active,2024-09-10,,True,Trial
11753,8474,Enterprise,499,Active,2024-12-24,,False,Recurring
11754,8475,Starter,0,Cancelled,2024-09-10,2024-09-24,True,Trial
11755,8476,Enterprise,0,Cancelled,2024-09-10,2024-09-24,True,Trial
11756,8477,Starter,0,Active,2024-09-10,,True,Trial
11757,8477,Starter,29,Cancelled,2024-12-24,2025-01-01,False,Churned MRR
11758,8478,Starter,0,Cancelled,2024-09-10,2024-09-24,True,Trial
11759,8479,Starter,0,Cancelled,2024-09-10,2024-09-24,True,Trial
11760,8480,Starter,0,Cancelled,2024-09-10,2024-09-24,True,Trial
11761,8481,Starter,0,Active,2024-09-10,,True,Trial
11762,8481,Starter,29,Cancelled,2024-09-24,2024-10-24,False,Churned MRR
11763,8482,Pro,0,Active,2024-09-10,,True,Trial
11764,8482,Pro,79,Active,2024-12-24,,False,Recurring
11765,8483,Enterprise,0,Cancelled,2024-09-10,2024-09-24,True,Trial
11766,8484,Pro,0,Cancelled,2024-09-10,2024-09-24,True,Trial
11767,8485,Business,0,Cancelled,2024-09-10,2024-09-24,True,Trial
11768,8486,Enterprise,0,Cancelled,2024-09-10,2024-09-24,True,Trial
11769,8487,Business,0,Cancelled,2024-09-10,2024-09-24,True,Trial
11770,8488,Starter,0,Cancelled,2024-09-10,2024-09-24,True,Trial
11771,8489,Starter,0,Cancelled,2024-09-10,2024-09-24,True,Trial
11772,8490,Pro,0,Cancelled,2024-09-10,2024-09-24,True,Trial
11773,8491,Pro,0,Cancelled,2024-09-10,2024-09-24,True,Trial
11774,8492,Enterprise,0,Active,2024-09-10,,True,Trial
11775,8492,Enterprise,499,Active,2024-12-24,,False,Recurring
11776,8493,Starter,0,Cancelled,2024-09-10,2024-09-24,True,Trial
11777,8494,Starter,0,Cancelled,2024-09-11,2024-09-25,True,Trial
11778,8495,Enterprise,0,Cancelled,2024-09-11,2024-09-25,True,Trial
11779,8496,Starter,0,Cancelled,2024-09-11,2024-09-25,True,Trial
11780,8497,Enterprise,0,Active,2024-09-11,,True,Trial
11781,8497,Enterprise,499,Cancelled,2024-09-25,2024-10-25,False,Churned MRR
11782,8498,Pro,0,Cancelled,2024-09-11,2024-09-25,True,Trial
11783,8499,Pro,0,Cancelled,2024-09-11,2024-09-25,True,Trial
11784,8500,Starter,0,Active,2024-09-11,,True,Trial
11785,8500,Starter,29,Cancelled,2024-11-25,2024-12-25,False,Churned MRR
11786,8501,Starter,0,Active,2024-09-11,,True,Trial
11787,8501,Starter,29,Active,2024-12-25,,False,Recurring
11788,8502,Business,0,Active,2024-09-11,,True,Trial
11789,8502,Business,199,Active,2024-12-25,,False,Recurring
11790,8503,Starter,0,Cancelled,2024-09-11,2024-09-25,True,Trial
11791,8504,Starter,0,Cancelled,2024-09-11,2024-09-25,True,Trial
11792,8505,Starter,0,Cancelled,2024-09-11,2024-09-25,True,Trial
11793,8506,Starter,0,Cancelled,2024-09-11,2024-09-25,True,Trial
11794,8507,Starter,0,Cancelled,2024-09-11,2024-09-25,True,Trial
11795,8508,Starter,0,Cancelled,2024-09-11,2024-09-25,True,Trial
11796,8509,Starter,0,Active,2024-09-11,,True,Trial
11797,8509,Starter,29,Cancelled,2024-11-25,2024-12-25,False,Churned MRR
11798,8510,Enterprise,0,Cancelled,2024-09-11,2024-09-25,True,Trial
11799,8511,Enterprise,0,Cancelled,2024-09-11,2024-09-25,True,Trial
11800,8512,Starter,0,Cancelled,2024-09-11,2024-09-25,True,Trial
11801,8513,Starter,0,Cancelled,2024-09-11,2024-09-25,True,Trial
11802,8514,Enterprise,0,Cancelled,2024-09-11,2024-09-25,True,Trial
11803,8515,Enterprise,0,Active,2024-09-11,,True,Trial
11804,8515,Enterprise,499,Active,2024-12-25,,False,Recurring
11805,8516,Starter,0,Cancelled,2024-09-11,2024-09-25,True,Trial
11806,8517,Starter,0,Cancelled,2024-09-11,2024-09-25,True,Trial
11807,8518,Enterprise,0,Active,2024-09-12,,True,Trial
11808,8518,Enterprise,499,Active,2024-12-26,,False,Recurring
11809,8519,Starter,0,Cancelled,2024-09-12,2024-09-26,True,Trial
11810,8520,Pro,0,Active,2024-09-12,,True,Trial
11811,8520,Pro,79,Active,2024-12-26,,False,Recurring
11812,8521,Starter,0,Cancelled,2024-09-12,2024-09-26,True,Trial
11813,8522,Pro,0,Cancelled,2024-09-12,2024-09-26,True,Trial
11814,8523,Enterprise,0,Active,2024-09-12,,True,Trial
11815,8523,Enterprise,499,Active,2024-12-26,,False,Recurring
11816,8524,Enterprise,0,Active,2024-09-12,,True,Trial
11817,8524,Enterprise,499,Active,2024-12-26,,False,Recurring
11818,8525,Pro,0,Cancelled,2024-09-12,2024-09-26,True,Trial
11819,8526,Business,0,Cancelled,2024-09-12,2024-09-26,True,Trial
11820,8527,Enterprise,0,Cancelled,2024-09-12,2024-09-26,True,Trial
11821,8528,Business,0,Cancelled,2024-09-12,2024-09-26,True,Trial
11822,8529,Starter,0,Active,2024-09-12,,True,Trial
11823,8529,Starter,29,Active,2024-12-26,,False,Recurring
11824,8530,Pro,0,Cancelled,2024-09-12,2024-09-26,True,Trial
11825,8531,Starter,0,Cancelled,2024-09-12,2024-09-26,True,Trial
11826,8532,Starter,0,Cancelled,2024-09-12,2024-09-26,True,Trial
11827,8533,Business,0,Active,2024-09-12,,True,Trial
11828,8533,Business,199,Active,2024-12-26,,False,Recurring
11829,8534,Business,0,Cancelled,2024-09-12,2024-09-26,True,Trial
11830,8535,Business,0,Active,2024-09-12,,True,Trial
11831,8535,Business,199,Upgraded,2024-11-26,2024-12-26,False,Expansion MRR
11832,8535,Enterprise,499,Active,2024-12-26,,False,Expansion MRR
11833,8536,Enterprise,0,Cancelled,2024-09-12,2024-09-26,True,Trial
11834,8537,Starter,0,Cancelled,2024-09-12,2024-09-26,True,Trial
11835,8538,Pro,0,Cancelled,2024-09-12,2024-09-26,True,Trial
11836,8539,Enterprise,0,Cancelled,2024-09-13,2024-09-27,True,Trial
11837,8540,Business,0,Active,2024-09-13,,True,Trial
11838,8540,Business,199,Active,2024-12-27,,False,Recurring
11839,8541,Pro,0,Cancelled,2024-09-13,2024-09-27,True,Trial
11840,8542,Pro,0,Cancelled,2024-09-13,2024-09-27,True,Trial
11841,8543,Enterprise,0,Cancelled,2024-09-13,2024-09-27,True,Trial
11842,8544,Starter,0,Cancelled,2024-09-13,2024-09-27,True,Trial
11843,8545,Starter,0,Cancelled,2024-09-13,2024-09-27,True,Trial
11844,8546,Enterprise,0,Cancelled,2024-09-13,2024-09-27,True,Trial
11845,8547,Pro,0,Cancelled,2024-09-13,2024-09-27,True,Trial
11846,8548,Enterprise,0,Active,2024-09-13,,True,Trial
11847,8548,Enterprise,499,Active,2024-12-27,,False,Recurring
11848,8549,Pro,0,Cancelled,2024-09-13,2024-09-27,True,Trial
11849,8550,Business,0,Cancelled,2024-09-13,2024-09-27,True,Trial
11850,8551,Enterprise,0,Cancelled,2024-09-13,2024-09-27,True,Trial
11851,8552,Pro,0,Active,2024-09-13,,True,Trial
11852,8552,Pro,79,Active,2024-12-27,,False,Recurring
11853,8553,Enterprise,0,Active,2024-09-13,,True,Trial
11854,8553,Enterprise,499,Active,2024-12-27,,False,Recurring
11855,8554,Starter,0,Cancelled,2024-09-13,2024-09-27,True,Trial
11856,8555,Pro,0,Cancelled,2024-09-13,2024-09-27,True,Trial
11857,8556,Starter,0,Cancelled,2024-09-14,2024-09-28,True,Trial
11858,8557,Pro,0,Cancelled,2024-09-14,2024-09-28,True,Trial
11859,8558,Business,0,Cancelled,2024-09-14,2024-09-28,True,Trial
11860,8559,Starter,0,Cancelled,2024-09-14,2024-09-28,True,Trial
11861,8560,Pro,0,Cancelled,2024-09-14,2024-09-28,True,Trial
11862,8561,Pro,0,Cancelled,2024-09-14,2024-09-28,True,Trial
11863,8562,Pro,0,Active,2024-09-14,,True,Trial
11864,8562,Pro,79,Active,2024-12-28,,False,Recurring
11865,8563,Starter,0,Cancelled,2024-09-14,2024-09-28,True,Trial
11866,8564,Enterprise,0,Active,2024-09-14,,True,Trial
11867,8564,Enterprise,499,Active,2024-12-28,,False,Recurring
11868,8565,Business,0,Active,2024-09-14,,True,Trial
11869,8565,Business,199,Active,2024-12-28,,False,Recurring
11870,8566,Starter,0,Cancelled,2024-09-14,2024-09-28,True,Trial
11871,8567,Pro,0,Cancelled,2024-09-14,2024-09-28,True,Trial
11872,8568,Starter,0,Cancelled,2024-09-14,2024-09-28,True,Trial
11873,8569,Starter,0,Cancelled,2024-09-14,2024-09-28,True,Trial
11874,8570,Starter,0,Active,2024-09-14,,True,Trial
11875,8570,Starter,29,Active,2024-12-28,,False,Recurring
11876,8571,Pro,0,Cancelled,2024-09-14,2024-09-28,True,Trial
11877,8572,Pro,0,Active,2024-09-14,,True,Trial
11878,8572,Pro,79,Cancelled,2024-10-28,2024-11-28,False,Churned MRR
11879,8573,Enterprise,0,Cancelled,2024-09-14,2024-09-28,True,Trial
11880,8574,Business,0,Active,2024-09-14,,True,Trial
11881,8574,Business,199,Active,2024-12-28,,False,Recurring
11882,8575,Starter,0,Cancelled,2024-09-14,2024-09-28,True,Trial
11883,8576,Business,0,Cancelled,2024-09-14,2024-09-28,True,Trial
11884,8577,Business,0,Cancelled,2024-09-15,2024-09-29,True,Trial
11885,8578,Business,0,Cancelled,2024-09-15,2024-09-29,True,Trial
11886,8579,Starter,0,Cancelled,2024-09-15,2024-09-29,True,Trial
11887,8580,Starter,0,Cancelled,2024-09-15,2024-09-29,True,Trial
11888,8581,Starter,0,Cancelled,2024-09-15,2024-09-29,True,Trial
11889,8582,Pro,0,Active,2024-09-15,,True,Trial
11890,8582,Pro,79,Active,2024-12-29,,False,Recurring
11891,8583,Business,0,Cancelled,2024-09-15,2024-09-29,True,Trial
11892,8584,Pro,0,Active,2024-09-15,,True,Trial
11893,8584,Pro,79,Cancelled,2024-10-29,2024-11-29,False,Churned MRR
11894,8585,Starter,0,Active,2024-09-15,,True,Trial
11895,8585,Starter,29,Active,2024-12-29,,False,Recurring
11896,8586,Starter,0,Active,2024-09-15,,True,Trial
11897,8586,Starter,29,Cancelled,2024-10-29,2024-11-29,False,Churned MRR
11898,8587,Pro,0,Active,2024-09-15,,True,Trial
11899,8587,Pro,79,Active,2024-12-29,,False,Recurring
11900,8588,Pro,0,Cancelled,2024-09-15,2024-09-29,True,Trial
11901,8589,Pro,0,Cancelled,2024-09-15,2024-09-29,True,Trial
11902,8590,Business,0,Cancelled,2024-09-15,2024-09-29,True,Trial
11903,8591,Business,0,Active,2024-09-15,,True,Trial
11904,8591,Business,199,Cancelled,2024-10-29,2024-11-29,False,Churned MRR
11905,8592,Business,0,Cancelled,2024-09-15,2024-09-29,True,Trial
11906,8593,Starter,0,Cancelled,2024-09-15,2024-09-29,True,Trial
11907,8594,Business,0,Cancelled,2024-09-15,2024-09-29,True,Trial
11908,8595,Starter,0,Cancelled,2024-09-15,2024-09-29,True,Trial
11909,8596,Starter,0,Cancelled,2024-09-16,2024-09-30,True,Trial
11910,8597,Starter,0,Cancelled,2024-09-16,2024-09-30,True,Trial
11911,8598,Enterprise,0,Cancelled,2024-09-16,2024-09-30,True,Trial
11912,8599,Pro,0,Cancelled,2024-09-16,2024-09-30,True,Trial
11913,8600,Enterprise,0,Active,2024-09-16,,True,Trial
11914,8600,Enterprise,499,Active,2024-12-30,,False,Recurring
11915,8601,Starter,0,Cancelled,2024-09-16,2024-09-30,True,Trial
11916,8602,Starter,0,Cancelled,2024-09-16,2024-09-30,True,Trial
11917,8603,Starter,0,Cancelled,2024-09-16,2024-09-30,True,Trial
11918,8604,Enterprise,0,Cancelled,2024-09-16,2024-09-30,True,Trial
11919,8605,Starter,0,Cancelled,2024-09-16,2024-09-30,True,Trial
11920,8606,Enterprise,0,Cancelled,2024-09-16,2024-09-30,True,Trial
11921,8607,Pro,0,Active,2024-09-16,,True,Trial
11922,8607,Pro,79,Cancelled,2024-11-30,2024-12-30,False,Churned MRR
11923,8608,Business,0,Active,2024-09-16,,True,Trial
11924,8608,Business,199,Active,2024-12-30,,False,Recurring
11925,8609,Pro,0,Cancelled,2024-09-16,2024-09-30,True,Trial
11926,8610,Enterprise,0,Active,2024-09-16,,True,Trial
11927,8610,Enterprise,499,Active,2024-12-30,,False,Recurring
11928,8611,Enterprise,0,Active,2024-09-16,,True,Trial
11929,8611,Enterprise,499,Active,2024-12-30,,False,Recurring
11930,8612,Business,0,Active,2024-09-16,,True,Trial
11931,8612,Business,199,Active,2024-12-30,,False,Recurring
11932,8613,Enterprise,0,Cancelled,2024-09-17,2024-10-01,True,Trial
11933,8614,Pro,0,Active,2024-09-17,,True,Trial
11934,8614,Pro,79,Active,2024-12-01,,False,Recurring
11935,8615,Enterprise,0,Cancelled,2024-09-17,2024-10-01,True,Trial
11936,8616,Pro,0,Cancelled,2024-09-17,2024-10-01,True,Trial
11937,8617,Business,0,Cancelled,2024-09-17,2024-10-01,True,Trial
11938,8618,Starter,0,Cancelled,2024-09-17,2024-10-01,True,Trial
11939,8619,Business,0,Cancelled,2024-09-17,2024-10-01,True,Trial
11940,8620,Pro,0,Cancelled,2024-09-17,2024-10-01,True,Trial
11941,8621,Starter,0,Cancelled,2024-09-17,2024-10-01,True,Trial
11942,8622,Pro,0,Cancelled,2024-09-17,2024-10-01,True,Trial
11943,8623,Pro,0,Cancelled,2024-09-17,2024-10-01,True,Trial
11944,8624,Starter,0,Cancelled,2024-09-17,2024-10-01,True,Trial
11945,8625,Starter,0,Cancelled,2024-09-17,2024-10-01,True,Trial
11946,8626,Pro,0,Cancelled,2024-09-17,2024-10-01,True,Trial
11947,8627,Enterprise,0,Cancelled,2024-09-17,2024-10-01,True,Trial
11948,8628,Pro,0,Cancelled,2024-09-17,2024-10-01,True,Trial
11949,8629,Pro,0,Cancelled,2024-09-17,2024-10-01,True,Trial
11950,8630,Starter,0,Cancelled,2024-09-17,2024-10-01,True,Trial
11951,8631,Enterprise,0,Cancelled,2024-09-17,2024-10-01,True,Trial
11952,8632,Starter,0,Cancelled,2024-09-17,2024-10-01,True,Trial
11953,8633,Starter,0,Cancelled,2024-09-17,2024-10-01,True,Trial
11954,8634,Starter,0,Active,2024-09-17,,True,Trial
11955,8634,Starter,29,Cancelled,2024-12-01,2025-01-01,False,Churned MRR
11956,8635,Business,0,Cancelled,2024-09-17,2024-10-01,True,Trial
11957,8636,Pro,0,Cancelled,2024-09-17,2024-10-01,True,Trial
11958,8637,Pro,0,Cancelled,2024-09-17,2024-10-01,True,Trial
11959,8638,Pro,0,Active,2024-09-17,,True,Trial
11960,8638,Pro,79,Upgraded,2024-12-01,2025-01-01,False,Expansion MRR
11961,8639,Starter,0,Cancelled,2024-09-17,2024-10-01,True,Trial
11962,8640,Enterprise,0,Cancelled,2024-09-18,2024-10-02,True,Trial
11963,8641,Starter,0,Active,2024-09-18,,True,Trial
11964,8641,Starter,29,Active,2024-12-02,,False,Recurring
11965,8642,Pro,0,Cancelled,2024-09-18,2024-10-02,True,Trial
11966,8643,Starter,0,Cancelled,2024-09-18,2024-10-02,True,Trial
11967,8644,Pro,0,Active,2024-09-18,,True,Trial
11968,8644,Pro,79,Active,2024-12-02,,False,Recurring
11969,8645,Pro,0,Cancelled,2024-09-18,2024-10-02,True,Trial
11970,8646,Pro,0,Cancelled,2024-09-18,2024-10-02,True,Trial
11971,8647,Starter,0,Cancelled,2024-09-18,2024-10-02,True,Trial
11972,8648,Starter,0,Cancelled,2024-09-18,2024-10-02,True,Trial
11973,8649,Pro,0,Active,2024-09-18,,True,Trial
11974,8649,Pro,79,Active,2024-12-02,,False,Recurring
11975,8650,Starter,0,Cancelled,2024-09-18,2024-10-02,True,Trial
11976,8651,Starter,0,Cancelled,2024-09-18,2024-10-02,True,Trial
11977,8652,Starter,0,Cancelled,2024-09-18,2024-10-02,True,Trial
11978,8653,Business,0,Cancelled,2024-09-18,2024-10-02,True,Trial
11979,8654,Business,0,Active,2024-09-18,,True,Trial
11980,8654,Business,199,Active,2024-12-02,,False,Recurring
11981,8655,Starter,0,Cancelled,2024-09-18,2024-10-02,True,Trial
11982,8656,Pro,0,Cancelled,2024-09-18,2024-10-02,True,Trial
11983,8657,Starter,0,Cancelled,2024-09-18,2024-10-02,True,Trial
11984,8658,Pro,0,Active,2024-09-18,,True,Trial
11985,8658,Pro,79,Active,2024-12-02,,False,Recurring
11986,8659,Business,0,Cancelled,2024-09-19,2024-10-03,True,Trial
11987,8660,Pro,0,Active,2024-09-19,,True,Trial
11988,8660,Pro,79,Active,2024-12-03,,False,Recurring
11989,8661,Enterprise,0,Active,2024-09-19,,True,Trial
11990,8661,Enterprise,499,Active,2024-12-03,,False,Recurring
11991,8662,Starter,0,Cancelled,2024-09-19,2024-10-03,True,Trial
11992,8663,Starter,0,Cancelled,2024-09-19,2024-10-03,True,Trial
11993,8664,Starter,0,Cancelled,2024-09-19,2024-10-03,True,Trial
11994,8665,Starter,0,Cancelled,2024-09-19,2024-10-03,True,Trial
11995,8666,Starter,0,Cancelled,2024-09-19,2024-10-03,True,Trial
11996,8667,Starter,0,Active,2024-09-19,,True,Trial
11997,8667,Starter,29,Upgraded,2024-12-03,2025-01-03,False,Expansion MRR
11998,8668,Pro,0,Cancelled,2024-09-19,2024-10-03,True,Trial
11999,8669,Starter,0,Cancelled,2024-09-19,2024-10-03,True,Trial
12000,8670,Starter,0,Active,2024-09-19,,True,Trial
12001,8670,Starter,29,Cancelled,2024-12-03,2025-01-01,False,Churned MRR
12002,8671,Enterprise,0,Cancelled,2024-09-19,2024-10-03,True,Trial
12003,8672,Pro,0,Cancelled,2024-09-19,2024-10-03,True,Trial
12004,8673,Pro,0,Cancelled,2024-09-19,2024-10-03,True,Trial
12005,8674,Pro,0,Active,2024-09-19,,True,Trial
12006,8674,Pro,79,Active,2024-12-03,,False,Recurring
12007,8675,Pro,0,Cancelled,2024-09-19,2024-10-03,True,Trial
12008,8676,Starter,0,Cancelled,2024-09-19,2024-10-03,True,Trial
12009,8677,Starter,0,Cancelled,2024-09-19,2024-10-03,True,Trial
12010,8678,Enterprise,0,Cancelled,2024-09-19,2024-10-03,True,Trial
12011,8679,Business,0,Cancelled,2024-09-19,2024-10-03,True,Trial
12012,8680,Starter,0,Cancelled,2024-09-19,2024-10-03,True,Trial
12013,8681,Pro,0,Cancelled,2024-09-19,2024-10-03,True,Trial
12014,8682,Pro,0,Cancelled,2024-09-19,2024-10-03,True,Trial
12015,8683,Starter,0,Cancelled,2024-09-19,2024-10-03,True,Trial
12016,8684,Business,0,Active,2024-09-19,,True,Trial
12017,8684,Business,199,Active,2024-12-03,,False,Recurring
12018,8685,Starter,0,Cancelled,2024-09-19,2024-10-03,True,Trial
12019,8686,Enterprise,0,Cancelled,2024-09-20,2024-10-04,True,Trial
12020,8687,Pro,0,Active,2024-09-20,,True,Trial
12021,8687,Pro,79,Active,2024-12-04,,False,Recurring
12022,8688,Pro,0,Cancelled,2024-09-20,2024-10-04,True,Trial
12023,8689,Starter,0,Cancelled,2024-09-20,2024-10-04,True,Trial
12024,8690,Pro,0,Active,2024-09-20,,True,Trial
12025,8690,Pro,79,Cancelled,2024-10-04,2024-11-04,False,Churned MRR
12026,8691,Pro,0,Cancelled,2024-09-20,2024-10-04,True,Trial
12027,8692,Starter,0,Active,2024-09-20,,True,Trial
12028,8692,Starter,29,Cancelled,2024-10-04,2024-11-04,False,Churned MRR
12029,8693,Starter,0,Cancelled,2024-09-20,2024-10-04,True,Trial
12030,8694,Pro,0,Cancelled,2024-09-20,2024-10-04,True,Trial
12031,8695,Business,0,Cancelled,2024-09-20,2024-10-04,True,Trial
12032,8696,Enterprise,0,Cancelled,2024-09-20,2024-10-04,True,Trial
12033,8697,Starter,0,Active,2024-09-20,,True,Trial
12034,8697,Starter,29,Cancelled,2024-11-04,2024-12-04,False,Churned MRR
12035,8698,Business,0,Active,2024-09-20,,True,Trial
12036,8698,Business,199,Active,2024-12-04,,False,Recurring
12037,8699,Business,0,Cancelled,2024-09-20,2024-10-04,True,Trial
12038,8700,Starter,0,Cancelled,2024-09-20,2024-10-04,True,Trial
12039,8701,Pro,0,Cancelled,2024-09-20,2024-10-04,True,Trial
12040,8702,Starter,0,Cancelled,2024-09-20,2024-10-04,True,Trial
12041,8703,Starter,0,Cancelled,2024-09-20,2024-10-04,True,Trial
12042,8704,Starter,0,Cancelled,2024-09-20,2024-10-04,True,Trial
12043,8705,Pro,0,Cancelled,2024-09-20,2024-10-04,True,Trial
12044,8706,Business,0,Cancelled,2024-09-20,2024-10-04,True,Trial
12045,8707,Starter,0,Cancelled,2024-09-20,2024-10-04,True,Trial
12046,8708,Starter,0,Cancelled,2024-09-21,2024-10-05,True,Trial
12047,8709,Business,0,Cancelled,2024-09-21,2024-10-05,True,Trial
12048,8710,Starter,0,Cancelled,2024-09-21,2024-10-05,True,Trial
12049,8711,Starter,0,Cancelled,2024-09-21,2024-10-05,True,Trial
12050,8712,Enterprise,0,Cancelled,2024-09-21,2024-10-05,True,Trial
12051,8713,Business,0,Active,2024-09-21,,True,Trial
12052,8713,Business,199,Upgraded,2024-11-05,2024-12-05,False,Expansion MRR
12053,8713,Enterprise,499,Downgraded,2024-12-05,2025-01-05,False,Contraction MRR
12054,8714,Pro,0,Active,2024-09-21,,True,Trial
12055,8714,Pro,79,Active,2024-12-05,,False,Recurring
12056,8715,Pro,0,Cancelled,2024-09-21,2024-10-05,True,Trial
12057,8716,Pro,0,Cancelled,2024-09-21,2024-10-05,True,Trial
12058,8717,Starter,0,Cancelled,2024-09-21,2024-10-05,True,Trial
12059,8718,Business,0,Cancelled,2024-09-21,2024-10-05,True,Trial
12060,8719,Business,0,Cancelled,2024-09-21,2024-10-05,True,Trial
12061,8720,Starter,0,Cancelled,2024-09-21,2024-10-05,True,Trial
12062,8721,Business,0,Cancelled,2024-09-21,2024-10-05,True,Trial
12063,8722,Starter,0,Cancelled,2024-09-21,2024-10-05,True,Trial
12064,8723,Starter,0,Cancelled,2024-09-21,2024-10-05,True,Trial
12065,8724,Pro,0,Cancelled,2024-09-21,2024-10-05,True,Trial
12066,8725,Starter,0,Cancelled,2024-09-21,2024-10-05,True,Trial
12067,8726,Starter,0,Cancelled,2024-09-21,2024-10-05,True,Trial
12068,8727,Starter,0,Cancelled,2024-09-21,2024-10-05,True,Trial
12069,8728,Business,0,Cancelled,2024-09-21,2024-10-05,True,Trial
12070,8729,Business,0,Active,2024-09-21,,True,Trial
12071,8729,Business,199,Cancelled,2024-12-05,2025-01-01,False,Churned MRR
12072,8730,Starter,0,Cancelled,2024-09-21,2024-10-05,True,Trial
12073,8731,Pro,0,Cancelled,2024-09-21,2024-10-05,True,Trial
12074,8732,Pro,0,Cancelled,2024-09-21,2024-10-05,True,Trial
12075,8733,Starter,0,Cancelled,2024-09-22,2024-10-06,True,Trial
12076,8734,Starter,0,Cancelled,2024-09-22,2024-10-06,True,Trial
12077,8735,Starter,0,Cancelled,2024-09-22,2024-10-06,True,Trial
12078,8736,Pro,0,Cancelled,2024-09-22,2024-10-06,True,Trial
12079,8737,Enterprise,0,Active,2024-09-22,,True,Trial
12080,8737,Enterprise,499,Cancelled,2024-12-06,2025-01-01,False,Churned MRR
12081,8738,Business,0,Active,2024-09-22,,True,Trial
12082,8738,Business,199,Active,2024-12-06,,False,Recurring
12083,8739,Enterprise,0,Cancelled,2024-09-22,2024-10-06,True,Trial
12084,8740,Pro,0,Cancelled,2024-09-22,2024-10-06,True,Trial
12085,8741,Starter,0,Cancelled,2024-09-22,2024-10-06,True,Trial
12086,8742,Enterprise,0,Cancelled,2024-09-22,2024-10-06,True,Trial
12087,8743,Business,0,Active,2024-09-22,,True,Trial
12088,8743,Business,199,Active,2024-12-06,,False,Recurring
12089,8744,Starter,0,Cancelled,2024-09-22,2024-10-06,True,Trial
12090,8745,Starter,0,Active,2024-09-22,,True,Trial
12091,8745,Starter,29,Active,2024-12-06,,False,Recurring
12092,8746,Enterprise,0,Cancelled,2024-09-22,2024-10-06,True,Trial
12093,8747,Starter,0,Cancelled,2024-09-22,2024-10-06,True,Trial
12094,8748,Starter,0,Cancelled,2024-09-22,2024-10-06,True,Trial
12095,8749,Enterprise,0,Cancelled,2024-09-22,2024-10-06,True,Trial
12096,8750,Starter,0,Cancelled,2024-09-22,2024-10-06,True,Trial
12097,8751,Starter,0,Cancelled,2024-09-22,2024-10-06,True,Trial
12098,8752,Starter,0,Cancelled,2024-09-22,2024-10-06,True,Trial
12099,8753,Pro,0,Cancelled,2024-09-22,2024-10-06,True,Trial
12100,8754,Pro,0,Cancelled,2024-09-23,2024-10-07,True,Trial
12101,8755,Pro,0,Cancelled,2024-09-23,2024-10-07,True,Trial
12102,8756,Pro,0,Active,2024-09-23,,True,Trial
12103,8756,Pro,79,Cancelled,2024-11-07,2024-12-07,False,Churned MRR
12104,8757,Enterprise,0,Active,2024-09-23,,True,Trial
12105,8757,Enterprise,499,Active,2024-12-07,,False,Recurring
12106,8758,Starter,0,Cancelled,2024-09-23,2024-10-07,True,Trial
12107,8759,Pro,0,Cancelled,2024-09-23,2024-10-07,True,Trial
12108,8760,Starter,0,Cancelled,2024-09-23,2024-10-07,True,Trial
12109,8761,Pro,0,Active,2024-09-23,,True,Trial
12110,8761,Pro,79,Active,2024-12-07,,False,Recurring
12111,8762,Pro,0,Cancelled,2024-09-23,2024-10-07,True,Trial
12112,8763,Starter,0,Cancelled,2024-09-23,2024-10-07,True,Trial
12113,8764,Business,0,Cancelled,2024-09-23,2024-10-07,True,Trial
12114,8765,Pro,0,Cancelled,2024-09-23,2024-10-07,True,Trial
12115,8766,Starter,0,Cancelled,2024-09-23,2024-10-07,True,Trial
12116,8767,Pro,0,Cancelled,2024-09-23,2024-10-07,True,Trial
12117,8768,Pro,0,Cancelled,2024-09-23,2024-10-07,True,Trial
12118,8769,Enterprise,0,Active,2024-09-23,,True,Trial
12119,8769,Enterprise,499,Active,2024-12-07,,False,Recurring
12120,8770,Starter,0,Cancelled,2024-09-23,2024-10-07,True,Trial
12121,8771,Pro,0,Cancelled,2024-09-23,2024-10-07,True,Trial
12122,8772,Business,0,Active,2024-09-23,,True,Trial
12123,8772,Business,199,Active,2024-12-07,,False,Recurring
12124,8773,Business,0,Active,2024-09-23,,True,Trial
12125,8773,Business,199,Active,2024-12-07,,False,Recurring
12126,8774,Pro,0,Cancelled,2024-09-23,2024-10-07,True,Trial
12127,8775,Pro,0,Cancelled,2024-09-23,2024-10-07,True,Trial
12128,8776,Starter,0,Cancelled,2024-09-23,2024-10-07,True,Trial
12129,8777,Starter,0,Cancelled,2024-09-23,2024-10-07,True,Trial
12130,8778,Starter,0,Cancelled,2024-09-23,2024-10-07,True,Trial
12131,8779,Starter,0,Active,2024-09-23,,True,Trial
12132,8779,Starter,29,Cancelled,2024-10-07,2024-11-07,False,Churned MRR
12133,8780,Pro,0,Cancelled,2024-09-24,2024-10-08,True,Trial
12134,8781,Starter,0,Active,2024-09-24,,True,Trial
12135,8781,Starter,29,Active,2024-12-08,,False,Recurring
12136,8782,Pro,0,Cancelled,2024-09-24,2024-10-08,True,Trial
12137,8783,Business,0,Cancelled,2024-09-24,2024-10-08,True,Trial
12138,8784,Enterprise,0,Active,2024-09-24,,True,Trial
12139,8784,Enterprise,499,Downgraded,2024-10-08,2024-11-08,False,Contraction MRR
12140,8784,Business,199,Active,2024-12-08,,False,Recurring
12141,8785,Starter,0,Cancelled,2024-09-24,2024-10-08,True,Trial
12142,8786,Pro,0,Cancelled,2024-09-24,2024-10-08,True,Trial
12143,8787,Business,0,Cancelled,2024-09-24,2024-10-08,True,Trial
12144,8788,Starter,0,Active,2024-09-24,,True,Trial
12145,8788,Starter,29,Active,2024-12-08,,False,Recurring
12146,8789,Pro,0,Active,2024-09-24,,True,Trial
12147,8789,Pro,79,Active,2024-12-08,,False,Recurring
12148,8790,Pro,0,Cancelled,2024-09-24,2024-10-08,True,Trial
12149,8791,Pro,0,Cancelled,2024-09-24,2024-10-08,True,Trial
12150,8792,Pro,0,Active,2024-09-24,,True,Trial
12151,8792,Pro,79,Downgraded,2024-11-08,2024-12-08,False,Contraction MRR
12152,8792,Starter,29,Active,2024-12-08,,False,Contraction MRR
12153,8793,Starter,0,Cancelled,2024-09-24,2024-10-08,True,Trial
12154,8794,Business,0,Active,2024-09-24,,True,Trial
12155,8794,Business,199,Upgraded,2024-12-08,2025-01-08,False,Expansion MRR
12156,8795,Starter,0,Cancelled,2024-09-24,2024-10-08,True,Trial
12157,8796,Business,0,Active,2024-09-24,,True,Trial
12158,8796,Business,199,Active,2024-12-08,,False,Recurring
12159,8797,Pro,0,Active,2024-09-24,,True,Trial
12160,8797,Pro,79,Active,2024-12-08,,False,Recurring
12161,8798,Business,0,Active,2024-09-24,,True,Trial
12162,8798,Business,199,Active,2024-12-08,,False,Recurring
12163,8799,Starter,0,Cancelled,2024-09-24,2024-10-08,True,Trial
12164,8800,Pro,0,Cancelled,2024-09-24,2024-10-08,True,Trial
12165,8801,Starter,0,Cancelled,2024-09-24,2024-10-08,True,Trial
12166,8802,Starter,0,Cancelled,2024-09-24,2024-10-08,True,Trial
12167,8803,Pro,0,Cancelled,2024-09-24,2024-10-08,True,Trial
12168,8804,Starter,0,Cancelled,2024-09-24,2024-10-08,True,Trial
12169,8805,Starter,0,Cancelled,2024-09-24,2024-10-08,True,Trial
12170,8806,Pro,0,Cancelled,2024-09-24,2024-10-08,True,Trial
12171,8807,Starter,0,Cancelled,2024-09-25,2024-10-09,True,Trial
12172,8808,Pro,0,Cancelled,2024-09-25,2024-10-09,True,Trial
12173,8809,Business,0,Cancelled,2024-09-25,2024-10-09,True,Trial
12174,8810,Pro,0,Cancelled,2024-09-25,2024-10-09,True,Trial
12175,8811,Pro,0,Cancelled,2024-09-25,2024-10-09,True,Trial
12176,8812,Enterprise,0,Active,2024-09-25,,True,Trial
12177,8812,Enterprise,499,Active,2024-12-09,,False,Recurring
12178,8813,Starter,0,Active,2024-09-25,,True,Trial
12179,8813,Starter,29,Cancelled,2024-11-09,2024-12-09,False,Churned MRR
12180,8814,Business,0,Active,2024-09-25,,True,Trial
12181,8814,Business,199,Active,2024-12-09,,False,Recurring
12182,8815,Pro,0,Cancelled,2024-09-25,2024-10-09,True,Trial
12183,8816,Starter,0,Active,2024-09-25,,True,Trial
12184,8816,Starter,29,Active,2024-12-09,,False,Recurring
12185,8817,Starter,0,Cancelled,2024-09-25,2024-10-09,True,Trial
12186,8818,Starter,0,Cancelled,2024-09-25,2024-10-09,True,Trial
12187,8819,Business,0,Active,2024-09-25,,True,Trial
12188,8819,Business,199,Active,2024-12-09,,False,Recurring
12189,8820,Starter,0,Cancelled,2024-09-25,2024-10-09,True,Trial
12190,8821,Starter,0,Cancelled,2024-09-25,2024-10-09,True,Trial
12191,8822,Pro,0,Cancelled,2024-09-25,2024-10-09,True,Trial
12192,8823,Pro,0,Cancelled,2024-09-25,2024-10-09,True,Trial
12193,8824,Pro,0,Cancelled,2024-09-25,2024-10-09,True,Trial
12194,8825,Business,0,Cancelled,2024-09-25,2024-10-09,True,Trial
12195,8826,Starter,0,Cancelled,2024-09-25,2024-10-09,True,Trial
12196,8827,Pro,0,Cancelled,2024-09-25,2024-10-09,True,Trial
12197,8828,Starter,0,Cancelled,2024-09-25,2024-10-09,True,Trial
12198,8829,Enterprise,0,Cancelled,2024-09-25,2024-10-09,True,Trial
12199,8830,Starter,0,Cancelled,2024-09-25,2024-10-09,True,Trial
12200,8831,Pro,0,Cancelled,2024-09-25,2024-10-09,True,Trial
12201,8832,Starter,0,Cancelled,2024-09-25,2024-10-09,True,Trial
12202,8833,Starter,0,Cancelled,2024-09-26,2024-10-10,True,Trial
12203,8834,Business,0,Cancelled,2024-09-26,2024-10-10,True,Trial
12204,8835,Business,0,Active,2024-09-26,,True,Trial
12205,8835,Business,199,Active,2024-12-10,,False,Recurring
12206,8836,Starter,0,Cancelled,2024-09-26,2024-10-10,True,Trial
12207,8837,Business,0,Cancelled,2024-09-26,2024-10-10,True,Trial
12208,8838,Pro,0,Cancelled,2024-09-26,2024-10-10,True,Trial
12209,8839,Business,0,Active,2024-09-26,,True,Trial
12210,8839,Business,199,Active,2024-12-10,,False,Recurring
12211,8840,Starter,0,Cancelled,2024-09-26,2024-10-10,True,Trial
12212,8841,Business,0,Cancelled,2024-09-26,2024-10-10,True,Trial
12213,8842,Starter,0,Cancelled,2024-09-26,2024-10-10,True,Trial
12214,8843,Pro,0,Cancelled,2024-09-26,2024-10-10,True,Trial
12215,8844,Business,0,Cancelled,2024-09-26,2024-10-10,True,Trial
12216,8845,Pro,0,Cancelled,2024-09-26,2024-10-10,True,Trial
12217,8846,Starter,0,Cancelled,2024-09-26,2024-10-10,True,Trial
12218,8847,Pro,0,Cancelled,2024-09-26,2024-10-10,True,Trial
12219,8848,Starter,0,Active,2024-09-26,,True,Trial
12220,8848,Starter,29,Active,2024-12-10,,False,Recurring
12221,8849,Starter,0,Active,2024-09-26,,True,Trial
12222,8849,Starter,29,Active,2024-12-10,,False,Recurring
12223,8850,Starter,0,Active,2024-09-26,,True,Trial
12224,8850,Starter,29,Active,2024-12-10,,False,Recurring
12225,8851,Starter,0,Cancelled,2024-09-26,2024-10-10,True,Trial
12226,8852,Starter,0,Cancelled,2024-09-26,2024-10-10,True,Trial
12227,8853,Business,0,Active,2024-09-26,,True,Trial
12228,8853,Business,199,Active,2024-12-10,,False,Recurring
12229,8854,Enterprise,0,Cancelled,2024-09-26,2024-10-10,True,Trial
12230,8855,Pro,0,Cancelled,2024-09-26,2024-10-10,True,Trial
12231,8856,Business,0,Cancelled,2024-09-27,2024-10-11,True,Trial
12232,8857,Pro,0,Cancelled,2024-09-27,2024-10-11,True,Trial
12233,8858,Starter,0,Cancelled,2024-09-27,2024-10-11,True,Trial
12234,8859,Enterprise,0,Cancelled,2024-09-27,2024-10-11,True,Trial
12235,8860,Enterprise,0,Cancelled,2024-09-27,2024-10-11,True,Trial
12236,8861,Pro,0,Active,2024-09-27,,True,Trial
12237,8861,Pro,79,Active,2024-12-11,,False,Recurring
12238,8862,Pro,0,Active,2024-09-27,,True,Trial
12239,8862,Pro,79,Active,2024-12-11,,False,Recurring
12240,8863,Starter,0,Cancelled,2024-09-27,2024-10-11,True,Trial
12241,8864,Pro,0,Cancelled,2024-09-27,2024-10-11,True,Trial
12242,8865,Starter,0,Cancelled,2024-09-27,2024-10-11,True,Trial
12243,8866,Pro,0,Cancelled,2024-09-27,2024-10-11,True,Trial
12244,8867,Business,0,Cancelled,2024-09-27,2024-10-11,True,Trial
12245,8868,Pro,0,Cancelled,2024-09-27,2024-10-11,True,Trial
12246,8869,Pro,0,Cancelled,2024-09-27,2024-10-11,True,Trial
12247,8870,Pro,0,Cancelled,2024-09-27,2024-10-11,True,Trial
12248,8871,Starter,0,Active,2024-09-27,,True,Trial
12249,8871,Starter,29,Active,2024-12-11,,False,Recurring
12250,8872,Pro,0,Cancelled,2024-09-27,2024-10-11,True,Trial
12251,8873,Business,0,Active,2024-09-27,,True,Trial
12252,8873,Business,199,Active,2024-12-11,,False,Recurring
12253,8874,Enterprise,0,Active,2024-09-27,,True,Trial
12254,8874,Enterprise,499,Active,2024-12-11,,False,Recurring
12255,8875,Pro,0,Active,2024-09-27,,True,Trial
12256,8875,Pro,79,Active,2024-12-11,,False,Recurring
12257,8876,Pro,0,Cancelled,2024-09-28,2024-10-12,True,Trial
12258,8877,Starter,0,Cancelled,2024-09-28,2024-10-12,True,Trial
12259,8878,Enterprise,0,Active,2024-09-28,,True,Trial
12260,8878,Enterprise,499,Active,2024-12-12,,False,Recurring
12261,8879,Pro,0,Cancelled,2024-09-28,2024-10-12,True,Trial
12262,8880,Business,0,Cancelled,2024-09-28,2024-10-12,True,Trial
12263,8881,Starter,0,Cancelled,2024-09-28,2024-10-12,True,Trial
12264,8882,Enterprise,0,Cancelled,2024-09-28,2024-10-12,True,Trial
12265,8883,Starter,0,Cancelled,2024-09-28,2024-10-12,True,Trial
12266,8884,Pro,0,Cancelled,2024-09-28,2024-10-12,True,Trial
12267,8885,Enterprise,0,Active,2024-09-28,,True,Trial
12268,8885,Enterprise,499,Downgraded,2024-12-12,2025-01-12,False,Contraction MRR
12269,8886,Pro,0,Cancelled,2024-09-28,2024-10-12,True,Trial
12270,8887,Pro,0,Active,2024-09-28,,True,Trial
12271,8887,Pro,79,Active,2024-12-12,,False,Recurring
12272,8888,Pro,0,Cancelled,2024-09-28,2024-10-12,True,Trial
12273,8889,Pro,0,Cancelled,2024-09-28,2024-10-12,True,Trial
12274,8890,Starter,0,Active,2024-09-28,,True,Trial
12275,8890,Starter,29,Active,2024-12-12,,False,Recurring
12276,8891,Pro,0,Cancelled,2024-09-28,2024-10-12,True,Trial
12277,8892,Enterprise,0,Cancelled,2024-09-28,2024-10-12,True,Trial
12278,8893,Pro,0,Cancelled,2024-09-29,2024-10-13,True,Trial
12279,8894,Starter,0,Cancelled,2024-09-29,2024-10-13,True,Trial
12280,8895,Pro,0,Cancelled,2024-09-29,2024-10-13,True,Trial
12281,8896,Business,0,Active,2024-09-29,,True,Trial
12282,8896,Business,199,Cancelled,2024-10-13,2024-11-13,False,Churned MRR
12283,8897,Starter,0,Active,2024-09-29,,True,Trial
12284,8897,Starter,29,Active,2024-12-13,,False,Recurring
12285,8898,Starter,0,Cancelled,2024-09-29,2024-10-13,True,Trial
12286,8899,Starter,0,Cancelled,2024-09-29,2024-10-13,True,Trial
12287,8900,Business,0,Cancelled,2024-09-29,2024-10-13,True,Trial
12288,8901,Pro,0,Cancelled,2024-09-29,2024-10-13,True,Trial
12289,8902,Starter,0,Active,2024-09-29,,True,Trial
12290,8902,Starter,29,Active,2024-12-13,,False,Recurring
12291,8903,Starter,0,Cancelled,2024-09-29,2024-10-13,True,Trial
12292,8904,Starter,0,Active,2024-09-29,,True,Trial
12293,8904,Starter,29,Cancelled,2024-12-13,2025-01-01,False,Churned MRR
12294,8905,Enterprise,0,Cancelled,2024-09-29,2024-10-13,True,Trial
12295,8906,Starter,0,Cancelled,2024-09-29,2024-10-13,True,Trial
12296,8907,Enterprise,0,Active,2024-09-29,,True,Trial
12297,8907,Enterprise,499,Active,2024-12-13,,False,Recurring
12298,8908,Enterprise,0,Active,2024-09-29,,True,Trial
12299,8908,Enterprise,499,Active,2024-12-13,,False,Recurring
12300,8909,Starter,0,Cancelled,2024-09-29,2024-10-13,True,Trial
12301,8910,Pro,0,Active,2024-09-29,,True,Trial
12302,8910,Pro,79,Active,2024-12-13,,False,Recurring
12303,8911,Starter,0,Cancelled,2024-09-30,2024-10-14,True,Trial
12304,8912,Pro,0,Cancelled,2024-09-30,2024-10-14,True,Trial
12305,8913,Business,0,Cancelled,2024-09-30,2024-10-14,True,Trial
12306,8914,Pro,0,Active,2024-09-30,,True,Trial
12307,8914,Pro,79,Cancelled,2024-10-14,2024-11-14,False,Churned MRR
12308,8915,Enterprise,0,Active,2024-09-30,,True,Trial
12309,8915,Enterprise,499,Active,2024-12-14,,False,Recurring
12310,8916,Starter,0,Cancelled,2024-09-30,2024-10-14,True,Trial
12311,8917,Enterprise,0,Cancelled,2024-09-30,2024-10-14,True,Trial
12312,8918,Starter,0,Cancelled,2024-09-30,2024-10-14,True,Trial
12313,8919,Business,0,Active,2024-09-30,,True,Trial
12314,8919,Business,199,Active,2024-12-14,,False,Recurring
12315,8920,Business,0,Cancelled,2024-09-30,2024-10-14,True,Trial
12316,8921,Starter,0,Cancelled,2024-09-30,2024-10-14,True,Trial
12317,8922,Starter,0,Active,2024-09-30,,True,Trial
12318,8922,Starter,29,Cancelled,2024-11-14,2024-12-14,False,Churned MRR
12319,8923,Starter,0,Cancelled,2024-09-30,2024-10-14,True,Trial
12320,8924,Pro,0,Cancelled,2024-09-30,2024-10-14,True,Trial
12321,8925,Pro,0,Cancelled,2024-09-30,2024-10-14,True,Trial
12322,8926,Starter,0,Cancelled,2024-09-30,2024-10-14,True,Trial
12323,8927,Pro,0,Active,2024-09-30,,True,Trial
12324,8927,Pro,79,Downgraded,2024-12-14,2025-01-14,False,Contraction MRR
12325,8928,Business,0,Cancelled,2024-09-30,2024-10-14,True,Trial
12326,8929,Starter,0,Active,2024-09-30,,True,Trial
12327,8929,Starter,29,Active,2024-12-14,,False,Recurring
12328,8930,Business,0,Cancelled,2024-09-30,2024-10-14,True,Trial
12329,8931,Enterprise,0,Active,2024-10-01,,True,Trial
12330,8931,Enterprise,499,Active,2024-12-15,,False,Recurring
12331,8932,Business,0,Cancelled,2024-10-01,2024-10-15,True,Trial
12332,8933,Enterprise,0,Cancelled,2024-10-01,2024-10-15,True,Trial
12333,8934,Pro,0,Cancelled,2024-10-01,2024-10-15,True,Trial
12334,8935,Enterprise,0,Active,2024-10-01,,True,Trial
12335,8935,Enterprise,499,Active,2024-12-15,,False,Recurring
12336,8936,Enterprise,0,Cancelled,2024-10-01,2024-10-15,True,Trial
12337,8937,Starter,0,Active,2024-10-01,,True,Trial
12338,8937,Starter,29,Cancelled,2024-11-15,2024-12-15,False,Churned MRR
12339,8938,Pro,0,Cancelled,2024-10-01,2024-10-15,True,Trial
12340,8939,Starter,0,Cancelled,2024-10-01,2024-10-15,True,Trial
12341,8940,Pro,0,Cancelled,2024-10-01,2024-10-15,True,Trial
12342,8941,Starter,0,Cancelled,2024-10-01,2024-10-15,True,Trial
12343,8942,Enterprise,0,Active,2024-10-01,,True,Trial
12344,8942,Enterprise,499,Active,2024-12-15,,False,Recurring
12345,8943,Business,0,Cancelled,2024-10-01,2024-10-15,True,Trial
12346,8944,Pro,0,Active,2024-10-01,,True,Trial
12347,8944,Pro,79,Cancelled,2024-10-15,2024-11-15,False,Churned MRR
12348,8945,Business,0,Cancelled,2024-10-01,2024-10-15,True,Trial
12349,8946,Pro,0,Cancelled,2024-10-01,2024-10-15,True,Trial
12350,8947,Enterprise,0,Active,2024-10-01,,True,Trial
12351,8947,Enterprise,499,Downgraded,2024-11-15,2024-12-15,False,Contraction MRR
12352,8947,Business,199,Active,2024-12-15,,False,Contraction MRR
12353,8948,Starter,0,Active,2024-10-01,,True,Trial
12354,8948,Starter,29,Active,2024-12-15,,False,Recurring
12355,8949,Starter,0,Cancelled,2024-10-01,2024-10-15,True,Trial
12356,8950,Starter,0,Active,2024-10-01,,True,Trial
12357,8950,Starter,29,Cancelled,2024-12-15,2025-01-01,False,Churned MRR
12358,8951,Pro,0,Cancelled,2024-10-01,2024-10-15,True,Trial
12359,8952,Pro,0,Cancelled,2024-10-01,2024-10-15,True,Trial
12360,8953,Starter,0,Cancelled,2024-10-01,2024-10-15,True,Trial
12361,8954,Pro,0,Cancelled,2024-10-01,2024-10-15,True,Trial
12362,8955,Starter,0,Cancelled,2024-10-01,2024-10-15,True,Trial
12363,8956,Starter,0,Cancelled,2024-10-01,2024-10-15,True,Trial
12364,8957,Business,0,Active,2024-10-02,,True,Trial
12365,8957,Business,199,Active,2024-12-16,,False,Recurring
12366,8958,Pro,0,Active,2024-10-02,,True,Trial
12367,8958,Pro,79,Active,2024-12-16,,False,Recurring
12368,8959,Pro,0,Cancelled,2024-10-02,2024-10-16,True,Trial
12369,8960,Starter,0,Cancelled,2024-10-02,2024-10-16,True,Trial
12370,8961,Enterprise,0,Cancelled,2024-10-02,2024-10-16,True,Trial
12371,8962,Starter,0,Cancelled,2024-10-02,2024-10-16,True,Trial
12372,8963,Starter,0,Cancelled,2024-10-02,2024-10-16,True,Trial
12373,8964,Starter,0,Active,2024-10-02,,True,Trial
12374,8964,Starter,29,Active,2024-12-16,,False,Recurring
12375,8965,Starter,0,Cancelled,2024-10-02,2024-10-16,True,Trial
12376,8966,Pro,0,Cancelled,2024-10-02,2024-10-16,True,Trial
12377,8967,Starter,0,Cancelled,2024-10-02,2024-10-16,True,Trial
12378,8968,Business,0,Cancelled,2024-10-02,2024-10-16,True,Trial
12379,8969,Enterprise,0,Active,2024-10-02,,True,Trial
12380,8969,Enterprise,499,Downgraded,2024-11-16,2024-12-16,False,Contraction MRR
12381,8969,Business,199,Active,2024-12-16,,False,Contraction MRR
12382,8970,Starter,0,Cancelled,2024-10-02,2024-10-16,True,Trial
12383,8971,Business,0,Active,2024-10-02,,True,Trial
12384,8971,Business,199,Cancelled,2024-10-16,2024-11-16,False,Churned MRR
12385,8972,Enterprise,0,Active,2024-10-02,,True,Trial
12386,8972,Enterprise,499,Active,2024-12-16,,False,Recurring
12387,8973,Enterprise,0,Active,2024-10-02,,True,Trial
12388,8973,Enterprise,499,Active,2024-12-16,,False,Recurring
12389,8974,Enterprise,0,Active,2024-10-03,,True,Trial
12390,8974,Enterprise,499,Active,2024-12-17,,False,Recurring
12391,8975,Enterprise,0,Cancelled,2024-10-03,2024-10-17,True,Trial
12392,8976,Business,0,Cancelled,2024-10-03,2024-10-17,True,Trial
12393,8977,Pro,0,Active,2024-10-03,,True,Trial
12394,8977,Pro,79,Active,2024-12-17,,False,Recurring
12395,8978,Starter,0,Cancelled,2024-10-03,2024-10-17,True,Trial
12396,8979,Enterprise,0,Active,2024-10-03,,True,Trial
12397,8979,Enterprise,499,Active,2024-12-17,,False,Recurring
12398,8980,Pro,0,Cancelled,2024-10-03,2024-10-17,True,Trial
12399,8981,Pro,0,Active,2024-10-03,,True,Trial
12400,8981,Pro,79,Active,2024-12-17,,False,Recurring
12401,8982,Enterprise,0,Cancelled,2024-10-03,2024-10-17,True,Trial
12402,8983,Pro,0,Cancelled,2024-10-03,2024-10-17,True,Trial
12403,8984,Enterprise,0,Active,2024-10-03,,True,Trial
12404,8984,Enterprise,499,Active,2024-12-17,,False,Recurring
12405,8985,Starter,0,Cancelled,2024-10-03,2024-10-17,True,Trial
12406,8986,Starter,0,Cancelled,2024-10-03,2024-10-17,True,Trial
12407,8987,Business,0,Active,2024-10-03,,True,Trial
12408,8987,Business,199,Active,2024-12-17,,False,Recurring
12409,8988,Enterprise,0,Cancelled,2024-10-03,2024-10-17,True,Trial
12410,8989,Business,0,Cancelled,2024-10-03,2024-10-17,True,Trial
12411,8990,Enterprise,0,Cancelled,2024-10-03,2024-10-17,True,Trial
12412,8991,Business,0,Active,2024-10-03,,True,Trial
12413,8991,Business,199,Active,2024-12-17,,False,Recurring
12414,8992,Pro,0,Cancelled,2024-10-03,2024-10-17,True,Trial
12415,8993,Starter,0,Cancelled,2024-10-03,2024-10-17,True,Trial
12416,8994,Pro,0,Active,2024-10-03,,True,Trial
12417,8994,Pro,79,Active,2024-12-17,,False,Recurring
12418,8995,Starter,0,Cancelled,2024-10-03,2024-10-17,True,Trial
12419,8996,Business,0,Active,2024-10-03,,True,Trial
12420,8996,Business,199,Active,2024-12-17,,False,Recurring
12421,8997,Starter,0,Active,2024-10-03,,True,Trial
12422,8997,Starter,29,Active,2024-12-17,,False,Recurring
12423,8998,Starter,0,Cancelled,2024-10-03,2024-10-17,True,Trial
12424,8999,Enterprise,0,Active,2024-10-03,,True,Trial
12425,8999,Enterprise,499,Active,2024-12-17,,False,Recurring
12426,9000,Pro,0,Cancelled,2024-10-03,2024-10-17,True,Trial
12427,9001,Starter,0,Cancelled,2024-10-03,2024-10-17,True,Trial
12428,9002,Business,0,Cancelled,2024-10-03,2024-10-17,True,Trial
12429,9003,Business,0,Active,2024-10-03,,True,Trial
12430,9003,Business,199,Active,2024-12-17,,False,Recurring
12431,9004,Starter,0,Cancelled,2024-10-04,2024-10-18,True,Trial
12432,9005,Starter,0,Cancelled,2024-10-04,2024-10-18,True,Trial
12433,9006,Enterprise,0,Cancelled,2024-10-04,2024-10-18,True,Trial
12434,9007,Starter,0,Cancelled,2024-10-04,2024-10-18,True,Trial
12435,9008,Starter,0,Cancelled,2024-10-04,2024-10-18,True,Trial
12436,9009,Enterprise,0,Cancelled,2024-10-04,2024-10-18,True,Trial
12437,9010,Pro,0,Active,2024-10-04,,True,Trial
12438,9010,Pro,79,Active,2024-12-18,,False,Recurring
12439,9011,Business,0,Active,2024-10-04,,True,Trial
12440,9011,Business,199,Active,2024-12-18,,False,Recurring
12441,9012,Business,0,Active,2024-10-04,,True,Trial
12442,9012,Business,199,Active,2024-12-18,,False,Recurring
12443,9013,Pro,0,Active,2024-10-04,,True,Trial
12444,9013,Pro,79,Active,2024-12-18,,False,Recurring
12445,9014,Starter,0,Active,2024-10-04,,True,Trial
12446,9014,Starter,29,Active,2024-12-18,,False,Recurring
12447,9015,Pro,0,Cancelled,2024-10-04,2024-10-18,True,Trial
12448,9016,Enterprise,0,Cancelled,2024-10-04,2024-10-18,True,Trial
12449,9017,Pro,0,Cancelled,2024-10-04,2024-10-18,True,Trial
12450,9018,Pro,0,Active,2024-10-04,,True,Trial
12451,9018,Pro,79,Active,2024-12-18,,False,Recurring
12452,9019,Business,0,Cancelled,2024-10-04,2024-10-18,True,Trial
12453,9020,Pro,0,Cancelled,2024-10-04,2024-10-18,True,Trial
12454,9021,Enterprise,0,Cancelled,2024-10-04,2024-10-18,True,Trial
12455,9022,Pro,0,Cancelled,2024-10-04,2024-10-18,True,Trial
12456,9023,Starter,0,Cancelled,2024-10-04,2024-10-18,True,Trial
12457,9024,Starter,0,Cancelled,2024-10-04,2024-10-18,True,Trial
12458,9025,Pro,0,Cancelled,2024-10-04,2024-10-18,True,Trial
12459,9026,Pro,0,Cancelled,2024-10-04,2024-10-18,True,Trial
12460,9027,Starter,0,Cancelled,2024-10-04,2024-10-18,True,Trial
12461,9028,Enterprise,0,Cancelled,2024-10-04,2024-10-18,True,Trial
12462,9029,Starter,0,Cancelled,2024-10-04,2024-10-18,True,Trial
12463,9030,Pro,0,Active,2024-10-04,,True,Trial
12464,9030,Pro,79,Active,2024-12-18,,False,Recurring
12465,9031,Starter,0,Cancelled,2024-10-05,2024-10-19,True,Trial
12466,9032,Starter,0,Active,2024-10-05,,True,Trial
12467,9032,Starter,29,Active,2024-12-19,,False,Recurring
12468,9033,Pro,0,Cancelled,2024-10-05,2024-10-19,True,Trial
12469,9034,Pro,0,Active,2024-10-05,,True,Trial
12470,9034,Pro,79,Active,2024-12-19,,False,Recurring
12471,9035,Enterprise,0,Cancelled,2024-10-05,2024-10-19,True,Trial
12472,9036,Pro,0,Cancelled,2024-10-05,2024-10-19,True,Trial
12473,9037,Pro,0,Cancelled,2024-10-05,2024-10-19,True,Trial
12474,9038,Starter,0,Cancelled,2024-10-05,2024-10-19,True,Trial
12475,9039,Business,0,Active,2024-10-05,,True,Trial
12476,9039,Business,199,Active,2024-12-19,,False,Recurring
12477,9040,Business,0,Cancelled,2024-10-05,2024-10-19,True,Trial
12478,9041,Pro,0,Active,2024-10-05,,True,Trial
12479,9041,Pro,79,Active,2024-12-19,,False,Recurring
12480,9042,Starter,0,Cancelled,2024-10-05,2024-10-19,True,Trial
12481,9043,Starter,0,Cancelled,2024-10-05,2024-10-19,True,Trial
12482,9044,Pro,0,Cancelled,2024-10-05,2024-10-19,True,Trial
12483,9045,Starter,0,Active,2024-10-05,,True,Trial
12484,9045,Starter,29,Active,2024-12-19,,False,Recurring
12485,9046,Starter,0,Cancelled,2024-10-05,2024-10-19,True,Trial
12486,9047,Starter,0,Cancelled,2024-10-05,2024-10-19,True,Trial
12487,9048,Starter,0,Active,2024-10-06,,True,Trial
12488,9048,Starter,29,Upgraded,2024-10-20,2024-11-20,False,Expansion MRR
12489,9048,Pro,79,Active,2024-12-20,,False,Recurring
12490,9049,Pro,0,Active,2024-10-06,,True,Trial
12491,9049,Pro,79,Active,2024-12-20,,False,Recurring
12492,9050,Starter,0,Cancelled,2024-10-06,2024-10-20,True,Trial
12493,9051,Enterprise,0,Active,2024-10-06,,True,Trial
12494,9051,Enterprise,499,Active,2024-12-20,,False,Recurring
12495,9052,Pro,0,Cancelled,2024-10-06,2024-10-20,True,Trial
12496,9053,Enterprise,0,Active,2024-10-06,,True,Trial
12497,9053,Enterprise,499,Active,2024-12-20,,False,Recurring
12498,9054,Business,0,Cancelled,2024-10-06,2024-10-20,True,Trial
12499,9055,Starter,0,Cancelled,2024-10-06,2024-10-20,True,Trial
12500,9056,Starter,0,Cancelled,2024-10-06,2024-10-20,True,Trial
12501,9057,Enterprise,0,Active,2024-10-06,,True,Trial
12502,9057,Enterprise,499,Active,2024-12-20,,False,Recurring
12503,9058,Starter,0,Cancelled,2024-10-06,2024-10-20,True,Trial
12504,9059,Pro,0,Active,2024-10-06,,True,Trial
12505,9059,Pro,79,Active,2024-12-20,,False,Recurring
12506,9060,Pro,0,Active,2024-10-06,,True,Trial
12507,9060,Pro,79,Active,2024-12-20,,False,Recurring
12508,9061,Starter,0,Cancelled,2024-10-06,2024-10-20,True,Trial
12509,9062,Starter,0,Active,2024-10-06,,True,Trial
12510,9062,Starter,29,Active,2024-12-20,,False,Recurring
12511,9063,Pro,0,Active,2024-10-06,,True,Trial
12512,9063,Pro,79,Cancelled,2024-11-20,2024-12-20,False,Churned MRR
12513,9064,Starter,0,Cancelled,2024-10-06,2024-10-20,True,Trial
12514,9065,Business,0,Active,2024-10-06,,True,Trial
12515,9065,Business,199,Upgraded,2024-12-20,2025-01-20,False,Expansion MRR
12516,9066,Starter,0,Active,2024-10-06,,True,Trial
12517,9066,Starter,29,Active,2024-12-20,,False,Recurring
12518,9067,Pro,0,Active,2024-10-07,,True,Trial
12519,9067,Pro,79,Active,2024-12-21,,False,Recurring
12520,9068,Enterprise,0,Cancelled,2024-10-07,2024-10-21,True,Trial
12521,9069,Starter,0,Cancelled,2024-10-07,2024-10-21,True,Trial
12522,9070,Starter,0,Cancelled,2024-10-07,2024-10-21,True,Trial
12523,9071,Business,0,Active,2024-10-07,,True,Trial
12524,9071,Business,199,Active,2024-12-21,,False,Recurring
12525,9072,Starter,0,Cancelled,2024-10-07,2024-10-21,True,Trial
12526,9073,Pro,0,Cancelled,2024-10-07,2024-10-21,True,Trial
12527,9074,Starter,0,Cancelled,2024-10-07,2024-10-21,True,Trial
12528,9075,Enterprise,0,Cancelled,2024-10-07,2024-10-21,True,Trial
12529,9076,Pro,0,Cancelled,2024-10-07,2024-10-21,True,Trial
12530,9077,Business,0,Active,2024-10-07,,True,Trial
12531,9077,Business,199,Active,2024-12-21,,False,Recurring
12532,9078,Enterprise,0,Cancelled,2024-10-07,2024-10-21,True,Trial
12533,9079,Starter,0,Cancelled,2024-10-07,2024-10-21,True,Trial
12534,9080,Pro,0,Cancelled,2024-10-08,2024-10-22,True,Trial
12535,9081,Enterprise,0,Active,2024-10-08,,True,Trial
12536,9081,Enterprise,499,Active,2024-12-22,,False,Recurring
12537,9082,Business,0,Cancelled,2024-10-08,2024-10-22,True,Trial
12538,9083,Enterprise,0,Active,2024-10-08,,True,Trial
12539,9083,Enterprise,499,Active,2024-12-22,,False,Recurring
12540,9084,Starter,0,Active,2024-10-08,,True,Trial
12541,9084,Starter,29,Cancelled,2024-10-22,2024-11-22,False,Churned MRR
12542,9085,Business,0,Active,2024-10-08,,True,Trial
12543,9085,Business,199,Active,2024-12-22,,False,Recurring
12544,9086,Pro,0,Cancelled,2024-10-08,2024-10-22,True,Trial
12545,9087,Enterprise,0,Cancelled,2024-10-08,2024-10-22,True,Trial
12546,9088,Starter,0,Active,2024-10-08,,True,Trial
12547,9088,Starter,29,Cancelled,2024-12-22,2025-01-01,False,Churned MRR
12548,9089,Pro,0,Cancelled,2024-10-08,2024-10-22,True,Trial
12549,9090,Pro,0,Active,2024-10-08,,True,Trial
12550,9090,Pro,79,Active,2024-12-22,,False,Recurring
12551,9091,Pro,0,Active,2024-10-08,,True,Trial
12552,9091,Pro,79,Downgraded,2024-12-22,2025-01-22,False,Contraction MRR
12553,9092,Business,0,Cancelled,2024-10-08,2024-10-22,True,Trial
12554,9093,Pro,0,Cancelled,2024-10-08,2024-10-22,True,Trial
12555,9094,Starter,0,Cancelled,2024-10-08,2024-10-22,True,Trial
12556,9095,Enterprise,0,Cancelled,2024-10-08,2024-10-22,True,Trial
12557,9096,Pro,0,Cancelled,2024-10-08,2024-10-22,True,Trial
12558,9097,Starter,0,Cancelled,2024-10-08,2024-10-22,True,Trial
12559,9098,Enterprise,0,Cancelled,2024-10-08,2024-10-22,True,Trial
12560,9099,Starter,0,Active,2024-10-08,,True,Trial
12561,9099,Starter,29,Active,2024-12-22,,False,Recurring
12562,9100,Starter,0,Cancelled,2024-10-08,2024-10-22,True,Trial
12563,9101,Pro,0,Cancelled,2024-10-08,2024-10-22,True,Trial
12564,9102,Enterprise,0,Active,2024-10-08,,True,Trial
12565,9102,Enterprise,499,Active,2024-12-22,,False,Recurring
12566,9103,Business,0,Cancelled,2024-10-08,2024-10-22,True,Trial
12567,9104,Starter,0,Cancelled,2024-10-09,2024-10-23,True,Trial
12568,9105,Pro,0,Cancelled,2024-10-09,2024-10-23,True,Trial
12569,9106,Business,0,Active,2024-10-09,,True,Trial
12570,9106,Business,199,Active,2024-12-23,,False,Recurring
12571,9107,Pro,0,Cancelled,2024-10-09,2024-10-23,True,Trial
12572,9108,Starter,0,Cancelled,2024-10-09,2024-10-23,True,Trial
12573,9109,Business,0,Active,2024-10-09,,True,Trial
12574,9109,Business,199,Active,2024-12-23,,False,Recurring
12575,9110,Business,0,Cancelled,2024-10-09,2024-10-23,True,Trial
12576,9111,Starter,0,Cancelled,2024-10-09,2024-10-23,True,Trial
12577,9112,Pro,0,Cancelled,2024-10-09,2024-10-23,True,Trial
12578,9113,Enterprise,0,Cancelled,2024-10-09,2024-10-23,True,Trial
12579,9114,Starter,0,Cancelled,2024-10-09,2024-10-23,True,Trial
12580,9115,Starter,0,Cancelled,2024-10-09,2024-10-23,True,Trial
12581,9116,Pro,0,Active,2024-10-09,,True,Trial
12582,9116,Pro,79,Active,2024-12-23,,False,Recurring
12583,9117,Pro,0,Cancelled,2024-10-09,2024-10-23,True,Trial
12584,9118,Starter,0,Cancelled,2024-10-09,2024-10-23,True,Trial
12585,9119,Pro,0,Cancelled,2024-10-09,2024-10-23,True,Trial
12586,9120,Pro,0,Active,2024-10-09,,True,Trial
12587,9120,Pro,79,Cancelled,2024-11-23,2024-12-23,False,Churned MRR
12588,9121,Business,0,Active,2024-10-09,,True,Trial
12589,9121,Business,199,Cancelled,2024-10-23,2024-11-23,False,Churned MRR
12590,9122,Starter,0,Cancelled,2024-10-09,2024-10-23,True,Trial
12591,9123,Pro,0,Cancelled,2024-10-09,2024-10-23,True,Trial
12592,9124,Business,0,Cancelled,2024-10-09,2024-10-23,True,Trial
12593,9125,Pro,0,Cancelled,2024-10-09,2024-10-23,True,Trial
12594,9126,Enterprise,0,Active,2024-10-09,,True,Trial
12595,9126,Enterprise,499,Active,2024-12-23,,False,Recurring
12596,9127,Starter,0,Cancelled,2024-10-09,2024-10-23,True,Trial
12597,9128,Pro,0,Cancelled,2024-10-09,2024-10-23,True,Trial
12598,9129,Pro,0,Active,2024-10-09,,True,Trial
12599,9129,Pro,79,Active,2024-12-23,,False,Recurring
12600,9130,Enterprise,0,Cancelled,2024-10-09,2024-10-23,True,Trial
12601,9131,Starter,0,Cancelled,2024-10-09,2024-10-23,True,Trial
12602,9132,Enterprise,0,Cancelled,2024-10-09,2024-10-23,True,Trial
12603,9133,Starter,0,Cancelled,2024-10-09,2024-10-23,True,Trial
12604,9134,Enterprise,0,Cancelled,2024-10-09,2024-10-23,True,Trial
12605,9135,Pro,0,Cancelled,2024-10-09,2024-10-23,True,Trial
12606,9136,Starter,0,Cancelled,2024-10-10,2024-10-24,True,Trial
12607,9137,Pro,0,Cancelled,2024-10-10,2024-10-24,True,Trial
12608,9138,Starter,0,Cancelled,2024-10-10,2024-10-24,True,Trial
12609,9139,Starter,0,Cancelled,2024-10-10,2024-10-24,True,Trial
12610,9140,Business,0,Active,2024-10-10,,True,Trial
12611,9140,Business,199,Active,2024-12-24,,False,Recurring
12612,9141,Pro,0,Cancelled,2024-10-10,2024-10-24,True,Trial
12613,9142,Pro,0,Cancelled,2024-10-10,2024-10-24,True,Trial
12614,9143,Business,0,Cancelled,2024-10-10,2024-10-24,True,Trial
12615,9144,Starter,0,Active,2024-10-10,,True,Trial
12616,9144,Starter,29,Active,2024-12-24,,False,Recurring
12617,9145,Starter,0,Active,2024-10-10,,True,Trial
12618,9145,Starter,29,Active,2024-12-24,,False,Recurring
12619,9146,Starter,0,Cancelled,2024-10-10,2024-10-24,True,Trial
12620,9147,Starter,0,Cancelled,2024-10-10,2024-10-24,True,Trial
12621,9148,Pro,0,Cancelled,2024-10-10,2024-10-24,True,Trial
12622,9149,Pro,0,Cancelled,2024-10-10,2024-10-24,True,Trial
12623,9150,Pro,0,Active,2024-10-10,,True,Trial
12624,9150,Pro,79,Active,2024-12-24,,False,Recurring
12625,9151,Business,0,Active,2024-10-10,,True,Trial
12626,9151,Business,199,Active,2024-12-24,,False,Recurring
12627,9152,Starter,0,Cancelled,2024-10-10,2024-10-24,True,Trial
12628,9153,Enterprise,0,Active,2024-10-10,,True,Trial
12629,9153,Enterprise,499,Active,2024-12-24,,False,Recurring
12630,9154,Starter,0,Active,2024-10-10,,True,Trial
12631,9154,Starter,29,Active,2024-12-24,,False,Recurring
12632,9155,Starter,0,Cancelled,2024-10-10,2024-10-24,True,Trial
12633,9156,Pro,0,Active,2024-10-10,,True,Trial
12634,9156,Pro,79,Active,2024-12-24,,False,Recurring
12635,9157,Enterprise,0,Cancelled,2024-10-10,2024-10-24,True,Trial
12636,9158,Starter,0,Cancelled,2024-10-11,2024-10-25,True,Trial
12637,9159,Pro,0,Active,2024-10-11,,True,Trial
12638,9159,Pro,79,Active,2024-12-25,,False,Recurring
12639,9160,Enterprise,0,Cancelled,2024-10-11,2024-10-25,True,Trial
12640,9161,Business,0,Cancelled,2024-10-11,2024-10-25,True,Trial
12641,9162,Starter,0,Cancelled,2024-10-11,2024-10-25,True,Trial
12642,9163,Starter,0,Cancelled,2024-10-11,2024-10-25,True,Trial
12643,9164,Enterprise,0,Cancelled,2024-10-11,2024-10-25,True,Trial
12644,9165,Business,0,Active,2024-10-11,,True,Trial
12645,9165,Business,199,Active,2024-12-25,,False,Recurring
12646,9166,Starter,0,Cancelled,2024-10-11,2024-10-25,True,Trial
12647,9167,Starter,0,Cancelled,2024-10-11,2024-10-25,True,Trial
12648,9168,Business,0,Active,2024-10-11,,True,Trial
12649,9168,Business,199,Active,2024-12-25,,False,Recurring
12650,9169,Starter,0,Cancelled,2024-10-11,2024-10-25,True,Trial
12651,9170,Starter,0,Cancelled,2024-10-11,2024-10-25,True,Trial
12652,9171,Business,0,Cancelled,2024-10-11,2024-10-25,True,Trial
12653,9172,Pro,0,Cancelled,2024-10-11,2024-10-25,True,Trial
12654,9173,Pro,0,Cancelled,2024-10-11,2024-10-25,True,Trial
12655,9174,Enterprise,0,Active,2024-10-11,,True,Trial
12656,9174,Enterprise,499,Active,2024-12-25,,False,Recurring
12657,9175,Starter,0,Active,2024-10-11,,True,Trial
12658,9175,Starter,29,Cancelled,2024-10-25,2024-11-25,False,Churned MRR
12659,9176,Starter,0,Cancelled,2024-10-11,2024-10-25,True,Trial
12660,9177,Enterprise,0,Active,2024-10-11,,True,Trial
12661,9177,Enterprise,499,Active,2024-12-25,,False,Recurring
12662,9178,Pro,0,Cancelled,2024-10-11,2024-10-25,True,Trial
12663,9179,Starter,0,Cancelled,2024-10-11,2024-10-25,True,Trial
12664,9180,Enterprise,0,Active,2024-10-11,,True,Trial
12665,9180,Enterprise,499,Active,2024-12-25,,False,Recurring
12666,9181,Starter,0,Cancelled,2024-10-11,2024-10-25,True,Trial
12667,9182,Pro,0,Cancelled,2024-10-11,2024-10-25,True,Trial
12668,9183,Starter,0,Active,2024-10-11,,True,Trial
12669,9183,Starter,29,Active,2024-12-25,,False,Recurring
12670,9184,Business,0,Active,2024-10-12,,True,Trial
12671,9184,Business,199,Upgraded,2024-10-26,2024-11-26,False,Expansion MRR
12672,9184,Enterprise,499,Active,2024-12-26,,False,Recurring
12673,9185,Pro,0,Cancelled,2024-10-12,2024-10-26,True,Trial
12674,9186,Pro,0,Cancelled,2024-10-12,2024-10-26,True,Trial
12675,9187,Starter,0,Cancelled,2024-10-12,2024-10-26,True,Trial
12676,9188,Business,0,Active,2024-10-12,,True,Trial
12677,9188,Business,199,Active,2024-12-26,,False,Recurring
12678,9189,Pro,0,Cancelled,2024-10-12,2024-10-26,True,Trial
12679,9190,Pro,0,Cancelled,2024-10-12,2024-10-26,True,Trial
12680,9191,Starter,0,Cancelled,2024-10-12,2024-10-26,True,Trial
12681,9192,Enterprise,0,Active,2024-10-12,,True,Trial
12682,9192,Enterprise,499,Active,2024-12-26,,False,Recurring
12683,9193,Business,0,Cancelled,2024-10-12,2024-10-26,True,Trial
12684,9194,Starter,0,Cancelled,2024-10-12,2024-10-26,True,Trial
12685,9195,Starter,0,Cancelled,2024-10-12,2024-10-26,True,Trial
12686,9196,Starter,0,Active,2024-10-12,,True,Trial
12687,9196,Starter,29,Upgraded,2024-11-26,2024-12-26,False,Expansion MRR
12688,9196,Pro,79,Active,2024-12-26,,False,Expansion MRR
12689,9197,Enterprise,0,Cancelled,2024-10-12,2024-10-26,True,Trial
12690,9198,Starter,0,Cancelled,2024-10-12,2024-10-26,True,Trial
12691,9199,Pro,0,Cancelled,2024-10-13,2024-10-27,True,Trial
12692,9200,Enterprise,0,Active,2024-10-13,,True,Trial
12693,9200,Enterprise,499,Active,2024-12-27,,False,Recurring
12694,9201,Enterprise,0,Cancelled,2024-10-13,2024-10-27,True,Trial
12695,9202,Pro,0,Cancelled,2024-10-13,2024-10-27,True,Trial
12696,9203,Pro,0,Cancelled,2024-10-13,2024-10-27,True,Trial
12697,9204,Starter,0,Cancelled,2024-10-13,2024-10-27,True,Trial
12698,9205,Starter,0,Cancelled,2024-10-13,2024-10-27,True,Trial
12699,9206,Enterprise,0,Active,2024-10-13,,True,Trial
12700,9206,Enterprise,499,Active,2024-12-27,,False,Recurring
12701,9207,Business,0,Cancelled,2024-10-13,2024-10-27,True,Trial
12702,9208,Starter,0,Cancelled,2024-10-13,2024-10-27,True,Trial
12703,9209,Pro,0,Active,2024-10-13,,True,Trial
12704,9209,Pro,79,Active,2024-12-27,,False,Recurring
12705,9210,Enterprise,0,Cancelled,2024-10-13,2024-10-27,True,Trial
12706,9211,Business,0,Cancelled,2024-10-13,2024-10-27,True,Trial
12707,9212,Starter,0,Cancelled,2024-10-13,2024-10-27,True,Trial
12708,9213,Enterprise,0,Cancelled,2024-10-13,2024-10-27,True,Trial
12709,9214,Pro,0,Cancelled,2024-10-13,2024-10-27,True,Trial
12710,9215,Pro,0,Active,2024-10-14,,True,Trial
12711,9215,Pro,79,Active,2024-12-28,,False,Recurring
12712,9216,Business,0,Cancelled,2024-10-14,2024-10-28,True,Trial
12713,9217,Starter,0,Cancelled,2024-10-14,2024-10-28,True,Trial
12714,9218,Enterprise,0,Active,2024-10-14,,True,Trial
12715,9218,Enterprise,499,Active,2024-12-28,,False,Recurring
12716,9219,Enterprise,0,Cancelled,2024-10-14,2024-10-28,True,Trial
12717,9220,Starter,0,Active,2024-10-14,,True,Trial
12718,9220,Starter,29,Active,2024-12-28,,False,Recurring
12719,9221,Pro,0,Cancelled,2024-10-14,2024-10-28,True,Trial
12720,9222,Enterprise,0,Active,2024-10-14,,True,Trial
12721,9222,Enterprise,499,Active,2024-12-28,,False,Recurring
12722,9223,Business,0,Cancelled,2024-10-14,2024-10-28,True,Trial
12723,9224,Pro,0,Active,2024-10-14,,True,Trial
12724,9224,Pro,79,Active,2024-12-28,,False,Recurring
12725,9225,Business,0,Cancelled,2024-10-14,2024-10-28,True,Trial
12726,9226,Enterprise,0,Active,2024-10-14,,True,Trial
12727,9226,Enterprise,499,Active,2024-12-28,,False,Recurring
12728,9227,Starter,0,Cancelled,2024-10-14,2024-10-28,True,Trial
12729,9228,Pro,0,Active,2024-10-14,,True,Trial
12730,9228,Pro,79,Downgraded,2024-10-28,2024-11-28,False,Contraction MRR
12731,9228,Starter,29,Active,2024-12-28,,False,Recurring
12732,9229,Pro,0,Active,2024-10-14,,True,Trial
12733,9229,Pro,79,Cancelled,2024-11-28,2024-12-28,False,Churned MRR
12734,9230,Enterprise,0,Cancelled,2024-10-14,2024-10-28,True,Trial
12735,9231,Starter,0,Cancelled,2024-10-14,2024-10-28,True,Trial
12736,9232,Enterprise,0,Active,2024-10-14,,True,Trial
12737,9232,Enterprise,499,Cancelled,2024-11-28,2024-12-28,False,Churned MRR
12738,9233,Business,0,Cancelled,2024-10-14,2024-10-28,True,Trial
12739,9234,Pro,0,Active,2024-10-14,,True,Trial
12740,9234,Pro,79,Active,2024-12-28,,False,Recurring
12741,9235,Pro,0,Cancelled,2024-10-14,2024-10-28,True,Trial
12742,9236,Enterprise,0,Active,2024-10-15,,True,Trial
12743,9236,Enterprise,499,Active,2024-12-29,,False,Recurring
12744,9237,Starter,0,Cancelled,2024-10-15,2024-10-29,True,Trial
12745,9238,Enterprise,0,Active,2024-10-15,,True,Trial
12746,9238,Enterprise,499,Active,2024-12-29,,False,Recurring
12747,9239,Starter,0,Cancelled,2024-10-15,2024-10-29,True,Trial
12748,9240,Starter,0,Cancelled,2024-10-15,2024-10-29,True,Trial
12749,9241,Starter,0,Cancelled,2024-10-15,2024-10-29,True,Trial
12750,9242,Enterprise,0,Active,2024-10-15,,True,Trial
12751,9242,Enterprise,499,Active,2024-12-29,,False,Recurring
12752,9243,Starter,0,Active,2024-10-15,,True,Trial
12753,9243,Starter,29,Active,2024-12-29,,False,Recurring
12754,9244,Starter,0,Active,2024-10-15,,True,Trial
12755,9244,Starter,29,Active,2024-12-29,,False,Recurring
12756,9245,Pro,0,Active,2024-10-15,,True,Trial
12757,9245,Pro,79,Cancelled,2024-11-29,2024-12-29,False,Churned MRR
12758,9246,Pro,0,Cancelled,2024-10-15,2024-10-29,True,Trial
12759,9247,Pro,0,Active,2024-10-15,,True,Trial
12760,9247,Pro,79,Active,2024-12-29,,False,Recurring
12761,9248,Starter,0,Cancelled,2024-10-15,2024-10-29,True,Trial
12762,9249,Starter,0,Active,2024-10-15,,True,Trial
12763,9249,Starter,29,Active,2024-12-29,,False,Recurring
12764,9250,Pro,0,Cancelled,2024-10-15,2024-10-29,True,Trial
12765,9251,Starter,0,Cancelled,2024-10-15,2024-10-29,True,Trial
12766,9252,Starter,0,Cancelled,2024-10-15,2024-10-29,True,Trial
12767,9253,Starter,0,Active,2024-10-15,,True,Trial
12768,9253,Starter,29,Active,2024-12-29,,False,Recurring
12769,9254,Pro,0,Active,2024-10-16,,True,Trial
12770,9254,Pro,79,Active,2024-12-30,,False,Recurring
12771,9255,Pro,0,Cancelled,2024-10-16,2024-10-30,True,Trial
12772,9256,Starter,0,Cancelled,2024-10-16,2024-10-30,True,Trial
12773,9257,Starter,0,Active,2024-10-16,,True,Trial
12774,9257,Starter,29,Active,2024-12-30,,False,Recurring
12775,9258,Pro,0,Cancelled,2024-10-16,2024-10-30,True,Trial
12776,9259,Pro,0,Cancelled,2024-10-16,2024-10-30,True,Trial
12777,9260,Pro,0,Cancelled,2024-10-16,2024-10-30,True,Trial
12778,9261,Enterprise,0,Active,2024-10-16,,True,Trial
12779,9261,Enterprise,499,Active,2024-12-30,,False,Recurring
12780,9262,Starter,0,Cancelled,2024-10-16,2024-10-30,True,Trial
12781,9263,Enterprise,0,Active,2024-10-16,,True,Trial
12782,9263,Enterprise,499,Active,2024-12-30,,False,Recurring
12783,9264,Pro,0,Active,2024-10-16,,True,Trial
12784,9264,Pro,79,Active,2024-12-30,,False,Recurring
12785,9265,Enterprise,0,Cancelled,2024-10-16,2024-10-30,True,Trial
12786,9266,Starter,0,Active,2024-10-16,,True,Trial
12787,9266,Starter,29,Active,2024-12-30,,False,Recurring
12788,9267,Business,0,Cancelled,2024-10-16,2024-10-30,True,Trial
12789,9268,Pro,0,Cancelled,2024-10-16,2024-10-30,True,Trial
12790,9269,Enterprise,0,Active,2024-10-16,,True,Trial
12791,9269,Enterprise,499,Active,2024-12-30,,False,Recurring
12792,9270,Starter,0,Cancelled,2024-10-16,2024-10-30,True,Trial
12793,9271,Business,0,Active,2024-10-16,,True,Trial
12794,9271,Business,199,Active,2024-12-30,,False,Recurring
12795,9272,Business,0,Cancelled,2024-10-17,2024-10-31,True,Trial
12796,9273,Starter,0,Cancelled,2024-10-17,2024-10-31,True,Trial
12797,9274,Starter,0,Active,2024-10-17,,True,Trial
12798,9274,Starter,29,Active,2024-12-30,,False,Recurring
12799,9275,Business,0,Active,2024-10-17,,True,Trial
12800,9275,Business,199,Active,2024-12-30,,False,Recurring
12801,9276,Starter,0,Cancelled,2024-10-17,2024-10-31,True,Trial
12802,9277,Starter,0,Cancelled,2024-10-17,2024-10-31,True,Trial
12803,9278,Starter,0,Cancelled,2024-10-17,2024-10-31,True,Trial
12804,9279,Starter,0,Cancelled,2024-10-17,2024-10-31,True,Trial
12805,9280,Starter,0,Cancelled,2024-10-17,2024-10-31,True,Trial
12806,9281,Starter,0,Cancelled,2024-10-17,2024-10-31,True,Trial
12807,9282,Business,0,Cancelled,2024-10-17,2024-10-31,True,Trial
12808,9283,Pro,0,Cancelled,2024-10-17,2024-10-31,True,Trial
12809,9284,Starter,0,Cancelled,2024-10-17,2024-10-31,True,Trial
12810,9285,Pro,0,Active,2024-10-17,,True,Trial
12811,9285,Pro,79,Active,2024-12-30,,False,Recurring
12812,9286,Business,0,Active,2024-10-17,,True,Trial
12813,9286,Business,199,Cancelled,2024-11-30,2024-12-30,False,Churned MRR
12814,9287,Pro,0,Cancelled,2024-10-17,2024-10-31,True,Trial
12815,9288,Starter,0,Cancelled,2024-10-17,2024-10-31,True,Trial
12816,9289,Business,0,Active,2024-10-17,,True,Trial
12817,9289,Business,199,Active,2024-12-30,,False,Recurring
12818,9290,Starter,0,Active,2024-10-17,,True,Trial
12819,9290,Starter,29,Active,2024-12-30,,False,Recurring
12820,9291,Starter,0,Cancelled,2024-10-17,2024-10-31,True,Trial
12821,9292,Business,0,Active,2024-10-17,,True,Trial
12822,9292,Business,199,Active,2024-12-30,,False,Recurring
12823,9293,Starter,0,Cancelled,2024-10-17,2024-10-31,True,Trial
12824,9294,Starter,0,Cancelled,2024-10-17,2024-10-31,True,Trial
12825,9295,Starter,0,Cancelled,2024-10-17,2024-10-31,True,Trial
12826,9296,Starter,0,Cancelled,2024-10-18,2024-11-01,True,Trial
12827,9297,Enterprise,0,Active,2024-10-18,,True,Trial
12828,9297,Enterprise,499,Active,2024-12-01,,False,Recurring
12829,9298,Starter,0,Cancelled,2024-10-18,2024-11-01,True,Trial
12830,9299,Pro,0,Cancelled,2024-10-18,2024-11-01,True,Trial
12831,9300,Business,0,Cancelled,2024-10-18,2024-11-01,True,Trial
12832,9301,Enterprise,0,Active,2024-10-18,,True,Trial
12833,9301,Enterprise,499,Active,2024-12-01,,False,Recurring
12834,9302,Enterprise,0,Cancelled,2024-10-18,2024-11-01,True,Trial
12835,9303,Starter,0,Active,2024-10-18,,True,Trial
12836,9303,Starter,29,Active,2024-12-01,,False,Recurring
12837,9304,Enterprise,0,Cancelled,2024-10-18,2024-11-01,True,Trial
12838,9305,Starter,0,Cancelled,2024-10-18,2024-11-01,True,Trial
12839,9306,Business,0,Cancelled,2024-10-18,2024-11-01,True,Trial
12840,9307,Pro,0,Cancelled,2024-10-18,2024-11-01,True,Trial
12841,9308,Pro,0,Cancelled,2024-10-18,2024-11-01,True,Trial
12842,9309,Pro,0,Cancelled,2024-10-18,2024-11-01,True,Trial
12843,9310,Starter,0,Cancelled,2024-10-18,2024-11-01,True,Trial
12844,9311,Pro,0,Cancelled,2024-10-18,2024-11-01,True,Trial
12845,9312,Starter,0,Cancelled,2024-10-18,2024-11-01,True,Trial
12846,9313,Enterprise,0,Cancelled,2024-10-18,2024-11-01,True,Trial
12847,9314,Pro,0,Active,2024-10-18,,True,Trial
12848,9314,Pro,79,Active,2024-12-01,,False,Recurring
12849,9315,Starter,0,Cancelled,2024-10-18,2024-11-01,True,Trial
12850,9316,Pro,0,Active,2024-10-18,,True,Trial
12851,9316,Pro,79,Downgraded,2024-12-01,2025-01-01,False,Contraction MRR
12852,9317,Starter,0,Cancelled,2024-10-18,2024-11-01,True,Trial
12853,9318,Pro,0,Active,2024-10-18,,True,Trial
12854,9318,Pro,79,Active,2024-12-01,,False,Recurring
12855,9319,Business,0,Cancelled,2024-10-18,2024-11-01,True,Trial
12856,9320,Starter,0,Active,2024-10-19,,True,Trial
12857,9320,Starter,29,Active,2024-12-02,,False,Recurring
12858,9321,Pro,0,Cancelled,2024-10-19,2024-11-02,True,Trial
12859,9322,Starter,0,Active,2024-10-19,,True,Trial
12860,9322,Starter,29,Active,2024-12-02,,False,Recurring
12861,9323,Starter,0,Cancelled,2024-10-19,2024-11-02,True,Trial
12862,9324,Starter,0,Cancelled,2024-10-19,2024-11-02,True,Trial
12863,9325,Pro,0,Cancelled,2024-10-19,2024-11-02,True,Trial
12864,9326,Pro,0,Cancelled,2024-10-19,2024-11-02,True,Trial
12865,9327,Starter,0,Cancelled,2024-10-19,2024-11-02,True,Trial
12866,9328,Starter,0,Cancelled,2024-10-19,2024-11-02,True,Trial
12867,9329,Enterprise,0,Cancelled,2024-10-19,2024-11-02,True,Trial
12868,9330,Business,0,Active,2024-10-19,,True,Trial
12869,9330,Business,199,Active,2024-12-02,,False,Recurring
12870,9331,Pro,0,Cancelled,2024-10-19,2024-11-02,True,Trial
12871,9332,Enterprise,0,Cancelled,2024-10-19,2024-11-02,True,Trial
12872,9333,Pro,0,Cancelled,2024-10-19,2024-11-02,True,Trial
12873,9334,Enterprise,0,Cancelled,2024-10-19,2024-11-02,True,Trial
12874,9335,Starter,0,Cancelled,2024-10-19,2024-11-02,True,Trial
12875,9336,Starter,0,Cancelled,2024-10-19,2024-11-02,True,Trial
12876,9337,Starter,0,Active,2024-10-19,,True,Trial
12877,9337,Starter,29,Active,2024-12-02,,False,Recurring
12878,9338,Business,0,Active,2024-10-19,,True,Trial
12879,9338,Business,199,Cancelled,2024-12-02,2025-01-01,False,Churned MRR
12880,9339,Enterprise,0,Active,2024-10-19,,True,Trial
12881,9339,Enterprise,499,Active,2024-12-02,,False,Recurring
12882,9340,Enterprise,0,Cancelled,2024-10-19,2024-11-02,True,Trial
12883,9341,Pro,0,Active,2024-10-19,,True,Trial
12884,9341,Pro,79,Active,2024-12-02,,False,Recurring
12885,9342,Pro,0,Cancelled,2024-10-19,2024-11-02,True,Trial
12886,9343,Pro,0,Active,2024-10-19,,True,Trial
12887,9343,Pro,79,Active,2024-12-02,,False,Recurring
12888,9344,Pro,0,Cancelled,2024-10-19,2024-11-02,True,Trial
12889,9345,Business,0,Cancelled,2024-10-19,2024-11-02,True,Trial
12890,9346,Starter,0,Cancelled,2024-10-19,2024-11-02,True,Trial
12891,9347,Starter,0,Active,2024-10-19,,True,Trial
12892,9347,Starter,29,Active,2024-12-02,,False,Recurring
12893,9348,Starter,0,Cancelled,2024-10-19,2024-11-02,True,Trial
12894,9349,Pro,0,Active,2024-10-19,,True,Trial
12895,9349,Pro,79,Active,2024-12-02,,False,Recurring
12896,9350,Pro,0,Cancelled,2024-10-19,2024-11-02,True,Trial
12897,9351,Starter,0,Cancelled,2024-10-19,2024-11-02,True,Trial
12898,9352,Pro,0,Cancelled,2024-10-19,2024-11-02,True,Trial
12899,9353,Pro,0,Cancelled,2024-10-19,2024-11-02,True,Trial
12900,9354,Pro,0,Cancelled,2024-10-19,2024-11-02,True,Trial
12901,9355,Business,0,Cancelled,2024-10-19,2024-11-02,True,Trial
12902,9356,Pro,0,Active,2024-10-19,,True,Trial
12903,9356,Pro,79,Downgraded,2024-11-02,2024-12-02,False,Contraction MRR
12904,9356,Starter,29,Active,2024-12-02,,False,Contraction MRR
12905,9357,Business,0,Cancelled,2024-10-19,2024-11-02,True,Trial
12906,9358,Starter,0,Cancelled,2024-10-20,2024-11-03,True,Trial
12907,9359,Pro,0,Cancelled,2024-10-20,2024-11-03,True,Trial
12908,9360,Enterprise,0,Cancelled,2024-10-20,2024-11-03,True,Trial
12909,9361,Enterprise,0,Cancelled,2024-10-20,2024-11-03,True,Trial
12910,9362,Pro,0,Cancelled,2024-10-20,2024-11-03,True,Trial
12911,9363,Pro,0,Cancelled,2024-10-20,2024-11-03,True,Trial
12912,9364,Starter,0,Active,2024-10-20,,True,Trial
12913,9364,Starter,29,Cancelled,2024-11-03,2024-12-03,False,Churned MRR
12914,9365,Pro,0,Cancelled,2024-10-20,2024-11-03,True,Trial
12915,9366,Starter,0,Cancelled,2024-10-20,2024-11-03,True,Trial
12916,9367,Enterprise,0,Active,2024-10-20,,True,Trial
12917,9367,Enterprise,499,Active,2024-12-03,,False,Recurring
12918,9368,Starter,0,Cancelled,2024-10-20,2024-11-03,True,Trial
12919,9369,Starter,0,Cancelled,2024-10-20,2024-11-03,True,Trial
12920,9370,Starter,0,Cancelled,2024-10-20,2024-11-03,True,Trial
12921,9371,Pro,0,Cancelled,2024-10-20,2024-11-03,True,Trial
12922,9372,Starter,0,Cancelled,2024-10-20,2024-11-03,True,Trial
12923,9373,Business,0,Cancelled,2024-10-20,2024-11-03,True,Trial
12924,9374,Enterprise,0,Active,2024-10-20,,True,Trial
12925,9374,Enterprise,499,Active,2024-12-03,,False,Recurring
12926,9375,Pro,0,Cancelled,2024-10-20,2024-11-03,True,Trial
12927,9376,Enterprise,0,Active,2024-10-20,,True,Trial
12928,9376,Enterprise,499,Active,2024-12-03,,False,Recurring
12929,9377,Starter,0,Cancelled,2024-10-20,2024-11-03,True,Trial
12930,9378,Starter,0,Cancelled,2024-10-20,2024-11-03,True,Trial
12931,9379,Pro,0,Active,2024-10-20,,True,Trial
12932,9379,Pro,79,Active,2024-12-03,,False,Recurring
12933,9380,Starter,0,Cancelled,2024-10-20,2024-11-03,True,Trial
12934,9381,Business,0,Cancelled,2024-10-20,2024-11-03,True,Trial
12935,9382,Starter,0,Cancelled,2024-10-20,2024-11-03,True,Trial
12936,9383,Pro,0,Cancelled,2024-10-20,2024-11-03,True,Trial
12937,9384,Pro,0,Cancelled,2024-10-21,2024-11-04,True,Trial
12938,9385,Pro,0,Cancelled,2024-10-21,2024-11-04,True,Trial
12939,9386,Pro,0,Cancelled,2024-10-21,2024-11-04,True,Trial
12940,9387,Starter,0,Active,2024-10-21,,True,Trial
12941,9387,Starter,29,Active,2024-12-04,,False,Recurring
12942,9388,Starter,0,Cancelled,2024-10-21,2024-11-04,True,Trial
12943,9389,Pro,0,Active,2024-10-21,,True,Trial
12944,9389,Pro,79,Active,2024-12-04,,False,Recurring
12945,9390,Starter,0,Active,2024-10-21,,True,Trial
12946,9390,Starter,29,Active,2024-12-04,,False,Recurring
12947,9391,Starter,0,Cancelled,2024-10-21,2024-11-04,True,Trial
12948,9392,Enterprise,0,Active,2024-10-21,,True,Trial
12949,9392,Enterprise,499,Active,2024-12-04,,False,Recurring
12950,9393,Enterprise,0,Cancelled,2024-10-21,2024-11-04,True,Trial
12951,9394,Pro,0,Cancelled,2024-10-21,2024-11-04,True,Trial
12952,9395,Pro,0,Cancelled,2024-10-21,2024-11-04,True,Trial
12953,9396,Starter,0,Active,2024-10-21,,True,Trial
12954,9396,Starter,29,Active,2024-12-04,,False,Recurring
12955,9397,Starter,0,Cancelled,2024-10-21,2024-11-04,True,Trial
12956,9398,Starter,0,Cancelled,2024-10-21,2024-11-04,True,Trial
12957,9399,Business,0,Active,2024-10-21,,True,Trial
12958,9399,Business,199,Active,2024-12-04,,False,Recurring
12959,9400,Starter,0,Cancelled,2024-10-21,2024-11-04,True,Trial
12960,9401,Starter,0,Cancelled,2024-10-21,2024-11-04,True,Trial
12961,9402,Starter,0,Cancelled,2024-10-21,2024-11-04,True,Trial
12962,9403,Pro,0,Cancelled,2024-10-21,2024-11-04,True,Trial
12963,9404,Pro,0,Cancelled,2024-10-21,2024-11-04,True,Trial
12964,9405,Starter,0,Cancelled,2024-10-21,2024-11-04,True,Trial
12965,9406,Pro,0,Cancelled,2024-10-21,2024-11-04,True,Trial
12966,9407,Pro,0,Cancelled,2024-10-21,2024-11-04,True,Trial
12967,9408,Pro,0,Cancelled,2024-10-22,2024-11-05,True,Trial
12968,9409,Enterprise,0,Cancelled,2024-10-22,2024-11-05,True,Trial
12969,9410,Starter,0,Active,2024-10-22,,True,Trial
12970,9410,Starter,29,Active,2024-12-05,,False,Recurring
12971,9411,Starter,0,Cancelled,2024-10-22,2024-11-05,True,Trial
12972,9412,Pro,0,Cancelled,2024-10-22,2024-11-05,True,Trial
12973,9413,Starter,0,Active,2024-10-22,,True,Trial
12974,9413,Starter,29,Active,2024-12-05,,False,Recurring
12975,9414,Starter,0,Cancelled,2024-10-22,2024-11-05,True,Trial
12976,9415,Starter,0,Cancelled,2024-10-22,2024-11-05,True,Trial
12977,9416,Starter,0,Cancelled,2024-10-22,2024-11-05,True,Trial
12978,9417,Starter,0,Cancelled,2024-10-22,2024-11-05,True,Trial
12979,9418,Starter,0,Cancelled,2024-10-22,2024-11-05,True,Trial
12980,9419,Starter,0,Active,2024-10-22,,True,Trial
12981,9419,Starter,29,Active,2024-12-05,,False,Recurring
12982,9420,Pro,0,Cancelled,2024-10-22,2024-11-05,True,Trial
12983,9421,Pro,0,Cancelled,2024-10-22,2024-11-05,True,Trial
12984,9422,Pro,0,Cancelled,2024-10-22,2024-11-05,True,Trial
12985,9423,Starter,0,Cancelled,2024-10-22,2024-11-05,True,Trial
12986,9424,Pro,0,Cancelled,2024-10-22,2024-11-05,True,Trial
12987,9425,Starter,0,Cancelled,2024-10-22,2024-11-05,True,Trial
12988,9426,Enterprise,0,Active,2024-10-22,,True,Trial
12989,9426,Enterprise,499,Active,2024-12-05,,False,Recurring
12990,9427,Starter,0,Cancelled,2024-10-22,2024-11-05,True,Trial
12991,9428,Starter,0,Cancelled,2024-10-22,2024-11-05,True,Trial
12992,9429,Business,0,Active,2024-10-22,,True,Trial
12993,9429,Business,199,Upgraded,2024-11-05,2024-12-05,False,Expansion MRR
12994,9429,Enterprise,499,Active,2024-12-05,,False,Expansion MRR
12995,9430,Starter,0,Cancelled,2024-10-22,2024-11-05,True,Trial
12996,9431,Business,0,Cancelled,2024-10-22,2024-11-05,True,Trial
12997,9432,Business,0,Active,2024-10-22,,True,Trial
12998,9432,Business,199,Active,2024-12-05,,False,Recurring
12999,9433,Pro,0,Cancelled,2024-10-23,2024-11-06,True,Trial
13000,9434,Starter,0,Cancelled,2024-10-23,2024-11-06,True,Trial
13001,9435,Business,0,Active,2024-10-23,,True,Trial
13002,9435,Business,199,Cancelled,2024-12-06,2025-01-01,False,Churned MRR
13003,9436,Business,0,Cancelled,2024-10-23,2024-11-06,True,Trial
13004,9437,Starter,0,Cancelled,2024-10-23,2024-11-06,True,Trial
13005,9438,Business,0,Cancelled,2024-10-23,2024-11-06,True,Trial
13006,9439,Business,0,Cancelled,2024-10-23,2024-11-06,True,Trial
13007,9440,Pro,0,Cancelled,2024-10-23,2024-11-06,True,Trial
13008,9441,Pro,0,Cancelled,2024-10-23,2024-11-06,True,Trial
13009,9442,Business,0,Active,2024-10-23,,True,Trial
13010,9442,Business,199,Active,2024-12-06,,False,Recurring
13011,9443,Starter,0,Cancelled,2024-10-23,2024-11-06,True,Trial
13012,9444,Starter,0,Active,2024-10-23,,True,Trial
13013,9444,Starter,29,Active,2024-12-06,,False,Recurring
13014,9445,Business,0,Active,2024-10-23,,True,Trial
13015,9445,Business,199,Active,2024-12-06,,False,Recurring
13016,9446,Pro,0,Cancelled,2024-10-23,2024-11-06,True,Trial
13017,9447,Enterprise,0,Active,2024-10-23,,True,Trial
13018,9447,Enterprise,499,Active,2024-12-06,,False,Recurring
13019,9448,Enterprise,0,Cancelled,2024-10-23,2024-11-06,True,Trial
13020,9449,Business,0,Cancelled,2024-10-23,2024-11-06,True,Trial
13021,9450,Pro,0,Cancelled,2024-10-23,2024-11-06,True,Trial
13022,9451,Enterprise,0,Cancelled,2024-10-23,2024-11-06,True,Trial
13023,9452,Starter,0,Cancelled,2024-10-23,2024-11-06,True,Trial
13024,9453,Starter,0,Active,2024-10-23,,True,Trial
13025,9453,Starter,29,Active,2024-12-06,,False,Recurring
13026,9454,Business,0,Active,2024-10-23,,True,Trial
13027,9454,Business,199,Active,2024-12-06,,False,Recurring
13028,9455,Pro,0,Cancelled,2024-10-23,2024-11-06,True,Trial
13029,9456,Pro,0,Active,2024-10-23,,True,Trial
13030,9456,Pro,79,Active,2024-12-06,,False,Recurring
13031,9457,Business,0,Cancelled,2024-10-23,2024-11-06,True,Trial
13032,9458,Pro,0,Cancelled,2024-10-23,2024-11-06,True,Trial
13033,9459,Starter,0,Cancelled,2024-10-23,2024-11-06,True,Trial
13034,9460,Pro,0,Cancelled,2024-10-23,2024-11-06,True,Trial
13035,9461,Enterprise,0,Cancelled,2024-10-23,2024-11-06,True,Trial
13036,9462,Pro,0,Active,2024-10-24,,True,Trial
13037,9462,Pro,79,Active,2024-12-07,,False,Recurring
13038,9463,Business,0,Cancelled,2024-10-24,2024-11-07,True,Trial
13039,9464,Starter,0,Cancelled,2024-10-24,2024-11-07,True,Trial
13040,9465,Starter,0,Cancelled,2024-10-24,2024-11-07,True,Trial
13041,9466,Pro,0,Cancelled,2024-10-24,2024-11-07,True,Trial
13042,9467,Pro,0,Cancelled,2024-10-24,2024-11-07,True,Trial
13043,9468,Enterprise,0,Active,2024-10-24,,True,Trial
13044,9468,Enterprise,499,Active,2024-12-07,,False,Recurring
13045,9469,Starter,0,Cancelled,2024-10-24,2024-11-07,True,Trial
13046,9470,Enterprise,0,Cancelled,2024-10-24,2024-11-07,True,Trial
13047,9471,Pro,0,Cancelled,2024-10-24,2024-11-07,True,Trial
13048,9472,Enterprise,0,Cancelled,2024-10-24,2024-11-07,True,Trial
13049,9473,Pro,0,Cancelled,2024-10-24,2024-11-07,True,Trial
13050,9474,Enterprise,0,Cancelled,2024-10-24,2024-11-07,True,Trial
13051,9475,Starter,0,Cancelled,2024-10-24,2024-11-07,True,Trial
13052,9476,Business,0,Active,2024-10-24,,True,Trial
13053,9476,Business,199,Active,2024-12-07,,False,Recurring
13054,9477,Starter,0,Cancelled,2024-10-24,2024-11-07,True,Trial
13055,9478,Business,0,Active,2024-10-24,,True,Trial
13056,9478,Business,199,Active,2024-12-07,,False,Recurring
13057,9479,Starter,0,Active,2024-10-24,,True,Trial
13058,9479,Starter,29,Active,2024-12-07,,False,Recurring
13059,9480,Business,0,Active,2024-10-24,,True,Trial
13060,9480,Business,199,Cancelled,2024-12-07,2025-01-01,False,Churned MRR
13061,9481,Business,0,Cancelled,2024-10-24,2024-11-07,True,Trial
13062,9482,Pro,0,Cancelled,2024-10-24,2024-11-07,True,Trial
13063,9483,Starter,0,Cancelled,2024-10-24,2024-11-07,True,Trial
13064,9484,Starter,0,Cancelled,2024-10-24,2024-11-07,True,Trial
13065,9485,Starter,0,Cancelled,2024-10-24,2024-11-07,True,Trial
13066,9486,Pro,0,Cancelled,2024-10-24,2024-11-07,True,Trial
13067,9487,Starter,0,Active,2024-10-24,,True,Trial
13068,9487,Starter,29,Cancelled,2024-11-07,2024-12-07,False,Churned MRR
13069,9488,Business,0,Cancelled,2024-10-24,2024-11-07,True,Trial
13070,9489,Enterprise,0,Cancelled,2024-10-24,2024-11-07,True,Trial
13071,9490,Starter,0,Cancelled,2024-10-24,2024-11-07,True,Trial
13072,9491,Pro,0,Cancelled,2024-10-24,2024-11-07,True,Trial
13073,9492,Pro,0,Active,2024-10-25,,True,Trial
13074,9492,Pro,79,Active,2024-12-08,,False,Recurring
13075,9493,Enterprise,0,Active,2024-10-25,,True,Trial
13076,9493,Enterprise,499,Active,2024-12-08,,False,Recurring
13077,9494,Enterprise,0,Cancelled,2024-10-25,2024-11-08,True,Trial
13078,9495,Starter,0,Cancelled,2024-10-25,2024-11-08,True,Trial
13079,9496,Pro,0,Cancelled,2024-10-25,2024-11-08,True,Trial
13080,9497,Pro,0,Cancelled,2024-10-25,2024-11-08,True,Trial
13081,9498,Starter,0,Cancelled,2024-10-25,2024-11-08,True,Trial
13082,9499,Starter,0,Cancelled,2024-10-25,2024-11-08,True,Trial
13083,9500,Enterprise,0,Cancelled,2024-10-25,2024-11-08,True,Trial
13084,9501,Business,0,Cancelled,2024-10-25,2024-11-08,True,Trial
13085,9502,Starter,0,Cancelled,2024-10-25,2024-11-08,True,Trial
13086,9503,Starter,0,Cancelled,2024-10-25,2024-11-08,True,Trial
13087,9504,Starter,0,Cancelled,2024-10-25,2024-11-08,True,Trial
13088,9505,Starter,0,Cancelled,2024-10-25,2024-11-08,True,Trial
13089,9506,Business,0,Cancelled,2024-10-25,2024-11-08,True,Trial
13090,9507,Pro,0,Cancelled,2024-10-25,2024-11-08,True,Trial
13091,9508,Starter,0,Cancelled,2024-10-25,2024-11-08,True,Trial
13092,9509,Starter,0,Cancelled,2024-10-25,2024-11-08,True,Trial
13093,9510,Pro,0,Active,2024-10-25,,True,Trial
13094,9510,Pro,79,Active,2024-12-08,,False,Recurring
13095,9511,Starter,0,Active,2024-10-25,,True,Trial
13096,9511,Starter,29,Active,2024-12-08,,False,Recurring
13097,9512,Pro,0,Cancelled,2024-10-25,2024-11-08,True,Trial
13098,9513,Enterprise,0,Active,2024-10-25,,True,Trial
13099,9513,Enterprise,499,Active,2024-12-08,,False,Recurring
13100,9514,Pro,0,Cancelled,2024-10-25,2024-11-08,True,Trial
13101,9515,Starter,0,Cancelled,2024-10-25,2024-11-08,True,Trial
13102,9516,Pro,0,Cancelled,2024-10-25,2024-11-08,True,Trial
13103,9517,Pro,0,Cancelled,2024-10-25,2024-11-08,True,Trial
13104,9518,Enterprise,0,Cancelled,2024-10-25,2024-11-08,True,Trial
13105,9519,Starter,0,Cancelled,2024-10-25,2024-11-08,True,Trial
13106,9520,Starter,0,Cancelled,2024-10-25,2024-11-08,True,Trial
13107,9521,Starter,0,Cancelled,2024-10-25,2024-11-08,True,Trial
13108,9522,Starter,0,Cancelled,2024-10-25,2024-11-08,True,Trial
13109,9523,Starter,0,Cancelled,2024-10-25,2024-11-08,True,Trial
13110,9524,Pro,0,Cancelled,2024-10-26,2024-11-09,True,Trial
13111,9525,Starter,0,Cancelled,2024-10-26,2024-11-09,True,Trial
13112,9526,Starter,0,Cancelled,2024-10-26,2024-11-09,True,Trial
13113,9527,Starter,0,Cancelled,2024-10-26,2024-11-09,True,Trial
13114,9528,Pro,0,Cancelled,2024-10-26,2024-11-09,True,Trial
13115,9529,Starter,0,Cancelled,2024-10-26,2024-11-09,True,Trial
13116,9530,Enterprise,0,Active,2024-10-26,,True,Trial
13117,9530,Enterprise,499,Active,2024-12-09,,False,Recurring
13118,9531,Enterprise,0,Active,2024-10-26,,True,Trial
13119,9531,Enterprise,499,Active,2024-12-09,,False,Recurring
13120,9532,Pro,0,Active,2024-10-26,,True,Trial
13121,9532,Pro,79,Active,2024-12-09,,False,Recurring
13122,9533,Enterprise,0,Cancelled,2024-10-26,2024-11-09,True,Trial
13123,9534,Pro,0,Cancelled,2024-10-26,2024-11-09,True,Trial
13124,9535,Enterprise,0,Cancelled,2024-10-26,2024-11-09,True,Trial
13125,9536,Starter,0,Cancelled,2024-10-26,2024-11-09,True,Trial
13126,9537,Enterprise,0,Cancelled,2024-10-26,2024-11-09,True,Trial
13127,9538,Business,0,Cancelled,2024-10-26,2024-11-09,True,Trial
13128,9539,Business,0,Cancelled,2024-10-26,2024-11-09,True,Trial
13129,9540,Business,0,Cancelled,2024-10-26,2024-11-09,True,Trial
13130,9541,Enterprise,0,Active,2024-10-26,,True,Trial
13131,9541,Enterprise,499,Active,2024-12-09,,False,Recurring
13132,9542,Pro,0,Cancelled,2024-10-26,2024-11-09,True,Trial
13133,9543,Starter,0,Cancelled,2024-10-26,2024-11-09,True,Trial
13134,9544,Starter,0,Cancelled,2024-10-26,2024-11-09,True,Trial
13135,9545,Pro,0,Cancelled,2024-10-26,2024-11-09,True,Trial
13136,9546,Starter,0,Cancelled,2024-10-26,2024-11-09,True,Trial
13137,9547,Pro,0,Cancelled,2024-10-26,2024-11-09,True,Trial
13138,9548,Enterprise,0,Active,2024-10-26,,True,Trial
13139,9548,Enterprise,499,Active,2024-12-09,,False,Recurring
13140,9549,Pro,0,Cancelled,2024-10-26,2024-11-09,True,Trial
13141,9550,Enterprise,0,Active,2024-10-26,,True,Trial
13142,9550,Enterprise,499,Active,2024-12-09,,False,Recurring
13143,9551,Starter,0,Cancelled,2024-10-26,2024-11-09,True,Trial
13144,9552,Business,0,Active,2024-10-26,,True,Trial
13145,9552,Business,199,Active,2024-12-09,,False,Recurring
13146,9553,Starter,0,Cancelled,2024-10-26,2024-11-09,True,Trial
13147,9554,Pro,0,Cancelled,2024-10-27,2024-11-10,True,Trial
13148,9555,Enterprise,0,Cancelled,2024-10-27,2024-11-10,True,Trial
13149,9556,Pro,0,Active,2024-10-27,,True,Trial
13150,9556,Pro,79,Active,2024-12-10,,False,Recurring
13151,9557,Starter,0,Cancelled,2024-10-27,2024-11-10,True,Trial
13152,9558,Starter,0,Cancelled,2024-10-27,2024-11-10,True,Trial
13153,9559,Business,0,Cancelled,2024-10-27,2024-11-10,True,Trial
13154,9560,Starter,0,Active,2024-10-27,,True,Trial
13155,9560,Starter,29,Cancelled,2024-12-10,2025-01-01,False,Churned MRR
13156,9561,Starter,0,Cancelled,2024-10-27,2024-11-10,True,Trial
13157,9562,Pro,0,Cancelled,2024-10-27,2024-11-10,True,Trial
13158,9563,Starter,0,Cancelled,2024-10-27,2024-11-10,True,Trial
13159,9564,Starter,0,Cancelled,2024-10-27,2024-11-10,True,Trial
13160,9565,Starter,0,Cancelled,2024-10-27,2024-11-10,True,Trial
13161,9566,Starter,0,Cancelled,2024-10-27,2024-11-10,True,Trial
13162,9567,Enterprise,0,Cancelled,2024-10-27,2024-11-10,True,Trial
13163,9568,Pro,0,Cancelled,2024-10-27,2024-11-10,True,Trial
13164,9569,Business,0,Active,2024-10-27,,True,Trial
13165,9569,Business,199,Cancelled,2024-11-10,2024-12-10,False,Churned MRR
13166,9570,Enterprise,0,Cancelled,2024-10-27,2024-11-10,True,Trial
13167,9571,Starter,0,Cancelled,2024-10-28,2024-11-11,True,Trial
13168,9572,Starter,0,Cancelled,2024-10-28,2024-11-11,True,Trial
13169,9573,Enterprise,0,Cancelled,2024-10-28,2024-11-11,True,Trial
13170,9574,Business,0,Cancelled,2024-10-28,2024-11-11,True,Trial
13171,9575,Pro,0,Cancelled,2024-10-28,2024-11-11,True,Trial
13172,9576,Pro,0,Cancelled,2024-10-28,2024-11-11,True,Trial
13173,9577,Pro,0,Active,2024-10-28,,True,Trial
13174,9577,Pro,79,Active,2024-12-11,,False,Recurring
13175,9578,Starter,0,Cancelled,2024-10-28,2024-11-11,True,Trial
13176,9579,Starter,0,Cancelled,2024-10-28,2024-11-11,True,Trial
13177,9580,Enterprise,0,Cancelled,2024-10-28,2024-11-11,True,Trial
13178,9581,Pro,0,Cancelled,2024-10-28,2024-11-11,True,Trial
13179,9582,Business,0,Cancelled,2024-10-28,2024-11-11,True,Trial
13180,9583,Starter,0,Cancelled,2024-10-28,2024-11-11,True,Trial
13181,9584,Business,0,Cancelled,2024-10-28,2024-11-11,True,Trial
13182,9585,Enterprise,0,Cancelled,2024-10-28,2024-11-11,True,Trial
13183,9586,Pro,0,Cancelled,2024-10-28,2024-11-11,True,Trial
13184,9587,Business,0,Active,2024-10-28,,True,Trial
13185,9587,Business,199,Active,2024-12-11,,False,Recurring
13186,9588,Starter,0,Cancelled,2024-10-28,2024-11-11,True,Trial
13187,9589,Pro,0,Cancelled,2024-10-28,2024-11-11,True,Trial
13188,9590,Pro,0,Cancelled,2024-10-28,2024-11-11,True,Trial
13189,9591,Pro,0,Cancelled,2024-10-28,2024-11-11,True,Trial
13190,9592,Business,0,Active,2024-10-28,,True,Trial
13191,9592,Business,199,Active,2024-12-11,,False,Recurring
13192,9593,Enterprise,0,Cancelled,2024-10-28,2024-11-11,True,Trial
13193,9594,Starter,0,Cancelled,2024-10-29,2024-11-12,True,Trial
13194,9595,Starter,0,Cancelled,2024-10-29,2024-11-12,True,Trial
13195,9596,Pro,0,Cancelled,2024-10-29,2024-11-12,True,Trial
13196,9597,Business,0,Active,2024-10-29,,True,Trial
13197,9597,Business,199,Active,2024-12-12,,False,Recurring
13198,9598,Starter,0,Cancelled,2024-10-29,2024-11-12,True,Trial
13199,9599,Enterprise,0,Cancelled,2024-10-29,2024-11-12,True,Trial
13200,9600,Starter,0,Cancelled,2024-10-29,2024-11-12,True,Trial
13201,9601,Starter,0,Cancelled,2024-10-29,2024-11-12,True,Trial
13202,9602,Starter,0,Cancelled,2024-10-29,2024-11-12,True,Trial
13203,9603,Starter,0,Active,2024-10-29,,True,Trial
13204,9603,Starter,29,Active,2024-12-12,,False,Recurring
13205,9604,Business,0,Cancelled,2024-10-29,2024-11-12,True,Trial
13206,9605,Starter,0,Active,2024-10-29,,True,Trial
13207,9605,Starter,29,Active,2024-12-12,,False,Recurring
13208,9606,Enterprise,0,Active,2024-10-29,,True,Trial
13209,9606,Enterprise,499,Active,2024-12-12,,False,Recurring
13210,9607,Starter,0,Cancelled,2024-10-29,2024-11-12,True,Trial
13211,9608,Enterprise,0,Active,2024-10-29,,True,Trial
13212,9608,Enterprise,499,Active,2024-12-12,,False,Recurring
13213,9609,Starter,0,Active,2024-10-29,,True,Trial
13214,9609,Starter,29,Cancelled,2024-12-12,2025-01-01,False,Churned MRR
13215,9610,Starter,0,Cancelled,2024-10-29,2024-11-12,True,Trial
13216,9611,Enterprise,0,Active,2024-10-29,,True,Trial
13217,9611,Enterprise,499,Active,2024-12-12,,False,Recurring
13218,9612,Pro,0,Active,2024-10-29,,True,Trial
13219,9612,Pro,79,Downgraded,2024-11-12,2024-12-12,False,Contraction MRR
13220,9612,Starter,29,Active,2024-12-12,,False,Contraction MRR
13221,9613,Starter,0,Active,2024-10-29,,True,Trial
13222,9613,Starter,29,Active,2024-12-12,,False,Recurring
13223,9614,Starter,0,Cancelled,2024-10-29,2024-11-12,True,Trial
13224,9615,Pro,0,Cancelled,2024-10-29,2024-11-12,True,Trial
13225,9616,Pro,0,Cancelled,2024-10-29,2024-11-12,True,Trial
13226,9617,Starter,0,Cancelled,2024-10-29,2024-11-12,True,Trial
13227,9618,Starter,0,Cancelled,2024-10-30,2024-11-13,True,Trial
13228,9619,Starter,0,Cancelled,2024-10-30,2024-11-13,True,Trial
13229,9620,Pro,0,Cancelled,2024-10-30,2024-11-13,True,Trial
13230,9621,Starter,0,Cancelled,2024-10-30,2024-11-13,True,Trial
13231,9622,Business,0,Cancelled,2024-10-30,2024-11-13,True,Trial
13232,9623,Business,0,Active,2024-10-30,,True,Trial
13233,9623,Business,199,Active,2024-12-13,,False,Recurring
13234,9624,Pro,0,Active,2024-10-30,,True,Trial
13235,9624,Pro,79,Active,2024-12-13,,False,Recurring
13236,9625,Starter,0,Cancelled,2024-10-30,2024-11-13,True,Trial
13237,9626,Starter,0,Active,2024-10-30,,True,Trial
13238,9626,Starter,29,Cancelled,2024-11-13,2024-12-13,False,Churned MRR
13239,9627,Business,0,Cancelled,2024-10-30,2024-11-13,True,Trial
13240,9628,Starter,0,Cancelled,2024-10-30,2024-11-13,True,Trial
13241,9629,Pro,0,Active,2024-10-30,,True,Trial
13242,9629,Pro,79,Active,2024-12-13,,False,Recurring
13243,9630,Pro,0,Cancelled,2024-10-30,2024-11-13,True,Trial
13244,9631,Pro,0,Cancelled,2024-10-30,2024-11-13,True,Trial
13245,9632,Starter,0,Active,2024-10-30,,True,Trial
13246,9632,Starter,29,Active,2024-12-13,,False,Recurring
13247,9633,Starter,0,Cancelled,2024-10-30,2024-11-13,True,Trial
13248,9634,Starter,0,Cancelled,2024-10-30,2024-11-13,True,Trial
13249,9635,Pro,0,Cancelled,2024-10-30,2024-11-13,True,Trial
13250,9636,Pro,0,Active,2024-10-30,,True,Trial
13251,9636,Pro,79,Active,2024-12-13,,False,Recurring
13252,9637,Starter,0,Cancelled,2024-10-30,2024-11-13,True,Trial
13253,9638,Starter,0,Active,2024-10-30,,True,Trial
13254,9638,Starter,29,Active,2024-12-13,,False,Recurring
13255,9639,Pro,0,Active,2024-10-30,,True,Trial
13256,9639,Pro,79,Active,2024-12-13,,False,Recurring
13257,9640,Business,0,Active,2024-10-30,,True,Trial
13258,9640,Business,199,Active,2024-12-13,,False,Recurring
13259,9641,Starter,0,Cancelled,2024-10-30,2024-11-13,True,Trial
13260,9642,Starter,0,Active,2024-10-31,,True,Trial
13261,9642,Starter,29,Active,2024-12-14,,False,Recurring
13262,9643,Enterprise,0,Cancelled,2024-10-31,2024-11-14,True,Trial
13263,9644,Starter,0,Cancelled,2024-10-31,2024-11-14,True,Trial
13264,9645,Starter,0,Cancelled,2024-10-31,2024-11-14,True,Trial
13265,9646,Starter,0,Cancelled,2024-10-31,2024-11-14,True,Trial
13266,9647,Pro,0,Cancelled,2024-10-31,2024-11-14,True,Trial
13267,9648,Starter,0,Active,2024-10-31,,True,Trial
13268,9648,Starter,29,Active,2024-12-14,,False,Recurring
13269,9649,Pro,0,Cancelled,2024-10-31,2024-11-14,True,Trial
13270,9650,Enterprise,0,Active,2024-10-31,,True,Trial
13271,9650,Enterprise,499,Active,2024-12-14,,False,Recurring
13272,9651,Starter,0,Cancelled,2024-10-31,2024-11-14,True,Trial
13273,9652,Enterprise,0,Active,2024-10-31,,True,Trial
13274,9652,Enterprise,499,Active,2024-12-14,,False,Recurring
13275,9653,Starter,0,Cancelled,2024-10-31,2024-11-14,True,Trial
13276,9654,Starter,0,Cancelled,2024-10-31,2024-11-14,True,Trial
13277,9655,Starter,0,Cancelled,2024-10-31,2024-11-14,True,Trial
13278,9656,Pro,0,Cancelled,2024-10-31,2024-11-14,True,Trial
13279,9657,Business,0,Cancelled,2024-10-31,2024-11-14,True,Trial
13280,9658,Starter,0,Cancelled,2024-10-31,2024-11-14,True,Trial
13281,9659,Business,0,Active,2024-10-31,,True,Trial
13282,9659,Business,199,Active,2024-12-14,,False,Recurring
13283,9660,Enterprise,0,Cancelled,2024-10-31,2024-11-14,True,Trial
13284,9661,Enterprise,0,Active,2024-10-31,,True,Trial
13285,9661,Enterprise,499,Active,2024-12-14,,False,Recurring
13286,9662,Pro,0,Cancelled,2024-10-31,2024-11-14,True,Trial
13287,9663,Pro,0,Cancelled,2024-10-31,2024-11-14,True,Trial
13288,9664,Enterprise,0,Cancelled,2024-10-31,2024-11-14,True,Trial
13289,9665,Business,0,Cancelled,2024-10-31,2024-11-14,True,Trial
13290,9666,Pro,0,Cancelled,2024-10-31,2024-11-14,True,Trial
13291,9667,Business,0,Active,2024-10-31,,True,Trial
13292,9667,Business,199,Active,2024-12-14,,False,Recurring
13293,9668,Starter,0,Cancelled,2024-10-31,2024-11-14,True,Trial
13294,9669,Pro,0,Active,2024-10-31,,True,Trial
13295,9669,Pro,79,Upgraded,2024-11-14,2024-12-14,False,Expansion MRR
13296,9669,Business,199,Active,2024-12-14,,False,Expansion MRR
13297,9670,Starter,0,Cancelled,2024-11-01,2024-11-15,True,Trial
13298,9671,Enterprise,0,Cancelled,2024-11-01,2024-11-15,True,Trial
13299,9672,Pro,0,Cancelled,2024-11-01,2024-11-15,True,Trial
13300,9673,Starter,0,Cancelled,2024-11-01,2024-11-15,True,Trial
13301,9674,Pro,0,Cancelled,2024-11-01,2024-11-15,True,Trial
13302,9675,Starter,0,Cancelled,2024-11-01,2024-11-15,True,Trial
13303,9676,Starter,0,Active,2024-11-01,,True,Trial
13304,9676,Starter,29,Upgraded,2024-11-15,2024-12-15,False,Expansion MRR
13305,9676,Pro,79,Active,2024-12-15,,False,Expansion MRR
13306,9677,Starter,0,Active,2024-11-01,,True,Trial
13307,9677,Starter,29,Active,2024-12-15,,False,Recurring
13308,9678,Pro,0,Active,2024-11-01,,True,Trial
13309,9678,Pro,79,Cancelled,2024-12-15,2025-01-01,False,Churned MRR
13310,9679,Business,0,Cancelled,2024-11-01,2024-11-15,True,Trial
13311,9680,Business,0,Active,2024-11-01,,True,Trial
13312,9680,Business,199,Active,2024-12-15,,False,Recurring
13313,9681,Business,0,Cancelled,2024-11-01,2024-11-15,True,Trial
13314,9682,Enterprise,0,Cancelled,2024-11-01,2024-11-15,True,Trial
13315,9683,Enterprise,0,Cancelled,2024-11-01,2024-11-15,True,Trial
13316,9684,Pro,0,Cancelled,2024-11-01,2024-11-15,True,Trial
13317,9685,Enterprise,0,Active,2024-11-01,,True,Trial
13318,9685,Enterprise,499,Active,2024-12-15,,False,Recurring
13319,9686,Pro,0,Active,2024-11-01,,True,Trial
13320,9686,Pro,79,Active,2024-12-15,,False,Recurring
13321,9687,Enterprise,0,Cancelled,2024-11-01,2024-11-15,True,Trial
13322,9688,Starter,0,Active,2024-11-01,,True,Trial
13323,9688,Starter,29,Active,2024-12-15,,False,Recurring
13324,9689,Starter,0,Cancelled,2024-11-01,2024-11-15,True,Trial
13325,9690,Pro,0,Cancelled,2024-11-01,2024-11-15,True,Trial
13326,9691,Starter,0,Cancelled,2024-11-01,2024-11-15,True,Trial
13327,9692,Starter,0,Cancelled,2024-11-01,2024-11-15,True,Trial
13328,9693,Starter,0,Cancelled,2024-11-01,2024-11-15,True,Trial
13329,9694,Pro,0,Cancelled,2024-11-01,2024-11-15,True,Trial
13330,9695,Starter,0,Cancelled,2024-11-01,2024-11-15,True,Trial
13331,9696,Starter,0,Active,2024-11-01,,True,Trial
13332,9696,Starter,29,Active,2024-12-15,,False,Recurring
13333,9697,Enterprise,0,Active,2024-11-01,,True,Trial
13334,9697,Enterprise,499,Active,2024-12-15,,False,Recurring
13335,9698,Enterprise,0,Active,2024-11-01,,True,Trial
13336,9698,Enterprise,499,Active,2024-12-15,,False,Recurring
13337,9699,Enterprise,0,Cancelled,2024-11-02,2024-11-16,True,Trial
13338,9700,Starter,0,Active,2024-11-02,,True,Trial
13339,9700,Starter,29,Active,2024-12-16,,False,Recurring
13340,9701,Business,0,Cancelled,2024-11-02,2024-11-16,True,Trial
13341,9702,Starter,0,Cancelled,2024-11-02,2024-11-16,True,Trial
13342,9703,Enterprise,0,Cancelled,2024-11-02,2024-11-16,True,Trial
13343,9704,Starter,0,Cancelled,2024-11-02,2024-11-16,True,Trial
13344,9705,Pro,0,Cancelled,2024-11-02,2024-11-16,True,Trial
13345,9706,Business,0,Cancelled,2024-11-02,2024-11-16,True,Trial
13346,9707,Starter,0,Cancelled,2024-11-02,2024-11-16,True,Trial
13347,9708,Starter,0,Cancelled,2024-11-02,2024-11-16,True,Trial
13348,9709,Pro,0,Cancelled,2024-11-02,2024-11-16,True,Trial
13349,9710,Starter,0,Cancelled,2024-11-02,2024-11-16,True,Trial
13350,9711,Starter,0,Cancelled,2024-11-02,2024-11-16,True,Trial
13351,9712,Starter,0,Cancelled,2024-11-02,2024-11-16,True,Trial
13352,9713,Pro,0,Cancelled,2024-11-02,2024-11-16,True,Trial
13353,9714,Pro,0,Cancelled,2024-11-02,2024-11-16,True,Trial
13354,9715,Business,0,Cancelled,2024-11-02,2024-11-16,True,Trial
13355,9716,Starter,0,Active,2024-11-02,,True,Trial
13356,9716,Starter,29,Active,2024-12-16,,False,Recurring
13357,9717,Starter,0,Cancelled,2024-11-02,2024-11-16,True,Trial
13358,9718,Business,0,Cancelled,2024-11-02,2024-11-16,True,Trial
13359,9719,Pro,0,Cancelled,2024-11-02,2024-11-16,True,Trial
13360,9720,Pro,0,Active,2024-11-02,,True,Trial
13361,9720,Pro,79,Active,2024-12-16,,False,Recurring
13362,9721,Pro,0,Active,2024-11-02,,True,Trial
13363,9721,Pro,79,Active,2024-12-16,,False,Recurring
13364,9722,Starter,0,Cancelled,2024-11-02,2024-11-16,True,Trial
13365,9723,Enterprise,0,Active,2024-11-03,,True,Trial
13366,9723,Enterprise,499,Active,2024-12-17,,False,Recurring
13367,9724,Enterprise,0,Active,2024-11-03,,True,Trial
13368,9724,Enterprise,499,Active,2024-12-17,,False,Recurring
13369,9725,Business,0,Cancelled,2024-11-03,2024-11-17,True,Trial
13370,9726,Business,0,Cancelled,2024-11-03,2024-11-17,True,Trial
13371,9727,Pro,0,Active,2024-11-03,,True,Trial
13372,9727,Pro,79,Active,2024-12-17,,False,Recurring
13373,9728,Enterprise,0,Active,2024-11-03,,True,Trial
13374,9728,Enterprise,499,Active,2024-12-17,,False,Recurring
13375,9729,Business,0,Cancelled,2024-11-03,2024-11-17,True,Trial
13376,9730,Business,0,Cancelled,2024-11-03,2024-11-17,True,Trial
13377,9731,Starter,0,Cancelled,2024-11-03,2024-11-17,True,Trial
13378,9732,Starter,0,Cancelled,2024-11-03,2024-11-17,True,Trial
13379,9733,Business,0,Active,2024-11-03,,True,Trial
13380,9733,Business,199,Cancelled,2024-11-17,2024-12-17,False,Churned MRR
13381,9734,Starter,0,Cancelled,2024-11-03,2024-11-17,True,Trial
13382,9735,Starter,0,Cancelled,2024-11-03,2024-11-17,True,Trial
13383,9736,Starter,0,Active,2024-11-03,,True,Trial
13384,9736,Starter,29,Active,2024-12-17,,False,Recurring
13385,9737,Starter,0,Cancelled,2024-11-03,2024-11-17,True,Trial
13386,9738,Pro,0,Cancelled,2024-11-03,2024-11-17,True,Trial
13387,9739,Business,0,Cancelled,2024-11-03,2024-11-17,True,Trial
13388,9740,Pro,0,Active,2024-11-03,,True,Trial
13389,9740,Pro,79,Active,2024-12-17,,False,Recurring
13390,9741,Business,0,Active,2024-11-03,,True,Trial
13391,9741,Business,199,Active,2024-12-17,,False,Recurring
13392,9742,Starter,0,Cancelled,2024-11-03,2024-11-17,True,Trial
13393,9743,Pro,0,Cancelled,2024-11-03,2024-11-17,True,Trial
13394,9744,Pro,0,Active,2024-11-03,,True,Trial
13395,9744,Pro,79,Active,2024-12-17,,False,Recurring
13396,9745,Starter,0,Cancelled,2024-11-03,2024-11-17,True,Trial
13397,9746,Starter,0,Cancelled,2024-11-03,2024-11-17,True,Trial
13398,9747,Starter,0,Cancelled,2024-11-03,2024-11-17,True,Trial
13399,9748,Starter,0,Cancelled,2024-11-03,2024-11-17,True,Trial
13400,9749,Business,0,Cancelled,2024-11-03,2024-11-17,True,Trial
13401,9750,Enterprise,0,Active,2024-11-03,,True,Trial
13402,9750,Enterprise,499,Cancelled,2024-12-17,2025-01-01,False,Churned MRR
13403,9751,Starter,0,Cancelled,2024-11-03,2024-11-17,True,Trial
13404,9752,Starter,0,Cancelled,2024-11-04,2024-11-18,True,Trial
13405,9753,Enterprise,0,Cancelled,2024-11-04,2024-11-18,True,Trial
13406,9754,Business,0,Cancelled,2024-11-04,2024-11-18,True,Trial
13407,9755,Business,0,Cancelled,2024-11-04,2024-11-18,True,Trial
13408,9756,Enterprise,0,Cancelled,2024-11-04,2024-11-18,True,Trial
13409,9757,Starter,0,Cancelled,2024-11-04,2024-11-18,True,Trial
13410,9758,Business,0,Cancelled,2024-11-04,2024-11-18,True,Trial
13411,9759,Business,0,Active,2024-11-04,,True,Trial
13412,9759,Business,199,Active,2024-12-18,,False,Recurring
13413,9760,Business,0,Cancelled,2024-11-04,2024-11-18,True,Trial
13414,9761,Business,0,Cancelled,2024-11-04,2024-11-18,True,Trial
13415,9762,Enterprise,0,Cancelled,2024-11-04,2024-11-18,True,Trial
13416,9763,Business,0,Cancelled,2024-11-04,2024-11-18,True,Trial
13417,9764,Business,0,Active,2024-11-04,,True,Trial
13418,9764,Business,199,Upgraded,2024-11-18,2024-12-18,False,Expansion MRR
13419,9764,Enterprise,499,Active,2024-12-18,,False,Expansion MRR
13420,9765,Pro,0,Cancelled,2024-11-04,2024-11-18,True,Trial
13421,9766,Enterprise,0,Cancelled,2024-11-04,2024-11-18,True,Trial
13422,9767,Starter,0,Cancelled,2024-11-04,2024-11-18,True,Trial
13423,9768,Enterprise,0,Cancelled,2024-11-04,2024-11-18,True,Trial
13424,9769,Pro,0,Cancelled,2024-11-04,2024-11-18,True,Trial
13425,9770,Enterprise,0,Cancelled,2024-11-05,2024-11-19,True,Trial
13426,9771,Pro,0,Cancelled,2024-11-05,2024-11-19,True,Trial
13427,9772,Pro,0,Active,2024-11-05,,True,Trial
13428,9772,Pro,79,Active,2024-12-19,,False,Recurring
13429,9773,Enterprise,0,Active,2024-11-05,,True,Trial
13430,9773,Enterprise,499,Active,2024-12-19,,False,Recurring
13431,9774,Business,0,Cancelled,2024-11-05,2024-11-19,True,Trial
13432,9775,Enterprise,0,Active,2024-11-05,,True,Trial
13433,9775,Enterprise,499,Active,2024-12-19,,False,Recurring
13434,9776,Pro,0,Cancelled,2024-11-05,2024-11-19,True,Trial
13435,9777,Starter,0,Cancelled,2024-11-05,2024-11-19,True,Trial
13436,9778,Starter,0,Cancelled,2024-11-05,2024-11-19,True,Trial
13437,9779,Starter,0,Cancelled,2024-11-05,2024-11-19,True,Trial
13438,9780,Enterprise,0,Active,2024-11-05,,True,Trial
13439,9780,Enterprise,499,Active,2024-12-19,,False,Recurring
13440,9781,Starter,0,Active,2024-11-05,,True,Trial
13441,9781,Starter,29,Active,2024-12-19,,False,Recurring
13442,9782,Starter,0,Cancelled,2024-11-05,2024-11-19,True,Trial
13443,9783,Business,0,Cancelled,2024-11-05,2024-11-19,True,Trial
13444,9784,Business,0,Cancelled,2024-11-05,2024-11-19,True,Trial
13445,9785,Starter,0,Cancelled,2024-11-05,2024-11-19,True,Trial
13446,9786,Pro,0,Active,2024-11-05,,True,Trial
13447,9786,Pro,79,Active,2024-12-19,,False,Recurring
13448,9787,Starter,0,Active,2024-11-05,,True,Trial
13449,9787,Starter,29,Active,2024-12-19,,False,Recurring
13450,9788,Pro,0,Cancelled,2024-11-05,2024-11-19,True,Trial
13451,9789,Pro,0,Cancelled,2024-11-05,2024-11-19,True,Trial
13452,9790,Starter,0,Cancelled,2024-11-05,2024-11-19,True,Trial
13453,9791,Pro,0,Cancelled,2024-11-05,2024-11-19,True,Trial
13454,9792,Business,0,Active,2024-11-05,,True,Trial
13455,9792,Business,199,Active,2024-12-19,,False,Recurring
13456,9793,Business,0,Cancelled,2024-11-05,2024-11-19,True,Trial
13457,9794,Business,0,Cancelled,2024-11-05,2024-11-19,True,Trial
13458,9795,Starter,0,Cancelled,2024-11-05,2024-11-19,True,Trial
13459,9796,Starter,0,Active,2024-11-05,,True,Trial
13460,9796,Starter,29,Active,2024-12-19,,False,Recurring
13461,9797,Pro,0,Cancelled,2024-11-05,2024-11-19,True,Trial
13462,9798,Enterprise,0,Cancelled,2024-11-05,2024-11-19,True,Trial
13463,9799,Pro,0,Cancelled,2024-11-06,2024-11-20,True,Trial
13464,9800,Starter,0,Cancelled,2024-11-06,2024-11-20,True,Trial
13465,9801,Starter,0,Cancelled,2024-11-06,2024-11-20,True,Trial
13466,9802,Business,0,Cancelled,2024-11-06,2024-11-20,True,Trial
13467,9803,Pro,0,Cancelled,2024-11-06,2024-11-20,True,Trial
13468,9804,Starter,0,Cancelled,2024-11-06,2024-11-20,True,Trial
13469,9805,Enterprise,0,Active,2024-11-06,,True,Trial
13470,9805,Enterprise,499,Active,2024-12-20,,False,Recurring
13471,9806,Pro,0,Cancelled,2024-11-06,2024-11-20,True,Trial
13472,9807,Starter,0,Cancelled,2024-11-06,2024-11-20,True,Trial
13473,9808,Starter,0,Cancelled,2024-11-06,2024-11-20,True,Trial
13474,9809,Pro,0,Active,2024-11-06,,True,Trial
13475,9809,Pro,79,Active,2024-12-20,,False,Recurring
13476,9810,Starter,0,Cancelled,2024-11-06,2024-11-20,True,Trial
13477,9811,Starter,0,Cancelled,2024-11-06,2024-11-20,True,Trial
13478,9812,Enterprise,0,Cancelled,2024-11-06,2024-11-20,True,Trial
13479,9813,Starter,0,Cancelled,2024-11-06,2024-11-20,True,Trial
13480,9814,Enterprise,0,Cancelled,2024-11-06,2024-11-20,True,Trial
13481,9815,Pro,0,Active,2024-11-06,,True,Trial
13482,9815,Pro,79,Active,2024-12-20,,False,Recurring
13483,9816,Starter,0,Active,2024-11-06,,True,Trial
13484,9816,Starter,29,Active,2024-12-20,,False,Recurring
13485,9817,Pro,0,Active,2024-11-06,,True,Trial
13486,9817,Pro,79,Cancelled,2024-12-20,2025-01-01,False,Churned MRR
13487,9818,Enterprise,0,Active,2024-11-06,,True,Trial
13488,9818,Enterprise,499,Downgraded,2024-12-20,2025-01-20,False,Contraction MRR
13489,9819,Pro,0,Active,2024-11-06,,True,Trial
13490,9819,Pro,79,Active,2024-12-20,,False,Recurring
13491,9820,Pro,0,Cancelled,2024-11-07,2024-11-21,True,Trial
13492,9821,Pro,0,Cancelled,2024-11-07,2024-11-21,True,Trial
13493,9822,Starter,0,Cancelled,2024-11-07,2024-11-21,True,Trial
13494,9823,Starter,0,Cancelled,2024-11-07,2024-11-21,True,Trial
13495,9824,Business,0,Active,2024-11-07,,True,Trial
13496,9824,Business,199,Active,2024-12-21,,False,Recurring
13497,9825,Pro,0,Cancelled,2024-11-07,2024-11-21,True,Trial
13498,9826,Starter,0,Active,2024-11-07,,True,Trial
13499,9826,Starter,29,Active,2024-12-21,,False,Recurring
13500,9827,Enterprise,0,Active,2024-11-07,,True,Trial
13501,9827,Enterprise,499,Active,2024-12-21,,False,Recurring
13502,9828,Business,0,Active,2024-11-07,,True,Trial
13503,9828,Business,199,Active,2024-12-21,,False,Recurring
13504,9829,Pro,0,Cancelled,2024-11-07,2024-11-21,True,Trial
13505,9830,Starter,0,Cancelled,2024-11-07,2024-11-21,True,Trial
13506,9831,Pro,0,Active,2024-11-07,,True,Trial
13507,9831,Pro,79,Active,2024-12-21,,False,Recurring
13508,9832,Enterprise,0,Active,2024-11-07,,True,Trial
13509,9832,Enterprise,499,Active,2024-12-21,,False,Recurring
13510,9833,Pro,0,Active,2024-11-07,,True,Trial
13511,9833,Pro,79,Active,2024-12-21,,False,Recurring
13512,9834,Business,0,Cancelled,2024-11-07,2024-11-21,True,Trial
13513,9835,Starter,0,Active,2024-11-07,,True,Trial
13514,9835,Starter,29,Cancelled,2024-11-21,2024-12-21,False,Churned MRR
13515,9836,Starter,0,Cancelled,2024-11-07,2024-11-21,True,Trial
13516,9837,Enterprise,0,Active,2024-11-07,,True,Trial
13517,9837,Enterprise,499,Active,2024-12-21,,False,Recurring
13518,9838,Pro,0,Cancelled,2024-11-07,2024-11-21,True,Trial
13519,9839,Starter,0,Cancelled,2024-11-07,2024-11-21,True,Trial
13520,9840,Pro,0,Cancelled,2024-11-07,2024-11-21,True,Trial
13521,9841,Starter,0,Cancelled,2024-11-07,2024-11-21,True,Trial
13522,9842,Starter,0,Cancelled,2024-11-07,2024-11-21,True,Trial
13523,9843,Starter,0,Cancelled,2024-11-07,2024-11-21,True,Trial
13524,9844,Starter,0,Cancelled,2024-11-08,2024-11-22,True,Trial
13525,9845,Starter,0,Active,2024-11-08,,True,Trial
13526,9845,Starter,29,Active,2024-12-22,,False,Recurring
13527,9846,Starter,0,Cancelled,2024-11-08,2024-11-22,True,Trial
13528,9847,Starter,0,Cancelled,2024-11-08,2024-11-22,True,Trial
13529,9848,Starter,0,Cancelled,2024-11-08,2024-11-22,True,Trial
13530,9849,Starter,0,Cancelled,2024-11-08,2024-11-22,True,Trial
13531,9850,Pro,0,Cancelled,2024-11-08,2024-11-22,True,Trial
13532,9851,Starter,0,Cancelled,2024-11-08,2024-11-22,True,Trial
13533,9852,Pro,0,Active,2024-11-08,,True,Trial
13534,9852,Pro,79,Active,2024-12-22,,False,Recurring
13535,9853,Starter,0,Cancelled,2024-11-08,2024-11-22,True,Trial
13536,9854,Enterprise,0,Active,2024-11-08,,True,Trial
13537,9854,Enterprise,499,Active,2024-12-22,,False,Recurring
13538,9855,Starter,0,Cancelled,2024-11-08,2024-11-22,True,Trial
13539,9856,Business,0,Active,2024-11-08,,True,Trial
13540,9856,Business,199,Active,2024-12-22,,False,Recurring
13541,9857,Starter,0,Cancelled,2024-11-08,2024-11-22,True,Trial
13542,9858,Pro,0,Active,2024-11-08,,True,Trial
13543,9858,Pro,79,Active,2024-12-22,,False,Recurring
13544,9859,Starter,0,Cancelled,2024-11-08,2024-11-22,True,Trial
13545,9860,Starter,0,Cancelled,2024-11-08,2024-11-22,True,Trial
13546,9861,Pro,0,Active,2024-11-08,,True,Trial
13547,9861,Pro,79,Downgraded,2024-11-22,2024-12-22,False,Contraction MRR
13548,9861,Starter,29,Active,2024-12-22,,False,Contraction MRR
13549,9862,Starter,0,Cancelled,2024-11-08,2024-11-22,True,Trial
13550,9863,Starter,0,Cancelled,2024-11-08,2024-11-22,True,Trial
13551,9864,Starter,0,Cancelled,2024-11-08,2024-11-22,True,Trial
13552,9865,Starter,0,Cancelled,2024-11-09,2024-11-23,True,Trial
13553,9866,Enterprise,0,Active,2024-11-09,,True,Trial
13554,9866,Enterprise,499,Active,2024-12-23,,False,Recurring
13555,9867,Business,0,Cancelled,2024-11-09,2024-11-23,True,Trial
13556,9868,Starter,0,Active,2024-11-09,,True,Trial
13557,9868,Starter,29,Active,2024-12-23,,False,Recurring
13558,9869,Business,0,Active,2024-11-09,,True,Trial
13559,9869,Business,199,Active,2024-12-23,,False,Recurring
13560,9870,Pro,0,Active,2024-11-09,,True,Trial
13561,9870,Pro,79,Active,2024-12-23,,False,Recurring
13562,9871,Starter,0,Active,2024-11-09,,True,Trial
13563,9871,Starter,29,Active,2024-12-23,,False,Recurring
13564,9872,Starter,0,Cancelled,2024-11-09,2024-11-23,True,Trial
13565,9873,Starter,0,Cancelled,2024-11-09,2024-11-23,True,Trial
13566,9874,Starter,0,Cancelled,2024-11-09,2024-11-23,True,Trial
13567,9875,Business,0,Cancelled,2024-11-09,2024-11-23,True,Trial
13568,9876,Enterprise,0,Active,2024-11-09,,True,Trial
13569,9876,Enterprise,499,Active,2024-12-23,,False,Recurring
13570,9877,Enterprise,0,Cancelled,2024-11-09,2024-11-23,True,Trial
13571,9878,Starter,0,Cancelled,2024-11-09,2024-11-23,True,Trial
13572,9879,Pro,0,Active,2024-11-09,,True,Trial
13573,9879,Pro,79,Active,2024-12-23,,False,Recurring
13574,9880,Starter,0,Cancelled,2024-11-09,2024-11-23,True,Trial
13575,9881,Starter,0,Cancelled,2024-11-09,2024-11-23,True,Trial
13576,9882,Pro,0,Cancelled,2024-11-09,2024-11-23,True,Trial
13577,9883,Enterprise,0,Cancelled,2024-11-09,2024-11-23,True,Trial
13578,9884,Business,0,Cancelled,2024-11-09,2024-11-23,True,Trial
13579,9885,Business,0,Active,2024-11-09,,True,Trial
13580,9885,Business,199,Active,2024-12-23,,False,Recurring
13581,9886,Starter,0,Active,2024-11-09,,True,Trial
13582,9886,Starter,29,Active,2024-12-23,,False,Recurring
13583,9887,Starter,0,Cancelled,2024-11-09,2024-11-23,True,Trial
13584,9888,Pro,0,Cancelled,2024-11-09,2024-11-23,True,Trial
13585,9889,Business,0,Cancelled,2024-11-09,2024-11-23,True,Trial
13586,9890,Starter,0,Cancelled,2024-11-09,2024-11-23,True,Trial
13587,9891,Pro,0,Active,2024-11-09,,True,Trial
13588,9891,Pro,79,Cancelled,2024-11-23,2024-12-23,False,Churned MRR
13589,9892,Enterprise,0,Active,2024-11-10,,True,Trial
13590,9892,Enterprise,499,Active,2024-12-24,,False,Recurring
13591,9893,Pro,0,Cancelled,2024-11-10,2024-11-24,True,Trial
13592,9894,Enterprise,0,Active,2024-11-10,,True,Trial
13593,9894,Enterprise,499,Active,2024-12-24,,False,Recurring
13594,9895,Business,0,Cancelled,2024-11-10,2024-11-24,True,Trial
13595,9896,Pro,0,Active,2024-11-10,,True,Trial
13596,9896,Pro,79,Active,2024-12-24,,False,Recurring
13597,9897,Enterprise,0,Active,2024-11-10,,True,Trial
13598,9897,Enterprise,499,Active,2024-12-24,,False,Recurring
13599,9898,Business,0,Cancelled,2024-11-10,2024-11-24,True,Trial
13600,9899,Starter,0,Cancelled,2024-11-10,2024-11-24,True,Trial
13601,9900,Pro,0,Active,2024-11-10,,True,Trial
13602,9900,Pro,79,Cancelled,2024-12-24,2025-01-01,False,Churned MRR
13603,9901,Pro,0,Cancelled,2024-11-10,2024-11-24,True,Trial
13604,9902,Enterprise,0,Cancelled,2024-11-10,2024-11-24,True,Trial
13605,9903,Pro,0,Cancelled,2024-11-10,2024-11-24,True,Trial
13606,9904,Pro,0,Cancelled,2024-11-10,2024-11-24,True,Trial
13607,9905,Starter,0,Cancelled,2024-11-10,2024-11-24,True,Trial
13608,9906,Enterprise,0,Cancelled,2024-11-10,2024-11-24,True,Trial
13609,9907,Pro,0,Cancelled,2024-11-10,2024-11-24,True,Trial
13610,9908,Starter,0,Active,2024-11-10,,True,Trial
13611,9908,Starter,29,Cancelled,2024-11-24,2024-12-24,False,Churned MRR
13612,9909,Starter,0,Cancelled,2024-11-10,2024-11-24,True,Trial
13613,9910,Enterprise,0,Cancelled,2024-11-10,2024-11-24,True,Trial
13614,9911,Pro,0,Cancelled,2024-11-10,2024-11-24,True,Trial
13615,9912,Starter,0,Cancelled,2024-11-10,2024-11-24,True,Trial
13616,9913,Starter,0,Cancelled,2024-11-10,2024-11-24,True,Trial
13617,9914,Enterprise,0,Cancelled,2024-11-11,2024-11-25,True,Trial
13618,9915,Pro,0,Cancelled,2024-11-11,2024-11-25,True,Trial
13619,9916,Enterprise,0,Cancelled,2024-11-11,2024-11-25,True,Trial
13620,9917,Business,0,Cancelled,2024-11-11,2024-11-25,True,Trial
13621,9918,Business,0,Active,2024-11-11,,True,Trial
13622,9918,Business,199,Active,2024-12-25,,False,Recurring
13623,9919,Starter,0,Cancelled,2024-11-11,2024-11-25,True,Trial
13624,9920,Pro,0,Cancelled,2024-11-11,2024-11-25,True,Trial
13625,9921,Business,0,Active,2024-11-11,,True,Trial
13626,9921,Business,199,Active,2024-12-25,,False,Recurring
13627,9922,Starter,0,Cancelled,2024-11-11,2024-11-25,True,Trial
13628,9923,Pro,0,Cancelled,2024-11-11,2024-11-25,True,Trial
13629,9924,Business,0,Cancelled,2024-11-11,2024-11-25,True,Trial
13630,9925,Business,0,Cancelled,2024-11-11,2024-11-25,True,Trial
13631,9926,Pro,0,Cancelled,2024-11-11,2024-11-25,True,Trial
13632,9927,Starter,0,Active,2024-11-11,,True,Trial
13633,9927,Starter,29,Active,2024-12-25,,False,Recurring
13634,9928,Pro,0,Cancelled,2024-11-11,2024-11-25,True,Trial
13635,9929,Starter,0,Cancelled,2024-11-11,2024-11-25,True,Trial
13636,9930,Pro,0,Cancelled,2024-11-11,2024-11-25,True,Trial
13637,9931,Enterprise,0,Active,2024-11-11,,True,Trial
13638,9931,Enterprise,499,Active,2024-12-25,,False,Recurring
13639,9932,Enterprise,0,Cancelled,2024-11-11,2024-11-25,True,Trial
13640,9933,Pro,0,Cancelled,2024-11-11,2024-11-25,True,Trial
13641,9934,Business,0,Cancelled,2024-11-11,2024-11-25,True,Trial
13642,9935,Pro,0,Cancelled,2024-11-11,2024-11-25,True,Trial
13643,9936,Pro,0,Cancelled,2024-11-11,2024-11-25,True,Trial
13644,9937,Enterprise,0,Cancelled,2024-11-12,2024-11-26,True,Trial
13645,9938,Enterprise,0,Cancelled,2024-11-12,2024-11-26,True,Trial
13646,9939,Pro,0,Cancelled,2024-11-12,2024-11-26,True,Trial
13647,9940,Pro,0,Active,2024-11-12,,True,Trial
13648,9940,Pro,79,Active,2024-12-26,,False,Recurring
13649,9941,Pro,0,Cancelled,2024-11-12,2024-11-26,True,Trial
13650,9942,Starter,0,Cancelled,2024-11-12,2024-11-26,True,Trial
13651,9943,Business,0,Cancelled,2024-11-12,2024-11-26,True,Trial
13652,9944,Business,0,Active,2024-11-12,,True,Trial
13653,9944,Business,199,Active,2024-12-26,,False,Recurring
13654,9945,Starter,0,Cancelled,2024-11-12,2024-11-26,True,Trial
13655,9946,Starter,0,Cancelled,2024-11-12,2024-11-26,True,Trial
13656,9947,Pro,0,Active,2024-11-12,,True,Trial
13657,9947,Pro,79,Active,2024-12-26,,False,Recurring
13658,9948,Starter,0,Cancelled,2024-11-12,2024-11-26,True,Trial
13659,9949,Business,0,Cancelled,2024-11-12,2024-11-26,True,Trial
13660,9950,Starter,0,Cancelled,2024-11-12,2024-11-26,True,Trial
13661,9951,Starter,0,Active,2024-11-12,,True,Trial
13662,9951,Starter,29,Active,2024-12-26,,False,Recurring
13663,9952,Pro,0,Cancelled,2024-11-13,2024-11-27,True,Trial
13664,9953,Enterprise,0,Active,2024-11-13,,True,Trial
13665,9953,Enterprise,499,Active,2024-12-27,,False,Recurring
13666,9954,Starter,0,Cancelled,2024-11-13,2024-11-27,True,Trial
13667,9955,Starter,0,Cancelled,2024-11-13,2024-11-27,True,Trial
13668,9956,Business,0,Cancelled,2024-11-13,2024-11-27,True,Trial
13669,9957,Business,0,Cancelled,2024-11-13,2024-11-27,True,Trial
13670,9958,Starter,0,Cancelled,2024-11-13,2024-11-27,True,Trial
13671,9959,Business,0,Active,2024-11-13,,True,Trial
13672,9959,Business,199,Active,2024-12-27,,False,Recurring
13673,9960,Business,0,Active,2024-11-13,,True,Trial
13674,9960,Business,199,Active,2024-12-27,,False,Recurring
13675,9961,Starter,0,Cancelled,2024-11-13,2024-11-27,True,Trial
13676,9962,Enterprise,0,Active,2024-11-13,,True,Trial
13677,9962,Enterprise,499,Active,2024-12-27,,False,Recurring
13678,9963,Starter,0,Active,2024-11-13,,True,Trial
13679,9963,Starter,29,Active,2024-12-27,,False,Recurring
13680,9964,Starter,0,Cancelled,2024-11-13,2024-11-27,True,Trial
13681,9965,Starter,0,Cancelled,2024-11-13,2024-11-27,True,Trial
13682,9966,Enterprise,0,Cancelled,2024-11-13,2024-11-27,True,Trial
13683,9967,Starter,0,Cancelled,2024-11-13,2024-11-27,True,Trial
13684,9968,Starter,0,Cancelled,2024-11-13,2024-11-27,True,Trial
13685,9969,Pro,0,Cancelled,2024-11-13,2024-11-27,True,Trial
13686,9970,Pro,0,Cancelled,2024-11-13,2024-11-27,True,Trial
13687,9971,Pro,0,Cancelled,2024-11-13,2024-11-27,True,Trial
13688,9972,Starter,0,Active,2024-11-13,,True,Trial
13689,9972,Starter,29,Active,2024-12-27,,False,Recurring
13690,9973,Starter,0,Cancelled,2024-11-13,2024-11-27,True,Trial
13691,9974,Starter,0,Active,2024-11-13,,True,Trial
13692,9974,Starter,29,Active,2024-12-27,,False,Recurring
13693,9975,Business,0,Cancelled,2024-11-13,2024-11-27,True,Trial
13694,9976,Pro,0,Cancelled,2024-11-13,2024-11-27,True,Trial
13695,9977,Starter,0,Cancelled,2024-11-13,2024-11-27,True,Trial
13696,9978,Starter,0,Active,2024-11-13,,True,Trial
13697,9978,Starter,29,Active,2024-12-27,,False,Recurring
13698,9979,Pro,0,Cancelled,2024-11-13,2024-11-27,True,Trial
13699,9980,Starter,0,Active,2024-11-13,,True,Trial
13700,9980,Starter,29,Active,2024-12-27,,False,Recurring
13701,9981,Business,0,Cancelled,2024-11-14,2024-11-28,True,Trial
13702,9982,Pro,0,Cancelled,2024-11-14,2024-11-28,True,Trial
13703,9983,Starter,0,Cancelled,2024-11-14,2024-11-28,True,Trial
13704,9984,Pro,0,Cancelled,2024-11-14,2024-11-28,True,Trial
13705,9985,Starter,0,Cancelled,2024-11-14,2024-11-28,True,Trial
13706,9986,Starter,0,Cancelled,2024-11-14,2024-11-28,True,Trial
13707,9987,Enterprise,0,Active,2024-11-14,,True,Trial
13708,9987,Enterprise,499,Active,2024-12-28,,False,Recurring
13709,9988,Enterprise,0,Active,2024-11-14,,True,Trial
13710,9988,Enterprise,499,Active,2024-12-28,,False,Recurring
13711,9989,Starter,0,Cancelled,2024-11-14,2024-11-28,True,Trial
13712,9990,Pro,0,Cancelled,2024-11-14,2024-11-28,True,Trial
13713,9991,Starter,0,Active,2024-11-14,,True,Trial
13714,9991,Starter,29,Active,2024-12-28,,False,Recurring
13715,9992,Pro,0,Cancelled,2024-11-14,2024-11-28,True,Trial
13716,9993,Enterprise,0,Cancelled,2024-11-14,2024-11-28,True,Trial
13717,9994,Pro,0,Cancelled,2024-11-14,2024-11-28,True,Trial
13718,9995,Starter,0,Active,2024-11-14,,True,Trial
13719,9995,Starter,29,Active,2024-12-28,,False,Recurring
13720,9996,Starter,0,Cancelled,2024-11-14,2024-11-28,True,Trial
13721,9997,Business,0,Cancelled,2024-11-14,2024-11-28,True,Trial
13722,9998,Business,0,Cancelled,2024-11-14,2024-11-28,True,Trial
13723,9999,Pro,0,Cancelled,2024-11-14,2024-11-28,True,Trial
13724,10000,Starter,0,Active,2024-11-14,,True,Trial
13725,10000,Starter,29,Active,2024-12-28,,False,Recurring
