ticket_id,customer_id,plan,created_date,closed_date,category,priority,resolution_hrs,csat_score,pre_churn_flag
1,4,Business,2022-01-19,2022-01-22,Feature Request,Low,82,1,0
2,4,Business,2022-03-05,2022-03-06,Onboarding,Low,43,5,0
3,4,Pro,2022-07-21,2022-07-24,Account,Low,86,2,1
4,4,Pro,2022-07-22,2022-07-23,Onboarding,Medium,25,3,1
5,4,Pro,2022-09-05,2022-09-08,Billing,Low,91,2,1
6,4,Pro,2022-08-20,2022-08-20,Account,Medium,15,1,1
7,4,Pro,2022-09-08,2022-09-08,Feature Request,Medium,14,3,1
8,4,Pro,2022-09-02,2022-09-02,Onboarding,High,11,3,1
9,4,Pro,2022-09-09,2022-09-10,Feature Request,Medium,33,2,1
10,4,Pro,2022-09-09,2022-09-10,Onboarding,Medium,31,1,1
11,8,Business,2023-01-18,2023-01-19,Performance,Medium,38,5,0
12,8,Enterprise,2025-01-08,2025-01-08,Feature Request,Medium,21,4,0
13,13,Pro,2022-05-14,2022-05-17,Account,Low,72,3,1
14,16,Pro,2022-09-30,2022-10-03,Feature Request,Low,72,4,0
15,16,Business,2023-10-10,2023-10-10,Onboarding,High,16,2,1
16,16,Business,2023-09-29,2023-09-29,Billing,High,18,3,1
17,16,Business,2023-10-05,2023-10-05,Feature Request,High,11,2,1
18,16,Business,2023-10-02,2023-10-03,Performance,Medium,27,3,1
19,16,Business,2023-09-23,2023-09-24,Performance,Medium,38,2,1
20,16,Business,2023-09-23,2023-09-25,Onboarding,Low,57,2,1
21,17,Business,2022-09-16,2022-09-16,Performance,Medium,15,3,0
22,17,Business,2022-09-13,2022-09-13,Billing,High,14,4,0
23,17,Business,2022-08-27,2022-08-27,Billing,Medium,14,5,0
24,17,Business,2022-09-02,2022-09-02,Account,High,10,2,0
25,17,Business,2022-08-27,2022-08-28,Account,Low,41,4,0
26,17,Business,2022-09-11,2022-09-12,Feature Request,Medium,28,3,0
27,17,Business,2022-09-19,2022-09-23,Account,Low,114,5,0
28,17,Pro,2025-01-07,2025-01-07,Onboarding,High,4,4,0
29,18,Enterprise,2022-04-23,2022-04-23,Performance,Critical,1,4,0
30,18,Enterprise,2022-05-03,2022-05-04,Feature Request,Medium,37,4,0
31,18,Enterprise,2022-05-16,2022-05-16,Account,High,22,3,0
32,18,Enterprise,2022-04-24,2022-04-24,Billing,High,9,4,0
33,22,Enterprise,2022-03-06,2022-03-06,Onboarding,Medium,14,4,0
34,22,Enterprise,2022-03-06,2022-03-07,Onboarding,Medium,27,5,0
35,22,Enterprise,2022-03-05,2022-03-06,Performance,Low,26,3,0
36,22,Enterprise,2022-03-05,2022-03-06,Performance,Medium,40,1,0
37,22,Enterprise,2022-02-22,2022-02-23,Technical,Low,37,5,0
38,22,Enterprise,2022-03-12,2022-03-14,Technical,Low,54,5,0
39,22,Enterprise,2022-02-24,2022-02-25,Performance,Medium,34,4,0
40,22,Business,2022-11-19,2022-11-20,Performance,Medium,27,5,0
41,22,Business,2022-11-12,2022-11-12,Feature Request,Medium,11,2,0
42,22,Business,2022-11-15,2022-11-17,Account,Low,69,5,0
43,22,Business,2022-12-12,2022-12-12,Feature Request,Medium,11,5,0
44,22,Pro,2024-09-18,2024-09-18,Billing,Medium,11,1,1
45,22,Pro,2024-09-02,2024-09-05,Integration,Low,72,3,1
46,22,Pro,2024-09-30,2024-10-01,Billing,Low,44,1,1
47,22,Pro,2024-10-16,2024-10-16,Integration,High,9,1,1
48,22,Pro,2024-09-26,2024-09-27,Feature Request,Medium,46,5,1
49,22,Pro,2024-10-06,2024-10-10,Feature Request,Low,119,2,1
50,22,Pro,2024-10-05,2024-10-05,Billing,Critical,2,1,1
51,22,Pro,2024-10-12,2024-10-13,Feature Request,Medium,45,3,1
52,22,Pro,2024-10-01,2024-10-01,Account,Medium,13,1,1
53,25,Pro,2022-03-17,2022-03-18,Integration,Low,25,2,1
54,25,Pro,2022-03-11,2022-03-12,Integration,Medium,26,3,1
55,36,Pro,2022-06-28,2022-06-28,Performance,High,10,3,1
56,40,Enterprise,2024-12-20,2024-12-22,Billing,Low,54,5,0
57,40,Enterprise,2024-12-26,2024-12-28,Onboarding,Low,66,4,0
58,40,Enterprise,2024-12-28,2024-12-29,Integration,Medium,40,5,0
59,41,Business,2022-04-16,2022-04-17,Feature Request,Medium,46,3,1
60,41,Business,2022-04-22,2022-04-23,Performance,Medium,32,2,1
61,44,Business,2022-05-03,2022-05-03,Feature Request,High,23,3,0
62,44,Business,2022-04-11,2022-04-11,Technical,High,23,4,0
63,44,Business,2022-04-17,2022-04-17,Integration,Medium,11,4,0
64,44,Business,2022-04-11,2022-04-11,Technical,High,21,3,0
65,44,Enterprise,2022-08-25,2022-08-25,Technical,High,7,5,0
66,44,Enterprise,2022-08-27,2022-08-27,Onboarding,Medium,8,4,0
67,44,Enterprise,2022-09-16,2022-09-16,Integration,Critical,1,2,0
68,44,Enterprise,2022-10-05,2022-10-06,Feature Request,Medium,33,5,0
69,44,Enterprise,2022-09-22,2022-09-24,Integration,Low,64,5,0
70,44,Enterprise,2022-09-20,2022-09-20,Integration,Medium,18,3,0
71,44,Enterprise,2022-10-01,2022-10-02,Account,Medium,26,5,0
72,44,Business,2023-07-29,2023-07-29,Account,High,2,2,1
73,44,Business,2023-07-29,2023-08-02,Onboarding,Low,114,1,1
74,44,Business,2023-07-29,2023-08-02,Onboarding,Low,117,1,1
75,44,Business,2023-07-13,2023-07-14,Performance,Medium,43,2,1
76,44,Business,2023-08-02,2023-08-05,Performance,Low,82,1,1
77,44,Business,2023-08-03,2023-08-03,Performance,Critical,5,1,1
78,44,Business,2023-08-18,2023-08-22,Billing,Low,101,3,1
79,44,Business,2023-08-24,2023-08-24,Feature Request,Medium,18,3,1
80,44,Business,2023-08-20,2023-08-20,Feature Request,Medium,8,1,1
81,45,Starter,2022-02-27,2022-02-27,Integration,High,18,4,1
82,49,Business,2022-08-22,2022-08-25,Performance,Low,93,2,1
83,49,Business,2022-08-13,2022-08-17,Performance,Low,116,2,1
84,49,Business,2022-08-12,2022-08-13,Onboarding,Medium,34,4,1
85,49,Business,2022-09-12,2022-09-12,Onboarding,Medium,19,1,1
86,49,Business,2022-09-10,2022-09-11,Onboarding,High,24,2,1
87,57,Pro,2022-05-12,2022-05-12,Onboarding,High,15,4,0
88,57,Starter,2023-11-22,2023-11-24,Technical,Low,54,1,1
89,57,Starter,2023-11-16,2023-11-20,Feature Request,Low,119,2,1
90,63,Business,2022-04-13,2022-04-14,Billing,Medium,37,2,0
91,63,Business,2022-03-28,2022-03-29,Feature Request,Medium,33,1,0
92,63,Business,2022-03-28,2022-03-29,Onboarding,Low,41,5,0
93,63,Business,2022-04-03,2022-04-03,Billing,Critical,1,4,0
94,63,Business,2022-04-07,2022-04-08,Account,Medium,25,5,0
95,63,Business,2022-03-27,2022-03-27,Technical,Medium,21,1,0
96,63,Business,2022-05-12,2022-05-13,Integration,Medium,37,3,0
97,63,Business,2022-05-02,2022-05-02,Performance,High,12,2,0
98,63,Pro,2023-03-16,2023-03-20,Billing,Low,97,3,1
99,64,Business,2023-11-02,2023-11-03,Account,Medium,37,4,1
100,64,Business,2023-10-30,2023-10-31,Technical,Low,24,3,1
101,64,Business,2023-12-09,2023-12-09,Account,Critical,2,3,1
102,64,Business,2023-12-12,2023-12-14,Feature Request,Low,57,2,1
103,64,Business,2023-12-05,2023-12-05,Onboarding,Medium,20,1,1
104,64,Business,2023-11-23,2023-11-23,Onboarding,Critical,6,2,1
105,64,Business,2023-12-09,2023-12-11,Feature Request,Low,51,3,1
106,64,Business,2023-12-01,2023-12-05,Technical,Low,105,2,1
107,64,Business,2023-11-20,2023-11-22,Performance,Low,60,1,1
108,64,Business,2023-12-02,2023-12-03,Technical,Medium,30,3,1
109,70,Enterprise,2022-04-16,2022-04-20,Performance,Low,110,3,1
110,70,Enterprise,2022-04-06,2022-04-10,Technical,Low,118,2,1
111,70,Enterprise,2022-04-11,2022-04-12,Technical,Medium,30,3,1
112,70,Enterprise,2022-04-08,2022-04-08,Onboarding,Critical,8,1,1
113,70,Enterprise,2022-04-02,2022-04-02,Integration,Medium,21,2,1
114,70,Enterprise,2022-03-24,2022-03-24,Feature Request,High,12,5,1
115,70,Enterprise,2022-05-18,2022-05-20,Integration,Low,50,1,1
116,70,Enterprise,2022-05-04,2022-05-05,Feature Request,Medium,43,2,1
117,70,Enterprise,2022-04-30,2022-05-03,Feature Request,Low,92,2,1
118,70,Enterprise,2022-04-25,2022-04-25,Feature Request,High,17,1,1
119,70,Enterprise,2022-04-27,2022-04-28,Feature Request,Medium,33,2,1
120,70,Enterprise,2022-05-07,2022-05-08,Integration,High,24,2,1
121,70,Enterprise,2022-05-01,2022-05-01,Feature Request,High,17,2,1
122,70,Enterprise,2022-04-20,2022-04-22,Billing,Low,55,3,1
123,70,Enterprise,2022-04-24,2022-04-24,Integration,Medium,16,3,1
124,72,Business,2022-07-09,2022-07-10,Billing,Medium,35,4,0
125,72,Business,2022-07-01,2022-07-02,Billing,Medium,28,3,0
126,72,Enterprise,2023-03-21,2023-03-22,Technical,Low,35,2,1
127,72,Enterprise,2023-03-23,2023-03-23,Integration,Medium,11,2,1
128,72,Enterprise,2023-04-04,2023-04-05,Integration,Low,37,4,1
129,72,Enterprise,2023-04-08,2023-04-08,Integration,Medium,13,3,1
130,72,Enterprise,2023-03-22,2023-03-22,Onboarding,High,7,2,1
131,72,Enterprise,2023-05-04,2023-05-04,Feature Request,High,22,1,1
132,72,Enterprise,2023-05-05,2023-05-09,Integration,Low,97,2,1
133,72,Enterprise,2023-05-03,2023-05-07,Onboarding,Low,109,5,1
134,72,Enterprise,2023-04-27,2023-04-27,Technical,Critical,1,4,1
135,72,Enterprise,2023-04-27,2023-04-28,Performance,Low,28,1,1
136,72,Enterprise,2023-04-25,2023-04-26,Technical,Medium,29,1,1
137,72,Enterprise,2023-04-20,2023-04-23,Billing,Low,81,1,1
138,72,Enterprise,2023-04-26,2023-04-26,Billing,Medium,20,3,1
139,72,Enterprise,2023-05-08,2023-05-08,Technical,High,23,4,1
140,72,Enterprise,2023-05-06,2023-05-07,Billing,Low,41,5,1
141,72,Enterprise,2023-05-12,2023-05-12,Integration,Medium,10,3,1
142,72,Enterprise,2023-05-08,2023-05-08,Account,Medium,21,3,1
143,73,Pro,2023-08-24,2023-08-28,Feature Request,Low,99,3,0
144,76,Enterprise,2024-11-06,2024-11-09,Technical,Low,93,4,0
145,76,Enterprise,2024-11-03,2024-11-07,Integration,Low,114,5,0
146,76,Enterprise,2024-11-19,2024-11-20,Billing,Low,27,5,0
147,76,Enterprise,2024-11-12,2024-11-14,Feature Request,Low,51,4,0
148,76,Enterprise,2024-10-26,2024-10-27,Technical,Medium,31,4,0
149,76,Enterprise,2024-12-20,2024-12-20,Account,Medium,20,5,0
150,76,Enterprise,2024-11-28,2024-11-28,Feature Request,High,10,3,0
151,76,Business,2025-01-20,2025-01-23,Onboarding,Low,90,4,0
152,81,Starter,2022-04-15,2022-04-15,Onboarding,Critical,3,1,1
153,82,Business,2024-09-13,2024-09-16,Onboarding,Low,82,1,1
154,82,Business,2024-10-09,2024-10-09,Integration,High,20,2,1
155,82,Business,2024-09-26,2024-09-26,Billing,Medium,15,2,1
156,82,Business,2024-10-22,2024-10-25,Account,Low,84,3,1
157,82,Business,2024-10-09,2024-10-12,Onboarding,Low,77,3,1
158,82,Business,2024-10-09,2024-10-12,Billing,Low,82,2,1
159,84,Pro,2022-03-30,2022-03-30,Performance,Medium,21,2,1
160,84,Pro,2022-04-13,2022-04-13,Technical,High,18,4,1
161,84,Pro,2022-04-06,2022-04-08,Integration,Low,63,2,1
162,84,Pro,2022-05-17,2022-05-17,Billing,High,22,3,1
163,84,Pro,2022-05-07,2022-05-09,Technical,Low,61,2,1
164,84,Pro,2022-04-26,2022-04-27,Technical,High,24,2,1
165,84,Pro,2022-05-20,2022-05-21,Technical,Medium,43,1,1
166,87,Enterprise,2025-01-06,2025-01-06,Technical,Medium,21,3,0
167,87,Enterprise,2025-01-10,2025-01-10,Account,High,2,4,0
168,87,Enterprise,2024-12-31,2024-12-31,Account,Medium,8,5,0
169,87,Enterprise,2024-12-31,2025-01-01,Onboarding,Medium,35,3,0
170,98,Starter,2022-06-13,2022-06-14,Technical,Medium,37,3,1
171,103,Pro,2023-07-13,2023-07-13,Performance,High,9,3,1
172,103,Pro,2023-07-31,2023-08-03,Billing,Low,95,4,1
173,103,Pro,2023-07-22,2023-07-22,Billing,Medium,16,4,1
174,103,Pro,2023-07-10,2023-07-11,Account,Medium,38,4,1
175,103,Pro,2023-07-29,2023-07-29,Performance,Medium,8,1,1
176,103,Pro,2023-08-22,2023-08-22,Feature Request,High,4,2,1
177,103,Pro,2023-08-02,2023-08-04,Account,Low,60,2,1
178,103,Pro,2023-08-27,2023-08-30,Feature Request,Low,90,1,1
179,104,Starter,2022-08-29,2022-08-31,Integration,Low,70,4,0
180,104,Pro,2022-11-12,2022-11-13,Technical,Medium,32,3,0
181,104,Business,2024-12-22,2024-12-23,Feature Request,Medium,38,5,0
182,104,Business,2024-12-08,2024-12-09,Performance,Low,41,1,0
183,107,Pro,2022-07-03,2022-07-03,Billing,High,21,5,0
184,107,Business,2022-09-10,2022-09-10,Performance,Critical,5,4,0
185,107,Business,2022-09-16,2022-09-17,Feature Request,Medium,28,3,0
186,107,Enterprise,2023-03-28,2023-03-30,Billing,Medium,48,1,0
187,107,Enterprise,2023-03-22,2023-03-22,Onboarding,Medium,22,4,0
188,107,Enterprise,2023-04-02,2023-04-03,Feature Request,Medium,40,4,0
189,107,Enterprise,2023-04-29,2023-04-30,Integration,Low,33,3,0
190,107,Enterprise,2023-04-29,2023-04-30,Technical,Medium,27,1,0
191,107,Enterprise,2023-04-21,2023-04-25,Billing,Low,96,3,0
192,107,Enterprise,2023-04-12,2023-04-14,Integration,Low,58,3,0
193,107,Enterprise,2023-04-13,2023-04-13,Technical,Critical,1,4,0
194,107,Business,2024-12-07,2024-12-08,Billing,Low,25,5,0
195,107,Business,2024-12-20,2024-12-20,Account,Critical,3,5,0
196,110,Business,2024-04-19,2024-04-21,Onboarding,Low,65,2,0
197,110,Business,2024-04-14,2024-04-14,Performance,High,3,2,0
198,110,Pro,2024-12-24,2024-12-28,Integration,Low,112,2,0
199,112,Enterprise,2024-06-09,2024-06-09,Integration,High,22,5,0
200,112,Enterprise,2024-07-02,2024-07-05,Integration,Low,94,4,0
201,112,Enterprise,2024-06-09,2024-06-09,Onboarding,Medium,17,2,0
202,112,Enterprise,2024-07-03,2024-07-04,Onboarding,Medium,36,5,0
203,112,Enterprise,2024-06-10,2024-06-10,Feature Request,Medium,11,5,0
204,112,Enterprise,2024-06-19,2024-06-22,Feature Request,Low,92,4,0
205,112,Business,2025-01-01,2025-01-01,Feature Request,Critical,6,5,0
206,112,Business,2024-12-09,2024-12-10,Technical,Medium,46,4,0
207,112,Business,2024-12-16,2024-12-17,Feature Request,Medium,46,4,0
208,115,Business,2023-06-29,2023-06-29,Performance,High,11,4,0
209,115,Enterprise,2024-12-09,2024-12-11,Performance,Low,70,4,0
210,115,Enterprise,2024-12-11,2024-12-11,Feature Request,Medium,11,2,0
211,115,Enterprise,2024-12-17,2024-12-18,Account,Medium,42,4,0
212,116,Pro,2025-01-01,2025-01-04,Account,Low,80,2,0
213,118,Pro,2022-10-27,2022-10-27,Integration,High,3,3,0
214,118,Pro,2022-10-23,2022-10-23,Onboarding,Medium,20,4,0
215,118,Pro,2022-10-17,2022-10-17,Account,Medium,22,3,0
216,118,Business,2023-02-27,2023-02-27,Feature Request,Medium,20,3,1
217,118,Business,2023-03-03,2023-03-03,Account,High,17,3,1
218,118,Business,2023-03-09,2023-03-12,Performance,Low,89,1,1
219,118,Business,2023-02-18,2023-02-18,Feature Request,Critical,4,1,1
220,118,Business,2023-02-28,2023-03-01,Feature Request,Medium,36,2,1
221,118,Business,2023-02-18,2023-02-20,Integration,Low,67,1,1
222,123,Starter,2022-06-09,2022-06-10,Technical,High,24,3,1
223,123,Starter,2022-06-21,2022-06-24,Billing,Low,85,2,1
224,126,Enterprise,2022-08-20,2022-08-21,Billing,Low,31,2,0
225,126,Enterprise,2022-08-28,2022-08-29,Technical,Low,32,4,0
226,126,Enterprise,2022-08-23,2022-08-24,Technical,Medium,46,5,0
227,126,Enterprise,2022-08-14,2022-08-14,Technical,Medium,17,4,0
228,126,Enterprise,2022-09-17,2022-09-19,Performance,Low,60,4,0
229,126,Enterprise,2022-09-30,2022-10-01,Performance,Medium,46,3,0
230,126,Enterprise,2022-09-11,2022-09-11,Feature Request,Medium,23,4,0
231,126,Enterprise,2022-09-29,2022-09-29,Performance,Critical,7,2,0
232,126,Business,2024-12-19,2024-12-20,Onboarding,Medium,38,1,0
233,128,Pro,2023-05-21,2023-05-21,Onboarding,Critical,5,4,1
234,128,Pro,2023-05-16,2023-05-17,Technical,Medium,28,4,1
235,128,Pro,2023-06-20,2023-06-24,Technical,Low,106,2,1
236,130,Enterprise,2024-03-28,2024-03-28,Billing,High,6,5,0
237,130,Enterprise,2024-03-21,2024-03-21,Integration,High,8,3,0
238,130,Enterprise,2024-03-25,2024-03-29,Integration,Low,100,2,0
239,130,Enterprise,2024-03-13,2024-03-16,Onboarding,Low,73,2,0
240,130,Enterprise,2024-05-06,2024-05-06,Billing,High,13,4,0
241,130,Enterprise,2024-04-18,2024-04-19,Technical,Medium,33,3,0
242,130,Enterprise,2024-05-02,2024-05-02,Onboarding,High,14,4,0
243,130,Business,2024-12-17,2024-12-17,Integration,Medium,23,4,0
244,130,Business,2024-12-18,2024-12-19,Performance,Medium,26,3,0
245,132,Starter,2022-03-27,2022-03-30,Technical,Low,76,2,1
246,132,Starter,2022-03-24,2022-03-24,Feature Request,High,14,4,1
247,132,Starter,2022-04-13,2022-04-16,Performance,Low,92,4,1
248,134,Starter,2022-06-11,2022-06-15,Technical,Low,109,4,0
249,134,Starter,2022-05-14,2022-05-15,Technical,Low,45,2,0
250,134,Starter,2022-06-15,2022-06-17,Billing,Low,60,5,0
251,134,Starter,2022-07-01,2022-07-04,Technical,Low,94,5,0
252,134,Starter,2023-01-28,2023-02-01,Feature Request,Low,107,4,0
253,134,Starter,2023-02-25,2023-02-26,Performance,Medium,43,4,0
254,134,Starter,2023-04-12,2023-04-13,Feature Request,Medium,38,4,0
255,134,Starter,2023-05-30,2023-05-30,Account,Medium,10,5,0
256,134,Starter,2023-07-25,2023-07-26,Feature Request,Medium,27,4,0
257,134,Starter,2023-08-08,2023-08-09,Integration,Medium,24,3,0
258,134,Starter,2023-07-13,2023-07-15,Performance,Low,56,4,0
259,134,Starter,2023-07-31,2023-08-01,Performance,Low,29,2,0
260,134,Starter,2023-10-12,2023-10-12,Feature Request,Critical,7,5,0
261,134,Starter,2023-12-05,2023-12-06,Feature Request,Low,46,5,0
262,134,Starter,2024-01-10,2024-01-12,Billing,Medium,48,4,0
263,134,Starter,2024-01-11,2024-01-11,Onboarding,High,2,5,0
264,134,Starter,2024-02-26,2024-02-27,Billing,Medium,24,2,0
265,134,Starter,2024-02-15,2024-02-16,Onboarding,Low,29,5,0
266,134,Starter,2024-03-21,2024-03-23,Performance,Low,53,2,0
267,134,Starter,2024-04-17,2024-04-17,Performance,Medium,8,3,0
268,134,Starter,2024-05-02,2024-05-04,Feature Request,Low,69,4,0
269,134,Starter,2024-07-02,2024-07-02,Integration,High,3,5,0
270,134,Starter,2024-06-13,2024-06-16,Billing,Low,72,3,0
271,134,Starter,2024-08-14,2024-08-14,Feature Request,Medium,21,3,0
272,134,Starter,2024-09-03,2024-09-06,Integration,Low,89,5,0
273,134,Starter,2024-09-03,2024-09-06,Feature Request,Low,87,4,0
274,134,Starter,2024-08-12,2024-08-12,Account,Medium,15,4,0
275,134,Starter,2024-09-28,2024-09-28,Integration,Medium,22,4,0
276,134,Starter,2024-11-27,2024-11-28,Integration,Medium,37,4,0
277,134,Starter,2024-12-05,2024-12-06,Billing,Medium,30,4,0
278,136,Enterprise,2022-10-26,2022-10-30,Performance,Low,104,3,1
279,136,Enterprise,2022-10-17,2022-10-18,Onboarding,Medium,41,1,1
280,136,Enterprise,2022-10-20,2022-10-24,Technical,Low,118,2,1
281,136,Enterprise,2022-10-30,2022-10-31,Billing,Low,47,4,1
282,136,Enterprise,2022-12-04,2022-12-04,Onboarding,Medium,21,5,1
283,136,Enterprise,2022-11-22,2022-11-23,Technical,Medium,45,2,1
284,136,Enterprise,2022-12-09,2022-12-13,Onboarding,Low,111,1,1
285,136,Enterprise,2022-12-11,2022-12-12,Performance,Medium,46,3,1
286,136,Enterprise,2022-12-02,2022-12-04,Account,Medium,48,1,1
287,136,Enterprise,2022-11-16,2022-11-17,Integration,Medium,47,3,1
288,136,Enterprise,2022-11-17,2022-11-17,Onboarding,Medium,23,3,1
289,136,Enterprise,2022-11-30,2022-12-01,Technical,Medium,35,1,1
290,139,Starter,2024-09-30,2024-09-30,Feature Request,High,19,3,0
291,139,Starter,2024-09-15,2024-09-18,Performance,Low,77,4,0
292,139,Starter,2024-09-26,2024-09-29,Onboarding,Low,81,4,0
293,139,Pro,2025-01-07,2025-01-07,Billing,Critical,8,4,0
294,143,Pro,2022-12-10,2022-12-11,Onboarding,Low,44,3,0
295,143,Business,2023-03-05,2023-03-09,Onboarding,Low,106,3,0
296,143,Business,2023-03-18,2023-03-19,Feature Request,Medium,39,4,0
297,143,Business,2023-03-17,2023-03-17,Billing,High,8,1,0
298,143,Pro,2025-01-06,2025-01-10,Onboarding,Low,100,4,0
299,151,Enterprise,2022-08-30,2022-08-31,Integration,Medium,33,2,1
300,151,Enterprise,2022-09-16,2022-09-17,Onboarding,Medium,42,3,1
301,151,Enterprise,2022-09-18,2022-09-19,Feature Request,Low,36,3,1
302,151,Enterprise,2022-08-25,2022-08-25,Performance,Medium,19,3,1
303,151,Enterprise,2022-08-31,2022-09-01,Billing,Low,47,3,1
304,151,Enterprise,2022-09-06,2022-09-06,Billing,Critical,6,2,1
305,151,Enterprise,2022-09-06,2022-09-09,Integration,Low,94,1,1
306,151,Enterprise,2022-10-09,2022-10-09,Onboarding,High,16,3,1
307,151,Enterprise,2022-10-07,2022-10-08,Onboarding,Low,30,2,1
308,151,Enterprise,2022-09-20,2022-09-24,Onboarding,Low,104,1,1
309,151,Enterprise,2022-09-22,2022-09-22,Performance,High,20,1,1
310,151,Enterprise,2022-09-26,2022-09-26,Onboarding,Critical,6,2,1
311,151,Enterprise,2022-10-05,2022-10-05,Technical,High,21,2,1
312,151,Enterprise,2022-09-24,2022-09-26,Account,Low,52,2,1
313,151,Enterprise,2022-10-08,2022-10-09,Feature Request,Medium,32,5,1
314,151,Enterprise,2022-10-18,2022-10-20,Performance,Low,53,1,1
315,151,Enterprise,2022-10-07,2022-10-07,Onboarding,Medium,15,4,1
316,151,Enterprise,2022-10-12,2022-10-12,Feature Request,High,23,5,1
317,155,Enterprise,2025-01-06,2025-01-07,Performance,Medium,46,4,0
318,155,Enterprise,2025-01-16,2025-01-17,Feature Request,Low,32,3,0
319,155,Enterprise,2024-12-29,2024-12-30,Integration,Medium,39,4,0
320,155,Enterprise,2024-12-27,2024-12-30,Integration,Low,75,1,0
321,155,Enterprise,2024-12-23,2024-12-24,Billing,Medium,46,4,0
322,155,Enterprise,2025-01-08,2025-01-08,Technical,High,10,2,0
323,155,Enterprise,2024-12-31,2024-12-31,Onboarding,Critical,6,3,0
324,155,Enterprise,2025-01-05,2025-01-06,Feature Request,Low,47,5,0
325,159,Pro,2022-04-13,2022-04-13,Feature Request,High,23,5,0
326,159,Pro,2022-04-27,2022-04-29,Integration,Low,53,4,0
327,159,Pro,2022-05-20,2022-05-21,Technical,Medium,47,4,0
328,159,Pro,2022-05-01,2022-05-02,Performance,Medium,30,3,0
329,159,Starter,2023-03-14,2023-03-15,Billing,Medium,36,2,1
330,161,Business,2025-01-06,2025-01-10,Technical,Low,104,5,0
331,161,Business,2025-01-03,2025-01-03,Integration,High,20,4,0
332,161,Business,2025-01-23,2025-01-23,Performance,Critical,6,2,0
333,163,Starter,2022-09-12,2022-09-14,Integration,Low,69,2,1
334,163,Starter,2022-09-16,2022-09-16,Onboarding,Critical,7,4,1
335,163,Starter,2022-10-23,2022-10-25,Integration,Low,58,4,1
336,163,Starter,2022-10-09,2022-10-10,Onboarding,Medium,36,3,1
337,175,Enterprise,2024-12-30,2024-12-31,Billing,Low,42,3,0
338,175,Enterprise,2024-12-20,2024-12-20,Billing,High,12,3,0
339,175,Enterprise,2024-12-10,2024-12-10,Performance,Medium,16,4,0
340,175,Enterprise,2024-12-12,2024-12-16,Integration,Low,116,3,0
341,176,Business,2022-04-02,2022-04-02,Account,Critical,2,2,1
342,181,Starter,2022-11-21,2022-11-22,Feature Request,Medium,24,1,1
343,183,Starter,2022-06-19,2022-06-22,Technical,Low,75,1,1
344,183,Starter,2022-06-12,2022-06-16,Performance,Low,111,3,1
345,188,Enterprise,2022-11-18,2022-11-18,Billing,High,3,1,0
346,188,Business,2024-12-23,2024-12-24,Technical,High,24,2,0
347,189,Starter,2022-07-09,2022-07-11,Feature Request,Low,67,2,1
348,189,Starter,2022-08-11,2022-08-13,Account,Low,56,3,1
349,189,Starter,2022-08-21,2022-08-21,Account,High,13,2,1
350,194,Enterprise,2023-02-26,2023-02-26,Feature Request,Medium,8,5,0
351,194,Business,2023-12-31,2024-01-03,Account,Low,74,3,1
352,194,Business,2023-12-14,2023-12-14,Integration,Medium,23,2,1
353,194,Business,2024-01-25,2024-01-25,Billing,Critical,1,2,1
354,194,Business,2024-01-29,2024-01-30,Billing,Low,43,3,1
355,194,Business,2024-01-09,2024-01-10,Technical,Medium,42,2,1
356,194,Business,2024-01-11,2024-01-15,Onboarding,Low,118,2,1
357,194,Business,2024-01-30,2024-02-02,Billing,Low,95,2,1
358,204,Enterprise,2023-08-14,2023-08-14,Integration,High,13,5,0
359,204,Enterprise,2023-08-30,2023-09-01,Onboarding,Medium,48,4,0
360,204,Enterprise,2023-10-02,2023-10-06,Onboarding,Low,111,4,0
361,204,Enterprise,2023-09-19,2023-09-19,Performance,Medium,17,5,0
362,204,Enterprise,2023-09-21,2023-09-23,Billing,Low,58,4,0
363,204,Enterprise,2023-09-12,2023-09-16,Integration,Low,105,4,0
364,204,Enterprise,2023-10-03,2023-10-04,Feature Request,Medium,32,4,0
365,204,Enterprise,2023-09-10,2023-09-14,Technical,Low,109,2,0
366,204,Business,2024-10-11,2024-10-15,Technical,Low,105,3,1
367,204,Business,2024-11-07,2024-11-10,Performance,Low,91,3,1
368,204,Business,2024-10-15,2024-10-15,Billing,High,13,2,1
369,204,Business,2024-10-13,2024-10-13,Integration,Medium,19,2,1
370,204,Business,2024-10-22,2024-10-23,Technical,Medium,28,1,1
371,204,Business,2024-10-16,2024-10-17,Integration,Low,38,3,1
372,204,Business,2024-10-14,2024-10-14,Performance,Medium,22,1,1
373,204,Business,2024-11-30,2024-12-02,Feature Request,Low,57,4,1
374,204,Business,2024-11-30,2024-11-30,Technical,Medium,20,3,1
375,204,Business,2024-11-19,2024-11-19,Technical,High,7,3,1
376,214,Pro,2023-08-12,2023-08-16,Integration,Low,97,3,0
377,214,Pro,2023-09-03,2023-09-04,Integration,Medium,35,3,0
378,214,Business,2024-05-29,2024-05-29,Account,Medium,17,4,1
379,214,Business,2024-05-22,2024-05-22,Feature Request,Critical,4,2,1
380,214,Business,2024-07-09,2024-07-12,Onboarding,Low,89,3,1
381,214,Business,2024-06-24,2024-06-25,Technical,Medium,31,1,1
382,214,Business,2024-06-19,2024-06-19,Performance,Critical,4,2,1
383,214,Business,2024-06-16,2024-06-17,Technical,Low,43,2,1
384,219,Pro,2022-05-08,2022-05-09,Onboarding,Low,34,5,0
385,219,Pro,2022-05-13,2022-05-13,Technical,High,13,2,0
386,219,Pro,2022-04-20,2022-04-23,Integration,Low,84,5,0
387,219,Pro,2022-04-19,2022-04-21,Technical,Low,70,3,0
388,219,Starter,2023-09-19,2023-09-22,Account,Low,75,5,0
389,219,Starter,2023-10-18,2023-10-22,Account,Low,100,4,0
390,219,Starter,2024-01-05,2024-01-06,Performance,Low,44,4,0
391,219,Starter,2024-01-31,2024-01-31,Feature Request,High,12,5,0
392,219,Starter,2024-03-02,2024-03-03,Billing,Medium,35,3,0
393,219,Starter,2024-05-25,2024-05-25,Performance,High,22,5,0
394,219,Starter,2024-06-03,2024-06-03,Onboarding,Medium,21,4,0
395,219,Starter,2024-07-06,2024-07-07,Integration,Medium,25,2,0
396,219,Starter,2024-06-13,2024-06-13,Performance,Critical,6,5,0
397,219,Starter,2024-07-20,2024-07-20,Feature Request,High,23,4,0
398,219,Starter,2024-10-05,2024-10-05,Billing,Medium,13,5,0
399,219,Starter,2024-10-07,2024-10-07,Feature Request,Critical,7,5,0
400,219,Starter,2024-10-01,2024-10-02,Integration,Medium,42,5,0
401,219,Starter,2024-09-11,2024-09-11,Onboarding,Critical,1,4,0
402,219,Starter,2024-10-13,2024-10-16,Onboarding,Low,86,5,0
403,219,Starter,2024-11-21,2024-11-23,Billing,Low,58,5,0
404,219,Starter,2024-12-07,2024-12-11,Integration,Low,117,5,0
405,219,Starter,2024-12-09,2024-12-11,Account,Low,51,4,0
406,224,Business,2022-07-19,2022-07-19,Technical,Medium,18,2,1
407,224,Business,2022-07-21,2022-07-21,Integration,High,21,4,1
408,224,Business,2022-08-12,2022-08-12,Integration,Medium,8,3,1
409,224,Business,2022-08-18,2022-08-22,Feature Request,Low,98,1,1
410,224,Business,2022-08-24,2022-08-24,Onboarding,High,16,4,1
411,224,Business,2022-08-25,2022-08-26,Onboarding,Medium,33,1,1
412,224,Business,2022-09-04,2022-09-05,Feature Request,Low,44,1,1
413,224,Business,2022-09-09,2022-09-10,Performance,Medium,33,2,1
414,224,Business,2022-09-15,2022-09-18,Onboarding,Low,81,2,1
415,229,Starter,2022-12-01,2022-12-01,Integration,High,7,2,1
416,232,Starter,2022-10-17,2022-10-17,Billing,Critical,1,2,1
417,237,Starter,2022-05-26,2022-05-28,Onboarding,Low,59,3,1
418,237,Starter,2022-07-09,2022-07-10,Technical,Medium,42,1,1
419,237,Starter,2022-07-15,2022-07-16,Account,Medium,25,4,1
420,239,Business,2022-06-25,2022-06-25,Account,High,3,4,0
421,239,Business,2022-07-19,2022-07-19,Account,Critical,1,4,0
422,239,Business,2022-06-24,2022-06-24,Performance,High,5,2,0
423,239,Business,2022-07-16,2022-07-17,Onboarding,Medium,40,4,0
424,239,Business,2022-07-20,2022-07-21,Technical,Low,47,5,0
425,239,Business,2022-07-03,2022-07-05,Performance,Low,48,5,0
426,239,Enterprise,2022-08-28,2022-09-01,Onboarding,Low,107,4,1
427,239,Enterprise,2022-09-19,2022-09-20,Performance,Low,41,3,1
428,239,Enterprise,2022-08-30,2022-09-01,Onboarding,Low,53,1,1
429,239,Enterprise,2022-09-14,2022-09-14,Technical,High,18,2,1
430,239,Enterprise,2022-08-29,2022-08-30,Feature Request,Medium,37,3,1
431,239,Enterprise,2022-09-06,2022-09-07,Feature Request,Medium,33,2,1
432,239,Enterprise,2022-09-12,2022-09-13,Onboarding,Medium,35,2,1
433,239,Enterprise,2022-10-09,2022-10-09,Feature Request,Medium,11,4,1
434,239,Enterprise,2022-09-30,2022-09-30,Technical,Medium,12,3,1
435,239,Enterprise,2022-10-17,2022-10-17,Billing,High,16,3,1
436,239,Enterprise,2022-09-26,2022-09-28,Feature Request,Low,50,3,1
437,239,Enterprise,2022-10-09,2022-10-10,Onboarding,Low,41,4,1
438,239,Enterprise,2022-10-20,2022-10-22,Onboarding,Low,54,5,1
439,239,Enterprise,2022-09-24,2022-09-25,Onboarding,Low,29,3,1
440,239,Enterprise,2022-10-21,2022-10-23,Billing,Medium,48,2,1
441,239,Enterprise,2022-09-29,2022-09-29,Account,Medium,18,3,1
442,239,Enterprise,2022-09-24,2022-09-25,Technical,Medium,31,4,1
443,239,Enterprise,2022-09-30,2022-10-01,Technical,Medium,43,2,1
444,241,Business,2023-01-02,2023-01-02,Onboarding,Medium,8,2,1
445,241,Business,2023-01-09,2023-01-12,Billing,Low,87,3,1
446,241,Business,2023-01-04,2023-01-04,Technical,High,18,1,1
447,241,Business,2023-01-15,2023-01-15,Account,Critical,1,1,1
448,241,Business,2023-01-05,2023-01-05,Account,High,5,1,1
449,241,Business,2023-01-05,2023-01-06,Account,High,24,2,1
450,241,Business,2023-01-25,2023-01-29,Billing,Low,110,2,1
451,241,Business,2023-01-27,2023-01-28,Performance,Medium,42,2,1
452,241,Business,2023-01-31,2023-01-31,Account,Medium,10,2,1
453,241,Business,2023-01-24,2023-01-25,Billing,Low,38,4,1
454,241,Business,2023-01-26,2023-01-30,Performance,Low,108,3,1
455,248,Enterprise,2024-03-08,2024-03-08,Account,High,14,2,1
456,248,Enterprise,2024-03-23,2024-03-23,Technical,Critical,7,1,1
457,248,Enterprise,2024-02-27,2024-02-27,Integration,Medium,14,3,1
458,248,Enterprise,2024-02-28,2024-02-29,Account,Low,43,1,1
459,248,Enterprise,2024-03-16,2024-03-18,Performance,Low,49,3,1
460,248,Enterprise,2024-03-09,2024-03-10,Performance,Low,39,1,1
461,248,Enterprise,2024-03-03,2024-03-04,Onboarding,High,24,3,1
462,248,Enterprise,2024-03-07,2024-03-08,Account,Medium,25,2,1
463,248,Enterprise,2024-03-12,2024-03-13,Billing,Medium,32,2,1
464,248,Enterprise,2024-03-25,2024-03-27,Onboarding,Low,55,1,1
465,248,Enterprise,2024-03-08,2024-03-10,Performance,Low,54,2,1
466,248,Enterprise,2024-03-14,2024-03-15,Integration,Medium,31,5,1
467,248,Enterprise,2024-03-01,2024-03-05,Onboarding,Low,100,2,1
468,248,Enterprise,2024-03-13,2024-03-13,Performance,Critical,8,3,1
469,248,Enterprise,2024-03-20,2024-03-20,Billing,High,23,2,1
470,252,Starter,2025-01-09,2025-01-10,Account,Medium,26,3,0
471,258,Business,2023-03-24,2023-03-26,Billing,Low,67,5,0
472,261,Pro,2022-12-23,2022-12-23,Integration,High,11,4,1
473,261,Pro,2022-12-01,2022-12-02,Technical,Low,33,3,1
474,261,Pro,2023-01-03,2023-01-04,Account,Low,29,2,1
475,261,Pro,2023-01-02,2023-01-02,Integration,Critical,2,1,1
476,268,Pro,2023-11-26,2023-11-27,Onboarding,Low,42,5,0
477,268,Pro,2023-11-04,2023-11-08,Onboarding,Low,109,4,0
478,268,Pro,2023-11-16,2023-11-16,Performance,Medium,20,2,0
479,268,Business,2023-11-27,2023-11-28,Account,Low,41,3,0
480,268,Business,2023-11-05,2023-11-09,Billing,Low,117,4,0
481,268,Enterprise,2024-08-14,2024-08-14,Feature Request,High,20,4,1
482,268,Enterprise,2024-08-04,2024-08-04,Performance,High,16,1,1
483,268,Enterprise,2024-08-10,2024-08-10,Integration,High,11,2,1
484,268,Enterprise,2024-08-14,2024-08-14,Feature Request,Medium,13,1,1
485,268,Enterprise,2024-08-31,2024-09-01,Onboarding,Medium,45,3,1
486,268,Enterprise,2024-09-23,2024-09-23,Integration,High,19,2,1
487,268,Enterprise,2024-09-26,2024-09-27,Onboarding,Medium,35,2,1
488,268,Enterprise,2024-09-15,2024-09-19,Feature Request,Low,99,3,1
489,268,Enterprise,2024-09-04,2024-09-05,Account,Medium,41,1,1
490,268,Enterprise,2024-09-07,2024-09-07,Performance,High,2,3,1
491,268,Enterprise,2024-09-18,2024-09-18,Performance,Medium,21,4,1
492,268,Enterprise,2024-09-16,2024-09-20,Performance,Low,115,4,1
493,268,Enterprise,2024-09-05,2024-09-05,Onboarding,Critical,1,2,1
494,268,Enterprise,2024-09-29,2024-10-02,Billing,Low,90,3,1
495,272,Enterprise,2022-11-10,2022-11-10,Account,High,19,3,1
496,272,Enterprise,2022-11-28,2022-11-28,Billing,Medium,9,1,1
497,272,Enterprise,2022-11-30,2022-11-30,Onboarding,Critical,5,5,1
498,272,Enterprise,2022-11-15,2022-11-15,Technical,High,8,2,1
499,272,Enterprise,2022-12-04,2022-12-06,Integration,Low,48,1,1
500,272,Enterprise,2022-11-22,2022-11-22,Feature Request,Critical,1,2,1
501,274,Enterprise,2023-10-16,2023-10-17,Feature Request,Medium,34,3,0
502,274,Enterprise,2023-10-16,2023-10-16,Integration,Critical,5,3,0
503,274,Enterprise,2023-10-18,2023-10-20,Billing,Low,62,5,0
504,274,Enterprise,2023-11-04,2023-11-08,Performance,Low,119,4,0
505,274,Enterprise,2023-11-21,2023-11-22,Technical,Medium,37,4,0
506,274,Enterprise,2023-11-23,2023-11-25,Billing,Low,49,3,0
507,274,Enterprise,2023-11-20,2023-11-20,Billing,High,5,4,0
508,274,Enterprise,2023-11-18,2023-11-19,Feature Request,Low,43,4,0
509,274,Enterprise,2023-11-29,2023-11-30,Technical,Medium,28,2,0
510,274,Business,2024-12-28,2024-12-28,Technical,High,11,3,0
511,278,Starter,2022-09-25,2022-09-25,Integration,High,11,4,1
512,281,Enterprise,2024-12-12,2024-12-12,Feature Request,High,2,4,0
513,281,Enterprise,2024-12-28,2024-12-28,Performance,Medium,14,5,0
514,281,Enterprise,2024-12-26,2024-12-28,Technical,Low,50,2,0
515,281,Enterprise,2024-12-14,2024-12-14,Performance,Medium,9,4,0
516,292,Pro,2023-12-04,2023-12-04,Feature Request,Medium,23,3,1
517,292,Pro,2023-12-03,2023-12-07,Integration,Low,112,5,1
518,293,Starter,2022-11-14,2022-11-15,Feature Request,Medium,37,5,0
519,293,Starter,2022-12-10,2022-12-11,Performance,Low,28,5,0
520,293,Starter,2022-12-03,2022-12-03,Feature Request,Medium,15,5,0
521,293,Pro,2025-01-09,2025-01-09,Performance,Medium,22,4,0
522,295,Business,2022-08-22,2022-08-23,Onboarding,Medium,31,4,0
523,295,Business,2022-09-09,2022-09-09,Onboarding,Medium,17,2,0
524,295,Business,2022-09-27,2022-09-29,Feature Request,Low,58,4,0
525,295,Enterprise,2022-11-30,2022-11-30,Account,Critical,1,3,0
526,295,Enterprise,2022-11-28,2022-11-30,Onboarding,Low,50,4,0
527,295,Enterprise,2022-12-05,2022-12-05,Integration,High,19,5,0
528,295,Enterprise,2022-11-28,2022-11-28,Technical,Medium,10,4,0
529,295,Business,2024-12-19,2024-12-23,Onboarding,Low,97,2,0
530,295,Business,2024-12-19,2024-12-23,Feature Request,Low,118,4,0
531,295,Business,2024-12-26,2024-12-27,Billing,Medium,24,4,0
532,297,Business,2022-06-03,2022-06-06,Onboarding,Low,76,3,0
533,297,Business,2022-06-06,2022-06-06,Integration,Critical,5,1,0
534,297,Business,2022-05-19,2022-05-21,Feature Request,Low,65,5,0
535,297,Business,2022-07-01,2022-07-04,Feature Request,Low,82,5,0
536,297,Business,2022-10-09,2022-10-10,Integration,Medium,40,5,0
537,297,Business,2022-09-27,2022-10-01,Account,Low,111,4,0
538,297,Business,2022-10-20,2022-10-20,Technical,Medium,8,4,0
539,297,Business,2022-12-07,2022-12-07,Technical,High,6,2,0
540,297,Business,2022-12-01,2022-12-01,Account,Critical,2,5,0
541,297,Business,2022-12-20,2022-12-20,Account,High,7,2,0
542,297,Business,2022-12-22,2022-12-23,Feature Request,Medium,24,5,0
543,297,Business,2023-01-03,2023-01-03,Technical,Medium,23,4,0
544,297,Business,2023-02-07,2023-02-08,Integration,Low,27,4,0
545,297,Business,2023-02-11,2023-02-12,Feature Request,Medium,34,3,0
546,297,Business,2023-01-19,2023-01-20,Account,Medium,37,4,0
547,297,Business,2023-03-03,2023-03-07,Performance,Low,97,4,0
548,297,Business,2023-04-01,2023-04-03,Onboarding,Medium,48,4,0
549,297,Business,2023-05-13,2023-05-15,Account,Low,69,2,0
550,297,Business,2023-05-14,2023-05-14,Onboarding,Critical,2,4,0
551,297,Business,2023-04-29,2023-04-29,Onboarding,Medium,14,4,0
552,297,Business,2023-05-22,2023-05-25,Billing,Low,82,4,0
553,297,Business,2023-06-10,2023-06-10,Feature Request,Medium,14,4,0
554,297,Business,2023-05-17,2023-05-21,Billing,Low,119,4,0
555,297,Business,2023-05-29,2023-05-30,Account,Medium,43,4,0
556,297,Business,2023-06-08,2023-06-08,Technical,Medium,13,4,0
557,297,Business,2023-06-24,2023-06-25,Performance,Medium,42,4,0
558,297,Business,2023-07-24,2023-07-25,Performance,Medium,43,2,0
559,297,Business,2023-07-20,2023-07-21,Integration,Medium,35,5,0
560,297,Business,2023-08-12,2023-08-12,Technical,High,12,4,0
561,297,Business,2023-09-11,2023-09-11,Onboarding,High,17,4,0
562,297,Business,2023-10-07,2023-10-08,Integration,Low,29,2,0
563,297,Business,2023-10-16,2023-10-19,Account,Low,81,3,0
564,297,Business,2023-10-29,2023-11-02,Account,Low,100,3,0
565,297,Business,2024-01-07,2024-01-08,Feature Request,Medium,41,4,0
566,297,Business,2024-01-06,2024-01-07,Integration,Medium,30,4,0
567,297,Business,2024-01-11,2024-01-11,Feature Request,Medium,10,4,0
568,297,Business,2024-01-21,2024-01-21,Account,Medium,11,1,0
569,297,Business,2024-03-07,2024-03-07,Performance,Medium,11,5,0
570,297,Business,2024-03-15,2024-03-17,Feature Request,Low,51,5,0
571,297,Business,2024-03-14,2024-03-15,Performance,Low,31,3,0
572,297,Business,2024-04-06,2024-04-06,Integration,High,17,5,0
573,297,Business,2024-03-17,2024-03-18,Technical,Medium,39,2,0
574,297,Business,2024-04-22,2024-04-26,Onboarding,Low,116,4,0
575,297,Business,2024-04-25,2024-04-29,Onboarding,Low,116,3,0
576,297,Business,2024-04-14,2024-04-17,Account,Low,77,2,0
577,297,Business,2024-04-19,2024-04-23,Integration,Low,118,4,0
578,297,Business,2024-05-02,2024-05-03,Technical,Medium,27,5,0
579,297,Business,2024-06-07,2024-06-07,Technical,Critical,4,5,0
580,297,Business,2024-05-25,2024-05-26,Technical,High,24,4,0
581,297,Business,2024-06-18,2024-06-20,Technical,Low,53,4,0
582,297,Business,2024-07-23,2024-07-24,Technical,Medium,30,5,0
583,297,Business,2024-08-01,2024-08-05,Billing,Low,116,2,0
584,297,Business,2024-08-14,2024-08-14,Account,Medium,20,2,0
585,297,Business,2024-08-08,2024-08-10,Performance,Low,51,4,0
586,297,Business,2024-08-18,2024-08-20,Billing,Low,63,1,0
587,297,Business,2024-10-31,2024-11-03,Integration,Low,79,3,0
588,297,Business,2024-11-22,2024-11-22,Billing,Critical,4,4,0
589,297,Business,2024-11-24,2024-11-24,Integration,High,23,4,0
590,297,Business,2024-11-11,2024-11-11,Technical,Medium,12,3,0
591,297,Business,2024-11-10,2024-11-11,Onboarding,Low,43,1,0
592,297,Business,2024-11-20,2024-11-21,Integration,Medium,34,5,0
593,297,Business,2025-01-02,2025-01-03,Onboarding,Medium,29,4,0
594,297,Business,2024-12-28,2024-12-28,Feature Request,Critical,5,4,0
595,297,Business,2024-12-20,2024-12-20,Feature Request,Medium,14,2,0
596,299,Enterprise,2023-07-03,2023-07-03,Integration,High,9,3,0
597,299,Enterprise,2023-07-13,2023-07-15,Billing,Low,53,3,0
598,299,Enterprise,2023-07-02,2023-07-03,Integration,Medium,47,4,0
599,299,Enterprise,2023-07-11,2023-07-12,Feature Request,Medium,41,1,0
600,299,Enterprise,2023-07-05,2023-07-06,Performance,Medium,27,4,0
601,299,Business,2024-04-07,2024-04-07,Feature Request,High,17,5,0
602,299,Business,2024-03-29,2024-04-02,Onboarding,Low,105,4,0
603,299,Business,2024-04-20,2024-04-23,Integration,Low,79,5,0
604,299,Business,2024-04-22,2024-04-22,Performance,Critical,3,4,0
605,299,Enterprise,2025-01-06,2025-01-07,Feature Request,Medium,41,4,0
606,299,Enterprise,2025-01-02,2025-01-04,Performance,Medium,48,2,0
607,299,Enterprise,2025-01-11,2025-01-15,Onboarding,Low,117,4,0
608,299,Enterprise,2024-12-29,2024-12-31,Account,Low,66,4,0
609,299,Enterprise,2025-01-04,2025-01-05,Account,Medium,37,3,0
610,304,Enterprise,2022-10-24,2022-10-24,Account,Medium,12,1,0
611,304,Enterprise,2022-10-26,2022-10-26,Integration,Medium,18,3,0
612,304,Enterprise,2022-10-24,2022-10-24,Integration,Critical,7,4,0
613,304,Enterprise,2022-12-10,2022-12-10,Performance,High,9,4,0
614,304,Enterprise,2022-12-02,2022-12-02,Integration,High,3,3,0
615,304,Enterprise,2022-11-25,2022-11-26,Integration,Medium,34,5,0
616,304,Business,2023-01-06,2023-01-08,Integration,Low,52,3,0
617,304,Business,2023-01-09,2023-01-09,Technical,High,6,2,0
618,304,Business,2023-01-24,2023-01-28,Technical,Low,114,3,0
619,304,Business,2023-02-10,2023-02-11,Technical,Medium,46,5,0
620,304,Enterprise,2025-01-02,2025-01-02,Performance,High,10,4,0
621,304,Enterprise,2025-01-02,2025-01-06,Feature Request,Low,114,4,0
622,304,Enterprise,2025-01-01,2025-01-01,Integration,High,10,4,0
623,306,Pro,2025-01-15,2025-01-17,Onboarding,Low,63,5,0
624,313,Pro,2023-08-02,2023-08-03,Performance,Medium,37,3,1
625,313,Pro,2023-07-25,2023-07-26,Technical,Low,29,2,1
626,313,Pro,2023-09-01,2023-09-03,Account,Low,67,1,1
627,313,Pro,2023-09-18,2023-09-19,Integration,Medium,28,5,1
628,316,Enterprise,2023-08-12,2023-08-13,Account,Medium,27,5,0
629,316,Enterprise,2023-08-14,2023-08-14,Billing,High,15,5,0
630,316,Enterprise,2023-08-03,2023-08-06,Onboarding,Low,82,4,0
631,316,Enterprise,2023-09-15,2023-09-16,Technical,Medium,27,4,0
632,316,Enterprise,2023-09-20,2023-09-21,Integration,Medium,43,5,0
633,316,Business,2024-02-09,2024-02-09,Technical,Medium,15,3,0
634,316,Business,2024-03-07,2024-03-08,Feature Request,Medium,29,4,0
635,316,Business,2024-03-18,2024-03-21,Technical,Low,91,5,0
636,316,Pro,2024-07-09,2024-07-10,Performance,High,24,3,1
637,316,Pro,2024-07-21,2024-07-21,Billing,Medium,19,3,1
638,316,Pro,2024-07-18,2024-07-21,Performance,Low,72,1,1
639,316,Pro,2024-06-29,2024-06-29,Integration,High,16,3,1
640,320,Enterprise,2023-01-16,2023-01-16,Onboarding,Medium,23,3,0
641,320,Enterprise,2023-01-07,2023-01-08,Performance,Medium,42,3,0
642,320,Enterprise,2023-01-17,2023-01-17,Onboarding,High,18,3,0
643,320,Enterprise,2023-02-19,2023-02-19,Billing,Medium,19,3,0
644,320,Enterprise,2023-02-22,2023-02-23,Account,Low,35,3,0
645,320,Enterprise,2023-01-30,2023-01-31,Performance,Medium,27,5,0
646,320,Enterprise,2023-02-02,2023-02-03,Performance,Medium,29,2,0
647,320,Enterprise,2025-01-20,2025-01-20,Performance,Medium,12,5,0
648,320,Enterprise,2025-01-08,2025-01-08,Account,Medium,12,3,0
649,320,Enterprise,2025-01-02,2025-01-03,Performance,Medium,47,3,0
650,320,Enterprise,2025-01-18,2025-01-18,Integration,Medium,17,2,0
651,320,Enterprise,2025-01-01,2025-01-04,Account,Low,89,2,0
652,335,Enterprise,2023-08-07,2023-08-07,Technical,Critical,8,3,0
653,335,Enterprise,2023-08-01,2023-08-03,Performance,Low,67,4,0
654,335,Enterprise,2023-08-14,2023-08-14,Performance,Medium,19,5,0
655,335,Enterprise,2023-08-21,2023-08-22,Billing,Medium,31,3,0
656,335,Enterprise,2023-07-31,2023-07-31,Integration,High,14,4,0
657,335,Enterprise,2023-09-13,2023-09-14,Performance,Medium,31,4,0
658,335,Enterprise,2023-09-08,2023-09-12,Account,Low,106,5,0
659,335,Enterprise,2023-09-15,2023-09-15,Onboarding,High,16,3,0
660,335,Enterprise,2023-09-06,2023-09-09,Billing,Low,86,5,0
661,335,Business,2025-01-01,2025-01-01,Billing,Medium,22,4,0
662,335,Business,2025-01-20,2025-01-22,Account,Medium,48,2,0
663,338,Pro,2024-04-05,2024-04-05,Onboarding,High,3,2,0
664,338,Pro,2024-04-25,2024-04-25,Billing,Medium,9,4,0
665,338,Business,2024-12-27,2024-12-27,Onboarding,Medium,12,4,0
666,344,Business,2022-07-21,2022-07-21,Technical,Medium,23,3,0
667,344,Business,2022-08-20,2022-08-21,Account,Medium,24,3,0
668,344,Business,2022-08-03,2022-08-03,Feature Request,High,21,3,0
669,344,Business,2022-08-11,2022-08-14,Performance,Low,72,1,0
670,344,Business,2023-04-23,2023-04-23,Feature Request,Medium,12,4,0
671,344,Business,2023-05-02,2023-05-05,Feature Request,Low,77,5,0
672,344,Business,2023-05-14,2023-05-17,Feature Request,Low,73,5,0
673,344,Business,2023-05-22,2023-05-22,Integration,Medium,10,2,0
674,344,Business,2023-05-05,2023-05-05,Account,Critical,5,3,0
675,344,Business,2023-05-17,2023-05-18,Onboarding,Medium,28,5,0
676,344,Business,2023-06-05,2023-06-06,Feature Request,Low,25,2,0
677,344,Business,2023-06-06,2023-06-07,Technical,Medium,41,4,0
678,344,Business,2023-06-06,2023-06-06,Feature Request,Medium,19,2,0
679,344,Business,2023-07-31,2023-07-31,Account,Medium,16,2,0
680,344,Business,2023-07-23,2023-07-23,Feature Request,Medium,8,3,0
681,344,Business,2023-08-08,2023-08-10,Feature Request,Low,57,4,0
682,344,Business,2023-09-26,2023-09-27,Technical,Medium,36,5,0
683,344,Business,2023-10-05,2023-10-05,Technical,Critical,8,5,0
684,344,Business,2023-10-18,2023-10-18,Feature Request,Medium,19,5,0
685,344,Business,2023-11-25,2023-11-25,Integration,High,19,4,0
686,344,Business,2023-11-10,2023-11-10,Onboarding,Medium,23,2,0
687,344,Business,2023-11-23,2023-11-23,Performance,High,12,5,0
688,344,Business,2023-11-04,2023-11-05,Onboarding,Medium,27,5,0
689,344,Business,2023-11-17,2023-11-18,Integration,Medium,31,5,0
690,344,Business,2023-12-10,2023-12-11,Integration,Medium,43,4,0
691,344,Business,2023-12-26,2023-12-30,Integration,Low,103,5,0
692,344,Business,2023-12-04,2023-12-04,Onboarding,Critical,1,5,0
693,344,Business,2023-12-01,2023-12-04,Integration,Low,86,5,0
694,344,Business,2024-01-06,2024-01-10,Feature Request,Low,97,3,0
695,344,Business,2024-03-29,2024-03-29,Billing,High,8,4,0
696,344,Business,2024-04-14,2024-04-16,Feature Request,Low,57,4,0
697,344,Business,2024-04-06,2024-04-07,Account,Medium,31,2,0
698,344,Business,2024-04-25,2024-04-25,Onboarding,Critical,2,5,0
699,344,Business,2024-03-30,2024-03-31,Integration,Medium,46,4,0
700,344,Business,2024-05-25,2024-05-29,Technical,Low,109,5,0
701,344,Business,2024-05-08,2024-05-09,Technical,Low,33,2,0
702,344,Business,2024-05-22,2024-05-25,Account,Low,89,3,0
703,344,Business,2024-05-04,2024-05-05,Technical,Medium,44,3,0
704,344,Business,2024-06-01,2024-06-01,Integration,High,2,4,0
705,344,Business,2024-06-17,2024-06-17,Technical,High,9,5,0
706,344,Business,2024-07-19,2024-07-19,Feature Request,Medium,20,4,0
707,344,Business,2024-07-09,2024-07-11,Integration,Medium,48,4,0
708,344,Business,2024-08-16,2024-08-16,Onboarding,Medium,21,3,0
709,344,Business,2024-08-24,2024-08-26,Feature Request,Low,63,5,0
710,344,Business,2024-08-05,2024-08-06,Account,Medium,38,4,0
711,344,Business,2024-08-07,2024-08-10,Feature Request,Low,79,5,0
712,344,Business,2024-09-18,2024-09-20,Account,Low,66,4,0
713,344,Business,2024-08-30,2024-08-30,Billing,High,10,5,0
714,344,Business,2024-09-22,2024-09-26,Onboarding,Low,109,4,0
715,344,Business,2024-10-05,2024-10-06,Onboarding,Low,37,4,0
716,344,Business,2024-10-14,2024-10-15,Performance,Medium,32,3,0
717,344,Business,2024-09-28,2024-09-30,Onboarding,Low,52,4,0
718,344,Business,2024-10-05,2024-10-05,Integration,High,8,3,0
719,344,Business,2024-10-15,2024-10-18,Billing,Low,79,2,0
720,344,Business,2024-10-05,2024-10-07,Account,Low,48,3,0
721,344,Business,2024-12-01,2024-12-05,Performance,Low,105,5,0
722,344,Business,2024-12-08,2024-12-09,Onboarding,Medium,45,5,0
723,344,Business,2024-12-21,2024-12-21,Billing,Critical,5,5,0
724,344,Business,2025-01-04,2025-01-05,Billing,Medium,46,5,0
725,346,Starter,2022-06-19,2022-06-19,Integration,Medium,14,2,1
726,347,Enterprise,2024-12-29,2024-12-30,Technical,Medium,32,5,0
727,353,Starter,2022-09-12,2022-09-12,Feature Request,Medium,18,2,1
728,353,Starter,2022-09-11,2022-09-12,Account,Medium,33,2,1
729,353,Starter,2022-09-28,2022-09-29,Integration,Medium,34,1,1
730,353,Starter,2022-09-30,2022-09-30,Account,Medium,11,3,1
731,358,Enterprise,2022-09-24,2022-09-25,Billing,Low,28,4,0
732,358,Enterprise,2022-09-20,2022-09-20,Billing,High,10,5,0
733,358,Enterprise,2022-09-12,2022-09-15,Integration,Low,95,5,0
734,358,Enterprise,2022-09-29,2022-10-03,Onboarding,Low,119,3,0
735,358,Enterprise,2022-09-10,2022-09-10,Account,Medium,14,3,0
736,358,Enterprise,2022-09-12,2022-09-13,Billing,Low,45,4,0
737,358,Enterprise,2022-09-28,2022-09-29,Account,Low,32,1,0
738,358,Business,2022-12-28,2022-12-29,Integration,Medium,31,2,1
739,358,Business,2022-12-26,2022-12-30,Integration,Low,118,1,1
740,358,Business,2023-01-27,2023-01-28,Technical,Medium,46,4,1
741,358,Business,2023-01-09,2023-01-09,Feature Request,Medium,11,3,1
742,366,Enterprise,2023-12-07,2023-12-08,Technical,Medium,33,1,1
743,366,Enterprise,2023-11-19,2023-11-23,Integration,Low,107,3,1
744,366,Enterprise,2023-11-20,2023-11-21,Integration,Medium,43,5,1
745,366,Enterprise,2023-11-27,2023-12-01,Performance,Low,112,3,1
746,366,Enterprise,2023-11-28,2023-11-28,Billing,Medium,18,3,1
747,366,Enterprise,2023-11-21,2023-11-24,Onboarding,Low,74,4,1
748,366,Enterprise,2023-11-28,2023-11-29,Performance,Medium,44,3,1
749,366,Enterprise,2023-12-09,2023-12-13,Performance,Low,114,2,1
750,366,Enterprise,2023-11-22,2023-11-22,Account,Critical,2,2,1
751,368,Starter,2023-10-02,2023-10-03,Feature Request,Low,34,1,1
752,368,Starter,2023-09-15,2023-09-15,Onboarding,High,21,2,1
753,370,Starter,2023-02-23,2023-02-23,Account,High,4,1,1
754,382,Pro,2023-08-02,2023-08-02,Billing,Medium,11,2,1
755,382,Pro,2023-08-03,2023-08-03,Integration,High,13,2,1
756,382,Pro,2023-08-04,2023-08-05,Integration,Medium,26,1,1
757,384,Pro,2022-07-14,2022-07-14,Technical,Medium,16,1,1
758,384,Pro,2022-06-29,2022-06-30,Integration,Medium,26,5,1
759,385,Pro,2023-12-24,2023-12-27,Onboarding,Low,84,4,1
760,385,Pro,2024-01-28,2024-01-30,Performance,Low,70,2,1
761,385,Pro,2024-02-12,2024-02-15,Account,Low,82,1,1
762,385,Pro,2024-01-30,2024-02-03,Feature Request,Low,96,2,1
763,385,Pro,2024-01-25,2024-01-26,Onboarding,Medium,42,4,1
764,386,Starter,2022-07-19,2022-07-21,Feature Request,Low,69,3,1
765,386,Starter,2022-07-20,2022-07-21,Feature Request,Medium,33,2,1
766,386,Starter,2022-08-12,2022-08-13,Onboarding,Medium,24,4,1
767,386,Starter,2022-09-01,2022-09-05,Technical,Low,97,2,1
768,386,Starter,2022-09-11,2022-09-13,Account,Low,71,1,1
769,386,Starter,2022-09-01,2022-09-01,Integration,High,18,1,1
770,386,Starter,2022-08-31,2022-08-31,Onboarding,Medium,21,1,1
771,387,Pro,2022-09-25,2022-09-26,Account,Medium,32,1,0
772,387,Starter,2023-12-19,2023-12-20,Feature Request,Medium,31,2,1
773,387,Starter,2024-01-05,2024-01-06,Account,Medium,39,5,1
774,387,Starter,2024-01-26,2024-01-27,Integration,Low,27,1,1
775,387,Starter,2024-02-07,2024-02-09,Onboarding,Low,60,1,1
776,388,Enterprise,2023-08-12,2023-08-12,Feature Request,Critical,5,4,0
777,388,Enterprise,2023-07-19,2023-07-19,Billing,Medium,21,4,0
778,388,Enterprise,2023-08-02,2023-08-04,Onboarding,Low,51,5,0
779,388,Enterprise,2023-07-27,2023-07-27,Integration,High,22,4,0
780,388,Enterprise,2023-08-29,2023-08-29,Onboarding,Medium,20,1,1
781,388,Enterprise,2023-08-16,2023-08-20,Account,Low,108,2,1
782,388,Enterprise,2023-09-07,2023-09-07,Integration,Medium,21,1,1
783,388,Enterprise,2023-08-30,2023-08-30,Technical,High,7,3,1
784,388,Enterprise,2023-09-11,2023-09-12,Performance,Low,45,1,1
785,388,Enterprise,2023-08-28,2023-08-28,Billing,Medium,12,3,1
786,388,Business,2023-09-12,2023-09-14,Performance,Medium,48,1,1
787,388,Business,2023-09-13,2023-09-13,Onboarding,High,17,3,1
788,388,Business,2023-09-05,2023-09-09,Billing,Low,97,3,1
789,388,Business,2023-08-24,2023-08-25,Onboarding,Medium,47,2,1
790,388,Business,2023-08-24,2023-08-28,Account,Low,101,2,1
791,388,Business,2023-09-11,2023-09-12,Account,Low,34,2,1
792,388,Business,2023-09-11,2023-09-11,Billing,High,18,4,1
793,388,Business,2023-08-21,2023-08-22,Account,Medium,30,4,1
794,388,Business,2023-09-26,2023-09-28,Integration,Low,64,4,1
795,388,Business,2023-10-14,2023-10-14,Technical,High,11,4,1
796,394,Business,2022-06-18,2022-06-19,Integration,Low,46,4,1
797,394,Business,2022-07-11,2022-07-12,Feature Request,Medium,43,4,1
798,394,Business,2022-06-22,2022-06-23,Integration,Medium,26,3,1
799,394,Business,2022-06-21,2022-06-21,Billing,High,18,2,1
800,394,Business,2022-06-20,2022-06-21,Feature Request,Medium,25,3,1
801,394,Business,2022-07-16,2022-07-16,Performance,Critical,7,2,1
802,394,Business,2022-07-12,2022-07-12,Feature Request,High,11,2,1
803,401,Pro,2023-11-13,2023-11-14,Integration,Medium,46,1,1
804,401,Pro,2023-11-13,2023-11-14,Integration,Medium,39,5,1
805,401,Pro,2023-12-07,2023-12-07,Account,Medium,9,2,1
806,401,Pro,2023-11-30,2023-11-30,Billing,Medium,21,2,1
807,401,Pro,2023-11-27,2023-11-27,Technical,Critical,4,3,1
808,401,Pro,2023-12-14,2023-12-14,Billing,Medium,15,4,1
809,401,Pro,2023-12-15,2023-12-17,Billing,Low,55,1,1
810,401,Pro,2023-12-04,2023-12-05,Feature Request,Medium,33,2,1
811,407,Pro,2022-10-27,2022-10-31,Account,Low,113,3,0
812,407,Pro,2022-11-30,2022-12-04,Account,Low,100,4,0
813,407,Pro,2022-11-27,2022-11-29,Integration,Low,52,3,0
814,407,Business,2023-05-17,2023-05-18,Technical,Medium,39,4,0
815,407,Business,2023-05-18,2023-05-21,Account,Low,91,5,0
816,407,Enterprise,2023-06-15,2023-06-16,Account,Low,24,5,0
817,407,Enterprise,2023-06-11,2023-06-12,Feature Request,Medium,43,5,0
818,407,Enterprise,2023-06-08,2023-06-08,Performance,Medium,22,4,0
819,407,Enterprise,2023-06-12,2023-06-13,Billing,Medium,24,5,0
820,407,Enterprise,2023-06-25,2023-06-25,Performance,Medium,22,5,0
821,407,Enterprise,2023-07-07,2023-07-08,Billing,Low,39,3,0
822,407,Enterprise,2023-07-16,2023-07-17,Integration,Low,32,3,0
823,407,Enterprise,2023-07-11,2023-07-12,Onboarding,Medium,35,4,0
824,407,Business,2025-01-12,2025-01-12,Billing,High,22,4,0
825,407,Business,2025-01-15,2025-01-16,Integration,Medium,35,4,0
826,407,Business,2025-01-16,2025-01-16,Feature Request,Medium,23,2,0
827,411,Starter,2022-08-15,2022-08-15,Integration,Critical,4,1,1
828,411,Starter,2022-08-27,2022-08-27,Technical,High,22,1,1
829,415,Pro,2024-10-09,2024-10-11,Technical,Low,55,2,1
830,415,Pro,2024-10-14,2024-10-14,Technical,High,22,3,1
831,415,Pro,2024-10-17,2024-10-18,Onboarding,Low,24,2,1
832,415,Pro,2024-10-09,2024-10-10,Performance,Medium,31,5,1
833,415,Pro,2024-10-17,2024-10-18,Technical,Medium,32,1,1
834,415,Pro,2024-09-23,2024-09-23,Integration,High,22,3,1
835,415,Pro,2024-10-15,2024-10-15,Onboarding,Medium,18,4,1
836,415,Pro,2024-09-26,2024-09-30,Performance,Low,96,2,1
837,423,Starter,2023-02-05,2023-02-05,Billing,Medium,21,2,0
838,423,Starter,2023-02-12,2023-02-16,Onboarding,Low,102,5,0
839,423,Starter,2023-02-14,2023-02-14,Technical,Medium,20,3,0
840,423,Pro,2023-03-19,2023-03-19,Account,Critical,1,5,0
841,423,Pro,2023-03-14,2023-03-18,Performance,Low,99,1,0
842,423,Starter,2023-10-18,2023-10-18,Account,Critical,2,4,1
843,428,Starter,2022-07-19,2022-07-20,Account,High,24,2,1
844,428,Starter,2022-07-24,2022-07-25,Integration,Medium,28,2,1
845,429,Enterprise,2025-01-06,2025-01-06,Account,Critical,8,2,0
846,429,Enterprise,2025-01-19,2025-01-22,Technical,Low,94,3,0
847,430,Business,2023-08-06,2023-08-07,Performance,Medium,46,4,1
848,430,Business,2023-07-30,2023-07-31,Integration,Low,29,1,1
849,430,Business,2023-08-19,2023-08-23,Performance,Low,116,2,1
850,430,Business,2023-08-07,2023-08-08,Technical,Medium,40,2,1
851,430,Business,2023-08-25,2023-08-25,Performance,Critical,7,3,1
852,430,Business,2023-08-29,2023-09-02,Performance,Low,106,2,1
853,430,Business,2023-09-11,2023-09-12,Onboarding,Low,24,3,1
854,430,Business,2023-09-05,2023-09-05,Account,High,16,2,1
855,430,Business,2023-09-11,2023-09-12,Account,Medium,33,2,1
856,430,Business,2023-09-16,2023-09-17,Integration,High,24,2,1
857,430,Business,2023-08-28,2023-08-29,Onboarding,Medium,32,2,1
858,430,Business,2023-09-01,2023-09-02,Billing,Medium,25,3,1
859,434,Starter,2023-02-12,2023-02-12,Integration,Critical,1,1,1
860,437,Enterprise,2022-10-11,2022-10-12,Billing,Medium,45,3,0
861,437,Enterprise,2022-10-13,2022-10-14,Integration,High,24,3,0
862,437,Enterprise,2022-11-26,2022-11-26,Integration,High,3,5,0
863,437,Enterprise,2022-11-07,2022-11-08,Integration,Low,25,2,0
864,437,Enterprise,2022-11-10,2022-11-13,Technical,Low,80,5,0
865,437,Enterprise,2022-11-19,2022-11-22,Technical,Low,92,4,0
866,437,Business,2024-01-26,2024-01-26,Feature Request,High,17,3,1
867,437,Business,2024-01-01,2024-01-02,Onboarding,Medium,45,2,1
868,437,Business,2024-02-10,2024-02-10,Billing,High,18,3,1
869,437,Business,2024-02-18,2024-02-19,Feature Request,Medium,26,4,1
870,437,Business,2024-02-08,2024-02-08,Technical,Medium,13,4,1
871,437,Business,2024-02-20,2024-02-21,Feature Request,Medium,31,1,1
872,437,Business,2024-02-27,2024-02-27,Technical,High,9,3,1
873,437,Business,2024-02-09,2024-02-10,Performance,Medium,31,2,1
874,437,Business,2024-02-07,2024-02-08,Technical,Low,36,1,1
875,438,Starter,2023-01-04,2023-01-04,Integration,Medium,10,3,1
876,438,Starter,2023-01-12,2023-01-13,Technical,Medium,25,3,1
877,438,Starter,2023-02-21,2023-02-22,Billing,Low,32,3,1
878,449,Pro,2023-10-31,2023-11-03,Feature Request,Low,92,4,0
879,449,Pro,2023-11-26,2023-11-27,Onboarding,Medium,46,3,0
880,449,Pro,2023-11-19,2023-11-19,Billing,High,10,4,0
881,449,Business,2024-01-26,2024-01-29,Onboarding,Low,89,1,1
882,449,Business,2024-01-19,2024-01-20,Billing,Medium,40,1,1
883,449,Business,2024-01-26,2024-01-27,Integration,Low,24,5,1
884,449,Business,2024-02-18,2024-02-19,Billing,Medium,31,2,1
885,449,Business,2024-02-22,2024-02-23,Feature Request,Low,38,1,1
886,449,Business,2024-02-16,2024-02-17,Feature Request,High,24,2,1
887,449,Business,2024-03-02,2024-03-03,Onboarding,Medium,45,2,1
888,453,Enterprise,2023-08-17,2023-08-17,Integration,Critical,2,3,1
889,453,Enterprise,2023-08-21,2023-08-23,Performance,Low,54,3,1
890,453,Enterprise,2023-09-01,2023-09-02,Account,Medium,45,3,1
891,453,Enterprise,2023-08-05,2023-08-05,Technical,Medium,8,4,1
892,453,Enterprise,2023-08-18,2023-08-19,Technical,Medium,31,4,1
893,453,Enterprise,2023-08-13,2023-08-14,Billing,Medium,35,4,1
894,453,Enterprise,2023-08-10,2023-08-11,Integration,Low,29,3,1
895,453,Enterprise,2023-08-12,2023-08-15,Account,Low,93,5,1
896,453,Enterprise,2023-09-15,2023-09-16,Feature Request,Medium,32,5,1
897,453,Enterprise,2023-09-06,2023-09-07,Billing,Low,42,1,1
898,453,Enterprise,2023-09-16,2023-09-16,Integration,Critical,2,2,1
899,453,Enterprise,2023-09-28,2023-09-28,Onboarding,High,23,5,1
900,453,Enterprise,2023-09-28,2023-09-29,Billing,High,24,4,1
901,453,Enterprise,2023-09-06,2023-09-07,Billing,Medium,30,2,1
902,453,Enterprise,2023-09-16,2023-09-16,Feature Request,High,3,5,1
903,453,Enterprise,2023-09-15,2023-09-15,Performance,Critical,6,1,1
904,453,Enterprise,2023-09-23,2023-09-27,Feature Request,Low,101,3,1
905,459,Starter,2022-09-01,2022-09-01,Onboarding,High,22,5,0
906,459,Pro,2023-06-12,2023-06-13,Onboarding,Low,37,1,1
907,461,Business,2022-09-27,2022-09-28,Billing,Medium,39,4,0
908,461,Enterprise,2023-09-02,2023-09-03,Integration,Low,47,5,0
909,461,Enterprise,2023-08-17,2023-08-18,Technical,Medium,46,3,0
910,461,Enterprise,2023-09-03,2023-09-04,Performance,Low,31,4,0
911,461,Enterprise,2023-08-26,2023-08-26,Onboarding,High,23,1,0
912,461,Enterprise,2023-09-26,2023-09-28,Billing,Low,71,2,0
913,461,Enterprise,2023-09-25,2023-09-26,Technical,Low,31,1,0
914,461,Business,2024-12-28,2025-01-01,Account,Low,97,4,0
915,461,Business,2024-12-26,2024-12-26,Feature Request,Medium,21,4,0
916,461,Business,2024-12-20,2024-12-20,Billing,High,18,5,0
917,463,Enterprise,2024-12-30,2024-12-30,Feature Request,Medium,10,5,0
918,463,Enterprise,2025-01-02,2025-01-03,Technical,Low,44,4,0
919,463,Enterprise,2024-12-24,2024-12-24,Billing,High,21,2,0
920,463,Enterprise,2024-12-25,2024-12-25,Integration,Critical,6,3,0
921,463,Enterprise,2024-12-12,2024-12-12,Billing,High,2,5,0
922,493,Pro,2022-08-21,2022-08-22,Technical,Low,46,2,1
923,501,Pro,2023-01-27,2023-01-30,Feature Request,Low,85,3,0
924,501,Pro,2023-02-25,2023-02-26,Account,Medium,28,5,0
925,501,Business,2025-01-04,2025-01-04,Billing,Medium,18,3,0
926,505,Enterprise,2023-02-14,2023-02-17,Feature Request,Low,90,5,0
927,505,Enterprise,2023-02-14,2023-02-15,Onboarding,Low,34,4,0
928,505,Enterprise,2023-03-13,2023-03-13,Onboarding,Critical,2,5,0
929,505,Enterprise,2023-03-03,2023-03-03,Onboarding,Medium,13,2,0
930,505,Business,2024-05-31,2024-06-01,Account,Medium,38,4,1
931,505,Business,2024-05-23,2024-05-23,Performance,Medium,14,4,1
932,505,Business,2024-06-08,2024-06-08,Feature Request,Medium,21,1,1
933,505,Business,2024-05-30,2024-05-31,Performance,Low,41,4,1
934,505,Business,2024-06-08,2024-06-09,Onboarding,Low,38,1,1
935,505,Business,2024-05-28,2024-05-28,Billing,High,3,3,1
936,505,Business,2024-05-31,2024-05-31,Account,High,14,1,1
937,505,Business,2024-07-09,2024-07-10,Onboarding,Medium,26,1,1
938,505,Business,2024-07-13,2024-07-16,Onboarding,Low,95,4,1
939,505,Business,2024-07-19,2024-07-23,Technical,Low,105,2,1
940,505,Business,2024-07-03,2024-07-04,Billing,Low,47,4,1
941,508,Starter,2022-09-27,2022-09-28,Feature Request,Medium,34,3,1
942,508,Starter,2022-10-13,2022-10-14,Onboarding,Medium,37,1,1
943,510,Starter,2023-09-28,2023-09-28,Onboarding,Medium,11,4,0
944,510,Starter,2024-02-12,2024-02-14,Integration,Low,58,3,0
945,510,Starter,2024-02-27,2024-02-27,Feature Request,High,13,4,0
946,510,Starter,2024-03-14,2024-03-14,Feature Request,High,2,5,0
947,510,Starter,2024-04-04,2024-04-05,Integration,Medium,46,1,0
948,510,Starter,2024-06-19,2024-06-20,Onboarding,High,24,5,0
949,510,Starter,2024-10-08,2024-10-12,Integration,Low,99,5,0
950,510,Starter,2024-10-25,2024-10-25,Onboarding,Medium,22,2,0
951,510,Starter,2024-11-02,2024-11-03,Billing,Medium,32,4,0
952,510,Starter,2025-01-14,2025-01-14,Feature Request,Critical,2,4,0
953,513,Pro,2022-10-09,2022-10-09,Billing,High,13,2,1
954,513,Pro,2022-09-27,2022-09-27,Technical,High,5,2,1
955,513,Pro,2022-10-20,2022-10-24,Technical,Low,107,3,1
956,515,Pro,2022-09-21,2022-09-22,Onboarding,Medium,26,5,0
957,515,Pro,2022-08-31,2022-09-02,Performance,Low,65,2,0
958,515,Pro,2022-09-07,2022-09-07,Performance,High,21,3,0
959,515,Pro,2022-09-21,2022-09-21,Performance,Medium,20,4,0
960,515,Business,2022-10-08,2022-10-08,Billing,High,4,4,0
961,515,Business,2022-09-28,2022-09-28,Onboarding,Medium,13,3,0
962,515,Pro,2022-12-14,2022-12-15,Technical,Medium,38,4,1
963,515,Pro,2022-12-16,2022-12-17,Feature Request,Medium,45,1,1
964,515,Pro,2022-12-11,2022-12-11,Billing,Medium,19,1,1
965,515,Pro,2022-12-10,2022-12-13,Onboarding,Low,74,3,1
966,515,Pro,2022-12-05,2022-12-08,Billing,Low,79,1,1
967,516,Business,2024-07-27,2024-07-27,Technical,Critical,3,2,1
968,516,Business,2024-08-22,2024-08-23,Performance,Medium,39,3,1
969,516,Business,2024-08-18,2024-08-18,Technical,Medium,22,1,1
970,516,Business,2024-08-12,2024-08-12,Billing,High,18,2,1
971,516,Business,2024-08-05,2024-08-06,Account,High,24,2,1
972,516,Business,2024-08-01,2024-08-01,Onboarding,Medium,9,4,1
973,516,Business,2024-09-09,2024-09-10,Account,Medium,32,4,1
974,516,Business,2024-09-19,2024-09-19,Feature Request,Medium,18,4,1
975,516,Business,2024-09-12,2024-09-13,Onboarding,Medium,34,3,1
976,522,Starter,2022-08-16,2022-08-17,Billing,Medium,29,4,0
977,522,Starter,2023-03-14,2023-03-15,Feature Request,Low,47,3,0
978,522,Starter,2023-04-04,2023-04-05,Billing,Medium,25,5,0
979,522,Starter,2023-04-18,2023-04-22,Integration,Low,102,5,0
980,522,Starter,2023-06-29,2023-06-30,Account,Medium,32,5,0
981,522,Starter,2023-07-27,2023-07-28,Performance,Low,29,4,0
982,522,Starter,2023-09-17,2023-09-17,Technical,High,9,5,0
983,522,Starter,2023-08-29,2023-08-29,Account,High,21,3,0
984,522,Starter,2023-10-07,2023-10-11,Performance,Low,115,5,0
985,522,Starter,2023-10-31,2023-11-01,Performance,Medium,42,2,0
986,522,Starter,2024-01-08,2024-01-08,Performance,High,4,5,0
987,522,Starter,2024-01-04,2024-01-04,Feature Request,Medium,22,4,0
988,522,Starter,2024-02-11,2024-02-12,Account,Medium,44,5,0
989,522,Starter,2024-10-04,2024-10-05,Performance,Medium,39,2,0
990,522,Starter,2024-11-13,2024-11-13,Technical,Medium,12,4,0
991,522,Starter,2024-11-23,2024-11-24,Account,Medium,24,4,0
992,522,Starter,2025-01-07,2025-01-08,Technical,Medium,35,2,0
993,522,Starter,2025-01-12,2025-01-13,Onboarding,Medium,41,5,0
994,523,Pro,2022-09-28,2022-10-01,Technical,Low,86,3,0
995,523,Starter,2023-07-17,2023-07-17,Billing,Critical,3,2,1
996,526,Starter,2022-10-11,2022-10-11,Feature Request,High,13,5,0
997,526,Pro,2023-08-11,2023-08-12,Onboarding,Low,31,1,1
998,526,Pro,2023-08-22,2023-08-23,Integration,Medium,27,2,1
999,526,Pro,2023-08-23,2023-08-24,Integration,High,24,2,1
1000,526,Pro,2023-08-23,2023-08-24,Feature Request,Medium,36,3,1
1001,526,Pro,2023-07-27,2023-07-28,Billing,Medium,31,2,1
1002,526,Pro,2023-08-31,2023-08-31,Technical,Critical,8,3,1
1003,526,Pro,2023-09-21,2023-09-21,Integration,High,6,4,1
1004,526,Pro,2023-09-17,2023-09-18,Billing,Low,25,2,1
1005,526,Pro,2023-09-03,2023-09-05,Feature Request,Medium,48,3,1
1006,526,Pro,2023-09-15,2023-09-15,Performance,High,4,2,1
1007,528,Pro,2025-01-19,2025-01-20,Performance,Medium,46,2,0
1008,529,Business,2023-08-10,2023-08-10,Performance,Medium,11,2,0
1009,529,Business,2023-08-10,2023-08-11,Feature Request,Medium,41,3,0
1010,529,Business,2023-08-24,2023-08-27,Onboarding,Low,74,4,0
1011,529,Business,2023-09-13,2023-09-15,Billing,Low,52,4,0
1012,529,Business,2023-09-20,2023-09-21,Performance,Medium,29,4,0
1013,531,Starter,2022-10-22,2022-10-26,Onboarding,Low,118,4,1
1014,531,Starter,2022-09-29,2022-09-30,Integration,Medium,36,2,1
1015,532,Pro,2022-08-11,2022-08-12,Onboarding,Low,27,4,1
1016,532,Pro,2022-08-21,2022-08-25,Onboarding,Low,110,1,1
1017,532,Pro,2022-07-29,2022-07-29,Performance,High,18,2,1
1018,532,Pro,2022-08-21,2022-08-24,Account,Low,74,2,1
1019,537,Enterprise,2023-08-13,2023-08-14,Onboarding,Low,29,5,0
1020,537,Enterprise,2023-07-30,2023-07-30,Performance,Medium,8,4,0
1021,537,Enterprise,2023-08-05,2023-08-05,Integration,High,14,3,0
1022,537,Enterprise,2023-09-13,2023-09-14,Onboarding,High,24,4,0
1023,537,Enterprise,2023-08-28,2023-08-28,Integration,High,13,4,0
1024,537,Business,2025-01-09,2025-01-09,Onboarding,Critical,4,5,0
1025,538,Pro,2024-05-05,2024-05-05,Performance,High,11,4,0
1026,538,Pro,2024-04-30,2024-04-30,Feature Request,Medium,20,1,0
1027,538,Pro,2024-04-28,2024-05-01,Onboarding,Low,82,5,0
1028,538,Business,2024-09-18,2024-09-19,Integration,Medium,29,2,1
1029,538,Business,2024-09-21,2024-09-21,Billing,High,2,2,1
1030,538,Business,2024-09-11,2024-09-12,Performance,Medium,30,3,1
1031,538,Business,2024-09-16,2024-09-18,Account,Low,49,3,1
1032,538,Business,2024-09-13,2024-09-17,Onboarding,Low,116,1,1
1033,538,Business,2024-09-05,2024-09-05,Billing,Medium,18,1,1
1034,538,Business,2024-10-17,2024-10-19,Technical,Low,63,3,1
1035,538,Business,2024-10-04,2024-10-04,Performance,High,2,2,1
1036,538,Business,2024-10-07,2024-10-07,Onboarding,Critical,4,4,1
1037,539,Pro,2022-10-18,2022-10-18,Billing,High,7,4,0
1038,539,Pro,2022-10-04,2022-10-04,Onboarding,High,3,4,0
1039,539,Pro,2023-07-15,2023-07-15,Feature Request,High,16,4,0
1040,539,Pro,2023-07-30,2023-07-31,Onboarding,Low,35,5,0
1041,539,Pro,2023-08-13,2023-08-17,Integration,Low,102,4,0
1042,539,Pro,2023-09-02,2023-09-02,Account,High,10,4,0
1043,539,Pro,2023-10-17,2023-10-19,Technical,Low,63,4,0
1044,539,Pro,2023-11-09,2023-11-09,Account,Medium,17,5,0
1045,539,Pro,2023-11-16,2023-11-17,Technical,Medium,40,5,0
1046,539,Pro,2023-12-12,2023-12-12,Account,Medium,15,3,0
1047,539,Pro,2024-01-04,2024-01-07,Onboarding,Low,91,5,0
1048,539,Pro,2024-01-15,2024-01-19,Technical,Low,103,4,0
1049,539,Pro,2024-01-03,2024-01-03,Onboarding,High,15,4,0
1050,539,Pro,2024-02-04,2024-02-06,Performance,Medium,48,4,0
1051,539,Pro,2024-04-22,2024-04-26,Integration,Low,118,2,0
1052,539,Pro,2024-03-30,2024-03-30,Performance,High,13,3,0
1053,539,Pro,2024-05-21,2024-05-21,Account,Medium,10,1,0
1054,539,Pro,2024-05-17,2024-05-20,Feature Request,Low,90,3,0
1055,539,Pro,2024-06-27,2024-06-27,Onboarding,Medium,19,3,0
1056,539,Pro,2024-07-12,2024-07-13,Performance,Medium,26,4,0
1057,539,Pro,2024-07-14,2024-07-17,Account,Low,95,5,0
1058,539,Pro,2024-10-15,2024-10-15,Onboarding,High,13,4,0
1059,539,Pro,2024-10-01,2024-10-01,Technical,Medium,10,1,0
1060,539,Pro,2024-11-11,2024-11-12,Feature Request,Medium,41,4,0
1061,539,Pro,2024-10-26,2024-10-26,Billing,Medium,15,4,0
1062,539,Pro,2024-10-31,2024-10-31,Feature Request,Medium,8,4,0
1063,539,Pro,2024-10-29,2024-11-02,Technical,Low,96,4,0
1064,539,Pro,2024-11-25,2024-11-26,Account,Medium,32,1,0
1065,539,Pro,2024-12-22,2024-12-22,Billing,High,20,4,0
1066,539,Pro,2024-12-26,2024-12-26,Billing,Medium,19,5,0
1067,539,Pro,2025-01-05,2025-01-05,Billing,Critical,3,2,0
1068,548,Enterprise,2023-12-24,2023-12-25,Technical,Low,30,3,1
1069,548,Enterprise,2023-12-12,2023-12-14,Account,Low,65,1,1
1070,548,Enterprise,2023-12-06,2023-12-06,Account,Medium,16,1,1
1071,548,Enterprise,2023-12-03,2023-12-03,Account,High,21,1,1
1072,548,Enterprise,2023-12-24,2023-12-25,Account,High,24,2,1
1073,548,Enterprise,2023-12-13,2023-12-17,Performance,Low,109,5,1
1074,548,Enterprise,2023-12-21,2023-12-22,Billing,Low,41,3,1
1075,548,Enterprise,2023-12-02,2023-12-02,Onboarding,High,20,4,1
1076,548,Enterprise,2023-12-20,2023-12-20,Feature Request,Medium,16,2,1
1077,548,Enterprise,2023-12-09,2023-12-13,Billing,Low,100,3,1
1078,548,Enterprise,2024-01-21,2024-01-21,Billing,High,8,2,1
1079,548,Enterprise,2024-01-25,2024-01-26,Billing,Medium,25,1,1
1080,548,Enterprise,2024-01-29,2024-01-29,Integration,High,20,2,1
1081,548,Enterprise,2024-01-09,2024-01-12,Account,Low,83,1,1
1082,548,Enterprise,2024-01-26,2024-01-26,Billing,Medium,10,2,1
1083,548,Enterprise,2024-01-07,2024-01-10,Integration,Low,95,3,1
1084,548,Enterprise,2024-01-21,2024-01-25,Billing,Low,96,1,1
1085,548,Enterprise,2024-01-26,2024-01-27,Integration,Medium,24,1,1
1086,548,Enterprise,2024-01-11,2024-01-11,Technical,Medium,9,1,1
1087,548,Enterprise,2024-01-10,2024-01-11,Integration,Medium,41,2,1
1088,548,Enterprise,2024-01-06,2024-01-07,Technical,Medium,45,3,1
1089,555,Business,2024-12-04,2024-12-04,Integration,Critical,1,4,0
1090,555,Business,2024-12-26,2024-12-26,Integration,Medium,11,4,0
1091,559,Pro,2023-12-10,2023-12-14,Account,Low,103,1,1
1092,559,Pro,2023-12-18,2023-12-18,Technical,High,21,1,1
1093,559,Pro,2024-01-16,2024-01-17,Feature Request,Medium,44,2,1
1094,561,Business,2024-09-05,2024-09-09,Billing,Low,119,3,1
1095,561,Business,2024-09-10,2024-09-11,Technical,Medium,40,4,1
1096,561,Business,2024-09-26,2024-09-26,Feature Request,Medium,14,1,1
1097,565,Business,2024-12-30,2024-12-30,Onboarding,Critical,3,4,0
1098,572,Business,2023-01-03,2023-01-05,Integration,Low,69,5,0
1099,572,Business,2022-12-20,2022-12-22,Feature Request,Low,62,5,0
1100,572,Business,2022-12-16,2022-12-16,Feature Request,Medium,12,2,0
1101,572,Business,2022-12-16,2022-12-16,Billing,High,22,4,0
1102,572,Business,2023-01-07,2023-01-08,Feature Request,Medium,33,5,0
1103,572,Business,2023-01-27,2023-01-27,Performance,High,8,3,0
1104,572,Business,2023-01-17,2023-01-18,Feature Request,Medium,27,3,0
1105,572,Enterprise,2024-12-20,2024-12-21,Technical,Medium,41,5,0
1106,572,Enterprise,2024-12-19,2024-12-19,Onboarding,High,8,4,0
1107,573,Business,2022-12-25,2022-12-25,Performance,Medium,14,2,0
1108,573,Business,2023-01-04,2023-01-08,Billing,Low,112,4,0
1109,573,Business,2022-12-28,2022-12-28,Technical,Critical,7,3,0
1110,573,Business,2022-12-28,2022-12-28,Integration,High,7,4,0
1111,573,Business,2023-01-07,2023-01-10,Integration,Low,78,5,0
1112,573,Business,2023-01-09,2023-01-10,Performance,Low,29,1,0
1113,573,Business,2023-01-21,2023-01-21,Account,High,22,5,0
1114,573,Enterprise,2024-02-15,2024-02-16,Integration,Medium,30,1,0
1115,573,Business,2024-08-02,2024-08-02,Billing,High,2,5,0
1116,573,Business,2024-07-21,2024-07-24,Performance,Low,95,5,0
1117,573,Business,2024-07-16,2024-07-17,Feature Request,Medium,31,4,0
1118,573,Business,2024-07-25,2024-07-25,Feature Request,Medium,20,5,0
1119,573,Business,2024-07-16,2024-07-17,Account,Medium,36,3,0
1120,573,Business,2024-08-21,2024-08-22,Integration,Low,37,2,0
1121,573,Business,2024-08-22,2024-08-23,Technical,Medium,33,3,0
1122,573,Enterprise,2024-12-17,2024-12-17,Performance,Medium,10,5,0
1123,580,Starter,2023-05-14,2023-05-19,Integration,Low,120,2,1
1124,580,Starter,2023-05-17,2023-05-20,Feature Request,Low,84,2,1
1125,580,Starter,2023-07-01,2023-07-01,Performance,Medium,11,2,1
1126,586,Enterprise,2022-11-03,2022-11-03,Integration,Medium,16,4,0
1127,586,Enterprise,2022-11-07,2022-11-09,Onboarding,Low,48,5,0
1128,586,Enterprise,2022-11-12,2022-11-12,Account,High,6,3,0
1129,586,Enterprise,2022-11-11,2022-11-12,Feature Request,Medium,24,5,0
1130,586,Enterprise,2022-12-04,2022-12-04,Onboarding,Medium,23,5,0
1131,586,Business,2023-07-03,2023-07-03,Integration,Medium,8,3,0
1132,586,Business,2023-06-10,2023-06-10,Billing,Medium,22,5,0
1133,586,Business,2023-07-18,2023-07-19,Account,Medium,35,2,0
1134,586,Business,2023-07-31,2023-08-01,Performance,Medium,24,4,0
1135,586,Business,2023-07-11,2023-07-13,Onboarding,Low,58,4,0
1136,586,Business,2023-07-22,2023-07-22,Account,High,9,5,0
1137,586,Business,2023-07-19,2023-07-20,Onboarding,Medium,44,5,0
1138,586,Business,2023-08-26,2023-08-30,Billing,Low,99,3,0
1139,586,Business,2023-08-14,2023-08-14,Performance,High,4,3,0
1140,586,Business,2023-08-22,2023-08-24,Feature Request,Low,57,4,0
1141,586,Business,2023-09-17,2023-09-17,Technical,High,4,3,0
1142,586,Business,2023-10-04,2023-10-04,Integration,High,21,4,0
1143,586,Business,2023-09-17,2023-09-21,Account,Low,116,4,0
1144,586,Business,2023-09-11,2023-09-12,Integration,Low,31,1,0
1145,586,Business,2023-10-30,2023-10-31,Integration,Low,41,5,0
1146,586,Business,2023-11-27,2023-11-27,Integration,Critical,3,5,0
1147,586,Business,2023-11-07,2023-11-08,Feature Request,Medium,41,3,0
1148,586,Business,2023-12-06,2023-12-06,Account,Medium,17,4,0
1149,586,Business,2023-12-12,2023-12-14,Onboarding,Low,57,5,0
1150,586,Business,2023-12-28,2023-12-28,Technical,Critical,1,4,0
1151,586,Business,2024-01-21,2024-01-22,Account,Medium,34,5,0
1152,586,Business,2024-01-30,2024-02-01,Onboarding,Low,51,4,0
1153,586,Business,2024-03-01,2024-03-05,Onboarding,Low,105,3,0
1154,586,Business,2024-02-15,2024-02-15,Account,Critical,5,4,0
1155,586,Business,2024-02-17,2024-02-18,Billing,Medium,38,3,0
1156,586,Business,2024-03-13,2024-03-14,Integration,Medium,26,3,0
1157,586,Business,2024-03-18,2024-03-22,Integration,Low,100,3,0
1158,586,Business,2024-03-05,2024-03-06,Billing,Medium,36,5,0
1159,586,Business,2024-03-29,2024-03-31,Billing,Low,49,5,0
1160,586,Business,2024-03-23,2024-03-25,Billing,Low,57,4,0
1161,586,Business,2024-04-18,2024-04-22,Technical,Low,98,2,0
1162,586,Business,2024-04-22,2024-04-22,Technical,Critical,3,4,0
1163,586,Business,2024-04-10,2024-04-11,Account,Low,35,4,0
1164,586,Business,2024-05-23,2024-05-23,Technical,Critical,5,4,0
1165,586,Business,2024-06-27,2024-06-27,Integration,Medium,15,5,0
1166,586,Business,2024-06-22,2024-06-23,Account,Medium,25,4,0
1167,586,Business,2024-07-28,2024-07-28,Onboarding,Medium,23,4,0
1168,586,Business,2024-08-08,2024-08-12,Performance,Low,103,4,0
1169,586,Business,2024-08-12,2024-08-14,Account,Low,70,3,0
1170,586,Business,2024-09-25,2024-09-26,Account,Low,27,5,0
1171,586,Business,2024-10-24,2024-10-24,Performance,Critical,3,5,0
1172,586,Business,2024-10-10,2024-10-10,Technical,Medium,20,3,0
1173,586,Business,2024-11-24,2024-11-28,Technical,Low,98,4,0
1174,586,Business,2024-12-23,2024-12-26,Account,Low,75,5,0
1175,586,Business,2024-11-30,2024-12-02,Billing,Low,49,4,0
1176,586,Business,2024-12-03,2024-12-06,Technical,Low,85,5,0
1177,586,Business,2025-01-04,2025-01-05,Performance,Medium,33,4,0
1178,586,Business,2025-01-10,2025-01-11,Billing,Medium,43,3,0
1179,586,Business,2025-01-06,2025-01-07,Billing,Medium,28,5,0
1180,590,Business,2022-09-27,2022-09-28,Billing,Medium,47,3,0
1181,590,Business,2022-09-17,2022-09-17,Performance,High,23,4,0
1182,590,Business,2022-09-21,2022-09-21,Integration,Critical,5,3,0
1183,599,Pro,2023-10-20,2023-10-20,Account,Critical,6,4,1
1184,599,Pro,2023-11-20,2023-11-20,Feature Request,Medium,16,1,1
1185,601,Starter,2023-03-11,2023-03-12,Performance,Low,25,5,0
1186,601,Starter,2023-03-11,2023-03-12,Performance,Low,31,5,0
1187,601,Starter,2023-03-14,2023-03-14,Feature Request,High,20,5,0
1188,601,Pro,2024-01-09,2024-01-09,Integration,High,17,3,1
1189,601,Pro,2023-12-18,2023-12-20,Onboarding,Low,48,3,1
1190,601,Pro,2024-01-22,2024-01-23,Onboarding,Low,39,2,1
1191,601,Pro,2024-01-29,2024-01-29,Integration,Critical,4,2,1
1192,602,Pro,2024-11-17,2024-11-18,Integration,Medium,28,4,1
1193,603,Pro,2023-01-28,2023-01-28,Account,High,21,3,0
1194,603,Pro,2023-02-26,2023-02-26,Performance,Critical,5,5,0
1195,603,Business,2024-06-12,2024-06-16,Billing,Low,115,3,0
1196,603,Business,2024-06-14,2024-06-17,Billing,Low,91,5,0
1197,603,Business,2024-06-14,2024-06-14,Feature Request,Medium,17,4,0
1198,603,Business,2024-05-20,2024-05-23,Billing,Low,95,3,0
1199,603,Business,2024-06-23,2024-06-24,Performance,Medium,42,3,0
1200,603,Business,2024-06-17,2024-06-21,Feature Request,Low,104,4,0
1201,603,Enterprise,2025-01-10,2025-01-11,Account,Medium,34,3,0
1202,603,Enterprise,2024-12-27,2024-12-29,Feature Request,Low,60,5,0
1203,606,Pro,2022-12-23,2022-12-24,Account,Low,33,4,0
1204,606,Pro,2023-02-01,2023-02-01,Technical,High,10,4,0
1205,606,Pro,2023-01-17,2023-01-18,Onboarding,Low,30,3,0
1206,606,Business,2025-01-09,2025-01-10,Integration,Medium,35,3,0
1207,606,Business,2025-01-12,2025-01-14,Technical,Medium,48,4,0
1208,607,Enterprise,2023-07-14,2023-07-15,Performance,Medium,32,2,1
1209,607,Enterprise,2023-07-04,2023-07-06,Feature Request,Low,54,2,1
1210,607,Enterprise,2023-06-28,2023-06-28,Technical,Medium,21,1,1
1211,607,Enterprise,2023-07-12,2023-07-13,Onboarding,High,24,3,1
1212,607,Enterprise,2023-06-18,2023-06-19,Technical,Medium,32,1,1
1213,607,Enterprise,2023-07-14,2023-07-16,Technical,Low,53,3,1
1214,609,Pro,2022-10-15,2022-10-15,Account,High,17,4,1
1215,610,Starter,2022-12-25,2022-12-25,Integration,High,12,1,1
1216,610,Starter,2022-12-25,2022-12-26,Performance,Medium,44,2,1
1217,610,Starter,2023-01-07,2023-01-08,Integration,Medium,32,3,1
1218,610,Starter,2023-02-04,2023-02-07,Integration,Low,75,4,1
1219,610,Starter,2023-01-19,2023-01-20,Onboarding,Low,24,4,1
1220,612,Business,2024-12-27,2024-12-28,Integration,Medium,35,4,0
1221,612,Business,2025-01-12,2025-01-16,Feature Request,Low,113,4,0
1222,612,Business,2024-12-23,2024-12-24,Billing,Medium,33,4,0
1223,612,Business,2024-12-19,2024-12-20,Onboarding,Medium,24,3,0
1224,613,Starter,2023-02-11,2023-02-12,Performance,Medium,36,3,1
1225,613,Starter,2023-02-27,2023-02-28,Feature Request,Medium,40,2,1
1226,613,Starter,2023-03-13,2023-03-13,Account,High,5,3,1
1227,623,Enterprise,2023-12-08,2023-12-08,Performance,High,15,1,0
1228,623,Business,2024-01-31,2024-02-02,Billing,Low,62,3,0
1229,623,Business,2024-02-10,2024-02-11,Account,Medium,31,4,0
1230,623,Enterprise,2024-06-23,2024-06-23,Account,High,5,4,0
1231,623,Enterprise,2024-07-01,2024-07-01,Performance,Critical,5,5,0
1232,623,Enterprise,2024-07-02,2024-07-02,Performance,Medium,14,4,0
1233,623,Enterprise,2024-07-20,2024-07-21,Onboarding,Medium,27,1,0
1234,623,Enterprise,2024-07-17,2024-07-18,Onboarding,Low,39,4,0
1235,623,Enterprise,2024-07-18,2024-07-19,Account,Medium,31,4,0
1236,623,Business,2024-12-31,2025-01-04,Feature Request,Low,107,5,0
1237,623,Business,2025-01-15,2025-01-16,Onboarding,Medium,31,4,0
1238,623,Business,2025-01-04,2025-01-08,Account,Low,117,5,0
1239,623,Business,2025-01-08,2025-01-09,Performance,Medium,34,5,0
1240,625,Business,2024-12-28,2024-12-30,Technical,Low,68,4,0
1241,625,Business,2025-01-15,2025-01-18,Integration,Low,74,4,0
1242,626,Pro,2023-03-22,2023-03-23,Billing,Medium,40,4,0
1243,626,Business,2025-01-09,2025-01-12,Integration,Low,88,3,0
1244,626,Business,2025-01-15,2025-01-19,Technical,Low,112,3,0
1245,630,Enterprise,2022-11-11,2022-11-11,Onboarding,Medium,11,3,1
1246,630,Enterprise,2022-10-27,2022-10-27,Integration,Medium,16,2,1
1247,630,Enterprise,2022-11-21,2022-11-21,Integration,High,18,1,1
1248,630,Enterprise,2022-11-12,2022-11-12,Billing,High,18,1,1
1249,630,Enterprise,2022-11-16,2022-11-16,Technical,High,14,1,1
1250,630,Enterprise,2022-12-13,2022-12-14,Performance,Medium,33,2,1
1251,630,Enterprise,2022-12-09,2022-12-11,Account,Low,66,2,1
1252,630,Enterprise,2022-12-14,2022-12-17,Account,Low,88,4,1
1253,630,Enterprise,2022-12-11,2022-12-11,Integration,Medium,23,1,1
1254,630,Enterprise,2022-11-26,2022-11-26,Feature Request,Medium,14,4,1
1255,632,Business,2023-08-19,2023-08-19,Billing,Medium,8,5,0
1256,632,Business,2023-07-28,2023-07-28,Feature Request,High,20,5,0
1257,632,Business,2023-07-29,2023-08-01,Performance,Low,87,3,0
1258,632,Business,2023-09-07,2023-09-11,Technical,Low,118,4,0
1259,632,Enterprise,2025-01-01,2025-01-01,Onboarding,High,21,5,0
1260,632,Enterprise,2024-12-31,2024-12-31,Feature Request,Medium,18,2,0
1261,632,Enterprise,2025-01-05,2025-01-05,Integration,Medium,17,5,0
1262,633,Starter,2022-11-22,2022-11-26,Technical,Low,109,3,1
1263,633,Starter,2022-11-15,2022-11-16,Performance,Medium,47,3,1
1264,633,Starter,2022-11-20,2022-11-21,Technical,Medium,36,4,1
1265,633,Starter,2022-11-19,2022-11-19,Feature Request,High,5,3,1
1266,633,Starter,2022-12-19,2022-12-20,Integration,Medium,33,5,1
1267,636,Starter,2022-12-03,2022-12-03,Billing,Critical,8,1,0
1268,637,Pro,2025-01-17,2025-01-17,Onboarding,Medium,19,3,0
1269,637,Pro,2025-01-21,2025-01-23,Account,Low,50,5,0
1270,644,Starter,2024-07-21,2024-07-24,Billing,Low,80,3,1
1271,644,Starter,2024-06-30,2024-07-03,Account,Low,86,1,1
1272,645,Starter,2022-12-11,2022-12-12,Performance,Low,24,3,0
1273,645,Starter,2022-12-22,2022-12-25,Performance,Low,81,4,0
1274,645,Pro,2025-01-10,2025-01-11,Integration,Medium,28,1,1
1275,646,Pro,2023-09-03,2023-09-04,Performance,Medium,45,3,0
1276,646,Pro,2023-09-19,2023-09-23,Feature Request,Low,117,4,0
1277,646,Pro,2023-09-10,2023-09-10,Technical,Critical,7,4,0
1278,646,Pro,2023-09-13,2023-09-13,Performance,Critical,7,2,0
1279,646,Pro,2023-10-13,2023-10-14,Onboarding,Medium,40,2,1
1280,646,Pro,2023-10-07,2023-10-07,Feature Request,Critical,1,2,1
1281,646,Pro,2023-10-05,2023-10-07,Billing,Low,70,3,1
1282,646,Pro,2023-09-27,2023-09-30,Onboarding,Low,81,2,1
1283,646,Business,2023-10-16,2023-10-16,Technical,Critical,4,1,1
1284,646,Business,2023-10-23,2023-10-27,Billing,Low,109,1,1
1285,646,Business,2023-10-13,2023-10-14,Technical,Medium,46,3,1
1286,646,Business,2023-09-30,2023-10-01,Onboarding,Low,40,3,1
1287,646,Business,2023-10-09,2023-10-12,Integration,Low,75,4,1
1288,646,Business,2023-09-28,2023-10-01,Onboarding,Low,87,4,1
1289,650,Starter,2022-09-19,2022-09-20,Feature Request,Low,34,1,1
1290,650,Starter,2022-09-27,2022-09-28,Integration,Medium,43,1,1
1291,650,Starter,2022-08-31,2022-09-01,Technical,Low,45,5,1
1292,650,Starter,2022-10-24,2022-10-25,Technical,Medium,46,1,1
1293,650,Starter,2022-10-24,2022-10-24,Feature Request,Critical,2,4,1
1294,650,Starter,2022-10-09,2022-10-13,Technical,Low,112,3,1
1295,652,Business,2024-07-18,2024-07-18,Feature Request,High,20,2,1
1296,656,Enterprise,2023-02-25,2023-02-26,Onboarding,Medium,28,5,0
1297,656,Enterprise,2023-02-17,2023-02-17,Performance,Medium,21,2,0
1298,656,Enterprise,2023-02-07,2023-02-08,Account,Medium,42,4,0
1299,656,Enterprise,2023-02-20,2023-02-20,Billing,Medium,17,3,0
1300,656,Enterprise,2023-02-23,2023-02-27,Technical,Low,114,3,0
1301,656,Enterprise,2023-03-01,2023-03-01,Performance,Medium,17,4,0
1302,656,Business,2023-05-29,2023-05-30,Feature Request,Medium,25,1,1
1303,656,Business,2023-05-28,2023-05-29,Billing,Low,35,2,1
1304,656,Business,2023-05-02,2023-05-02,Technical,High,17,1,1
1305,656,Business,2023-05-17,2023-05-17,Integration,High,8,4,1
1306,656,Business,2023-05-12,2023-05-13,Feature Request,Low,37,2,1
1307,656,Business,2023-05-23,2023-05-23,Onboarding,Critical,5,3,1
1308,656,Business,2023-05-24,2023-05-26,Onboarding,Low,56,4,1
1309,659,Pro,2024-10-09,2024-10-10,Feature Request,Low,41,1,1
1310,659,Pro,2024-11-06,2024-11-06,Billing,High,12,2,1
1311,660,Business,2024-12-22,2024-12-22,Billing,High,9,3,0
1312,660,Business,2024-12-30,2024-12-30,Performance,High,17,4,0
1313,660,Business,2024-12-20,2024-12-20,Technical,Medium,21,3,0
1314,662,Business,2024-11-29,2024-11-29,Integration,Medium,17,3,1
1315,662,Business,2024-11-03,2024-11-03,Onboarding,Medium,12,1,1
1316,662,Business,2024-11-26,2024-11-26,Account,Medium,18,2,1
1317,666,Pro,2024-04-10,2024-04-10,Feature Request,High,8,3,0
1318,666,Pro,2024-04-19,2024-04-23,Onboarding,Low,111,5,0
1319,671,Pro,2023-05-05,2023-05-06,Account,Medium,44,4,0
1320,671,Pro,2023-05-18,2023-05-18,Onboarding,Medium,11,5,0
1321,671,Pro,2023-06-16,2023-06-19,Billing,Low,84,1,0
1322,671,Pro,2023-06-19,2023-06-23,Onboarding,Low,99,4,0
1323,671,Pro,2023-06-26,2023-06-26,Billing,High,7,4,0
1324,671,Starter,2023-12-02,2023-12-03,Performance,High,24,5,1
1325,675,Starter,2022-12-26,2022-12-30,Billing,Low,112,3,0
1326,675,Starter,2022-12-19,2022-12-20,Onboarding,Medium,46,5,0
1327,675,Starter,2023-01-06,2023-01-07,Account,Medium,28,3,0
1328,675,Starter,2023-01-31,2023-02-01,Technical,Low,44,5,0
1329,675,Starter,2023-01-22,2023-01-24,Onboarding,Low,63,3,0
1330,675,Starter,2023-02-01,2023-02-02,Billing,Low,24,2,0
1331,675,Starter,2023-01-12,2023-01-12,Performance,Medium,19,5,0
1332,675,Pro,2023-04-18,2023-04-20,Performance,Low,70,1,1
1333,675,Pro,2023-05-01,2023-05-05,Feature Request,Low,99,2,1
1334,675,Pro,2023-04-17,2023-04-18,Billing,Medium,33,3,1
1335,678,Business,2023-07-22,2023-07-22,Onboarding,Critical,4,2,1
1336,678,Business,2023-07-07,2023-07-08,Account,Medium,34,1,1
1337,678,Business,2023-07-08,2023-07-09,Onboarding,Medium,42,2,1
1338,678,Business,2023-08-26,2023-08-29,Billing,Low,90,2,1
1339,680,Enterprise,2024-07-04,2024-07-05,Integration,Medium,36,3,0
1340,680,Enterprise,2024-06-30,2024-07-04,Onboarding,Low,105,3,0
1341,680,Enterprise,2024-06-20,2024-06-20,Performance,Medium,19,4,0
1342,680,Business,2024-12-19,2024-12-20,Integration,Low,44,2,0
1343,681,Pro,2024-12-18,2024-12-21,Onboarding,Low,81,1,0
1344,681,Pro,2024-12-29,2024-12-29,Technical,Medium,19,3,0
1345,683,Pro,2023-10-03,2023-10-03,Billing,Medium,12,4,0
1346,689,Business,2024-12-15,2024-12-15,Onboarding,Critical,3,5,0
1347,689,Business,2024-12-23,2024-12-24,Technical,Medium,45,3,0
1348,689,Business,2024-12-19,2024-12-19,Account,Medium,8,4,0
1349,689,Business,2024-12-31,2025-01-01,Feature Request,Low,31,2,0
1350,691,Enterprise,2023-01-25,2023-01-25,Account,High,4,2,0
1351,691,Enterprise,2023-01-15,2023-01-18,Onboarding,Low,76,5,0
1352,691,Enterprise,2023-01-19,2023-01-19,Technical,Medium,11,4,0
1353,691,Enterprise,2023-01-11,2023-01-11,Technical,High,2,4,0
1354,691,Enterprise,2023-02-22,2023-02-24,Performance,Low,63,4,0
1355,691,Enterprise,2023-03-06,2023-03-06,Technical,Medium,17,4,0
1356,691,Enterprise,2023-02-19,2023-02-23,Feature Request,Low,119,2,0
1357,691,Enterprise,2023-02-09,2023-02-09,Account,High,10,2,0
1358,691,Enterprise,2023-02-11,2023-02-12,Feature Request,Low,29,4,0
1359,691,Enterprise,2023-03-05,2023-03-06,Integration,Low,26,4,0
1360,691,Enterprise,2023-02-13,2023-02-15,Performance,Low,53,5,0
1361,691,Enterprise,2023-03-01,2023-03-02,Billing,Medium,45,4,0
1362,691,Enterprise,2023-02-22,2023-02-23,Billing,Medium,26,5,0
1363,691,Enterprise,2023-02-27,2023-03-03,Feature Request,Low,112,1,0
1364,691,Business,2024-07-16,2024-07-16,Performance,Critical,2,2,1
1365,691,Business,2024-07-27,2024-07-27,Billing,Medium,10,2,1
1366,691,Business,2024-07-10,2024-07-14,Billing,Low,118,4,1
1367,691,Business,2024-07-16,2024-07-16,Feature Request,Medium,15,4,1
1368,691,Business,2024-09-02,2024-09-04,Technical,Low,62,2,1
1369,691,Business,2024-08-11,2024-08-12,Account,Low,36,2,1
1370,691,Business,2024-09-04,2024-09-05,Performance,Medium,45,4,1
1371,694,Pro,2022-11-04,2022-11-06,Performance,Low,70,1,1
1372,694,Pro,2022-10-10,2022-10-11,Performance,Medium,41,5,1
1373,694,Pro,2022-11-20,2022-11-20,Account,Medium,8,4,1
1374,694,Pro,2022-11-15,2022-11-19,Account,Low,112,1,1
1375,694,Pro,2022-11-18,2022-11-18,Performance,High,22,3,1
1376,705,Business,2024-12-15,2024-12-15,Performance,High,5,2,0
1377,707,Starter,2022-10-26,2022-10-26,Integration,Medium,13,2,0
1378,707,Pro,2023-05-19,2023-05-19,Onboarding,High,4,4,0
1379,707,Starter,2023-07-13,2023-07-13,Feature Request,Critical,4,3,0
1380,707,Starter,2023-07-22,2023-07-22,Feature Request,Medium,17,3,0
1381,707,Pro,2024-02-07,2024-02-10,Integration,Low,86,4,0
1382,707,Pro,2024-03-08,2024-03-08,Technical,Medium,9,2,0
1383,707,Business,2024-12-30,2024-12-31,Performance,Low,27,5,0
1384,707,Business,2025-01-03,2025-01-08,Performance,Low,120,5,0
1385,707,Business,2025-01-08,2025-01-09,Account,Medium,37,4,0
1386,717,Starter,2023-03-10,2023-03-10,Onboarding,Critical,3,3,1
1387,720,Business,2023-07-24,2023-07-28,Feature Request,Low,108,5,0
1388,720,Business,2023-08-06,2023-08-06,Technical,High,9,5,0
1389,720,Business,2023-08-24,2023-08-25,Account,Medium,47,4,0
1390,720,Business,2023-08-28,2023-08-30,Account,Low,62,5,0
1391,720,Business,2023-08-28,2023-08-28,Feature Request,Critical,3,3,0
1392,720,Business,2023-08-18,2023-08-18,Billing,Critical,2,5,0
1393,720,Business,2023-08-29,2023-08-30,Technical,Medium,38,4,0
1394,720,Business,2023-08-17,2023-08-18,Integration,Low,28,5,0
1395,720,Business,2023-12-17,2023-12-17,Billing,Medium,8,3,0
1396,720,Business,2024-01-12,2024-01-13,Integration,Medium,46,3,0
1397,720,Business,2023-12-28,2023-12-29,Account,High,24,4,0
1398,720,Business,2024-03-06,2024-03-09,Feature Request,Low,94,3,0
1399,720,Business,2024-02-23,2024-02-23,Feature Request,Critical,7,5,0
1400,720,Business,2024-04-03,2024-04-03,Performance,High,12,5,0
1401,720,Business,2024-03-29,2024-03-29,Onboarding,Medium,23,5,0
1402,720,Business,2024-04-03,2024-04-04,Performance,Low,36,4,0
1403,720,Business,2024-03-17,2024-03-18,Feature Request,Low,26,3,0
1404,720,Business,2024-05-17,2024-05-17,Billing,Critical,4,4,0
1405,720,Business,2024-05-27,2024-05-28,Billing,Medium,33,3,0
1406,720,Business,2024-05-29,2024-05-29,Feature Request,High,4,4,0
1407,720,Business,2024-07-11,2024-07-11,Feature Request,Medium,9,4,0
1408,720,Business,2024-06-15,2024-06-15,Billing,Medium,21,5,0
1409,720,Business,2024-08-07,2024-08-07,Technical,High,4,5,0
1410,720,Business,2024-08-05,2024-08-09,Performance,Low,96,3,0
1411,720,Business,2024-07-24,2024-07-24,Account,High,2,3,0
1412,720,Business,2024-08-15,2024-08-16,Account,Medium,40,2,0
1413,720,Business,2024-08-14,2024-08-14,Performance,High,14,4,0
1414,720,Business,2024-09-13,2024-09-17,Account,Low,108,2,0
1415,720,Business,2024-09-30,2024-10-03,Billing,Low,86,4,0
1416,720,Business,2024-09-11,2024-09-11,Account,Medium,18,5,0
1417,720,Business,2024-10-20,2024-10-24,Feature Request,Low,116,1,0
1418,720,Business,2024-12-08,2024-12-09,Integration,Medium,47,5,0
1419,720,Business,2024-11-25,2024-11-25,Onboarding,High,7,2,0
1420,720,Business,2024-11-22,2024-11-24,Feature Request,Low,71,3,0
1421,720,Business,2024-12-31,2024-12-31,Feature Request,High,2,5,0
1422,729,Enterprise,2024-12-27,2024-12-28,Account,Medium,37,3,0
1423,729,Enterprise,2024-12-25,2024-12-25,Account,Critical,8,5,0
1424,729,Enterprise,2024-12-25,2024-12-26,Technical,Low,24,4,0
1425,729,Enterprise,2024-12-26,2024-12-27,Billing,Medium,45,4,0
1426,729,Enterprise,2024-12-24,2024-12-24,Integration,Critical,8,5,0
1427,729,Enterprise,2025-01-05,2025-01-05,Onboarding,Medium,18,4,0
1428,736,Starter,2023-09-30,2023-09-30,Technical,Medium,16,2,0
1429,736,Starter,2023-10-10,2023-10-14,Onboarding,Low,109,4,0
1430,736,Starter,2024-04-01,2024-04-01,Integration,High,22,5,0
1431,736,Starter,2024-05-14,2024-05-14,Onboarding,High,4,4,0
1432,736,Starter,2024-06-20,2024-06-20,Billing,Medium,21,3,0
1433,736,Starter,2024-07-12,2024-07-13,Integration,Medium,29,1,0
1434,736,Starter,2024-07-27,2024-07-27,Account,High,13,2,0
1435,736,Starter,2024-10-10,2024-10-10,Integration,High,20,3,0
1436,736,Starter,2024-10-25,2024-10-25,Performance,High,11,4,0
1437,736,Starter,2024-12-05,2024-12-05,Onboarding,Medium,21,2,0
1438,736,Starter,2024-12-24,2024-12-25,Feature Request,Low,39,5,0
1439,741,Starter,2023-01-02,2023-01-02,Feature Request,High,12,5,1
1440,741,Starter,2023-02-15,2023-02-17,Integration,Low,50,3,1
1441,744,Business,2024-12-30,2024-12-30,Integration,Critical,1,2,0
1442,744,Business,2024-12-27,2024-12-28,Billing,Medium,24,4,0
1443,745,Starter,2022-11-25,2022-11-28,Technical,Low,93,3,1
1444,745,Starter,2022-12-13,2022-12-13,Onboarding,Medium,19,1,1
1445,748,Starter,2022-11-20,2022-11-20,Integration,Medium,11,1,1
1446,749,Pro,2023-03-31,2023-03-31,Onboarding,Critical,7,3,1
1447,749,Pro,2023-04-06,2023-04-08,Feature Request,Low,56,1,1
1448,749,Pro,2023-04-08,2023-04-08,Integration,Critical,1,2,1
1449,749,Pro,2023-04-20,2023-04-21,Feature Request,Low,41,2,1
1450,749,Pro,2023-04-20,2023-04-21,Performance,Medium,36,2,1
1451,749,Pro,2023-04-27,2023-04-28,Performance,Medium,30,2,1
1452,749,Pro,2023-05-12,2023-05-13,Onboarding,Medium,39,3,1
1453,750,Enterprise,2024-09-06,2024-09-08,Account,Low,67,3,0
1454,750,Enterprise,2024-09-05,2024-09-06,Onboarding,Medium,30,1,0
1455,750,Enterprise,2024-09-16,2024-09-17,Billing,Low,31,3,0
1456,750,Enterprise,2024-08-26,2024-08-27,Technical,Medium,32,3,0
1457,750,Enterprise,2024-09-01,2024-09-01,Technical,High,22,5,0
1458,750,Enterprise,2024-09-02,2024-09-02,Performance,Medium,16,4,0
1459,750,Enterprise,2024-10-11,2024-10-11,Technical,High,13,4,0
1460,750,Business,2025-01-18,2025-01-21,Onboarding,Low,81,4,0
1461,750,Business,2025-01-08,2025-01-08,Account,Medium,16,5,0
1462,750,Business,2024-12-28,2024-12-31,Feature Request,Low,93,5,0
1463,750,Business,2025-01-05,2025-01-05,Integration,Medium,15,4,0
1464,751,Business,2022-09-22,2022-09-23,Performance,Medium,25,2,1
1465,751,Business,2022-09-23,2022-09-23,Onboarding,Medium,14,3,1
1466,751,Business,2022-10-09,2022-10-10,Account,Low,26,4,1
1467,751,Business,2022-10-16,2022-10-17,Feature Request,Medium,28,1,1
1468,751,Business,2022-10-05,2022-10-09,Account,Low,110,2,1
1469,751,Business,2022-10-01,2022-10-01,Feature Request,Medium,11,2,1
1470,751,Business,2022-09-30,2022-10-01,Performance,Low,34,2,1
1471,751,Business,2022-10-08,2022-10-09,Performance,Medium,42,4,1
1472,754,Starter,2023-01-08,2023-01-12,Feature Request,Low,103,5,1
1473,754,Starter,2022-12-24,2022-12-25,Technical,Medium,29,2,1
1474,754,Starter,2022-12-29,2022-12-29,Integration,High,21,3,1
1475,754,Starter,2023-02-12,2023-02-13,Technical,Medium,26,1,1
1476,754,Starter,2023-02-15,2023-02-15,Onboarding,High,19,2,1
1477,762,Pro,2022-10-03,2022-10-04,Technical,Low,45,3,1
1478,762,Pro,2022-10-05,2022-10-05,Performance,Medium,11,1,1
1479,762,Pro,2022-10-21,2022-10-23,Feature Request,Low,62,3,1
1480,764,Enterprise,2023-02-11,2023-02-13,Performance,Low,53,4,0
1481,764,Enterprise,2023-01-30,2023-01-30,Technical,Medium,8,4,0
1482,764,Enterprise,2023-02-08,2023-02-09,Onboarding,Medium,32,3,0
1483,764,Enterprise,2023-01-29,2023-01-29,Account,High,14,1,0
1484,764,Enterprise,2023-01-30,2023-02-02,Onboarding,Low,79,5,0
1485,764,Enterprise,2023-03-18,2023-03-21,Account,Low,78,4,0
1486,765,Pro,2023-12-20,2023-12-23,Integration,Low,75,4,0
1487,765,Business,2025-01-12,2025-01-12,Account,Medium,23,4,0
1488,769,Enterprise,2023-01-31,2023-01-31,Performance,High,5,2,0
1489,769,Enterprise,2023-01-30,2023-01-30,Account,Medium,8,4,0
1490,769,Enterprise,2023-02-28,2023-03-04,Technical,Low,115,4,0
1491,769,Enterprise,2023-03-14,2023-03-14,Onboarding,High,10,2,0
1492,769,Business,2024-12-09,2024-12-13,Technical,Low,98,3,1
1493,769,Business,2024-11-30,2024-12-04,Integration,Low,119,4,1
1494,769,Business,2024-11-25,2024-11-25,Feature Request,Medium,8,2,1
1495,769,Business,2024-12-11,2024-12-11,Onboarding,High,12,1,1
1496,771,Pro,2023-06-02,2023-06-02,Integration,High,9,4,1
1497,771,Pro,2023-06-22,2023-06-24,Performance,Medium,48,2,1
1498,771,Pro,2023-05-28,2023-05-29,Onboarding,Medium,33,1,1
1499,771,Pro,2023-05-27,2023-05-27,Onboarding,High,9,3,1
1500,771,Pro,2023-07-10,2023-07-10,Billing,Medium,14,2,1
1501,771,Pro,2023-07-02,2023-07-02,Billing,High,20,2,1
1502,772,Pro,2023-01-03,2023-01-04,Feature Request,Low,32,3,0
1503,772,Pro,2023-01-10,2023-01-11,Integration,Medium,36,4,0
1504,772,Pro,2022-12-26,2022-12-27,Performance,Low,36,4,0
1505,772,Pro,2023-02-13,2023-02-14,Account,Medium,36,4,0
1506,773,Business,2023-05-14,2023-05-18,Feature Request,Low,106,5,1
1507,773,Business,2023-05-22,2023-05-24,Feature Request,Low,49,3,1
1508,773,Business,2023-05-16,2023-05-17,Feature Request,Medium,37,4,1
1509,773,Business,2023-05-22,2023-05-22,Performance,Critical,5,2,1
1510,776,Business,2022-12-20,2022-12-20,Billing,Medium,22,3,0
1511,776,Business,2022-12-21,2022-12-24,Technical,Low,95,5,0
1512,776,Business,2022-11-27,2022-11-27,Onboarding,Medium,12,3,0
1513,776,Business,2022-12-23,2022-12-23,Performance,High,4,5,0
1514,776,Enterprise,2023-12-01,2023-12-02,Billing,Medium,35,5,0
1515,776,Enterprise,2023-12-03,2023-12-06,Integration,Low,92,2,0
1516,776,Enterprise,2023-12-16,2023-12-17,Integration,Medium,46,4,0
1517,776,Enterprise,2023-12-04,2023-12-04,Onboarding,Medium,19,3,0
1518,776,Business,2024-08-07,2024-08-07,Feature Request,Medium,14,3,1
1519,776,Business,2024-08-07,2024-08-07,Performance,High,9,1,1
1520,776,Business,2024-08-05,2024-08-09,Onboarding,Low,117,1,1
1521,776,Business,2024-08-28,2024-08-28,Billing,High,21,2,1
1522,776,Business,2024-09-17,2024-09-18,Account,Medium,33,4,1
1523,776,Business,2024-09-23,2024-09-23,Account,Critical,1,1,1
1524,776,Business,2024-09-16,2024-09-19,Feature Request,Low,91,1,1
1525,778,Enterprise,2023-10-12,2023-10-12,Billing,Medium,23,5,0
1526,778,Enterprise,2023-09-29,2023-09-29,Integration,Critical,8,4,0
1527,778,Enterprise,2023-10-13,2023-10-13,Account,Medium,17,4,0
1528,778,Enterprise,2023-10-07,2023-10-07,Feature Request,High,18,5,0
1529,778,Business,2024-12-30,2025-01-02,Account,Low,74,5,0
1530,778,Business,2025-01-01,2025-01-01,Feature Request,High,20,4,0
1531,778,Business,2025-01-10,2025-01-11,Integration,Medium,30,3,0
1532,778,Business,2025-01-14,2025-01-15,Integration,Medium,30,5,0
1533,778,Business,2025-01-08,2025-01-11,Technical,Low,86,3,0
1534,786,Starter,2025-01-16,2025-01-16,Performance,Critical,5,5,0
1535,789,Business,2022-12-03,2022-12-04,Feature Request,Medium,38,1,1
1536,789,Business,2022-12-14,2022-12-14,Feature Request,Critical,3,2,1
1537,792,Starter,2023-11-07,2023-11-09,Billing,Low,59,2,1
1538,792,Starter,2023-11-12,2023-11-14,Technical,Low,60,2,1
1539,794,Starter,2022-11-28,2022-11-29,Billing,Medium,43,2,1
1540,795,Pro,2024-12-29,2024-12-30,Billing,Medium,40,3,0
1541,797,Pro,2023-01-22,2023-01-23,Feature Request,Medium,44,1,1
1542,797,Pro,2023-01-30,2023-02-01,Performance,Low,59,1,1
1543,797,Pro,2023-02-11,2023-02-15,Technical,Low,96,1,1
1544,797,Pro,2023-02-27,2023-02-28,Integration,Medium,46,4,1
1545,797,Pro,2023-02-23,2023-02-24,Billing,Low,43,3,1
1546,798,Starter,2024-12-17,2024-12-18,Technical,Medium,36,4,0
1547,802,Starter,2023-07-10,2023-07-13,Performance,Low,75,4,0
1548,802,Pro,2024-12-20,2024-12-20,Billing,Medium,8,4,0
1549,802,Pro,2024-12-20,2024-12-24,Account,Low,102,5,0
1550,805,Business,2024-12-10,2024-12-11,Billing,Low,40,4,0
1551,805,Business,2024-12-22,2024-12-23,Technical,Medium,36,2,0
1552,805,Business,2024-12-28,2024-12-28,Billing,Critical,8,4,0
1553,805,Business,2024-12-13,2024-12-15,Technical,Low,55,3,0
1554,805,Business,2024-12-26,2024-12-29,Onboarding,Low,73,5,0
1555,805,Business,2024-12-13,2024-12-14,Performance,Medium,32,4,0
1556,807,Starter,2023-01-04,2023-01-06,Performance,Low,55,3,0
1557,807,Starter,2023-09-01,2023-09-05,Billing,Low,114,5,0
1558,807,Starter,2023-08-12,2023-08-14,Onboarding,Low,68,3,0
1559,807,Starter,2023-09-15,2023-09-15,Onboarding,High,13,4,0
1560,807,Starter,2023-10-15,2023-10-15,Billing,High,11,2,0
1561,807,Starter,2024-01-17,2024-01-21,Performance,Low,110,4,0
1562,807,Starter,2024-02-11,2024-02-11,Integration,Medium,15,5,0
1563,807,Starter,2024-03-05,2024-03-08,Performance,Low,73,3,0
1564,807,Starter,2024-03-11,2024-03-15,Integration,Low,113,4,0
1565,807,Starter,2024-05-16,2024-05-16,Technical,Critical,3,5,0
1566,807,Starter,2024-06-02,2024-06-03,Feature Request,Low,36,1,0
1567,807,Starter,2024-07-10,2024-07-11,Integration,Low,41,4,0
1568,807,Starter,2024-07-16,2024-07-19,Onboarding,Low,73,3,0
1569,807,Starter,2024-10-08,2024-10-09,Billing,Medium,42,5,0
1570,807,Starter,2024-10-03,2024-10-04,Account,Low,26,3,0
1571,808,Pro,2023-01-06,2023-01-06,Account,High,18,2,1
1572,808,Pro,2023-01-18,2023-01-18,Integration,Medium,9,3,1
1573,808,Pro,2023-01-17,2023-01-18,Integration,Medium,33,2,1
1574,808,Pro,2023-02-13,2023-02-13,Billing,High,5,3,1
1575,808,Pro,2023-02-18,2023-02-18,Billing,Critical,7,3,1
1576,808,Pro,2023-02-22,2023-02-23,Performance,Medium,39,2,1
1577,809,Starter,2022-12-12,2022-12-12,Billing,Critical,5,2,1
1578,809,Starter,2022-12-24,2022-12-24,Account,High,2,3,1
1579,809,Starter,2022-12-28,2023-01-01,Integration,Low,103,4,1
1580,809,Starter,2023-01-18,2023-01-19,Account,Medium,41,4,1
1581,809,Starter,2023-01-20,2023-01-20,Performance,Medium,22,1,1
1582,813,Pro,2024-11-21,2024-11-22,Integration,Low,33,4,0
1583,813,Pro,2024-11-12,2024-11-15,Feature Request,Low,76,3,0
1584,813,Business,2024-12-19,2024-12-22,Integration,Low,81,4,0
1585,813,Business,2025-01-02,2025-01-02,Performance,Medium,12,1,0
1586,813,Business,2024-12-20,2024-12-23,Feature Request,Low,84,3,0
1587,815,Pro,2023-10-01,2023-10-01,Technical,High,18,2,1
1588,815,Pro,2023-09-23,2023-09-24,Technical,Low,27,3,1
1589,825,Business,2024-11-10,2024-11-11,Integration,Medium,40,2,1
1590,825,Business,2024-12-02,2024-12-03,Integration,Medium,31,1,1
1591,828,Pro,2025-01-03,2025-01-04,Technical,Medium,31,5,0
1592,828,Pro,2024-12-27,2024-12-29,Feature Request,Low,60,1,0
1593,828,Pro,2024-12-17,2024-12-17,Onboarding,High,12,2,0
1594,834,Business,2023-01-21,2023-01-21,Billing,High,7,2,1
1595,834,Business,2023-01-18,2023-01-19,Billing,Medium,37,2,1
1596,834,Business,2023-01-20,2023-01-23,Account,Low,93,2,1
1597,834,Business,2023-02-04,2023-02-04,Integration,High,15,2,1
1598,834,Business,2023-03-04,2023-03-08,Performance,Low,111,3,1
1599,834,Business,2023-02-26,2023-02-27,Billing,Medium,25,1,1
1600,834,Business,2023-02-27,2023-02-28,Integration,Low,39,1,1
1601,834,Business,2023-02-15,2023-02-16,Account,Medium,32,5,1
1602,834,Business,2023-02-10,2023-02-10,Feature Request,Medium,20,3,1
1603,834,Business,2023-03-05,2023-03-05,Billing,Medium,12,2,1
1604,834,Business,2023-02-19,2023-02-19,Integration,High,16,2,1
1605,838,Business,2024-03-26,2024-03-27,Billing,High,24,1,1
1606,838,Business,2024-03-28,2024-03-29,Account,Medium,40,1,1
1607,838,Business,2024-04-05,2024-04-05,Technical,High,5,1,1
1608,838,Business,2024-04-17,2024-04-17,Integration,Medium,20,2,1
1609,838,Business,2024-04-26,2024-04-27,Performance,Medium,44,2,1
1610,838,Business,2024-05-07,2024-05-07,Account,High,10,1,1
1611,838,Business,2024-05-03,2024-05-03,Performance,High,16,4,1
1612,838,Business,2024-05-06,2024-05-07,Integration,Medium,39,2,1
1613,839,Pro,2022-11-03,2022-11-03,Technical,High,8,1,1
1614,839,Pro,2022-11-04,2022-11-05,Onboarding,Low,46,3,1
1615,839,Pro,2022-11-12,2022-11-13,Onboarding,Medium,27,5,1
1616,839,Pro,2022-11-17,2022-11-17,Feature Request,Medium,9,2,1
1617,839,Pro,2022-11-17,2022-11-21,Feature Request,Low,116,3,1
1618,843,Pro,2024-08-23,2024-08-25,Feature Request,Low,64,5,0
1619,843,Starter,2024-12-20,2024-12-21,Feature Request,Medium,30,4,1
1620,843,Starter,2024-12-24,2024-12-26,Feature Request,Low,68,2,1
1621,847,Pro,2022-10-24,2022-10-25,Integration,Medium,45,3,1
1622,847,Pro,2022-11-08,2022-11-08,Performance,High,17,1,1
1623,847,Pro,2022-11-01,2022-11-01,Account,High,5,1,1
1624,848,Business,2024-08-31,2024-08-31,Account,Medium,10,3,0
1625,848,Business,2024-09-15,2024-09-15,Technical,Critical,7,4,0
1626,848,Business,2024-09-19,2024-09-20,Integration,Medium,31,5,0
1627,848,Pro,2025-01-04,2025-01-06,Account,Low,59,5,0
1628,850,Starter,2024-12-08,2024-12-09,Account,Medium,45,1,1
1629,853,Pro,2024-10-21,2024-10-21,Billing,High,4,1,1
1630,853,Pro,2024-10-15,2024-10-15,Technical,Medium,22,3,1
1631,853,Pro,2024-10-27,2024-10-31,Account,Low,112,3,1
1632,853,Pro,2024-12-12,2024-12-12,Technical,Medium,15,2,1
1633,853,Pro,2024-12-11,2024-12-15,Technical,Low,114,2,1
1634,853,Pro,2024-12-01,2024-12-02,Account,Medium,37,4,1
1635,853,Pro,2024-12-06,2024-12-09,Account,Low,72,3,1
1636,867,Enterprise,2025-01-05,2025-01-09,Onboarding,Low,114,2,0
1637,867,Enterprise,2024-12-25,2024-12-25,Technical,High,9,5,0
1638,867,Enterprise,2024-12-23,2024-12-27,Onboarding,Low,119,4,0
1639,872,Business,2024-12-21,2024-12-24,Integration,Low,81,2,0
1640,872,Business,2024-12-31,2025-01-01,Technical,Medium,40,3,0
1641,872,Business,2024-12-30,2024-12-31,Technical,Medium,30,4,0
1642,878,Starter,2023-10-21,2023-10-25,Account,Low,114,1,1
1643,878,Starter,2023-10-30,2023-10-30,Feature Request,High,7,2,1
1644,878,Starter,2023-10-21,2023-10-23,Performance,Low,58,2,1
1645,878,Starter,2023-10-30,2023-10-31,Feature Request,Medium,34,3,1
1646,878,Starter,2023-10-24,2023-10-25,Billing,Low,25,2,1
1647,878,Starter,2023-11-25,2023-11-26,Feature Request,Low,40,1,1
1648,885,Starter,2023-09-16,2023-09-19,Account,Low,86,4,0
1649,885,Starter,2023-10-14,2023-10-18,Feature Request,Low,116,3,0
1650,885,Pro,2023-12-26,2023-12-28,Onboarding,Medium,48,2,1
1651,885,Pro,2024-01-01,2024-01-03,Onboarding,Medium,48,2,1
1652,885,Pro,2023-12-23,2023-12-23,Billing,Medium,8,3,1
1653,890,Business,2024-06-13,2024-06-13,Technical,High,2,3,0
1654,890,Business,2024-06-08,2024-06-11,Billing,Low,82,5,0
1655,890,Business,2024-06-06,2024-06-10,Feature Request,Low,119,5,0
1656,890,Business,2024-06-29,2024-07-01,Integration,Low,66,2,0
1657,890,Business,2024-07-01,2024-07-02,Billing,Medium,39,4,0
1658,890,Business,2024-07-15,2024-07-15,Performance,Critical,1,5,0
1659,891,Enterprise,2024-01-10,2024-01-11,Performance,Medium,28,5,0
1660,891,Enterprise,2023-12-30,2023-12-31,Billing,Medium,29,5,0
1661,891,Enterprise,2023-12-26,2023-12-27,Technical,Medium,42,5,0
1662,891,Enterprise,2024-01-08,2024-01-08,Integration,High,8,3,0
1663,891,Enterprise,2024-01-13,2024-01-17,Integration,Low,108,4,0
1664,891,Enterprise,2024-02-10,2024-02-11,Integration,Low,40,5,0
1665,891,Enterprise,2024-02-02,2024-02-02,Feature Request,High,3,4,0
1666,891,Enterprise,2024-01-25,2024-01-25,Performance,High,5,4,0
1667,891,Enterprise,2024-02-13,2024-02-14,Onboarding,Low,32,3,0
1668,891,Enterprise,2024-02-01,2024-02-02,Billing,Medium,26,4,0
1669,891,Business,2024-12-29,2024-12-30,Onboarding,Medium,45,4,0
1670,891,Business,2024-12-31,2025-01-01,Feature Request,Medium,33,3,0
1671,896,Pro,2023-04-25,2023-04-26,Account,Medium,38,4,0
1672,896,Pro,2023-04-26,2023-04-26,Billing,Medium,19,4,0
1673,896,Business,2024-09-04,2024-09-04,Billing,Medium,22,4,0
1674,896,Business,2024-09-13,2024-09-13,Technical,Medium,12,3,0
1675,896,Business,2024-09-07,2024-09-11,Billing,Low,107,4,0
1676,896,Business,2024-10-20,2024-10-21,Onboarding,Medium,39,5,0
1677,896,Business,2024-10-02,2024-10-02,Technical,Medium,12,2,0
1678,896,Enterprise,2024-12-26,2024-12-26,Account,Medium,11,4,0
1679,896,Enterprise,2024-12-30,2024-12-30,Feature Request,Critical,6,5,0
1680,898,Enterprise,2023-07-18,2023-07-22,Performance,Low,109,5,0
1681,898,Enterprise,2023-07-12,2023-07-12,Technical,Medium,12,4,0
1682,898,Enterprise,2023-07-18,2023-07-19,Billing,Medium,47,3,0
1683,898,Enterprise,2023-07-07,2023-07-08,Feature Request,Low,46,4,0
1684,898,Enterprise,2023-07-21,2023-07-22,Onboarding,Medium,37,4,0
1685,898,Enterprise,2023-06-24,2023-06-26,Billing,Low,63,4,0
1686,898,Business,2025-01-01,2025-01-02,Performance,Medium,39,5,0
1687,898,Business,2025-01-10,2025-01-11,Technical,Low,45,4,0
1688,899,Enterprise,2024-06-02,2024-06-03,Technical,Medium,26,1,1
1689,899,Enterprise,2024-06-09,2024-06-10,Billing,Medium,47,2,1
1690,899,Enterprise,2024-06-12,2024-06-15,Billing,Low,94,2,1
1691,899,Enterprise,2024-06-05,2024-06-05,Integration,High,10,3,1
1692,899,Enterprise,2024-06-05,2024-06-09,Onboarding,Low,106,4,1
1693,899,Enterprise,2024-05-25,2024-05-26,Onboarding,Low,44,1,1
1694,899,Enterprise,2024-06-20,2024-06-20,Technical,Medium,13,2,1
1695,899,Enterprise,2024-06-11,2024-06-12,Feature Request,Low,45,2,1
1696,899,Enterprise,2024-07-21,2024-07-21,Technical,High,5,1,1
1697,899,Enterprise,2024-07-10,2024-07-13,Onboarding,Low,88,2,1
1698,899,Enterprise,2024-07-06,2024-07-07,Onboarding,Low,44,2,1
1699,899,Enterprise,2024-07-21,2024-07-21,Account,Critical,5,3,1
1700,899,Enterprise,2024-07-16,2024-07-18,Account,Low,50,3,1
1701,899,Enterprise,2024-07-03,2024-07-05,Integration,Low,51,3,1
1702,899,Enterprise,2024-07-06,2024-07-08,Billing,Low,71,2,1
1703,900,Pro,2024-12-29,2024-12-29,Feature Request,Critical,8,2,0
1704,906,Starter,2024-04-19,2024-04-19,Feature Request,Medium,13,1,1
1705,906,Starter,2024-05-04,2024-05-04,Onboarding,Medium,15,3,1
1706,908,Starter,2023-03-22,2023-03-22,Billing,Medium,12,1,1
1707,908,Starter,2023-03-01,2023-03-02,Billing,Medium,36,1,1
1708,909,Enterprise,2023-10-30,2023-11-02,Integration,Low,93,1,1
1709,909,Enterprise,2023-11-21,2023-11-21,Integration,Medium,22,4,1
1710,909,Enterprise,2023-11-03,2023-11-05,Feature Request,Low,62,2,1
1711,909,Enterprise,2023-10-28,2023-10-30,Onboarding,Low,62,1,1
1712,909,Enterprise,2023-12-03,2023-12-07,Performance,Low,105,2,1
1713,909,Enterprise,2023-12-15,2023-12-16,Performance,Low,24,3,1
1714,909,Enterprise,2023-12-19,2023-12-19,Billing,Medium,22,2,1
1715,909,Enterprise,2023-12-07,2023-12-08,Onboarding,Medium,44,1,1
1716,909,Enterprise,2023-12-19,2023-12-20,Onboarding,Medium,38,3,1
1717,909,Enterprise,2023-12-16,2023-12-19,Account,Low,74,2,1
1718,910,Starter,2022-12-24,2022-12-26,Account,Low,59,2,1
1719,910,Starter,2022-12-01,2022-12-01,Technical,Medium,18,1,1
1720,910,Starter,2022-12-09,2022-12-09,Feature Request,High,18,1,1
1721,910,Starter,2022-12-04,2022-12-04,Feature Request,High,6,1,1
1722,910,Starter,2022-12-25,2022-12-27,Onboarding,Low,58,3,1
1723,915,Pro,2024-02-24,2024-02-25,Feature Request,Low,32,3,1
1724,915,Pro,2024-02-12,2024-02-13,Technical,Medium,39,2,1
1725,915,Pro,2024-03-15,2024-03-19,Feature Request,Low,116,1,1
1726,915,Pro,2024-03-12,2024-03-12,Account,High,11,1,1
1727,915,Pro,2024-03-07,2024-03-09,Onboarding,Low,65,2,1
1728,915,Pro,2024-03-02,2024-03-02,Integration,Critical,2,2,1
1729,915,Pro,2024-03-16,2024-03-19,Billing,Low,93,2,1
1730,918,Business,2023-12-09,2023-12-10,Onboarding,Medium,43,4,0
1731,918,Business,2023-12-08,2023-12-09,Billing,Medium,35,5,0
1732,918,Enterprise,2025-01-12,2025-01-16,Onboarding,Low,107,3,0
1733,918,Enterprise,2025-01-06,2025-01-08,Onboarding,Low,70,4,0
1734,918,Enterprise,2025-01-04,2025-01-04,Performance,High,7,4,0
1735,918,Enterprise,2024-12-28,2024-12-29,Feature Request,Medium,40,4,0
1736,918,Enterprise,2025-01-18,2025-01-19,Billing,Medium,40,3,0
1737,918,Enterprise,2025-01-22,2025-01-23,Onboarding,Medium,26,2,0
1738,923,Pro,2022-12-05,2022-12-06,Technical,Medium,38,1,1
1739,923,Pro,2022-12-05,2022-12-08,Technical,Low,89,5,1
1740,923,Pro,2022-12-13,2022-12-17,Billing,Low,118,3,1
1741,928,Enterprise,2023-04-28,2023-05-02,Feature Request,Low,109,5,0
1742,928,Pro,2025-01-13,2025-01-13,Technical,Medium,22,3,0
1743,930,Pro,2023-12-13,2023-12-14,Billing,Medium,26,1,1
1744,930,Pro,2023-12-17,2023-12-17,Technical,Medium,8,2,1
1745,934,Starter,2023-01-02,2023-01-05,Billing,Low,78,2,1
1746,934,Starter,2023-02-19,2023-02-19,Billing,High,16,2,1
1747,934,Starter,2023-02-20,2023-02-21,Technical,Medium,46,4,1
1748,934,Starter,2023-01-31,2023-01-31,Performance,Medium,17,1,1
1749,935,Enterprise,2024-12-09,2024-12-09,Onboarding,Medium,13,4,0
1750,950,Starter,2023-06-27,2023-07-01,Integration,Low,97,4,0
1751,950,Pro,2024-10-15,2024-10-16,Feature Request,Medium,29,1,1
1752,950,Pro,2024-11-24,2024-11-25,Feature Request,Medium,45,3,1
1753,950,Pro,2024-11-25,2024-11-27,Performance,Low,57,1,1
1754,950,Pro,2024-11-20,2024-11-21,Onboarding,Medium,36,4,1
1755,950,Pro,2024-11-21,2024-11-22,Technical,Low,38,1,1
1756,950,Pro,2024-11-14,2024-11-15,Technical,Medium,42,1,1
1757,951,Starter,2023-07-23,2023-07-23,Billing,High,19,1,1
1758,951,Starter,2023-08-05,2023-08-07,Technical,Low,53,1,1
1759,951,Starter,2023-08-04,2023-08-05,Performance,Low,44,1,1
1760,951,Starter,2023-08-23,2023-08-24,Account,Medium,43,3,1
1761,953,Starter,2023-06-29,2023-06-29,Technical,Medium,13,3,1
1762,953,Starter,2023-06-10,2023-06-10,Billing,Medium,19,1,1
1763,953,Starter,2023-07-02,2023-07-02,Onboarding,High,13,1,1
1764,961,Starter,2023-06-27,2023-06-27,Technical,Medium,10,4,1
1765,961,Starter,2023-06-30,2023-06-30,Billing,Critical,3,5,1
1766,961,Starter,2023-06-11,2023-06-11,Technical,Medium,20,1,1
1767,963,Starter,2023-05-01,2023-05-01,Technical,High,8,2,1
1768,966,Pro,2024-12-23,2024-12-24,Onboarding,Medium,45,2,0
1769,969,Starter,2022-12-23,2022-12-24,Account,High,24,1,1
1770,969,Starter,2023-01-03,2023-01-03,Account,Critical,2,1,1
1771,974,Enterprise,2024-12-12,2024-12-12,Integration,Medium,12,1,0
1772,974,Enterprise,2025-01-02,2025-01-02,Performance,Medium,10,5,0
1773,978,Enterprise,2024-04-25,2024-04-25,Integration,Medium,21,3,1
1774,978,Enterprise,2024-04-23,2024-04-24,Technical,Low,39,2,1
1775,978,Enterprise,2024-04-17,2024-04-18,Feature Request,Low,32,2,1
1776,978,Enterprise,2024-04-26,2024-04-27,Billing,Medium,40,4,1
1777,978,Enterprise,2024-04-12,2024-04-12,Performance,High,14,1,1
1778,978,Enterprise,2024-04-24,2024-04-25,Technical,Medium,45,2,1
1779,978,Enterprise,2024-04-23,2024-04-23,Performance,High,11,2,1
1780,978,Enterprise,2024-04-30,2024-05-04,Account,Low,106,3,1
1781,980,Business,2023-08-06,2023-08-07,Integration,Low,32,3,0
1782,980,Business,2023-07-28,2023-07-30,Billing,Low,59,3,0
1783,980,Business,2023-08-09,2023-08-09,Onboarding,Medium,20,3,0
1784,980,Business,2023-08-14,2023-08-16,Onboarding,Low,60,4,0
1785,980,Business,2023-08-24,2023-08-28,Feature Request,Low,114,4,0
1786,980,Business,2023-08-29,2023-08-29,Feature Request,Medium,12,5,0
1787,985,Pro,2023-10-09,2023-10-13,Technical,Low,114,3,1
1788,985,Pro,2023-09-14,2023-09-14,Billing,High,4,3,1
1789,985,Pro,2023-10-02,2023-10-03,Account,Medium,30,4,1
1790,985,Pro,2023-09-23,2023-09-24,Account,Medium,35,2,1
1791,987,Business,2025-01-11,2025-01-11,Technical,Medium,15,4,0
1792,987,Business,2025-01-06,2025-01-06,Feature Request,Critical,4,4,0
1793,989,Starter,2024-03-20,2024-03-20,Integration,Medium,15,5,1
1794,989,Starter,2024-04-05,2024-04-06,Technical,Low,35,2,1
1795,989,Starter,2024-03-29,2024-03-29,Account,Medium,9,2,1
1796,989,Starter,2024-05-06,2024-05-06,Billing,High,16,1,1
1797,989,Starter,2024-05-03,2024-05-05,Billing,Low,56,1,1
1798,989,Starter,2024-04-17,2024-04-21,Performance,Low,101,2,1
1799,999,Enterprise,2023-06-13,2023-06-14,Billing,Medium,28,2,0
1800,999,Enterprise,2023-05-22,2023-05-23,Account,Low,29,2,0
1801,999,Enterprise,2023-06-01,2023-06-01,Integration,High,10,1,0
1802,999,Enterprise,2023-06-01,2023-06-01,Integration,Medium,23,4,0
1803,999,Enterprise,2023-07-04,2023-07-07,Onboarding,Low,77,3,0
1804,999,Business,2025-01-04,2025-01-04,Billing,High,20,5,0
1805,999,Business,2025-01-07,2025-01-07,Integration,High,2,3,0
1806,999,Business,2025-01-09,2025-01-11,Performance,Low,65,4,0
1807,999,Business,2025-01-08,2025-01-08,Billing,Medium,22,3,0
1808,1000,Pro,2023-01-21,2023-01-23,Integration,Low,60,2,1
1809,1000,Pro,2023-03-01,2023-03-02,Integration,Medium,41,4,1
1810,1000,Pro,2023-02-24,2023-02-25,Billing,Medium,42,2,1
1811,1000,Pro,2023-02-23,2023-02-24,Technical,Low,28,1,1
1812,1000,Pro,2023-03-01,2023-03-01,Feature Request,High,14,1,1
1813,1002,Business,2024-07-28,2024-07-31,Feature Request,Low,80,3,0
1814,1002,Business,2024-08-03,2024-08-04,Performance,Low,43,2,0
1815,1002,Business,2024-08-29,2024-09-01,Billing,Low,83,5,0
1816,1002,Business,2024-09-07,2024-09-09,Feature Request,Low,64,5,0
1817,1002,Business,2024-09-07,2024-09-11,Billing,Low,104,5,0
1818,1002,Business,2024-08-20,2024-08-20,Performance,Critical,4,4,0
1819,1002,Enterprise,2024-12-25,2024-12-26,Account,Medium,37,3,0
1820,1002,Enterprise,2024-12-24,2024-12-25,Technical,Medium,44,5,0
1821,1002,Enterprise,2024-12-27,2024-12-29,Integration,Low,63,5,0
1822,1002,Enterprise,2025-01-13,2025-01-13,Account,High,6,5,0
1823,1002,Enterprise,2024-12-27,2024-12-27,Onboarding,Critical,4,2,0
1824,1003,Pro,2025-01-05,2025-01-07,Billing,Low,71,2,0
1825,1003,Pro,2024-12-28,2024-12-28,Onboarding,Medium,16,4,0
1826,1005,Pro,2023-09-18,2023-09-19,Onboarding,Low,35,5,0
1827,1005,Starter,2024-02-02,2024-02-06,Performance,Low,113,1,1
1828,1006,Business,2024-05-13,2024-05-13,Feature Request,Medium,13,3,0
1829,1006,Business,2024-04-21,2024-04-22,Onboarding,Medium,33,4,0
1830,1006,Enterprise,2024-11-27,2024-11-28,Billing,Low,24,4,0
1831,1006,Enterprise,2024-12-15,2024-12-19,Performance,Low,107,5,0
1832,1006,Enterprise,2024-12-07,2024-12-08,Onboarding,Low,42,5,0
1833,1006,Enterprise,2024-11-23,2024-11-24,Performance,Medium,24,3,0
1834,1006,Enterprise,2024-12-14,2024-12-18,Integration,Low,119,4,0
1835,1006,Enterprise,2024-11-27,2024-11-29,Account,Low,64,4,0
1836,1006,Business,2025-01-01,2025-01-02,Account,Medium,26,4,0
1837,1007,Pro,2023-09-27,2023-09-27,Billing,High,16,3,1
1838,1008,Pro,2023-03-09,2023-03-09,Performance,High,4,3,1
1839,1008,Pro,2023-02-28,2023-03-01,Technical,Medium,47,2,1
1840,1009,Pro,2024-12-26,2024-12-27,Billing,Medium,41,3,0
1841,1009,Pro,2024-12-26,2024-12-26,Onboarding,Critical,8,4,0
1842,1020,Pro,2023-03-30,2023-04-02,Integration,Low,93,4,0
1843,1020,Pro,2023-04-05,2023-04-08,Feature Request,Low,92,4,0
1844,1020,Business,2023-08-31,2023-09-01,Technical,Medium,46,3,0
1845,1020,Business,2023-08-24,2023-08-25,Integration,Medium,25,5,0
1846,1020,Business,2023-09-18,2023-09-20,Integration,Low,70,1,0
1847,1020,Business,2023-10-05,2023-10-05,Feature Request,Critical,3,2,0
1848,1020,Business,2023-09-29,2023-10-02,Performance,Low,93,3,0
1849,1020,Business,2023-10-10,2023-10-10,Technical,High,18,2,0
1850,1020,Pro,2024-01-01,2024-01-02,Feature Request,Medium,36,2,1
1851,1020,Pro,2024-01-08,2024-01-10,Feature Request,Low,50,1,1
1852,1020,Pro,2024-01-08,2024-01-10,Integration,Low,66,4,1
1853,1020,Pro,2024-01-12,2024-01-15,Performance,Low,92,1,1
1854,1020,Pro,2024-02-02,2024-02-05,Performance,Low,88,3,1
1855,1020,Pro,2024-01-26,2024-01-26,Performance,High,4,1,1
1856,1020,Pro,2024-02-02,2024-02-02,Account,High,7,4,1
1857,1021,Pro,2022-11-27,2022-11-28,Billing,Medium,38,2,1
1858,1021,Pro,2022-12-03,2022-12-04,Billing,Low,31,2,1
1859,1021,Pro,2022-12-09,2022-12-09,Account,Medium,17,3,1
1860,1025,Pro,2023-03-28,2023-03-28,Performance,Medium,18,4,0
1861,1025,Pro,2023-05-18,2023-05-19,Feature Request,Medium,44,2,0
1862,1025,Pro,2023-04-29,2023-04-30,Performance,Medium,42,2,0
1863,1025,Business,2024-06-24,2024-06-27,Onboarding,Low,86,2,0
1864,1025,Pro,2025-01-13,2025-01-14,Feature Request,Medium,45,4,0
1865,1025,Pro,2025-01-11,2025-01-11,Performance,Medium,22,4,0
1866,1034,Business,2023-03-16,2023-03-18,Account,Low,70,3,1
1867,1035,Business,2023-12-28,2023-12-28,Onboarding,High,12,5,1
1868,1035,Business,2024-01-03,2024-01-03,Feature Request,Medium,21,3,1
1869,1035,Business,2024-01-19,2024-01-19,Onboarding,Medium,16,1,1
1870,1035,Business,2024-02-17,2024-02-19,Technical,Low,61,3,1
1871,1035,Business,2024-02-02,2024-02-03,Billing,Low,45,3,1
1872,1035,Business,2024-02-16,2024-02-17,Integration,Medium,30,3,1
1873,1035,Business,2024-02-19,2024-02-19,Feature Request,High,11,1,1
1874,1035,Business,2024-02-12,2024-02-12,Technical,Medium,11,5,1
1875,1035,Business,2024-01-29,2024-01-30,Billing,Medium,35,3,1
1876,1035,Business,2024-01-30,2024-01-30,Integration,High,2,4,1
1877,1038,Enterprise,2025-01-03,2025-01-03,Account,Critical,5,5,0
1878,1038,Enterprise,2025-01-04,2025-01-05,Onboarding,Medium,34,3,0
1879,1041,Business,2023-06-04,2023-06-08,Feature Request,Low,97,5,0
1880,1041,Business,2023-07-04,2023-07-05,Account,Medium,38,4,0
1881,1041,Enterprise,2024-05-30,2024-06-03,Integration,Low,100,5,0
1882,1041,Enterprise,2024-06-22,2024-06-23,Performance,Medium,24,4,0
1883,1041,Enterprise,2024-05-30,2024-06-01,Account,Low,53,4,0
1884,1041,Enterprise,2024-05-28,2024-05-29,Integration,Medium,39,1,0
1885,1041,Enterprise,2024-06-13,2024-06-15,Performance,Low,60,3,0
1886,1041,Enterprise,2024-06-10,2024-06-10,Billing,High,7,3,0
1887,1041,Enterprise,2024-07-25,2024-07-29,Performance,Low,101,4,0
1888,1041,Enterprise,2024-07-17,2024-07-18,Performance,Low,33,4,0
1889,1041,Enterprise,2024-07-09,2024-07-12,Performance,Low,94,4,0
1890,1041,Business,2025-01-20,2025-01-21,Billing,Medium,32,5,0
1891,1044,Enterprise,2023-03-28,2023-03-29,Performance,Low,25,5,0
1892,1044,Enterprise,2023-05-09,2023-05-12,Account,Low,74,4,0
1893,1047,Business,2023-11-29,2023-12-02,Account,Low,95,3,0
1894,1047,Business,2023-12-14,2023-12-14,Onboarding,Medium,19,1,0
1895,1047,Business,2023-12-16,2023-12-17,Onboarding,Medium,27,5,0
1896,1047,Business,2023-12-15,2023-12-19,Billing,Low,98,3,0
1897,1047,Enterprise,2025-01-08,2025-01-10,Technical,Low,58,3,0
1898,1047,Enterprise,2025-01-01,2025-01-02,Performance,Low,46,1,0
1899,1047,Enterprise,2025-01-11,2025-01-11,Performance,Critical,8,3,0
1900,1051,Business,2023-10-25,2023-10-25,Integration,Medium,21,5,0
1901,1051,Business,2023-10-03,2023-10-07,Technical,Low,114,4,0
1902,1051,Business,2023-10-23,2023-10-24,Technical,Medium,28,3,0
1903,1051,Business,2023-10-13,2023-10-13,Billing,High,9,5,0
1904,1051,Business,2023-10-16,2023-10-18,Onboarding,Low,52,4,0
1905,1051,Enterprise,2025-01-06,2025-01-06,Feature Request,Medium,23,5,0
1906,1051,Enterprise,2025-01-23,2025-01-27,Billing,Low,107,2,0
1907,1051,Enterprise,2025-01-25,2025-01-25,Billing,Medium,13,4,0
1908,1054,Enterprise,2023-01-14,2023-01-14,Feature Request,High,14,4,0
1909,1054,Enterprise,2023-01-24,2023-01-24,Technical,Medium,16,4,0
1910,1054,Enterprise,2023-01-14,2023-01-14,Onboarding,Medium,15,2,0
1911,1054,Enterprise,2023-02-24,2023-02-26,Integration,Low,56,4,0
1912,1054,Enterprise,2023-02-27,2023-02-27,Integration,Medium,17,4,0
1913,1054,Enterprise,2023-02-01,2023-02-02,Onboarding,Medium,47,5,0
1914,1054,Enterprise,2023-02-24,2023-02-25,Feature Request,High,24,4,0
1915,1054,Enterprise,2023-02-24,2023-02-27,Feature Request,Low,75,5,0
1916,1054,Business,2024-07-18,2024-07-18,Billing,Medium,8,4,0
1917,1054,Business,2024-07-03,2024-07-04,Account,Medium,24,4,0
1918,1054,Enterprise,2024-12-17,2024-12-20,Billing,Low,89,4,0
1919,1054,Enterprise,2024-12-06,2024-12-06,Technical,High,18,3,0
1920,1054,Enterprise,2024-12-26,2024-12-30,Integration,Low,113,3,0
1921,1054,Enterprise,2024-12-07,2024-12-08,Performance,Medium,44,3,0
1922,1055,Starter,2022-12-13,2022-12-13,Technical,Medium,22,5,0
1923,1055,Starter,2022-12-10,2022-12-13,Performance,Low,88,5,0
1924,1055,Starter,2023-01-13,2023-01-13,Integration,Medium,12,2,0
1925,1055,Starter,2023-01-18,2023-01-18,Account,High,16,3,0
1926,1055,Starter,2023-06-29,2023-06-29,Feature Request,Medium,19,3,0
1927,1055,Starter,2023-07-23,2023-07-23,Technical,Medium,17,2,0
1928,1055,Starter,2023-08-05,2023-08-05,Billing,Critical,5,5,0
1929,1055,Starter,2023-08-30,2023-09-01,Integration,Low,48,2,0
1930,1055,Starter,2023-09-05,2023-09-06,Onboarding,Medium,26,4,0
1931,1055,Starter,2023-11-21,2023-11-21,Feature Request,Medium,23,3,0
1932,1055,Starter,2024-01-09,2024-01-09,Technical,Medium,18,4,0
1933,1055,Starter,2024-05-24,2024-05-25,Onboarding,Low,40,4,0
1934,1055,Starter,2024-04-26,2024-04-27,Onboarding,Medium,45,3,0
1935,1055,Starter,2024-06-06,2024-06-09,Account,Low,95,5,0
1936,1055,Starter,2024-07-21,2024-07-23,Onboarding,Low,61,5,0
1937,1055,Starter,2024-08-01,2024-08-01,Billing,High,22,4,0
1938,1055,Starter,2024-08-20,2024-08-24,Onboarding,Low,109,4,0
1939,1055,Starter,2024-08-27,2024-08-27,Feature Request,High,17,5,0
1940,1061,Pro,2023-03-04,2023-03-04,Integration,Critical,5,3,1
1941,1061,Pro,2023-03-16,2023-03-17,Feature Request,Low,39,4,1
1942,1061,Pro,2023-04-15,2023-04-15,Account,High,2,1,1
1943,1061,Pro,2023-04-12,2023-04-12,Billing,Medium,23,3,1
1944,1061,Pro,2023-04-10,2023-04-14,Feature Request,Low,108,3,1
1945,1066,Business,2023-10-25,2023-10-26,Integration,Medium,25,2,0
1946,1066,Business,2023-10-23,2023-10-24,Feature Request,Medium,41,5,0
1947,1066,Business,2023-11-02,2023-11-02,Feature Request,Medium,10,4,0
1948,1066,Enterprise,2024-12-08,2024-12-09,Integration,Low,25,4,0
1949,1066,Enterprise,2024-12-10,2024-12-10,Feature Request,High,8,5,0
1950,1066,Enterprise,2024-12-13,2024-12-15,Account,Low,57,5,0
1951,1066,Enterprise,2024-12-13,2024-12-16,Integration,Low,88,3,0
1952,1067,Starter,2023-08-15,2023-08-16,Integration,Medium,28,4,1
1953,1067,Starter,2023-09-23,2023-09-23,Performance,High,7,1,1
1954,1067,Starter,2023-09-18,2023-09-18,Onboarding,High,21,2,1
1955,1073,Starter,2023-01-09,2023-01-13,Feature Request,Low,106,2,1
1956,1073,Starter,2023-02-27,2023-03-01,Technical,Low,68,3,1
1957,1073,Starter,2023-02-28,2023-03-01,Onboarding,Medium,28,1,1
1958,1073,Starter,2023-02-28,2023-02-28,Technical,High,8,5,1
1959,1075,Enterprise,2024-12-19,2024-12-19,Technical,High,14,4,0
1960,1075,Enterprise,2024-12-14,2024-12-19,Onboarding,Low,120,4,0
1961,1075,Enterprise,2024-12-31,2024-12-31,Billing,High,19,5,0
1962,1075,Enterprise,2024-12-10,2024-12-12,Onboarding,Low,50,5,0
1963,1075,Enterprise,2024-12-16,2024-12-17,Onboarding,Medium,40,5,0
1964,1076,Starter,2024-07-29,2024-07-30,Account,Medium,39,5,0
1965,1076,Starter,2024-08-31,2024-09-01,Account,Low,29,4,0
1966,1076,Starter,2024-08-17,2024-08-18,Integration,Low,35,4,0
1967,1076,Starter,2024-10-20,2024-10-20,Account,Medium,19,4,0
1968,1076,Starter,2024-11-02,2024-11-05,Feature Request,Low,93,4,0
1969,1076,Starter,2024-12-20,2024-12-21,Onboarding,Medium,47,5,0
1970,1081,Starter,2024-09-09,2024-09-09,Feature Request,High,2,1,1
1971,1081,Starter,2024-09-20,2024-09-21,Technical,Low,35,3,1
1972,1081,Starter,2024-09-24,2024-09-24,Account,High,11,2,1
1973,1083,Enterprise,2024-12-20,2024-12-21,Integration,Medium,27,3,0
1974,1084,Pro,2023-06-20,2023-06-21,Performance,Medium,33,2,1
1975,1084,Pro,2023-06-09,2023-06-10,Account,Medium,25,2,1
1976,1084,Pro,2023-06-21,2023-06-22,Billing,Medium,36,1,1
1977,1085,Business,2024-11-27,2024-11-27,Integration,High,13,1,1
1978,1085,Business,2024-11-22,2024-11-23,Account,Low,33,4,1
1979,1085,Business,2024-11-30,2024-11-30,Account,Medium,19,1,1
1980,1085,Business,2024-11-23,2024-11-24,Account,Medium,33,5,1
1981,1085,Business,2024-12-03,2024-12-04,Technical,Medium,26,2,1
1982,1088,Starter,2023-01-29,2023-02-01,Feature Request,Low,81,1,1
1983,1088,Starter,2023-02-03,2023-02-04,Account,Low,47,4,1
1984,1088,Starter,2023-02-02,2023-02-02,Performance,Medium,12,2,1
1985,1088,Starter,2023-02-28,2023-02-28,Integration,High,13,1,1
1986,1088,Starter,2023-02-26,2023-02-27,Billing,Medium,33,3,1
1987,1089,Enterprise,2025-01-01,2025-01-02,Billing,Medium,40,5,0
1988,1089,Enterprise,2024-12-17,2024-12-18,Integration,Medium,40,5,0
1989,1089,Enterprise,2024-12-08,2024-12-08,Integration,Medium,17,4,0
1990,1089,Enterprise,2024-12-21,2024-12-24,Feature Request,Low,95,4,0
1991,1089,Enterprise,2024-12-28,2024-12-28,Integration,Medium,9,5,0
1992,1089,Enterprise,2024-12-18,2024-12-22,Account,Low,113,4,0
1993,1089,Enterprise,2024-12-24,2024-12-25,Performance,Medium,25,4,0
1994,1089,Enterprise,2024-12-20,2024-12-24,Integration,Low,96,2,0
1995,1089,Enterprise,2024-12-23,2024-12-25,Onboarding,Low,48,5,0
1996,1089,Enterprise,2024-12-08,2024-12-09,Onboarding,Medium,40,5,0
1997,1090,Enterprise,2023-09-13,2023-09-14,Feature Request,Medium,25,5,1
1998,1090,Enterprise,2023-10-02,2023-10-02,Onboarding,Medium,12,3,1
1999,1090,Enterprise,2023-09-28,2023-09-28,Onboarding,Medium,21,2,1
2000,1090,Enterprise,2023-10-03,2023-10-04,Account,Medium,40,4,1
2001,1090,Enterprise,2023-09-13,2023-09-13,Technical,High,14,5,1
2002,1090,Enterprise,2023-09-14,2023-09-15,Account,Medium,42,1,1
2003,1090,Enterprise,2023-09-19,2023-09-19,Billing,Critical,8,1,1
2004,1093,Pro,2023-09-02,2023-09-02,Billing,Critical,8,2,1
2005,1093,Pro,2023-08-28,2023-08-29,Feature Request,Medium,45,5,1
2006,1093,Pro,2023-08-11,2023-08-12,Feature Request,Low,37,1,1
2007,1093,Pro,2023-09-20,2023-09-20,Billing,High,11,3,1
2008,1093,Pro,2023-09-09,2023-09-13,Onboarding,Low,114,4,1
2009,1093,Pro,2023-09-26,2023-09-27,Technical,Low,45,4,1
2010,1093,Pro,2023-09-21,2023-09-22,Feature Request,Medium,40,2,1
2011,1096,Pro,2023-03-18,2023-03-19,Onboarding,Medium,29,3,0
2012,1096,Pro,2023-04-03,2023-04-04,Feature Request,Medium,24,4,0
2013,1096,Pro,2023-04-17,2023-04-19,Onboarding,Low,53,2,0
2014,1096,Pro,2023-05-01,2023-05-01,Integration,Medium,12,4,0
2015,1101,Enterprise,2025-01-05,2025-01-06,Technical,Medium,31,5,0
2016,1101,Enterprise,2024-12-23,2024-12-23,Account,High,4,5,0
2017,1108,Starter,2023-11-19,2023-11-20,Performance,Medium,47,1,1
2018,1110,Enterprise,2023-08-15,2023-08-16,Integration,Medium,40,5,0
2019,1110,Enterprise,2023-08-11,2023-08-11,Feature Request,High,8,4,0
2020,1110,Enterprise,2023-09-07,2023-09-07,Onboarding,High,13,4,0
2021,1110,Enterprise,2023-09-07,2023-09-08,Account,Low,38,5,0
2022,1110,Enterprise,2023-09-27,2023-09-27,Onboarding,Medium,9,4,0
2023,1110,Enterprise,2023-09-24,2023-09-26,Onboarding,Low,55,2,0
2024,1110,Enterprise,2023-09-21,2023-09-21,Feature Request,Critical,6,5,0
2025,1110,Business,2024-08-23,2024-08-23,Technical,Medium,10,4,1
2026,1110,Business,2024-08-13,2024-08-14,Technical,Medium,26,2,1
2027,1110,Business,2024-08-14,2024-08-14,Performance,High,15,2,1
2028,1110,Business,2024-08-14,2024-08-14,Account,High,11,5,1
2029,1110,Business,2024-08-29,2024-08-30,Account,Medium,36,2,1
2030,1110,Business,2024-09-02,2024-09-03,Feature Request,Medium,25,3,1
2031,1110,Business,2024-10-07,2024-10-08,Integration,Low,35,3,1
2032,1115,Enterprise,2023-07-03,2023-07-04,Integration,Medium,37,5,0
2033,1115,Enterprise,2023-07-03,2023-07-05,Integration,Low,65,3,0
2034,1115,Business,2024-12-20,2024-12-20,Onboarding,Medium,17,5,0
2035,1121,Enterprise,2023-02-01,2023-02-01,Billing,High,4,4,0
2036,1121,Enterprise,2023-02-02,2023-02-05,Technical,Low,78,3,0
2037,1121,Enterprise,2023-01-20,2023-01-21,Account,Medium,31,4,0
2038,1121,Enterprise,2023-01-15,2023-01-15,Feature Request,Critical,7,5,0
2039,1121,Enterprise,2023-01-26,2023-01-26,Technical,High,13,3,0
2040,1121,Enterprise,2023-01-14,2023-01-14,Integration,High,16,4,0
2041,1121,Enterprise,2023-03-01,2023-03-03,Billing,Low,50,3,0
2042,1121,Enterprise,2023-02-13,2023-02-13,Integration,Medium,20,5,0
2043,1121,Enterprise,2023-02-16,2023-02-17,Performance,Medium,44,1,0
2044,1121,Business,2024-12-18,2024-12-19,Integration,Medium,24,4,0
2045,1125,Business,2024-08-22,2024-08-25,Feature Request,Low,89,2,1
2046,1125,Business,2024-09-02,2024-09-03,Feature Request,Medium,32,3,1
2047,1125,Business,2024-09-04,2024-09-04,Feature Request,High,15,1,1
2048,1125,Business,2024-09-13,2024-09-13,Onboarding,Medium,14,2,1
2049,1125,Business,2024-10-06,2024-10-06,Technical,Medium,16,1,1
2050,1129,Business,2024-04-03,2024-04-03,Feature Request,Medium,15,4,0
2051,1129,Business,2024-05-08,2024-05-08,Integration,Critical,7,5,0
2052,1129,Business,2024-04-22,2024-04-22,Billing,Medium,17,4,0
2053,1129,Enterprise,2025-01-04,2025-01-07,Billing,Low,73,2,0
2054,1129,Enterprise,2025-01-04,2025-01-04,Integration,Medium,23,4,0
2055,1129,Enterprise,2025-01-07,2025-01-11,Onboarding,Low,107,4,0
2056,1130,Pro,2023-07-16,2023-07-16,Account,High,13,4,0
2057,1130,Pro,2023-08-10,2023-08-11,Account,Medium,33,3,0
2058,1130,Pro,2023-09-11,2023-09-14,Feature Request,Low,94,1,0
2059,1130,Starter,2024-01-19,2024-01-20,Performance,Low,42,4,0
2060,1130,Starter,2024-03-25,2024-03-25,Billing,Critical,2,5,0
2061,1130,Starter,2024-04-06,2024-04-06,Integration,High,11,5,0
2062,1130,Starter,2024-03-21,2024-03-22,Billing,Low,29,4,0
2063,1130,Starter,2024-06-08,2024-06-08,Performance,High,20,4,0
2064,1130,Starter,2024-07-07,2024-07-11,Feature Request,Low,108,5,0
2065,1130,Starter,2024-07-24,2024-07-25,Account,Medium,39,4,0
2066,1130,Starter,2024-08-05,2024-08-05,Technical,High,7,4,0
2067,1130,Starter,2024-07-14,2024-07-17,Performance,Low,90,3,0
2068,1130,Starter,2024-10-07,2024-10-08,Integration,Medium,36,5,0
2069,1130,Starter,2024-10-08,2024-10-12,Onboarding,Low,110,3,0
2070,1130,Starter,2024-10-02,2024-10-06,Technical,Low,110,4,0
2071,1130,Starter,2024-09-15,2024-09-17,Account,Low,64,5,0
2072,1130,Starter,2024-11-06,2024-11-06,Performance,Medium,17,4,0
2073,1134,Starter,2023-03-24,2023-03-24,Integration,High,6,3,1
2074,1134,Starter,2023-05-11,2023-05-15,Integration,Low,99,2,1
2075,1135,Pro,2024-12-26,2024-12-27,Technical,Medium,36,2,0
2076,1135,Pro,2025-01-08,2025-01-08,Integration,High,2,5,0
2077,1140,Pro,2023-01-21,2023-01-23,Account,Low,68,5,0
2078,1140,Pro,2023-02-14,2023-02-15,Technical,Medium,32,5,0
2079,1140,Pro,2023-02-24,2023-02-24,Account,Medium,14,3,0
2080,1140,Pro,2023-03-11,2023-03-12,Account,Medium,29,2,0
2081,1140,Pro,2023-03-17,2023-03-17,Onboarding,Critical,3,2,0
2082,1140,Business,2024-12-27,2024-12-31,Onboarding,Low,96,5,0
2083,1142,Starter,2024-07-19,2024-07-19,Integration,High,7,3,1
2084,1142,Starter,2024-08-04,2024-08-06,Feature Request,Low,66,2,1
2085,1142,Starter,2024-08-05,2024-08-05,Technical,Medium,16,4,1
2086,1142,Starter,2024-08-14,2024-08-14,Technical,High,10,4,1
2087,1142,Starter,2024-09-06,2024-09-07,Account,Medium,24,1,1
2088,1142,Starter,2024-08-30,2024-08-30,Onboarding,High,23,2,1
2089,1149,Pro,2023-10-03,2023-10-04,Feature Request,Medium,34,4,0
2090,1149,Business,2023-12-02,2023-12-02,Feature Request,High,19,4,0
2091,1149,Business,2023-12-05,2023-12-05,Onboarding,High,9,4,0
2092,1149,Business,2023-11-25,2023-11-28,Onboarding,Low,83,5,0
2093,1149,Pro,2024-09-04,2024-09-08,Account,Low,97,4,0
2094,1149,Pro,2024-09-10,2024-09-10,Feature Request,Medium,15,5,0
2095,1149,Business,2025-01-17,2025-01-17,Performance,High,23,5,0
2096,1149,Business,2025-01-15,2025-01-15,Account,High,18,3,0
2097,1149,Business,2024-12-28,2024-12-29,Account,Medium,35,3,0
2098,1149,Business,2025-01-13,2025-01-14,Feature Request,Medium,29,4,0
2099,1150,Starter,2024-03-23,2024-03-23,Billing,High,23,3,1
2100,1150,Starter,2024-05-11,2024-05-12,Onboarding,Medium,47,3,1
2101,1150,Starter,2024-04-24,2024-04-24,Integration,Medium,20,2,1
2102,1150,Starter,2024-05-05,2024-05-06,Onboarding,Medium,40,3,1
2103,1150,Starter,2024-04-29,2024-04-29,Account,Critical,1,4,1
2104,1161,Pro,2025-01-04,2025-01-07,Performance,Low,72,4,0
2105,1161,Pro,2024-12-24,2024-12-25,Performance,Low,47,5,0
2106,1163,Enterprise,2023-12-08,2023-12-08,Feature Request,Medium,11,4,0
2107,1163,Enterprise,2023-12-01,2023-12-02,Onboarding,Medium,44,5,0
2108,1163,Enterprise,2023-12-13,2023-12-13,Account,Medium,9,5,0
2109,1163,Business,2024-01-26,2024-01-26,Account,Medium,8,4,0
2110,1163,Business,2024-02-14,2024-02-16,Account,Low,68,3,0
2111,1163,Business,2024-02-05,2024-02-05,Performance,High,14,3,0
2112,1163,Pro,2024-09-28,2024-09-28,Onboarding,Medium,20,5,0
2113,1164,Business,2024-03-12,2024-03-13,Billing,Medium,30,2,1
2114,1164,Business,2024-03-19,2024-03-19,Account,High,3,4,1
2115,1164,Business,2024-03-14,2024-03-14,Performance,Medium,20,1,1
2116,1171,Pro,2023-12-12,2023-12-12,Onboarding,Medium,19,4,0
2117,1171,Business,2025-01-09,2025-01-10,Performance,Medium,35,4,0
2118,1175,Pro,2023-03-22,2023-03-23,Onboarding,Low,25,1,0
2119,1175,Pro,2023-03-15,2023-03-15,Performance,High,23,1,0
2120,1175,Pro,2023-03-22,2023-03-26,Billing,Low,117,5,0
2121,1175,Business,2024-05-23,2024-05-23,Onboarding,Medium,10,5,0
2122,1175,Business,2024-04-29,2024-05-02,Technical,Low,75,4,0
2123,1175,Business,2024-05-05,2024-05-05,Onboarding,Critical,2,4,0
2124,1175,Pro,2024-09-30,2024-10-02,Account,Low,64,3,0
2125,1175,Business,2024-12-27,2024-12-31,Performance,Low,102,4,1
2126,1175,Business,2025-01-09,2025-01-13,Account,Low,97,3,1
2127,1175,Business,2025-01-14,2025-01-18,Feature Request,Low,108,5,1
2128,1175,Business,2025-01-17,2025-01-21,Integration,Low,111,4,1
2129,1175,Business,2025-01-11,2025-01-14,Performance,Low,75,2,1
2130,1175,Business,2025-01-03,2025-01-03,Feature Request,Medium,21,2,1
2131,1179,Enterprise,2025-01-01,2025-01-02,Billing,Medium,45,5,0
2132,1181,Pro,2023-12-08,2023-12-08,Feature Request,High,11,5,1
2133,1197,Starter,2024-03-13,2024-03-17,Integration,Low,114,5,0
2134,1199,Business,2023-04-08,2023-04-08,Technical,Medium,23,3,0
2135,1199,Business,2023-05-11,2023-05-14,Account,Low,87,4,0
2136,1199,Business,2023-05-19,2023-05-20,Integration,Low,35,4,0
2137,1199,Business,2023-05-08,2023-05-08,Billing,High,11,5,0
2138,1199,Business,2023-04-29,2023-04-29,Onboarding,Critical,4,3,0
2139,1199,Business,2023-05-05,2023-05-06,Integration,Medium,45,4,0
2140,1199,Enterprise,2025-01-19,2025-01-19,Billing,Medium,13,4,0
2141,1199,Enterprise,2024-12-30,2024-12-31,Integration,Medium,38,3,0
2142,1199,Enterprise,2025-01-22,2025-01-23,Integration,Low,44,4,0
2143,1201,Pro,2023-01-03,2023-01-04,Integration,Medium,26,3,0
2144,1201,Business,2024-12-19,2024-12-19,Account,High,11,4,0
2145,1201,Business,2024-12-01,2024-12-01,Technical,Medium,23,5,0
2146,1201,Business,2024-12-13,2024-12-14,Account,Medium,44,3,0
2147,1201,Business,2024-12-06,2024-12-09,Onboarding,Low,75,3,0
2148,1201,Business,2024-12-11,2024-12-11,Integration,Medium,20,3,0
2149,1207,Pro,2024-12-06,2024-12-06,Onboarding,Critical,2,5,0
2150,1208,Business,2024-02-10,2024-02-13,Feature Request,Low,79,3,1
2151,1212,Starter,2023-02-06,2023-02-08,Account,Low,68,2,1
2152,1215,Business,2023-01-27,2023-01-28,Integration,Low,45,4,0
2153,1215,Business,2023-01-13,2023-01-14,Technical,Medium,28,5,0
2154,1215,Business,2023-01-12,2023-01-12,Feature Request,High,14,4,0
2155,1215,Business,2023-02-14,2023-02-15,Account,Medium,29,4,0
2156,1215,Enterprise,2024-01-11,2024-01-14,Feature Request,Low,86,5,0
2157,1215,Enterprise,2024-01-28,2024-01-28,Integration,Medium,8,1,0
2158,1215,Enterprise,2024-01-07,2024-01-07,Account,High,7,3,0
2159,1215,Enterprise,2024-02-28,2024-02-28,Onboarding,Medium,22,5,0
2160,1215,Enterprise,2024-02-06,2024-02-07,Billing,Medium,42,2,0
2161,1215,Enterprise,2024-02-16,2024-02-16,Performance,Medium,23,2,0
2162,1215,Enterprise,2024-02-04,2024-02-04,Onboarding,Critical,2,2,0
2163,1215,Business,2024-12-07,2024-12-07,Account,High,21,5,0
2164,1215,Business,2024-12-30,2025-01-02,Performance,Low,91,5,0
2165,1215,Business,2024-12-03,2024-12-03,Account,Critical,6,5,0
2166,1219,Pro,2023-06-06,2023-06-06,Feature Request,Medium,17,2,1
2167,1228,Pro,2023-03-15,2023-03-16,Feature Request,Medium,46,1,1
2168,1228,Pro,2023-04-22,2023-04-23,Performance,Low,24,3,1
2169,1228,Pro,2023-04-23,2023-04-23,Technical,High,15,3,1
2170,1228,Pro,2023-04-28,2023-04-29,Feature Request,Medium,36,1,1
2171,1228,Pro,2023-04-26,2023-04-28,Technical,Low,57,2,1
2172,1229,Starter,2023-08-12,2023-08-12,Feature Request,High,13,2,1
2173,1229,Starter,2023-09-03,2023-09-03,Integration,Medium,16,3,1
2174,1229,Starter,2023-08-14,2023-08-15,Performance,Medium,34,2,1
2175,1229,Starter,2023-09-28,2023-09-28,Integration,High,11,2,1
2176,1229,Starter,2023-09-24,2023-09-25,Performance,Medium,27,2,1
2177,1229,Starter,2023-09-23,2023-09-23,Billing,Medium,22,3,1
2178,1229,Starter,2023-09-14,2023-09-15,Feature Request,Medium,38,5,1
2179,1231,Pro,2024-06-14,2024-06-14,Integration,High,7,2,1
2180,1237,Pro,2024-09-14,2024-09-15,Technical,Medium,44,2,1
2181,1237,Pro,2024-10-03,2024-10-04,Performance,Low,30,1,1
2182,1237,Pro,2024-09-16,2024-09-17,Billing,Low,26,3,1
2183,1237,Pro,2024-09-13,2024-09-13,Feature Request,High,2,3,1
2184,1237,Pro,2024-10-02,2024-10-02,Billing,Medium,18,4,1
2185,1247,Enterprise,2023-02-12,2023-02-13,Performance,Low,27,4,1
2186,1247,Enterprise,2023-02-18,2023-02-18,Integration,Critical,5,4,1
2187,1247,Enterprise,2023-02-26,2023-02-26,Performance,Medium,19,3,1
2188,1247,Enterprise,2023-02-23,2023-02-27,Billing,Low,115,2,1
2189,1247,Enterprise,2023-02-21,2023-02-25,Technical,Low,101,1,1
2190,1247,Enterprise,2023-02-23,2023-02-24,Integration,Medium,39,5,1
2191,1247,Enterprise,2023-03-07,2023-03-11,Performance,Low,119,2,1
2192,1250,Enterprise,2024-02-13,2024-02-13,Performance,Medium,13,5,0
2193,1250,Enterprise,2024-02-15,2024-02-19,Feature Request,Low,99,4,0
2194,1250,Enterprise,2024-03-08,2024-03-08,Technical,Critical,7,4,0
2195,1250,Enterprise,2024-02-18,2024-02-19,Integration,Medium,25,2,0
2196,1250,Business,2024-09-19,2024-09-21,Feature Request,Medium,48,1,0
2197,1250,Business,2024-10-07,2024-10-08,Feature Request,Medium,24,4,0
2198,1250,Business,2024-09-20,2024-09-22,Performance,Low,55,4,0
2199,1250,Business,2024-09-15,2024-09-15,Feature Request,Medium,14,2,0
2200,1250,Enterprise,2024-12-25,2024-12-28,Performance,Low,80,3,0
2201,1250,Enterprise,2024-12-31,2024-12-31,Performance,Critical,6,4,0
2202,1250,Enterprise,2024-12-12,2024-12-12,Technical,Medium,8,5,0
2203,1255,Business,2024-03-21,2024-03-21,Account,High,8,3,0
2204,1255,Business,2024-03-31,2024-04-01,Integration,Medium,43,4,0
2205,1255,Business,2024-04-25,2024-04-25,Technical,High,5,5,0
2206,1255,Business,2024-04-18,2024-04-19,Onboarding,Low,25,1,0
2207,1255,Business,2024-04-27,2024-04-30,Onboarding,Low,89,2,0
2208,1255,Enterprise,2024-05-25,2024-05-25,Billing,Medium,19,5,1
2209,1255,Enterprise,2024-05-28,2024-05-29,Billing,Medium,33,1,1
2210,1255,Enterprise,2024-06-02,2024-06-02,Technical,High,14,4,1
2211,1255,Enterprise,2024-05-28,2024-05-31,Onboarding,Low,76,2,1
2212,1255,Enterprise,2024-05-22,2024-05-24,Billing,Low,58,4,1
2213,1255,Enterprise,2024-06-06,2024-06-07,Feature Request,Medium,43,4,1
2214,1255,Enterprise,2024-05-26,2024-05-27,Onboarding,Medium,24,1,1
2215,1255,Enterprise,2024-05-14,2024-05-14,Account,High,20,2,1
2216,1255,Enterprise,2024-07-02,2024-07-02,Integration,High,11,4,1
2217,1255,Enterprise,2024-06-30,2024-07-01,Account,Medium,25,3,1
2218,1255,Enterprise,2024-06-28,2024-06-29,Integration,Low,36,1,1
2219,1255,Enterprise,2024-06-22,2024-06-22,Account,High,9,4,1
2220,1255,Enterprise,2024-06-23,2024-06-26,Feature Request,Low,72,3,1
2221,1255,Enterprise,2024-07-04,2024-07-04,Onboarding,High,12,1,1
2222,1255,Enterprise,2024-06-17,2024-06-21,Performance,Low,116,5,1
2223,1267,Business,2023-04-28,2023-05-01,Billing,Low,75,2,0
2224,1267,Enterprise,2024-12-16,2024-12-16,Account,High,7,3,0
2225,1269,Pro,2023-05-05,2023-05-05,Technical,Medium,22,5,0
2226,1269,Business,2023-07-28,2023-07-28,Billing,Medium,16,4,1
2227,1269,Business,2023-08-07,2023-08-07,Account,Medium,23,3,1
2228,1269,Business,2023-07-24,2023-07-25,Integration,Medium,47,3,1
2229,1269,Business,2023-08-06,2023-08-07,Feature Request,High,24,3,1
2230,1269,Business,2023-08-24,2023-08-24,Technical,High,3,3,1
2231,1269,Business,2023-09-09,2023-09-12,Account,Low,73,2,1
2232,1269,Business,2023-09-02,2023-09-05,Onboarding,Low,84,2,1
2233,1269,Business,2023-08-26,2023-08-26,Technical,High,13,1,1
2234,1269,Business,2023-09-05,2023-09-06,Technical,Medium,40,4,1
2235,1276,Starter,2023-04-07,2023-04-07,Account,Medium,14,4,1
2236,1276,Starter,2023-03-29,2023-03-31,Integration,Medium,48,5,1
2237,1276,Starter,2023-04-15,2023-04-19,Feature Request,Low,117,1,1
2238,1276,Starter,2023-05-08,2023-05-10,Billing,Low,54,2,1
2239,1278,Business,2023-07-02,2023-07-04,Account,Low,51,4,0
2240,1278,Business,2023-07-08,2023-07-09,Performance,Medium,30,4,0
2241,1278,Enterprise,2024-12-16,2024-12-16,Billing,High,17,4,0
2242,1278,Enterprise,2024-12-19,2024-12-19,Onboarding,High,22,4,0
2243,1278,Enterprise,2024-12-20,2024-12-21,Account,Medium,39,5,0
2244,1278,Enterprise,2024-12-18,2024-12-18,Account,Critical,6,2,0
2245,1278,Enterprise,2024-12-19,2024-12-20,Billing,Medium,36,2,0
2246,1281,Enterprise,2024-12-21,2024-12-24,Feature Request,Low,95,5,0
2247,1281,Enterprise,2024-12-22,2024-12-26,Integration,Low,98,5,0
2248,1281,Enterprise,2025-01-14,2025-01-18,Onboarding,Low,119,5,0
2249,1282,Business,2023-01-30,2023-02-02,Feature Request,Low,89,5,0
2250,1282,Business,2023-02-27,2023-02-28,Feature Request,Low,41,5,0
2251,1282,Pro,2024-07-30,2024-07-30,Account,Critical,4,3,0
2252,1282,Pro,2024-08-08,2024-08-08,Billing,Medium,23,4,0
2253,1282,Starter,2024-12-24,2024-12-24,Billing,High,16,5,0
2254,1283,Pro,2023-08-06,2023-08-10,Feature Request,Low,112,2,1
2255,1283,Pro,2023-08-11,2023-08-12,Technical,Medium,24,4,1
2256,1283,Pro,2023-08-08,2023-08-08,Technical,High,15,2,1
2257,1283,Pro,2023-08-09,2023-08-09,Technical,Critical,8,1,1
2258,1283,Pro,2023-08-13,2023-08-17,Performance,Low,114,2,1
2259,1283,Pro,2023-08-25,2023-08-28,Technical,Low,87,2,1
2260,1283,Pro,2023-09-07,2023-09-08,Account,Medium,42,1,1
2261,1283,Pro,2023-09-13,2023-09-16,Integration,Low,89,1,1
2262,1285,Pro,2023-12-04,2023-12-07,Integration,Low,89,2,0
2263,1285,Pro,2023-12-14,2023-12-14,Technical,High,3,3,0
2264,1285,Starter,2024-07-09,2024-07-13,Performance,Low,104,5,0
2265,1285,Starter,2024-07-19,2024-07-19,Account,High,4,4,0
2266,1285,Starter,2024-09-29,2024-09-29,Integration,High,16,5,0
2267,1285,Starter,2024-11-07,2024-11-07,Feature Request,High,22,5,0
2268,1285,Starter,2024-11-15,2024-11-15,Integration,High,7,3,0
2269,1287,Business,2023-11-09,2023-11-10,Billing,Medium,31,3,0
2270,1287,Business,2023-10-21,2023-10-22,Feature Request,Medium,27,5,0
2271,1287,Business,2023-11-17,2023-11-17,Onboarding,Medium,19,1,0
2272,1287,Business,2023-12-15,2023-12-19,Feature Request,Low,109,3,0
2273,1287,Business,2023-12-03,2023-12-03,Technical,High,4,5,0
2274,1287,Business,2023-11-23,2023-11-23,Feature Request,High,4,4,0
2275,1287,Enterprise,2025-01-11,2025-01-11,Performance,High,6,1,0
2276,1287,Enterprise,2024-12-22,2024-12-22,Technical,Medium,15,1,0
2277,1287,Enterprise,2024-12-23,2024-12-23,Performance,High,19,5,0
2278,1287,Enterprise,2024-12-28,2024-12-28,Onboarding,Medium,15,4,0
2279,1288,Pro,2024-09-29,2024-10-01,Billing,Low,55,4,0
2280,1288,Business,2025-01-01,2025-01-01,Performance,Critical,3,5,0
2281,1288,Business,2024-12-26,2024-12-26,Onboarding,Medium,22,5,0
2282,1289,Pro,2023-05-12,2023-05-13,Performance,Medium,40,3,1
2283,1298,Enterprise,2024-04-06,2024-04-06,Feature Request,Medium,17,4,0
2284,1298,Enterprise,2024-03-27,2024-03-27,Integration,Critical,4,5,0
2285,1298,Enterprise,2024-04-10,2024-04-11,Feature Request,Medium,28,4,0
2286,1298,Enterprise,2024-04-10,2024-04-14,Performance,Low,106,4,0
2287,1298,Enterprise,2024-03-20,2024-03-21,Billing,Low,42,5,0
2288,1298,Enterprise,2024-05-07,2024-05-07,Onboarding,Medium,9,3,0
2289,1298,Business,2024-08-05,2024-08-06,Feature Request,Medium,26,4,0
2290,1298,Business,2024-07-30,2024-08-01,Billing,Low,65,4,0
2291,1298,Business,2024-08-09,2024-08-11,Account,Low,65,4,0
2292,1298,Business,2024-09-04,2024-09-04,Billing,High,4,5,0
2293,1298,Business,2024-08-24,2024-08-26,Onboarding,Low,50,5,0
2294,1298,Enterprise,2024-12-22,2024-12-22,Technical,High,22,4,0
2295,1298,Enterprise,2025-01-15,2025-01-16,Integration,Medium,39,4,0
2296,1298,Enterprise,2025-01-05,2025-01-05,Account,Medium,10,5,0
2297,1304,Starter,2023-10-10,2023-10-11,Feature Request,Low,32,2,0
2298,1304,Pro,2024-03-30,2024-04-01,Integration,Low,69,5,0
2299,1304,Starter,2024-05-12,2024-05-13,Feature Request,Medium,34,2,1
2300,1304,Starter,2024-04-23,2024-04-26,Performance,Low,84,2,1
2301,1308,Pro,2023-10-11,2023-10-13,Performance,Low,50,4,1
2302,1308,Pro,2023-09-21,2023-09-22,Billing,Low,38,1,1
2303,1308,Pro,2023-10-13,2023-10-17,Account,Low,100,3,1
2304,1308,Pro,2023-09-22,2023-09-25,Integration,Low,80,2,1
2305,1311,Business,2024-02-01,2024-02-01,Onboarding,Medium,14,5,0
2306,1311,Business,2024-03-07,2024-03-07,Performance,High,20,5,0
2307,1311,Business,2024-03-10,2024-03-11,Integration,Medium,37,4,0
2308,1311,Enterprise,2025-01-15,2025-01-15,Integration,High,10,5,0
2309,1311,Enterprise,2024-12-31,2025-01-03,Integration,Low,81,4,0
2310,1311,Enterprise,2025-01-01,2025-01-02,Billing,Medium,26,2,0
2311,1318,Pro,2023-09-12,2023-09-14,Technical,Low,57,3,1
2312,1318,Starter,2023-09-16,2023-09-18,Technical,Low,70,2,1
2313,1320,Starter,2023-05-16,2023-05-20,Feature Request,Low,118,5,1
2314,1320,Starter,2023-05-01,2023-05-03,Onboarding,Low,69,2,1
2315,1323,Pro,2023-07-01,2023-07-01,Account,Medium,14,4,0
2316,1323,Pro,2023-06-25,2023-06-25,Onboarding,Critical,5,4,0
2317,1323,Business,2024-01-09,2024-01-10,Feature Request,Low,31,3,1
2318,1323,Business,2024-01-03,2024-01-04,Billing,Medium,42,1,1
2319,1323,Business,2023-12-25,2023-12-26,Feature Request,Medium,44,1,1
2320,1323,Business,2024-01-16,2024-01-17,Account,Medium,38,2,1
2321,1323,Business,2024-01-19,2024-01-23,Feature Request,Low,96,1,1
2322,1323,Business,2024-02-17,2024-02-18,Onboarding,Low,46,2,1
2323,1323,Business,2024-01-31,2024-02-01,Feature Request,Low,37,3,1
2324,1323,Business,2024-02-18,2024-02-18,Onboarding,High,18,1,1
2325,1333,Starter,2023-08-23,2023-08-24,Feature Request,Medium,36,4,0
2326,1333,Pro,2024-12-13,2024-12-14,Performance,High,24,5,0
2327,1333,Pro,2024-12-18,2024-12-19,Integration,Low,33,3,0
2328,1333,Pro,2024-12-08,2024-12-09,Account,Medium,31,4,0
2329,1333,Pro,2024-12-08,2024-12-08,Feature Request,Critical,7,5,0
2330,1333,Starter,2025-01-02,2025-01-05,Billing,Low,83,4,0
2331,1333,Starter,2025-01-21,2025-01-21,Account,High,3,3,0
2332,1333,Starter,2024-12-25,2024-12-25,Technical,Medium,10,4,0
2333,1334,Pro,2023-07-16,2023-07-16,Integration,High,5,3,0
2334,1335,Business,2025-01-21,2025-01-22,Integration,Medium,28,1,0
2335,1335,Business,2025-01-04,2025-01-04,Onboarding,Critical,4,4,0
2336,1335,Business,2025-01-06,2025-01-07,Feature Request,Medium,42,4,0
2337,1336,Starter,2023-04-19,2023-04-21,Performance,Low,64,5,0
2338,1336,Starter,2023-05-15,2023-05-15,Feature Request,Medium,9,2,1
2339,1336,Starter,2023-05-22,2023-05-24,Billing,Low,62,2,1
2340,1336,Starter,2023-04-25,2023-04-26,Feature Request,Medium,40,4,1
2341,1336,Pro,2023-05-22,2023-05-22,Technical,Medium,16,4,1
2342,1336,Pro,2023-05-16,2023-05-17,Account,Medium,46,4,1
2343,1336,Pro,2023-05-22,2023-05-22,Technical,Critical,3,4,1
2344,1336,Pro,2023-05-05,2023-05-05,Integration,Critical,7,4,1
2345,1336,Pro,2023-05-04,2023-05-04,Feature Request,Critical,3,2,1
2346,1343,Starter,2024-01-20,2024-01-23,Onboarding,Low,74,1,1
2347,1343,Starter,2023-12-27,2023-12-28,Technical,Medium,41,3,1
2348,1343,Starter,2024-02-01,2024-02-01,Onboarding,High,15,3,1
2349,1343,Starter,2024-01-29,2024-01-30,Integration,Low,46,1,1
2350,1343,Starter,2024-02-12,2024-02-12,Onboarding,High,22,3,1
2351,1344,Pro,2023-07-09,2023-07-09,Onboarding,High,19,4,0
2352,1344,Pro,2023-07-18,2023-07-21,Onboarding,Low,82,4,0
2353,1344,Starter,2024-01-06,2024-01-09,Feature Request,Low,87,3,0
2354,1344,Starter,2024-01-26,2024-01-26,Billing,High,6,2,0
2355,1344,Starter,2024-04-19,2024-04-23,Billing,Low,104,3,0
2356,1344,Starter,2024-03-30,2024-03-30,Onboarding,High,17,5,0
2357,1344,Starter,2024-05-22,2024-05-25,Billing,Low,83,4,0
2358,1344,Starter,2024-09-13,2024-09-17,Integration,Low,101,4,0
2359,1344,Starter,2024-11-10,2024-11-10,Account,High,4,5,0
2360,1344,Starter,2025-01-17,2025-01-18,Performance,Medium,36,5,0
2361,1345,Starter,2023-03-27,2023-03-27,Onboarding,Medium,18,2,1
2362,1345,Starter,2023-03-14,2023-03-14,Performance,Medium,13,1,1
2363,1347,Business,2023-05-17,2023-05-21,Integration,Low,108,5,0
2364,1347,Enterprise,2024-03-08,2024-03-09,Account,Low,36,5,0
2365,1347,Enterprise,2024-03-03,2024-03-04,Technical,Medium,26,3,0
2366,1347,Enterprise,2024-03-04,2024-03-04,Technical,Medium,22,5,0
2367,1347,Enterprise,2024-03-14,2024-03-14,Performance,Critical,7,4,0
2368,1347,Enterprise,2024-03-13,2024-03-15,Integration,Low,48,1,0
2369,1347,Business,2025-01-09,2025-01-09,Integration,Medium,14,4,0
2370,1347,Business,2025-01-14,2025-01-16,Account,Low,54,2,0
2371,1353,Pro,2023-02-15,2023-02-15,Technical,High,6,5,0
2372,1353,Pro,2023-02-25,2023-02-25,Feature Request,Medium,21,4,0
2373,1353,Pro,2023-03-17,2023-03-22,Onboarding,Low,120,4,0
2374,1353,Business,2023-05-18,2023-05-18,Feature Request,Critical,8,1,1
2375,1353,Business,2023-05-10,2023-05-10,Feature Request,Medium,9,3,1
2376,1353,Business,2023-05-26,2023-05-26,Technical,Medium,8,2,1
2377,1353,Business,2023-05-25,2023-05-28,Billing,Low,94,3,1
2378,1354,Enterprise,2023-03-11,2023-03-11,Account,High,8,3,1
2379,1354,Enterprise,2023-03-14,2023-03-14,Billing,Medium,12,3,1
2380,1354,Enterprise,2023-03-15,2023-03-16,Feature Request,Medium,29,4,1
2381,1354,Enterprise,2023-03-02,2023-03-02,Account,Medium,21,2,1
2382,1354,Enterprise,2023-03-27,2023-03-29,Onboarding,Low,62,4,1
2383,1354,Enterprise,2023-03-11,2023-03-13,Account,Low,66,4,1
2384,1355,Business,2025-01-20,2025-01-24,Technical,Low,99,3,0
2385,1355,Business,2025-01-18,2025-01-21,Technical,Low,76,4,0
2386,1355,Business,2025-01-09,2025-01-09,Technical,High,11,3,0
2387,1355,Business,2025-01-11,2025-01-12,Integration,Low,34,2,0
2388,1357,Pro,2023-06-21,2023-06-22,Technical,Medium,35,3,0
2389,1357,Pro,2023-06-30,2023-07-01,Onboarding,Medium,47,4,0
2390,1357,Business,2025-01-04,2025-01-08,Billing,Low,111,4,0
2391,1358,Enterprise,2023-05-17,2023-05-18,Account,Medium,26,2,0
2392,1358,Enterprise,2023-05-12,2023-05-12,Account,High,12,3,0
2393,1358,Business,2023-08-19,2023-08-20,Billing,Medium,41,3,0
2394,1358,Business,2023-08-11,2023-08-13,Onboarding,Low,57,4,0
2395,1358,Business,2023-08-16,2023-08-16,Onboarding,Medium,14,4,0
2396,1358,Business,2023-09-15,2023-09-16,Performance,Low,32,3,0
2397,1358,Pro,2024-08-02,2024-08-02,Integration,Medium,19,5,1
2398,1358,Pro,2024-08-11,2024-08-11,Performance,High,7,3,1
2399,1358,Pro,2024-08-13,2024-08-15,Technical,Low,64,2,1
2400,1358,Pro,2024-08-31,2024-09-01,Performance,Low,30,4,1
2401,1358,Pro,2024-09-12,2024-09-13,Technical,Medium,38,2,1
2402,1359,Pro,2024-04-13,2024-04-16,Performance,Low,95,3,0
2403,1359,Pro,2024-04-18,2024-04-20,Performance,Low,58,5,0
2404,1359,Pro,2024-05-14,2024-05-15,Integration,Medium,37,5,0
2405,1359,Pro,2024-05-24,2024-05-25,Integration,Medium,43,5,0
2406,1359,Business,2025-01-15,2025-01-15,Account,Critical,7,3,0
2407,1359,Business,2025-01-07,2025-01-08,Technical,Low,28,3,0
2408,1360,Starter,2024-08-13,2024-08-14,Technical,High,24,1,1
2409,1360,Starter,2024-08-07,2024-08-08,Account,Medium,46,3,1
2410,1360,Starter,2024-08-05,2024-08-06,Integration,Medium,24,1,1
2411,1360,Starter,2024-08-29,2024-08-29,Integration,High,14,2,1
2412,1362,Enterprise,2025-01-17,2025-01-18,Technical,Medium,37,3,0
2413,1362,Enterprise,2025-01-08,2025-01-09,Technical,Low,38,5,0
2414,1362,Enterprise,2025-01-22,2025-01-26,Onboarding,Low,96,3,0
2415,1362,Enterprise,2025-01-20,2025-01-20,Billing,Medium,18,5,0
2416,1374,Pro,2023-05-18,2023-05-18,Integration,High,9,2,1
2417,1378,Pro,2023-04-21,2023-04-21,Onboarding,Medium,12,5,1
2418,1378,Pro,2023-05-05,2023-05-06,Onboarding,Medium,34,3,1
2419,1378,Pro,2023-05-11,2023-05-11,Performance,High,10,2,1
2420,1378,Pro,2023-05-07,2023-05-08,Billing,Medium,37,2,1
2421,1381,Pro,2023-08-03,2023-08-03,Technical,High,15,4,1
2422,1381,Pro,2023-08-03,2023-08-07,Account,Low,96,1,1
2423,1381,Pro,2023-09-05,2023-09-06,Integration,Medium,37,2,1
2424,1381,Pro,2023-09-10,2023-09-11,Account,Medium,31,5,1
2425,1381,Pro,2023-09-19,2023-09-19,Account,High,13,2,1
2426,1382,Starter,2023-02-04,2023-02-04,Billing,High,2,2,1
2427,1382,Starter,2023-02-03,2023-02-04,Billing,Low,44,1,1
2428,1382,Starter,2023-02-03,2023-02-03,Feature Request,Critical,5,2,1
2429,1382,Starter,2023-02-20,2023-02-20,Feature Request,High,19,3,1
2430,1383,Enterprise,2024-12-27,2024-12-28,Performance,Low,45,5,0
2431,1383,Enterprise,2024-12-21,2024-12-22,Account,Medium,34,3,0
2432,1383,Enterprise,2024-12-11,2024-12-11,Technical,High,3,4,0
2433,1383,Enterprise,2024-12-26,2024-12-26,Billing,High,19,5,0
2434,1384,Starter,2023-09-06,2023-09-06,Onboarding,Medium,12,4,1
2435,1385,Starter,2023-11-26,2023-11-27,Feature Request,Low,44,1,1
2436,1386,Pro,2023-06-12,2023-06-12,Account,Medium,11,1,1
2437,1386,Pro,2023-06-14,2023-06-14,Performance,Medium,17,2,1
2438,1393,Starter,2023-09-21,2023-09-23,Performance,Low,64,2,1
2439,1400,Enterprise,2023-06-30,2023-06-30,Onboarding,Medium,21,5,0
2440,1400,Enterprise,2023-06-19,2023-06-20,Account,Low,27,4,0
2441,1400,Enterprise,2023-06-15,2023-06-19,Integration,Low,109,1,0
2442,1400,Enterprise,2023-06-17,2023-06-18,Integration,Medium,43,4,0
2443,1400,Enterprise,2023-06-24,2023-06-24,Account,Critical,4,4,0
2444,1400,Business,2023-09-20,2023-09-21,Account,Medium,46,5,0
2445,1400,Business,2023-09-28,2023-09-28,Performance,Medium,13,4,0
2446,1400,Enterprise,2024-07-02,2024-07-02,Onboarding,Critical,1,2,1
2447,1400,Enterprise,2024-06-06,2024-06-08,Account,Low,52,3,1
2448,1400,Enterprise,2024-06-18,2024-06-20,Performance,Low,59,3,1
2449,1406,Pro,2023-12-11,2023-12-11,Technical,Critical,4,5,1
2450,1406,Pro,2023-12-19,2023-12-19,Integration,Medium,8,3,1
2451,1406,Pro,2024-01-14,2024-01-15,Feature Request,Medium,38,4,1
2452,1406,Pro,2024-01-08,2024-01-11,Billing,Low,80,3,1
2453,1406,Pro,2024-01-24,2024-01-24,Performance,Medium,21,1,1
2454,1409,Enterprise,2024-12-17,2024-12-17,Account,Medium,12,4,0
2455,1409,Enterprise,2025-01-02,2025-01-02,Performance,Medium,20,3,0
2456,1409,Enterprise,2024-12-28,2024-12-28,Technical,Medium,21,4,0
2457,1410,Enterprise,2025-01-03,2025-01-06,Integration,Low,95,5,0
2458,1420,Business,2024-12-16,2024-12-18,Billing,Low,63,3,0
2459,1420,Business,2025-01-02,2025-01-04,Feature Request,Low,59,4,0
2460,1429,Starter,2023-02-22,2023-02-23,Performance,Medium,25,4,1
2461,1429,Starter,2023-02-13,2023-02-13,Performance,High,12,2,1
2462,1431,Pro,2023-03-27,2023-03-30,Onboarding,Low,90,3,0
2463,1431,Pro,2023-04-13,2023-04-14,Onboarding,Medium,47,4,0
2464,1431,Pro,2023-04-27,2023-04-27,Account,High,18,3,0
2465,1432,Starter,2024-06-15,2024-06-15,Performance,High,17,2,0
2466,1432,Pro,2025-01-01,2025-01-01,Billing,High,22,3,0
2467,1432,Pro,2024-12-16,2024-12-16,Integration,Medium,19,5,0
2468,1441,Starter,2024-07-22,2024-07-25,Technical,Low,81,3,0
2469,1441,Starter,2024-08-28,2024-08-28,Feature Request,Critical,5,1,0
2470,1441,Pro,2024-09-23,2024-09-27,Integration,Low,110,5,0
2471,1441,Pro,2024-09-26,2024-09-26,Account,Critical,5,5,0
2472,1441,Business,2024-12-31,2025-01-02,Onboarding,Low,50,4,0
2473,1441,Business,2024-12-20,2024-12-20,Integration,Medium,12,5,0
2474,1441,Business,2024-12-30,2024-12-30,Technical,High,18,5,0
2475,1441,Business,2024-12-22,2024-12-22,Billing,High,9,4,0
2476,1444,Enterprise,2023-12-11,2023-12-11,Onboarding,Medium,20,3,1
2477,1444,Enterprise,2023-11-13,2023-11-14,Billing,Medium,29,4,1
2478,1446,Business,2024-03-30,2024-03-31,Billing,Medium,37,1,1
2479,1446,Business,2024-03-18,2024-03-18,Feature Request,Medium,19,2,1
2480,1446,Business,2024-03-18,2024-03-23,Technical,Low,120,2,1
2481,1446,Business,2024-03-24,2024-03-25,Feature Request,Medium,33,1,1
2482,1446,Business,2024-03-31,2024-03-31,Onboarding,High,2,1,1
2483,1446,Business,2024-04-23,2024-04-23,Technical,Medium,15,1,1
2484,1446,Business,2024-04-28,2024-05-02,Integration,Low,99,2,1
2485,1447,Enterprise,2024-12-27,2024-12-31,Account,Low,98,2,0
2486,1447,Enterprise,2025-01-11,2025-01-11,Feature Request,High,16,3,0
2487,1447,Enterprise,2024-12-24,2024-12-24,Integration,Critical,5,5,0
2488,1447,Enterprise,2024-12-26,2024-12-26,Billing,High,12,2,0
2489,1447,Enterprise,2025-01-09,2025-01-12,Integration,Low,90,5,0
2490,1449,Pro,2024-02-10,2024-02-13,Onboarding,Low,85,2,1
2491,1449,Pro,2024-01-19,2024-01-21,Account,Low,56,2,1
2492,1449,Pro,2024-01-31,2024-02-02,Feature Request,Low,50,1,1
2493,1451,Starter,2023-04-10,2023-04-11,Performance,Medium,40,2,1
2494,1451,Starter,2023-03-31,2023-04-03,Technical,Low,77,1,1
2495,1451,Starter,2023-05-10,2023-05-10,Technical,Medium,9,2,1
2496,1451,Starter,2023-05-01,2023-05-01,Technical,High,6,2,1
2497,1456,Pro,2023-08-28,2023-09-01,Performance,Low,98,3,1
2498,1456,Pro,2023-08-19,2023-08-21,Billing,Low,63,3,1
2499,1456,Pro,2023-08-25,2023-08-27,Onboarding,Low,64,2,1
2500,1456,Pro,2023-08-26,2023-08-27,Onboarding,Medium,32,2,1
2501,1456,Pro,2023-08-28,2023-08-28,Integration,High,16,4,1
2502,1456,Pro,2023-10-08,2023-10-08,Onboarding,High,4,2,1
2503,1456,Pro,2023-09-15,2023-09-15,Billing,High,18,2,1
2504,1456,Pro,2023-09-25,2023-09-25,Feature Request,Critical,3,2,1
2505,1457,Business,2023-07-21,2023-07-21,Integration,High,3,3,1
2506,1457,Business,2023-07-22,2023-07-22,Performance,High,14,5,1
2507,1457,Business,2023-08-28,2023-08-28,Feature Request,High,13,2,1
2508,1457,Business,2023-09-01,2023-09-01,Performance,Medium,17,2,1
2509,1457,Business,2023-08-19,2023-08-19,Feature Request,High,4,5,1
2510,1459,Starter,2023-04-01,2023-04-02,Technical,Medium,35,2,1
2511,1459,Starter,2023-03-26,2023-03-29,Onboarding,Low,80,3,1
2512,1466,Starter,2024-07-15,2024-07-17,Onboarding,Low,63,2,1
2513,1466,Starter,2024-07-01,2024-07-02,Billing,Low,46,1,1
2514,1466,Starter,2024-07-11,2024-07-12,Onboarding,Medium,30,2,1
2515,1466,Starter,2024-06-27,2024-06-28,Feature Request,Medium,41,2,1
2516,1469,Enterprise,2024-12-19,2024-12-23,Technical,Low,115,4,0
2517,1469,Enterprise,2025-01-04,2025-01-04,Integration,High,18,4,0
2518,1469,Enterprise,2025-01-05,2025-01-09,Onboarding,Low,100,3,0
2519,1469,Enterprise,2025-01-11,2025-01-11,Feature Request,High,13,5,0
2520,1469,Enterprise,2024-12-28,2024-12-29,Account,Low,42,5,0
2521,1472,Pro,2023-10-15,2023-10-19,Billing,Low,96,5,0
2522,1477,Enterprise,2025-01-06,2025-01-07,Performance,Low,35,4,0
2523,1477,Enterprise,2025-01-10,2025-01-11,Feature Request,Low,31,1,0
2524,1477,Enterprise,2025-01-01,2025-01-03,Billing,Low,63,3,0
2525,1481,Enterprise,2024-09-03,2024-09-04,Onboarding,Low,24,4,0
2526,1481,Enterprise,2024-08-26,2024-08-30,Onboarding,Low,107,3,0
2527,1481,Enterprise,2024-09-03,2024-09-04,Onboarding,Low,36,5,0
2528,1481,Enterprise,2024-09-18,2024-09-19,Performance,Medium,41,5,0
2529,1481,Enterprise,2024-09-27,2024-09-28,Performance,Medium,34,3,0
2530,1481,Enterprise,2024-10-08,2024-10-08,Billing,Medium,21,3,0
2531,1481,Enterprise,2024-10-01,2024-10-05,Billing,Low,110,5,0
2532,1481,Enterprise,2024-10-16,2024-10-16,Integration,Medium,23,4,0
2533,1481,Business,2025-01-15,2025-01-15,Onboarding,Critical,7,5,0
2534,1485,Starter,2023-08-30,2023-09-03,Billing,Low,116,3,1
2535,1485,Starter,2023-09-06,2023-09-06,Technical,Critical,7,3,1
2536,1485,Starter,2023-09-15,2023-09-15,Performance,Critical,4,3,1
2537,1485,Starter,2023-09-20,2023-09-21,Technical,Low,26,3,1
2538,1485,Starter,2023-09-22,2023-09-25,Billing,Low,78,4,1
2539,1489,Pro,2023-07-05,2023-07-05,Integration,Critical,3,5,0
2540,1489,Pro,2025-01-12,2025-01-12,Feature Request,Medium,22,3,1
2541,1489,Pro,2025-01-07,2025-01-08,Billing,Low,31,5,1
2542,1496,Enterprise,2023-09-09,2023-09-09,Integration,Medium,17,4,0
2543,1496,Enterprise,2023-08-31,2023-09-01,Integration,Medium,31,4,0
2544,1496,Enterprise,2023-09-04,2023-09-05,Onboarding,Low,47,1,0
2545,1496,Enterprise,2023-09-03,2023-09-03,Billing,Medium,22,5,0
2546,1496,Enterprise,2023-09-20,2023-09-20,Technical,Medium,11,3,0
2547,1496,Enterprise,2023-10-16,2023-10-16,Feature Request,Medium,16,5,0
2548,1496,Enterprise,2023-09-26,2023-09-28,Feature Request,Medium,48,5,0
2549,1496,Business,2023-12-04,2023-12-07,Technical,Low,72,5,0
2550,1496,Enterprise,2025-01-15,2025-01-16,Technical,Medium,24,5,0
2551,1496,Enterprise,2024-12-26,2024-12-27,Performance,Medium,35,3,0
2552,1496,Enterprise,2025-01-16,2025-01-16,Performance,High,14,1,0
2553,1498,Pro,2023-07-21,2023-07-22,Performance,Low,30,2,1
2554,1501,Starter,2023-05-12,2023-05-12,Billing,High,12,2,1
2555,1501,Starter,2023-04-30,2023-04-30,Onboarding,Medium,16,1,1
2556,1501,Starter,2023-05-16,2023-05-19,Account,Low,95,3,1
2557,1503,Enterprise,2024-12-31,2024-12-31,Performance,High,7,5,0
2558,1503,Enterprise,2024-12-28,2024-12-29,Account,Medium,39,5,0
2559,1503,Enterprise,2025-01-08,2025-01-11,Feature Request,Low,86,3,0
2560,1503,Enterprise,2025-01-20,2025-01-21,Billing,Medium,29,5,0
2561,1503,Enterprise,2024-12-27,2024-12-28,Account,Medium,39,5,0
2562,1503,Enterprise,2025-01-20,2025-01-22,Account,Low,48,5,0
2563,1504,Starter,2024-06-15,2024-06-17,Onboarding,Low,52,3,1
2564,1504,Starter,2024-05-29,2024-05-30,Technical,Low,31,5,1
2565,1504,Starter,2024-06-15,2024-06-19,Onboarding,Low,108,1,1
2566,1504,Starter,2024-07-11,2024-07-11,Onboarding,High,3,1,1
2567,1504,Starter,2024-07-06,2024-07-07,Account,Medium,26,3,1
2568,1504,Starter,2024-07-12,2024-07-12,Performance,High,21,2,1
2569,1506,Business,2025-01-10,2025-01-11,Account,Medium,32,4,0
2570,1510,Starter,2023-04-19,2023-04-19,Onboarding,Critical,7,3,1
2571,1510,Starter,2023-05-03,2023-05-04,Billing,Medium,39,3,1
2572,1513,Starter,2023-09-03,2023-09-04,Performance,Medium,43,1,1
2573,1513,Starter,2023-09-14,2023-09-18,Account,Low,117,2,1
2574,1513,Starter,2023-10-22,2023-10-22,Technical,Critical,7,4,1
2575,1516,Pro,2023-08-20,2023-08-20,Billing,Medium,19,4,1
2576,1516,Pro,2023-08-15,2023-08-18,Performance,Low,84,3,1
2577,1516,Pro,2023-08-08,2023-08-10,Billing,Low,53,3,1
2578,1516,Pro,2023-08-16,2023-08-16,Performance,High,14,3,1
2579,1516,Pro,2023-08-23,2023-08-24,Onboarding,Low,33,3,1
2580,1516,Pro,2023-08-14,2023-08-18,Billing,Low,101,2,1
2581,1516,Pro,2023-08-06,2023-08-08,Onboarding,Low,57,3,1
2582,1516,Pro,2023-08-04,2023-08-04,Account,Critical,3,4,1
2583,1516,Pro,2023-09-07,2023-09-07,Billing,High,18,1,1
2584,1516,Pro,2023-09-15,2023-09-19,Onboarding,Low,116,4,1
2585,1516,Pro,2023-09-15,2023-09-19,Feature Request,Low,104,2,1
2586,1518,Pro,2023-07-23,2023-07-23,Onboarding,Medium,16,3,0
2587,1518,Business,2024-07-25,2024-07-25,Feature Request,Medium,23,1,1
2588,1518,Business,2024-07-21,2024-07-21,Performance,Critical,2,2,1
2589,1518,Business,2024-07-04,2024-07-04,Account,Critical,2,2,1
2590,1526,Business,2023-04-22,2023-04-25,Feature Request,Low,72,3,1
2591,1526,Business,2023-04-06,2023-04-07,Account,Low,27,5,1
2592,1526,Business,2023-04-21,2023-04-22,Account,Medium,33,3,1
2593,1528,Starter,2023-08-14,2023-08-15,Account,Low,33,5,1
2594,1528,Starter,2023-09-27,2023-09-28,Onboarding,Medium,42,3,1
2595,1535,Enterprise,2024-12-20,2024-12-20,Technical,High,23,5,0
2596,1535,Enterprise,2024-12-07,2024-12-07,Billing,High,12,4,0
2597,1535,Enterprise,2024-12-29,2024-12-29,Technical,Medium,23,5,0
2598,1535,Enterprise,2025-01-01,2025-01-01,Feature Request,High,12,5,0
2599,1537,Enterprise,2023-06-29,2023-07-02,Technical,Low,95,2,1
2600,1537,Enterprise,2023-06-19,2023-06-19,Feature Request,High,17,4,1
2601,1537,Enterprise,2023-06-05,2023-06-05,Feature Request,High,5,1,1
2602,1540,Starter,2023-03-31,2023-03-31,Account,High,12,3,1
2603,1540,Starter,2023-04-27,2023-04-28,Account,Medium,43,2,1
2604,1540,Starter,2023-04-28,2023-04-29,Technical,Medium,30,2,1
2605,1540,Starter,2023-04-15,2023-04-19,Onboarding,Low,101,3,1
2606,1541,Starter,2024-04-13,2024-04-18,Integration,Low,120,4,1
2607,1541,Starter,2024-04-08,2024-04-11,Feature Request,Low,86,3,1
2608,1541,Starter,2024-04-12,2024-04-12,Account,Medium,23,2,1
2609,1541,Starter,2024-04-28,2024-04-29,Onboarding,Low,28,2,1
2610,1553,Pro,2024-12-12,2024-12-12,Integration,High,15,1,0
2611,1557,Enterprise,2024-12-30,2024-12-31,Onboarding,Low,45,4,0
2612,1557,Enterprise,2024-12-28,2024-12-28,Performance,High,14,4,0
2613,1560,Starter,2024-07-29,2024-07-29,Billing,High,10,3,1
2614,1560,Starter,2024-07-28,2024-07-28,Integration,High,9,2,1
2615,1561,Pro,2024-09-20,2024-09-20,Integration,Medium,13,1,1
2616,1562,Business,2023-09-15,2023-09-20,Technical,Low,120,4,0
2617,1565,Starter,2024-05-15,2024-05-15,Account,High,2,1,1
2618,1565,Starter,2024-06-11,2024-06-11,Technical,High,2,2,1
2619,1565,Starter,2024-07-04,2024-07-04,Technical,Medium,9,1,1
2620,1571,Starter,2023-06-21,2023-06-26,Onboarding,Low,120,2,1
2621,1578,Enterprise,2023-06-03,2023-06-03,Integration,Critical,5,3,1
2622,1578,Enterprise,2023-06-08,2023-06-08,Performance,High,13,3,1
2623,1578,Enterprise,2023-05-31,2023-05-31,Technical,High,20,4,1
2624,1578,Enterprise,2023-05-16,2023-05-18,Performance,Low,71,2,1
2625,1578,Enterprise,2023-06-04,2023-06-04,Feature Request,High,21,2,1
2626,1578,Enterprise,2023-05-12,2023-05-13,Account,Low,39,1,1
2627,1578,Enterprise,2023-05-29,2023-05-29,Billing,High,4,1,1
2628,1578,Enterprise,2023-06-02,2023-06-03,Technical,Low,37,3,1
2629,1578,Enterprise,2023-06-07,2023-06-07,Technical,Medium,10,4,1
2630,1578,Enterprise,2023-05-24,2023-05-25,Onboarding,Medium,36,1,1
2631,1578,Enterprise,2023-05-17,2023-05-17,Onboarding,Critical,6,2,1
2632,1578,Enterprise,2023-06-03,2023-06-04,Performance,Medium,44,2,1
2633,1578,Enterprise,2023-06-28,2023-06-28,Account,Medium,18,2,1
2634,1578,Enterprise,2023-06-24,2023-06-25,Account,Medium,44,1,1
2635,1578,Enterprise,2023-06-23,2023-06-27,Integration,Low,117,2,1
2636,1578,Enterprise,2023-07-09,2023-07-11,Billing,Low,64,2,1
2637,1578,Enterprise,2023-07-01,2023-07-03,Billing,Low,60,2,1
2638,1578,Enterprise,2023-06-22,2023-06-22,Onboarding,High,19,2,1
2639,1578,Enterprise,2023-07-04,2023-07-06,Feature Request,Low,51,3,1
2640,1578,Enterprise,2023-07-08,2023-07-09,Feature Request,Medium,36,1,1
2641,1584,Pro,2023-07-20,2023-07-22,Account,Low,55,2,1
2642,1584,Pro,2023-08-06,2023-08-09,Technical,Low,83,1,1
2643,1584,Pro,2023-08-14,2023-08-14,Technical,High,11,1,1
2644,1584,Pro,2023-09-03,2023-09-04,Technical,Medium,30,1,1
2645,1584,Pro,2023-09-01,2023-09-04,Technical,Low,85,2,1
2646,1585,Pro,2023-10-04,2023-10-07,Onboarding,Low,76,2,0
2647,1585,Pro,2023-10-07,2023-10-08,Feature Request,Medium,38,5,0
2648,1585,Pro,2023-09-20,2023-09-20,Feature Request,Medium,12,4,0
2649,1586,Pro,2023-12-08,2023-12-08,Onboarding,Critical,7,5,1
2650,1586,Pro,2023-12-03,2023-12-06,Feature Request,Low,82,5,1
2651,1595,Enterprise,2024-12-20,2024-12-21,Account,Low,25,5,0
2652,1595,Enterprise,2025-01-04,2025-01-05,Integration,Medium,43,2,0
2653,1595,Enterprise,2024-12-15,2024-12-16,Integration,Medium,34,4,0
2654,1595,Enterprise,2024-12-23,2024-12-25,Billing,Low,57,4,0
2655,1595,Enterprise,2024-12-27,2024-12-27,Technical,Critical,2,4,0
2656,1595,Enterprise,2025-01-09,2025-01-11,Account,Low,63,3,0
2657,1597,Starter,2023-05-03,2023-05-04,Account,Medium,25,2,1
2658,1598,Pro,2024-02-08,2024-02-10,Account,Low,69,4,0
2659,1598,Pro,2024-03-03,2024-03-03,Performance,High,18,4,0
2660,1598,Pro,2024-02-25,2024-02-25,Account,Medium,9,4,0
2661,1598,Pro,2024-09-16,2024-09-19,Technical,Low,84,4,0
2662,1598,Pro,2024-10-11,2024-10-14,Onboarding,Low,95,4,0
2663,1598,Pro,2024-09-22,2024-09-24,Onboarding,Low,70,3,0
2664,1598,Pro,2024-09-29,2024-10-03,Integration,Low,105,4,0
2665,1599,Starter,2023-09-07,2023-09-10,Onboarding,Low,93,2,1
2666,1602,Enterprise,2024-01-31,2024-01-31,Account,Medium,11,4,0
2667,1602,Enterprise,2024-02-28,2024-02-29,Billing,Low,24,5,0
2668,1602,Enterprise,2024-02-18,2024-02-20,Performance,Medium,48,4,0
2669,1602,Enterprise,2024-03-06,2024-03-07,Feature Request,Medium,25,3,0
2670,1602,Enterprise,2024-03-01,2024-03-02,Billing,Medium,35,4,0
2671,1602,Business,2024-12-26,2024-12-27,Feature Request,Low,32,3,0
2672,1602,Business,2025-01-05,2025-01-06,Integration,Low,37,2,0
2673,1607,Starter,2024-10-16,2024-10-20,Technical,Low,113,4,0
2674,1607,Starter,2024-11-12,2024-11-12,Technical,Critical,3,5,0
2675,1607,Starter,2024-12-13,2024-12-14,Technical,Medium,27,3,0
2676,1609,Business,2024-05-04,2024-05-06,Feature Request,Low,66,3,1
2677,1609,Business,2024-04-29,2024-05-01,Billing,Medium,48,2,1
2678,1612,Starter,2023-08-09,2023-08-11,Integration,Low,53,2,1
2679,1612,Starter,2023-07-21,2023-07-21,Feature Request,Medium,15,2,1
2680,1612,Starter,2023-08-07,2023-08-08,Technical,Medium,34,3,1
2681,1612,Starter,2023-08-11,2023-08-11,Billing,Medium,9,4,1
2682,1612,Starter,2023-08-30,2023-08-31,Account,Medium,28,1,1
2683,1612,Starter,2023-09-07,2023-09-07,Integration,High,16,3,1
2684,1612,Starter,2023-08-29,2023-08-30,Technical,Medium,43,4,1
2685,1612,Starter,2023-08-18,2023-08-22,Integration,Low,117,5,1
2686,1622,Pro,2024-06-04,2024-06-04,Onboarding,High,4,3,1
2687,1622,Pro,2024-05-28,2024-05-28,Account,Medium,13,2,1
2688,1622,Pro,2024-05-21,2024-05-21,Billing,High,5,3,1
2689,1622,Pro,2024-06-19,2024-06-20,Feature Request,Medium,46,2,1
2690,1622,Pro,2024-06-21,2024-06-24,Billing,Low,94,3,1
2691,1625,Starter,2024-03-10,2024-03-10,Account,Critical,1,2,1
2692,1625,Starter,2024-02-24,2024-02-24,Onboarding,Critical,3,2,1
2693,1625,Starter,2024-03-15,2024-03-17,Feature Request,Medium,48,3,1
2694,1625,Starter,2024-03-01,2024-03-02,Account,Medium,33,1,1
2695,1625,Starter,2024-03-02,2024-03-04,Feature Request,Low,57,2,1
2696,1628,Business,2023-07-06,2023-07-06,Performance,High,15,3,0
2697,1628,Enterprise,2024-12-23,2024-12-24,Technical,Low,28,3,0
2698,1628,Enterprise,2025-01-13,2025-01-13,Account,High,11,3,0
2699,1628,Enterprise,2025-01-15,2025-01-18,Feature Request,Low,74,4,0
2700,1628,Enterprise,2024-12-28,2024-12-30,Feature Request,Low,58,4,0
2701,1628,Enterprise,2025-01-07,2025-01-07,Feature Request,High,19,4,0
2702,1635,Starter,2023-07-08,2023-07-08,Integration,High,20,5,0
2703,1635,Starter,2024-03-25,2024-03-28,Technical,Low,75,4,0
2704,1635,Starter,2024-10-14,2024-10-15,Technical,Medium,47,5,0
2705,1635,Starter,2024-12-10,2024-12-12,Feature Request,Low,67,3,0
2706,1635,Starter,2025-01-03,2025-01-06,Onboarding,Low,75,4,0
2707,1635,Starter,2024-12-23,2024-12-23,Billing,Medium,18,5,0
2708,1642,Starter,2023-05-12,2023-05-16,Integration,Low,116,1,1
2709,1650,Enterprise,2025-01-14,2025-01-16,Technical,Low,54,5,0
2710,1650,Enterprise,2024-12-26,2024-12-26,Onboarding,High,19,4,0
2711,1650,Enterprise,2025-01-11,2025-01-11,Integration,Medium,19,3,0
2712,1650,Enterprise,2025-01-03,2025-01-03,Billing,High,7,2,0
2713,1650,Enterprise,2025-01-15,2025-01-16,Integration,Medium,30,4,0
2714,1650,Enterprise,2025-01-07,2025-01-08,Performance,Medium,43,5,0
2715,1660,Business,2023-11-14,2023-11-14,Feature Request,High,21,3,1
2716,1660,Business,2023-10-27,2023-10-27,Technical,High,23,2,1
2717,1660,Business,2023-11-15,2023-11-15,Account,Critical,7,2,1
2718,1660,Business,2023-10-29,2023-10-29,Performance,Medium,16,2,1
2719,1660,Business,2023-11-14,2023-11-15,Onboarding,Low,42,4,1
2720,1660,Business,2023-11-19,2023-11-23,Technical,Low,107,2,1
2721,1660,Business,2023-12-06,2023-12-09,Billing,Low,82,2,1
2722,1662,Pro,2023-08-01,2023-08-01,Billing,High,10,4,0
2723,1662,Pro,2023-09-05,2023-09-05,Technical,High,17,5,0
2724,1662,Business,2024-06-14,2024-06-15,Integration,Medium,34,4,0
2725,1662,Business,2024-07-13,2024-07-13,Technical,Medium,13,2,0
2726,1662,Business,2024-07-09,2024-07-12,Integration,Low,74,2,0
2727,1669,Starter,2023-04-08,2023-04-09,Onboarding,Medium,26,2,1
2728,1669,Starter,2023-04-09,2023-04-09,Technical,High,19,4,1
2729,1669,Starter,2023-04-17,2023-04-19,Feature Request,Low,55,3,1
2730,1669,Starter,2023-05-24,2023-05-24,Performance,Medium,17,2,1
2731,1669,Starter,2023-05-07,2023-05-07,Account,Medium,19,2,1
2732,1671,Starter,2023-08-27,2023-08-27,Onboarding,Medium,12,4,0
2733,1673,Enterprise,2023-06-22,2023-06-23,Feature Request,Medium,31,1,1
2734,1673,Enterprise,2023-06-05,2023-06-09,Feature Request,Low,102,2,1
2735,1673,Enterprise,2023-06-18,2023-06-18,Billing,Medium,15,1,1
2736,1673,Enterprise,2023-06-09,2023-06-10,Billing,Low,37,1,1
2737,1673,Enterprise,2023-07-01,2023-07-02,Integration,Low,39,3,1
2738,1673,Enterprise,2023-06-29,2023-07-01,Account,Low,57,3,1
2739,1673,Enterprise,2023-07-20,2023-07-21,Account,Low,34,1,1
2740,1673,Enterprise,2023-06-29,2023-06-29,Onboarding,High,10,2,1
2741,1677,Starter,2023-04-06,2023-04-07,Account,Medium,34,3,0
2742,1677,Starter,2023-07-28,2023-07-30,Billing,Medium,48,4,0
2743,1677,Starter,2023-09-20,2023-09-20,Performance,High,16,1,0
2744,1677,Starter,2023-09-30,2023-10-02,Integration,Low,60,3,0
2745,1677,Starter,2023-10-03,2023-10-07,Account,Low,105,2,0
2746,1677,Starter,2023-09-30,2023-10-02,Account,Low,68,4,0
2747,1677,Starter,2023-10-31,2023-10-31,Technical,Medium,21,1,0
2748,1677,Starter,2023-12-01,2023-12-03,Account,Low,57,3,0
2749,1677,Starter,2023-12-04,2023-12-04,Performance,High,12,3,0
2750,1677,Starter,2023-12-27,2023-12-28,Feature Request,Low,25,4,0
2751,1677,Starter,2024-01-31,2024-01-31,Feature Request,High,18,5,0
2752,1677,Starter,2024-04-11,2024-04-12,Technical,Medium,28,3,0
2753,1677,Starter,2024-05-15,2024-05-16,Integration,Medium,29,1,0
2754,1677,Starter,2024-08-14,2024-08-15,Account,Medium,34,5,0
2755,1677,Starter,2024-09-01,2024-09-01,Integration,Medium,8,3,0
2756,1677,Starter,2024-08-23,2024-08-23,Billing,Medium,12,4,0
2757,1677,Starter,2024-11-02,2024-11-02,Integration,Critical,7,5,0
2758,1682,Business,2023-11-01,2023-11-02,Billing,Medium,27,1,1
2759,1682,Business,2023-11-19,2023-11-19,Technical,High,23,1,1
2760,1682,Business,2023-11-05,2023-11-05,Feature Request,Medium,17,2,1
2761,1682,Business,2023-11-06,2023-11-10,Account,Low,107,2,1
2762,1682,Business,2023-10-31,2023-10-31,Performance,Medium,18,2,1
2763,1682,Business,2023-10-29,2023-10-30,Onboarding,Medium,26,4,1
2764,1682,Business,2023-11-07,2023-11-07,Billing,Critical,8,3,1
2765,1682,Business,2023-11-17,2023-11-18,Performance,Medium,30,2,1
2766,1682,Business,2023-11-19,2023-11-21,Feature Request,Low,51,1,1
2767,1682,Business,2023-12-18,2023-12-19,Technical,Low,35,2,1
2768,1682,Business,2023-12-14,2023-12-14,Performance,High,7,2,1
2769,1682,Business,2023-12-05,2023-12-08,Technical,Low,77,1,1
2770,1682,Business,2023-12-11,2023-12-15,Feature Request,Low,119,2,1
2771,1682,Business,2023-12-22,2023-12-26,Integration,Low,106,2,1
2772,1682,Business,2023-12-12,2023-12-13,Performance,Medium,30,1,1
2773,1688,Enterprise,2025-01-18,2025-01-18,Account,Critical,4,4,0
2774,1688,Enterprise,2025-01-21,2025-01-23,Feature Request,Low,57,4,0
2775,1688,Enterprise,2025-01-10,2025-01-11,Technical,Medium,31,5,0
2776,1694,Starter,2023-11-17,2023-11-19,Account,Low,50,3,1
2777,1694,Starter,2023-11-13,2023-11-14,Performance,Low,32,3,1
2778,1694,Starter,2023-12-05,2023-12-06,Performance,Medium,29,3,1
2779,1701,Enterprise,2024-03-31,2024-03-31,Feature Request,Critical,8,4,0
2780,1701,Enterprise,2024-04-17,2024-04-20,Integration,Low,90,1,0
2781,1701,Enterprise,2024-05-06,2024-05-07,Performance,High,24,2,0
2782,1701,Enterprise,2024-05-22,2024-05-22,Technical,Medium,20,2,0
2783,1701,Business,2025-01-01,2025-01-01,Performance,Medium,17,3,0
2784,1701,Business,2025-01-20,2025-01-21,Onboarding,Medium,32,3,0
2785,1718,Starter,2023-04-20,2023-04-21,Technical,Low,38,2,1
2786,1718,Starter,2023-04-08,2023-04-09,Billing,High,24,3,1
2787,1718,Starter,2023-04-16,2023-04-16,Account,High,9,2,1
2788,1723,Business,2023-10-04,2023-10-05,Billing,Medium,33,4,1
2789,1723,Business,2023-10-06,2023-10-09,Onboarding,Low,88,1,1
2790,1723,Business,2023-11-16,2023-11-19,Integration,Low,78,1,1
2791,1723,Business,2023-11-18,2023-11-18,Technical,High,15,4,1
2792,1723,Business,2023-11-27,2023-11-27,Performance,High,21,1,1
2793,1723,Business,2023-11-17,2023-11-17,Performance,High,5,3,1
2794,1726,Business,2023-04-20,2023-04-20,Feature Request,Medium,8,4,0
2795,1726,Enterprise,2024-02-21,2024-02-22,Performance,Medium,35,4,0
2796,1726,Enterprise,2024-02-28,2024-02-28,Onboarding,Medium,13,3,0
2797,1726,Enterprise,2024-02-05,2024-02-05,Onboarding,High,7,4,0
2798,1726,Enterprise,2024-02-05,2024-02-05,Technical,Medium,18,3,0
2799,1726,Enterprise,2024-02-11,2024-02-13,Integration,Low,70,3,0
2800,1726,Business,2024-12-07,2024-12-07,Account,High,10,4,0
2801,1726,Business,2024-12-27,2024-12-28,Feature Request,Medium,40,5,0
2802,1726,Business,2024-12-08,2024-12-12,Billing,Low,103,1,0
2803,1739,Starter,2024-12-14,2024-12-15,Integration,Medium,44,4,0
2804,1739,Starter,2024-12-19,2024-12-20,Account,Low,26,4,0
2805,1743,Enterprise,2024-12-31,2025-01-01,Billing,Medium,42,4,0
2806,1743,Enterprise,2024-12-06,2024-12-07,Technical,Medium,44,4,0
2807,1743,Enterprise,2024-12-27,2024-12-28,Performance,Medium,34,3,0
2808,1743,Enterprise,2024-12-08,2024-12-12,Technical,Low,96,3,0
2809,1743,Enterprise,2024-12-28,2024-12-29,Integration,Low,43,3,0
2810,1743,Enterprise,2024-12-25,2024-12-29,Technical,Low,115,3,0
2811,1747,Enterprise,2023-06-21,2023-06-22,Technical,Medium,36,2,1
2812,1747,Enterprise,2023-07-03,2023-07-05,Billing,Low,59,3,1
2813,1747,Enterprise,2023-06-21,2023-06-22,Billing,Low,31,1,1
2814,1748,Pro,2023-04-17,2023-04-18,Feature Request,Medium,46,3,1
2815,1748,Pro,2023-04-17,2023-04-17,Integration,High,17,2,1
2816,1755,Business,2024-08-04,2024-08-04,Account,Medium,11,3,1
2817,1755,Business,2024-07-21,2024-07-25,Performance,Low,106,3,1
2818,1755,Business,2024-07-28,2024-07-30,Billing,Low,51,2,1
2819,1755,Business,2024-07-13,2024-07-15,Billing,Low,53,3,1
2820,1755,Business,2024-08-14,2024-08-16,Onboarding,Low,64,5,1
2821,1755,Business,2024-08-29,2024-08-30,Technical,Medium,42,4,1
2822,1755,Business,2024-08-17,2024-08-19,Technical,Low,70,3,1
2823,1755,Business,2024-08-09,2024-08-09,Technical,High,6,3,1
2824,1755,Business,2024-08-23,2024-08-23,Onboarding,Medium,14,3,1
2825,1755,Business,2024-08-30,2024-09-01,Technical,Low,58,2,1
2826,1763,Business,2023-09-25,2023-09-26,Integration,Medium,38,5,0
2827,1763,Enterprise,2024-12-17,2024-12-18,Integration,Medium,35,3,0
2828,1763,Enterprise,2025-01-05,2025-01-05,Onboarding,Medium,22,4,0
2829,1763,Enterprise,2024-12-20,2024-12-20,Performance,Medium,11,4,0
2830,1763,Enterprise,2024-12-16,2024-12-18,Integration,Low,51,3,0
2831,1767,Business,2024-12-19,2024-12-19,Technical,Medium,8,5,0
2832,1767,Business,2024-12-23,2024-12-24,Billing,Low,46,4,0
2833,1770,Starter,2023-09-23,2023-09-26,Performance,Low,91,3,1
2834,1770,Starter,2023-09-24,2023-09-24,Account,Critical,4,3,1
2835,1776,Enterprise,2024-06-23,2024-06-27,Integration,Low,115,4,0
2836,1776,Enterprise,2024-06-23,2024-06-24,Account,Medium,34,3,0
2837,1776,Enterprise,2024-06-13,2024-06-17,Account,Low,112,5,0
2838,1776,Business,2024-07-17,2024-07-17,Onboarding,Critical,4,5,0
2839,1776,Business,2024-09-08,2024-09-08,Account,Medium,9,4,0
2840,1776,Business,2024-09-02,2024-09-03,Billing,Low,43,3,0
2841,1776,Business,2024-08-24,2024-08-25,Account,Medium,39,3,0
2842,1776,Business,2024-09-06,2024-09-10,Onboarding,Low,115,5,0
2843,1776,Enterprise,2024-11-23,2024-11-26,Performance,Low,82,4,0
2844,1776,Enterprise,2024-12-05,2024-12-06,Billing,Medium,28,4,0
2845,1776,Enterprise,2024-12-04,2024-12-05,Feature Request,Low,26,3,0
2846,1776,Enterprise,2024-11-21,2024-11-22,Billing,High,24,5,0
2847,1776,Enterprise,2024-11-15,2024-11-15,Account,Medium,12,5,0
2848,1776,Enterprise,2024-11-29,2024-12-01,Feature Request,Low,68,4,0
2849,1779,Business,2023-10-03,2023-10-04,Onboarding,Medium,47,4,0
2850,1779,Business,2023-09-23,2023-09-23,Billing,Critical,8,4,0
2851,1779,Business,2023-09-20,2023-09-23,Account,Low,73,4,0
2852,1779,Enterprise,2025-01-01,2025-01-02,Technical,Medium,37,4,0
2853,1781,Business,2024-12-14,2024-12-14,Technical,Medium,17,4,0
2854,1785,Pro,2023-06-14,2023-06-14,Feature Request,Medium,20,5,0
2855,1785,Pro,2023-07-11,2023-07-12,Account,Low,26,4,0
2856,1785,Pro,2023-06-13,2023-06-14,Integration,Medium,37,5,0
2857,1785,Starter,2023-09-08,2023-09-08,Billing,High,20,4,0
2858,1785,Starter,2023-09-29,2023-09-29,Account,Medium,14,4,0
2859,1789,Enterprise,2023-11-28,2023-11-29,Technical,Medium,31,4,0
2860,1789,Business,2025-01-01,2025-01-02,Technical,Medium,34,3,0
2861,1789,Business,2025-01-10,2025-01-13,Billing,Low,78,1,0
2862,1791,Pro,2023-07-24,2023-07-24,Feature Request,Critical,1,4,0
2863,1791,Pro,2023-08-04,2023-08-04,Billing,High,18,5,0
2864,1791,Pro,2023-07-18,2023-07-19,Integration,Medium,27,5,0
2865,1791,Pro,2023-09-07,2023-09-08,Feature Request,Medium,38,5,0
2866,1791,Business,2024-05-17,2024-05-17,Billing,Medium,23,2,1
2867,1791,Business,2024-05-25,2024-05-25,Billing,Medium,19,3,1
2868,1791,Business,2024-06-07,2024-06-07,Integration,High,7,1,1
2869,1791,Business,2024-05-19,2024-05-20,Account,Medium,30,2,1
2870,1791,Business,2024-06-02,2024-06-02,Account,High,21,4,1
2871,1791,Business,2024-05-18,2024-05-21,Feature Request,Low,77,3,1
2872,1791,Business,2024-07-03,2024-07-05,Feature Request,Low,71,1,1
2873,1791,Business,2024-07-04,2024-07-07,Performance,Low,93,2,1
2874,1791,Business,2024-06-17,2024-06-17,Performance,Medium,16,1,1
2875,1791,Business,2024-06-28,2024-06-29,Feature Request,Medium,44,2,1
2876,1791,Business,2024-06-30,2024-07-03,Technical,Low,80,3,1
2877,1792,Pro,2024-12-16,2024-12-16,Billing,High,18,5,0
2878,1792,Pro,2024-12-28,2024-12-29,Technical,Medium,25,4,0
2879,1792,Pro,2024-12-31,2024-12-31,Technical,High,2,4,0
2880,1796,Pro,2023-08-28,2023-08-28,Feature Request,High,11,2,1
2881,1796,Pro,2023-08-28,2023-08-29,Performance,Medium,31,2,1
2882,1796,Pro,2023-09-21,2023-09-21,Account,Critical,4,2,1
2883,1796,Pro,2023-09-17,2023-09-17,Billing,Critical,4,1,1
2884,1796,Pro,2023-09-27,2023-09-27,Onboarding,High,22,3,1
2885,1796,Pro,2023-10-04,2023-10-04,Billing,Medium,10,3,1
2886,1796,Pro,2023-09-21,2023-09-25,Onboarding,Low,113,2,1
2887,1800,Starter,2023-06-15,2023-06-16,Feature Request,Medium,47,3,1
2888,1801,Starter,2023-04-27,2023-04-28,Billing,Medium,36,2,1
2889,1801,Starter,2023-05-12,2023-05-13,Integration,Medium,41,2,1
2890,1803,Pro,2025-01-02,2025-01-04,Feature Request,Low,54,5,0
2891,1805,Starter,2023-06-13,2023-06-13,Technical,Medium,8,2,1
2892,1805,Starter,2023-07-06,2023-07-07,Account,Medium,46,1,1
2893,1806,Starter,2023-09-16,2023-09-17,Account,Medium,32,2,1
2894,1806,Starter,2023-10-10,2023-10-10,Integration,Medium,21,2,1
2895,1806,Starter,2023-09-26,2023-09-30,Integration,Low,110,1,1
2896,1812,Pro,2024-05-04,2024-05-04,Onboarding,Critical,7,3,1
2897,1812,Pro,2024-04-27,2024-04-27,Account,Medium,9,1,1
2898,1812,Pro,2024-04-20,2024-04-20,Performance,High,13,1,1
2899,1812,Pro,2024-05-10,2024-05-11,Performance,Medium,46,1,1
2900,1812,Pro,2024-05-10,2024-05-11,Technical,Medium,28,3,1
2901,1813,Starter,2025-01-01,2025-01-02,Billing,Medium,33,2,0
2902,1813,Starter,2025-01-10,2025-01-14,Onboarding,Low,108,4,0
2903,1820,Starter,2024-08-25,2024-08-25,Integration,Medium,12,2,1
2904,1820,Starter,2024-09-19,2024-09-19,Performance,High,18,5,1
2905,1825,Starter,2023-05-12,2023-05-16,Onboarding,Low,113,1,1
2906,1825,Starter,2023-05-04,2023-05-07,Performance,Low,95,3,1
2907,1825,Starter,2023-05-10,2023-05-11,Billing,Low,47,2,1
2908,1828,Pro,2024-07-28,2024-07-29,Feature Request,Medium,32,3,0
2909,1828,Pro,2024-07-30,2024-07-30,Account,High,11,5,0
2910,1828,Pro,2024-08-30,2024-08-30,Account,High,14,5,0
2911,1828,Business,2025-01-09,2025-01-12,Feature Request,Low,95,5,0
2912,1832,Starter,2024-02-11,2024-02-12,Feature Request,Medium,43,5,0
2913,1832,Pro,2024-09-05,2024-09-05,Feature Request,Medium,21,2,1
2914,1832,Pro,2024-10-15,2024-10-18,Technical,Low,74,5,1
2915,1834,Pro,2023-06-30,2023-06-30,Integration,High,17,3,1
2916,1834,Pro,2023-06-26,2023-06-27,Performance,Medium,31,2,1
2917,1834,Pro,2023-07-16,2023-07-16,Account,Medium,22,2,1
2918,1834,Pro,2023-06-23,2023-06-24,Technical,Medium,47,4,1
2919,1838,Enterprise,2024-11-27,2024-11-27,Account,High,16,3,0
2920,1838,Enterprise,2024-11-26,2024-11-26,Account,Critical,4,5,0
2921,1838,Business,2025-01-18,2025-01-19,Feature Request,Low,37,3,0
2922,1841,Starter,2023-05-31,2023-06-03,Technical,Low,73,2,1
2923,1841,Starter,2023-06-17,2023-06-17,Account,Critical,7,1,1
2924,1841,Starter,2023-06-08,2023-06-12,Account,Low,109,4,1
2925,1841,Starter,2023-06-03,2023-06-03,Onboarding,High,12,2,1
2926,1841,Starter,2023-06-24,2023-06-24,Feature Request,Medium,15,2,1
2927,1844,Business,2024-01-29,2024-01-31,Billing,Low,57,5,0
2928,1844,Enterprise,2024-10-30,2024-10-30,Performance,Medium,23,2,1
2929,1844,Enterprise,2024-11-20,2024-11-20,Feature Request,Critical,1,1,1
2930,1844,Enterprise,2024-10-25,2024-10-26,Feature Request,Medium,44,2,1
2931,1844,Enterprise,2024-10-27,2024-10-30,Integration,Low,87,2,1
2932,1844,Enterprise,2024-11-06,2024-11-06,Technical,Medium,8,2,1
2933,1844,Enterprise,2024-11-19,2024-11-20,Integration,Medium,29,5,1
2934,1844,Enterprise,2024-11-10,2024-11-11,Feature Request,Medium,36,3,1
2935,1844,Enterprise,2024-12-09,2024-12-10,Integration,Medium,31,2,1
2936,1844,Enterprise,2024-11-24,2024-11-24,Billing,Medium,17,3,1
2937,1844,Enterprise,2024-12-03,2024-12-04,Integration,Medium,44,4,1
2938,1844,Enterprise,2024-12-17,2024-12-18,Billing,Medium,40,2,1
2939,1844,Enterprise,2024-12-07,2024-12-07,Billing,Medium,9,2,1
2940,1846,Enterprise,2024-12-29,2024-12-29,Feature Request,High,9,3,0
2941,1846,Enterprise,2025-01-12,2025-01-12,Technical,High,17,4,0
2942,1848,Business,2023-11-13,2023-11-16,Integration,Low,84,1,1
2943,1848,Business,2023-11-12,2023-11-12,Onboarding,Medium,17,3,1
2944,1848,Business,2023-11-03,2023-11-05,Technical,Medium,48,4,1
2945,1848,Business,2023-12-10,2023-12-12,Onboarding,Low,53,3,1
2946,1848,Business,2023-12-03,2023-12-05,Onboarding,Low,66,3,1
2947,1850,Business,2023-09-21,2023-09-21,Integration,High,19,4,0
2948,1850,Business,2023-08-29,2023-08-29,Billing,High,22,5,0
2949,1850,Business,2023-09-19,2023-09-24,Integration,Low,120,5,0
2950,1850,Business,2023-09-21,2023-09-22,Technical,High,24,3,0
2951,1850,Business,2023-09-07,2023-09-08,Account,Medium,24,4,0
2952,1850,Business,2023-08-30,2023-09-01,Integration,Medium,48,1,0
2953,1850,Business,2023-10-19,2023-10-20,Integration,Medium,42,1,0
2954,1850,Enterprise,2023-11-14,2023-11-14,Performance,Critical,5,1,1
2955,1850,Enterprise,2023-10-27,2023-10-29,Performance,Low,52,1,1
2956,1850,Enterprise,2023-11-11,2023-11-11,Performance,High,2,2,1
2957,1850,Enterprise,2023-11-01,2023-11-01,Performance,Medium,20,3,1
2958,1850,Enterprise,2023-10-30,2023-10-31,Account,Medium,28,1,1
2959,1850,Enterprise,2023-10-31,2023-10-31,Feature Request,High,13,5,1
2960,1850,Enterprise,2023-11-02,2023-11-04,Feature Request,Low,53,1,1
2961,1850,Enterprise,2023-10-28,2023-10-29,Performance,Medium,36,4,1
2962,1850,Enterprise,2023-10-27,2023-10-28,Onboarding,Medium,24,4,1
2963,1850,Enterprise,2023-11-02,2023-11-04,Technical,Low,54,2,1
2964,1850,Enterprise,2023-11-06,2023-11-08,Performance,Low,68,1,1
2965,1850,Enterprise,2023-10-30,2023-10-31,Integration,Low,29,1,1
2966,1850,Enterprise,2023-10-28,2023-10-29,Account,Medium,41,3,1
2967,1850,Enterprise,2023-11-20,2023-11-21,Technical,Medium,25,4,1
2968,1850,Enterprise,2023-12-17,2023-12-17,Performance,High,14,1,1
2969,1850,Enterprise,2023-12-16,2023-12-19,Integration,Low,72,3,1
2970,1850,Enterprise,2023-12-06,2023-12-07,Integration,Medium,29,2,1
2971,1850,Enterprise,2023-11-29,2023-11-29,Account,Medium,14,1,1
2972,1850,Enterprise,2023-12-11,2023-12-11,Performance,Medium,20,2,1
2973,1850,Enterprise,2023-11-27,2023-11-28,Billing,Low,42,2,1
2974,1850,Enterprise,2023-11-28,2023-11-28,Integration,Critical,3,3,1
2975,1850,Enterprise,2023-12-01,2023-12-02,Integration,Medium,45,4,1
2976,1850,Enterprise,2023-12-13,2023-12-14,Account,Low,44,1,1
2977,1850,Enterprise,2023-12-04,2023-12-07,Onboarding,Low,83,3,1
2978,1869,Starter,2024-07-27,2024-07-28,Billing,Low,42,3,1
2979,1869,Starter,2024-09-03,2024-09-07,Billing,Low,114,3,1
2980,1869,Starter,2024-09-17,2024-09-17,Account,Critical,3,2,1
2981,1871,Business,2024-05-23,2024-05-24,Billing,Low,44,2,0
2982,1871,Enterprise,2025-01-06,2025-01-08,Onboarding,Low,71,2,0
2983,1871,Enterprise,2025-01-16,2025-01-17,Feature Request,Low,33,4,0
2984,1874,Starter,2023-09-10,2023-09-14,Performance,Low,102,3,1
2985,1874,Starter,2023-10-21,2023-10-21,Billing,Medium,21,2,1
2986,1874,Starter,2023-10-15,2023-10-19,Technical,Low,114,3,1
2987,1876,Enterprise,2024-03-08,2024-03-08,Feature Request,High,4,3,0
2988,1876,Business,2024-12-30,2024-12-30,Onboarding,Medium,11,2,0
2989,1876,Business,2025-01-13,2025-01-14,Performance,Medium,36,3,0
2990,1876,Business,2025-01-18,2025-01-19,Technical,Low,45,4,0
2991,1876,Business,2025-01-02,2025-01-06,Account,Low,118,3,0
2992,1878,Enterprise,2025-01-11,2025-01-12,Billing,Medium,30,4,0
2993,1878,Enterprise,2025-01-12,2025-01-13,Onboarding,Low,37,4,0
2994,1878,Enterprise,2025-01-24,2025-01-24,Performance,Medium,17,4,0
2995,1878,Enterprise,2025-01-21,2025-01-21,Feature Request,Critical,6,5,0
2996,1878,Enterprise,2025-01-14,2025-01-16,Performance,Medium,48,4,0
2997,1878,Enterprise,2025-01-23,2025-01-24,Integration,Medium,24,5,0
2998,1881,Starter,2023-06-05,2023-06-07,Billing,Low,62,2,1
2999,1881,Starter,2023-06-20,2023-06-20,Performance,Critical,4,2,1
3000,1881,Starter,2023-06-23,2023-06-25,Feature Request,Low,56,3,1
3001,1881,Starter,2023-07-22,2023-07-23,Billing,Low,32,1,1
3002,1881,Starter,2023-07-08,2023-07-09,Billing,Medium,42,3,1
3003,1881,Starter,2023-07-08,2023-07-08,Billing,Medium,13,2,1
3004,1886,Pro,2023-08-27,2023-08-28,Integration,Low,35,5,0
3005,1886,Pro,2023-09-16,2023-09-18,Performance,Low,55,5,0
3006,1886,Pro,2023-09-15,2023-09-16,Billing,Low,42,4,0
3007,1886,Business,2024-10-14,2024-10-14,Technical,Critical,2,3,1
3008,1886,Business,2024-10-09,2024-10-09,Performance,Medium,10,5,1
3009,1886,Business,2024-10-09,2024-10-09,Account,Critical,2,1,1
3010,1886,Business,2024-10-25,2024-10-30,Performance,Low,120,1,1
3011,1886,Business,2024-09-29,2024-09-30,Billing,Medium,25,3,1
3012,1886,Business,2024-10-07,2024-10-07,Billing,High,12,1,1
3013,1886,Business,2024-10-12,2024-10-13,Feature Request,Low,31,2,1
3014,1896,Pro,2023-06-15,2023-06-17,Billing,Medium,48,4,0
3015,1896,Starter,2024-03-10,2024-03-12,Billing,Medium,48,4,0
3016,1896,Starter,2024-05-08,2024-05-09,Integration,Medium,34,3,0
3017,1896,Starter,2024-06-25,2024-06-28,Performance,Low,91,4,0
3018,1896,Starter,2024-06-23,2024-06-24,Performance,Low,34,5,0
3019,1896,Starter,2024-06-05,2024-06-05,Onboarding,High,8,4,0
3020,1896,Starter,2024-07-25,2024-07-29,Feature Request,Low,100,4,0
3021,1896,Starter,2024-07-23,2024-07-24,Performance,Medium,40,5,0
3022,1896,Starter,2024-11-18,2024-11-18,Integration,Medium,14,4,0
3023,1896,Starter,2024-11-17,2024-11-18,Onboarding,Low,29,4,0
3024,1896,Starter,2024-11-17,2024-11-17,Performance,Critical,2,4,0
3025,1897,Starter,2023-06-25,2023-06-27,Onboarding,Low,68,4,1
3026,1897,Starter,2023-06-18,2023-06-18,Feature Request,Medium,17,1,1
3027,1898,Starter,2023-05-28,2023-05-28,Integration,High,22,3,1
3028,1898,Starter,2023-05-21,2023-05-21,Technical,High,14,1,1
3029,1898,Starter,2023-06-04,2023-06-05,Onboarding,Medium,24,1,1
3030,1898,Starter,2023-06-02,2023-06-05,Billing,Low,84,5,1
3031,1899,Business,2024-03-11,2024-03-12,Billing,Medium,43,3,1
3032,1899,Business,2024-03-29,2024-03-30,Feature Request,Medium,41,1,1
3033,1899,Business,2024-03-25,2024-03-27,Performance,Low,49,4,1
3034,1899,Business,2024-03-14,2024-03-16,Feature Request,Low,51,1,1
3035,1899,Business,2024-03-15,2024-03-16,Billing,Medium,40,5,1
3036,1899,Business,2024-03-23,2024-03-23,Integration,Medium,14,2,1
3037,1899,Business,2024-04-05,2024-04-05,Billing,Medium,12,3,1
3038,1899,Business,2024-04-04,2024-04-04,Performance,Medium,20,1,1
3039,1900,Enterprise,2024-12-09,2024-12-11,Performance,Low,62,5,0
3040,1900,Enterprise,2024-12-29,2024-12-29,Feature Request,High,5,3,0
3041,1901,Enterprise,2024-01-17,2024-01-21,Account,Low,97,4,0
3042,1901,Enterprise,2024-01-28,2024-01-28,Onboarding,High,4,2,0
3043,1901,Enterprise,2024-02-04,2024-02-04,Technical,High,7,4,0
3044,1901,Enterprise,2024-02-10,2024-02-10,Performance,Medium,22,4,0
3045,1901,Enterprise,2024-02-15,2024-02-19,Technical,Low,107,5,0
3046,1901,Enterprise,2024-02-24,2024-02-25,Billing,Medium,24,4,0
3047,1901,Business,2024-03-25,2024-03-25,Onboarding,Critical,3,5,0
3048,1901,Business,2024-03-21,2024-03-22,Account,Medium,27,5,0
3049,1901,Business,2024-03-10,2024-03-10,Feature Request,Medium,13,3,0
3050,1901,Business,2024-04-16,2024-04-17,Account,Low,37,1,0
3051,1901,Business,2024-04-09,2024-04-10,Account,Medium,45,4,0
3052,1901,Enterprise,2024-12-07,2024-12-11,Onboarding,Low,117,5,0
3053,1901,Enterprise,2024-12-02,2024-12-06,Performance,Low,112,4,0
3054,1905,Enterprise,2024-12-13,2024-12-13,Integration,Medium,23,3,0
3055,1909,Business,2023-05-30,2023-06-03,Account,Low,118,5,0
3056,1909,Business,2023-05-17,2023-05-17,Feature Request,Medium,18,3,0
3057,1909,Business,2023-05-22,2023-05-22,Billing,Medium,15,4,0
3058,1909,Business,2023-05-26,2023-05-28,Billing,Medium,48,5,0
3059,1909,Business,2023-05-05,2023-05-06,Onboarding,Low,42,2,0
3060,1909,Enterprise,2024-12-14,2024-12-14,Account,High,5,2,0
3061,1909,Enterprise,2024-12-22,2024-12-22,Integration,Medium,16,5,0
3062,1910,Starter,2023-11-15,2023-11-16,Technical,Medium,38,4,1
3063,1910,Starter,2023-11-13,2023-11-13,Onboarding,Medium,12,2,1
3064,1910,Starter,2023-11-28,2023-11-28,Integration,Medium,12,3,1
3065,1912,Starter,2023-05-04,2023-05-06,Feature Request,Low,62,4,1
3066,1912,Starter,2023-05-12,2023-05-12,Onboarding,Critical,4,1,1
3067,1912,Starter,2023-05-09,2023-05-12,Technical,Low,94,3,1
3068,1912,Starter,2023-06-29,2023-06-29,Billing,Medium,16,4,1
3069,1918,Starter,2023-07-12,2023-07-13,Technical,Medium,30,2,1
3070,1918,Starter,2023-08-16,2023-08-16,Billing,Critical,2,2,1
3071,1918,Starter,2023-08-30,2023-08-31,Feature Request,Medium,30,4,1
3072,1929,Starter,2023-10-18,2023-10-18,Technical,Medium,9,1,1
3073,1929,Starter,2023-12-02,2023-12-06,Technical,Low,112,1,1
3074,1929,Starter,2023-11-16,2023-11-17,Performance,Medium,30,4,1
3075,1936,Pro,2024-12-21,2024-12-22,Account,Low,45,5,0
3076,1943,Starter,2023-10-18,2023-10-18,Integration,High,10,1,1
3077,1943,Starter,2023-10-08,2023-10-09,Billing,Low,37,3,1
3078,1943,Starter,2023-11-19,2023-11-20,Feature Request,Medium,37,1,1
3079,1945,Starter,2024-08-28,2024-08-29,Technical,Medium,41,2,1
3080,1945,Starter,2024-09-13,2024-09-15,Account,Low,68,3,1
3081,1946,Starter,2023-12-18,2023-12-21,Billing,Low,83,3,0
3082,1946,Starter,2024-01-19,2024-01-23,Billing,Low,103,4,0
3083,1947,Pro,2023-12-05,2023-12-05,Performance,Medium,19,4,0
3084,1947,Pro,2023-12-05,2023-12-05,Onboarding,Medium,17,3,0
3085,1947,Business,2024-12-22,2024-12-26,Onboarding,Low,109,4,0
3086,1947,Business,2024-12-16,2024-12-16,Technical,High,6,2,0
3087,1949,Starter,2024-02-04,2024-02-05,Integration,Medium,24,1,1
3088,1949,Starter,2024-02-10,2024-02-11,Integration,Medium,44,3,1
3089,1952,Starter,2023-06-24,2023-06-27,Feature Request,Low,83,5,1
3090,1952,Starter,2023-06-22,2023-06-27,Feature Request,Low,120,3,1
3091,1958,Pro,2024-06-07,2024-06-10,Integration,Low,76,3,1
3092,1958,Pro,2024-05-18,2024-05-19,Integration,Medium,46,3,1
3093,1958,Pro,2024-05-22,2024-05-22,Performance,High,11,1,1
3094,1958,Pro,2024-05-23,2024-05-24,Account,Low,32,3,1
3095,1958,Pro,2024-07-07,2024-07-07,Account,Medium,9,3,1
3096,1958,Pro,2024-06-23,2024-06-23,Performance,Medium,23,2,1
3097,1958,Pro,2024-06-20,2024-06-20,Technical,Medium,19,4,1
3098,1960,Starter,2023-06-08,2023-06-10,Account,Medium,48,1,1
3099,1960,Starter,2023-07-02,2023-07-02,Performance,Medium,14,2,1
3100,1960,Starter,2023-06-18,2023-06-18,Integration,High,6,4,1
3101,1968,Enterprise,2023-05-18,2023-05-20,Account,Low,54,3,0
3102,1968,Enterprise,2023-05-20,2023-05-23,Technical,Low,89,5,0
3103,1968,Enterprise,2023-07-04,2023-07-05,Account,Medium,36,4,0
3104,1968,Enterprise,2023-06-25,2023-06-25,Integration,Critical,6,4,0
3105,1968,Enterprise,2023-07-09,2023-07-09,Billing,Medium,16,5,0
3106,1968,Enterprise,2023-06-26,2023-06-26,Onboarding,High,20,4,0
3107,1968,Enterprise,2023-06-30,2023-06-30,Account,Medium,9,4,0
3108,1968,Business,2024-02-20,2024-02-20,Account,Critical,6,5,0
3109,1968,Enterprise,2024-12-17,2024-12-18,Technical,Medium,47,4,0
3110,1968,Enterprise,2024-12-21,2024-12-21,Account,Critical,8,5,0
3111,1968,Enterprise,2024-12-20,2024-12-24,Integration,Low,119,2,0
3112,1968,Enterprise,2024-12-14,2024-12-15,Technical,Medium,47,4,0
3113,1968,Enterprise,2024-12-28,2024-12-29,Feature Request,Medium,38,5,0
3114,1968,Enterprise,2024-12-22,2024-12-22,Integration,Medium,9,3,0
3115,1968,Enterprise,2024-12-30,2024-12-31,Billing,Medium,31,3,0
3116,1968,Enterprise,2024-12-29,2025-01-02,Technical,Low,98,4,0
3117,1968,Enterprise,2024-12-20,2024-12-20,Onboarding,High,15,1,0
3118,1968,Enterprise,2025-01-08,2025-01-10,Account,Low,70,2,0
3119,1970,Enterprise,2023-09-24,2023-09-24,Technical,High,20,4,0
3120,1970,Enterprise,2024-07-28,2024-07-28,Integration,Medium,9,3,0
3121,1970,Enterprise,2024-07-23,2024-07-24,Performance,Medium,32,4,0
3122,1970,Enterprise,2024-07-23,2024-07-25,Onboarding,Low,60,4,0
3123,1970,Enterprise,2024-08-02,2024-08-03,Onboarding,Medium,43,1,0
3124,1970,Enterprise,2024-07-21,2024-07-21,Billing,High,15,5,0
3125,1970,Enterprise,2024-07-21,2024-07-22,Technical,Medium,27,3,0
3126,1970,Enterprise,2024-07-28,2024-07-29,Technical,Low,45,5,0
3127,1970,Enterprise,2024-09-04,2024-09-05,Technical,Medium,38,5,0
3128,1970,Enterprise,2024-08-24,2024-08-24,Performance,High,21,5,0
3129,1970,Enterprise,2024-09-07,2024-09-09,Account,Low,63,4,0
3130,1970,Enterprise,2024-09-01,2024-09-01,Onboarding,High,15,2,0
3131,1970,Enterprise,2024-08-16,2024-08-16,Feature Request,High,23,1,0
3132,1970,Enterprise,2024-09-04,2024-09-04,Integration,High,8,1,0
3133,1970,Enterprise,2024-09-24,2024-09-24,Feature Request,High,20,4,0
3134,1970,Enterprise,2024-09-14,2024-09-15,Onboarding,Medium,24,4,0
3135,1970,Enterprise,2024-09-16,2024-09-17,Performance,Medium,26,4,0
3136,1970,Enterprise,2024-10-01,2024-10-02,Technical,Low,27,5,0
3137,1970,Enterprise,2024-10-01,2024-10-01,Technical,High,6,5,0
3138,1970,Enterprise,2024-10-05,2024-10-05,Technical,High,22,4,0
3139,1970,Enterprise,2024-11-03,2024-11-06,Billing,Low,88,3,0
3140,1970,Enterprise,2024-11-05,2024-11-06,Integration,Low,45,3,0
3141,1970,Enterprise,2024-10-13,2024-10-16,Feature Request,Low,87,5,0
3142,1970,Enterprise,2024-10-22,2024-10-22,Technical,High,22,4,0
3143,1970,Enterprise,2024-11-17,2024-11-20,Performance,Low,95,4,0
3144,1970,Enterprise,2024-12-02,2024-12-02,Technical,High,18,3,0
3145,1970,Enterprise,2024-11-27,2024-11-28,Performance,Medium,41,3,0
3146,1970,Enterprise,2024-11-12,2024-11-12,Billing,Critical,5,4,0
3147,1970,Enterprise,2024-12-03,2024-12-03,Account,High,5,5,0
3148,1970,Enterprise,2024-12-17,2024-12-20,Account,Low,86,5,0
3149,1970,Enterprise,2025-01-06,2025-01-06,Billing,High,23,5,0
3150,1970,Enterprise,2025-01-03,2025-01-06,Account,Low,87,4,0
3151,1970,Enterprise,2024-12-31,2025-01-01,Integration,Medium,41,4,0
3152,1971,Pro,2025-01-06,2025-01-06,Onboarding,Medium,18,5,0
3153,1971,Pro,2024-12-15,2024-12-17,Billing,Low,69,5,0
3154,1971,Pro,2025-01-04,2025-01-07,Performance,Low,90,3,0
3155,1972,Pro,2023-08-09,2023-08-09,Technical,Medium,12,5,0
3156,1972,Pro,2023-07-15,2023-07-15,Feature Request,High,4,4,0
3157,1972,Pro,2023-08-02,2023-08-02,Billing,High,15,2,0
3158,1972,Business,2024-12-18,2024-12-21,Integration,Low,74,3,0
3159,1972,Business,2025-01-06,2025-01-07,Feature Request,Medium,35,4,0
3160,1972,Business,2024-12-15,2024-12-16,Account,Medium,44,2,0
3161,1973,Pro,2024-12-18,2024-12-20,Integration,Low,55,4,0
3162,1973,Pro,2024-12-27,2024-12-27,Performance,Medium,20,3,0
3163,1973,Pro,2025-01-05,2025-01-05,Technical,Critical,5,5,0
3164,1975,Pro,2024-12-28,2024-12-29,Feature Request,Medium,31,3,0
3165,1975,Pro,2025-01-05,2025-01-05,Billing,Medium,16,4,0
3166,1975,Pro,2024-12-28,2024-12-28,Billing,High,5,5,0
3167,1979,Starter,2023-06-09,2023-06-09,Billing,Critical,7,1,1
3168,1979,Starter,2023-06-17,2023-06-21,Feature Request,Low,105,1,1
3169,1980,Enterprise,2024-07-25,2024-07-25,Performance,High,14,4,0
3170,1980,Enterprise,2024-07-19,2024-07-19,Billing,Medium,19,3,0
3171,1980,Enterprise,2024-08-04,2024-08-07,Performance,Low,81,5,0
3172,1980,Enterprise,2024-07-24,2024-07-27,Feature Request,Low,77,4,0
3173,1980,Enterprise,2024-07-27,2024-07-28,Performance,Medium,37,4,0
3174,1980,Enterprise,2024-08-16,2024-08-16,Billing,High,13,4,0
3175,1980,Enterprise,2024-08-17,2024-08-18,Account,Medium,39,2,0
3176,1980,Business,2024-08-22,2024-08-22,Feature Request,Medium,15,3,0
3177,1980,Business,2024-08-27,2024-08-27,Feature Request,High,5,5,0
3178,1980,Business,2024-10-01,2024-10-05,Performance,Low,116,4,0
3179,1980,Business,2024-09-13,2024-09-14,Technical,Low,40,1,0
3180,1980,Pro,2024-12-14,2024-12-15,Feature Request,Medium,29,5,0
3181,1981,Enterprise,2024-08-21,2024-08-21,Onboarding,High,2,2,1
3182,1981,Enterprise,2024-08-25,2024-08-26,Technical,Medium,37,1,1
3183,1981,Enterprise,2024-08-23,2024-08-23,Performance,High,7,3,1
3184,1981,Enterprise,2024-08-15,2024-08-15,Onboarding,Medium,18,2,1
3185,1981,Enterprise,2024-08-29,2024-08-30,Account,Medium,27,4,1
3186,1981,Enterprise,2024-08-20,2024-08-24,Feature Request,Low,97,2,1
3187,1981,Enterprise,2024-09-07,2024-09-07,Feature Request,High,2,1,1
3188,1981,Enterprise,2024-09-12,2024-09-12,Feature Request,Medium,15,4,1
3189,1981,Enterprise,2024-08-22,2024-08-23,Integration,Medium,41,2,1
3190,1981,Enterprise,2024-09-08,2024-09-08,Onboarding,High,22,3,1
3191,1981,Enterprise,2024-10-10,2024-10-11,Performance,Low,46,2,1
3192,1981,Enterprise,2024-10-08,2024-10-11,Feature Request,Low,78,3,1
3193,1981,Enterprise,2024-10-01,2024-10-04,Technical,Low,88,1,1
3194,1981,Enterprise,2024-09-14,2024-09-17,Feature Request,Low,88,1,1
3195,1981,Enterprise,2024-09-26,2024-09-26,Technical,Medium,11,3,1
3196,1981,Enterprise,2024-09-19,2024-09-20,Billing,Medium,30,2,1
3197,1984,Pro,2023-07-12,2023-07-12,Performance,High,8,2,1
3198,1984,Pro,2023-06-19,2023-06-21,Performance,Low,60,1,1
3199,1984,Pro,2023-06-22,2023-06-22,Technical,High,9,4,1
3200,1984,Pro,2023-06-25,2023-06-25,Performance,Critical,7,2,1
3201,1989,Pro,2024-07-07,2024-07-07,Onboarding,High,5,2,1
3202,1989,Pro,2024-07-03,2024-07-03,Billing,Medium,18,1,1
3203,1990,Pro,2024-04-23,2024-04-26,Onboarding,Low,95,3,1
3204,1995,Business,2025-01-09,2025-01-11,Technical,Low,69,5,0
3205,1995,Business,2024-12-23,2024-12-24,Performance,Medium,28,3,0
3206,1999,Starter,2024-02-07,2024-02-10,Account,Low,73,3,1
3207,1999,Starter,2024-01-16,2024-01-17,Integration,Medium,32,3,1
3208,2001,Pro,2023-05-18,2023-05-19,Feature Request,Medium,36,2,1
3209,2001,Pro,2023-06-03,2023-06-04,Billing,Medium,37,2,1
3210,2001,Pro,2023-07-06,2023-07-07,Billing,Low,36,4,1
3211,2010,Business,2025-01-05,2025-01-08,Technical,Low,75,3,0
3212,2010,Business,2025-01-08,2025-01-09,Performance,Medium,32,5,0
3213,2010,Business,2024-12-29,2024-12-30,Performance,Medium,34,2,0
3214,2010,Business,2025-01-08,2025-01-08,Account,High,17,5,0
3215,2010,Business,2024-12-29,2024-12-30,Billing,Medium,39,5,0
3216,2010,Business,2025-01-13,2025-01-14,Integration,Medium,24,4,0
3217,2010,Business,2024-12-25,2024-12-26,Feature Request,Medium,33,1,0
3218,2017,Pro,2024-02-11,2024-02-11,Billing,High,16,5,0
3219,2017,Pro,2024-02-13,2024-02-14,Onboarding,Medium,36,4,0
3220,2017,Starter,2024-02-24,2024-02-26,Onboarding,Low,59,2,1
3221,2017,Starter,2024-02-25,2024-02-27,Billing,Low,57,3,1
3222,2017,Starter,2024-03-02,2024-03-03,Billing,Medium,27,5,1
3223,2017,Starter,2024-03-09,2024-03-10,Technical,Medium,37,3,1
3224,2022,Enterprise,2023-07-13,2023-07-14,Billing,Medium,36,4,0
3225,2022,Enterprise,2023-06-28,2023-06-30,Billing,Low,50,3,0
3226,2022,Enterprise,2023-07-17,2023-07-19,Onboarding,Low,53,5,0
3227,2022,Business,2023-09-09,2023-09-11,Onboarding,Low,70,4,0
3228,2022,Business,2023-09-02,2023-09-02,Onboarding,Critical,2,3,0
3229,2022,Business,2023-10-01,2023-10-03,Onboarding,Medium,48,5,0
3230,2022,Business,2023-09-20,2023-09-21,Technical,Medium,46,5,0
3231,2022,Enterprise,2024-11-01,2024-11-01,Feature Request,High,19,2,0
3232,2022,Enterprise,2024-11-03,2024-11-04,Billing,Medium,47,3,0
3233,2022,Enterprise,2024-11-09,2024-11-09,Billing,High,5,3,0
3234,2022,Enterprise,2024-11-15,2024-11-18,Onboarding,Low,91,3,0
3235,2022,Enterprise,2024-10-20,2024-10-21,Onboarding,Medium,27,2,0
3236,2022,Enterprise,2024-11-10,2024-11-11,Performance,Low,40,4,0
3237,2022,Business,2025-01-05,2025-01-09,Onboarding,Low,105,3,0
3238,2022,Business,2024-12-28,2025-01-01,Onboarding,Low,113,5,0
3239,2025,Pro,2023-05-22,2023-05-22,Onboarding,Medium,10,5,0
3240,2025,Pro,2023-05-27,2023-05-28,Billing,Low,33,4,0
3241,2025,Pro,2023-07-15,2023-07-15,Onboarding,High,21,2,0
3242,2025,Pro,2023-06-21,2023-06-22,Onboarding,Medium,28,2,0
3243,2028,Enterprise,2023-06-10,2023-06-10,Technical,Medium,22,2,1
3244,2028,Enterprise,2023-06-07,2023-06-07,Onboarding,Medium,14,4,1
3245,2028,Enterprise,2023-05-30,2023-05-31,Account,Low,34,3,1
3246,2028,Enterprise,2023-05-29,2023-05-30,Onboarding,Medium,26,4,1
3247,2028,Enterprise,2023-05-30,2023-05-31,Billing,Medium,34,2,1
3248,2028,Enterprise,2023-06-11,2023-06-11,Onboarding,Medium,10,3,1
3249,2028,Enterprise,2023-06-18,2023-06-18,Technical,High,11,2,1
3250,2028,Enterprise,2023-07-08,2023-07-09,Account,Medium,30,2,1
3251,2028,Enterprise,2023-06-28,2023-06-28,Billing,Critical,2,2,1
3252,2028,Enterprise,2023-06-21,2023-06-21,Feature Request,High,17,3,1
3253,2028,Enterprise,2023-06-21,2023-06-21,Account,Critical,3,3,1
3254,2028,Enterprise,2023-06-21,2023-06-21,Integration,Medium,8,2,1
3255,2028,Enterprise,2023-07-15,2023-07-15,Billing,Critical,3,2,1
3256,2028,Enterprise,2023-07-16,2023-07-16,Integration,High,14,1,1
3257,2028,Enterprise,2023-06-25,2023-06-29,Technical,Low,118,4,1
3258,2028,Enterprise,2023-06-23,2023-06-28,Technical,Low,120,1,1
3259,2028,Enterprise,2023-07-11,2023-07-11,Billing,High,16,3,1
3260,2028,Enterprise,2023-07-09,2023-07-12,Onboarding,Low,93,3,1
3261,2028,Enterprise,2023-06-20,2023-06-24,Billing,Low,105,2,1
3262,2034,Pro,2024-01-27,2024-01-28,Technical,Low,27,5,0
3263,2034,Pro,2024-02-23,2024-02-23,Technical,High,11,3,0
3264,2034,Business,2024-03-17,2024-03-17,Billing,High,9,5,0
3265,2034,Business,2024-03-04,2024-03-04,Billing,Medium,21,4,0
3266,2034,Enterprise,2025-01-05,2025-01-06,Billing,Medium,43,4,0
3267,2034,Enterprise,2024-12-21,2024-12-22,Account,Medium,30,2,0
3268,2034,Enterprise,2025-01-16,2025-01-17,Integration,Medium,27,4,0
3269,2034,Enterprise,2025-01-11,2025-01-11,Performance,Medium,9,5,0
3270,2034,Enterprise,2024-12-21,2024-12-21,Onboarding,High,3,3,0
3271,2034,Enterprise,2025-01-08,2025-01-10,Feature Request,Low,59,4,0
3272,2036,Business,2023-07-27,2023-07-27,Billing,Medium,8,5,0
3273,2036,Business,2023-08-01,2023-08-04,Feature Request,Low,80,4,0
3274,2036,Business,2023-09-13,2023-09-14,Onboarding,Medium,35,5,0
3275,2036,Business,2023-08-27,2023-08-27,Account,High,5,3,0
3276,2036,Business,2023-09-10,2023-09-10,Account,Medium,18,4,0
3277,2036,Enterprise,2024-10-29,2024-10-30,Account,Medium,36,1,0
3278,2036,Enterprise,2024-11-17,2024-11-18,Performance,Medium,45,5,0
3279,2036,Enterprise,2024-11-18,2024-11-22,Integration,Low,107,4,0
3280,2036,Enterprise,2024-10-25,2024-10-25,Technical,High,21,5,0
3281,2036,Enterprise,2024-12-10,2024-12-13,Account,Low,91,3,0
3282,2036,Business,2024-12-11,2024-12-11,Technical,High,22,4,0
3283,2036,Business,2024-12-09,2024-12-09,Integration,High,21,2,0
3284,2036,Enterprise,2024-12-31,2025-01-01,Billing,Low,38,4,0
3285,2036,Enterprise,2025-01-18,2025-01-19,Feature Request,Low,27,5,0
3286,2036,Enterprise,2024-12-28,2024-12-29,Onboarding,Medium,36,4,0
3287,2037,Enterprise,2025-01-14,2025-01-15,Integration,Medium,40,5,0
3288,2037,Enterprise,2024-12-25,2024-12-25,Technical,High,14,4,0
3289,2037,Enterprise,2025-01-13,2025-01-15,Feature Request,Low,51,4,0
3290,2037,Enterprise,2024-12-22,2024-12-23,Account,Medium,29,4,0
3291,2037,Enterprise,2024-12-30,2024-12-30,Account,High,6,4,0
3292,2037,Enterprise,2025-01-03,2025-01-07,Integration,Low,108,4,0
3293,2037,Enterprise,2025-01-08,2025-01-08,Integration,Medium,15,3,0
3294,2040,Enterprise,2024-02-17,2024-02-20,Account,Low,77,5,0
3295,2040,Enterprise,2024-02-14,2024-02-15,Account,Medium,47,3,0
3296,2040,Enterprise,2024-02-18,2024-02-18,Technical,Medium,12,3,0
3297,2040,Enterprise,2024-02-04,2024-02-04,Billing,High,10,3,0
3298,2040,Enterprise,2024-03-16,2024-03-17,Technical,Low,40,5,0
3299,2040,Enterprise,2024-03-02,2024-03-02,Feature Request,High,2,4,0
3300,2040,Business,2024-12-28,2024-12-29,Performance,Low,36,5,0
3301,2041,Starter,2025-01-06,2025-01-06,Account,High,13,4,0
3302,2041,Starter,2024-12-26,2024-12-26,Onboarding,High,3,4,0
3303,2042,Pro,2023-06-16,2023-06-16,Integration,High,8,2,1
3304,2042,Pro,2023-05-25,2023-05-25,Account,High,15,2,1
3305,2042,Pro,2023-06-07,2023-06-08,Technical,Medium,47,2,1
3306,2042,Pro,2023-06-02,2023-06-02,Performance,Medium,11,2,1
3307,2042,Pro,2023-06-15,2023-06-19,Technical,Low,99,2,1
3308,2042,Pro,2023-06-10,2023-06-10,Integration,High,23,5,1
3309,2042,Pro,2023-07-12,2023-07-13,Account,Low,41,3,1
3310,2042,Pro,2023-07-10,2023-07-12,Integration,Low,49,3,1
3311,2042,Pro,2023-06-27,2023-06-27,Account,High,20,3,1
3312,2042,Pro,2023-06-25,2023-06-26,Onboarding,Low,32,2,1
3313,2043,Business,2025-01-10,2025-01-10,Feature Request,High,7,4,0
3314,2043,Business,2025-01-18,2025-01-18,Billing,High,4,5,0
3315,2043,Business,2025-01-17,2025-01-17,Onboarding,High,7,4,0
3316,2045,Pro,2024-12-25,2024-12-26,Account,Medium,43,3,1
3317,2045,Pro,2025-01-09,2025-01-12,Performance,Low,74,3,1
3318,2051,Enterprise,2024-12-28,2024-12-28,Integration,Medium,19,4,0
3319,2051,Enterprise,2024-12-27,2024-12-27,Integration,Medium,20,4,0
3320,2051,Enterprise,2025-01-11,2025-01-12,Integration,Medium,44,3,0
3321,2055,Starter,2024-09-28,2024-10-01,Billing,Low,77,3,1
3322,2056,Enterprise,2025-01-04,2025-01-04,Billing,Medium,20,5,0
3323,2056,Enterprise,2025-01-01,2025-01-04,Account,Low,88,4,0
3324,2056,Enterprise,2025-01-12,2025-01-15,Onboarding,Low,91,4,0
3325,2061,Pro,2025-01-17,2025-01-18,Performance,Medium,32,4,0
3326,2061,Pro,2025-01-18,2025-01-19,Feature Request,Medium,30,4,0
3327,2073,Enterprise,2025-01-07,2025-01-08,Billing,Medium,29,3,0
3328,2073,Enterprise,2025-01-23,2025-01-24,Performance,Low,36,2,0
3329,2073,Enterprise,2025-01-16,2025-01-16,Onboarding,Medium,12,3,0
3330,2073,Enterprise,2025-01-02,2025-01-03,Integration,Medium,25,4,0
3331,2077,Starter,2023-09-09,2023-09-09,Account,High,16,4,0
3332,2077,Pro,2023-10-18,2023-10-18,Billing,High,13,3,0
3333,2077,Pro,2023-10-08,2023-10-09,Technical,Medium,30,3,0
3334,2077,Pro,2023-09-30,2023-10-01,Performance,Medium,46,4,0
3335,2077,Starter,2024-05-02,2024-05-05,Billing,Low,94,1,1
3336,2079,Starter,2024-08-29,2024-08-29,Account,Medium,18,2,1
3337,2081,Starter,2023-07-11,2023-07-15,Onboarding,Low,105,3,1
3338,2091,Pro,2023-12-04,2023-12-04,Technical,Medium,9,3,1
3339,2091,Pro,2023-12-10,2023-12-10,Account,Medium,17,4,1
3340,2091,Pro,2023-12-08,2023-12-09,Onboarding,Medium,26,2,1
3341,2096,Pro,2023-06-10,2023-06-11,Integration,Medium,29,3,0
3342,2096,Starter,2024-10-16,2024-10-20,Performance,Low,115,1,1
3343,2101,Pro,2024-08-11,2024-08-12,Account,Low,28,4,0
3344,2101,Pro,2024-08-26,2024-08-27,Feature Request,Medium,47,4,0
3345,2101,Starter,2025-01-20,2025-01-21,Onboarding,Low,39,5,0
3346,2107,Pro,2023-06-27,2023-06-30,Onboarding,Low,73,5,0
3347,2107,Pro,2023-06-16,2023-06-16,Billing,Medium,21,3,0
3348,2107,Business,2023-08-06,2023-08-09,Feature Request,Low,94,4,0
3349,2107,Business,2023-08-13,2023-08-13,Feature Request,Critical,3,4,0
3350,2107,Business,2023-08-22,2023-08-22,Integration,Medium,15,3,0
3351,2107,Business,2023-08-20,2023-08-22,Onboarding,Low,54,5,0
3352,2107,Business,2023-09-04,2023-09-04,Feature Request,Medium,23,5,0
3353,2107,Business,2023-08-30,2023-08-30,Integration,High,20,3,0
3354,2107,Enterprise,2025-01-20,2025-01-20,Feature Request,Medium,9,4,0
3355,2107,Enterprise,2025-01-07,2025-01-07,Integration,High,13,5,0
3356,2111,Starter,2023-08-19,2023-08-20,Performance,Low,34,2,1
3357,2114,Starter,2023-10-01,2023-10-01,Performance,Medium,23,2,1
3358,2114,Starter,2023-10-13,2023-10-14,Onboarding,Medium,37,3,1
3359,2114,Starter,2023-10-21,2023-10-24,Integration,Low,92,1,1
3360,2114,Starter,2023-10-28,2023-10-28,Account,High,10,1,1
3361,2114,Starter,2023-11-04,2023-11-07,Feature Request,Low,79,3,1
3362,2115,Pro,2023-08-10,2023-08-14,Billing,Low,105,2,1
3363,2115,Pro,2023-09-26,2023-09-26,Feature Request,High,17,1,1
3364,2115,Pro,2023-09-12,2023-09-13,Billing,Low,29,4,1
3365,2119,Starter,2023-12-19,2023-12-20,Performance,Medium,28,2,1
3366,2119,Starter,2024-01-19,2024-01-19,Integration,Medium,13,1,1
3367,2123,Pro,2024-01-11,2024-01-11,Account,High,4,4,0
3368,2123,Business,2024-08-05,2024-08-05,Billing,High,10,5,0
3369,2123,Business,2024-08-20,2024-08-20,Technical,High,10,2,0
3370,2123,Business,2024-08-17,2024-08-17,Integration,High,6,5,0
3371,2123,Business,2024-08-09,2024-08-09,Integration,High,8,4,0
3372,2123,Business,2024-08-07,2024-08-07,Feature Request,Medium,9,2,0
3373,2123,Business,2024-09-14,2024-09-18,Performance,Low,118,3,0
3374,2123,Business,2024-09-09,2024-09-09,Integration,High,4,3,0
3375,2123,Business,2024-09-29,2024-09-29,Onboarding,Medium,16,4,0
3376,2123,Enterprise,2024-12-09,2024-12-10,Onboarding,Medium,46,5,0
3377,2123,Enterprise,2024-12-21,2024-12-22,Technical,Medium,37,4,0
3378,2123,Enterprise,2024-12-16,2024-12-19,Performance,Low,95,5,0
3379,2123,Enterprise,2024-12-27,2024-12-28,Performance,Medium,27,2,0
3380,2124,Starter,2024-04-13,2024-04-13,Technical,Medium,23,3,1
3381,2124,Starter,2024-04-07,2024-04-07,Onboarding,Medium,17,4,1
3382,2124,Starter,2024-04-09,2024-04-09,Integration,High,20,3,1
3383,2127,Business,2023-09-18,2023-09-22,Feature Request,Low,100,4,0
3384,2127,Enterprise,2023-11-24,2023-11-24,Performance,Medium,16,1,0
3385,2127,Enterprise,2023-11-29,2023-11-30,Performance,Medium,38,5,0
3386,2127,Enterprise,2023-11-15,2023-11-16,Technical,Medium,26,2,0
3387,2127,Enterprise,2023-11-29,2023-11-30,Integration,Medium,28,4,0
3388,2127,Enterprise,2023-11-15,2023-11-16,Integration,Low,30,4,0
3389,2127,Business,2023-12-19,2023-12-20,Billing,Medium,28,3,1
3390,2127,Business,2024-01-01,2024-01-02,Performance,High,24,4,1
3391,2127,Business,2023-12-04,2023-12-05,Onboarding,Medium,40,2,1
3392,2127,Business,2023-12-06,2023-12-10,Performance,Low,114,2,1
3393,2127,Business,2023-12-17,2023-12-18,Integration,Low,26,4,1
3394,2127,Business,2023-12-04,2023-12-05,Onboarding,Low,30,3,1
3395,2127,Business,2023-12-13,2023-12-13,Account,High,8,4,1
3396,2127,Business,2024-01-09,2024-01-09,Onboarding,High,8,2,1
3397,2127,Business,2024-01-13,2024-01-13,Technical,Critical,4,2,1
3398,2127,Business,2024-01-19,2024-01-19,Billing,High,18,1,1
3399,2127,Business,2024-01-12,2024-01-12,Technical,High,6,5,1
3400,2127,Business,2024-01-21,2024-01-21,Performance,Medium,8,3,1
3401,2127,Business,2024-01-15,2024-01-16,Billing,Medium,27,2,1
3402,2127,Business,2024-01-11,2024-01-11,Technical,Medium,14,3,1
3403,2137,Enterprise,2024-12-12,2024-12-13,Performance,Medium,37,5,0
3404,2137,Enterprise,2024-12-07,2024-12-07,Feature Request,Critical,5,3,0
3405,2137,Enterprise,2024-12-24,2024-12-28,Feature Request,Low,108,5,0
3406,2137,Enterprise,2024-12-14,2024-12-14,Integration,Critical,7,2,0
3407,2137,Enterprise,2024-12-17,2024-12-20,Performance,Low,88,5,0
3408,2141,Pro,2024-08-02,2024-08-03,Billing,Low,35,2,1
3409,2141,Pro,2024-08-21,2024-08-21,Account,High,23,5,1
3410,2141,Pro,2024-08-16,2024-08-16,Technical,Medium,20,1,1
3411,2142,Enterprise,2023-12-12,2023-12-13,Onboarding,Medium,47,2,0
3412,2142,Enterprise,2024-01-09,2024-01-10,Integration,Medium,47,2,0
3413,2142,Enterprise,2024-01-15,2024-01-15,Account,Medium,10,2,0
3414,2142,Enterprise,2024-01-07,2024-01-08,Technical,Medium,36,4,0
3415,2142,Enterprise,2024-01-27,2024-01-27,Technical,Critical,1,5,0
3416,2142,Enterprise,2024-01-05,2024-01-07,Account,Medium,48,4,0
3417,2142,Business,2024-01-25,2024-01-25,Billing,High,3,4,0
3418,2142,Business,2024-01-24,2024-01-24,Integration,High,15,5,0
3419,2142,Business,2024-02-15,2024-02-16,Billing,Medium,45,4,0
3420,2142,Business,2024-02-17,2024-02-17,Integration,Critical,6,3,0
3421,2142,Pro,2024-12-28,2024-12-29,Onboarding,Low,36,2,1
3422,2143,Pro,2023-08-07,2023-08-09,Technical,Low,51,2,1
3423,2143,Pro,2023-08-17,2023-08-20,Technical,Low,86,2,1
3424,2143,Pro,2023-08-07,2023-08-07,Account,High,9,1,1
3425,2143,Pro,2023-09-21,2023-09-21,Account,Critical,2,2,1
3426,2143,Pro,2023-09-22,2023-09-23,Feature Request,Low,31,2,1
3427,2143,Pro,2023-09-25,2023-09-25,Onboarding,Critical,2,3,1
3428,2148,Starter,2024-08-03,2024-08-07,Onboarding,Low,115,3,1
3429,2148,Starter,2024-07-09,2024-07-09,Feature Request,High,23,2,1
3430,2148,Starter,2024-07-06,2024-07-09,Billing,Low,91,4,1
3431,2148,Starter,2024-08-09,2024-08-09,Integration,High,16,3,1
3432,2148,Starter,2024-08-12,2024-08-13,Performance,Medium,47,1,1
3433,2150,Pro,2024-09-16,2024-09-19,Onboarding,Low,77,2,1
3434,2152,Enterprise,2024-07-03,2024-07-04,Feature Request,Medium,24,4,0
3435,2152,Enterprise,2024-06-11,2024-06-15,Account,Low,113,4,0
3436,2152,Enterprise,2024-07-03,2024-07-04,Feature Request,Low,40,4,0
3437,2152,Enterprise,2024-06-08,2024-06-09,Account,Medium,24,2,0
3438,2152,Business,2024-12-18,2024-12-18,Feature Request,High,3,3,0
3439,2152,Business,2024-12-07,2024-12-08,Feature Request,Medium,47,5,0
3440,2155,Starter,2023-12-26,2023-12-28,Onboarding,Low,59,2,1
3441,2155,Starter,2023-12-10,2023-12-10,Onboarding,High,6,3,1
3442,2155,Starter,2024-01-10,2024-01-10,Technical,High,13,4,1
3443,2155,Starter,2024-01-06,2024-01-10,Technical,Low,113,1,1
3444,2155,Starter,2024-01-18,2024-01-20,Account,Low,64,3,1
3445,2156,Enterprise,2024-03-02,2024-03-03,Account,Medium,39,3,0
3446,2156,Enterprise,2024-02-29,2024-03-01,Onboarding,Medium,41,5,0
3447,2156,Enterprise,2024-02-15,2024-02-16,Technical,Low,30,5,0
3448,2156,Business,2024-03-12,2024-03-14,Account,Low,61,1,1
3449,2156,Business,2024-04-16,2024-04-16,Performance,Medium,22,1,1
3450,2156,Business,2024-04-16,2024-04-20,Technical,Low,111,3,1
3451,2161,Pro,2024-12-11,2024-12-14,Integration,Low,76,4,0
3452,2163,Business,2023-10-08,2023-10-08,Performance,High,10,5,0
3453,2163,Business,2023-10-08,2023-10-08,Technical,Medium,17,5,0
3454,2163,Business,2023-11-03,2023-11-03,Feature Request,High,7,5,0
3455,2163,Enterprise,2024-12-18,2024-12-19,Integration,Medium,45,2,0
3456,2163,Enterprise,2024-12-24,2024-12-25,Integration,Medium,32,5,0
3457,2180,Enterprise,2024-12-19,2024-12-20,Billing,Medium,28,3,0
3458,2181,Enterprise,2025-01-02,2025-01-03,Feature Request,Medium,35,3,0
3459,2181,Enterprise,2024-12-22,2024-12-23,Technical,Low,30,5,0
3460,2181,Enterprise,2024-12-14,2024-12-15,Billing,Medium,38,5,0
3461,2181,Enterprise,2024-12-10,2024-12-10,Onboarding,Medium,22,4,0
3462,2184,Business,2024-12-30,2024-12-30,Account,Medium,12,4,0
3463,2189,Starter,2024-06-15,2024-06-19,Onboarding,Low,108,5,1
3464,2189,Starter,2024-06-13,2024-06-14,Account,Medium,42,2,1
3465,2190,Pro,2023-12-27,2023-12-28,Integration,Medium,30,4,1
3466,2190,Pro,2023-12-18,2023-12-18,Performance,High,8,2,1
3467,2190,Pro,2023-12-28,2023-12-29,Account,Medium,47,2,1
3468,2190,Pro,2024-01-13,2024-01-13,Account,High,19,1,1
3469,2190,Pro,2024-02-05,2024-02-07,Billing,Low,70,1,1
3470,2191,Enterprise,2025-01-03,2025-01-07,Feature Request,Low,99,4,0
3471,2195,Starter,2024-10-19,2024-10-19,Technical,Medium,11,2,1
3472,2199,Pro,2023-08-27,2023-08-27,Billing,Critical,8,4,0
3473,2199,Pro,2023-09-04,2023-09-05,Onboarding,Medium,44,4,0
3474,2199,Pro,2023-08-25,2023-08-26,Technical,Medium,42,3,0
3475,2199,Pro,2023-09-30,2023-09-30,Performance,Medium,23,4,0
3476,2199,Business,2024-03-20,2024-03-22,Performance,Low,60,5,0
3477,2199,Business,2024-05-05,2024-05-06,Billing,Low,39,5,0
3478,2199,Business,2024-04-17,2024-04-21,Onboarding,Low,98,3,0
3479,2199,Enterprise,2025-01-03,2025-01-03,Technical,Medium,9,5,0
3480,2199,Enterprise,2024-12-28,2024-12-28,Onboarding,High,20,5,0
3481,2199,Enterprise,2024-12-21,2024-12-21,Onboarding,Medium,23,2,0
3482,2199,Enterprise,2024-12-25,2024-12-25,Account,Medium,19,4,0
3483,2202,Enterprise,2023-07-09,2023-07-13,Integration,Low,109,4,0
3484,2202,Enterprise,2023-06-18,2023-06-18,Feature Request,High,22,1,0
3485,2202,Business,2023-07-17,2023-07-18,Feature Request,Medium,26,4,0
3486,2202,Business,2023-07-31,2023-07-31,Integration,High,14,2,0
3487,2202,Business,2023-08-18,2023-08-20,Technical,Low,56,4,0
3488,2202,Business,2023-09-04,2023-09-07,Technical,Low,80,4,0
3489,2202,Enterprise,2024-12-19,2024-12-19,Performance,Medium,8,5,0
3490,2202,Enterprise,2025-01-08,2025-01-08,Billing,Medium,19,5,0
3491,2202,Enterprise,2025-01-03,2025-01-03,Onboarding,Medium,10,5,0
3492,2202,Enterprise,2024-12-27,2024-12-27,Billing,High,18,3,0
3493,2202,Enterprise,2024-12-13,2024-12-13,Integration,Critical,2,3,0
3494,2206,Business,2023-12-29,2023-12-29,Billing,Medium,11,4,0
3495,2208,Pro,2023-09-14,2023-09-14,Billing,Medium,8,1,1
3496,2208,Pro,2023-10-09,2023-10-09,Performance,High,20,4,1
3497,2208,Pro,2023-10-04,2023-10-05,Billing,Low,27,5,1
3498,2208,Pro,2023-09-15,2023-09-15,Integration,Critical,3,3,1
3499,2208,Pro,2023-10-05,2023-10-05,Technical,Medium,16,3,1
3500,2209,Enterprise,2024-10-16,2024-10-17,Billing,Medium,37,4,0
3501,2209,Enterprise,2024-11-04,2024-11-05,Technical,Medium,30,1,0
3502,2209,Enterprise,2024-11-11,2024-11-11,Onboarding,High,7,4,0
3503,2209,Enterprise,2024-10-26,2024-10-26,Account,High,20,5,0
3504,2209,Enterprise,2024-11-07,2024-11-08,Onboarding,Medium,24,4,0
3505,2209,Enterprise,2024-10-18,2024-10-18,Performance,High,14,5,0
3506,2209,Enterprise,2024-12-09,2024-12-09,Feature Request,Critical,5,4,0
3507,2209,Enterprise,2024-12-09,2024-12-10,Account,Low,38,5,0
3508,2209,Enterprise,2024-11-29,2024-12-02,Technical,Low,89,4,0
3509,2209,Enterprise,2024-11-28,2024-11-28,Performance,Critical,5,3,0
3510,2209,Enterprise,2024-12-09,2024-12-10,Onboarding,Medium,40,4,0
3511,2209,Business,2025-01-10,2025-01-10,Performance,High,10,4,0
3512,2209,Business,2024-12-31,2025-01-02,Integration,Low,50,5,0
3513,2210,Pro,2024-06-07,2024-06-10,Feature Request,Low,76,2,1
3514,2210,Pro,2024-05-23,2024-05-23,Technical,Critical,7,3,1
3515,2210,Pro,2024-06-03,2024-06-03,Integration,Critical,6,2,1
3516,2210,Pro,2024-07-10,2024-07-10,Billing,High,22,1,1
3517,2224,Pro,2024-12-30,2024-12-30,Billing,High,13,3,0
3518,2224,Pro,2024-12-22,2024-12-24,Billing,Low,56,4,0
3519,2227,Enterprise,2024-11-09,2024-11-09,Onboarding,Medium,12,3,1
3520,2227,Enterprise,2024-10-25,2024-10-29,Integration,Low,118,2,1
3521,2227,Enterprise,2024-11-01,2024-11-02,Technical,High,24,1,1
3522,2227,Enterprise,2024-10-22,2024-10-23,Billing,Medium,24,1,1
3523,2227,Enterprise,2024-11-13,2024-11-14,Onboarding,Low,25,1,1
3524,2227,Enterprise,2024-11-09,2024-11-13,Account,Low,114,1,1
3525,2227,Enterprise,2024-10-23,2024-10-23,Onboarding,Medium,13,2,1
3526,2227,Enterprise,2024-11-26,2024-11-29,Performance,Low,87,2,1
3527,2227,Enterprise,2024-12-01,2024-12-02,Onboarding,Medium,43,3,1
3528,2227,Enterprise,2024-12-04,2024-12-04,Onboarding,Critical,3,2,1
3529,2227,Enterprise,2024-11-29,2024-11-29,Feature Request,High,23,3,1
3530,2228,Pro,2023-10-12,2023-10-14,Integration,Medium,48,4,0
3531,2228,Business,2024-02-14,2024-02-15,Feature Request,Medium,39,4,1
3532,2228,Business,2024-01-24,2024-01-24,Billing,Medium,16,2,1
3533,2228,Business,2024-02-04,2024-02-04,Performance,High,4,3,1
3534,2228,Business,2024-01-26,2024-01-28,Account,Low,66,3,1
3535,2228,Business,2024-03-02,2024-03-02,Technical,High,23,3,1
3536,2228,Business,2024-03-03,2024-03-03,Technical,Medium,10,1,1
3537,2229,Enterprise,2025-01-04,2025-01-07,Feature Request,Low,88,5,0
3538,2229,Enterprise,2024-12-24,2024-12-25,Feature Request,Medium,41,4,0
3539,2229,Enterprise,2025-01-06,2025-01-07,Billing,Medium,25,4,0
3540,2229,Enterprise,2025-01-02,2025-01-02,Billing,Medium,15,3,0
3541,2229,Enterprise,2024-12-20,2024-12-20,Technical,High,18,4,0
3542,2233,Business,2024-12-22,2024-12-24,Feature Request,Low,66,4,0
3543,2233,Business,2025-01-12,2025-01-14,Integration,Medium,48,5,0
3544,2244,Starter,2023-12-11,2023-12-11,Technical,Medium,22,5,1
3545,2247,Pro,2024-09-12,2024-09-12,Account,Critical,1,2,1
3546,2247,Pro,2024-09-15,2024-09-17,Account,Low,62,3,1
3547,2252,Business,2023-06-23,2023-06-24,Billing,Medium,36,4,0
3548,2252,Business,2023-07-07,2023-07-09,Integration,Low,71,4,0
3549,2252,Business,2023-07-07,2023-07-08,Technical,Low,42,3,0
3550,2252,Pro,2023-12-13,2023-12-14,Billing,Medium,27,5,0
3551,2252,Business,2024-08-15,2024-08-16,Billing,Medium,33,1,0
3552,2252,Business,2024-08-23,2024-08-24,Account,Medium,30,4,0
3553,2252,Pro,2025-01-16,2025-01-20,Billing,Low,107,5,0
3554,2252,Pro,2025-01-08,2025-01-09,Account,Medium,43,3,0
3555,2252,Pro,2024-12-24,2024-12-27,Technical,Low,90,3,0
3556,2252,Pro,2025-01-16,2025-01-17,Technical,Low,47,3,0
3557,2259,Business,2025-01-16,2025-01-19,Account,Low,95,1,0
3558,2262,Starter,2023-11-07,2023-11-11,Account,Low,113,4,0
3559,2262,Starter,2023-11-03,2023-11-07,Feature Request,Low,110,4,0
3560,2262,Starter,2023-11-27,2023-11-29,Integration,Low,51,5,0
3561,2262,Starter,2023-11-28,2023-11-28,Technical,Medium,8,2,0
3562,2262,Business,2025-01-01,2025-01-02,Account,Medium,32,2,0
3563,2262,Business,2024-12-24,2024-12-25,Technical,Medium,32,5,0
3564,2265,Business,2024-07-27,2024-07-29,Integration,Low,63,1,1
3565,2265,Business,2024-09-07,2024-09-10,Feature Request,Low,91,2,1
3566,2265,Business,2024-09-13,2024-09-13,Technical,High,13,3,1
3567,2265,Business,2024-09-04,2024-09-05,Integration,Low,35,2,1
3568,2265,Business,2024-09-14,2024-09-14,Onboarding,Medium,15,1,1
3569,2265,Business,2024-08-29,2024-08-30,Technical,Medium,31,3,1
3570,2273,Business,2023-12-11,2023-12-13,Billing,Low,48,2,1
3571,2273,Business,2023-12-14,2023-12-16,Feature Request,Low,60,3,1
3572,2273,Business,2023-12-02,2023-12-03,Integration,Medium,26,2,1
3573,2273,Business,2023-12-02,2023-12-04,Account,Low,51,3,1
3574,2277,Starter,2023-06-26,2023-06-27,Feature Request,Medium,33,4,0
3575,2277,Starter,2024-02-28,2024-03-02,Technical,Low,82,5,0
3576,2277,Starter,2024-03-21,2024-03-25,Integration,Low,102,3,0
3577,2277,Starter,2024-04-02,2024-04-02,Billing,Medium,21,2,0
3578,2277,Starter,2024-05-18,2024-05-18,Billing,Medium,8,3,0
3579,2277,Starter,2024-05-19,2024-05-19,Technical,High,18,3,0
3580,2277,Starter,2024-06-21,2024-06-21,Onboarding,Medium,16,5,0
3581,2277,Starter,2024-06-15,2024-06-18,Performance,Low,73,2,0
3582,2277,Starter,2024-07-07,2024-07-09,Onboarding,Low,53,4,0
3583,2277,Starter,2024-09-15,2024-09-15,Performance,High,9,3,0
3584,2277,Starter,2024-12-01,2024-12-02,Feature Request,Medium,30,3,0
3585,2277,Starter,2025-01-18,2025-01-18,Performance,Critical,4,5,0
3586,2282,Business,2023-11-14,2023-11-16,Technical,Low,53,2,1
3587,2282,Business,2023-11-08,2023-11-10,Billing,Medium,48,2,1
3588,2282,Business,2023-11-13,2023-11-13,Technical,Critical,7,2,1
3589,2282,Business,2023-11-15,2023-11-15,Integration,High,11,2,1
3590,2282,Business,2023-11-01,2023-11-04,Billing,Low,85,3,1
3591,2282,Business,2023-11-12,2023-11-12,Feature Request,High,21,2,1
3592,2282,Business,2023-11-10,2023-11-10,Onboarding,Medium,19,2,1
3593,2282,Business,2023-11-10,2023-11-10,Technical,High,18,2,1
3594,2282,Business,2023-12-17,2023-12-17,Integration,Critical,2,2,1
3595,2282,Business,2023-11-28,2023-11-30,Feature Request,Low,69,3,1
3596,2282,Business,2023-12-20,2023-12-20,Account,Medium,22,1,1
3597,2282,Business,2023-12-01,2023-12-05,Integration,Low,110,2,1
3598,2282,Business,2023-12-14,2023-12-15,Performance,Low,44,5,1
3599,2282,Business,2023-12-01,2023-12-04,Feature Request,Low,89,4,1
3600,2282,Business,2023-11-27,2023-11-27,Onboarding,Medium,19,2,1
3601,2282,Business,2023-12-02,2023-12-06,Technical,Low,117,3,1
3602,2282,Business,2023-11-26,2023-11-30,Integration,Low,99,1,1
3603,2282,Business,2023-12-01,2023-12-02,Integration,Medium,30,2,1
3604,2286,Enterprise,2023-11-02,2023-11-02,Onboarding,High,3,4,0
3605,2286,Enterprise,2023-11-22,2023-11-26,Account,Low,102,3,0
3606,2286,Enterprise,2023-11-11,2023-11-12,Onboarding,Medium,41,5,0
3607,2286,Enterprise,2023-11-18,2023-11-19,Onboarding,Low,37,5,0
3608,2286,Enterprise,2023-11-05,2023-11-06,Performance,Low,28,5,0
3609,2286,Enterprise,2023-11-03,2023-11-04,Performance,Medium,25,3,0
3610,2286,Enterprise,2023-12-15,2023-12-15,Integration,Medium,13,4,0
3611,2286,Enterprise,2023-12-10,2023-12-13,Technical,Low,86,4,0
3612,2286,Enterprise,2023-11-30,2023-11-30,Feature Request,High,8,4,0
3613,2286,Business,2025-01-01,2025-01-01,Billing,High,10,3,0
3614,2286,Business,2025-01-10,2025-01-10,Performance,High,4,3,0
3615,2286,Business,2025-01-12,2025-01-14,Integration,Medium,48,2,0
3616,2288,Business,2024-12-29,2024-12-29,Onboarding,Critical,3,5,0
3617,2288,Business,2025-01-21,2025-01-23,Technical,Low,69,5,0
3618,2291,Business,2025-01-13,2025-01-13,Performance,High,3,5,0
3619,2291,Business,2025-01-06,2025-01-08,Account,Low,56,5,0
3620,2293,Business,2024-12-31,2025-01-03,Onboarding,Low,81,4,0
3621,2293,Business,2025-01-23,2025-01-25,Billing,Low,64,4,0
3622,2293,Business,2025-01-09,2025-01-10,Integration,Medium,45,4,0
3623,2293,Business,2025-01-24,2025-01-25,Onboarding,Low,39,4,0
3624,2297,Starter,2023-08-06,2023-08-07,Technical,Medium,41,3,1
3625,2297,Starter,2023-08-04,2023-08-04,Onboarding,Medium,8,2,1
3626,2297,Starter,2023-08-29,2023-08-29,Integration,High,18,2,1
3627,2303,Starter,2023-07-29,2023-07-30,Billing,Medium,39,4,1
3628,2303,Starter,2023-08-04,2023-08-09,Billing,Low,120,4,1
3629,2303,Starter,2023-09-14,2023-09-15,Technical,Medium,45,1,1
3630,2303,Starter,2023-09-02,2023-09-03,Technical,Medium,29,4,1
3631,2303,Starter,2023-09-14,2023-09-15,Performance,Medium,26,1,1
3632,2309,Pro,2023-12-22,2023-12-22,Billing,Critical,1,2,1
3633,2313,Pro,2024-01-04,2024-01-05,Onboarding,Medium,30,3,1
3634,2313,Pro,2024-01-26,2024-01-29,Feature Request,Low,74,3,1
3635,2313,Pro,2024-02-15,2024-02-16,Billing,Medium,46,3,1
3636,2313,Pro,2024-02-08,2024-02-08,Account,High,3,5,1
3637,2314,Pro,2023-10-18,2023-10-20,Billing,Low,69,1,1
3638,2314,Pro,2023-10-08,2023-10-08,Feature Request,High,4,4,1
3639,2314,Pro,2023-09-29,2023-09-30,Integration,Medium,26,1,1
3640,2314,Pro,2023-10-15,2023-10-16,Performance,Medium,42,1,1
3641,2315,Pro,2024-07-14,2024-07-14,Onboarding,Medium,20,2,1
3642,2317,Starter,2024-03-13,2024-03-13,Feature Request,High,13,3,1
3643,2317,Starter,2024-03-25,2024-03-25,Onboarding,Medium,18,3,1
3644,2317,Starter,2024-03-26,2024-03-27,Account,Low,28,3,1
3645,2321,Starter,2024-03-08,2024-03-10,Account,Medium,48,3,0
3646,2321,Starter,2024-03-12,2024-03-12,Technical,Critical,5,2,0
3647,2321,Pro,2024-05-07,2024-05-09,Technical,Low,64,2,1
3648,2321,Pro,2024-05-29,2024-05-29,Technical,High,8,1,1
3649,2321,Pro,2024-06-01,2024-06-02,Account,Low,34,3,1
3650,2323,Business,2023-12-29,2024-01-01,Billing,Low,84,2,0
3651,2323,Business,2024-01-21,2024-01-22,Onboarding,Medium,26,5,0
3652,2323,Business,2024-01-21,2024-01-21,Performance,High,18,3,0
3653,2323,Enterprise,2024-12-02,2024-12-02,Onboarding,High,13,5,0
3654,2323,Enterprise,2024-12-08,2024-12-08,Billing,Critical,5,4,0
3655,2323,Enterprise,2024-12-23,2024-12-23,Integration,High,23,5,0
3656,2323,Enterprise,2024-12-03,2024-12-04,Onboarding,Medium,45,4,0
3657,2327,Business,2023-07-21,2023-07-24,Performance,Low,76,2,1
3658,2327,Business,2023-07-08,2023-07-12,Technical,Low,98,5,1
3659,2327,Business,2023-07-02,2023-07-03,Feature Request,Medium,47,3,1
3660,2327,Business,2023-08-07,2023-08-07,Account,High,16,4,1
3661,2327,Business,2023-08-22,2023-08-22,Billing,Medium,10,3,1
3662,2327,Business,2023-08-03,2023-08-04,Onboarding,Medium,29,3,1
3663,2327,Business,2023-08-28,2023-08-29,Billing,Medium,41,1,1
3664,2328,Pro,2023-10-20,2023-10-20,Account,High,18,2,1
3665,2328,Pro,2023-10-25,2023-10-25,Onboarding,Medium,13,4,1
3666,2328,Pro,2023-10-12,2023-10-13,Billing,Medium,38,3,1
3667,2328,Pro,2023-10-20,2023-10-20,Account,High,21,4,1
3668,2328,Pro,2023-11-12,2023-11-15,Billing,Low,73,1,1
3669,2328,Pro,2023-10-31,2023-11-02,Billing,Low,63,3,1
3670,2332,Enterprise,2023-10-28,2023-10-31,Account,Low,81,2,0
3671,2332,Enterprise,2023-10-23,2023-10-23,Feature Request,Critical,2,1,0
3672,2332,Enterprise,2023-10-23,2023-10-23,Technical,Medium,23,4,0
3673,2332,Enterprise,2023-10-20,2023-10-20,Billing,High,21,4,0
3674,2332,Enterprise,2023-10-13,2023-10-13,Feature Request,High,16,4,0
3675,2332,Enterprise,2023-11-27,2023-11-28,Account,Low,42,3,1
3676,2332,Enterprise,2023-11-01,2023-11-06,Onboarding,Low,120,3,1
3677,2332,Enterprise,2023-11-13,2023-11-14,Performance,Medium,38,1,1
3678,2332,Enterprise,2023-11-06,2023-11-06,Feature Request,High,12,3,1
3679,2332,Enterprise,2023-11-27,2023-11-29,Integration,Low,62,2,1
3680,2332,Enterprise,2023-11-08,2023-11-08,Onboarding,High,22,2,1
3681,2332,Enterprise,2023-11-08,2023-11-08,Performance,Critical,6,2,1
3682,2332,Enterprise,2023-11-16,2023-11-18,Account,Low,70,2,1
3683,2332,Enterprise,2023-11-11,2023-11-12,Technical,Low,34,1,1
3684,2332,Business,2023-11-16,2023-11-19,Integration,Low,81,1,1
3685,2332,Business,2023-11-19,2023-11-21,Technical,Low,64,1,1
3686,2332,Business,2023-11-04,2023-11-04,Billing,High,17,5,1
3687,2332,Business,2023-11-19,2023-11-19,Billing,Medium,23,2,1
3688,2350,Starter,2024-03-06,2024-03-07,Feature Request,Low,41,2,1
3689,2350,Starter,2024-03-22,2024-03-23,Performance,Medium,39,3,1
3690,2350,Starter,2024-04-30,2024-05-02,Integration,Low,59,1,1
3691,2355,Enterprise,2023-12-21,2023-12-21,Billing,High,3,3,0
3692,2355,Enterprise,2023-12-26,2023-12-27,Billing,Low,39,5,0
3693,2355,Enterprise,2023-12-10,2023-12-11,Account,High,24,3,0
3694,2355,Enterprise,2024-01-15,2024-01-17,Integration,Low,62,3,0
3695,2355,Enterprise,2024-01-26,2024-01-27,Onboarding,Medium,33,4,0
3696,2355,Enterprise,2024-01-18,2024-01-22,Onboarding,Low,109,5,0
3697,2355,Enterprise,2024-01-26,2024-01-27,Performance,Low,38,2,0
3698,2355,Enterprise,2024-01-24,2024-01-24,Onboarding,Medium,22,4,0
3699,2355,Enterprise,2024-01-14,2024-01-17,Integration,Low,79,1,0
3700,2355,Business,2024-02-14,2024-02-15,Onboarding,Medium,44,4,0
3701,2355,Business,2024-02-06,2024-02-06,Performance,High,19,4,0
3702,2355,Business,2024-02-07,2024-02-07,Feature Request,High,7,2,0
3703,2355,Business,2024-02-07,2024-02-11,Performance,Low,112,2,0
3704,2355,Enterprise,2024-12-13,2024-12-14,Technical,Low,43,3,0
3705,2355,Enterprise,2024-12-22,2024-12-22,Account,Critical,1,3,0
3706,2358,Starter,2023-08-24,2023-08-24,Account,Medium,12,1,1
3707,2358,Starter,2023-09-27,2023-09-27,Onboarding,Medium,14,1,1
3708,2359,Pro,2024-12-11,2024-12-12,Performance,Medium,28,4,0
3709,2363,Starter,2023-07-29,2023-07-30,Integration,Medium,44,1,1
3710,2363,Starter,2023-07-28,2023-07-28,Performance,High,3,1,1
3711,2363,Starter,2023-08-13,2023-08-13,Technical,Medium,14,2,1
3712,2366,Pro,2023-12-08,2023-12-09,Feature Request,Medium,38,3,1
3713,2366,Pro,2023-12-10,2023-12-13,Onboarding,Low,82,1,1
3714,2366,Pro,2024-01-11,2024-01-14,Onboarding,Low,84,1,1
3715,2366,Pro,2024-01-15,2024-01-17,Integration,Low,67,1,1
3716,2366,Pro,2024-02-02,2024-02-02,Onboarding,High,14,3,1
3717,2369,Enterprise,2023-10-24,2023-10-26,Integration,Low,63,4,1
3718,2369,Enterprise,2023-11-01,2023-11-01,Onboarding,Critical,2,3,1
3719,2369,Enterprise,2023-11-04,2023-11-04,Feature Request,Critical,3,2,1
3720,2369,Enterprise,2023-10-08,2023-10-08,Billing,Medium,21,1,1
3721,2369,Enterprise,2023-10-11,2023-10-12,Feature Request,Medium,24,2,1
3722,2369,Enterprise,2023-11-30,2023-12-02,Onboarding,Low,70,3,1
3723,2369,Enterprise,2023-11-14,2023-11-14,Performance,High,8,1,1
3724,2369,Enterprise,2023-11-24,2023-11-28,Integration,Low,109,2,1
3725,2369,Enterprise,2023-11-14,2023-11-15,Onboarding,Medium,43,3,1
3726,2369,Enterprise,2023-11-14,2023-11-15,Performance,Low,35,2,1
3727,2369,Enterprise,2023-11-08,2023-11-08,Onboarding,High,15,3,1
3728,2369,Enterprise,2023-11-19,2023-11-19,Account,Medium,16,2,1
3729,2369,Enterprise,2023-11-06,2023-11-09,Technical,Low,89,5,1
3730,2369,Enterprise,2023-11-26,2023-11-27,Account,Medium,38,2,1
3731,2369,Enterprise,2023-11-09,2023-11-10,Integration,Medium,26,1,1
3732,2373,Pro,2023-09-15,2023-09-16,Technical,Low,39,1,1
3733,2373,Pro,2023-09-30,2023-09-30,Onboarding,High,7,2,1
3734,2377,Starter,2024-01-30,2024-01-31,Integration,Medium,44,1,1
3735,2377,Starter,2024-02-17,2024-02-20,Performance,Low,90,2,1
3736,2377,Starter,2024-03-05,2024-03-06,Account,Low,30,1,1
3737,2377,Starter,2024-02-06,2024-02-06,Performance,High,21,5,1
3738,2383,Starter,2023-08-16,2023-08-17,Feature Request,Medium,36,3,1
3739,2383,Starter,2023-09-08,2023-09-09,Billing,Medium,39,2,1
3740,2383,Starter,2023-09-12,2023-09-12,Account,Medium,21,3,1
3741,2383,Starter,2023-10-04,2023-10-06,Performance,Low,71,1,1
3742,2383,Starter,2023-09-21,2023-09-21,Account,Medium,21,2,1
3743,2383,Starter,2023-09-29,2023-09-29,Integration,Medium,10,1,1
3744,2388,Starter,2023-07-25,2023-07-25,Account,Medium,21,2,1
3745,2388,Starter,2023-07-24,2023-07-25,Technical,Low,36,2,1
3746,2391,Pro,2023-09-23,2023-09-23,Feature Request,High,21,3,1
3747,2391,Pro,2023-09-29,2023-09-30,Technical,Medium,24,2,1
3748,2393,Business,2024-11-12,2024-11-13,Account,Medium,29,4,0
3749,2393,Business,2024-11-11,2024-11-12,Onboarding,Medium,26,4,0
3750,2393,Enterprise,2024-12-10,2024-12-10,Onboarding,Medium,22,2,0
3751,2393,Enterprise,2024-12-19,2024-12-21,Performance,Low,70,5,0
3752,2393,Enterprise,2025-01-01,2025-01-02,Feature Request,Medium,43,3,0
3753,2393,Enterprise,2024-12-24,2024-12-25,Integration,Low,40,3,0
3754,2401,Starter,2023-07-27,2023-07-31,Integration,Low,115,1,1
3755,2401,Starter,2023-07-20,2023-07-24,Billing,Low,116,2,1
3756,2401,Starter,2023-07-16,2023-07-17,Account,Medium,45,2,1
3757,2401,Starter,2023-08-01,2023-08-05,Onboarding,Low,109,3,1
3758,2401,Starter,2023-08-25,2023-08-25,Integration,Critical,5,4,1
3759,2402,Pro,2024-01-27,2024-01-27,Onboarding,Critical,5,5,0
3760,2402,Pro,2024-01-10,2024-01-10,Integration,Medium,11,4,0
3761,2402,Pro,2024-01-28,2024-01-31,Technical,Low,80,5,0
3762,2402,Business,2024-04-30,2024-05-04,Performance,Low,108,1,1
3763,2404,Enterprise,2023-08-09,2023-08-09,Billing,High,20,4,0
3764,2404,Enterprise,2023-08-03,2023-08-04,Integration,Medium,42,3,0
3765,2404,Enterprise,2023-07-19,2023-07-19,Performance,Medium,8,5,0
3766,2404,Enterprise,2023-08-23,2023-08-23,Account,Medium,13,3,0
3767,2404,Enterprise,2023-09-08,2023-09-08,Feature Request,High,7,2,0
3768,2404,Enterprise,2023-09-04,2023-09-04,Technical,Medium,19,5,0
3769,2404,Enterprise,2023-08-17,2023-08-17,Billing,High,9,3,0
3770,2404,Business,2023-08-30,2023-08-30,Billing,High,22,4,0
3771,2404,Business,2023-09-03,2023-09-05,Performance,Low,53,4,0
3772,2404,Business,2023-08-13,2023-08-17,Performance,Low,105,5,0
3773,2404,Business,2023-08-25,2023-08-27,Billing,Low,55,4,0
3774,2404,Business,2023-10-03,2023-10-03,Performance,High,19,4,0
3775,2404,Business,2023-09-22,2023-09-24,Performance,Low,57,2,0
3776,2410,Business,2024-08-29,2024-08-31,Onboarding,Low,60,5,0
3777,2410,Business,2024-08-18,2024-08-21,Technical,Low,72,3,0
3778,2410,Business,2024-08-14,2024-08-14,Technical,High,20,4,0
3779,2410,Business,2024-10-02,2024-10-05,Billing,Low,74,4,0
3780,2410,Business,2024-09-26,2024-09-26,Account,Medium,14,4,0
3781,2410,Enterprise,2024-12-27,2024-12-29,Technical,Low,54,4,0
3782,2410,Enterprise,2024-12-27,2024-12-27,Performance,Medium,19,5,0
3783,2413,Business,2023-08-03,2023-08-04,Performance,Medium,37,2,0
3784,2413,Business,2023-07-29,2023-07-29,Onboarding,High,16,4,0
3785,2413,Business,2023-11-19,2023-11-20,Technical,Low,45,2,0
3786,2413,Business,2023-11-27,2023-11-27,Integration,Medium,12,4,0
3787,2413,Business,2024-02-11,2024-02-15,Onboarding,Low,119,3,0
3788,2413,Business,2024-02-27,2024-03-02,Account,Low,110,4,0
3789,2413,Business,2024-02-12,2024-02-12,Technical,Critical,1,5,0
3790,2413,Business,2024-02-19,2024-02-21,Feature Request,Low,61,5,0
3791,2413,Business,2024-02-22,2024-02-22,Integration,High,17,5,0
3792,2413,Business,2024-02-10,2024-02-12,Integration,Low,55,4,0
3793,2413,Business,2024-03-24,2024-03-25,Performance,Medium,30,4,0
3794,2413,Business,2024-03-24,2024-03-25,Integration,Medium,44,3,0
3795,2413,Business,2024-04-29,2024-04-30,Account,Medium,29,5,0
3796,2413,Business,2024-05-26,2024-05-26,Onboarding,Critical,8,5,0
3797,2413,Business,2024-05-31,2024-06-01,Account,Medium,37,4,0
3798,2413,Business,2024-06-24,2024-06-24,Account,High,15,3,0
3799,2413,Business,2024-06-15,2024-06-16,Integration,Low,34,4,0
3800,2413,Business,2024-07-02,2024-07-02,Account,High,15,2,0
3801,2413,Business,2024-06-29,2024-07-03,Technical,Low,102,3,0
3802,2413,Business,2024-08-03,2024-08-03,Feature Request,Medium,18,5,0
3803,2413,Business,2024-08-21,2024-08-22,Integration,High,24,2,0
3804,2413,Business,2024-09-04,2024-09-07,Performance,Low,81,4,0
3805,2413,Business,2024-08-27,2024-08-29,Account,Low,71,1,0
3806,2413,Business,2024-09-02,2024-09-02,Billing,High,2,3,0
3807,2413,Business,2024-08-24,2024-08-25,Feature Request,Low,30,5,0
3808,2413,Business,2024-09-17,2024-09-21,Performance,Low,118,3,0
3809,2413,Business,2024-11-13,2024-11-13,Technical,High,10,5,0
3810,2413,Business,2025-01-03,2025-01-04,Feature Request,Low,31,3,0
3811,2417,Pro,2024-11-07,2024-11-11,Integration,Low,110,4,0
3812,2417,Pro,2024-10-21,2024-10-24,Technical,Low,93,2,0
3813,2417,Pro,2024-12-06,2024-12-06,Technical,Critical,1,3,0
3814,2425,Pro,2024-03-30,2024-03-31,Billing,Low,39,2,0
3815,2425,Pro,2024-04-10,2024-04-10,Performance,High,10,5,0
3816,2425,Pro,2024-04-17,2024-04-17,Integration,Medium,23,4,0
3817,2425,Pro,2024-05-04,2024-05-05,Performance,Medium,42,5,0
3818,2425,Business,2024-12-18,2024-12-19,Technical,Medium,36,2,0
3819,2425,Business,2024-12-26,2024-12-26,Feature Request,Medium,19,3,0
3820,2429,Enterprise,2024-12-29,2024-12-29,Performance,Medium,18,5,0
3821,2429,Enterprise,2025-01-01,2025-01-02,Feature Request,Medium,33,3,0
3822,2429,Enterprise,2025-01-10,2025-01-14,Performance,Low,115,2,0
3823,2429,Enterprise,2025-01-05,2025-01-05,Feature Request,Medium,12,5,0
3824,2429,Enterprise,2025-01-01,2025-01-02,Integration,Low,43,5,0
3825,2429,Enterprise,2024-12-26,2024-12-27,Technical,Low,33,5,0
3826,2437,Pro,2024-01-02,2024-01-03,Performance,Medium,41,4,0
3827,2437,Pro,2024-01-02,2024-01-03,Feature Request,Low,42,4,0
3828,2437,Pro,2024-01-23,2024-01-23,Onboarding,Medium,18,2,0
3829,2437,Pro,2024-02-07,2024-02-08,Onboarding,Low,39,5,0
3830,2437,Pro,2024-01-31,2024-02-03,Technical,Low,79,2,0
3831,2437,Starter,2024-07-28,2024-07-31,Performance,Low,75,1,0
3832,2437,Starter,2024-07-31,2024-08-02,Technical,Low,49,4,0
3833,2437,Starter,2024-07-26,2024-07-29,Performance,Low,78,4,0
3834,2437,Starter,2024-09-26,2024-09-26,Feature Request,High,18,4,0
3835,2437,Starter,2024-09-20,2024-09-20,Onboarding,High,18,5,0
3836,2437,Starter,2024-10-11,2024-10-11,Technical,Medium,12,5,0
3837,2437,Starter,2024-11-29,2024-12-01,Onboarding,Low,57,5,0
3838,2437,Starter,2024-11-16,2024-11-16,Feature Request,Medium,8,3,0
3839,2441,Enterprise,2024-12-30,2024-12-30,Integration,Medium,15,4,0
3840,2441,Enterprise,2024-12-24,2024-12-25,Performance,Medium,35,4,0
3841,2441,Enterprise,2025-01-06,2025-01-06,Performance,Medium,23,2,0
3842,2441,Enterprise,2024-12-31,2025-01-01,Account,Medium,42,4,0
3843,2445,Pro,2024-08-12,2024-08-16,Technical,Low,104,5,0
3844,2445,Pro,2024-07-27,2024-07-28,Account,Medium,29,4,0
3845,2445,Business,2025-01-12,2025-01-12,Onboarding,Medium,15,4,0
3846,2445,Business,2024-12-24,2024-12-25,Performance,Medium,35,4,0
3847,2445,Business,2025-01-13,2025-01-13,Billing,High,13,4,0
3848,2455,Enterprise,2024-05-12,2024-05-13,Integration,Low,41,3,0
3849,2455,Enterprise,2024-05-14,2024-05-15,Integration,Medium,33,5,0
3850,2455,Enterprise,2024-04-27,2024-05-01,Performance,Low,119,5,0
3851,2455,Enterprise,2024-04-20,2024-04-20,Feature Request,Medium,13,5,0
3852,2455,Business,2025-01-11,2025-01-13,Account,Medium,48,3,0
3853,2455,Business,2024-12-25,2024-12-29,Account,Low,116,5,0
3854,2462,Enterprise,2024-12-29,2024-12-29,Integration,High,8,1,0
3855,2462,Enterprise,2024-12-19,2024-12-19,Performance,Medium,13,4,0
3856,2468,Starter,2024-05-26,2024-05-26,Feature Request,High,15,5,0
3857,2468,Starter,2024-06-20,2024-06-20,Technical,High,11,3,0
3858,2468,Starter,2024-07-07,2024-07-07,Billing,Critical,2,5,0
3859,2475,Starter,2023-12-24,2023-12-26,Performance,Low,69,4,1
3860,2475,Starter,2024-01-20,2024-01-23,Performance,Low,84,3,1
3861,2475,Starter,2024-01-31,2024-02-01,Feature Request,Low,44,2,1
3862,2478,Starter,2023-10-07,2023-10-08,Feature Request,Low,41,2,1
3863,2478,Starter,2023-10-16,2023-10-17,Performance,Medium,27,2,1
3864,2478,Starter,2023-10-13,2023-10-13,Integration,Critical,5,3,1
3865,2480,Enterprise,2023-12-12,2023-12-12,Account,High,16,4,0
3866,2480,Enterprise,2023-12-02,2023-12-02,Integration,Medium,11,3,0
3867,2480,Enterprise,2023-11-20,2023-11-21,Integration,Low,39,4,0
3868,2480,Enterprise,2023-12-02,2023-12-06,Account,Low,115,2,0
3869,2480,Business,2024-05-05,2024-05-06,Onboarding,Low,29,1,0
3870,2480,Business,2024-05-05,2024-05-08,Onboarding,Low,90,3,0
3871,2480,Business,2024-04-24,2024-04-24,Technical,Critical,7,5,0
3872,2480,Business,2024-05-13,2024-05-16,Performance,Low,86,4,0
3873,2480,Enterprise,2025-01-17,2025-01-19,Integration,Low,59,4,0
3874,2480,Enterprise,2025-01-02,2025-01-03,Account,Medium,31,2,0
3875,2480,Enterprise,2024-12-20,2024-12-21,Integration,Medium,33,3,0
3876,2484,Enterprise,2024-12-24,2024-12-24,Billing,High,16,3,0
3877,2484,Enterprise,2024-12-22,2024-12-23,Integration,Low,35,3,0
3878,2488,Starter,2024-02-27,2024-02-27,Performance,Critical,3,2,1
3879,2488,Starter,2024-02-22,2024-02-23,Billing,Medium,26,4,1
3880,2488,Starter,2024-03-17,2024-03-21,Integration,Low,113,3,1
3881,2494,Enterprise,2023-09-16,2023-09-17,Performance,Low,41,2,0
3882,2494,Enterprise,2023-08-23,2023-08-24,Billing,Low,29,2,0
3883,2494,Enterprise,2023-10-19,2023-10-20,Onboarding,Medium,32,4,0
3884,2494,Business,2023-10-24,2023-10-24,Technical,Medium,18,4,0
3885,2494,Business,2023-12-13,2023-12-17,Feature Request,Low,116,1,0
3886,2494,Enterprise,2025-01-02,2025-01-03,Billing,Medium,41,5,0
3887,2494,Enterprise,2025-01-10,2025-01-10,Onboarding,High,10,3,0
3888,2502,Starter,2023-09-20,2023-09-20,Technical,Medium,9,4,1
3889,2502,Starter,2023-09-25,2023-09-29,Account,Low,103,3,1
3890,2507,Pro,2023-08-18,2023-08-18,Billing,Medium,13,2,1
3891,2507,Pro,2023-09-03,2023-09-03,Account,High,4,2,1
3892,2507,Pro,2023-09-09,2023-09-09,Performance,High,9,3,1
3893,2507,Pro,2023-09-01,2023-09-01,Integration,High,13,2,1
3894,2509,Enterprise,2024-01-27,2024-01-27,Integration,High,7,4,0
3895,2509,Enterprise,2024-02-06,2024-02-06,Technical,Medium,12,4,0
3896,2509,Enterprise,2024-03-11,2024-03-12,Onboarding,Medium,37,4,0
3897,2509,Enterprise,2024-02-27,2024-02-27,Performance,Medium,10,2,0
3898,2509,Business,2024-04-15,2024-04-16,Integration,Medium,28,1,1
3899,2509,Business,2024-03-28,2024-03-28,Billing,Critical,5,2,1
3900,2509,Business,2024-04-12,2024-04-12,Technical,High,3,5,1
3901,2509,Business,2024-04-07,2024-04-10,Onboarding,Low,76,1,1
3902,2509,Business,2024-03-25,2024-03-25,Feature Request,Medium,22,3,1
3903,2509,Business,2024-03-31,2024-04-01,Performance,Low,42,2,1
3904,2509,Business,2024-05-12,2024-05-12,Onboarding,High,15,1,1
3905,2509,Business,2024-05-11,2024-05-15,Performance,Low,110,1,1
3906,2509,Business,2024-05-18,2024-05-19,Billing,Medium,46,2,1
3907,2509,Business,2024-05-09,2024-05-10,Onboarding,Low,34,2,1
3908,2512,Pro,2023-11-09,2023-11-09,Account,Medium,16,2,1
3909,2512,Pro,2023-11-11,2023-11-13,Technical,Low,57,3,1
3910,2512,Pro,2023-10-27,2023-10-30,Account,Low,80,3,1
3911,2512,Pro,2023-11-13,2023-11-13,Performance,High,20,3,1
3912,2512,Pro,2023-12-17,2023-12-18,Integration,Medium,25,4,1
3913,2512,Pro,2023-12-20,2023-12-20,Feature Request,Medium,22,1,1
3914,2512,Pro,2023-12-03,2023-12-03,Integration,High,8,2,1
3915,2522,Pro,2024-10-03,2024-10-07,Performance,Low,100,4,1
3916,2526,Starter,2024-04-22,2024-04-26,Integration,Low,116,2,1
3917,2526,Starter,2024-03-30,2024-03-31,Technical,Medium,29,3,1
3918,2526,Starter,2024-04-27,2024-04-28,Integration,Medium,31,2,1
3919,2526,Starter,2024-05-13,2024-05-13,Integration,Medium,13,3,1
3920,2526,Starter,2024-04-28,2024-05-02,Technical,Low,117,1,1
3921,2528,Pro,2023-10-23,2023-10-24,Performance,Medium,28,2,1
3922,2534,Starter,2023-10-01,2023-10-02,Feature Request,Medium,43,2,1
3923,2536,Pro,2023-07-29,2023-08-02,Integration,Low,105,3,1
3924,2536,Pro,2023-09-18,2023-09-18,Technical,Medium,21,3,1
3925,2536,Pro,2023-09-13,2023-09-13,Onboarding,Medium,20,4,1
3926,2536,Pro,2023-09-16,2023-09-16,Billing,High,15,2,1
3927,2537,Pro,2024-07-23,2024-07-24,Integration,Medium,35,5,0
3928,2537,Pro,2024-07-17,2024-07-19,Integration,Low,52,4,0
3929,2537,Pro,2024-06-29,2024-06-29,Onboarding,Medium,12,4,0
3930,2537,Pro,2024-07-08,2024-07-12,Integration,Low,114,5,0
3931,2537,Pro,2024-07-09,2024-07-10,Integration,Medium,36,2,0
3932,2537,Business,2025-01-11,2025-01-13,Feature Request,Low,64,2,0
3933,2539,Starter,2023-11-03,2023-11-04,Technical,Low,27,2,1
3934,2539,Starter,2023-12-21,2023-12-21,Performance,Medium,16,4,1
3935,2539,Starter,2023-12-03,2023-12-04,Integration,Medium,42,2,1
3936,2540,Pro,2024-03-26,2024-03-26,Account,Medium,18,2,1
3937,2542,Starter,2023-08-25,2023-08-25,Performance,High,8,2,1
3938,2542,Starter,2023-07-28,2023-07-29,Technical,Medium,43,4,1
3939,2542,Starter,2023-08-02,2023-08-03,Billing,Medium,44,1,1
3940,2543,Pro,2025-01-16,2025-01-16,Onboarding,Critical,3,5,0
3941,2546,Pro,2023-09-19,2023-09-22,Integration,Low,90,3,0
3942,2546,Pro,2023-08-28,2023-08-28,Technical,High,14,4,0
3943,2546,Starter,2024-03-04,2024-03-07,Technical,Low,78,1,0
3944,2546,Starter,2024-04-19,2024-04-19,Onboarding,Medium,18,5,0
3945,2546,Starter,2024-08-11,2024-08-11,Billing,Medium,17,3,0
3946,2546,Starter,2024-08-08,2024-08-08,Onboarding,Critical,4,5,0
3947,2546,Starter,2024-11-17,2024-11-18,Technical,Medium,30,4,0
3948,2546,Starter,2024-12-28,2024-12-30,Performance,Low,55,5,0
3949,2546,Starter,2024-12-29,2024-12-29,Technical,High,15,5,0
3950,2546,Starter,2024-12-24,2024-12-24,Integration,High,11,4,0
3951,2548,Enterprise,2024-10-22,2024-10-22,Technical,High,6,2,0
3952,2548,Business,2025-01-06,2025-01-06,Technical,High,8,3,0
3953,2548,Business,2025-01-01,2025-01-01,Billing,High,23,4,0
3954,2548,Business,2025-01-18,2025-01-19,Billing,Medium,25,4,0
3955,2551,Pro,2023-10-18,2023-10-18,Performance,Critical,2,3,1
3956,2552,Enterprise,2025-01-16,2025-01-17,Integration,Low,30,4,0
3957,2552,Enterprise,2025-01-15,2025-01-18,Feature Request,Low,90,2,0
3958,2555,Business,2023-10-09,2023-10-09,Feature Request,Medium,22,4,0
3959,2555,Business,2023-10-09,2023-10-09,Technical,Medium,14,4,0
3960,2555,Pro,2024-11-01,2024-11-05,Integration,Low,102,2,1
3961,2555,Pro,2024-10-31,2024-11-01,Onboarding,Medium,43,2,1
3962,2555,Pro,2024-12-11,2024-12-11,Integration,Medium,21,2,1
3963,2555,Pro,2024-12-17,2024-12-17,Performance,High,7,1,1
3964,2555,Pro,2024-11-29,2024-11-29,Feature Request,High,20,2,1
3965,2555,Pro,2024-12-09,2024-12-11,Integration,Low,48,4,1
3966,2555,Pro,2024-12-25,2024-12-26,Onboarding,Medium,42,3,1
3967,2555,Pro,2024-12-17,2024-12-19,Integration,Low,50,2,1
3968,2560,Pro,2023-08-09,2023-08-09,Feature Request,Medium,16,2,1
3969,2560,Pro,2023-09-04,2023-09-04,Feature Request,High,5,2,1
3970,2560,Pro,2023-09-20,2023-09-23,Integration,Low,80,3,1
3971,2560,Pro,2023-09-02,2023-09-02,Performance,Medium,18,3,1
3972,2563,Pro,2023-08-09,2023-08-10,Account,Medium,45,1,1
3973,2563,Pro,2023-08-30,2023-09-01,Onboarding,Low,50,3,1
3974,2563,Pro,2023-09-06,2023-09-07,Onboarding,Low,37,2,1
3975,2563,Pro,2023-08-31,2023-09-02,Onboarding,Low,70,1,1
3976,2564,Business,2025-01-05,2025-01-05,Account,Medium,9,3,0
3977,2564,Business,2025-01-19,2025-01-19,Billing,Medium,18,5,0
3978,2566,Business,2024-08-24,2024-08-24,Account,High,14,4,0
3979,2566,Business,2024-09-05,2024-09-05,Integration,High,15,3,0
3980,2566,Business,2024-09-21,2024-09-22,Technical,Low,36,4,0
3981,2566,Business,2024-09-14,2024-09-15,Account,High,24,5,0
3982,2566,Pro,2024-12-13,2024-12-14,Feature Request,High,24,4,0
3983,2566,Pro,2024-12-20,2024-12-20,Feature Request,High,3,3,0
3984,2566,Pro,2024-12-25,2024-12-26,Performance,Medium,27,4,0
3985,2566,Business,2025-01-20,2025-01-20,Technical,Medium,15,4,0
3986,2567,Starter,2023-08-17,2023-08-19,Technical,Low,48,2,1
3987,2567,Starter,2023-08-16,2023-08-16,Performance,High,14,4,1
3988,2567,Starter,2023-09-09,2023-09-13,Billing,Low,100,3,1
3989,2571,Business,2024-12-27,2024-12-28,Integration,Medium,35,1,1
3990,2572,Business,2024-05-20,2024-05-24,Billing,Low,116,5,0
3991,2572,Business,2024-04-30,2024-04-30,Technical,Medium,8,2,0
3992,2572,Pro,2025-01-22,2025-01-22,Performance,Medium,8,4,0
3993,2573,Starter,2023-08-18,2023-08-19,Integration,Low,37,1,1
3994,2573,Starter,2023-08-09,2023-08-10,Onboarding,Medium,24,4,1
3995,2573,Starter,2023-09-16,2023-09-18,Onboarding,Low,56,1,1
3996,2577,Starter,2024-04-26,2024-04-28,Account,Low,53,2,1
3997,2577,Starter,2024-04-11,2024-04-15,Feature Request,Low,107,2,1
3998,2577,Starter,2024-03-31,2024-03-31,Technical,High,10,3,1
3999,2577,Starter,2024-05-21,2024-05-23,Technical,Low,59,1,1
4000,2577,Starter,2024-05-24,2024-05-24,Billing,High,14,1,1
4001,2577,Starter,2024-05-17,2024-05-17,Performance,Critical,8,3,1
4002,2579,Business,2023-11-17,2023-11-17,Integration,Medium,10,5,0
4003,2579,Enterprise,2024-12-10,2024-12-11,Account,Low,26,4,0
4004,2579,Enterprise,2024-12-06,2024-12-07,Performance,Medium,46,4,0
4005,2587,Enterprise,2024-12-16,2024-12-16,Technical,Medium,8,5,0
4006,2587,Enterprise,2024-12-14,2024-12-15,Account,Low,38,5,0
4007,2597,Pro,2024-05-06,2024-05-07,Performance,Medium,37,3,1
4008,2597,Pro,2024-05-23,2024-05-24,Technical,Low,44,3,1
4009,2597,Pro,2024-05-24,2024-05-24,Integration,Critical,4,2,1
4010,2597,Pro,2024-06-16,2024-06-18,Onboarding,Low,49,3,1
4011,2597,Pro,2024-06-26,2024-06-26,Technical,High,14,3,1
4012,2598,Business,2024-12-30,2025-01-03,Technical,Low,96,2,0
4013,2598,Business,2024-12-28,2024-12-29,Billing,Low,29,5,0
4014,2598,Business,2024-12-12,2024-12-13,Feature Request,Medium,43,5,0
4015,2598,Business,2024-12-03,2024-12-03,Billing,High,16,4,0
4016,2598,Business,2024-12-08,2024-12-11,Integration,Low,73,2,0
4017,2603,Pro,2024-12-13,2024-12-13,Integration,Critical,6,5,0
4018,2605,Enterprise,2024-12-30,2024-12-31,Onboarding,Low,26,2,0
4019,2605,Enterprise,2024-12-21,2024-12-21,Onboarding,High,2,3,0
4020,2605,Enterprise,2024-12-29,2025-01-01,Technical,Low,87,3,0
4021,2605,Enterprise,2024-12-16,2024-12-16,Integration,Medium,20,4,0
4022,2606,Business,2023-09-25,2023-09-26,Account,Medium,32,5,0
4023,2606,Business,2023-09-28,2023-09-29,Performance,High,24,3,0
4024,2606,Enterprise,2024-12-11,2024-12-15,Billing,Low,112,4,0
4025,2607,Pro,2024-12-28,2024-12-31,Integration,Low,89,5,0
4026,2610,Business,2024-12-17,2024-12-20,Feature Request,Low,76,5,0
4027,2610,Business,2024-12-25,2024-12-26,Account,Medium,24,5,0
4028,2613,Enterprise,2024-12-08,2024-12-10,Technical,Low,57,1,1
4029,2613,Enterprise,2024-12-19,2024-12-19,Feature Request,Medium,21,1,1
4030,2613,Enterprise,2024-12-15,2024-12-15,Account,Medium,8,1,1
4031,2613,Enterprise,2024-12-28,2024-12-29,Onboarding,Medium,37,3,1
4032,2613,Enterprise,2024-12-31,2024-12-31,Onboarding,Medium,9,1,1
4033,2632,Enterprise,2023-08-27,2023-08-28,Technical,Medium,31,1,0
4034,2632,Enterprise,2023-08-22,2023-08-23,Billing,Medium,32,3,0
4035,2632,Enterprise,2023-08-17,2023-08-18,Account,Medium,47,3,0
4036,2632,Enterprise,2023-08-27,2023-08-29,Integration,Low,56,4,0
4037,2632,Enterprise,2023-09-06,2023-09-06,Technical,High,2,4,0
4038,2632,Enterprise,2023-09-11,2023-09-11,Integration,Critical,7,3,0
4039,2632,Enterprise,2024-06-08,2024-06-08,Performance,Medium,11,5,0
4040,2632,Enterprise,2024-06-22,2024-06-24,Technical,Low,58,4,0
4041,2632,Enterprise,2024-06-08,2024-06-10,Technical,Low,65,3,0
4042,2632,Enterprise,2024-07-01,2024-07-01,Technical,High,8,3,0
4043,2632,Enterprise,2024-07-22,2024-07-23,Performance,Low,45,5,0
4044,2632,Enterprise,2024-07-31,2024-08-02,Performance,Medium,48,4,0
4045,2632,Enterprise,2024-07-07,2024-07-07,Performance,High,16,3,0
4046,2632,Enterprise,2024-07-31,2024-07-31,Onboarding,High,21,3,0
4047,2632,Enterprise,2024-07-29,2024-07-30,Feature Request,Medium,29,2,0
4048,2632,Enterprise,2024-09-02,2024-09-02,Integration,High,19,2,0
4049,2632,Enterprise,2024-08-22,2024-08-25,Billing,Low,87,5,0
4050,2632,Enterprise,2024-08-06,2024-08-09,Feature Request,Low,92,4,0
4051,2632,Enterprise,2024-08-13,2024-08-13,Performance,Medium,9,2,0
4052,2632,Enterprise,2024-08-26,2024-08-26,Integration,High,10,5,0
4053,2632,Enterprise,2024-09-19,2024-09-19,Technical,Medium,11,2,0
4054,2632,Enterprise,2024-09-29,2024-09-29,Account,High,18,4,0
4055,2632,Enterprise,2024-09-10,2024-09-10,Integration,High,6,5,0
4056,2632,Enterprise,2024-09-22,2024-09-24,Account,Low,63,4,0
4057,2632,Enterprise,2024-09-05,2024-09-06,Onboarding,Medium,36,2,0
4058,2632,Enterprise,2024-09-09,2024-09-12,Integration,Low,73,2,0
4059,2632,Enterprise,2024-10-21,2024-10-23,Performance,Low,56,2,0
4060,2632,Enterprise,2024-10-16,2024-10-16,Account,Medium,22,3,0
4061,2632,Enterprise,2024-10-27,2024-10-27,Account,High,2,3,0
4062,2632,Enterprise,2024-10-06,2024-10-07,Billing,Medium,35,5,0
4063,2632,Enterprise,2024-10-19,2024-10-20,Technical,Medium,41,4,0
4064,2632,Enterprise,2024-11-09,2024-11-10,Billing,Low,28,5,0
4065,2632,Enterprise,2024-11-29,2024-11-29,Account,High,7,5,0
4066,2632,Enterprise,2024-11-19,2024-11-19,Integration,High,22,5,0
4067,2632,Enterprise,2024-12-02,2024-12-04,Feature Request,Low,57,3,0
4068,2632,Enterprise,2024-11-16,2024-11-16,Performance,Medium,12,5,0
4069,2632,Enterprise,2024-12-24,2024-12-24,Integration,Critical,6,4,0
4070,2632,Enterprise,2024-12-05,2024-12-05,Account,Critical,1,4,0
4071,2632,Enterprise,2024-12-15,2024-12-15,Technical,High,23,3,0
4072,2632,Enterprise,2024-12-20,2024-12-24,Billing,Low,100,5,0
4073,2635,Pro,2023-09-30,2023-10-01,Feature Request,Medium,47,1,1
4074,2635,Pro,2023-09-07,2023-09-08,Integration,Medium,35,2,1
4075,2635,Pro,2023-09-20,2023-09-22,Technical,Low,51,4,1
4076,2635,Pro,2023-09-13,2023-09-13,Billing,High,22,4,1
4077,2636,Starter,2023-11-29,2023-11-30,Account,Medium,35,1,0
4078,2636,Pro,2024-12-08,2024-12-08,Technical,Critical,2,2,0
4079,2639,Business,2024-04-04,2024-04-07,Account,Low,95,5,0
4080,2639,Business,2024-05-04,2024-05-06,Performance,Low,70,3,0
4081,2639,Business,2024-04-15,2024-04-19,Technical,Low,98,2,0
4082,2639,Enterprise,2024-12-22,2024-12-22,Integration,High,18,5,0
4083,2639,Enterprise,2024-12-11,2024-12-13,Account,Low,67,1,0
4084,2639,Enterprise,2024-12-18,2024-12-19,Technical,Medium,34,3,0
4085,2641,Starter,2024-12-12,2024-12-15,Feature Request,Low,88,4,0
4086,2641,Starter,2024-12-17,2024-12-18,Performance,Medium,42,5,0
4087,2648,Pro,2024-02-13,2024-02-14,Feature Request,Low,34,5,0
4088,2648,Pro,2024-02-22,2024-02-26,Technical,Low,114,1,0
4089,2648,Pro,2024-02-23,2024-02-23,Billing,Medium,13,3,0
4090,2648,Pro,2024-02-16,2024-02-16,Account,Critical,4,2,0
4091,2648,Business,2025-01-03,2025-01-04,Billing,Medium,44,5,0
4092,2648,Business,2024-12-15,2024-12-16,Feature Request,Medium,26,4,0
4093,2648,Business,2024-12-21,2024-12-22,Technical,Medium,42,5,0
4094,2649,Enterprise,2024-07-25,2024-07-25,Billing,Critical,1,2,1
4095,2649,Enterprise,2024-08-05,2024-08-08,Feature Request,Low,87,1,1
4096,2649,Enterprise,2024-07-17,2024-07-19,Feature Request,Medium,48,5,1
4097,2649,Enterprise,2024-07-29,2024-07-30,Onboarding,Medium,31,3,1
4098,2649,Enterprise,2024-08-04,2024-08-04,Integration,Critical,2,2,1
4099,2649,Enterprise,2024-07-29,2024-07-29,Account,Medium,17,1,1
4100,2649,Enterprise,2024-07-20,2024-07-22,Technical,Low,70,1,1
4101,2649,Enterprise,2024-07-10,2024-07-11,Technical,Medium,28,1,1
4102,2649,Enterprise,2024-08-06,2024-08-09,Performance,Low,91,2,1
4103,2649,Enterprise,2024-09-03,2024-09-03,Performance,Medium,23,3,1
4104,2649,Enterprise,2024-08-27,2024-08-27,Billing,High,15,1,1
4105,2649,Enterprise,2024-08-26,2024-08-27,Performance,Medium,34,4,1
4106,2649,Enterprise,2024-08-22,2024-08-22,Onboarding,Medium,17,1,1
4107,2649,Enterprise,2024-08-18,2024-08-18,Technical,Critical,5,4,1
4108,2650,Pro,2024-03-31,2024-04-02,Technical,Low,51,4,0
4109,2650,Pro,2024-03-21,2024-03-21,Performance,High,9,5,0
4110,2650,Pro,2024-04-10,2024-04-11,Feature Request,Medium,29,4,0
4111,2650,Business,2024-06-24,2024-06-28,Performance,Low,117,1,1
4112,2650,Business,2024-06-13,2024-06-15,Billing,Low,66,2,1
4113,2650,Business,2024-07-03,2024-07-07,Technical,Low,111,3,1
4114,2650,Business,2024-06-28,2024-06-29,Performance,Medium,30,1,1
4115,2650,Business,2024-06-17,2024-06-20,Billing,Low,86,3,1
4116,2650,Business,2024-06-16,2024-06-17,Technical,Medium,38,2,1
4117,2650,Business,2024-06-29,2024-06-30,Performance,Medium,38,2,1
4118,2650,Business,2024-07-02,2024-07-02,Feature Request,High,7,1,1
4119,2650,Business,2024-07-01,2024-07-01,Technical,High,21,3,1
4120,2650,Business,2024-06-09,2024-06-10,Feature Request,Medium,34,3,1
4121,2662,Pro,2023-12-08,2023-12-09,Account,Medium,45,4,1
4122,2668,Pro,2025-01-03,2025-01-03,Onboarding,Medium,13,5,0
4123,2670,Business,2023-08-30,2023-08-30,Performance,High,17,2,0
4124,2670,Business,2023-09-15,2023-09-19,Feature Request,Low,98,3,1
4125,2670,Pro,2023-09-28,2023-09-29,Billing,Medium,34,4,1
4126,2670,Pro,2023-09-12,2023-09-12,Feature Request,High,9,3,1
4127,2670,Pro,2023-10-03,2023-10-03,Account,High,13,3,1
4128,2670,Pro,2023-10-03,2023-10-04,Integration,Medium,33,2,1
4129,2674,Business,2024-12-22,2024-12-22,Integration,Critical,3,4,0
4130,2676,Pro,2024-10-21,2024-10-21,Feature Request,High,19,3,1
4131,2676,Pro,2024-11-05,2024-11-06,Onboarding,Medium,41,3,1
4132,2676,Pro,2024-11-13,2024-11-16,Performance,Low,82,2,1
4133,2676,Pro,2024-12-03,2024-12-04,Billing,Medium,38,4,1
4134,2676,Pro,2024-11-17,2024-11-21,Technical,Low,102,4,1
4135,2676,Pro,2024-11-30,2024-11-30,Integration,High,21,3,1
4136,2676,Pro,2024-11-18,2024-11-19,Onboarding,Medium,24,1,1
4137,2676,Pro,2024-11-13,2024-11-13,Performance,Medium,12,1,1
4138,2676,Pro,2024-11-12,2024-11-16,Performance,Low,111,2,1
4139,2683,Business,2023-12-31,2024-01-01,Account,Low,37,2,1
4140,2683,Business,2024-01-05,2024-01-06,Integration,Medium,38,3,1
4141,2683,Business,2023-12-19,2023-12-19,Account,High,7,2,1
4142,2683,Business,2023-12-24,2023-12-24,Billing,Medium,21,3,1
4143,2683,Business,2023-12-23,2023-12-23,Billing,Medium,15,5,1
4144,2683,Business,2024-01-02,2024-01-02,Feature Request,High,5,1,1
4145,2683,Business,2023-12-13,2023-12-14,Feature Request,Low,36,1,1
4146,2683,Business,2024-01-27,2024-01-27,Feature Request,High,14,2,1
4147,2683,Business,2024-02-05,2024-02-06,Feature Request,Medium,47,4,1
4148,2683,Business,2024-01-24,2024-01-25,Technical,Medium,41,4,1
4149,2686,Starter,2024-07-04,2024-07-05,Feature Request,Medium,24,2,1
4150,2686,Starter,2024-06-15,2024-06-16,Integration,Medium,46,4,1
4151,2687,Starter,2024-03-27,2024-03-28,Integration,Medium,25,4,1
4152,2692,Enterprise,2024-01-21,2024-01-21,Performance,High,15,4,0
4153,2692,Enterprise,2024-01-15,2024-01-15,Onboarding,High,8,4,0
4154,2692,Enterprise,2024-02-10,2024-02-10,Technical,Medium,11,3,0
4155,2692,Enterprise,2024-02-11,2024-02-11,Billing,Medium,11,1,0
4156,2692,Enterprise,2024-02-27,2024-02-28,Onboarding,Medium,37,4,0
4157,2692,Enterprise,2024-02-24,2024-02-25,Feature Request,Medium,40,4,0
4158,2692,Enterprise,2024-03-02,2024-03-05,Feature Request,Low,92,2,0
4159,2692,Enterprise,2024-02-25,2024-02-25,Performance,High,21,2,0
4160,2692,Business,2024-07-06,2024-07-09,Onboarding,Low,81,5,0
4161,2692,Business,2024-06-28,2024-06-29,Billing,Low,41,2,0
4162,2692,Pro,2024-12-27,2024-12-28,Feature Request,Medium,41,2,0
4163,2695,Enterprise,2024-12-25,2024-12-25,Feature Request,High,6,5,0
4164,2695,Enterprise,2025-01-03,2025-01-04,Billing,Medium,33,1,0
4165,2695,Enterprise,2025-01-12,2025-01-12,Technical,High,21,4,0
4166,2695,Enterprise,2024-12-16,2024-12-17,Onboarding,Medium,35,3,0
4167,2695,Enterprise,2025-01-02,2025-01-04,Feature Request,Low,48,4,0
4168,2695,Enterprise,2024-12-19,2024-12-20,Technical,Medium,25,4,0
4169,2695,Enterprise,2025-01-04,2025-01-05,Technical,Low,38,4,0
4170,2695,Enterprise,2024-12-23,2024-12-23,Account,Medium,9,5,0
4171,2696,Pro,2024-04-22,2024-04-26,Integration,Low,106,2,0
4172,2696,Starter,2024-05-24,2024-05-24,Feature Request,Medium,16,1,0
4173,2696,Starter,2024-05-16,2024-05-16,Performance,Critical,1,4,0
4174,2696,Starter,2024-06-28,2024-07-02,Billing,Low,98,3,0
4175,2696,Pro,2024-12-18,2024-12-18,Account,Medium,22,4,0
4176,2696,Pro,2025-01-12,2025-01-14,Integration,Low,64,5,0
4177,2696,Pro,2024-12-18,2024-12-19,Integration,Medium,47,4,0
4178,2702,Starter,2023-10-18,2023-10-18,Integration,Medium,8,2,1
4179,2702,Starter,2023-10-27,2023-10-30,Account,Low,77,2,1
4180,2702,Starter,2023-11-30,2023-11-30,Billing,Medium,10,2,1
4181,2702,Starter,2023-11-24,2023-11-25,Technical,Medium,26,2,1
4182,2702,Starter,2023-12-02,2023-12-03,Performance,Low,27,2,1
4183,2702,Starter,2023-11-29,2023-11-29,Onboarding,Medium,11,1,1
4184,2705,Enterprise,2024-12-10,2024-12-11,Billing,Low,24,5,0
4185,2705,Enterprise,2024-11-26,2024-11-28,Feature Request,Low,70,5,0
4186,2705,Enterprise,2024-11-23,2024-11-23,Technical,High,6,2,0
4187,2705,Business,2025-01-11,2025-01-12,Integration,Low,38,3,0
4188,2707,Business,2024-06-05,2024-06-05,Account,Critical,3,4,0
4189,2707,Business,2024-06-13,2024-06-13,Account,Medium,8,3,0
4190,2707,Business,2024-06-09,2024-06-10,Billing,Low,47,5,0
4191,2707,Business,2024-06-23,2024-06-23,Billing,High,7,4,0
4192,2707,Business,2024-07-12,2024-07-12,Onboarding,Critical,2,1,0
4193,2707,Business,2024-06-18,2024-06-22,Billing,Low,99,5,0
4194,2707,Business,2024-06-21,2024-06-21,Performance,Medium,8,4,0
4195,2707,Pro,2025-01-04,2025-01-04,Performance,High,20,3,0
4196,2709,Business,2024-03-28,2024-03-28,Feature Request,High,12,1,1
4197,2709,Business,2024-04-13,2024-04-14,Onboarding,Medium,32,4,1
4198,2709,Business,2024-03-31,2024-04-04,Feature Request,Low,113,4,1
4199,2709,Business,2024-03-21,2024-03-22,Feature Request,Medium,24,3,1
4200,2709,Business,2024-04-03,2024-04-03,Onboarding,High,5,1,1
4201,2709,Business,2024-03-19,2024-03-22,Account,Low,80,4,1
4202,2709,Business,2024-04-06,2024-04-07,Performance,Medium,25,1,1
4203,2709,Business,2024-04-11,2024-04-14,Technical,Low,81,2,1
4204,2709,Business,2024-05-13,2024-05-14,Integration,Low,43,4,1
4205,2709,Business,2024-04-22,2024-04-24,Technical,Low,55,2,1
4206,2709,Business,2024-04-30,2024-05-02,Billing,Low,71,3,1
4207,2709,Business,2024-04-19,2024-04-19,Technical,High,8,1,1
4208,2713,Starter,2023-09-19,2023-09-19,Billing,Medium,14,3,0
4209,2713,Pro,2024-04-07,2024-04-11,Technical,Low,118,1,1
4210,2713,Pro,2024-03-16,2024-03-16,Performance,High,19,1,1
4211,2713,Pro,2024-04-12,2024-04-13,Billing,Medium,45,3,1
4212,2713,Pro,2024-04-02,2024-04-02,Integration,Critical,7,1,1
4213,2713,Pro,2024-04-17,2024-04-18,Integration,Medium,31,2,1
4214,2713,Pro,2024-04-25,2024-04-29,Technical,Low,110,3,1
4215,2713,Pro,2024-04-28,2024-04-30,Billing,Low,60,3,1
4216,2713,Pro,2024-05-01,2024-05-05,Feature Request,Low,96,3,1
4217,2713,Pro,2024-04-22,2024-04-23,Feature Request,Medium,45,2,1
4218,2714,Enterprise,2024-04-13,2024-04-15,Performance,Low,48,4,0
4219,2714,Enterprise,2024-04-06,2024-04-06,Integration,High,7,4,0
4220,2714,Enterprise,2024-04-01,2024-04-05,Performance,Low,115,3,0
4221,2714,Enterprise,2024-03-18,2024-03-21,Billing,Low,87,4,0
4222,2714,Enterprise,2024-03-20,2024-03-21,Onboarding,Medium,46,2,0
4223,2714,Enterprise,2024-03-18,2024-03-18,Integration,Medium,12,3,0
4224,2714,Enterprise,2024-04-13,2024-04-13,Technical,Medium,17,2,0
4225,2714,Enterprise,2024-05-01,2024-05-01,Integration,Medium,20,3,0
4226,2714,Enterprise,2024-05-11,2024-05-11,Billing,Critical,8,3,0
4227,2714,Enterprise,2024-05-12,2024-05-13,Billing,Medium,34,3,0
4228,2714,Enterprise,2024-05-08,2024-05-11,Onboarding,Low,89,5,0
4229,2714,Enterprise,2024-04-28,2024-04-29,Account,Low,33,4,0
4230,2714,Business,2025-01-04,2025-01-09,Feature Request,Low,120,4,0
4231,2714,Business,2024-12-19,2024-12-19,Onboarding,Medium,22,3,0
4232,2716,Business,2023-11-30,2023-11-30,Onboarding,High,22,4,0
4233,2716,Pro,2024-03-20,2024-03-21,Billing,Low,38,3,1
4234,2716,Pro,2024-04-02,2024-04-02,Account,Medium,23,4,1
4235,2716,Pro,2024-04-04,2024-04-05,Billing,Low,28,1,1
4236,2716,Pro,2024-04-07,2024-04-10,Feature Request,Low,86,4,1
4237,2716,Pro,2024-03-22,2024-03-25,Performance,Low,81,2,1
4238,2716,Pro,2024-04-27,2024-04-28,Feature Request,Medium,26,3,1
4239,2726,Starter,2024-02-26,2024-02-27,Billing,Medium,38,4,0
4240,2726,Pro,2024-12-30,2025-01-03,Onboarding,Low,102,5,0
4241,2730,Pro,2024-07-31,2024-07-31,Feature Request,Medium,12,1,1
4242,2730,Pro,2024-07-22,2024-07-24,Technical,Low,53,4,1
4243,2730,Pro,2024-08-19,2024-08-19,Account,High,13,1,1
4244,2730,Pro,2024-08-21,2024-08-23,Integration,Low,67,4,1
4245,2730,Pro,2024-09-03,2024-09-03,Billing,Critical,2,4,1
4246,2732,Pro,2024-01-31,2024-01-31,Feature Request,Critical,6,5,0
4247,2732,Pro,2024-02-12,2024-02-12,Performance,Critical,3,5,0
4248,2732,Pro,2024-02-10,2024-02-10,Billing,Medium,23,5,0
4249,2732,Business,2024-10-15,2024-10-16,Performance,Low,43,3,0
4250,2732,Business,2024-09-27,2024-09-27,Onboarding,Medium,11,4,0
4251,2732,Enterprise,2025-01-07,2025-01-08,Feature Request,Medium,41,3,0
4252,2732,Enterprise,2024-12-28,2024-12-28,Integration,High,22,2,0
4253,2732,Enterprise,2025-01-16,2025-01-16,Billing,High,6,3,0
4254,2732,Enterprise,2025-01-15,2025-01-16,Performance,Low,31,5,0
4255,2732,Enterprise,2025-01-01,2025-01-02,Integration,Medium,28,5,0
4256,2739,Pro,2024-09-23,2024-09-24,Feature Request,Low,30,2,1
4257,2739,Pro,2024-10-03,2024-10-04,Integration,High,24,3,1
4258,2741,Starter,2024-01-24,2024-01-25,Integration,Medium,44,1,1
4259,2741,Starter,2024-03-07,2024-03-11,Integration,Low,118,1,1
4260,2741,Starter,2024-02-25,2024-02-28,Feature Request,Low,87,5,1
4261,2743,Enterprise,2025-01-01,2025-01-04,Technical,Low,84,3,0
4262,2743,Enterprise,2025-01-07,2025-01-07,Technical,Medium,10,4,0
4263,2743,Enterprise,2024-12-22,2024-12-23,Technical,Medium,45,5,0
4264,2743,Enterprise,2024-12-24,2024-12-24,Integration,Medium,9,4,0
4265,2743,Enterprise,2025-01-05,2025-01-06,Feature Request,Medium,31,3,0
4266,2746,Starter,2024-02-12,2024-02-13,Integration,Medium,45,2,0
4267,2746,Starter,2024-02-17,2024-02-17,Technical,Medium,21,4,0
4268,2746,Starter,2024-03-03,2024-03-03,Account,Medium,14,4,0
4269,2746,Pro,2024-08-06,2024-08-06,Feature Request,Critical,1,3,1
4270,2746,Pro,2024-07-27,2024-07-27,Performance,Medium,18,1,1
4271,2746,Pro,2024-07-27,2024-07-31,Technical,Low,110,2,1
4272,2746,Pro,2024-08-03,2024-08-03,Onboarding,High,15,1,1
4273,2746,Pro,2024-07-30,2024-08-03,Performance,Low,99,3,1
4274,2746,Pro,2024-08-24,2024-08-25,Integration,Medium,38,3,1
4275,2746,Pro,2024-08-27,2024-08-28,Account,Medium,41,1,1
4276,2753,Starter,2023-12-18,2023-12-20,Billing,Low,52,3,0
4277,2753,Pro,2024-04-28,2024-04-28,Feature Request,Critical,1,1,1
4278,2753,Pro,2024-05-02,2024-05-03,Integration,Low,31,3,1
4279,2753,Pro,2024-05-11,2024-05-11,Onboarding,Medium,10,1,1
4280,2754,Enterprise,2024-01-30,2024-01-30,Performance,Medium,20,4,0
4281,2754,Enterprise,2024-02-15,2024-02-16,Integration,Medium,34,5,0
4282,2754,Enterprise,2024-02-16,2024-02-17,Performance,Medium,47,5,0
4283,2754,Business,2024-04-03,2024-04-04,Feature Request,Medium,38,2,1
4284,2754,Business,2024-03-23,2024-03-23,Technical,Critical,5,2,1
4285,2754,Business,2024-04-10,2024-04-13,Account,Low,94,4,1
4286,2754,Business,2024-04-07,2024-04-10,Billing,Low,93,3,1
4287,2754,Business,2024-05-04,2024-05-07,Technical,Low,95,2,1
4288,2754,Business,2024-04-29,2024-04-29,Billing,Medium,20,1,1
4289,2754,Business,2024-05-14,2024-05-15,Billing,Low,25,1,1
4290,2754,Business,2024-05-09,2024-05-10,Integration,Low,38,2,1
4291,2754,Business,2024-05-15,2024-05-15,Performance,High,18,2,1
4292,2758,Starter,2023-08-22,2023-08-22,Account,Critical,1,5,0
4293,2758,Starter,2023-12-23,2023-12-24,Performance,Medium,46,5,0
4294,2758,Starter,2024-06-11,2024-06-12,Technical,Medium,30,2,0
4295,2758,Starter,2024-06-03,2024-06-03,Integration,High,17,3,0
4296,2758,Starter,2024-08-28,2024-08-28,Feature Request,Medium,15,3,0
4297,2758,Starter,2024-10-01,2024-10-01,Feature Request,High,10,1,0
4298,2758,Starter,2024-10-21,2024-10-24,Onboarding,Low,82,3,0
4299,2758,Starter,2024-10-22,2024-10-24,Billing,Low,64,2,0
4300,2758,Starter,2024-10-18,2024-10-19,Feature Request,Medium,40,5,0
4301,2758,Starter,2024-11-06,2024-11-07,Billing,Medium,32,3,0
4302,2758,Starter,2024-11-30,2024-11-30,Onboarding,Critical,5,5,0
4303,2764,Starter,2024-07-05,2024-07-06,Performance,Low,24,5,1
4304,2764,Starter,2024-07-02,2024-07-02,Account,Medium,23,2,1
4305,2766,Starter,2024-06-25,2024-06-27,Technical,Low,50,3,1
4306,2766,Starter,2024-07-11,2024-07-11,Integration,Medium,12,2,1
4307,2766,Starter,2024-07-08,2024-07-10,Onboarding,Medium,48,3,1
4308,2766,Starter,2024-06-29,2024-06-29,Billing,Medium,23,4,1
4309,2766,Starter,2024-06-23,2024-06-24,Account,Medium,30,3,1
4310,2768,Starter,2024-01-16,2024-01-16,Onboarding,Medium,21,4,1
4311,2768,Starter,2024-02-06,2024-02-07,Account,Medium,41,3,1
4312,2775,Enterprise,2023-11-14,2023-11-18,Feature Request,Low,113,4,0
4313,2775,Enterprise,2023-11-01,2023-11-01,Feature Request,High,13,3,0
4314,2775,Enterprise,2023-11-13,2023-11-13,Performance,Medium,10,3,0
4315,2775,Enterprise,2023-11-20,2023-11-20,Technical,High,20,3,0
4316,2775,Enterprise,2023-10-31,2023-11-01,Integration,Medium,33,4,0
4317,2775,Business,2025-01-12,2025-01-13,Technical,Medium,38,5,0
4318,2781,Enterprise,2025-01-03,2025-01-05,Performance,Low,68,4,0
4319,2782,Starter,2024-05-01,2024-05-04,Account,Low,89,2,1
4320,2782,Starter,2024-04-30,2024-05-04,Onboarding,Low,116,3,1
4321,2782,Starter,2024-05-05,2024-05-09,Feature Request,Low,105,2,1
4322,2785,Pro,2023-09-03,2023-09-05,Feature Request,Low,61,4,0
4323,2785,Pro,2023-09-29,2023-09-29,Integration,High,14,4,0
4324,2785,Pro,2023-10-09,2023-10-09,Performance,High,19,4,0
4325,2785,Business,2024-01-15,2024-01-19,Feature Request,Low,113,4,0
4326,2785,Business,2024-01-15,2024-01-18,Performance,Low,95,1,0
4327,2785,Business,2024-02-05,2024-02-08,Billing,Low,89,5,0
4328,2785,Business,2024-02-04,2024-02-05,Performance,Low,41,1,0
4329,2785,Enterprise,2025-01-10,2025-01-11,Onboarding,Medium,25,4,0
4330,2789,Starter,2024-02-08,2024-02-09,Integration,Medium,41,2,1
4331,2789,Starter,2024-02-06,2024-02-06,Onboarding,Critical,7,3,1
4332,2789,Starter,2024-03-21,2024-03-22,Integration,Low,34,1,1
4333,2790,Business,2025-01-17,2025-01-17,Onboarding,Medium,15,4,0
4334,2791,Starter,2024-08-06,2024-08-09,Performance,Low,84,5,0
4335,2791,Starter,2024-09-11,2024-09-11,Performance,High,6,4,0
4336,2791,Pro,2025-01-19,2025-01-20,Technical,Medium,26,4,0
4337,2791,Pro,2025-01-16,2025-01-19,Account,Low,79,5,0
4338,2793,Business,2024-12-31,2025-01-01,Integration,Low,26,3,0
4339,2793,Business,2024-12-27,2024-12-28,Performance,Medium,44,5,0
4340,2795,Business,2024-07-09,2024-07-10,Performance,Medium,46,1,0
4341,2795,Business,2024-07-08,2024-07-08,Billing,Critical,6,3,0
4342,2795,Pro,2024-10-03,2024-10-04,Onboarding,Medium,25,3,1
4343,2796,Enterprise,2025-01-14,2025-01-15,Integration,Medium,41,5,0
4344,2796,Enterprise,2025-01-14,2025-01-18,Integration,Low,113,3,0
4345,2796,Enterprise,2025-01-21,2025-01-21,Billing,High,12,4,0
4346,2801,Starter,2024-06-19,2024-06-19,Account,High,5,3,1
4347,2801,Starter,2024-06-09,2024-06-13,Onboarding,Low,104,3,1
4348,2801,Starter,2024-07-16,2024-07-17,Technical,Medium,47,1,1
4349,2801,Starter,2024-07-18,2024-07-19,Integration,Low,43,1,1
4350,2801,Starter,2024-07-05,2024-07-05,Onboarding,Medium,15,2,1
4351,2813,Business,2025-01-13,2025-01-14,Onboarding,Medium,32,4,0
4352,2813,Business,2025-01-12,2025-01-12,Billing,High,3,4,0
4353,2813,Business,2025-01-11,2025-01-14,Performance,Low,75,5,0
4354,2820,Starter,2023-12-04,2023-12-04,Integration,High,5,3,1
4355,2820,Starter,2023-12-22,2023-12-24,Integration,Low,69,3,1
4356,2821,Enterprise,2025-01-04,2025-01-05,Account,Medium,33,5,0
4357,2821,Enterprise,2025-01-17,2025-01-17,Technical,High,3,5,0
4358,2821,Enterprise,2025-01-10,2025-01-10,Integration,High,16,5,0
4359,2821,Enterprise,2024-12-30,2024-12-30,Integration,High,15,5,0
4360,2821,Enterprise,2025-01-20,2025-01-20,Performance,Medium,19,4,0
4361,2821,Enterprise,2025-01-02,2025-01-03,Onboarding,Medium,45,4,0
4362,2821,Enterprise,2025-01-12,2025-01-12,Performance,Medium,8,4,0
4363,2821,Enterprise,2024-12-28,2024-12-29,Account,Medium,37,5,0
4364,2822,Starter,2024-05-25,2024-05-25,Account,High,5,2,0
4365,2823,Pro,2024-02-15,2024-02-16,Technical,Medium,25,3,1
4366,2823,Pro,2024-02-03,2024-02-04,Onboarding,Medium,36,1,1
4367,2823,Pro,2024-02-24,2024-02-27,Performance,Low,84,3,1
4368,2823,Pro,2024-03-25,2024-03-25,Integration,Medium,18,3,1
4369,2823,Pro,2024-03-03,2024-03-04,Technical,Low,42,4,1
4370,2823,Pro,2024-03-13,2024-03-14,Billing,Medium,32,2,1
4371,2824,Starter,2024-04-24,2024-04-25,Performance,Medium,26,3,1
4372,2824,Starter,2024-04-08,2024-04-11,Technical,Low,80,1,1
4373,2824,Starter,2024-05-22,2024-05-22,Integration,High,12,2,1
4374,2828,Pro,2024-02-29,2024-03-04,Performance,Low,114,3,1
4375,2828,Pro,2024-03-28,2024-03-29,Integration,Medium,35,1,1
4376,2828,Pro,2024-03-22,2024-03-22,Technical,High,4,1,1
4377,2828,Pro,2024-03-21,2024-03-25,Feature Request,Low,114,1,1
4378,2840,Business,2023-11-22,2023-11-22,Account,High,12,4,0
4379,2840,Business,2023-12-06,2023-12-07,Billing,Medium,31,5,0
4380,2840,Enterprise,2025-01-19,2025-01-20,Performance,Medium,30,5,0
4381,2840,Enterprise,2025-01-17,2025-01-17,Technical,Medium,17,3,0
4382,2840,Enterprise,2025-01-20,2025-01-20,Onboarding,Medium,12,3,0
4383,2840,Enterprise,2025-01-11,2025-01-11,Technical,High,11,4,0
4384,2840,Enterprise,2025-01-23,2025-01-26,Account,Low,94,5,0
4385,2840,Enterprise,2025-01-04,2025-01-06,Integration,Low,71,5,0
4386,2840,Enterprise,2025-01-25,2025-01-26,Performance,Low,24,5,0
4387,2841,Business,2024-12-31,2025-01-01,Account,Low,40,1,0
4388,2842,Pro,2024-07-04,2024-07-04,Performance,Medium,16,2,0
4389,2842,Pro,2024-07-06,2024-07-06,Onboarding,High,5,4,0
4390,2842,Pro,2024-07-11,2024-07-13,Technical,Low,65,3,0
4391,2842,Business,2024-12-30,2024-12-30,Performance,Medium,13,4,0
4392,2849,Enterprise,2024-12-12,2024-12-12,Feature Request,High,15,4,0
4393,2849,Enterprise,2024-12-19,2024-12-19,Onboarding,Medium,13,4,0
4394,2849,Enterprise,2024-12-17,2024-12-18,Billing,Medium,33,5,0
4395,2851,Starter,2024-09-06,2024-09-07,Onboarding,Medium,40,3,1
4396,2854,Starter,2024-03-15,2024-03-15,Account,Critical,1,3,1
4397,2854,Starter,2024-04-08,2024-04-11,Billing,Low,83,2,1
4398,2856,Pro,2023-10-30,2023-10-30,Feature Request,Critical,2,1,1
4399,2856,Pro,2023-10-17,2023-10-19,Billing,Low,59,1,1
4400,2856,Pro,2023-11-27,2023-11-27,Integration,High,6,3,1
4401,2858,Pro,2023-09-26,2023-09-30,Onboarding,Low,107,1,1
4402,2858,Pro,2023-09-20,2023-09-23,Onboarding,Low,95,5,1
4403,2859,Business,2024-12-02,2024-12-06,Integration,Low,110,3,0
4404,2859,Business,2024-12-25,2024-12-25,Feature Request,High,23,5,0
4405,2860,Pro,2024-12-24,2024-12-27,Feature Request,Low,78,4,0
4406,2863,Business,2024-12-22,2024-12-22,Feature Request,High,17,5,0
4407,2863,Business,2024-12-19,2024-12-20,Feature Request,Medium,41,2,0
4408,2863,Business,2024-12-08,2024-12-08,Billing,Medium,9,4,0
4409,2863,Business,2024-12-28,2024-12-28,Performance,High,10,3,0
4410,2872,Enterprise,2023-10-12,2023-10-13,Account,Medium,37,3,0
4411,2872,Enterprise,2023-10-17,2023-10-21,Billing,Low,114,4,0
4412,2872,Enterprise,2023-11-04,2023-11-04,Performance,High,3,5,0
4413,2872,Enterprise,2023-11-14,2023-11-15,Onboarding,Medium,39,5,0
4414,2872,Business,2024-12-24,2024-12-25,Billing,High,24,5,0
4415,2872,Business,2024-12-15,2024-12-18,Performance,Low,73,5,0
4416,2876,Business,2024-03-21,2024-03-23,Account,Low,53,4,0
4417,2876,Business,2024-03-10,2024-03-10,Billing,Critical,7,5,0
4418,2876,Business,2024-03-06,2024-03-06,Account,High,14,5,0
4419,2876,Business,2024-04-29,2024-04-29,Integration,Medium,20,5,0
4420,2876,Business,2024-04-11,2024-04-12,Onboarding,Medium,29,4,0
4421,2876,Enterprise,2024-06-20,2024-06-24,Technical,Low,110,5,0
4422,2876,Business,2024-12-30,2025-01-03,Billing,Low,99,5,0
4423,2876,Business,2024-12-13,2024-12-13,Onboarding,Critical,2,5,0
4424,2876,Business,2024-12-05,2024-12-05,Account,Critical,1,2,0
4425,2880,Business,2024-02-01,2024-02-03,Onboarding,Low,55,4,0
4426,2880,Business,2024-01-22,2024-01-22,Feature Request,Critical,7,3,0
4427,2880,Business,2024-01-25,2024-01-28,Billing,Low,78,3,0
4428,2880,Business,2024-01-29,2024-01-29,Billing,Medium,15,4,0
4429,2880,Business,2024-01-19,2024-01-21,Account,Low,71,5,0
4430,2880,Business,2024-02-21,2024-02-22,Billing,Medium,29,3,0
4431,2880,Business,2024-02-15,2024-02-15,Account,Critical,2,4,0
4432,2880,Enterprise,2024-09-18,2024-09-22,Account,Low,96,5,0
4433,2880,Enterprise,2024-09-10,2024-09-13,Billing,Low,79,2,0
4434,2880,Enterprise,2024-09-18,2024-09-19,Feature Request,Low,30,1,0
4435,2880,Enterprise,2024-10-01,2024-10-05,Technical,Low,115,4,0
4436,2880,Enterprise,2024-09-15,2024-09-16,Account,Medium,26,3,0
4437,2880,Business,2024-10-24,2024-10-25,Account,Medium,40,4,1
4438,2880,Business,2024-11-01,2024-11-01,Feature Request,Medium,11,5,1
4439,2880,Business,2024-10-26,2024-10-28,Billing,Low,60,1,1
4440,2880,Business,2024-10-21,2024-10-21,Technical,Medium,14,3,1
4441,2880,Business,2024-10-06,2024-10-07,Billing,Medium,35,4,1
4442,2880,Business,2024-11-06,2024-11-10,Technical,Low,107,1,1
4443,2880,Business,2024-11-22,2024-11-23,Technical,Medium,36,1,1
4444,2880,Business,2024-11-23,2024-11-24,Onboarding,Medium,38,2,1
4445,2880,Business,2024-11-03,2024-11-04,Feature Request,Medium,27,3,1
4446,2880,Business,2024-11-16,2024-11-17,Account,Medium,31,3,1
4447,2883,Starter,2023-09-12,2023-09-13,Feature Request,Medium,35,3,0
4448,2883,Pro,2024-10-27,2024-10-28,Performance,Medium,25,1,1
4449,2883,Pro,2024-10-13,2024-10-13,Integration,Medium,12,2,1
4450,2883,Pro,2024-10-21,2024-10-22,Integration,Medium,24,3,1
4451,2883,Pro,2024-10-13,2024-10-13,Onboarding,High,23,1,1
4452,2883,Pro,2024-11-20,2024-11-20,Account,Medium,20,3,1
4453,2894,Pro,2024-07-27,2024-07-27,Feature Request,High,21,2,1
4454,2894,Pro,2024-08-27,2024-08-28,Onboarding,Medium,36,4,1
4455,2894,Pro,2024-08-17,2024-08-20,Account,Low,77,3,1
4456,2894,Pro,2024-08-26,2024-08-26,Technical,High,7,2,1
4457,2894,Pro,2024-08-17,2024-08-20,Integration,Low,75,2,1
4458,2894,Pro,2024-08-15,2024-08-15,Technical,Medium,17,2,1
4459,2897,Business,2025-01-01,2025-01-02,Account,Low,30,5,0
4460,2902,Starter,2024-03-01,2024-03-03,Integration,Low,53,4,1
4461,2902,Starter,2024-02-12,2024-02-14,Account,Low,57,2,1
4462,2902,Starter,2024-02-13,2024-02-13,Onboarding,High,7,2,1
4463,2902,Starter,2024-02-16,2024-02-17,Billing,Low,47,3,1
4464,2902,Starter,2024-02-12,2024-02-13,Billing,Medium,27,2,1
4465,2903,Pro,2024-03-19,2024-03-20,Billing,Medium,31,5,0
4466,2903,Pro,2024-03-28,2024-03-31,Integration,Low,77,2,0
4467,2903,Pro,2024-04-24,2024-04-24,Onboarding,Medium,8,5,0
4468,2903,Business,2024-12-31,2025-01-01,Technical,Low,27,3,0
4469,2903,Business,2024-12-11,2024-12-13,Feature Request,Low,53,3,0
4470,2906,Pro,2023-12-17,2023-12-18,Onboarding,Medium,28,4,1
4471,2906,Pro,2024-01-01,2024-01-04,Technical,Low,92,2,1
4472,2906,Pro,2024-01-04,2024-01-06,Account,Low,55,3,1
4473,2906,Pro,2024-01-15,2024-01-16,Feature Request,Medium,28,5,1
4474,2906,Pro,2024-01-16,2024-01-16,Technical,Medium,10,2,1
4475,2906,Pro,2024-01-12,2024-01-12,Performance,High,4,1,1
4476,2906,Pro,2024-01-21,2024-01-21,Billing,Medium,14,2,1
4477,2906,Pro,2024-01-21,2024-01-22,Technical,High,24,1,1
4478,2908,Starter,2024-04-09,2024-04-09,Feature Request,Critical,7,3,1
4479,2909,Enterprise,2024-12-30,2025-01-03,Billing,Low,119,4,0
4480,2911,Business,2024-03-02,2024-03-05,Performance,Low,75,3,0
4481,2911,Business,2024-02-09,2024-02-09,Onboarding,Medium,10,3,0
4482,2911,Enterprise,2024-12-31,2025-01-03,Technical,Low,75,5,0
4483,2911,Enterprise,2024-12-19,2024-12-19,Integration,High,3,4,0
4484,2911,Enterprise,2024-12-21,2024-12-21,Performance,High,16,2,0
4485,2916,Business,2024-12-29,2025-01-02,Account,Low,103,5,0
4486,2926,Starter,2024-12-20,2024-12-21,Integration,Low,32,4,0
4487,2926,Starter,2024-12-10,2024-12-10,Onboarding,Medium,21,3,0
4488,2929,Starter,2024-12-20,2024-12-24,Feature Request,Low,108,4,0
4489,2929,Starter,2024-12-15,2024-12-18,Technical,Low,79,5,0
4490,2929,Starter,2024-12-20,2024-12-21,Performance,Medium,36,4,0
4491,2933,Business,2024-11-28,2024-11-28,Onboarding,High,11,4,1
4492,2933,Business,2024-12-04,2024-12-05,Integration,Medium,29,1,1
4493,2933,Business,2024-11-22,2024-11-25,Billing,Low,82,4,1
4494,2933,Business,2024-11-18,2024-11-19,Technical,Medium,43,3,1
4495,2933,Business,2024-11-22,2024-11-23,Onboarding,Medium,25,2,1
4496,2942,Enterprise,2023-11-02,2023-11-02,Billing,Medium,23,4,1
4497,2942,Enterprise,2023-10-30,2023-11-02,Account,Low,84,3,1
4498,2942,Enterprise,2023-11-03,2023-11-03,Billing,High,15,2,1
4499,2942,Enterprise,2023-10-21,2023-10-25,Technical,Low,119,1,1
4500,2942,Enterprise,2023-10-24,2023-10-24,Feature Request,High,15,1,1
4501,2942,Enterprise,2023-11-26,2023-11-26,Feature Request,Critical,7,4,1
4502,2942,Enterprise,2023-12-01,2023-12-02,Performance,Medium,32,4,1
4503,2942,Enterprise,2023-12-04,2023-12-05,Technical,Medium,43,2,1
4504,2942,Enterprise,2023-12-04,2023-12-04,Performance,Medium,11,3,1
4505,2942,Enterprise,2023-11-11,2023-11-11,Technical,High,23,1,1
4506,2942,Enterprise,2023-12-05,2023-12-05,Billing,Medium,8,2,1
4507,2942,Enterprise,2023-11-22,2023-11-23,Integration,Medium,25,2,1
4508,2942,Enterprise,2023-12-05,2023-12-06,Billing,Low,39,3,1
4509,2943,Business,2024-04-03,2024-04-04,Performance,Low,27,3,0
4510,2943,Business,2024-03-18,2024-03-19,Performance,Low,38,3,0
4511,2943,Business,2024-03-16,2024-03-17,Onboarding,Medium,46,5,0
4512,2943,Business,2024-04-19,2024-04-19,Onboarding,Medium,21,3,0
4513,2943,Enterprise,2025-01-05,2025-01-05,Technical,High,13,4,0
4514,2943,Enterprise,2024-12-31,2025-01-01,Onboarding,Medium,29,4,0
4515,2949,Business,2024-12-30,2024-12-30,Performance,High,5,4,0
4516,2949,Business,2025-01-06,2025-01-06,Technical,Medium,21,2,0
4517,2955,Business,2025-01-08,2025-01-08,Account,High,16,4,0
4518,2955,Business,2024-12-14,2024-12-15,Billing,Low,34,4,0
4519,2955,Business,2024-12-29,2024-12-29,Account,High,10,4,0
4520,2957,Enterprise,2024-12-12,2024-12-12,Integration,High,10,5,0
4521,2957,Enterprise,2024-12-26,2024-12-29,Integration,Low,77,4,0
4522,2957,Enterprise,2025-01-08,2025-01-10,Onboarding,Medium,48,5,0
4523,2957,Enterprise,2024-12-28,2024-12-30,Technical,Medium,48,5,0
4524,2957,Enterprise,2025-01-02,2025-01-03,Onboarding,Medium,32,5,0
4525,2957,Enterprise,2024-12-21,2024-12-21,Feature Request,High,6,5,0
4526,2960,Business,2024-12-28,2024-12-29,Technical,Medium,47,5,0
4527,2962,Starter,2024-11-11,2024-11-12,Technical,Medium,25,1,0
4528,2962,Starter,2024-12-02,2024-12-06,Onboarding,Low,98,3,0
4529,2962,Pro,2024-12-17,2024-12-17,Onboarding,High,14,4,0
4530,2964,Enterprise,2024-12-25,2024-12-25,Performance,Medium,18,3,0
4531,2966,Pro,2023-11-03,2023-11-04,Onboarding,Medium,46,3,0
4532,2966,Pro,2023-12-08,2023-12-09,Performance,Medium,47,2,1
4533,2966,Pro,2023-11-21,2023-11-21,Onboarding,High,22,3,1
4534,2966,Pro,2023-12-07,2023-12-07,Performance,High,19,5,1
4535,2966,Starter,2023-12-02,2023-12-04,Performance,Low,50,4,1
4536,2966,Starter,2023-12-06,2023-12-07,Integration,Medium,35,2,1
4537,2966,Starter,2023-11-29,2023-12-02,Integration,Low,78,1,1
4538,2970,Starter,2023-09-22,2023-09-23,Account,Low,33,1,1
4539,2975,Starter,2023-09-16,2023-09-17,Performance,Medium,28,2,1
4540,2975,Starter,2023-09-15,2023-09-18,Onboarding,Low,77,2,1
4541,2975,Starter,2023-09-17,2023-09-18,Feature Request,Medium,26,1,1
4542,2977,Pro,2024-09-12,2024-09-12,Onboarding,Medium,16,3,1
4543,2977,Pro,2024-09-12,2024-09-13,Integration,Medium,41,1,1
4544,2977,Pro,2024-10-09,2024-10-09,Billing,High,19,3,1
4545,2977,Pro,2024-10-04,2024-10-05,Technical,Medium,29,4,1
4546,2977,Pro,2024-10-04,2024-10-04,Account,Critical,7,2,1
4547,2978,Starter,2024-01-26,2024-01-27,Integration,Medium,42,4,1
4548,2978,Starter,2024-02-03,2024-02-06,Integration,Low,74,3,1
4549,2978,Starter,2024-03-11,2024-03-12,Performance,Medium,39,4,1
4550,2983,Starter,2023-12-04,2023-12-06,Onboarding,Medium,48,2,1
4551,2983,Starter,2023-11-30,2023-11-30,Feature Request,High,10,2,1
4552,2988,Pro,2023-12-06,2023-12-07,Integration,Medium,36,5,0
4553,2988,Business,2024-12-28,2024-12-29,Onboarding,Low,40,4,0
4554,2988,Business,2025-01-10,2025-01-14,Feature Request,Low,112,3,0
4555,2990,Starter,2024-06-01,2024-06-01,Feature Request,High,21,2,1
4556,2990,Starter,2024-06-13,2024-06-14,Technical,Low,34,1,1
4557,2990,Starter,2024-06-11,2024-06-12,Integration,Medium,26,1,1
4558,2990,Starter,2024-07-09,2024-07-10,Billing,Medium,42,1,1
4559,2993,Pro,2023-11-09,2023-11-10,Technical,Medium,39,1,1
4560,2993,Pro,2023-12-10,2023-12-14,Feature Request,Low,112,2,1
4561,2994,Enterprise,2023-10-14,2023-10-15,Account,Medium,26,4,1
4562,2994,Enterprise,2023-09-29,2023-10-01,Feature Request,Medium,48,3,1
4563,2994,Enterprise,2023-09-29,2023-09-30,Feature Request,Low,44,1,1
4564,2994,Enterprise,2023-10-02,2023-10-03,Performance,Medium,24,4,1
4565,2994,Enterprise,2023-10-03,2023-10-04,Feature Request,Medium,40,1,1
4566,2994,Enterprise,2023-10-03,2023-10-05,Onboarding,Low,48,2,1
4567,2994,Enterprise,2023-09-22,2023-09-23,Account,Medium,29,4,1
4568,2994,Enterprise,2023-10-03,2023-10-06,Account,Low,93,1,1
4569,2994,Enterprise,2023-10-12,2023-10-13,Billing,Medium,41,1,1
4570,2994,Enterprise,2023-09-28,2023-10-01,Onboarding,Low,78,3,1
4571,2994,Enterprise,2023-09-26,2023-09-27,Integration,Medium,34,1,1
4572,2994,Enterprise,2023-10-13,2023-10-14,Performance,Medium,29,1,1
4573,3005,Starter,2024-10-01,2024-10-04,Account,Low,87,5,1
4574,3007,Enterprise,2025-01-09,2025-01-12,Feature Request,Low,91,2,0
4575,3007,Enterprise,2025-01-14,2025-01-15,Integration,Medium,36,4,0
4576,3007,Enterprise,2024-12-28,2024-12-29,Performance,Medium,25,3,0
4577,3007,Enterprise,2025-01-10,2025-01-14,Performance,Low,114,2,0
4578,3007,Enterprise,2024-12-19,2024-12-20,Integration,Medium,26,1,0
4579,3010,Enterprise,2024-08-15,2024-08-17,Feature Request,Medium,48,5,0
4580,3010,Enterprise,2024-08-15,2024-08-16,Integration,Medium,26,4,0
4581,3010,Enterprise,2024-07-24,2024-07-24,Technical,High,6,5,0
4582,3010,Enterprise,2024-08-21,2024-08-24,Feature Request,Low,91,4,0
4583,3010,Enterprise,2024-08-23,2024-08-25,Technical,Low,64,4,0
4584,3010,Enterprise,2024-09-01,2024-09-02,Account,Low,33,2,0
4585,3010,Enterprise,2024-09-14,2024-09-15,Feature Request,Low,40,3,0
4586,3010,Enterprise,2024-09-14,2024-09-15,Performance,Medium,29,4,0
4587,3010,Enterprise,2024-08-28,2024-08-31,Technical,Low,74,5,0
4588,3010,Business,2025-01-15,2025-01-15,Performance,High,19,3,0
4589,3010,Business,2024-12-31,2025-01-01,Onboarding,Medium,43,5,0
4590,3010,Business,2025-01-16,2025-01-16,Performance,High,2,4,0
4591,3010,Business,2025-01-11,2025-01-13,Feature Request,Low,52,1,0
4592,3010,Business,2024-12-20,2024-12-20,Performance,High,4,5,0
4593,3011,Enterprise,2024-08-19,2024-08-23,Technical,Low,108,2,1
4594,3011,Enterprise,2024-08-22,2024-08-23,Integration,Low,36,2,1
4595,3011,Enterprise,2024-08-19,2024-08-23,Technical,Low,117,2,1
4596,3011,Enterprise,2024-08-25,2024-08-26,Billing,Low,31,3,1
4597,3011,Enterprise,2024-09-16,2024-09-17,Account,Low,41,1,1
4598,3011,Enterprise,2024-09-16,2024-09-16,Feature Request,Medium,9,1,1
4599,3011,Enterprise,2024-09-12,2024-09-13,Integration,Medium,37,3,1
4600,3011,Enterprise,2024-10-02,2024-10-03,Technical,Medium,24,3,1
4601,3011,Enterprise,2024-09-29,2024-09-29,Account,Medium,11,4,1
4602,3011,Enterprise,2024-09-19,2024-09-20,Integration,Medium,47,1,1
4603,3011,Enterprise,2024-10-15,2024-10-15,Performance,Medium,21,4,1
4604,3011,Enterprise,2024-09-21,2024-09-21,Technical,Medium,9,3,1
4605,3011,Enterprise,2024-09-24,2024-09-24,Billing,High,2,3,1
4606,3011,Enterprise,2024-10-10,2024-10-10,Technical,High,15,2,1
4607,3011,Enterprise,2024-09-28,2024-10-01,Billing,Low,92,1,1
4608,3011,Enterprise,2024-10-16,2024-10-16,Performance,High,16,1,1
4609,3014,Business,2023-12-30,2024-01-02,Account,Low,79,5,0
4610,3014,Business,2024-01-11,2024-01-13,Onboarding,Low,48,4,0
4611,3014,Business,2024-01-24,2024-01-24,Billing,Medium,15,5,0
4612,3014,Enterprise,2024-05-18,2024-05-22,Billing,Low,97,2,0
4613,3014,Enterprise,2024-05-13,2024-05-17,Onboarding,Low,96,4,0
4614,3014,Enterprise,2024-05-05,2024-05-06,Account,Low,36,5,0
4615,3014,Enterprise,2024-05-05,2024-05-05,Integration,Medium,8,3,0
4616,3014,Enterprise,2024-05-05,2024-05-06,Integration,Low,32,5,0
4617,3014,Enterprise,2024-05-07,2024-05-07,Account,High,22,4,0
4618,3014,Enterprise,2024-05-10,2024-05-10,Account,High,15,3,0
4619,3014,Enterprise,2024-05-13,2024-05-13,Account,Critical,7,4,0
4620,3014,Business,2024-12-27,2024-12-27,Technical,Medium,20,4,0
4621,3014,Business,2024-12-31,2024-12-31,Feature Request,High,8,4,0
4622,3015,Enterprise,2024-02-15,2024-02-19,Technical,Low,106,5,0
4623,3015,Enterprise,2024-02-02,2024-02-02,Performance,High,6,5,0
4624,3015,Enterprise,2024-03-14,2024-03-14,Feature Request,Medium,16,1,0
4625,3015,Enterprise,2024-03-17,2024-03-17,Onboarding,High,21,5,0
4626,3015,Enterprise,2024-03-09,2024-03-10,Feature Request,Medium,47,2,0
4627,3015,Enterprise,2024-03-06,2024-03-07,Technical,Low,34,4,0
4628,3015,Enterprise,2024-03-05,2024-03-08,Account,Low,72,4,0
4629,3015,Business,2024-03-27,2024-03-27,Onboarding,Critical,8,4,0
4630,3015,Business,2024-03-28,2024-03-29,Billing,Medium,35,4,0
4631,3015,Business,2024-05-14,2024-05-15,Integration,High,24,5,0
4632,3015,Business,2024-04-27,2024-04-27,Performance,High,6,4,0
4633,3015,Business,2024-05-11,2024-05-13,Performance,Medium,48,4,0
4634,3015,Business,2024-08-04,2024-08-04,Performance,High,9,4,0
4635,3015,Business,2024-10-08,2024-10-09,Integration,Medium,34,4,0
4636,3015,Business,2024-09-22,2024-09-26,Onboarding,Low,119,4,0
4637,3015,Business,2024-09-29,2024-09-30,Account,Low,47,4,0
4638,3015,Business,2024-09-22,2024-09-24,Performance,Low,51,3,0
4639,3015,Business,2024-10-01,2024-10-01,Technical,High,22,4,0
4640,3015,Business,2024-09-24,2024-09-24,Billing,Medium,20,4,0
4641,3015,Business,2024-09-23,2024-09-23,Account,High,10,4,0
4642,3015,Business,2024-10-31,2024-11-01,Billing,Medium,36,3,0
4643,3015,Business,2024-11-02,2024-11-02,Billing,High,16,4,0
4644,3015,Business,2024-11-28,2024-11-28,Billing,High,22,4,0
4645,3015,Business,2024-12-09,2024-12-10,Technical,Medium,25,2,0
4646,3015,Business,2024-11-30,2024-12-02,Onboarding,Low,49,4,0
4647,3015,Business,2024-12-04,2024-12-04,Integration,High,6,5,0
4648,3019,Pro,2024-07-25,2024-07-27,Performance,Low,59,2,1
4649,3019,Pro,2024-07-21,2024-07-21,Technical,High,13,1,1
4650,3019,Pro,2024-08-26,2024-08-27,Performance,Low,38,1,1
4651,3019,Pro,2024-08-26,2024-08-29,Account,Low,86,1,1
4652,3020,Business,2025-01-13,2025-01-14,Integration,Low,39,5,0
4653,3026,Starter,2023-11-11,2023-11-11,Technical,Medium,23,4,1
4654,3035,Enterprise,2024-02-06,2024-02-07,Technical,Medium,25,3,0
4655,3035,Enterprise,2024-01-26,2024-01-26,Onboarding,Medium,21,5,0
4656,3035,Enterprise,2024-03-19,2024-03-19,Account,Critical,4,5,0
4657,3035,Enterprise,2024-03-09,2024-03-10,Account,Low,31,5,0
4658,3035,Enterprise,2024-02-24,2024-02-24,Onboarding,Critical,8,4,0
4659,3035,Enterprise,2024-03-04,2024-03-05,Billing,Medium,24,5,0
4660,3035,Business,2024-03-03,2024-03-03,Performance,Medium,11,5,0
4661,3035,Pro,2024-09-07,2024-09-08,Account,Low,26,2,1
4662,3035,Pro,2024-09-15,2024-09-15,Billing,Medium,21,2,1
4663,3035,Pro,2024-09-14,2024-09-15,Technical,Medium,46,3,1
4664,3035,Pro,2024-09-02,2024-09-03,Integration,Low,45,2,1
4665,3035,Pro,2024-09-05,2024-09-06,Feature Request,Medium,38,4,1
4666,3035,Pro,2024-09-13,2024-09-14,Integration,Medium,29,4,1
4667,3035,Pro,2024-09-17,2024-09-18,Billing,Medium,39,5,1
4668,3035,Pro,2024-09-02,2024-09-02,Account,Critical,4,3,1
4669,3035,Pro,2024-09-19,2024-09-21,Performance,Low,54,2,1
4670,3035,Pro,2024-09-25,2024-09-26,Feature Request,Low,30,2,1
4671,3035,Pro,2024-09-25,2024-09-26,Integration,Low,24,2,1
4672,3036,Business,2023-12-18,2023-12-18,Onboarding,Medium,16,4,1
4673,3036,Business,2023-12-10,2023-12-11,Integration,Low,46,2,1
4674,3036,Business,2023-12-07,2023-12-10,Billing,Low,89,2,1
4675,3036,Business,2023-12-17,2023-12-17,Billing,Critical,3,3,1
4676,3036,Business,2023-12-15,2023-12-19,Billing,Low,99,1,1
4677,3039,Pro,2025-01-04,2025-01-05,Account,Low,33,5,0
4678,3042,Pro,2024-01-24,2024-01-25,Billing,Medium,46,3,1
4679,3042,Pro,2024-02-13,2024-02-13,Performance,Medium,22,2,1
4680,3042,Pro,2024-03-16,2024-03-19,Account,Low,94,1,1
4681,3042,Pro,2024-03-20,2024-03-21,Account,Medium,41,2,1
4682,3042,Pro,2024-02-24,2024-02-27,Account,Low,94,3,1
4683,3043,Enterprise,2024-01-31,2024-02-01,Performance,Medium,29,4,0
4684,3043,Enterprise,2024-02-09,2024-02-10,Account,Medium,43,5,0
4685,3043,Enterprise,2024-01-29,2024-02-02,Account,Low,102,5,0
4686,3043,Enterprise,2024-03-17,2024-03-21,Billing,Low,106,3,0
4687,3043,Business,2024-10-12,2024-10-12,Billing,High,18,4,0
4688,3043,Business,2024-10-11,2024-10-11,Technical,Critical,2,4,0
4689,3043,Business,2024-09-22,2024-09-25,Performance,Low,89,4,0
4690,3043,Enterprise,2024-12-02,2024-12-02,Account,High,16,3,0
4691,3043,Enterprise,2024-12-11,2024-12-11,Account,High,6,4,0
4692,3043,Business,2025-01-09,2025-01-10,Technical,Medium,38,4,0
4693,3043,Business,2025-01-08,2025-01-09,Performance,Medium,47,4,0
4694,3043,Business,2025-01-17,2025-01-18,Technical,Medium,28,4,0
4695,3043,Business,2024-12-22,2024-12-22,Integration,High,15,3,0
4696,3045,Starter,2024-12-12,2024-12-13,Account,Medium,24,3,1
4697,3045,Starter,2024-12-19,2024-12-19,Technical,High,5,2,1
4698,3045,Starter,2024-11-29,2024-11-29,Performance,High,2,1,1
4699,3050,Pro,2024-02-03,2024-02-03,Performance,Medium,23,5,0
4700,3050,Pro,2024-02-06,2024-02-07,Account,Medium,27,5,0
4701,3050,Business,2025-01-05,2025-01-08,Onboarding,Low,77,2,0
4702,3050,Business,2025-01-04,2025-01-05,Billing,Medium,26,4,0
4703,3050,Business,2025-01-19,2025-01-22,Onboarding,Low,89,5,0
4704,3051,Enterprise,2023-10-17,2023-10-18,Billing,High,24,4,0
4705,3051,Enterprise,2023-09-28,2023-09-29,Onboarding,Medium,24,4,0
4706,3051,Enterprise,2023-10-18,2023-10-19,Technical,Medium,43,5,0
4707,3051,Enterprise,2023-09-30,2023-10-01,Performance,Medium,27,5,0
4708,3051,Business,2024-08-19,2024-08-20,Integration,Medium,41,4,0
4709,3051,Business,2024-08-17,2024-08-17,Feature Request,Critical,4,4,0
4710,3051,Business,2024-09-13,2024-09-14,Performance,Medium,31,5,0
4711,3051,Business,2024-08-29,2024-08-30,Performance,Medium,27,2,0
4712,3051,Pro,2025-01-12,2025-01-12,Integration,High,2,3,0
4713,3052,Starter,2024-03-23,2024-03-23,Billing,Medium,18,1,1
4714,3052,Starter,2024-03-07,2024-03-10,Billing,Low,92,2,1
4715,3052,Starter,2024-03-15,2024-03-18,Account,Low,87,2,1
4716,3054,Enterprise,2025-01-18,2025-01-19,Integration,Low,24,4,0
4717,3059,Starter,2024-04-03,2024-04-06,Performance,Low,85,4,1
4718,3059,Starter,2024-05-13,2024-05-13,Account,High,3,1,1
4719,3059,Starter,2024-04-28,2024-04-28,Billing,Medium,14,4,1
4720,3059,Starter,2024-05-18,2024-05-20,Account,Low,52,4,1
4721,3062,Starter,2023-12-23,2023-12-23,Integration,Medium,23,3,1
4722,3062,Starter,2023-12-05,2023-12-07,Account,Low,63,2,1
4723,3062,Starter,2023-12-23,2023-12-23,Technical,High,4,2,1
4724,3062,Starter,2023-12-12,2023-12-12,Integration,Medium,10,2,1
4725,3073,Enterprise,2024-05-27,2024-05-27,Integration,Medium,9,3,0
4726,3073,Enterprise,2024-07-05,2024-07-06,Performance,Medium,25,4,0
4727,3073,Enterprise,2024-07-21,2024-07-24,Technical,Low,89,3,0
4728,3073,Enterprise,2024-07-11,2024-07-11,Billing,High,14,2,0
4729,3073,Business,2024-09-23,2024-09-23,Integration,Medium,15,2,1
4730,3073,Business,2024-10-04,2024-10-04,Account,High,9,3,1
4731,3073,Business,2024-10-10,2024-10-11,Integration,Medium,41,2,1
4732,3073,Business,2024-10-01,2024-10-03,Integration,Low,56,2,1
4733,3073,Business,2024-10-12,2024-10-12,Billing,Medium,8,3,1
4734,3076,Starter,2023-10-17,2023-10-17,Onboarding,Medium,17,1,1
4735,3077,Enterprise,2025-01-16,2025-01-17,Technical,Medium,36,4,0
4736,3077,Enterprise,2025-01-21,2025-01-21,Onboarding,High,15,4,0
4737,3077,Enterprise,2025-01-11,2025-01-13,Integration,Low,52,3,0
4738,3082,Starter,2023-12-23,2023-12-23,Integration,High,19,3,1
4739,3082,Starter,2023-12-24,2023-12-26,Technical,Low,64,1,1
4740,3089,Pro,2023-12-11,2023-12-12,Account,Medium,36,2,1
4741,3089,Pro,2023-12-05,2023-12-08,Feature Request,Low,75,1,1
4742,3093,Starter,2024-05-23,2024-05-27,Account,Low,118,1,1
4743,3093,Starter,2024-04-30,2024-05-03,Performance,Low,86,4,1
4744,3093,Starter,2024-04-30,2024-05-01,Onboarding,Medium,25,4,1
4745,3093,Starter,2024-05-21,2024-05-22,Onboarding,Medium,42,2,1
4746,3097,Starter,2023-10-08,2023-10-08,Onboarding,Medium,12,1,1
4747,3099,Enterprise,2025-01-03,2025-01-05,Onboarding,Low,51,5,0
4748,3099,Enterprise,2024-12-31,2025-01-04,Feature Request,Low,113,4,0
4749,3099,Enterprise,2025-01-17,2025-01-21,Technical,Low,103,5,0
4750,3099,Enterprise,2025-01-12,2025-01-13,Onboarding,Medium,27,4,0
4751,3099,Enterprise,2024-12-28,2024-12-28,Onboarding,Medium,15,4,0
4752,3099,Enterprise,2025-01-24,2025-01-25,Performance,Medium,31,4,0
4753,3099,Enterprise,2024-12-29,2024-12-30,Feature Request,Medium,40,5,0
4754,3099,Enterprise,2025-01-12,2025-01-12,Technical,Medium,12,3,0
4755,3100,Pro,2024-09-19,2024-09-21,Feature Request,Low,52,4,0
4756,3100,Pro,2024-09-17,2024-09-18,Onboarding,Medium,31,5,0
4757,3100,Pro,2024-10-19,2024-10-19,Onboarding,High,13,4,0
4758,3100,Pro,2024-10-16,2024-10-16,Technical,Medium,10,5,0
4759,3100,Pro,2024-10-04,2024-10-05,Account,Medium,41,3,0
4760,3100,Starter,2024-12-31,2025-01-03,Feature Request,Low,78,5,0
4761,3101,Enterprise,2024-09-23,2024-09-23,Feature Request,High,3,4,0
4762,3101,Enterprise,2024-09-23,2024-09-25,Performance,Low,71,5,0
4763,3101,Enterprise,2024-09-13,2024-09-13,Billing,Medium,14,2,0
4764,3101,Enterprise,2024-08-30,2024-09-01,Performance,Low,57,1,0
4765,3101,Enterprise,2024-10-20,2024-10-21,Performance,Low,46,3,0
4766,3101,Enterprise,2024-09-30,2024-10-04,Performance,Low,100,1,0
4767,3101,Enterprise,2024-10-02,2024-10-03,Onboarding,Medium,39,5,0
4768,3101,Business,2025-01-22,2025-01-22,Technical,High,14,3,0
4769,3102,Pro,2025-01-09,2025-01-09,Account,Critical,7,4,0
4770,3102,Pro,2025-01-16,2025-01-16,Billing,Critical,3,5,0
4771,3105,Pro,2024-10-11,2024-10-15,Feature Request,Low,118,4,0
4772,3107,Pro,2024-10-15,2024-10-15,Performance,High,2,1,1
4773,3107,Pro,2024-10-18,2024-10-18,Performance,Medium,20,3,1
4774,3107,Pro,2024-10-15,2024-10-17,Billing,Low,59,2,1
4775,3108,Starter,2024-07-04,2024-07-04,Account,High,21,3,1
4776,3108,Starter,2024-07-20,2024-07-20,Onboarding,Critical,5,4,1
4777,3108,Starter,2024-06-29,2024-06-29,Technical,Critical,3,2,1
4778,3108,Starter,2024-07-22,2024-07-24,Technical,Low,48,2,1
4779,3110,Starter,2024-02-14,2024-02-14,Billing,Medium,18,4,1
4780,3110,Starter,2024-02-21,2024-02-22,Technical,Low,31,3,1
4781,3113,Business,2023-10-28,2023-10-28,Integration,High,10,2,1
4782,3113,Business,2023-10-15,2023-10-16,Feature Request,Medium,41,3,1
4783,3113,Business,2023-10-10,2023-10-10,Account,High,4,1,1
4784,3113,Business,2023-10-26,2023-10-26,Onboarding,Critical,8,2,1
4785,3113,Business,2023-10-16,2023-10-16,Feature Request,Medium,21,2,1
4786,3113,Business,2023-10-02,2023-10-02,Account,High,7,3,1
4787,3121,Pro,2024-12-05,2024-12-06,Onboarding,Medium,27,4,0
4788,3121,Pro,2024-12-05,2024-12-05,Technical,High,5,4,0
4789,3125,Pro,2024-07-09,2024-07-09,Technical,Medium,19,4,1
4790,3125,Pro,2024-07-09,2024-07-10,Technical,Medium,40,1,1
4791,3125,Pro,2024-07-18,2024-07-19,Integration,Low,37,3,1
4792,3125,Pro,2024-08-29,2024-08-30,Account,Low,26,4,1
4793,3127,Business,2023-10-05,2023-10-05,Account,High,12,4,0
4794,3127,Business,2023-10-29,2023-11-02,Account,Low,107,3,0
4795,3127,Business,2023-10-23,2023-10-24,Performance,Medium,24,3,0
4796,3127,Business,2023-10-05,2023-10-06,Technical,Medium,47,3,0
4797,3127,Business,2023-11-19,2023-11-23,Feature Request,Low,102,3,0
4798,3127,Business,2023-11-11,2023-11-12,Performance,Medium,42,1,0
4799,3127,Pro,2023-12-20,2023-12-20,Integration,High,18,5,1
4800,3127,Pro,2023-12-25,2023-12-26,Onboarding,Low,44,4,1
4801,3127,Pro,2023-12-03,2023-12-03,Technical,Medium,9,3,1
4802,3127,Pro,2023-12-16,2023-12-19,Feature Request,Low,91,2,1
4803,3127,Pro,2024-01-03,2024-01-03,Integration,Medium,13,1,1
4804,3127,Pro,2024-01-26,2024-01-26,Account,Medium,14,4,1
4805,3128,Starter,2024-12-18,2024-12-19,Integration,Medium,43,5,0
4806,3129,Enterprise,2024-12-02,2024-12-02,Integration,High,14,4,0
4807,3129,Enterprise,2024-12-15,2024-12-16,Performance,Medium,33,5,0
4808,3130,Starter,2023-10-13,2023-10-13,Feature Request,Critical,8,4,1
4809,3130,Starter,2023-10-08,2023-10-08,Account,High,18,5,1
4810,3130,Starter,2023-10-10,2023-10-10,Feature Request,High,18,1,1
4811,3144,Business,2024-03-17,2024-03-17,Billing,Critical,6,3,0
4812,3144,Business,2024-04-17,2024-04-18,Feature Request,Medium,43,5,0
4813,3144,Enterprise,2024-12-12,2024-12-12,Billing,High,6,5,0
4814,3144,Enterprise,2024-12-22,2024-12-22,Feature Request,Medium,16,1,0
4815,3156,Starter,2024-03-19,2024-03-20,Integration,Low,32,5,0
4816,3156,Starter,2024-03-11,2024-03-11,Onboarding,High,4,2,0
4817,3156,Pro,2024-12-27,2024-12-28,Account,Medium,38,5,0
4818,3156,Pro,2024-12-19,2024-12-21,Feature Request,Low,53,4,0
4819,3157,Enterprise,2024-12-16,2024-12-18,Technical,Low,60,1,1
4820,3157,Enterprise,2024-12-16,2024-12-16,Billing,Critical,2,1,1
4821,3157,Enterprise,2024-12-25,2024-12-26,Integration,Medium,43,2,1
4822,3157,Enterprise,2025-01-02,2025-01-05,Billing,Low,92,2,1
4823,3157,Enterprise,2024-12-14,2024-12-14,Feature Request,Medium,13,3,1
4824,3157,Enterprise,2024-12-07,2024-12-07,Integration,High,3,3,1
4825,3157,Enterprise,2024-12-28,2025-01-01,Account,Low,107,3,1
4826,3157,Enterprise,2024-12-08,2024-12-09,Feature Request,Medium,43,3,1
4827,3157,Enterprise,2024-12-16,2024-12-18,Feature Request,Low,58,3,1
4828,3157,Enterprise,2024-12-14,2024-12-17,Onboarding,Low,79,2,1
4829,3157,Enterprise,2024-12-21,2024-12-21,Integration,Medium,17,2,1
4830,3161,Starter,2024-01-26,2024-01-30,Account,Low,98,1,1
4831,3161,Starter,2024-01-09,2024-01-09,Onboarding,Medium,18,1,1
4832,3161,Starter,2024-01-15,2024-01-16,Performance,Medium,35,1,1
4833,3163,Starter,2024-07-14,2024-07-14,Onboarding,Critical,8,1,1
4834,3163,Starter,2024-08-29,2024-09-01,Onboarding,Low,75,2,1
4835,3163,Starter,2024-08-19,2024-08-21,Account,Low,70,3,1
4836,3163,Starter,2024-08-19,2024-08-20,Feature Request,Low,35,3,1
4837,3163,Starter,2024-08-30,2024-09-01,Feature Request,Low,53,5,1
4838,3164,Starter,2024-11-07,2024-11-07,Account,Critical,2,4,0
4839,3164,Starter,2024-11-09,2024-11-10,Billing,Low,38,3,0
4840,3164,Pro,2024-12-10,2024-12-10,Onboarding,Critical,6,5,0
4841,3164,Pro,2024-12-21,2024-12-23,Integration,Low,65,4,0
4842,3175,Business,2024-12-16,2024-12-16,Technical,High,5,5,0
4843,3175,Business,2024-12-13,2024-12-14,Account,Medium,33,4,0
4844,3175,Business,2024-12-12,2024-12-12,Feature Request,High,18,4,0
4845,3175,Business,2024-12-26,2024-12-26,Technical,High,16,5,0
4846,3176,Starter,2024-04-10,2024-04-10,Onboarding,Medium,19,3,1
4847,3176,Starter,2024-05-01,2024-05-01,Billing,Medium,23,4,1
4848,3176,Starter,2024-04-29,2024-04-29,Technical,High,7,4,1
4849,3181,Pro,2024-02-24,2024-02-25,Performance,Medium,39,2,1
4850,3181,Pro,2024-02-10,2024-02-14,Feature Request,Low,114,3,1
4851,3181,Pro,2024-02-18,2024-02-19,Performance,Low,32,1,1
4852,3181,Pro,2024-02-18,2024-02-18,Onboarding,Medium,11,2,1
4853,3181,Pro,2024-02-09,2024-02-09,Feature Request,High,3,2,1
4854,3181,Pro,2024-02-10,2024-02-11,Technical,Low,29,2,1
4855,3181,Pro,2024-02-23,2024-02-24,Integration,Medium,26,1,1
4856,3183,Starter,2024-12-27,2024-12-31,Onboarding,Low,110,4,0
4857,3183,Starter,2024-12-25,2024-12-26,Technical,Medium,42,4,0
4858,3196,Business,2023-11-30,2023-11-30,Technical,Medium,17,2,1
4859,3196,Business,2023-11-21,2023-11-21,Billing,Medium,8,2,1
4860,3198,Business,2024-01-20,2024-01-21,Technical,Medium,33,1,1
4861,3198,Business,2024-01-13,2024-01-13,Performance,High,19,1,1
4862,3198,Business,2024-01-25,2024-01-28,Account,Low,76,1,1
4863,3198,Business,2024-02-17,2024-02-21,Onboarding,Low,111,3,1
4864,3198,Business,2024-03-03,2024-03-07,Account,Low,112,2,1
4865,3198,Business,2024-02-22,2024-02-26,Performance,Low,103,3,1
4866,3198,Business,2024-02-27,2024-02-28,Performance,Medium,41,1,1
4867,3199,Enterprise,2024-12-17,2024-12-19,Onboarding,Low,68,5,0
4868,3199,Enterprise,2024-12-23,2024-12-24,Performance,Medium,45,4,0
4869,3199,Enterprise,2024-12-20,2024-12-24,Account,Low,104,5,0
4870,3199,Enterprise,2024-12-23,2024-12-24,Feature Request,Medium,44,3,0
4871,3199,Enterprise,2024-12-15,2024-12-16,Integration,Medium,35,4,0
4872,3207,Enterprise,2024-12-27,2024-12-28,Performance,Medium,43,5,0
4873,3207,Enterprise,2025-01-04,2025-01-05,Integration,Medium,45,2,0
4874,3207,Enterprise,2025-01-02,2025-01-06,Performance,Low,97,5,0
4875,3207,Enterprise,2024-12-11,2024-12-12,Technical,Medium,30,3,0
4876,3207,Enterprise,2024-12-24,2024-12-25,Feature Request,Medium,36,4,0
4877,3207,Enterprise,2024-12-23,2024-12-24,Integration,High,24,5,0
4878,3207,Enterprise,2024-12-25,2024-12-27,Performance,Low,71,2,0
4879,3207,Enterprise,2024-12-10,2024-12-11,Onboarding,Medium,44,4,0
4880,3207,Enterprise,2025-01-04,2025-01-04,Billing,Critical,5,4,0
4881,3207,Enterprise,2024-12-23,2024-12-27,Technical,Low,117,4,0
4882,3207,Enterprise,2024-12-16,2024-12-17,Account,Medium,35,1,0
4883,3207,Enterprise,2024-12-31,2024-12-31,Performance,High,8,1,0
4884,3210,Pro,2024-09-16,2024-09-18,Performance,Low,67,1,1
4885,3220,Enterprise,2024-12-25,2024-12-26,Integration,Medium,39,1,1
4886,3220,Enterprise,2024-12-11,2024-12-12,Performance,Medium,32,5,1
4887,3220,Enterprise,2024-12-31,2025-01-03,Feature Request,Low,87,1,1
4888,3220,Enterprise,2024-12-24,2024-12-27,Billing,Low,75,2,1
4889,3220,Enterprise,2025-01-02,2025-01-03,Feature Request,High,24,3,1
4890,3220,Enterprise,2024-12-17,2024-12-18,Billing,Low,40,1,1
4891,3220,Enterprise,2024-12-13,2024-12-17,Onboarding,Low,108,2,1
4892,3220,Enterprise,2024-12-12,2024-12-13,Billing,High,24,2,1
4893,3220,Enterprise,2024-12-18,2024-12-20,Account,Low,71,3,1
4894,3220,Enterprise,2024-12-27,2024-12-28,Onboarding,Medium,40,2,1
4895,3220,Enterprise,2025-01-07,2025-01-07,Billing,Medium,22,2,1
4896,3220,Enterprise,2025-01-01,2025-01-02,Integration,Medium,26,1,1
4897,3221,Enterprise,2023-12-27,2023-12-28,Integration,Low,35,4,0
4898,3221,Enterprise,2023-12-21,2023-12-21,Integration,High,3,5,0
4899,3221,Enterprise,2024-01-02,2024-01-02,Account,High,19,3,0
4900,3221,Enterprise,2023-12-29,2024-01-01,Account,Low,92,5,0
4901,3221,Enterprise,2023-12-17,2023-12-17,Billing,High,15,3,0
4902,3221,Enterprise,2023-12-14,2023-12-14,Performance,Medium,22,5,0
4903,3221,Enterprise,2023-12-27,2023-12-27,Performance,High,2,2,0
4904,3221,Enterprise,2023-12-20,2023-12-24,Integration,Low,99,2,0
4905,3221,Business,2024-12-29,2025-01-01,Integration,Low,83,4,0
4906,3222,Enterprise,2025-01-06,2025-01-08,Feature Request,Low,48,2,0
4907,3222,Enterprise,2024-12-18,2024-12-22,Performance,Low,101,5,0
4908,3222,Enterprise,2024-12-28,2024-12-30,Onboarding,Low,52,4,0
4909,3222,Enterprise,2025-01-04,2025-01-05,Technical,Low,45,5,0
4910,3222,Enterprise,2024-12-13,2024-12-13,Account,High,11,4,0
4911,3222,Enterprise,2024-12-20,2024-12-21,Account,Medium,24,3,0
4912,3222,Enterprise,2024-12-12,2024-12-13,Performance,Medium,27,1,0
4913,3223,Enterprise,2025-01-09,2025-01-10,Onboarding,Low,35,2,0
4914,3223,Enterprise,2024-12-29,2025-01-02,Performance,Low,114,1,0
4915,3232,Starter,2023-10-14,2023-10-16,Feature Request,Low,49,3,1
4916,3232,Starter,2023-11-02,2023-11-02,Technical,High,12,2,1
4917,3238,Pro,2024-08-27,2024-08-27,Account,High,12,1,0
4918,3238,Pro,2024-09-13,2024-09-15,Feature Request,Low,61,4,0
4919,3238,Starter,2024-12-28,2024-12-28,Billing,High,12,2,1
4920,3261,Starter,2023-11-13,2023-11-17,Integration,Low,98,1,1
4921,3261,Starter,2023-12-09,2023-12-09,Feature Request,Medium,16,2,1
4922,3261,Starter,2023-11-28,2023-11-29,Onboarding,Low,38,3,1
4923,3261,Starter,2023-11-27,2023-11-28,Performance,Medium,36,3,1
4924,3263,Enterprise,2025-01-02,2025-01-02,Feature Request,High,20,4,0
4925,3263,Enterprise,2024-12-23,2024-12-23,Integration,Critical,4,4,0
4926,3270,Starter,2023-10-29,2023-10-29,Account,Medium,12,3,0
4927,3270,Starter,2023-12-06,2023-12-06,Performance,High,7,1,0
4928,3270,Starter,2023-12-14,2023-12-15,Onboarding,Medium,28,3,0
4929,3270,Starter,2023-11-20,2023-11-21,Onboarding,Medium,38,1,0
4930,3270,Pro,2025-01-10,2025-01-13,Integration,Low,90,4,0
4931,3280,Enterprise,2024-03-21,2024-03-25,Technical,Low,97,3,0
4932,3280,Enterprise,2024-03-28,2024-03-29,Performance,Medium,46,5,0
4933,3280,Enterprise,2024-04-11,2024-04-13,Performance,Low,52,4,0
4934,3280,Enterprise,2024-03-18,2024-03-20,Technical,Low,66,1,0
4935,3280,Enterprise,2024-04-19,2024-04-19,Billing,Medium,17,3,0
4936,3280,Business,2025-01-04,2025-01-05,Integration,Medium,41,1,1
4937,3280,Business,2025-01-08,2025-01-08,Billing,Critical,6,1,1
4938,3280,Business,2025-01-08,2025-01-11,Feature Request,Low,91,2,1
4939,3280,Business,2024-12-24,2024-12-24,Technical,High,12,2,1
4940,3280,Business,2024-12-28,2024-12-28,Billing,Medium,15,1,1
4941,3280,Business,2024-12-30,2024-12-31,Integration,Medium,32,2,1
4942,3282,Starter,2023-11-01,2023-11-01,Feature Request,Medium,13,1,1
4943,3282,Starter,2023-12-07,2023-12-07,Billing,High,12,2,1
4944,3282,Starter,2023-12-09,2023-12-10,Integration,Medium,37,4,1
4945,3282,Starter,2023-12-08,2023-12-12,Performance,Low,105,5,1
4946,3284,Pro,2024-05-25,2024-05-26,Billing,Low,35,4,0
4947,3284,Pro,2024-05-28,2024-05-28,Integration,Medium,18,5,0
4948,3284,Pro,2024-06-27,2024-06-27,Technical,High,20,4,0
4949,3284,Pro,2024-06-19,2024-06-19,Billing,Medium,18,2,0
4950,3286,Starter,2025-01-05,2025-01-08,Feature Request,Low,91,4,0
4951,3289,Enterprise,2023-12-20,2023-12-20,Billing,High,18,5,0
4952,3289,Enterprise,2024-01-10,2024-01-11,Feature Request,Low,30,4,0
4953,3289,Enterprise,2023-12-20,2023-12-20,Performance,High,11,5,0
4954,3289,Enterprise,2024-01-18,2024-01-20,Integration,Low,59,5,0
4955,3289,Enterprise,2024-01-23,2024-01-23,Performance,Medium,9,4,0
4956,3289,Enterprise,2024-01-25,2024-01-25,Technical,High,2,3,0
4957,3289,Enterprise,2024-02-08,2024-02-10,Billing,Medium,48,4,0
4958,3289,Enterprise,2024-02-01,2024-02-02,Performance,Low,47,5,0
4959,3289,Business,2025-01-02,2025-01-03,Performance,Low,46,4,0
4960,3289,Business,2025-01-03,2025-01-03,Onboarding,Medium,15,3,0
4961,3289,Business,2024-12-21,2024-12-24,Performance,Low,78,4,0
4962,3290,Pro,2025-01-14,2025-01-15,Technical,Medium,28,4,0
4963,3290,Pro,2025-01-11,2025-01-13,Feature Request,Low,62,3,0
4964,3290,Pro,2024-12-31,2025-01-01,Performance,Medium,35,4,0
4965,3290,Pro,2024-12-20,2024-12-22,Integration,Low,51,4,0
4966,3294,Business,2024-10-18,2024-10-21,Performance,Low,75,2,1
4967,3294,Business,2024-10-12,2024-10-12,Technical,High,9,3,1
4968,3294,Business,2024-10-08,2024-10-08,Performance,High,22,2,1
4969,3294,Business,2024-10-01,2024-10-01,Integration,High,2,3,1
4970,3301,Pro,2023-12-03,2023-12-04,Onboarding,Low,43,4,0
4971,3301,Starter,2024-02-27,2024-02-28,Technical,Medium,33,3,1
4972,3301,Starter,2024-03-10,2024-03-12,Performance,Low,52,2,1
4973,3305,Pro,2024-03-12,2024-03-12,Onboarding,Critical,8,3,0
4974,3305,Business,2024-12-27,2024-12-27,Technical,Medium,12,5,0
4975,3308,Enterprise,2025-01-08,2025-01-11,Integration,Low,85,3,0
4976,3308,Enterprise,2024-12-24,2024-12-24,Technical,Medium,14,3,0
4977,3308,Enterprise,2025-01-14,2025-01-18,Onboarding,Low,108,4,0
4978,3310,Pro,2025-01-04,2025-01-04,Integration,Medium,9,2,0
4979,3313,Pro,2024-02-08,2024-02-09,Feature Request,Medium,46,3,0
4980,3313,Pro,2024-02-18,2024-02-19,Account,Low,43,5,0
4981,3313,Pro,2024-02-21,2024-02-21,Onboarding,Medium,19,3,0
4982,3313,Pro,2024-02-23,2024-02-23,Feature Request,High,21,3,0
4983,3313,Business,2024-05-05,2024-05-05,Billing,Medium,12,2,1
4984,3313,Business,2024-05-05,2024-05-06,Feature Request,Medium,34,1,1
4985,3313,Business,2024-05-05,2024-05-05,Onboarding,Critical,8,2,1
4986,3313,Business,2024-05-12,2024-05-12,Billing,High,7,3,1
4987,3313,Business,2024-04-23,2024-04-23,Account,Medium,22,2,1
4988,3313,Business,2024-04-21,2024-04-22,Billing,Medium,25,2,1
4989,3316,Business,2024-01-31,2024-02-02,Feature Request,Low,60,2,0
4990,3316,Business,2024-02-08,2024-02-08,Account,Critical,6,4,0
4991,3316,Business,2024-02-13,2024-02-13,Onboarding,Medium,10,5,0
4992,3316,Business,2024-02-04,2024-02-07,Technical,Low,78,4,0
4993,3316,Business,2024-02-11,2024-02-12,Performance,Medium,47,4,0
4994,3316,Business,2024-03-11,2024-03-15,Integration,Low,102,2,0
4995,3316,Enterprise,2024-12-26,2024-12-27,Onboarding,Medium,42,4,0
4996,3316,Enterprise,2025-01-08,2025-01-09,Feature Request,Low,28,3,0
4997,3320,Business,2024-03-08,2024-03-08,Account,High,18,4,0
4998,3323,Business,2024-11-26,2024-11-27,Account,Medium,43,4,0
4999,3323,Business,2024-11-27,2024-11-27,Technical,High,23,4,0
5000,3323,Business,2024-12-10,2024-12-12,Billing,Low,68,4,0
5001,3323,Business,2024-12-01,2024-12-02,Onboarding,Medium,37,5,0
5002,3323,Enterprise,2025-01-14,2025-01-14,Feature Request,Critical,4,3,0
5003,3323,Enterprise,2025-01-14,2025-01-18,Performance,Low,96,2,0
5004,3323,Enterprise,2025-01-02,2025-01-06,Technical,Low,112,5,0
5005,3323,Enterprise,2024-12-23,2024-12-24,Feature Request,Medium,35,2,0
5006,3323,Enterprise,2025-01-14,2025-01-16,Billing,Low,69,4,0
5007,3323,Enterprise,2025-01-13,2025-01-16,Billing,Low,79,5,0
5008,3325,Enterprise,2024-12-23,2024-12-23,Onboarding,Medium,10,2,0
5009,3326,Starter,2023-12-08,2023-12-08,Performance,Medium,11,2,1
5010,3326,Starter,2023-11-28,2023-11-29,Billing,Low,45,1,1
5011,3326,Starter,2023-11-28,2023-11-29,Onboarding,Medium,47,2,1
5012,3336,Starter,2024-02-18,2024-02-20,Billing,Low,50,3,1
5013,3336,Starter,2024-01-28,2024-01-31,Feature Request,Low,81,1,1
5014,3336,Starter,2024-03-22,2024-03-23,Account,Medium,28,2,1
5015,3340,Pro,2025-01-14,2025-01-14,Technical,High,5,4,0
5016,3342,Business,2024-08-26,2024-08-26,Account,Critical,4,5,0
5017,3342,Business,2024-10-19,2024-10-20,Integration,Low,26,3,0
5018,3344,Starter,2024-01-29,2024-01-30,Feature Request,Low,27,3,1
5019,3344,Starter,2024-02-15,2024-02-15,Onboarding,High,19,1,1
5020,3344,Starter,2024-01-25,2024-01-27,Account,Low,64,3,1
5021,3344,Starter,2024-03-16,2024-03-17,Feature Request,Medium,24,2,1
5022,3344,Starter,2024-03-11,2024-03-11,Integration,Medium,12,3,1
5023,3345,Starter,2023-11-06,2023-11-07,Performance,Medium,38,3,1
5024,3345,Starter,2023-11-19,2023-11-20,Onboarding,Medium,34,2,1
5025,3345,Starter,2023-12-17,2023-12-18,Account,Medium,35,4,1
5026,3345,Starter,2023-12-18,2023-12-19,Account,Medium,40,3,1
5027,3345,Starter,2023-12-01,2023-12-01,Technical,High,20,2,1
5028,3347,Pro,2024-07-02,2024-07-02,Technical,Medium,11,3,1
5029,3347,Pro,2024-07-01,2024-07-01,Account,Critical,5,1,1
5030,3354,Enterprise,2024-04-16,2024-04-18,Onboarding,Low,54,1,1
5031,3354,Enterprise,2024-04-04,2024-04-05,Integration,Medium,34,4,1
5032,3354,Enterprise,2024-03-31,2024-04-01,Onboarding,Medium,44,4,1
5033,3354,Enterprise,2024-04-10,2024-04-10,Billing,Medium,17,2,1
5034,3354,Enterprise,2024-03-28,2024-03-29,Technical,Medium,32,2,1
5035,3354,Enterprise,2024-04-06,2024-04-09,Feature Request,Low,86,2,1
5036,3354,Enterprise,2024-04-22,2024-04-22,Integration,High,10,5,1
5037,3354,Enterprise,2024-04-21,2024-04-23,Account,Low,49,3,1
5038,3354,Enterprise,2024-04-12,2024-04-16,Technical,Low,111,1,1
5039,3354,Enterprise,2024-04-20,2024-04-20,Feature Request,High,6,4,1
5040,3354,Enterprise,2024-04-20,2024-04-21,Account,Medium,27,4,1
5041,3354,Enterprise,2024-05-01,2024-05-05,Onboarding,Low,112,1,1
5042,3354,Enterprise,2024-05-18,2024-05-18,Integration,Medium,13,3,1
5043,3360,Pro,2025-01-07,2025-01-09,Billing,Low,69,2,0
5044,3365,Starter,2024-06-15,2024-06-19,Integration,Low,105,1,1
5045,3365,Starter,2024-06-12,2024-06-14,Integration,Low,58,1,1
5046,3365,Starter,2024-07-09,2024-07-09,Technical,Medium,12,2,1
5047,3365,Starter,2024-07-04,2024-07-09,Integration,Low,120,2,1
5048,3366,Pro,2024-01-30,2024-02-02,Integration,Low,90,5,0
5049,3366,Pro,2024-03-23,2024-03-23,Billing,High,16,3,0
5050,3366,Business,2024-07-08,2024-07-09,Billing,Low,29,5,0
5051,3366,Business,2024-07-25,2024-07-26,Billing,Low,33,4,0
5052,3366,Business,2024-07-11,2024-07-11,Performance,High,13,4,0
5053,3366,Business,2024-07-21,2024-07-21,Account,Critical,1,4,0
5054,3366,Enterprise,2025-01-02,2025-01-04,Account,Low,59,4,0
5055,3366,Enterprise,2025-01-09,2025-01-10,Billing,Low,41,3,0
5056,3366,Enterprise,2024-12-31,2024-12-31,Feature Request,Medium,10,3,0
5057,3366,Enterprise,2025-01-02,2025-01-02,Billing,High,7,4,0
5058,3366,Enterprise,2024-12-29,2024-12-30,Feature Request,Low,26,5,0
5059,3366,Enterprise,2025-01-11,2025-01-12,Account,Medium,43,1,0
5060,3366,Enterprise,2025-01-09,2025-01-10,Account,Medium,28,3,0
5061,3366,Enterprise,2025-01-02,2025-01-02,Account,High,14,4,0
5062,3371,Business,2025-01-11,2025-01-11,Performance,High,16,2,0
5063,3371,Business,2025-01-08,2025-01-08,Billing,High,23,4,0
5064,3371,Business,2024-12-31,2024-12-31,Performance,Medium,13,4,0
5065,3376,Starter,2024-05-05,2024-05-06,Account,Medium,31,4,1
5066,3376,Starter,2024-05-01,2024-05-02,Integration,Medium,45,1,1
5067,3376,Starter,2024-05-04,2024-05-04,Technical,Medium,16,3,1
5068,3380,Pro,2025-01-22,2025-01-23,Account,Low,41,2,0
5069,3381,Enterprise,2025-01-10,2025-01-11,Billing,Medium,40,2,0
5070,3381,Enterprise,2025-01-02,2025-01-02,Onboarding,Critical,6,5,0
5071,3381,Enterprise,2025-01-16,2025-01-19,Feature Request,Low,73,5,0
5072,3384,Business,2025-01-06,2025-01-07,Onboarding,Low,29,4,0
5073,3384,Business,2025-01-13,2025-01-13,Feature Request,High,17,4,0
5074,3384,Business,2025-01-13,2025-01-13,Performance,Critical,8,4,0
5075,3388,Starter,2023-12-16,2023-12-17,Technical,Low,41,1,1
5076,3388,Starter,2023-12-10,2023-12-10,Technical,Medium,23,3,1
5077,3389,Pro,2024-02-08,2024-02-08,Integration,Critical,1,1,1
5078,3389,Pro,2024-02-25,2024-02-25,Feature Request,Critical,5,3,1
5079,3389,Pro,2024-02-14,2024-02-14,Onboarding,Critical,7,5,1
5080,3389,Pro,2024-03-11,2024-03-15,Performance,Low,103,4,1
5081,3390,Business,2025-01-15,2025-01-16,Integration,Low,37,4,0
5082,3390,Business,2025-01-20,2025-01-24,Integration,Low,117,3,0
5083,3390,Business,2024-12-29,2024-12-29,Integration,Critical,2,3,0
5084,3390,Business,2025-01-09,2025-01-11,Onboarding,Low,58,3,0
5085,3390,Business,2025-01-19,2025-01-23,Integration,Low,105,1,0
5086,3395,Starter,2023-11-15,2023-11-17,Performance,Medium,48,1,1
5087,3395,Starter,2023-12-18,2023-12-18,Performance,High,4,2,1
5088,3395,Starter,2023-12-24,2023-12-24,Feature Request,High,14,3,1
5089,3395,Starter,2023-12-18,2023-12-22,Integration,Low,107,1,1
5090,3397,Pro,2024-03-29,2024-03-30,Feature Request,Medium,29,2,1
5091,3397,Pro,2024-04-02,2024-04-02,Account,High,11,2,1
5092,3397,Pro,2024-04-07,2024-04-08,Technical,Medium,43,2,1
5093,3397,Pro,2024-04-30,2024-05-04,Performance,Low,100,1,1
5094,3400,Business,2023-12-07,2023-12-09,Feature Request,Low,63,4,0
5095,3400,Business,2023-12-04,2023-12-08,Performance,Low,119,4,0
5096,3400,Pro,2025-01-08,2025-01-09,Performance,Medium,34,3,0
5097,3402,Pro,2024-07-10,2024-07-10,Billing,Medium,15,5,0
5098,3402,Starter,2024-11-19,2024-11-21,Technical,Low,56,1,1
5099,3402,Starter,2024-12-02,2024-12-03,Technical,Medium,27,2,1
5100,3402,Starter,2024-12-05,2024-12-09,Onboarding,Low,101,2,1
5101,3404,Pro,2023-12-30,2023-12-30,Onboarding,High,12,4,0
5102,3404,Starter,2024-02-29,2024-03-01,Integration,Low,37,3,1
5103,3405,Enterprise,2024-06-17,2024-06-17,Billing,Medium,14,4,0
5104,3405,Enterprise,2024-05-30,2024-06-03,Billing,Low,102,3,0
5105,3405,Enterprise,2024-06-17,2024-06-18,Account,Medium,25,2,0
5106,3405,Enterprise,2024-07-26,2024-07-27,Account,Medium,39,4,0
5107,3405,Enterprise,2024-07-07,2024-07-07,Technical,High,8,5,0
5108,3405,Enterprise,2024-07-04,2024-07-05,Feature Request,Medium,28,3,0
5109,3405,Enterprise,2024-07-22,2024-07-23,Performance,Medium,44,4,0
5110,3405,Enterprise,2024-07-15,2024-07-19,Technical,Low,113,5,0
5111,3405,Business,2025-01-25,2025-01-26,Integration,Medium,31,5,0
5112,3408,Enterprise,2023-11-02,2023-11-03,Technical,Low,37,4,0
5113,3408,Enterprise,2023-11-13,2023-11-14,Billing,Medium,33,4,0
5114,3408,Enterprise,2023-11-28,2023-11-30,Feature Request,Low,56,3,0
5115,3408,Enterprise,2023-11-15,2023-11-15,Onboarding,Medium,15,5,0
5116,3408,Business,2024-03-22,2024-03-22,Billing,High,2,2,0
5117,3408,Business,2024-03-06,2024-03-08,Feature Request,Low,61,4,0
5118,3408,Enterprise,2025-01-07,2025-01-07,Account,High,22,3,0
5119,3408,Enterprise,2025-01-01,2025-01-01,Account,Medium,19,5,0
5120,3408,Enterprise,2025-01-23,2025-01-24,Integration,Medium,41,4,0
5121,3408,Enterprise,2024-12-30,2024-12-31,Integration,Medium,29,5,0
5122,3408,Enterprise,2025-01-08,2025-01-12,Integration,Low,97,2,0
5123,3408,Enterprise,2025-01-11,2025-01-12,Billing,Medium,37,3,0
5124,3408,Enterprise,2025-01-02,2025-01-06,Integration,Low,107,4,0
5125,3412,Starter,2024-02-21,2024-02-22,Integration,Low,30,2,1
5126,3413,Pro,2024-04-28,2024-04-28,Technical,Medium,11,5,1
5127,3413,Pro,2024-04-10,2024-04-13,Technical,Low,85,2,1
5128,3415,Pro,2024-11-23,2024-11-23,Feature Request,High,19,3,1
5129,3415,Pro,2024-11-06,2024-11-10,Integration,Low,117,3,1
5130,3415,Pro,2024-11-29,2024-11-30,Performance,Low,36,4,1
5131,3416,Pro,2024-01-17,2024-01-17,Performance,High,9,1,1
5132,3416,Pro,2024-01-06,2024-01-06,Integration,Medium,21,1,1
5133,3416,Pro,2024-02-10,2024-02-10,Technical,High,11,3,1
5134,3416,Pro,2024-02-28,2024-02-29,Integration,Medium,29,4,1
5135,3416,Pro,2024-02-17,2024-02-18,Technical,Medium,44,2,1
5136,3416,Pro,2024-02-27,2024-03-01,Billing,Low,75,1,1
5137,3418,Starter,2024-01-04,2024-01-07,Feature Request,Low,75,3,1
5138,3418,Starter,2024-02-06,2024-02-07,Account,Medium,25,1,1
5139,3425,Pro,2024-02-25,2024-02-25,Account,High,23,2,0
5140,3425,Pro,2024-02-23,2024-02-26,Billing,Low,91,1,0
5141,3425,Pro,2024-02-24,2024-02-25,Billing,Medium,47,2,0
5142,3425,Business,2024-06-21,2024-06-22,Technical,Medium,24,4,0
5143,3425,Business,2024-06-25,2024-06-25,Feature Request,Critical,4,4,0
5144,3425,Business,2024-06-27,2024-06-28,Feature Request,Medium,29,5,0
5145,3425,Business,2024-06-01,2024-06-02,Billing,Low,42,4,0
5146,3425,Enterprise,2024-12-22,2024-12-25,Integration,Low,95,5,0
5147,3425,Enterprise,2024-12-11,2024-12-11,Account,Medium,23,4,0
5148,3425,Enterprise,2024-12-04,2024-12-07,Onboarding,Low,78,5,0
5149,3425,Enterprise,2024-12-05,2024-12-05,Account,High,4,4,0
5150,3426,Starter,2024-12-16,2024-12-20,Feature Request,Low,96,3,0
5151,3426,Starter,2024-12-01,2024-12-04,Onboarding,Low,94,5,0
5152,3427,Pro,2023-11-18,2023-11-19,Account,Medium,24,5,0
5153,3427,Starter,2023-12-10,2023-12-11,Technical,Medium,38,2,1
5154,3427,Starter,2023-12-02,2023-12-05,Performance,Low,80,1,1
5155,3427,Starter,2023-12-21,2023-12-21,Performance,Critical,7,3,1
5156,3427,Starter,2023-12-07,2023-12-07,Performance,High,23,3,1
5157,3427,Starter,2024-01-01,2024-01-01,Integration,Medium,10,2,1
5158,3427,Starter,2024-01-28,2024-01-28,Feature Request,Medium,20,1,1
5159,3427,Starter,2024-01-10,2024-01-11,Account,Medium,25,5,1
5160,3428,Enterprise,2024-12-03,2024-12-04,Integration,Medium,38,4,0
5161,3428,Enterprise,2024-12-15,2024-12-17,Integration,Low,57,5,0
5162,3428,Enterprise,2024-12-03,2024-12-03,Onboarding,Medium,9,3,0
5163,3428,Enterprise,2024-12-16,2024-12-19,Technical,Low,90,4,0
5164,3428,Enterprise,2024-12-17,2024-12-18,Billing,Low,47,2,0
5165,3428,Enterprise,2024-12-26,2024-12-26,Onboarding,Medium,13,5,0
5166,3428,Enterprise,2024-12-06,2024-12-07,Account,Medium,25,3,0
5167,3428,Enterprise,2024-12-28,2024-12-29,Account,High,24,5,0
5168,3429,Starter,2024-10-04,2024-10-05,Technical,Medium,38,2,1
5169,3429,Starter,2024-11-03,2024-11-04,Feature Request,Medium,32,3,1
5170,3429,Starter,2024-11-20,2024-11-20,Performance,High,5,1,1
5171,3429,Starter,2024-11-11,2024-11-11,Onboarding,High,6,2,1
5172,3432,Pro,2024-12-17,2024-12-18,Performance,Medium,27,5,0
5173,3435,Enterprise,2024-12-07,2024-12-11,Integration,Low,118,5,0
5174,3435,Enterprise,2024-12-29,2025-01-01,Technical,Low,89,3,0
5175,3435,Enterprise,2024-12-11,2024-12-12,Account,Medium,46,3,0
5176,3435,Enterprise,2024-12-23,2024-12-23,Technical,Medium,21,5,0
5177,3435,Enterprise,2024-12-06,2024-12-09,Billing,Low,93,5,0
5178,3437,Pro,2024-01-21,2024-01-21,Feature Request,Medium,14,5,1
5179,3437,Pro,2024-01-21,2024-01-22,Integration,Low,45,3,1
5180,3437,Pro,2024-01-22,2024-01-22,Onboarding,Medium,10,1,1
5181,3437,Pro,2024-01-09,2024-01-09,Onboarding,Medium,23,5,1
5182,3437,Pro,2024-01-20,2024-01-20,Integration,Critical,1,2,1
5183,3437,Pro,2024-01-15,2024-01-15,Billing,High,21,4,1
5184,3437,Pro,2024-01-04,2024-01-04,Account,Medium,22,2,1
5185,3437,Pro,2024-01-08,2024-01-12,Technical,Low,101,2,1
5186,3437,Pro,2024-02-11,2024-02-12,Feature Request,Medium,34,3,1
5187,3439,Pro,2024-12-23,2024-12-24,Technical,High,24,2,0
5188,3440,Enterprise,2024-12-10,2024-12-10,Integration,High,4,5,0
5189,3445,Business,2023-11-03,2023-11-07,Billing,Low,116,3,0
5190,3445,Business,2023-11-19,2023-11-19,Feature Request,High,2,3,0
5191,3447,Pro,2024-12-06,2024-12-06,Account,Medium,18,2,0
5192,3448,Enterprise,2023-11-13,2023-11-13,Integration,Medium,10,3,0
5193,3448,Enterprise,2023-11-24,2023-11-26,Account,Low,52,5,0
5194,3448,Enterprise,2023-11-22,2023-11-24,Feature Request,Low,51,3,0
5195,3448,Enterprise,2023-11-19,2023-11-19,Feature Request,Medium,10,3,0
5196,3448,Business,2024-12-25,2024-12-26,Performance,Medium,42,3,0
5197,3448,Business,2024-12-28,2024-12-30,Integration,Low,63,4,0
5198,3450,Pro,2024-04-26,2024-04-27,Technical,Medium,35,5,0
5199,3450,Pro,2024-04-13,2024-04-16,Technical,Low,72,4,0
5200,3452,Pro,2023-11-15,2023-11-19,Account,Low,113,4,0
5201,3452,Pro,2023-11-06,2023-11-08,Technical,Low,51,3,0
5202,3452,Business,2024-04-16,2024-04-16,Billing,Medium,21,2,1
5203,3452,Business,2024-04-28,2024-04-28,Integration,High,16,3,1
5204,3452,Business,2024-05-02,2024-05-03,Account,Medium,33,2,1
5205,3456,Business,2024-02-07,2024-02-08,Feature Request,Medium,42,4,0
5206,3456,Pro,2024-12-20,2024-12-21,Performance,Low,24,5,0
5207,3459,Pro,2024-09-15,2024-09-15,Technical,High,7,2,1
5208,3463,Enterprise,2024-12-25,2024-12-26,Billing,Low,28,4,0
5209,3463,Enterprise,2024-12-21,2024-12-22,Technical,Medium,45,5,0
5210,3463,Enterprise,2024-12-22,2024-12-22,Billing,Medium,14,3,0
5211,3463,Enterprise,2024-12-23,2024-12-25,Billing,Low,51,3,0
5212,3468,Enterprise,2024-12-21,2024-12-23,Technical,Low,57,3,0
5213,3468,Enterprise,2024-12-14,2024-12-14,Technical,Medium,22,4,0
5214,3468,Enterprise,2024-12-25,2024-12-26,Feature Request,Medium,29,3,0
5215,3470,Starter,2024-01-24,2024-01-25,Account,Low,36,4,1
5216,3470,Starter,2024-01-06,2024-01-07,Feature Request,Medium,25,3,1
5217,3470,Starter,2024-01-05,2024-01-05,Integration,Medium,8,3,1
5218,3470,Starter,2024-01-22,2024-01-24,Billing,Low,64,1,1
5219,3471,Pro,2024-02-15,2024-02-19,Technical,Low,112,5,0
5220,3471,Pro,2024-02-25,2024-02-26,Billing,Low,31,5,0
5221,3471,Starter,2024-12-14,2024-12-15,Billing,Medium,25,4,0
5222,3471,Starter,2024-12-19,2024-12-20,Account,Medium,46,3,0
5223,3473,Enterprise,2023-12-31,2024-01-01,Billing,Medium,33,3,1
5224,3473,Enterprise,2023-12-24,2023-12-28,Integration,Low,116,2,1
5225,3473,Enterprise,2023-12-22,2023-12-24,Billing,Low,56,4,1
5226,3473,Enterprise,2023-12-17,2023-12-19,Technical,Low,57,4,1
5227,3473,Enterprise,2023-12-22,2023-12-23,Integration,Medium,26,2,1
5228,3473,Enterprise,2024-01-24,2024-01-28,Billing,Low,101,1,1
5229,3473,Enterprise,2024-01-22,2024-01-22,Integration,High,7,1,1
5230,3473,Enterprise,2024-01-25,2024-01-27,Onboarding,Low,50,2,1
5231,3473,Enterprise,2024-01-10,2024-01-10,Technical,Medium,23,4,1
5232,3473,Enterprise,2024-01-19,2024-01-21,Technical,Low,69,2,1
5233,3473,Enterprise,2024-01-18,2024-01-18,Account,Medium,8,1,1
5234,3473,Enterprise,2024-01-25,2024-01-25,Performance,Medium,10,5,1
5235,3473,Enterprise,2024-01-08,2024-01-10,Feature Request,Low,53,4,1
5236,3475,Pro,2024-05-19,2024-05-19,Account,Critical,7,4,0
5237,3475,Pro,2024-06-16,2024-06-18,Account,Medium,48,4,0
5238,3475,Business,2024-12-22,2024-12-24,Performance,Low,71,5,0
5239,3475,Business,2024-12-08,2024-12-11,Performance,Low,95,3,0
5240,3478,Pro,2024-01-22,2024-01-22,Integration,Medium,12,1,1
5241,3478,Pro,2024-02-01,2024-02-01,Integration,Critical,6,1,1
5242,3478,Pro,2024-02-24,2024-02-26,Performance,Low,49,2,1
5243,3479,Starter,2024-02-12,2024-02-12,Billing,Medium,11,1,1
5244,3479,Starter,2024-02-07,2024-02-08,Billing,Medium,27,2,1
5245,3487,Enterprise,2024-01-09,2024-01-12,Onboarding,Low,95,2,0
5246,3487,Enterprise,2024-02-04,2024-02-04,Billing,High,17,3,0
5247,3487,Enterprise,2024-01-09,2024-01-13,Performance,Low,118,5,0
5248,3487,Enterprise,2024-01-12,2024-01-16,Integration,Low,118,1,0
5249,3487,Enterprise,2024-01-10,2024-01-13,Performance,Low,87,5,0
5250,3487,Enterprise,2024-02-13,2024-02-16,Onboarding,Low,80,5,0
5251,3487,Enterprise,2024-02-19,2024-02-19,Billing,Medium,12,5,0
5252,3487,Business,2024-12-22,2024-12-22,Account,High,5,3,0
5253,3487,Business,2024-12-24,2024-12-25,Billing,Medium,47,5,0
5254,3488,Starter,2024-07-16,2024-07-17,Technical,Low,35,5,0
5255,3488,Starter,2024-08-10,2024-08-12,Integration,Low,66,5,0
5256,3488,Pro,2024-10-28,2024-10-28,Performance,High,22,3,1
5257,3488,Pro,2024-10-19,2024-10-19,Feature Request,Critical,8,2,1
5258,3488,Pro,2024-11-26,2024-11-26,Technical,High,20,4,1
5259,3488,Pro,2024-11-11,2024-11-11,Performance,High,19,3,1
5260,3490,Enterprise,2024-12-19,2024-12-23,Onboarding,Low,105,3,0
5261,3490,Enterprise,2024-12-20,2024-12-20,Onboarding,High,7,5,0
5262,3490,Enterprise,2024-12-30,2024-12-30,Account,Medium,21,5,0
5263,3490,Enterprise,2024-12-26,2024-12-26,Feature Request,Medium,9,4,0
5264,3490,Enterprise,2024-12-09,2024-12-12,Billing,Low,85,4,0
5265,3490,Enterprise,2024-12-08,2024-12-09,Onboarding,Medium,24,2,0
5266,3496,Enterprise,2024-01-29,2024-01-31,Account,Low,61,4,0
5267,3496,Enterprise,2024-02-02,2024-02-03,Performance,Low,37,4,0
5268,3496,Enterprise,2024-03-02,2024-03-02,Performance,Medium,17,4,0
5269,3496,Enterprise,2024-02-20,2024-02-21,Feature Request,Low,34,5,0
5270,3496,Enterprise,2024-02-07,2024-02-08,Performance,Low,46,3,0
5271,3496,Enterprise,2024-02-17,2024-02-17,Billing,Medium,11,3,0
5272,3496,Enterprise,2024-02-13,2024-02-13,Feature Request,Medium,20,4,0
5273,3498,Enterprise,2025-01-02,2025-01-04,Onboarding,Low,50,4,0
5274,3498,Enterprise,2024-12-30,2024-12-31,Integration,Medium,37,4,0
5275,3498,Enterprise,2024-12-18,2024-12-19,Feature Request,Medium,44,5,0
5276,3498,Enterprise,2024-12-25,2024-12-25,Feature Request,Medium,8,3,0
5277,3498,Enterprise,2025-01-05,2025-01-07,Billing,Low,50,4,0
5278,3500,Pro,2024-05-29,2024-05-29,Integration,Critical,2,4,0
5279,3500,Starter,2024-12-30,2024-12-30,Technical,Medium,17,5,0
5280,3500,Starter,2024-12-10,2024-12-10,Account,Medium,15,2,0
5281,3502,Pro,2024-09-23,2024-09-24,Integration,Medium,40,3,0
5282,3502,Business,2024-12-12,2024-12-12,Integration,Medium,19,4,0
5283,3509,Starter,2024-02-22,2024-02-23,Billing,Low,37,3,1
5284,3509,Starter,2024-02-18,2024-02-19,Account,Low,43,2,1
5285,3511,Pro,2024-04-03,2024-04-04,Billing,Medium,42,3,1
5286,3511,Pro,2024-03-27,2024-03-31,Onboarding,Low,116,2,1
5287,3511,Pro,2024-04-02,2024-04-03,Onboarding,Low,46,3,1
5288,3511,Pro,2024-04-05,2024-04-06,Billing,Medium,30,5,1
5289,3511,Pro,2024-04-28,2024-05-02,Technical,Low,118,1,1
5290,3517,Starter,2024-03-10,2024-03-10,Account,Critical,6,4,1
5291,3517,Starter,2024-04-01,2024-04-05,Billing,Low,113,1,1
5292,3520,Starter,2024-01-14,2024-01-16,Onboarding,Low,66,4,1
5293,3520,Starter,2024-01-17,2024-01-20,Feature Request,Low,84,3,1
5294,3520,Starter,2024-02-28,2024-02-29,Integration,Medium,44,2,1
5295,3520,Starter,2024-02-13,2024-02-14,Performance,Medium,44,3,1
5296,3524,Business,2024-09-20,2024-09-24,Performance,Low,117,2,1
5297,3524,Business,2024-10-03,2024-10-04,Account,Medium,26,1,1
5298,3525,Pro,2024-12-14,2024-12-15,Performance,Medium,30,1,0
5299,3525,Pro,2024-12-22,2024-12-25,Onboarding,Low,85,4,0
5300,3529,Pro,2024-06-25,2024-06-29,Onboarding,Low,114,2,1
5301,3529,Pro,2024-06-13,2024-06-14,Onboarding,Medium,30,4,1
5302,3535,Enterprise,2025-01-01,2025-01-01,Account,Critical,3,5,0
5303,3535,Enterprise,2024-12-11,2024-12-11,Billing,High,4,5,0
5304,3535,Enterprise,2024-12-12,2024-12-14,Account,Low,55,3,0
5305,3535,Enterprise,2024-12-21,2024-12-21,Billing,High,14,5,0
5306,3540,Business,2024-01-13,2024-01-13,Billing,Medium,23,4,1
5307,3540,Business,2024-01-29,2024-01-29,Feature Request,High,14,1,1
5308,3540,Business,2024-02-04,2024-02-05,Integration,Low,42,3,1
5309,3540,Business,2024-02-26,2024-02-26,Onboarding,Critical,2,3,1
5310,3540,Business,2024-02-26,2024-02-27,Billing,Medium,29,2,1
5311,3541,Pro,2024-03-19,2024-03-20,Onboarding,Low,24,4,0
5312,3541,Pro,2024-05-09,2024-05-11,Account,Low,58,2,0
5313,3541,Business,2024-12-29,2024-12-30,Onboarding,Medium,34,4,0
5314,3552,Enterprise,2024-12-20,2024-12-22,Technical,Low,54,1,0
5315,3552,Enterprise,2025-01-10,2025-01-11,Onboarding,Low,45,2,0
5316,3552,Enterprise,2024-12-17,2024-12-18,Technical,Medium,46,3,0
5317,3552,Enterprise,2024-12-28,2025-01-01,Performance,Low,112,4,0
5318,3552,Enterprise,2024-12-17,2024-12-18,Billing,Medium,24,3,0
5319,3552,Enterprise,2024-12-21,2024-12-22,Account,Medium,47,4,0
5320,3561,Starter,2023-11-15,2023-11-15,Integration,Critical,7,4,1
5321,3561,Starter,2023-11-24,2023-11-25,Billing,High,24,2,1
5322,3561,Starter,2023-11-19,2023-11-20,Integration,Medium,27,1,1
5323,3564,Starter,2024-03-04,2024-03-05,Technical,Medium,24,2,1
5324,3569,Pro,2024-06-15,2024-06-16,Feature Request,Low,37,2,1
5325,3569,Pro,2024-07-10,2024-07-11,Account,Low,40,2,1
5326,3571,Business,2024-04-19,2024-04-22,Performance,Low,84,3,0
5327,3572,Starter,2024-02-16,2024-02-20,Account,Low,109,2,1
5328,3580,Enterprise,2024-12-19,2024-12-19,Account,Medium,10,5,0
5329,3580,Enterprise,2024-12-23,2024-12-23,Technical,Medium,22,3,0
5330,3580,Enterprise,2024-12-21,2024-12-21,Technical,High,5,3,0
5331,3580,Enterprise,2024-12-16,2024-12-18,Feature Request,Low,69,4,0
5332,3580,Enterprise,2025-01-11,2025-01-12,Billing,Medium,42,4,0
5333,3589,Pro,2024-12-27,2024-12-27,Feature Request,High,20,5,0
5334,3598,Business,2024-02-21,2024-02-23,Onboarding,Medium,48,4,0
5335,3598,Business,2024-02-23,2024-02-24,Onboarding,Medium,38,4,0
5336,3598,Business,2024-02-25,2024-02-29,Account,Low,104,5,0
5337,3598,Business,2024-03-06,2024-03-09,Performance,Low,85,4,0
5338,3598,Enterprise,2024-12-23,2024-12-24,Performance,Medium,35,5,0
5339,3598,Enterprise,2025-01-11,2025-01-13,Integration,Low,65,4,0
5340,3598,Enterprise,2025-01-13,2025-01-13,Technical,Medium,9,4,0
5341,3599,Pro,2024-02-27,2024-02-28,Performance,Medium,28,3,1
5342,3599,Pro,2024-02-22,2024-02-22,Technical,Medium,19,2,1
5343,3601,Starter,2025-01-09,2025-01-09,Technical,High,9,2,0
5344,3606,Business,2024-06-28,2024-06-29,Billing,Low,47,4,0
5345,3606,Business,2024-07-09,2024-07-10,Performance,Low,45,3,0
5346,3606,Enterprise,2024-12-27,2024-12-27,Integration,Medium,8,1,0
5347,3606,Enterprise,2024-12-26,2024-12-26,Technical,High,16,5,0
5348,3606,Enterprise,2024-12-20,2024-12-20,Onboarding,High,6,4,0
5349,3606,Enterprise,2024-12-20,2024-12-21,Technical,Medium,44,4,0
5350,3606,Enterprise,2024-12-24,2024-12-28,Feature Request,Low,99,5,0
5351,3609,Starter,2024-03-31,2024-03-31,Technical,High,6,3,0
5352,3609,Pro,2024-08-21,2024-08-24,Performance,Low,83,4,0
5353,3610,Enterprise,2024-02-21,2024-02-21,Feature Request,Critical,2,2,1
5354,3610,Enterprise,2024-03-12,2024-03-12,Performance,High,19,1,1
5355,3610,Enterprise,2024-02-25,2024-02-29,Feature Request,Low,111,1,1
5356,3616,Starter,2024-08-30,2024-09-01,Integration,Low,67,2,0
5357,3616,Pro,2024-11-22,2024-11-22,Feature Request,Medium,8,3,1
5358,3616,Pro,2024-11-20,2024-11-21,Feature Request,Medium,36,4,1
5359,3616,Pro,2024-12-02,2024-12-06,Feature Request,Low,114,4,1
5360,3616,Pro,2024-12-14,2024-12-17,Account,Low,80,3,1
5361,3616,Starter,2024-12-23,2024-12-23,Performance,High,16,4,1
5362,3616,Starter,2024-12-30,2024-12-30,Billing,High,13,3,1
5363,3616,Starter,2024-12-26,2024-12-29,Performance,Low,94,3,1
5364,3618,Starter,2023-12-25,2023-12-29,Account,Low,98,4,0
5365,3618,Pro,2024-05-02,2024-05-03,Performance,Low,25,3,0
5366,3618,Pro,2024-05-06,2024-05-07,Feature Request,Medium,41,4,0
5367,3618,Pro,2024-04-27,2024-04-28,Technical,Low,39,3,0
5368,3618,Pro,2024-05-01,2024-05-04,Billing,Low,81,4,0
5369,3618,Business,2024-12-08,2024-12-08,Performance,Medium,11,4,0
5370,3618,Business,2024-12-16,2024-12-17,Performance,Medium,40,5,0
5371,3618,Business,2024-12-16,2024-12-19,Technical,Low,73,4,0
5372,3618,Business,2024-11-30,2024-11-30,Billing,High,21,4,0
5373,3618,Enterprise,2025-01-12,2025-01-13,Billing,Medium,47,2,0
5374,3618,Enterprise,2025-01-02,2025-01-03,Feature Request,Low,34,5,0
5375,3618,Enterprise,2025-01-05,2025-01-09,Account,Low,117,3,0
5376,3628,Starter,2024-08-31,2024-09-01,Technical,Low,25,3,0
5377,3629,Business,2024-09-09,2024-09-09,Integration,Medium,11,1,1
5378,3629,Business,2024-09-07,2024-09-07,Performance,Medium,21,4,1
5379,3629,Business,2024-10-02,2024-10-03,Onboarding,Medium,39,2,1
5380,3629,Business,2024-10-15,2024-10-15,Onboarding,Medium,10,4,1
5381,3629,Business,2024-10-07,2024-10-07,Account,Medium,18,1,1
5382,3629,Business,2024-09-26,2024-09-28,Performance,Low,68,2,1
5383,3629,Business,2024-09-25,2024-09-27,Onboarding,Low,66,2,1
5384,3629,Business,2024-10-10,2024-10-11,Onboarding,Low,30,2,1
5385,3630,Pro,2023-12-01,2023-12-02,Feature Request,Medium,35,2,1
5386,3630,Pro,2023-11-24,2023-11-27,Feature Request,Low,93,3,1
5387,3635,Pro,2024-08-27,2024-08-28,Technical,Medium,40,4,0
5388,3635,Pro,2024-08-30,2024-08-30,Performance,Medium,21,5,0
5389,3635,Business,2024-12-25,2024-12-25,Integration,High,3,3,0
5390,3635,Business,2024-12-29,2024-12-29,Account,Medium,14,3,0
5391,3636,Pro,2024-01-11,2024-01-12,Account,Medium,28,2,1
5392,3636,Pro,2024-01-17,2024-01-17,Billing,High,20,1,1
5393,3636,Pro,2023-12-25,2023-12-26,Performance,Medium,40,4,1
5394,3636,Pro,2023-12-31,2024-01-02,Integration,Low,63,3,1
5395,3636,Pro,2024-01-13,2024-01-14,Performance,Medium,33,2,1
5396,3636,Pro,2024-02-14,2024-02-14,Performance,Critical,3,3,1
5397,3636,Pro,2024-02-06,2024-02-06,Billing,High,7,1,1
5398,3637,Pro,2024-04-25,2024-04-29,Feature Request,Low,102,1,1
5399,3637,Pro,2024-04-30,2024-05-02,Account,Low,71,3,1
5400,3637,Pro,2024-04-29,2024-04-30,Feature Request,Low,43,2,1
5401,3642,Business,2024-12-24,2024-12-24,Technical,High,21,3,0
5402,3642,Business,2025-01-11,2025-01-12,Technical,Medium,32,5,0
5403,3645,Business,2024-01-11,2024-01-12,Account,Medium,38,3,1
5404,3645,Business,2023-12-27,2023-12-28,Billing,Medium,31,2,1
5405,3645,Business,2024-01-01,2024-01-03,Billing,Low,66,3,1
5406,3645,Business,2024-01-15,2024-01-15,Technical,High,8,3,1
5407,3645,Business,2024-01-07,2024-01-11,Billing,Low,105,3,1
5408,3645,Business,2024-01-07,2024-01-08,Account,Medium,40,3,1
5409,3645,Business,2024-01-24,2024-01-24,Billing,High,3,3,1
5410,3647,Enterprise,2024-02-27,2024-02-27,Onboarding,Critical,7,5,0
5411,3647,Enterprise,2024-03-10,2024-03-11,Billing,Low,38,3,0
5412,3647,Business,2024-12-23,2024-12-23,Onboarding,High,9,5,0
5413,3647,Business,2025-01-18,2025-01-18,Performance,Medium,11,4,0
5414,3651,Pro,2025-01-09,2025-01-09,Billing,Medium,13,5,0
5415,3656,Pro,2024-01-24,2024-01-25,Technical,High,24,2,1
5416,3656,Pro,2024-01-27,2024-01-30,Account,Low,81,2,1
5417,3656,Pro,2024-02-05,2024-02-07,Technical,Low,49,2,1
5418,3656,Pro,2024-02-09,2024-02-10,Account,Medium,33,3,1
5419,3656,Pro,2024-02-01,2024-02-02,Integration,Medium,28,4,1
5420,3659,Pro,2025-01-07,2025-01-07,Feature Request,Medium,15,3,0
5421,3659,Pro,2025-01-08,2025-01-08,Billing,Medium,22,1,0
5422,3659,Pro,2024-12-31,2025-01-04,Billing,Low,111,1,0
5423,3663,Enterprise,2024-03-30,2024-04-03,Onboarding,Low,108,5,0
5424,3663,Enterprise,2024-03-31,2024-03-31,Performance,Critical,8,5,0
5425,3663,Enterprise,2024-04-19,2024-04-22,Account,Low,86,4,0
5426,3663,Enterprise,2024-04-12,2024-04-12,Account,High,8,4,0
5427,3663,Enterprise,2024-05-09,2024-05-10,Account,Medium,28,5,0
5428,3663,Enterprise,2024-05-20,2024-05-21,Onboarding,Medium,26,4,0
5429,3663,Enterprise,2024-05-11,2024-05-12,Integration,Medium,35,1,0
5430,3663,Enterprise,2024-05-01,2024-05-02,Integration,Medium,42,4,0
5431,3663,Enterprise,2024-05-19,2024-05-19,Onboarding,High,13,4,0
5432,3663,Enterprise,2024-04-29,2024-04-30,Integration,Low,33,4,0
5433,3663,Business,2024-08-19,2024-08-19,Account,High,17,2,1
5434,3663,Business,2024-08-03,2024-08-05,Onboarding,Low,57,3,1
5435,3663,Business,2024-08-06,2024-08-06,Account,High,8,1,1
5436,3663,Business,2024-07-26,2024-07-27,Account,Medium,45,4,1
5437,3663,Business,2024-09-08,2024-09-08,Billing,High,16,1,1
5438,3663,Business,2024-09-03,2024-09-03,Onboarding,High,8,5,1
5439,3663,Business,2024-09-17,2024-09-17,Onboarding,High,20,4,1
5440,3664,Enterprise,2024-06-10,2024-06-11,Account,Medium,38,4,0
5441,3664,Enterprise,2024-06-13,2024-06-16,Feature Request,Low,87,3,0
5442,3664,Enterprise,2024-06-08,2024-06-11,Feature Request,Low,79,4,0
5443,3664,Enterprise,2024-05-23,2024-05-23,Performance,High,13,5,0
5444,3664,Enterprise,2024-07-20,2024-07-23,Performance,Low,94,4,0
5445,3664,Enterprise,2024-06-27,2024-06-27,Onboarding,Critical,7,4,0
5446,3664,Business,2024-07-29,2024-07-30,Billing,Low,36,1,1
5447,3664,Business,2024-07-28,2024-07-30,Technical,Low,57,5,1
5448,3664,Business,2024-08-17,2024-08-17,Integration,Medium,20,2,1
5449,3664,Business,2024-08-10,2024-08-11,Performance,Low,26,1,1
5450,3664,Business,2024-08-06,2024-08-06,Feature Request,High,6,3,1
5451,3664,Business,2024-08-13,2024-08-13,Integration,Medium,21,1,1
5452,3664,Business,2024-08-25,2024-08-27,Account,Low,50,3,1
5453,3665,Pro,2024-03-05,2024-03-05,Onboarding,High,12,1,1
5454,3672,Starter,2024-04-13,2024-04-13,Performance,High,12,4,1
5455,3672,Starter,2024-04-18,2024-04-19,Feature Request,Medium,45,4,1
5456,3672,Starter,2024-05-01,2024-05-05,Technical,Low,99,3,1
5457,3676,Starter,2024-02-20,2024-02-21,Feature Request,Low,35,4,0
5458,3676,Pro,2024-09-27,2024-09-28,Account,Medium,27,1,1
5459,3676,Pro,2024-10-18,2024-10-20,Onboarding,Low,58,5,1
5460,3676,Pro,2024-10-21,2024-10-23,Billing,Low,53,3,1
5461,3678,Business,2025-01-14,2025-01-16,Technical,Low,60,1,0
5462,3678,Business,2025-01-16,2025-01-16,Onboarding,High,10,4,0
5463,3678,Business,2025-01-15,2025-01-15,Billing,Medium,10,3,0
5464,3686,Enterprise,2024-12-28,2024-12-31,Account,Low,95,4,0
5465,3690,Starter,2024-04-16,2024-04-16,Integration,Critical,8,1,1
5466,3690,Starter,2024-04-11,2024-04-12,Technical,Low,33,3,1
5467,3690,Starter,2024-04-21,2024-04-21,Technical,High,12,3,1
5468,3690,Starter,2024-05-02,2024-05-05,Account,Low,86,1,1
5469,3690,Starter,2024-05-12,2024-05-12,Feature Request,High,19,2,1
5470,3690,Starter,2024-05-01,2024-05-02,Onboarding,Low,24,3,1
5471,3690,Starter,2024-05-16,2024-05-17,Account,Medium,37,4,1
5472,3692,Enterprise,2024-04-20,2024-04-22,Account,Low,48,4,0
5473,3692,Enterprise,2024-04-21,2024-04-21,Performance,High,13,3,0
5474,3692,Enterprise,2024-03-27,2024-03-27,Onboarding,High,15,5,0
5475,3692,Enterprise,2024-04-11,2024-04-12,Technical,Low,26,4,0
5476,3692,Enterprise,2024-05-21,2024-05-22,Onboarding,Medium,42,2,0
5477,3692,Enterprise,2024-05-17,2024-05-18,Technical,Medium,36,1,0
5478,3692,Enterprise,2024-05-09,2024-05-13,Integration,Low,118,4,0
5479,3692,Enterprise,2024-05-20,2024-05-21,Feature Request,Low,24,4,0
5480,3692,Enterprise,2024-05-12,2024-05-12,Account,Medium,23,1,0
5481,3692,Enterprise,2024-05-18,2024-05-18,Feature Request,High,12,5,0
5482,3692,Enterprise,2024-05-20,2024-05-21,Onboarding,Medium,27,5,0
5483,3692,Business,2024-12-31,2025-01-01,Feature Request,Medium,27,5,0
5484,3692,Business,2024-12-31,2024-12-31,Onboarding,High,3,4,0
5485,3692,Business,2025-01-04,2025-01-08,Performance,Low,118,5,0
5486,3695,Starter,2024-07-04,2024-07-05,Integration,Medium,27,4,0
5487,3695,Pro,2025-01-05,2025-01-09,Technical,Low,115,4,0
5488,3695,Pro,2025-01-10,2025-01-10,Feature Request,High,5,1,0
5489,3695,Pro,2025-01-21,2025-01-24,Integration,Low,88,1,0
5490,3695,Pro,2025-01-09,2025-01-13,Integration,Low,116,3,0
5491,3699,Business,2023-12-23,2023-12-23,Integration,Medium,22,4,0
5492,3699,Business,2023-12-03,2023-12-04,Onboarding,Medium,33,5,0
5493,3699,Business,2023-12-20,2023-12-20,Onboarding,High,14,5,0
5494,3699,Business,2023-12-11,2023-12-11,Onboarding,High,13,5,0
5495,3699,Business,2023-12-08,2023-12-09,Feature Request,Low,35,3,0
5496,3699,Pro,2024-03-19,2024-03-20,Integration,Low,32,3,0
5497,3699,Pro,2024-03-13,2024-03-13,Integration,High,15,4,0
5498,3699,Pro,2024-03-24,2024-03-24,Feature Request,Medium,9,2,0
5499,3699,Business,2024-12-10,2024-12-13,Billing,Low,77,3,1
5500,3699,Business,2024-12-23,2024-12-23,Account,Medium,22,1,1
5501,3699,Business,2024-12-02,2024-12-03,Performance,Low,24,4,1
5502,3699,Business,2024-12-16,2024-12-17,Feature Request,Medium,36,1,1
5503,3699,Business,2024-11-29,2024-11-29,Integration,Medium,21,4,1
5504,3703,Enterprise,2025-01-25,2025-01-26,Billing,Medium,33,3,0
5505,3703,Enterprise,2024-12-28,2024-12-29,Billing,High,24,4,0
5506,3703,Enterprise,2025-01-23,2025-01-24,Technical,Medium,29,4,0
5507,3703,Enterprise,2025-01-02,2025-01-03,Feature Request,Medium,42,5,0
5508,3705,Business,2025-01-24,2025-01-24,Account,High,18,4,0
5509,3705,Business,2025-01-05,2025-01-09,Performance,Low,109,4,0
5510,3706,Starter,2024-09-16,2024-09-20,Integration,Low,98,3,1
5511,3706,Starter,2024-09-07,2024-09-07,Technical,High,18,4,1
5512,3706,Starter,2024-10-24,2024-10-25,Performance,Medium,31,2,1
5513,3706,Starter,2024-10-01,2024-10-01,Feature Request,High,20,1,1
5514,3706,Starter,2024-09-27,2024-09-27,Performance,Critical,7,3,1
5515,3708,Pro,2024-07-04,2024-07-05,Onboarding,Medium,44,5,0
5516,3708,Business,2025-01-18,2025-01-22,Technical,Low,105,4,0
5517,3708,Business,2025-01-19,2025-01-20,Integration,Medium,45,4,0
5518,3708,Business,2025-01-18,2025-01-18,Technical,Medium,9,5,0
5519,3708,Business,2025-01-15,2025-01-16,Account,Medium,39,2,0
5520,3708,Business,2025-01-20,2025-01-21,Billing,Medium,24,5,0
5521,3710,Starter,2024-04-08,2024-04-12,Account,Low,113,4,1
5522,3710,Starter,2024-04-21,2024-04-21,Performance,Medium,9,2,1
5523,3710,Starter,2024-04-02,2024-04-03,Billing,Medium,45,1,1
5524,3710,Starter,2024-04-25,2024-04-26,Billing,Medium,30,2,1
5525,3710,Starter,2024-04-19,2024-04-22,Feature Request,Low,83,1,1
5526,3710,Starter,2024-04-08,2024-04-08,Performance,High,19,4,1
5527,3710,Starter,2024-04-08,2024-04-08,Account,High,10,1,1
5528,3710,Starter,2024-05-01,2024-05-02,Technical,Medium,26,4,1
5529,3710,Starter,2024-05-19,2024-05-19,Feature Request,High,23,3,1
5530,3716,Enterprise,2024-12-27,2024-12-30,Onboarding,Low,78,5,0
5531,3716,Enterprise,2024-12-03,2024-12-03,Account,Critical,6,4,0
5532,3716,Enterprise,2024-12-04,2024-12-05,Onboarding,Medium,39,2,0
5533,3716,Enterprise,2024-12-17,2024-12-18,Feature Request,Medium,31,4,0
5534,3716,Enterprise,2024-12-20,2024-12-20,Technical,High,11,5,0
5535,3716,Enterprise,2024-12-15,2024-12-15,Feature Request,Critical,8,5,0
5536,3716,Business,2025-01-07,2025-01-09,Feature Request,Low,60,5,0
5537,3726,Pro,2025-01-24,2025-01-28,Feature Request,Low,113,4,0
5538,3727,Business,2025-01-10,2025-01-12,Onboarding,Low,52,5,0
5539,3727,Business,2025-01-11,2025-01-14,Technical,Low,91,5,0
5540,3728,Enterprise,2024-02-16,2024-02-16,Billing,Critical,3,3,1
5541,3728,Enterprise,2024-02-24,2024-02-25,Account,Medium,41,2,1
5542,3728,Enterprise,2024-02-25,2024-02-25,Billing,High,4,1,1
5543,3728,Enterprise,2024-02-12,2024-02-14,Billing,Low,66,1,1
5544,3728,Enterprise,2024-02-04,2024-02-04,Technical,Critical,7,4,1
5545,3728,Enterprise,2024-02-23,2024-02-24,Technical,Medium,40,1,1
5546,3729,Starter,2024-10-08,2024-10-08,Billing,High,14,1,1
5547,3737,Pro,2024-12-07,2024-12-08,Technical,Medium,47,4,0
5548,3743,Enterprise,2024-04-03,2024-04-03,Account,Critical,4,1,1
5549,3743,Enterprise,2024-04-12,2024-04-12,Onboarding,High,23,2,1
5550,3743,Enterprise,2024-04-01,2024-04-04,Onboarding,Low,83,1,1
5551,3743,Enterprise,2024-04-16,2024-04-16,Performance,Medium,23,2,1
5552,3749,Starter,2024-02-15,2024-02-17,Technical,Low,56,1,1
5553,3750,Enterprise,2024-12-28,2024-12-28,Feature Request,Medium,18,5,0
5554,3750,Enterprise,2024-12-26,2024-12-31,Account,Low,120,1,0
5555,3750,Enterprise,2024-12-17,2024-12-17,Account,High,14,5,0
5556,3754,Starter,2024-09-29,2024-10-01,Feature Request,Low,61,3,1
5557,3754,Starter,2024-09-05,2024-09-07,Technical,Low,66,2,1
5558,3754,Starter,2024-09-02,2024-09-03,Onboarding,Medium,40,3,1
5559,3754,Starter,2024-09-30,2024-09-30,Feature Request,Medium,14,3,1
5560,3754,Starter,2024-09-15,2024-09-18,Onboarding,Low,89,2,1
5561,3763,Enterprise,2024-03-04,2024-03-05,Performance,Low,46,2,0
5562,3763,Enterprise,2024-03-20,2024-03-24,Feature Request,Low,115,4,0
5563,3763,Enterprise,2024-03-21,2024-03-22,Billing,Low,41,4,0
5564,3763,Enterprise,2024-03-20,2024-03-21,Technical,Low,26,1,0
5565,3763,Enterprise,2024-03-05,2024-03-08,Integration,Low,93,4,0
5566,3763,Enterprise,2024-03-17,2024-03-18,Integration,Medium,30,5,0
5567,3763,Enterprise,2024-04-26,2024-04-26,Integration,Medium,8,5,0
5568,3763,Enterprise,2024-04-07,2024-04-07,Onboarding,Medium,23,4,0
5569,3763,Enterprise,2024-04-18,2024-04-18,Billing,High,6,4,0
5570,3763,Enterprise,2024-04-12,2024-04-12,Onboarding,High,22,4,0
5571,3763,Enterprise,2024-04-17,2024-04-18,Technical,Medium,28,5,0
5572,3763,Business,2024-11-14,2024-11-16,Integration,Low,62,4,0
5573,3763,Business,2024-11-24,2024-11-25,Billing,Medium,44,4,0
5574,3763,Enterprise,2024-12-18,2024-12-20,Technical,Low,64,4,0
5575,3763,Enterprise,2024-12-28,2024-12-29,Billing,Medium,32,5,0
5576,3768,Enterprise,2024-04-13,2024-04-15,Technical,Low,51,5,0
5577,3768,Enterprise,2024-04-26,2024-04-27,Onboarding,Medium,28,5,0
5578,3768,Enterprise,2024-04-10,2024-04-11,Technical,Low,27,5,0
5579,3768,Enterprise,2024-04-14,2024-04-15,Integration,Medium,34,5,0
5580,3768,Enterprise,2024-05-01,2024-05-01,Feature Request,Medium,23,3,0
5581,3768,Business,2024-12-20,2024-12-20,Technical,High,14,1,0
5582,3768,Business,2024-12-09,2024-12-10,Performance,Low,41,3,0
5583,3772,Starter,2024-12-05,2024-12-05,Billing,High,22,1,1
5584,3774,Starter,2024-06-07,2024-06-11,Feature Request,Low,118,3,1
5585,3791,Pro,2023-12-27,2023-12-29,Onboarding,Low,53,5,0
5586,3791,Pro,2024-01-29,2024-01-30,Performance,Medium,37,4,0
5587,3791,Pro,2024-01-27,2024-01-27,Feature Request,Medium,20,4,0
5588,3791,Pro,2024-01-09,2024-01-09,Feature Request,Medium,8,5,0
5589,3791,Pro,2024-01-13,2024-01-17,Feature Request,Low,118,2,0
5590,3791,Business,2024-12-18,2024-12-21,Technical,Low,87,4,1
5591,3791,Business,2024-12-21,2024-12-22,Integration,Medium,30,3,1
5592,3791,Business,2024-12-13,2024-12-14,Performance,Medium,28,1,1
5593,3791,Business,2025-01-01,2025-01-01,Account,High,15,3,1
5594,3793,Business,2024-12-07,2024-12-07,Billing,High,13,3,0
5595,3793,Business,2024-12-16,2024-12-17,Account,Medium,29,4,0
5596,3803,Starter,2024-02-22,2024-02-23,Technical,Medium,26,2,0
5597,3803,Starter,2024-02-18,2024-02-19,Feature Request,Medium,43,4,0
5598,3803,Starter,2024-11-08,2024-11-12,Account,Low,104,5,0
5599,3803,Starter,2024-12-08,2024-12-08,Performance,Critical,7,3,0
5600,3806,Business,2024-08-14,2024-08-17,Technical,Low,75,4,0
5601,3806,Enterprise,2025-01-01,2025-01-05,Feature Request,Low,102,4,0
5602,3817,Starter,2024-06-10,2024-06-13,Feature Request,Low,92,1,1
5603,3819,Starter,2024-05-04,2024-05-07,Feature Request,Low,80,4,1
5604,3819,Starter,2024-04-19,2024-04-19,Onboarding,High,22,1,1
5605,3819,Starter,2024-04-21,2024-04-21,Performance,Medium,20,4,1
5606,3827,Starter,2024-06-14,2024-06-15,Feature Request,Medium,36,2,1
5607,3832,Enterprise,2024-12-13,2024-12-14,Account,Medium,41,3,0
5608,3832,Enterprise,2025-01-01,2025-01-02,Performance,Low,27,3,0
5609,3832,Enterprise,2024-12-09,2024-12-09,Technical,Medium,11,2,0
5610,3832,Enterprise,2024-12-22,2024-12-24,Onboarding,Low,53,3,0
5611,3832,Enterprise,2024-12-30,2024-12-30,Onboarding,High,9,5,0
5612,3832,Enterprise,2024-12-16,2024-12-17,Account,Medium,31,5,0
5613,3832,Enterprise,2025-01-01,2025-01-01,Onboarding,High,17,5,0
5614,3832,Enterprise,2025-01-02,2025-01-03,Performance,Medium,46,4,0
5615,3832,Enterprise,2024-12-20,2024-12-20,Integration,Critical,4,4,0
5616,3834,Starter,2024-01-29,2024-01-29,Onboarding,High,2,1,1
5617,3834,Starter,2024-02-20,2024-02-20,Onboarding,Critical,4,1,1
5618,3834,Starter,2024-02-10,2024-02-14,Billing,Low,105,1,1
5619,3834,Starter,2024-02-15,2024-02-15,Account,High,6,2,1
5620,3836,Enterprise,2024-04-05,2024-04-08,Billing,Low,83,1,0
5621,3836,Enterprise,2024-04-19,2024-04-19,Integration,Medium,13,2,0
5622,3836,Enterprise,2024-04-30,2024-04-30,Onboarding,Medium,18,4,0
5623,3836,Enterprise,2024-05-03,2024-05-03,Billing,Medium,23,4,0
5624,3836,Enterprise,2024-04-09,2024-04-10,Technical,Medium,29,2,0
5625,3842,Business,2024-03-05,2024-03-08,Billing,Low,81,1,1
5626,3842,Business,2024-02-18,2024-02-18,Feature Request,High,19,4,1
5627,3842,Business,2024-02-15,2024-02-15,Performance,Medium,9,1,1
5628,3842,Business,2024-02-10,2024-02-10,Technical,High,14,5,1
5629,3842,Business,2024-02-20,2024-02-20,Technical,Medium,18,3,1
5630,3842,Business,2024-02-16,2024-02-17,Feature Request,Medium,40,2,1
5631,3844,Business,2024-03-17,2024-03-21,Feature Request,Low,100,3,0
5632,3844,Business,2024-04-06,2024-04-06,Account,Medium,9,3,0
5633,3844,Business,2024-03-28,2024-03-31,Billing,Low,88,4,0
5634,3844,Business,2024-04-12,2024-04-13,Technical,Medium,47,4,0
5635,3844,Enterprise,2024-05-17,2024-05-17,Performance,Medium,16,5,0
5636,3844,Enterprise,2024-05-30,2024-06-03,Billing,Low,119,3,0
5637,3844,Enterprise,2024-07-07,2024-07-11,Integration,Low,109,2,0
5638,3844,Enterprise,2024-06-12,2024-06-13,Performance,Medium,44,4,0
5639,3844,Enterprise,2024-06-19,2024-06-20,Feature Request,Medium,35,3,0
5640,3844,Business,2024-12-16,2024-12-17,Feature Request,Low,36,5,0
5641,3844,Business,2024-12-19,2024-12-21,Performance,Low,50,2,0
5642,3845,Starter,2024-05-08,2024-05-09,Technical,Medium,27,5,0
5643,3845,Pro,2024-09-29,2024-09-29,Technical,Critical,3,2,1
5644,3846,Enterprise,2024-09-19,2024-09-20,Performance,Medium,26,2,0
5645,3846,Enterprise,2024-09-17,2024-09-18,Billing,Medium,39,3,0
5646,3846,Business,2024-12-25,2024-12-27,Account,Low,48,2,0
5647,3846,Business,2024-12-15,2024-12-19,Performance,Low,107,4,0
5648,3846,Business,2024-12-22,2024-12-26,Billing,Low,105,4,0
5649,3847,Enterprise,2025-01-03,2025-01-06,Feature Request,Low,72,4,0
5650,3847,Enterprise,2025-01-01,2025-01-02,Technical,Medium,34,4,0
5651,3847,Enterprise,2024-12-28,2024-12-28,Integration,Medium,16,3,0
5652,3850,Starter,2023-12-16,2023-12-17,Integration,Low,40,1,1
5653,3852,Pro,2023-12-29,2023-12-29,Account,High,13,4,0
5654,3852,Pro,2023-12-25,2023-12-26,Onboarding,Medium,41,4,0
5655,3852,Pro,2023-12-27,2023-12-27,Billing,Medium,9,1,0
5656,3852,Pro,2024-02-03,2024-02-03,Feature Request,Medium,21,4,0
5657,3852,Starter,2024-11-03,2024-11-03,Feature Request,Medium,9,4,0
5658,3852,Starter,2024-12-14,2024-12-14,Technical,High,5,3,0
5659,3852,Starter,2024-12-21,2024-12-21,Feature Request,Medium,12,4,0
5660,3853,Business,2024-03-30,2024-03-30,Feature Request,Critical,6,2,0
5661,3853,Business,2024-04-18,2024-04-19,Onboarding,Low,37,3,0
5662,3853,Enterprise,2024-12-21,2024-12-23,Integration,Low,52,1,0
5663,3853,Enterprise,2024-12-18,2024-12-20,Technical,Low,59,4,0
5664,3853,Enterprise,2024-12-11,2024-12-11,Performance,Medium,19,5,0
5665,3859,Pro,2024-12-24,2024-12-24,Integration,Medium,11,5,0
5666,3859,Pro,2024-12-26,2024-12-26,Billing,Critical,3,4,0
5667,3861,Enterprise,2024-07-30,2024-07-31,Account,Medium,27,4,0
5668,3861,Enterprise,2024-07-12,2024-07-12,Account,High,17,2,0
5669,3861,Enterprise,2024-07-27,2024-07-30,Onboarding,Low,83,3,0
5670,3861,Enterprise,2024-08-07,2024-08-08,Account,Medium,46,1,0
5671,3861,Enterprise,2024-08-02,2024-08-03,Performance,Medium,28,3,0
5672,3861,Enterprise,2024-08-30,2024-08-30,Performance,High,12,5,0
5673,3861,Enterprise,2024-08-14,2024-08-14,Feature Request,Medium,15,4,0
5674,3861,Enterprise,2024-08-31,2024-08-31,Technical,Medium,21,3,0
5675,3861,Business,2024-12-23,2024-12-23,Account,High,8,4,0
5676,3861,Business,2024-12-20,2024-12-21,Billing,Low,26,1,0
5677,3864,Business,2024-06-04,2024-06-05,Account,Medium,43,5,0
5678,3864,Business,2024-07-02,2024-07-02,Technical,Medium,23,3,0
5679,3864,Business,2024-06-24,2024-06-25,Onboarding,Medium,42,4,0
5680,3864,Enterprise,2025-01-05,2025-01-05,Onboarding,High,15,4,0
5681,3864,Enterprise,2024-12-22,2024-12-25,Billing,Low,87,5,0
5682,3864,Enterprise,2025-01-06,2025-01-06,Feature Request,Critical,5,5,0
5683,3864,Enterprise,2025-01-05,2025-01-08,Feature Request,Low,87,4,0
5684,3864,Enterprise,2024-12-16,2024-12-16,Technical,High,4,1,0
5685,3867,Business,2024-09-13,2024-09-15,Account,Low,55,3,0
5686,3867,Business,2024-10-05,2024-10-09,Account,Low,119,3,0
5687,3867,Pro,2025-01-02,2025-01-03,Technical,Medium,46,4,0
5688,3867,Pro,2024-12-19,2024-12-20,Billing,Medium,30,5,0
5689,3871,Enterprise,2024-08-24,2024-08-25,Integration,Medium,34,3,0
5690,3871,Enterprise,2024-08-24,2024-08-24,Account,Medium,8,5,0
5691,3871,Enterprise,2024-09-02,2024-09-02,Technical,High,7,4,0
5692,3871,Enterprise,2024-09-14,2024-09-15,Integration,Medium,30,3,0
5693,3871,Enterprise,2024-10-04,2024-10-05,Billing,Medium,45,2,0
5694,3871,Enterprise,2024-09-13,2024-09-17,Technical,Low,101,2,0
5695,3871,Enterprise,2024-09-28,2024-09-28,Performance,Critical,7,4,0
5696,3871,Business,2025-01-08,2025-01-09,Performance,High,24,3,0
5697,3874,Pro,2024-10-23,2024-10-27,Integration,Low,96,5,1
5698,3874,Pro,2024-12-05,2024-12-07,Account,Low,53,2,1
5699,3874,Pro,2024-11-17,2024-11-21,Technical,Low,96,3,1
5700,3874,Pro,2024-11-17,2024-11-18,Performance,Medium,29,3,1
5701,3877,Enterprise,2025-01-01,2025-01-02,Feature Request,Medium,39,5,0
5702,3877,Enterprise,2025-01-01,2025-01-03,Performance,Low,69,2,0
5703,3877,Enterprise,2025-01-08,2025-01-09,Performance,Medium,33,3,0
5704,3877,Enterprise,2025-01-08,2025-01-08,Technical,High,6,5,0
5705,3878,Starter,2024-05-27,2024-05-27,Billing,Medium,19,3,0
5706,3878,Starter,2024-06-19,2024-06-21,Technical,Low,65,4,0
5707,3878,Pro,2024-07-26,2024-07-26,Feature Request,Medium,13,4,0
5708,3878,Pro,2024-07-18,2024-07-18,Performance,Medium,14,2,0
5709,3878,Pro,2024-07-15,2024-07-16,Billing,Medium,38,4,0
5710,3878,Pro,2024-09-02,2024-09-02,Integration,Critical,5,4,0
5711,3878,Pro,2024-08-13,2024-08-15,Feature Request,Low,68,5,0
5712,3879,Starter,2024-06-19,2024-06-21,Feature Request,Low,49,5,0
5713,3879,Starter,2024-06-23,2024-06-23,Feature Request,Medium,18,3,0
5714,3879,Starter,2024-06-22,2024-06-23,Account,Medium,42,4,0
5715,3879,Pro,2025-01-11,2025-01-14,Technical,Low,88,3,0
5716,3881,Starter,2024-01-08,2024-01-09,Technical,Medium,34,3,1
5717,3883,Starter,2024-06-15,2024-06-15,Technical,High,20,5,0
5718,3883,Pro,2024-09-05,2024-09-05,Billing,Medium,13,4,0
5719,3883,Business,2024-12-22,2024-12-22,Integration,Medium,11,5,0
5720,3883,Business,2024-12-22,2024-12-22,Performance,High,21,5,0
5721,3888,Enterprise,2024-12-19,2024-12-19,Feature Request,Medium,12,4,0
5722,3888,Enterprise,2024-12-31,2024-12-31,Performance,Medium,12,1,0
5723,3888,Enterprise,2024-12-18,2024-12-22,Billing,Low,112,5,0
5724,3888,Enterprise,2024-12-23,2024-12-27,Technical,Low,111,5,0
5725,3888,Enterprise,2024-12-20,2024-12-23,Technical,Low,87,4,0
5726,3888,Enterprise,2024-12-25,2024-12-25,Onboarding,Medium,19,5,0
5727,3888,Enterprise,2024-12-27,2024-12-27,Feature Request,Medium,15,5,0
5728,3888,Enterprise,2024-12-16,2024-12-17,Integration,Medium,35,4,0
5729,3890,Pro,2023-12-22,2023-12-23,Technical,Low,43,1,0
5730,3890,Pro,2024-01-05,2024-01-07,Onboarding,Low,71,3,0
5731,3890,Business,2024-04-29,2024-05-01,Technical,Low,56,3,0
5732,3890,Business,2024-04-22,2024-04-23,Onboarding,Medium,41,2,0
5733,3890,Business,2024-05-13,2024-05-17,Onboarding,Low,97,4,0
5734,3890,Business,2024-05-13,2024-05-14,Performance,Medium,37,5,0
5735,3891,Business,2024-04-21,2024-04-23,Performance,Low,51,2,1
5736,3891,Business,2024-05-08,2024-05-12,Feature Request,Low,104,2,1
5737,3891,Business,2024-05-09,2024-05-10,Account,Low,40,2,1
5738,3891,Business,2024-04-20,2024-04-21,Account,Low,41,2,1
5739,3891,Business,2024-04-21,2024-04-22,Integration,Medium,35,2,1
5740,3895,Enterprise,2024-04-03,2024-04-07,Technical,Low,101,3,0
5741,3895,Enterprise,2024-03-17,2024-03-17,Technical,High,4,3,0
5742,3895,Enterprise,2024-04-24,2024-04-25,Performance,High,24,4,0
5743,3895,Enterprise,2024-05-11,2024-05-12,Account,Low,45,3,0
5744,3895,Business,2025-01-08,2025-01-09,Technical,Low,46,3,0
5745,3895,Business,2024-12-29,2024-12-30,Billing,Medium,30,2,0
5746,3895,Business,2024-12-31,2025-01-01,Technical,Medium,47,4,0
5747,3895,Business,2024-12-21,2024-12-21,Onboarding,Medium,17,4,0
5748,3902,Enterprise,2024-12-24,2024-12-26,Performance,Low,57,2,0
5749,3902,Enterprise,2024-12-24,2024-12-25,Technical,Medium,41,4,0
5750,3902,Enterprise,2025-01-12,2025-01-13,Technical,Low,44,4,0
5751,3902,Enterprise,2024-12-18,2024-12-18,Performance,High,21,5,0
5752,3902,Enterprise,2024-12-22,2024-12-22,Account,High,12,3,0
5753,3902,Enterprise,2025-01-02,2025-01-05,Performance,Low,94,2,0
5754,3902,Enterprise,2024-12-18,2024-12-18,Onboarding,High,16,4,0
5755,3902,Enterprise,2024-12-21,2024-12-22,Billing,Low,27,5,0
5756,3902,Enterprise,2025-01-13,2025-01-14,Performance,Medium,44,5,0
5757,3902,Enterprise,2024-12-30,2025-01-02,Onboarding,Low,92,5,0
5758,3903,Business,2024-07-06,2024-07-07,Onboarding,Medium,29,5,0
5759,3903,Business,2024-06-24,2024-06-25,Integration,Low,38,4,0
5760,3903,Business,2024-07-02,2024-07-06,Integration,Low,109,4,0
5761,3903,Business,2024-06-16,2024-06-17,Integration,Medium,36,5,0
5762,3903,Enterprise,2024-12-19,2024-12-19,Account,High,10,5,0
5763,3903,Enterprise,2025-01-10,2025-01-10,Technical,Medium,20,3,0
5764,3903,Enterprise,2025-01-13,2025-01-13,Account,Medium,18,2,0
5765,3903,Enterprise,2025-01-07,2025-01-07,Account,Medium,10,3,0
5766,3904,Pro,2024-03-08,2024-03-08,Integration,High,11,3,0
5767,3907,Starter,2024-05-18,2024-05-21,Billing,Low,76,5,1
5768,3907,Starter,2024-05-27,2024-05-28,Feature Request,Medium,41,1,1
5769,3907,Starter,2024-06-25,2024-06-25,Onboarding,Medium,8,2,1
5770,3907,Starter,2024-07-07,2024-07-10,Billing,Low,83,4,1
5771,3909,Starter,2024-04-14,2024-04-14,Technical,Medium,23,4,1
5772,3909,Starter,2024-03-31,2024-03-31,Account,High,16,3,1
5773,3909,Starter,2024-04-28,2024-04-28,Performance,High,12,3,1
5774,3909,Starter,2024-05-14,2024-05-15,Technical,Medium,40,1,1
5775,3918,Business,2024-04-10,2024-04-10,Integration,Medium,21,4,1
5776,3918,Business,2024-03-30,2024-03-31,Onboarding,Medium,37,4,1
5777,3918,Business,2024-03-20,2024-03-20,Technical,Medium,16,2,1
5778,3918,Business,2024-04-09,2024-04-10,Performance,Medium,42,5,1
5779,3918,Business,2024-05-06,2024-05-08,Feature Request,Low,62,3,1
5780,3918,Business,2024-05-09,2024-05-10,Billing,Medium,47,3,1
5781,3918,Business,2024-05-02,2024-05-05,Integration,Low,78,3,1
5782,3922,Starter,2025-01-08,2025-01-08,Integration,High,6,4,0
5783,3926,Starter,2024-11-26,2024-11-26,Onboarding,High,13,3,1
5784,3928,Pro,2025-01-02,2025-01-02,Performance,Medium,13,5,0
5785,3928,Pro,2025-01-10,2025-01-12,Feature Request,Low,66,3,0
5786,3937,Pro,2025-01-08,2025-01-08,Technical,Critical,1,4,0
5787,3937,Pro,2024-12-23,2024-12-24,Technical,Medium,25,4,0
5788,3940,Starter,2024-02-15,2024-02-15,Feature Request,Medium,19,2,1
5789,3940,Starter,2024-02-15,2024-02-15,Technical,High,19,2,1
5790,3942,Pro,2024-11-07,2024-11-08,Performance,Low,26,4,1
5791,3942,Pro,2024-11-27,2024-11-27,Account,Medium,22,3,1
5792,3942,Pro,2024-11-21,2024-11-22,Feature Request,Medium,38,5,1
5793,3942,Pro,2024-12-15,2024-12-16,Onboarding,Medium,25,2,1
5794,3944,Pro,2024-07-17,2024-07-17,Account,Medium,14,5,0
5795,3944,Pro,2024-07-08,2024-07-09,Technical,Medium,27,4,0
5796,3944,Business,2024-10-09,2024-10-09,Feature Request,High,17,5,0
5797,3944,Business,2024-10-08,2024-10-08,Performance,High,7,4,0
5798,3944,Enterprise,2024-12-23,2024-12-23,Performance,Medium,16,3,0
5799,3944,Enterprise,2025-01-10,2025-01-11,Integration,Medium,33,4,0
5800,3944,Enterprise,2024-12-27,2024-12-28,Technical,Medium,32,4,0
5801,3944,Enterprise,2024-12-28,2024-12-28,Onboarding,High,2,1,0
5802,3944,Enterprise,2024-12-24,2024-12-27,Account,Low,92,5,0
5803,3944,Enterprise,2025-01-02,2025-01-02,Onboarding,Critical,6,5,0
5804,3947,Pro,2024-02-12,2024-02-16,Account,Low,98,3,1
5805,3947,Pro,2024-01-30,2024-01-30,Technical,Medium,17,3,1
5806,3947,Pro,2024-02-02,2024-02-02,Billing,Critical,7,1,1
5807,3947,Pro,2024-01-30,2024-01-31,Performance,Medium,34,3,1
5808,3947,Pro,2024-03-12,2024-03-13,Technical,Low,47,3,1
5809,3947,Pro,2024-03-02,2024-03-03,Account,Medium,29,2,1
5810,3947,Pro,2024-02-22,2024-02-22,Integration,High,20,2,1
5811,3947,Pro,2024-02-21,2024-02-23,Billing,Low,51,1,1
5812,3947,Pro,2024-03-16,2024-03-16,Billing,Critical,1,2,1
5813,3950,Starter,2024-01-21,2024-01-21,Performance,High,11,4,1
5814,3950,Starter,2024-01-19,2024-01-20,Account,Medium,27,1,1
5815,3957,Pro,2024-01-28,2024-01-28,Performance,High,22,1,1
5816,3957,Pro,2024-02-15,2024-02-18,Feature Request,Low,95,1,1
5817,3957,Pro,2024-01-26,2024-01-26,Billing,Medium,13,4,1
5818,3957,Pro,2024-01-22,2024-01-22,Feature Request,High,5,2,1
5819,3968,Pro,2024-04-04,2024-04-05,Technical,Medium,27,5,1
5820,3968,Pro,2024-03-25,2024-03-26,Performance,Medium,30,1,1
5821,3968,Pro,2024-04-04,2024-04-05,Performance,Medium,28,2,1
5822,3968,Pro,2024-03-23,2024-03-24,Account,Low,34,2,1
5823,3968,Pro,2024-04-28,2024-04-29,Feature Request,Low,38,2,1
5824,3968,Pro,2024-05-02,2024-05-03,Feature Request,Medium,46,3,1
5825,3968,Pro,2024-05-02,2024-05-02,Billing,Medium,14,3,1
5826,3969,Enterprise,2024-12-28,2024-12-30,Billing,Low,48,4,0
5827,3969,Enterprise,2025-01-13,2025-01-13,Performance,High,16,4,0
5828,3972,Pro,2024-10-16,2024-10-16,Billing,Medium,11,1,0
5829,3972,Pro,2024-10-01,2024-10-04,Billing,Low,78,5,0
5830,3972,Business,2025-01-03,2025-01-03,Integration,Medium,17,2,0
5831,3972,Business,2024-12-31,2024-12-31,Feature Request,Medium,9,5,0
5832,3974,Starter,2024-03-10,2024-03-11,Account,Medium,27,2,0
5833,3975,Pro,2024-05-19,2024-05-23,Performance,Low,97,2,1
5834,3975,Pro,2024-04-28,2024-04-29,Feature Request,Low,24,4,1
5835,3984,Business,2024-12-28,2024-12-29,Integration,Low,47,3,0
5836,3984,Business,2024-12-29,2024-12-31,Technical,Low,66,2,0
5837,3985,Enterprise,2024-12-31,2025-01-01,Technical,Medium,33,5,0
5838,3985,Enterprise,2025-01-16,2025-01-20,Integration,Low,108,3,0
5839,3985,Enterprise,2024-12-24,2024-12-24,Billing,Critical,8,2,0
5840,3985,Enterprise,2024-12-28,2024-12-29,Account,Low,29,4,0
5841,3985,Enterprise,2025-01-15,2025-01-17,Onboarding,Low,71,4,0
5842,3985,Enterprise,2025-01-17,2025-01-17,Integration,High,2,2,0
5843,3985,Enterprise,2024-12-30,2024-12-30,Account,High,13,3,0
5844,3986,Business,2024-04-02,2024-04-02,Onboarding,High,2,3,1
5845,3986,Business,2024-03-28,2024-03-29,Feature Request,Medium,28,1,1
5846,3986,Business,2024-04-07,2024-04-07,Onboarding,High,17,2,1
5847,3986,Business,2024-04-07,2024-04-07,Feature Request,Medium,20,3,1
5848,3986,Business,2024-05-05,2024-05-05,Onboarding,High,11,2,1
5849,3986,Business,2024-04-27,2024-04-28,Integration,Low,47,4,1
5850,3986,Business,2024-05-06,2024-05-08,Technical,Low,69,3,1
5851,3986,Business,2024-04-29,2024-04-29,Integration,Critical,1,3,1
5852,3986,Business,2024-04-26,2024-04-26,Account,Medium,22,2,1
5853,3986,Business,2024-04-26,2024-04-26,Billing,High,23,2,1
5854,3990,Pro,2024-01-21,2024-01-22,Technical,Medium,29,1,0
5855,3990,Pro,2024-01-15,2024-01-17,Feature Request,Low,68,4,0
5856,3990,Pro,2024-01-15,2024-01-15,Billing,Medium,9,4,0
5857,3990,Pro,2024-02-04,2024-02-05,Billing,Medium,27,5,0
5858,3990,Business,2024-04-25,2024-04-26,Onboarding,High,24,4,0
5859,3990,Enterprise,2025-01-02,2025-01-02,Onboarding,High,23,4,0
5860,3990,Enterprise,2024-12-25,2024-12-27,Feature Request,Low,52,2,0
5861,3990,Enterprise,2025-01-12,2025-01-14,Onboarding,Low,55,5,0
5862,3990,Enterprise,2025-01-03,2025-01-03,Billing,Medium,21,2,0
5863,3990,Enterprise,2025-01-17,2025-01-17,Performance,High,17,3,0
5864,3993,Pro,2024-07-26,2024-07-27,Performance,Medium,32,1,1
5865,3993,Pro,2024-08-23,2024-08-27,Integration,Low,113,3,1
5866,3993,Pro,2024-08-26,2024-08-26,Integration,Medium,20,1,1
5867,3995,Enterprise,2025-01-01,2025-01-01,Feature Request,High,18,2,0
5868,3995,Enterprise,2025-01-17,2025-01-18,Technical,Low,35,4,0
5869,3995,Enterprise,2024-12-26,2024-12-28,Performance,Low,70,4,0
5870,4002,Pro,2025-01-10,2025-01-11,Account,Medium,32,2,0
5871,4015,Pro,2024-02-13,2024-02-13,Performance,Medium,12,2,1
5872,4015,Pro,2024-02-16,2024-02-16,Performance,Critical,4,5,1
5873,4015,Pro,2024-01-31,2024-01-31,Performance,High,17,2,1
5874,4015,Pro,2024-02-29,2024-03-04,Billing,Low,118,2,1
5875,4015,Pro,2024-03-23,2024-03-24,Onboarding,Medium,36,1,1
5876,4015,Pro,2024-03-02,2024-03-03,Account,Low,28,3,1
5877,4019,Pro,2024-02-20,2024-02-20,Feature Request,High,15,2,1
5878,4019,Pro,2024-02-25,2024-02-26,Feature Request,Medium,41,1,1
5879,4019,Pro,2024-03-18,2024-03-18,Billing,Critical,7,2,1
5880,4019,Pro,2024-03-21,2024-03-22,Integration,Medium,26,4,1
5881,4021,Business,2024-09-14,2024-09-14,Technical,High,3,2,0
5882,4021,Business,2024-09-04,2024-09-08,Technical,Low,100,5,0
5883,4021,Enterprise,2025-01-07,2025-01-07,Technical,Medium,13,4,0
5884,4021,Enterprise,2025-01-14,2025-01-14,Onboarding,Medium,14,4,0
5885,4021,Enterprise,2025-01-08,2025-01-09,Performance,Medium,27,4,0
5886,4025,Pro,2024-02-15,2024-02-16,Technical,Medium,30,3,1
5887,4025,Pro,2024-01-30,2024-02-02,Technical,Low,81,1,1
5888,4025,Pro,2024-02-29,2024-03-01,Onboarding,Medium,34,3,1
5889,4025,Pro,2024-03-19,2024-03-19,Billing,Critical,4,4,1
5890,4025,Pro,2024-02-25,2024-02-26,Technical,Medium,29,5,1
5891,4025,Pro,2024-03-19,2024-03-21,Technical,Medium,48,2,1
5892,4033,Enterprise,2025-01-15,2025-01-18,Technical,Low,73,5,0
5893,4033,Enterprise,2025-01-22,2025-01-25,Performance,Low,84,1,0
5894,4033,Enterprise,2025-01-03,2025-01-04,Onboarding,Medium,28,4,0
5895,4033,Enterprise,2024-12-28,2024-12-30,Feature Request,Low,64,5,0
5896,4033,Enterprise,2025-01-13,2025-01-13,Billing,High,2,5,0
5897,4033,Enterprise,2025-01-21,2025-01-23,Performance,Medium,48,4,0
5898,4034,Starter,2024-04-08,2024-04-10,Onboarding,Low,71,4,1
5899,4034,Starter,2024-04-17,2024-04-18,Onboarding,Low,42,3,1
5900,4034,Starter,2024-04-29,2024-04-29,Feature Request,Critical,6,4,1
5901,4034,Starter,2024-05-12,2024-05-12,Technical,Critical,5,1,1
5902,4034,Starter,2024-05-05,2024-05-08,Performance,Low,77,1,1
5903,4038,Pro,2024-07-31,2024-08-04,Performance,Low,115,4,0
5904,4038,Pro,2024-08-16,2024-08-16,Feature Request,Medium,9,3,0
5905,4038,Pro,2024-08-17,2024-08-17,Integration,High,18,4,0
5906,4038,Pro,2024-08-31,2024-09-01,Performance,Low,31,3,0
5907,4038,Pro,2024-08-27,2024-08-27,Integration,Medium,17,2,0
5908,4038,Business,2024-10-27,2024-10-28,Billing,Medium,25,3,1
5909,4038,Business,2024-11-21,2024-11-23,Integration,Low,53,2,1
5910,4038,Business,2024-10-29,2024-10-29,Integration,Medium,18,1,1
5911,4038,Business,2024-10-30,2024-10-31,Integration,Medium,38,4,1
5912,4038,Business,2024-11-17,2024-11-17,Technical,Medium,18,2,1
5913,4038,Business,2024-11-08,2024-11-10,Onboarding,Low,51,2,1
5914,4038,Business,2024-10-31,2024-11-02,Technical,Low,62,3,1
5915,4038,Business,2024-11-13,2024-11-16,Account,Low,87,2,1
5916,4038,Business,2024-11-27,2024-11-28,Feature Request,Medium,41,4,1
5917,4038,Business,2024-11-27,2024-11-27,Billing,Medium,12,3,1
5918,4038,Business,2024-12-11,2024-12-15,Onboarding,Low,115,3,1
5919,4038,Business,2024-12-20,2024-12-20,Billing,Medium,12,4,1
5920,4044,Starter,2024-02-28,2024-02-29,Technical,Medium,32,4,0
5921,4044,Pro,2024-05-12,2024-05-13,Billing,High,24,1,1
5922,4044,Pro,2024-05-04,2024-05-04,Technical,Critical,5,4,1
5923,4044,Pro,2024-04-27,2024-04-28,Integration,Medium,45,5,1
5924,4044,Pro,2024-04-30,2024-05-03,Billing,Low,76,3,1
5925,4044,Pro,2024-05-17,2024-05-18,Account,Low,43,2,1
5926,4044,Pro,2024-05-10,2024-05-12,Onboarding,Low,68,3,1
5927,4044,Pro,2024-05-17,2024-05-18,Billing,Medium,45,4,1
5928,4044,Pro,2024-05-19,2024-05-22,Integration,Low,74,1,1
5929,4044,Starter,2024-05-18,2024-05-19,Account,Low,25,3,1
5930,4044,Starter,2024-05-05,2024-05-06,Account,Medium,26,3,1
5931,4047,Pro,2024-04-27,2024-04-27,Performance,Medium,20,3,0
5932,4047,Pro,2024-05-21,2024-05-24,Feature Request,Low,92,3,0
5933,4047,Pro,2024-05-08,2024-05-08,Technical,High,14,4,0
5934,4047,Pro,2024-05-19,2024-05-23,Feature Request,Low,116,4,0
5935,4047,Pro,2024-05-25,2024-05-26,Integration,Low,38,3,0
5936,4047,Business,2024-08-15,2024-08-15,Feature Request,High,20,3,0
5937,4047,Business,2024-08-22,2024-08-24,Technical,Medium,48,3,0
5938,4047,Business,2024-08-18,2024-08-18,Integration,Critical,8,5,0
5939,4047,Business,2024-09-08,2024-09-08,Account,High,7,5,0
5940,4047,Business,2024-09-10,2024-09-11,Performance,Medium,36,5,0
5941,4047,Business,2024-09-13,2024-09-14,Technical,Medium,42,3,0
5942,4047,Business,2024-08-29,2024-08-29,Account,Medium,9,4,0
5943,4047,Business,2024-09-24,2024-09-25,Billing,Low,26,2,0
5944,4047,Pro,2025-01-04,2025-01-05,Billing,Medium,28,4,0
5945,4047,Pro,2025-01-03,2025-01-06,Feature Request,Low,72,4,0
5946,4049,Pro,2024-03-20,2024-03-23,Performance,Low,74,1,1
5947,4050,Pro,2024-03-07,2024-03-09,Onboarding,Low,67,1,1
5948,4051,Starter,2024-10-09,2024-10-09,Performance,Critical,5,3,1
5949,4053,Pro,2025-01-23,2025-01-24,Onboarding,Low,27,5,0
5950,4053,Pro,2025-01-24,2025-01-24,Account,High,12,4,0
5951,4055,Enterprise,2025-01-15,2025-01-19,Onboarding,Low,97,5,0
5952,4055,Enterprise,2025-01-21,2025-01-21,Account,Medium,18,1,0
5953,4055,Enterprise,2025-01-09,2025-01-11,Technical,Low,50,5,0
5954,4055,Enterprise,2025-01-16,2025-01-20,Performance,Low,103,3,0
5955,4060,Pro,2024-05-04,2024-05-04,Technical,High,5,5,0
5956,4060,Business,2025-01-02,2025-01-02,Onboarding,Medium,17,4,0
5957,4060,Business,2025-01-26,2025-01-30,Technical,Low,105,4,0
5958,4060,Business,2024-12-30,2024-12-31,Feature Request,Medium,38,4,0
5959,4061,Pro,2025-01-22,2025-01-26,Billing,Low,117,5,0
5960,4066,Enterprise,2025-01-03,2025-01-07,Technical,Low,101,5,0
5961,4066,Enterprise,2025-01-24,2025-01-25,Technical,Medium,25,3,0
5962,4066,Enterprise,2025-01-23,2025-01-23,Account,High,3,4,0
5963,4066,Enterprise,2025-01-17,2025-01-18,Onboarding,Medium,37,5,0
5964,4066,Enterprise,2024-12-30,2025-01-02,Feature Request,Low,80,4,0
5965,4066,Enterprise,2025-01-19,2025-01-19,Technical,High,7,4,0
5966,4066,Enterprise,2025-01-22,2025-01-23,Feature Request,Medium,39,3,0
5967,4070,Business,2024-01-25,2024-01-25,Onboarding,High,5,4,0
5968,4070,Business,2024-01-24,2024-01-27,Onboarding,Low,73,4,0
5969,4070,Business,2024-01-30,2024-01-30,Technical,High,23,3,0
5970,4070,Business,2024-02-01,2024-02-02,Integration,Medium,38,5,0
5971,4070,Business,2024-02-15,2024-02-15,Integration,Medium,13,5,0
5972,4070,Business,2024-02-18,2024-02-22,Billing,Low,96,5,0
5973,4070,Business,2024-02-11,2024-02-11,Performance,Critical,2,4,0
5974,4070,Business,2024-02-18,2024-02-21,Account,Low,95,5,0
5975,4070,Enterprise,2025-01-01,2025-01-01,Performance,High,12,2,0
5976,4073,Enterprise,2025-01-07,2025-01-08,Billing,Medium,43,5,0
5977,4073,Enterprise,2025-01-12,2025-01-15,Onboarding,Low,75,4,0
5978,4073,Enterprise,2025-01-09,2025-01-10,Billing,Low,35,1,0
5979,4073,Enterprise,2025-01-17,2025-01-17,Technical,Medium,19,5,0
5980,4073,Enterprise,2025-01-08,2025-01-11,Onboarding,Low,82,4,0
5981,4073,Enterprise,2025-01-01,2025-01-01,Onboarding,Medium,12,3,0
5982,4076,Enterprise,2024-06-06,2024-06-06,Technical,High,8,5,0
5983,4076,Enterprise,2024-06-05,2024-06-06,Account,Medium,47,5,0
5984,4076,Enterprise,2024-06-26,2024-06-27,Account,Medium,42,4,0
5985,4076,Enterprise,2024-06-02,2024-06-02,Billing,Medium,22,3,0
5986,4076,Enterprise,2024-05-30,2024-05-31,Billing,Medium,46,4,0
5987,4076,Enterprise,2024-07-04,2024-07-06,Account,Low,48,5,0
5988,4076,Enterprise,2024-06-29,2024-06-30,Billing,Medium,42,3,0
5989,4076,Enterprise,2024-07-18,2024-07-18,Billing,Critical,3,4,0
5990,4076,Business,2024-12-23,2024-12-24,Account,Low,45,5,0
5991,4076,Enterprise,2025-01-10,2025-01-11,Account,Medium,35,4,0
5992,4076,Enterprise,2025-01-13,2025-01-13,Technical,Critical,2,2,0
5993,4076,Enterprise,2025-01-08,2025-01-12,Technical,Low,96,3,0
5994,4079,Pro,2024-06-18,2024-06-18,Billing,High,18,4,0
5995,4079,Business,2025-01-24,2025-01-26,Feature Request,Low,61,4,0
5996,4079,Business,2025-01-01,2025-01-03,Onboarding,Low,65,5,0
5997,4088,Pro,2025-01-20,2025-01-22,Account,Low,67,4,1
5998,4088,Pro,2025-01-24,2025-01-24,Technical,High,14,2,1
5999,4088,Pro,2025-01-23,2025-01-23,Technical,Medium,22,2,1
6000,4092,Pro,2025-01-05,2025-01-07,Onboarding,Medium,48,4,0
6001,4104,Pro,2024-06-02,2024-06-03,Integration,Medium,41,3,1
6002,4104,Pro,2024-06-22,2024-06-22,Technical,High,20,2,1
6003,4104,Pro,2024-06-17,2024-06-18,Integration,Medium,33,2,1
6004,4104,Pro,2024-06-01,2024-06-01,Integration,High,13,3,1
6005,4104,Pro,2024-06-02,2024-06-03,Billing,Medium,41,4,1
6006,4106,Business,2024-04-08,2024-04-12,Billing,Low,103,4,0
6007,4106,Business,2024-04-11,2024-04-11,Integration,High,20,3,0
6008,4106,Business,2024-04-04,2024-04-06,Technical,Low,49,3,0
6009,4106,Business,2024-04-22,2024-04-23,Onboarding,Medium,45,4,0
6010,4106,Enterprise,2024-12-16,2024-12-16,Onboarding,High,23,4,0
6011,4106,Enterprise,2024-12-28,2024-12-28,Technical,High,22,4,0
6012,4106,Enterprise,2024-12-16,2024-12-18,Technical,Medium,48,3,0
6013,4106,Enterprise,2024-12-13,2024-12-15,Feature Request,Low,59,3,0
6014,4106,Enterprise,2024-12-06,2024-12-07,Billing,Low,28,5,0
6015,4106,Enterprise,2024-12-30,2024-12-30,Technical,Medium,21,5,0
6016,4109,Pro,2024-09-06,2024-09-09,Billing,Low,81,4,0
6017,4109,Pro,2024-09-12,2024-09-12,Onboarding,High,14,4,0
6018,4109,Pro,2024-09-12,2024-09-13,Billing,Medium,45,4,0
6019,4109,Business,2024-12-09,2024-12-12,Technical,Low,90,2,1
6020,4109,Business,2024-12-17,2024-12-18,Technical,Low,42,1,1
6021,4109,Business,2024-12-12,2024-12-16,Feature Request,Low,109,1,1
6022,4109,Business,2024-12-24,2024-12-26,Technical,Low,61,4,1
6023,4109,Business,2024-12-07,2024-12-07,Performance,Critical,8,2,1
6024,4109,Business,2024-12-25,2024-12-26,Performance,Medium,25,2,1
6025,4109,Business,2024-12-25,2024-12-27,Feature Request,Low,49,2,1
6026,4113,Pro,2024-08-25,2024-08-25,Technical,High,11,2,1
6027,4113,Pro,2024-08-14,2024-08-14,Integration,Medium,22,1,1
6028,4113,Pro,2024-08-11,2024-08-12,Billing,Medium,46,3,1
6029,4113,Pro,2024-08-03,2024-08-04,Onboarding,Medium,34,1,1
6030,4113,Pro,2024-08-30,2024-08-30,Account,Critical,2,3,1
6031,4113,Pro,2024-08-20,2024-08-22,Integration,Low,56,2,1
6032,4113,Pro,2024-08-05,2024-08-08,Billing,Low,73,4,1
6033,4113,Pro,2024-09-03,2024-09-03,Technical,Medium,16,1,1
6034,4113,Pro,2024-09-20,2024-09-20,Integration,High,4,3,1
6035,4116,Starter,2024-12-07,2024-12-08,Performance,Medium,24,5,0
6036,4117,Business,2024-01-17,2024-01-17,Integration,Medium,9,5,1
6037,4117,Business,2024-01-06,2024-01-07,Onboarding,Low,32,5,1
6038,4117,Business,2024-01-25,2024-01-25,Integration,High,22,4,1
6039,4117,Business,2024-01-03,2024-01-04,Technical,Medium,47,3,1
6040,4117,Business,2024-02-25,2024-02-25,Onboarding,High,8,5,1
6041,4117,Business,2024-03-01,2024-03-01,Billing,High,6,4,1
6042,4120,Business,2024-12-12,2024-12-12,Account,Critical,6,4,0
6043,4121,Business,2024-12-21,2024-12-22,Account,Medium,32,3,0
6044,4125,Business,2024-05-14,2024-05-17,Performance,Low,78,2,1
6045,4125,Business,2024-05-15,2024-05-15,Feature Request,Medium,16,3,1
6046,4125,Business,2024-05-21,2024-05-21,Integration,Medium,14,3,1
6047,4125,Business,2024-05-05,2024-05-06,Onboarding,Medium,42,4,1
6048,4125,Business,2024-05-08,2024-05-12,Account,Low,119,5,1
6049,4125,Business,2024-05-04,2024-05-05,Onboarding,Medium,32,1,1
6050,4125,Business,2024-05-08,2024-05-12,Account,Low,103,2,1
6051,4125,Business,2024-05-10,2024-05-10,Integration,High,22,2,1
6052,4125,Business,2024-05-11,2024-05-12,Performance,Medium,31,1,1
6053,4125,Business,2024-06-16,2024-06-16,Performance,High,22,5,1
6054,4125,Business,2024-06-14,2024-06-15,Account,Low,24,2,1
6055,4125,Business,2024-06-25,2024-06-26,Onboarding,Medium,42,2,1
6056,4125,Business,2024-06-21,2024-06-21,Feature Request,High,14,4,1
6057,4125,Business,2024-06-10,2024-06-10,Technical,High,9,1,1
6058,4125,Business,2024-06-12,2024-06-13,Billing,Low,29,1,1
6059,4129,Starter,2024-03-03,2024-03-03,Technical,Medium,23,1,1
6060,4129,Starter,2024-02-17,2024-02-17,Feature Request,High,16,1,1
6061,4137,Enterprise,2024-12-25,2024-12-26,Technical,Low,29,4,0
6062,4137,Enterprise,2024-12-07,2024-12-10,Feature Request,Low,91,4,0
6063,4137,Enterprise,2024-12-10,2024-12-14,Account,Low,106,4,0
6064,4137,Enterprise,2024-12-18,2024-12-18,Integration,Critical,5,3,0
6065,4137,Enterprise,2024-12-06,2024-12-07,Account,Low,26,3,0
6066,4137,Enterprise,2024-12-27,2024-12-27,Integration,Medium,9,3,0
6067,4137,Enterprise,2024-12-31,2025-01-01,Integration,High,24,3,0
6068,4137,Enterprise,2024-12-11,2024-12-12,Integration,Low,34,4,0
6069,4137,Enterprise,2024-12-13,2024-12-13,Account,Critical,1,5,0
6070,4137,Enterprise,2024-12-30,2024-12-30,Onboarding,Medium,16,1,0
6071,4137,Enterprise,2024-12-09,2024-12-13,Technical,Low,99,1,0
6072,4139,Pro,2024-07-29,2024-07-29,Onboarding,High,10,2,1
6073,4139,Pro,2024-08-13,2024-08-16,Integration,Low,92,1,1
6074,4139,Pro,2024-08-04,2024-08-05,Performance,Medium,24,4,1
6075,4144,Starter,2024-03-12,2024-03-14,Account,Low,55,3,0
6076,4144,Pro,2024-06-10,2024-06-11,Billing,Medium,47,3,1
6077,4144,Pro,2024-06-20,2024-06-21,Feature Request,High,24,4,1
6078,4151,Pro,2024-08-24,2024-08-24,Account,Medium,17,5,0
6079,4151,Business,2024-12-18,2024-12-18,Onboarding,High,10,4,0
6080,4155,Starter,2024-01-23,2024-01-27,Billing,Low,102,3,1
6081,4155,Starter,2024-01-26,2024-01-29,Billing,Low,92,1,1
6082,4155,Starter,2024-02-05,2024-02-07,Performance,Low,68,2,1
6083,4155,Starter,2024-03-01,2024-03-01,Account,Medium,13,2,1
6084,4157,Enterprise,2024-03-22,2024-03-23,Integration,Low,46,4,1
6085,4157,Enterprise,2024-03-22,2024-03-25,Feature Request,Low,74,1,1
6086,4157,Enterprise,2024-03-29,2024-03-30,Account,Medium,36,4,1
6087,4157,Enterprise,2024-04-10,2024-04-13,Integration,Low,78,2,1
6088,4157,Enterprise,2024-04-05,2024-04-05,Feature Request,High,5,2,1
6089,4157,Enterprise,2024-04-19,2024-04-19,Technical,Medium,12,3,1
6090,4157,Enterprise,2024-04-20,2024-04-20,Integration,High,22,4,1
6091,4157,Enterprise,2024-04-21,2024-04-21,Integration,High,21,1,1
6092,4157,Enterprise,2024-04-24,2024-04-24,Billing,High,13,2,1
6093,4157,Enterprise,2024-04-28,2024-05-02,Onboarding,Low,104,3,1
6094,4157,Enterprise,2024-04-10,2024-04-11,Technical,Medium,37,4,1
6095,4157,Enterprise,2024-05-01,2024-05-01,Performance,High,8,3,1
6096,4158,Starter,2024-12-11,2024-12-11,Billing,High,16,4,0
6097,4160,Starter,2025-01-02,2025-01-03,Integration,Medium,24,4,0
6098,4161,Business,2024-05-31,2024-06-01,Performance,Low,26,3,0
6099,4161,Business,2024-05-06,2024-05-06,Billing,Medium,13,3,0
6100,4161,Business,2024-06-03,2024-06-04,Integration,Medium,46,2,0
6101,4161,Business,2024-06-17,2024-06-17,Technical,Medium,12,3,0
6102,4161,Business,2024-07-02,2024-07-03,Technical,Medium,28,4,0
6103,4161,Enterprise,2024-12-06,2024-12-06,Technical,High,21,3,0
6104,4161,Enterprise,2024-12-08,2024-12-09,Account,Low,39,3,0
6105,4162,Enterprise,2024-04-26,2024-04-26,Performance,Critical,6,1,0
6106,4162,Enterprise,2024-04-17,2024-04-18,Integration,Low,34,5,0
6107,4162,Enterprise,2024-04-25,2024-04-27,Account,Low,63,5,0
6108,4162,Enterprise,2024-04-07,2024-04-07,Onboarding,High,7,5,0
6109,4162,Enterprise,2024-04-25,2024-04-25,Account,High,3,5,0
6110,4162,Business,2024-08-29,2024-08-29,Performance,Medium,18,5,0
6111,4162,Business,2024-08-21,2024-08-21,Account,Medium,18,3,0
6112,4162,Business,2024-08-26,2024-08-26,Billing,Medium,13,3,0
6113,4162,Business,2024-09-01,2024-09-01,Feature Request,Critical,8,2,0
6114,4162,Business,2024-09-17,2024-09-18,Account,Medium,34,5,0
6115,4162,Business,2024-09-25,2024-09-28,Billing,Low,76,5,0
6116,4162,Business,2024-09-30,2024-09-30,Technical,High,18,3,0
6117,4162,Business,2024-10-03,2024-10-04,Integration,Medium,39,5,0
6118,4162,Enterprise,2024-12-22,2024-12-23,Performance,Low,45,3,0
6119,4162,Enterprise,2024-12-11,2024-12-11,Technical,High,18,3,0
6120,4166,Starter,2024-04-03,2024-04-06,Account,Low,83,2,1
6121,4166,Starter,2024-04-15,2024-04-18,Account,Low,95,1,1
6122,4166,Starter,2024-04-17,2024-04-18,Technical,Medium,45,1,1
6123,4167,Enterprise,2024-12-11,2024-12-11,Onboarding,High,14,2,0
6124,4167,Enterprise,2024-12-31,2025-01-01,Account,Medium,42,4,0
6125,4167,Enterprise,2024-12-29,2024-12-29,Account,Medium,12,5,0
6126,4167,Enterprise,2024-12-11,2024-12-12,Account,Medium,46,5,0
6127,4167,Enterprise,2024-12-21,2024-12-21,Account,Medium,8,5,0
6128,4168,Business,2024-07-19,2024-07-20,Onboarding,High,24,1,1
6129,4168,Business,2024-07-19,2024-07-20,Account,Medium,32,2,1
6130,4168,Business,2024-07-28,2024-07-29,Account,Medium,28,2,1
6131,4168,Business,2024-08-09,2024-08-12,Performance,Low,82,3,1
6132,4168,Business,2024-08-27,2024-08-31,Integration,Low,99,2,1
6133,4168,Business,2024-08-30,2024-08-31,Performance,Medium,28,5,1
6134,4173,Enterprise,2024-12-09,2024-12-10,Billing,Medium,37,5,0
6135,4173,Enterprise,2024-12-18,2024-12-19,Account,Medium,27,5,0
6136,4173,Enterprise,2024-12-24,2024-12-24,Integration,High,16,1,0
6137,4178,Starter,2024-06-28,2024-06-28,Feature Request,Medium,8,5,0
6138,4178,Pro,2024-12-14,2024-12-14,Performance,Medium,20,3,0
6139,4178,Pro,2025-01-03,2025-01-04,Integration,Medium,34,4,0
6140,4183,Pro,2024-12-01,2024-12-02,Account,Medium,24,3,1
6141,4183,Pro,2024-11-20,2024-11-21,Account,Low,28,2,1
6142,4183,Pro,2024-11-10,2024-11-12,Technical,Low,53,1,1
6143,4183,Pro,2024-11-15,2024-11-18,Feature Request,Low,95,4,1
6144,4186,Pro,2024-12-10,2024-12-11,Feature Request,Medium,32,3,0
6145,4186,Pro,2024-12-15,2024-12-16,Technical,Low,41,4,0
6146,4187,Enterprise,2024-02-29,2024-02-29,Technical,High,4,1,1
6147,4187,Enterprise,2024-02-26,2024-02-27,Feature Request,Medium,31,1,1
6148,4187,Enterprise,2024-02-21,2024-02-24,Technical,Low,90,4,1
6149,4187,Enterprise,2024-03-05,2024-03-06,Onboarding,Medium,39,3,1
6150,4187,Enterprise,2024-02-28,2024-02-28,Billing,High,15,4,1
6151,4189,Business,2024-04-28,2024-04-28,Billing,High,16,1,1
6152,4192,Business,2024-10-04,2024-10-08,Account,Low,114,5,1
6153,4192,Business,2024-10-02,2024-10-02,Feature Request,High,6,4,1
6154,4192,Business,2024-09-14,2024-09-14,Performance,Critical,5,2,1
6155,4192,Business,2024-09-17,2024-09-18,Billing,Medium,24,5,1
6156,4192,Business,2024-09-20,2024-09-22,Technical,Low,57,1,1
6157,4199,Business,2024-07-23,2024-07-24,Performance,Medium,24,2,0
6158,4199,Business,2024-07-21,2024-07-22,Integration,Medium,29,4,0
6159,4199,Business,2024-08-03,2024-08-06,Integration,Low,76,4,0
6160,4199,Business,2024-07-22,2024-07-22,Technical,High,18,1,0
6161,4199,Enterprise,2024-12-17,2024-12-18,Technical,Low,30,4,0
6162,4199,Enterprise,2024-12-30,2024-12-31,Account,Low,29,1,0
6163,4199,Enterprise,2024-12-24,2024-12-26,Billing,Low,50,4,0
6164,4199,Enterprise,2024-12-28,2024-12-29,Technical,Medium,40,4,0
6165,4200,Pro,2024-09-05,2024-09-05,Performance,Medium,14,4,0
6166,4200,Pro,2024-09-03,2024-09-05,Technical,Low,48,2,0
6167,4200,Pro,2024-10-01,2024-10-01,Integration,Critical,8,2,0
6168,4200,Business,2024-12-29,2024-12-29,Billing,High,9,3,0
6169,4201,Business,2024-12-13,2024-12-13,Performance,Medium,12,2,0
6170,4201,Business,2024-12-24,2024-12-25,Performance,Medium,41,4,0
6171,4201,Business,2024-12-13,2024-12-14,Feature Request,Low,28,4,0
6172,4211,Starter,2024-07-16,2024-07-17,Onboarding,Medium,32,2,1
6173,4211,Starter,2024-09-03,2024-09-03,Feature Request,Medium,22,1,1
6174,4211,Starter,2024-08-20,2024-08-20,Technical,High,16,3,1
6175,4215,Enterprise,2024-12-30,2024-12-30,Feature Request,Medium,14,5,0
6176,4216,Business,2024-12-26,2024-12-27,Onboarding,Medium,35,3,0
6177,4216,Business,2024-12-25,2024-12-26,Technical,Medium,33,4,0
6178,4216,Business,2025-01-05,2025-01-05,Account,Medium,16,5,0
6179,4216,Business,2025-01-01,2025-01-05,Account,Low,109,4,0
6180,4218,Pro,2024-04-28,2024-05-01,Performance,Low,78,2,1
6181,4218,Pro,2024-04-14,2024-04-15,Technical,Low,24,5,1
6182,4218,Pro,2024-04-23,2024-04-27,Billing,Low,101,3,1
6183,4228,Business,2024-12-15,2024-12-15,Feature Request,Medium,15,5,0
6184,4242,Starter,2024-12-27,2024-12-29,Account,Low,63,5,0
6185,4242,Starter,2024-12-14,2024-12-14,Technical,High,13,4,0
6186,4242,Starter,2024-12-22,2024-12-23,Performance,Low,25,4,0
6187,4244,Starter,2024-05-23,2024-05-23,Onboarding,Medium,14,1,1
6188,4244,Starter,2024-06-22,2024-06-24,Account,Low,51,2,1
6189,4246,Pro,2024-06-15,2024-06-18,Onboarding,Low,79,4,0
6190,4246,Pro,2024-06-18,2024-06-19,Integration,Low,46,5,0
6191,4246,Pro,2024-06-17,2024-06-21,Technical,Low,112,4,0
6192,4246,Business,2024-10-28,2024-10-29,Feature Request,Low,40,2,1
6193,4246,Business,2024-10-22,2024-10-22,Account,High,18,4,1
6194,4246,Business,2024-10-14,2024-10-15,Account,Low,35,1,1
6195,4246,Business,2024-10-24,2024-10-24,Technical,Medium,17,3,1
6196,4246,Business,2024-10-20,2024-10-20,Technical,High,13,4,1
6197,4246,Business,2024-11-21,2024-11-22,Account,Medium,26,3,1
6198,4246,Business,2024-11-24,2024-11-25,Integration,Medium,28,3,1
6199,4246,Business,2024-11-27,2024-11-27,Performance,Medium,16,2,1
6200,4246,Business,2024-11-22,2024-11-22,Billing,Medium,21,2,1
6201,4248,Enterprise,2025-01-01,2025-01-02,Performance,Low,29,1,0
6202,4252,Starter,2024-08-15,2024-08-16,Performance,Medium,34,1,1
6203,4252,Starter,2024-10-05,2024-10-09,Onboarding,Low,105,2,1
6204,4254,Business,2024-04-19,2024-04-20,Performance,Medium,26,3,1
6205,4254,Business,2024-04-16,2024-04-19,Technical,Low,81,2,1
6206,4254,Business,2024-04-24,2024-04-24,Feature Request,Critical,1,5,1
6207,4254,Business,2024-04-26,2024-04-26,Integration,High,13,4,1
6208,4254,Business,2024-04-27,2024-04-29,Onboarding,Low,68,1,1
6209,4254,Business,2024-04-22,2024-04-26,Account,Low,109,4,1
6210,4255,Pro,2024-12-17,2024-12-18,Technical,Low,28,5,0
6211,4255,Pro,2024-12-19,2024-12-19,Feature Request,High,10,5,0
6212,4255,Pro,2024-12-31,2025-01-01,Technical,Medium,46,2,0
6213,4255,Pro,2024-12-24,2024-12-26,Performance,Low,64,3,0
6214,4263,Business,2025-01-07,2025-01-08,Account,Medium,34,5,0
6215,4265,Business,2024-08-15,2024-08-16,Billing,Medium,29,4,1
6216,4265,Business,2024-09-06,2024-09-06,Integration,Medium,23,5,1
6217,4265,Business,2024-09-16,2024-09-17,Onboarding,Medium,25,2,1
6218,4265,Business,2024-09-18,2024-09-19,Technical,Low,37,4,1
6219,4265,Business,2024-10-05,2024-10-08,Technical,Low,72,5,1
6220,4269,Pro,2024-01-14,2024-01-14,Performance,Medium,16,4,0
6221,4269,Pro,2024-03-03,2024-03-07,Performance,Low,112,3,0
6222,4269,Business,2024-04-08,2024-04-12,Technical,Low,119,4,1
6223,4269,Business,2024-03-29,2024-03-29,Performance,Medium,18,5,1
6224,4269,Business,2024-04-09,2024-04-10,Billing,Medium,25,3,1
6225,4269,Business,2024-03-29,2024-04-02,Feature Request,Low,119,4,1
6226,4269,Business,2024-05-10,2024-05-10,Integration,Medium,19,5,1
6227,4269,Business,2024-04-13,2024-04-13,Feature Request,Medium,23,1,1
6228,4269,Business,2024-05-01,2024-05-01,Feature Request,High,18,2,1
6229,4269,Business,2024-04-13,2024-04-13,Account,High,10,3,1
6230,4269,Business,2024-04-19,2024-04-20,Onboarding,Medium,40,2,1
6231,4269,Business,2024-05-05,2024-05-09,Billing,Low,115,2,1
6232,4269,Business,2024-04-29,2024-05-01,Feature Request,Low,48,3,1
6233,4271,Pro,2024-07-04,2024-07-04,Billing,High,18,3,1
6234,4271,Pro,2024-07-11,2024-07-12,Feature Request,Low,35,4,1
6235,4274,Pro,2024-04-29,2024-04-30,Account,Medium,42,4,0
6236,4274,Business,2024-11-22,2024-11-23,Technical,Medium,44,1,1
6237,4274,Business,2024-11-15,2024-11-16,Account,Medium,38,1,1
6238,4274,Business,2024-11-24,2024-11-28,Account,Low,99,3,1
6239,4274,Business,2024-11-20,2024-11-20,Performance,Critical,5,1,1
6240,4274,Business,2024-11-27,2024-11-27,Performance,Medium,11,3,1
6241,4275,Pro,2025-01-10,2025-01-11,Account,Medium,46,4,0
6242,4278,Starter,2024-08-21,2024-08-21,Technical,Medium,8,3,1
6243,4278,Starter,2024-09-19,2024-09-22,Account,Low,74,3,1
6244,4280,Pro,2024-12-25,2024-12-28,Onboarding,Low,90,2,0
6245,4280,Pro,2025-01-10,2025-01-13,Feature Request,Low,72,4,0
6246,4280,Pro,2024-12-17,2024-12-17,Technical,High,10,4,0
6247,4285,Business,2025-01-05,2025-01-06,Integration,Medium,37,5,0
6248,4285,Business,2024-12-20,2024-12-20,Onboarding,Critical,4,4,0
6249,4287,Pro,2025-01-01,2025-01-02,Account,Medium,43,2,0
6250,4292,Enterprise,2024-07-20,2024-07-20,Integration,Medium,12,4,1
6251,4292,Enterprise,2024-08-09,2024-08-12,Feature Request,Low,90,5,1
6252,4292,Enterprise,2024-07-30,2024-07-31,Onboarding,Medium,44,2,1
6253,4292,Enterprise,2024-07-23,2024-07-23,Onboarding,Critical,4,2,1
6254,4292,Enterprise,2024-08-14,2024-08-14,Account,Medium,20,3,1
6255,4292,Enterprise,2024-09-05,2024-09-06,Technical,Medium,28,2,1
6256,4292,Enterprise,2024-09-10,2024-09-10,Onboarding,High,23,1,1
6257,4292,Enterprise,2024-09-11,2024-09-12,Feature Request,Medium,24,1,1
6258,4292,Enterprise,2024-08-25,2024-08-26,Performance,Medium,35,4,1
6259,4292,Enterprise,2024-08-19,2024-08-19,Performance,Critical,4,1,1
6260,4292,Enterprise,2024-08-19,2024-08-19,Integration,Medium,13,1,1
6261,4292,Enterprise,2024-08-21,2024-08-22,Billing,Medium,28,2,1
6262,4292,Enterprise,2024-08-26,2024-08-26,Performance,Medium,20,4,1
6263,4292,Enterprise,2024-08-15,2024-08-15,Performance,Medium,13,4,1
6264,4294,Starter,2024-04-13,2024-04-13,Billing,High,12,3,0
6265,4294,Starter,2024-05-11,2024-05-12,Integration,Medium,36,4,0
6266,4294,Starter,2024-10-31,2024-10-31,Billing,Medium,8,4,1
6267,4294,Starter,2024-10-22,2024-10-22,Onboarding,Medium,14,4,1
6268,4294,Starter,2024-10-30,2024-10-31,Onboarding,Low,36,2,1
6269,4294,Starter,2024-11-04,2024-11-04,Account,High,12,2,1
6270,4294,Starter,2024-10-18,2024-10-21,Performance,Low,94,2,1
6271,4294,Starter,2024-11-06,2024-11-07,Performance,Medium,46,5,1
6272,4297,Business,2024-07-13,2024-07-14,Onboarding,Medium,25,2,1
6273,4297,Business,2024-06-20,2024-06-20,Account,High,12,1,1
6274,4297,Business,2024-06-27,2024-06-29,Feature Request,Low,70,3,1
6275,4297,Business,2024-07-10,2024-07-11,Performance,Medium,30,2,1
6276,4297,Business,2024-07-09,2024-07-10,Performance,Medium,41,2,1
6277,4306,Enterprise,2025-01-04,2025-01-05,Billing,Medium,42,4,0
6278,4306,Enterprise,2024-12-28,2025-01-01,Billing,Low,101,3,0
6279,4306,Enterprise,2025-01-14,2025-01-15,Feature Request,Low,41,4,0
6280,4307,Enterprise,2024-12-17,2024-12-17,Integration,Critical,7,4,0
6281,4308,Starter,2024-07-14,2024-07-15,Integration,Low,33,4,1
6282,4310,Enterprise,2024-12-31,2024-12-31,Integration,Medium,22,1,0
6283,4310,Enterprise,2025-01-12,2025-01-12,Billing,Medium,11,5,0
6284,4310,Enterprise,2025-01-07,2025-01-07,Billing,High,15,4,0
6285,4314,Starter,2024-12-21,2024-12-21,Performance,Medium,10,5,0
6286,4315,Business,2025-01-11,2025-01-12,Performance,Medium,24,3,0
6287,4317,Enterprise,2024-12-27,2024-12-28,Performance,Medium,31,5,0
6288,4317,Enterprise,2024-12-19,2024-12-19,Onboarding,Medium,22,4,0
6289,4317,Enterprise,2024-12-31,2024-12-31,Performance,Medium,8,4,0
6290,4317,Enterprise,2024-12-28,2024-12-28,Performance,Medium,21,5,0
6291,4317,Enterprise,2024-12-19,2024-12-20,Onboarding,Medium,29,3,0
6292,4323,Business,2024-05-12,2024-05-13,Account,Low,27,2,0
6293,4323,Business,2024-04-29,2024-04-29,Integration,Medium,21,4,0
6294,4323,Enterprise,2025-01-12,2025-01-14,Technical,Medium,48,5,0
6295,4323,Enterprise,2024-12-25,2024-12-25,Performance,High,2,5,0
6296,4323,Enterprise,2025-01-06,2025-01-09,Performance,Low,82,2,0
6297,4323,Enterprise,2024-12-20,2024-12-22,Onboarding,Low,53,4,0
6298,4323,Enterprise,2024-12-20,2024-12-21,Account,Medium,43,2,0
6299,4323,Enterprise,2024-12-27,2024-12-27,Billing,High,19,5,0
6300,4323,Enterprise,2025-01-01,2025-01-02,Account,Medium,34,3,0
6301,4323,Enterprise,2024-12-24,2024-12-24,Feature Request,High,6,5,0
6302,4323,Enterprise,2025-01-08,2025-01-08,Performance,Medium,12,5,0
6303,4325,Starter,2024-05-08,2024-05-09,Feature Request,Medium,34,2,1
6304,4325,Starter,2024-05-02,2024-05-03,Account,Medium,26,3,1
6305,4325,Starter,2024-05-09,2024-05-09,Technical,Medium,21,3,1
6306,4325,Starter,2024-05-08,2024-05-09,Billing,Medium,39,3,1
6307,4329,Enterprise,2024-08-16,2024-08-16,Integration,Medium,8,1,0
6308,4329,Enterprise,2024-08-05,2024-08-05,Onboarding,High,15,5,0
6309,4329,Enterprise,2024-07-20,2024-07-23,Performance,Low,79,3,0
6310,4329,Enterprise,2024-08-13,2024-08-14,Onboarding,Medium,40,4,0
6311,4329,Enterprise,2024-08-26,2024-08-26,Feature Request,Medium,20,2,0
6312,4329,Business,2024-10-24,2024-10-26,Integration,Low,71,3,0
6313,4329,Business,2024-11-12,2024-11-13,Feature Request,Medium,41,4,0
6314,4329,Business,2024-12-05,2024-12-08,Integration,Low,72,3,0
6315,4329,Business,2024-12-02,2024-12-03,Technical,Medium,38,4,0
6316,4329,Business,2024-12-11,2024-12-11,Account,Critical,6,5,0
6317,4329,Business,2024-11-20,2024-11-24,Billing,Low,106,5,0
6318,4329,Enterprise,2024-12-21,2024-12-22,Account,Medium,26,2,0
6319,4329,Enterprise,2024-12-21,2024-12-21,Account,High,8,4,0
6320,4338,Enterprise,2024-12-22,2024-12-22,Integration,High,14,4,0
6321,4338,Enterprise,2025-01-02,2025-01-02,Feature Request,Medium,23,5,0
6322,4338,Enterprise,2025-01-07,2025-01-08,Integration,Medium,33,3,0
6323,4341,Starter,2024-10-28,2024-10-30,Account,Low,61,1,1
6324,4341,Starter,2024-11-12,2024-11-13,Billing,Medium,39,4,1
6325,4355,Starter,2024-12-24,2024-12-25,Account,Medium,27,1,1
6326,4355,Starter,2024-12-28,2025-01-01,Integration,Low,103,2,1
6327,4355,Starter,2024-12-29,2024-12-30,Feature Request,Medium,27,4,1
6328,4355,Starter,2024-12-22,2024-12-22,Account,High,5,3,1
6329,4360,Enterprise,2025-01-03,2025-01-04,Billing,Low,36,3,0
6330,4360,Enterprise,2024-12-28,2024-12-29,Performance,Medium,39,4,0
6331,4360,Enterprise,2025-01-07,2025-01-07,Technical,High,12,2,0
6332,4360,Enterprise,2024-12-22,2024-12-25,Feature Request,Low,74,4,0
6333,4364,Enterprise,2024-07-07,2024-07-07,Account,Medium,22,4,0
6334,4364,Enterprise,2024-07-19,2024-07-20,Onboarding,Medium,25,5,0
6335,4364,Enterprise,2024-07-04,2024-07-05,Technical,Medium,38,2,0
6336,4364,Enterprise,2024-07-20,2024-07-21,Performance,Low,26,3,0
6337,4364,Enterprise,2024-06-28,2024-06-28,Integration,High,5,5,0
6338,4364,Business,2025-01-10,2025-01-13,Integration,Low,83,5,0
6339,4364,Business,2025-01-13,2025-01-17,Integration,Low,118,5,0
6340,4364,Business,2024-12-22,2024-12-26,Feature Request,Low,111,4,0
6341,4368,Business,2025-01-05,2025-01-06,Billing,Medium,43,5,0
6342,4368,Business,2024-12-26,2024-12-27,Account,Medium,42,4,0
6343,4368,Business,2025-01-10,2025-01-11,Integration,Medium,40,4,0
6344,4368,Business,2025-01-11,2025-01-12,Billing,Medium,25,5,0
6345,4368,Business,2025-01-13,2025-01-13,Integration,Critical,3,4,0
6346,4369,Starter,2024-03-17,2024-03-18,Integration,Medium,41,2,1
6347,4369,Starter,2024-03-04,2024-03-04,Onboarding,Critical,3,4,1
6348,4369,Starter,2024-03-01,2024-03-01,Integration,Medium,16,1,1
6349,4370,Pro,2024-12-24,2024-12-25,Performance,Low,29,5,0
6350,4373,Business,2025-01-08,2025-01-09,Account,Medium,44,3,0
6351,4375,Starter,2024-02-15,2024-02-15,Onboarding,High,10,3,1
6352,4384,Business,2024-07-24,2024-07-24,Billing,Medium,10,3,0
6353,4384,Business,2024-07-26,2024-07-27,Performance,Medium,40,4,0
6354,4384,Business,2024-09-13,2024-09-13,Technical,Medium,14,5,0
6355,4384,Enterprise,2024-12-27,2024-12-28,Feature Request,Medium,31,5,0
6356,4385,Business,2024-07-09,2024-07-10,Performance,Medium,35,2,1
6357,4385,Business,2024-07-03,2024-07-03,Billing,High,6,4,1
6358,4385,Business,2024-07-04,2024-07-08,Billing,Low,110,1,1
6359,4385,Business,2024-07-13,2024-07-17,Account,Low,98,1,1
6360,4385,Business,2024-06-28,2024-06-28,Onboarding,Critical,5,2,1
6361,4386,Pro,2024-12-21,2024-12-21,Billing,Medium,15,2,1
6362,4386,Pro,2024-12-21,2024-12-22,Billing,Medium,38,4,1
6363,4386,Pro,2024-11-29,2024-11-30,Billing,Medium,25,3,1
6364,4386,Pro,2024-12-16,2024-12-18,Feature Request,Low,67,5,1
6365,4389,Starter,2024-11-08,2024-11-08,Billing,Critical,2,1,1
6366,4389,Starter,2024-12-05,2024-12-06,Technical,Medium,30,1,1
6367,4389,Starter,2024-12-03,2024-12-04,Billing,Medium,38,1,1
6368,4389,Starter,2024-12-02,2024-12-02,Technical,Critical,6,3,1
6369,4389,Starter,2024-12-10,2024-12-10,Technical,Critical,7,2,1
6370,4389,Starter,2024-12-05,2024-12-05,Feature Request,High,20,3,1
6371,4390,Pro,2024-05-13,2024-05-17,Performance,Low,109,4,0
6372,4390,Pro,2024-05-07,2024-05-08,Feature Request,Medium,30,5,0
6373,4390,Pro,2024-04-30,2024-05-02,Billing,Low,58,2,0
6374,4390,Pro,2024-05-04,2024-05-04,Integration,High,15,2,0
6375,4390,Pro,2024-05-20,2024-05-21,Integration,Medium,44,3,0
6376,4390,Pro,2024-05-14,2024-05-18,Account,Low,119,2,0
6377,4390,Pro,2024-09-03,2024-09-03,Onboarding,Critical,5,5,0
6378,4390,Pro,2024-10-05,2024-10-05,Technical,Critical,6,5,0
6379,4390,Pro,2024-10-25,2024-10-26,Integration,Low,47,4,0
6380,4390,Pro,2024-11-02,2024-11-03,Billing,Medium,42,5,0
6381,4390,Pro,2024-11-18,2024-11-21,Performance,Low,91,4,0
6382,4390,Pro,2024-11-28,2024-11-30,Billing,Low,71,4,0
6383,4390,Pro,2024-11-28,2024-12-02,Feature Request,Low,104,4,0
6384,4391,Pro,2024-03-06,2024-03-07,Onboarding,Medium,30,4,0
6385,4391,Pro,2024-03-09,2024-03-10,Integration,Medium,26,1,0
6386,4391,Pro,2024-03-07,2024-03-10,Account,Low,80,3,0
6387,4391,Starter,2024-07-02,2024-07-04,Account,Low,48,2,1
6388,4392,Enterprise,2024-01-28,2024-01-28,Technical,High,5,5,0
6389,4392,Enterprise,2024-01-26,2024-01-26,Technical,Medium,12,3,0
6390,4392,Enterprise,2024-02-27,2024-02-28,Integration,Medium,46,4,0
6391,4392,Enterprise,2024-03-02,2024-03-02,Performance,Critical,3,4,0
6392,4392,Enterprise,2024-03-17,2024-03-18,Account,Medium,46,3,0
6393,4392,Enterprise,2024-02-24,2024-02-24,Feature Request,High,21,4,0
6394,4392,Enterprise,2024-03-15,2024-03-15,Account,High,8,2,0
6395,4392,Enterprise,2024-02-29,2024-03-01,Billing,Low,28,4,0
6396,4392,Business,2024-09-26,2024-09-27,Onboarding,Medium,39,2,1
6397,4392,Business,2024-10-01,2024-10-03,Feature Request,Low,48,3,1
6398,4394,Business,2024-10-17,2024-10-18,Integration,Low,27,3,1
6399,4394,Business,2024-10-13,2024-10-17,Billing,Low,111,1,1
6400,4399,Business,2024-12-13,2024-12-16,Performance,Low,82,2,1
6401,4399,Business,2024-11-30,2024-11-30,Performance,High,10,4,1
6402,4399,Business,2024-11-27,2024-11-27,Billing,Medium,21,2,1
6403,4399,Business,2024-12-16,2024-12-17,Feature Request,Medium,39,1,1
6404,4399,Business,2024-12-15,2024-12-15,Account,High,10,1,1
6405,4399,Business,2024-11-25,2024-11-26,Feature Request,Medium,31,3,1
6406,4401,Starter,2024-05-16,2024-05-20,Technical,Low,114,5,1
6407,4401,Starter,2024-05-15,2024-05-15,Billing,High,4,2,1
6408,4407,Starter,2024-06-12,2024-06-13,Integration,Low,30,3,1
6409,4407,Starter,2024-06-10,2024-06-12,Feature Request,Low,63,3,1
6410,4407,Starter,2024-06-15,2024-06-15,Account,High,17,2,1
6411,4407,Starter,2024-05-26,2024-05-27,Onboarding,Medium,41,3,1
6412,4407,Starter,2024-07-08,2024-07-08,Account,Medium,16,3,1
6413,4408,Starter,2024-12-26,2024-12-27,Account,Medium,34,5,0
6414,4409,Pro,2024-02-20,2024-02-20,Performance,Critical,7,4,0
6415,4412,Enterprise,2024-02-07,2024-02-09,Performance,Low,61,5,0
6416,4412,Enterprise,2024-02-06,2024-02-07,Performance,Medium,35,4,0
6417,4412,Enterprise,2024-02-20,2024-02-21,Account,High,24,4,0
6418,4412,Enterprise,2024-02-13,2024-02-16,Feature Request,Low,92,5,0
6419,4412,Enterprise,2024-02-05,2024-02-08,Account,Low,88,5,0
6420,4412,Enterprise,2024-02-18,2024-02-20,Feature Request,Low,56,4,0
6421,4412,Enterprise,2024-03-03,2024-03-04,Billing,Medium,43,5,0
6422,4412,Enterprise,2024-03-06,2024-03-06,Onboarding,Medium,22,5,0
6423,4412,Enterprise,2024-03-08,2024-03-12,Performance,Low,108,5,0
6424,4412,Business,2025-01-18,2025-01-18,Performance,High,4,5,0
6425,4418,Pro,2024-02-05,2024-02-06,Onboarding,Medium,29,2,1
6426,4418,Pro,2024-02-28,2024-02-28,Account,High,19,2,1
6427,4418,Pro,2024-03-21,2024-03-25,Feature Request,Low,100,1,1
6428,4421,Starter,2024-01-28,2024-01-29,Integration,Medium,25,1,1
6429,4421,Starter,2024-02-16,2024-02-17,Performance,Low,41,3,1
6430,4421,Starter,2024-02-26,2024-02-26,Technical,High,5,1,1
6431,4421,Starter,2024-03-09,2024-03-09,Feature Request,High,13,1,1
6432,4421,Starter,2024-02-29,2024-03-02,Technical,Low,55,3,1
6433,4427,Starter,2024-07-20,2024-07-20,Performance,High,6,3,1
6434,4427,Starter,2024-06-26,2024-06-26,Performance,High,17,1,1
6435,4429,Pro,2024-03-15,2024-03-17,Feature Request,Low,59,3,1
6436,4429,Pro,2024-03-24,2024-03-25,Performance,Medium,37,1,1
6437,4429,Pro,2024-02-28,2024-02-29,Feature Request,Medium,39,3,1
6438,4429,Pro,2024-03-10,2024-03-10,Billing,Medium,16,3,1
6439,4429,Pro,2024-03-01,2024-03-03,Billing,Low,69,2,1
6440,4431,Starter,2024-05-24,2024-05-24,Feature Request,High,19,3,1
6441,4431,Starter,2024-05-21,2024-05-22,Performance,Medium,27,2,1
6442,4431,Starter,2024-05-07,2024-05-10,Technical,Low,80,3,1
6443,4436,Pro,2025-01-05,2025-01-06,Feature Request,Medium,41,4,0
6444,4436,Pro,2024-12-27,2024-12-28,Performance,Low,39,5,0
6445,4436,Pro,2025-01-22,2025-01-22,Onboarding,Medium,18,5,0
6446,4440,Starter,2025-01-04,2025-01-04,Billing,High,5,4,0
6447,4441,Pro,2025-01-23,2025-01-23,Account,High,18,4,0
6448,4442,Business,2025-01-15,2025-01-16,Feature Request,Medium,34,2,0
6449,4442,Business,2025-01-24,2025-01-24,Integration,High,16,5,0
6450,4442,Business,2025-01-03,2025-01-05,Technical,Low,64,3,0
6451,4442,Business,2025-01-04,2025-01-04,Integration,High,4,4,0
6452,4447,Starter,2024-03-22,2024-03-24,Billing,Low,55,2,1
6453,4448,Enterprise,2025-01-09,2025-01-10,Feature Request,Low,43,2,0
6454,4448,Enterprise,2025-01-08,2025-01-08,Integration,Critical,7,4,0
6455,4452,Business,2025-01-01,2025-01-02,Performance,Low,41,5,0
6456,4452,Business,2024-12-30,2024-12-31,Performance,Medium,29,4,0
6457,4456,Business,2024-12-14,2024-12-14,Feature Request,High,15,4,0
6458,4456,Enterprise,2025-01-09,2025-01-10,Technical,Medium,33,5,0
6459,4456,Enterprise,2025-01-08,2025-01-08,Billing,Medium,15,4,0
6460,4456,Enterprise,2025-01-05,2025-01-08,Performance,Low,73,5,0
6461,4456,Enterprise,2025-01-04,2025-01-06,Billing,Low,67,4,0
6462,4456,Enterprise,2025-01-19,2025-01-22,Technical,Low,79,5,0
6463,4456,Enterprise,2024-12-30,2025-01-03,Integration,Low,113,3,0
6464,4468,Business,2024-02-21,2024-02-22,Billing,Medium,37,5,0
6465,4468,Business,2024-02-12,2024-02-13,Feature Request,Medium,31,5,0
6466,4468,Enterprise,2024-12-30,2024-12-30,Onboarding,High,3,5,0
6467,4468,Enterprise,2024-12-29,2024-12-29,Billing,High,16,2,0
6468,4468,Enterprise,2025-01-01,2025-01-01,Account,Medium,19,4,0
6469,4468,Enterprise,2025-01-22,2025-01-26,Integration,Low,104,4,0
6470,4470,Starter,2024-04-12,2024-04-12,Billing,Critical,1,5,1
6471,4470,Starter,2024-05-09,2024-05-09,Onboarding,Critical,4,2,1
6472,4470,Starter,2024-05-09,2024-05-09,Onboarding,High,9,1,1
6473,4480,Enterprise,2025-01-22,2025-01-22,Performance,Medium,14,5,0
6474,4480,Enterprise,2025-01-01,2025-01-02,Integration,Medium,43,2,0
6475,4480,Enterprise,2025-01-23,2025-01-23,Integration,High,4,4,0
6476,4480,Enterprise,2025-01-04,2025-01-04,Performance,High,2,5,0
6477,4480,Enterprise,2025-01-07,2025-01-08,Onboarding,Low,31,4,0
6478,4484,Starter,2024-09-29,2024-09-29,Billing,Critical,4,1,1
6479,4490,Pro,2025-01-05,2025-01-05,Feature Request,High,18,4,0
6480,4490,Pro,2025-01-11,2025-01-11,Performance,Critical,4,4,0
6481,4496,Business,2024-12-08,2024-12-08,Billing,Medium,15,3,0
6482,4500,Starter,2024-09-02,2024-09-02,Billing,High,3,2,1
6483,4500,Starter,2024-09-19,2024-09-19,Billing,High,8,2,1
6484,4502,Enterprise,2024-08-25,2024-08-27,Technical,Low,54,5,0
6485,4502,Enterprise,2024-08-06,2024-08-08,Performance,Low,51,5,0
6486,4502,Business,2024-12-17,2024-12-18,Performance,Low,26,4,0
6487,4504,Enterprise,2024-12-23,2024-12-26,Account,Low,88,4,0
6488,4504,Enterprise,2024-12-09,2024-12-11,Technical,Low,67,5,0
6489,4504,Enterprise,2024-12-27,2024-12-27,Onboarding,Medium,13,4,0
6490,4504,Enterprise,2024-12-13,2024-12-15,Technical,Low,67,3,0
6491,4504,Enterprise,2024-12-03,2024-12-03,Feature Request,Medium,9,5,0
6492,4505,Enterprise,2024-05-23,2024-05-23,Technical,High,2,3,0
6493,4505,Enterprise,2024-05-02,2024-05-03,Feature Request,Medium,33,4,0
6494,4505,Enterprise,2024-05-14,2024-05-15,Integration,Medium,35,5,0
6495,4505,Enterprise,2024-05-30,2024-06-01,Onboarding,Medium,48,4,0
6496,4505,Enterprise,2024-06-20,2024-06-20,Integration,Medium,13,4,0
6497,4505,Enterprise,2024-06-21,2024-06-22,Integration,Medium,27,4,0
6498,4505,Enterprise,2024-06-29,2024-06-29,Performance,High,2,5,0
6499,4505,Business,2024-09-11,2024-09-12,Account,Medium,26,5,0
6500,4505,Enterprise,2024-09-09,2024-09-10,Billing,Medium,44,2,0
6501,4505,Enterprise,2024-09-22,2024-09-22,Integration,Critical,7,5,0
6502,4505,Enterprise,2024-09-02,2024-09-05,Integration,Low,90,4,0
6503,4505,Business,2024-12-13,2024-12-13,Account,Medium,13,4,0
6504,4505,Business,2024-12-16,2024-12-17,Account,Medium,42,4,0
6505,4505,Business,2024-12-17,2024-12-17,Feature Request,Medium,20,2,0
6506,4508,Pro,2024-12-29,2024-12-30,Integration,Low,42,5,0
6507,4510,Starter,2024-11-22,2024-11-22,Onboarding,Medium,8,3,0
6508,4510,Pro,2024-12-20,2024-12-20,Onboarding,High,7,5,0
6509,4510,Pro,2024-12-27,2024-12-27,Billing,Medium,11,5,0
6510,4510,Pro,2024-12-22,2024-12-23,Technical,Medium,30,3,0
6511,4511,Business,2024-12-10,2024-12-10,Technical,High,21,3,1
6512,4511,Business,2024-12-23,2024-12-24,Onboarding,Medium,39,2,1
6513,4511,Business,2024-12-24,2024-12-24,Account,Medium,19,1,1
6514,4511,Business,2024-12-14,2024-12-14,Feature Request,High,2,2,1
6515,4511,Business,2024-12-04,2024-12-04,Feature Request,High,19,5,1
6516,4512,Starter,2024-12-27,2024-12-27,Technical,Medium,20,2,0
6517,4515,Business,2024-12-22,2024-12-22,Onboarding,Critical,4,4,0
6518,4515,Business,2024-12-30,2025-01-03,Performance,Low,103,2,0
6519,4515,Business,2024-12-23,2024-12-23,Technical,High,2,3,0
6520,4515,Business,2024-12-21,2024-12-21,Performance,High,7,5,0
6521,4515,Business,2024-12-22,2024-12-23,Feature Request,Low,28,3,0
6522,4519,Business,2024-02-19,2024-02-20,Onboarding,Medium,44,1,1
6523,4519,Business,2024-02-06,2024-02-06,Billing,Medium,12,4,1
6524,4519,Business,2024-02-23,2024-02-23,Onboarding,High,9,3,1
6525,4519,Business,2024-02-11,2024-02-11,Performance,Medium,20,5,1
6526,4519,Business,2024-02-27,2024-02-27,Performance,Critical,2,2,1
6527,4521,Starter,2024-05-31,2024-05-31,Account,Medium,14,3,1
6528,4521,Starter,2024-06-26,2024-06-26,Technical,Medium,13,3,1
6529,4521,Starter,2024-06-11,2024-06-12,Billing,Low,25,1,1
6530,4521,Starter,2024-06-30,2024-07-04,Account,Low,103,1,1
6531,4526,Enterprise,2024-06-30,2024-07-03,Billing,Low,90,5,0
6532,4526,Enterprise,2024-06-16,2024-06-20,Account,Low,99,3,0
6533,4526,Enterprise,2024-06-06,2024-06-10,Billing,Low,111,2,0
6534,4526,Enterprise,2024-06-09,2024-06-10,Integration,Low,31,4,0
6535,4526,Enterprise,2024-06-19,2024-06-19,Onboarding,High,3,2,0
6536,4526,Enterprise,2024-06-25,2024-06-25,Onboarding,Medium,18,5,0
6537,4526,Enterprise,2024-06-05,2024-06-07,Billing,Low,64,4,0
6538,4526,Business,2024-08-30,2024-08-30,Integration,Critical,1,5,0
6539,4526,Business,2024-08-19,2024-08-20,Onboarding,Medium,45,3,0
6540,4526,Business,2024-09-14,2024-09-18,Billing,Low,104,4,0
6541,4526,Business,2024-09-27,2024-09-28,Performance,Low,42,2,0
6542,4526,Business,2024-09-20,2024-09-20,Onboarding,High,15,3,0
6543,4526,Enterprise,2024-12-30,2024-12-31,Feature Request,Medium,46,4,0
6544,4526,Enterprise,2024-12-13,2024-12-14,Onboarding,Medium,30,4,0
6545,4526,Enterprise,2024-12-21,2024-12-22,Performance,Medium,41,3,0
6546,4527,Business,2024-12-28,2024-12-28,Performance,High,3,3,0
6547,4527,Business,2024-12-25,2024-12-26,Onboarding,Medium,47,3,0
6548,4528,Starter,2024-12-03,2024-12-04,Technical,High,24,4,0
6549,4529,Pro,2024-12-13,2024-12-15,Technical,Low,53,4,0
6550,4529,Pro,2024-12-10,2024-12-11,Integration,Medium,47,3,0
6551,4529,Pro,2024-12-28,2024-12-28,Feature Request,Medium,15,4,0
6552,4533,Business,2024-02-24,2024-02-24,Performance,High,12,4,1
6553,4533,Business,2024-02-21,2024-02-25,Performance,Low,101,3,1
6554,4533,Business,2024-03-02,2024-03-02,Technical,Medium,23,1,1
6555,4533,Business,2024-02-12,2024-02-17,Account,Low,120,4,1
6556,4533,Business,2024-03-03,2024-03-06,Billing,Low,84,5,1
6557,4534,Pro,2024-12-28,2025-01-01,Technical,Low,96,4,1
6558,4534,Pro,2024-12-29,2024-12-29,Feature Request,High,19,1,1
6559,4539,Business,2024-08-05,2024-08-06,Performance,Low,45,4,0
6560,4539,Pro,2024-11-28,2024-11-30,Technical,Medium,48,5,0
6561,4539,Pro,2024-12-29,2024-12-29,Technical,Medium,19,3,0
6562,4543,Starter,2024-12-29,2024-12-29,Onboarding,Medium,20,3,0
6563,4548,Starter,2024-03-21,2024-03-22,Feature Request,Medium,25,4,0
6564,4548,Starter,2024-03-12,2024-03-13,Integration,Medium,36,4,0
6565,4548,Starter,2024-04-28,2024-04-28,Integration,Medium,19,3,0
6566,4548,Starter,2024-08-14,2024-08-15,Billing,Medium,26,5,0
6567,4548,Starter,2024-11-06,2024-11-10,Onboarding,Low,117,4,0
6568,4548,Starter,2024-12-27,2024-12-27,Integration,High,3,4,0
6569,4556,Pro,2024-04-26,2024-04-30,Onboarding,Low,100,3,1
6570,4556,Pro,2024-05-03,2024-05-04,Performance,Medium,28,2,1
6571,4556,Pro,2024-05-02,2024-05-03,Performance,Medium,33,2,1
6572,4556,Pro,2024-04-23,2024-04-23,Billing,Medium,19,1,1
6573,4556,Pro,2024-05-02,2024-05-02,Feature Request,Medium,18,2,1
6574,4556,Pro,2024-04-26,2024-04-26,Integration,Medium,20,2,1
6575,4562,Starter,2024-11-05,2024-11-09,Billing,Low,113,5,1
6576,4563,Pro,2024-02-23,2024-02-23,Performance,High,19,4,0
6577,4563,Pro,2024-02-15,2024-02-16,Feature Request,Medium,29,4,0
6578,4563,Pro,2024-02-24,2024-02-25,Billing,Low,29,5,0
6579,4563,Pro,2024-12-16,2024-12-16,Account,High,19,5,0
6580,4563,Pro,2024-12-30,2024-12-31,Account,Medium,45,3,0
6581,4563,Pro,2024-12-27,2024-12-27,Technical,Medium,16,2,0
6582,4568,Starter,2024-08-07,2024-08-08,Onboarding,Medium,45,4,0
6583,4568,Starter,2024-09-26,2024-09-26,Billing,High,7,5,0
6584,4572,Enterprise,2024-12-10,2024-12-11,Onboarding,Medium,42,3,0
6585,4573,Pro,2024-12-09,2024-12-13,Feature Request,Low,104,4,0
6586,4585,Enterprise,2024-12-26,2024-12-28,Billing,Low,54,5,0
6587,4585,Enterprise,2024-12-15,2024-12-16,Onboarding,Medium,38,5,0
6588,4585,Enterprise,2025-01-03,2025-01-03,Feature Request,High,15,5,0
6589,4585,Enterprise,2024-12-14,2024-12-15,Technical,Low,34,3,0
6590,4585,Enterprise,2024-12-20,2024-12-20,Account,Critical,4,2,0
6591,4585,Enterprise,2024-12-23,2024-12-27,Feature Request,Low,111,3,0
6592,4588,Business,2024-08-14,2024-08-17,Feature Request,Low,78,5,0
6593,4588,Business,2024-09-02,2024-09-02,Onboarding,Medium,13,4,0
6594,4588,Business,2024-10-04,2024-10-08,Feature Request,Low,112,5,0
6595,4588,Pro,2024-12-22,2024-12-23,Feature Request,Low,46,4,0
6596,4588,Pro,2025-01-03,2025-01-06,Performance,Low,86,4,0
6597,4590,Enterprise,2024-12-11,2024-12-11,Billing,High,21,4,0
6598,4590,Enterprise,2024-12-13,2024-12-13,Onboarding,Medium,20,5,0
6599,4590,Enterprise,2025-01-02,2025-01-03,Performance,Medium,25,4,0
6600,4590,Enterprise,2024-12-17,2024-12-21,Feature Request,Low,101,3,0
6601,4594,Enterprise,2024-05-22,2024-05-22,Billing,Critical,1,5,0
6602,4594,Enterprise,2024-05-29,2024-05-30,Onboarding,Medium,26,4,0
6603,4594,Enterprise,2024-06-08,2024-06-10,Onboarding,Low,50,5,0
6604,4594,Enterprise,2024-07-03,2024-07-03,Account,Critical,3,4,0
6605,4594,Enterprise,2024-06-13,2024-06-13,Integration,Medium,10,3,0
6606,4594,Enterprise,2024-06-09,2024-06-10,Integration,Medium,32,4,0
6607,4594,Enterprise,2024-06-18,2024-06-21,Feature Request,Low,88,4,0
6608,4594,Enterprise,2024-06-11,2024-06-15,Onboarding,Low,111,2,0
6609,4594,Business,2024-11-24,2024-11-27,Integration,Low,84,3,1
6610,4594,Business,2024-11-30,2024-12-01,Feature Request,Low,39,2,1
6611,4594,Business,2024-11-15,2024-11-15,Account,High,23,2,1
6612,4594,Business,2024-11-18,2024-11-20,Performance,Medium,48,2,1
6613,4603,Business,2024-12-24,2024-12-24,Onboarding,Medium,18,1,0
6614,4603,Business,2024-12-29,2024-12-29,Onboarding,High,21,4,0
6615,4608,Starter,2024-04-26,2024-04-27,Technical,Medium,31,2,1
6616,4608,Starter,2024-04-23,2024-04-26,Feature Request,Low,86,1,1
6617,4608,Starter,2024-04-29,2024-04-29,Integration,Critical,6,4,1
6618,4608,Starter,2024-04-19,2024-04-22,Billing,Low,74,3,1
6619,4610,Business,2024-12-19,2024-12-20,Billing,Low,43,5,0
6620,4614,Pro,2024-12-30,2024-12-31,Feature Request,Medium,24,2,0
6621,4620,Starter,2024-04-16,2024-04-17,Account,Medium,25,2,1
6622,4620,Starter,2024-04-23,2024-04-23,Integration,High,6,4,1
6623,4622,Starter,2024-11-27,2024-11-28,Billing,Medium,25,3,1
6624,4622,Starter,2024-12-04,2024-12-04,Feature Request,High,3,2,1
6625,4622,Starter,2024-11-11,2024-11-15,Onboarding,Low,112,4,1
6626,4622,Starter,2024-11-22,2024-11-23,Performance,Low,35,1,1
6627,4624,Business,2025-01-04,2025-01-07,Feature Request,Low,86,3,0
6628,4625,Business,2024-03-31,2024-04-02,Performance,Low,70,5,0
6629,4625,Business,2024-03-23,2024-03-24,Performance,Low,46,4,0
6630,4625,Business,2024-04-16,2024-04-17,Onboarding,Medium,29,4,0
6631,4625,Business,2024-04-29,2024-04-30,Technical,Medium,39,4,0
6632,4625,Business,2024-04-21,2024-04-24,Technical,Low,79,1,0
6633,4625,Pro,2024-07-20,2024-07-21,Technical,Medium,40,2,1
6634,4625,Pro,2024-08-14,2024-08-15,Billing,Medium,29,4,1
6635,4625,Pro,2024-09-01,2024-09-01,Onboarding,Critical,6,2,1
6636,4625,Pro,2024-08-20,2024-08-21,Integration,Medium,28,1,1
6637,4631,Starter,2024-02-14,2024-02-15,Performance,Medium,33,3,1
6638,4632,Pro,2024-12-01,2024-12-01,Account,Medium,11,1,1
6639,4632,Pro,2024-12-04,2024-12-04,Billing,High,15,1,1
6640,4636,Pro,2024-08-04,2024-08-04,Account,High,4,3,0
6641,4636,Pro,2024-07-27,2024-07-27,Feature Request,Critical,8,3,0
6642,4636,Pro,2024-08-14,2024-08-15,Onboarding,Medium,41,5,0
6643,4636,Pro,2024-08-26,2024-08-28,Billing,Low,55,4,0
6644,4636,Starter,2024-09-19,2024-09-22,Performance,Low,92,3,1
6645,4636,Starter,2024-09-13,2024-09-13,Account,High,3,3,1
6646,4636,Starter,2024-09-27,2024-09-28,Integration,Medium,39,4,1
6647,4639,Starter,2025-01-02,2025-01-03,Account,Medium,33,4,0
6648,4647,Enterprise,2025-01-03,2025-01-03,Billing,Critical,8,4,0
6649,4647,Enterprise,2024-12-30,2024-12-30,Performance,High,9,5,0
6650,4653,Starter,2025-01-08,2025-01-09,Technical,Medium,39,5,0
6651,4658,Enterprise,2024-02-18,2024-02-19,Onboarding,Low,42,3,0
6652,4658,Enterprise,2024-03-11,2024-03-11,Onboarding,Critical,5,4,0
6653,4658,Business,2024-12-29,2024-12-30,Billing,Medium,30,4,0
6654,4658,Business,2024-12-23,2024-12-26,Feature Request,Low,74,2,0
6655,4658,Business,2025-01-06,2025-01-08,Integration,Low,71,5,0
6656,4665,Starter,2024-12-11,2024-12-12,Performance,Medium,32,3,1
6657,4665,Starter,2024-11-16,2024-11-17,Onboarding,Medium,28,1,1
6658,4666,Business,2025-01-11,2025-01-12,Feature Request,Medium,34,5,0
6659,4671,Pro,2024-10-09,2024-10-09,Integration,High,13,3,0
6660,4671,Pro,2024-09-19,2024-09-22,Feature Request,Low,75,2,0
6661,4671,Business,2024-12-02,2024-12-02,Account,Medium,8,3,0
6662,4671,Business,2024-12-09,2024-12-11,Feature Request,Low,49,5,0
6663,4671,Enterprise,2024-12-26,2024-12-26,Technical,High,17,3,0
6664,4671,Enterprise,2024-12-22,2024-12-25,Account,Low,79,5,0
6665,4671,Enterprise,2025-01-06,2025-01-09,Performance,Low,83,5,0
6666,4671,Enterprise,2025-01-02,2025-01-02,Technical,Critical,1,4,0
6667,4671,Enterprise,2024-12-22,2024-12-22,Feature Request,Medium,19,2,0
6668,4673,Starter,2024-04-25,2024-04-25,Technical,Medium,21,3,1
6669,4675,Pro,2024-04-05,2024-04-08,Feature Request,Low,95,1,1
6670,4675,Pro,2024-03-30,2024-03-30,Account,Medium,19,1,1
6671,4675,Pro,2024-03-22,2024-03-23,Onboarding,Medium,38,2,1
6672,4675,Pro,2024-03-24,2024-03-27,Integration,Low,73,3,1
6673,4675,Pro,2024-03-21,2024-03-22,Account,Medium,24,2,1
6674,4675,Pro,2024-03-20,2024-03-21,Technical,Medium,40,1,1
6675,4675,Pro,2024-03-19,2024-03-19,Account,Critical,2,2,1
6676,4675,Pro,2024-05-03,2024-05-03,Onboarding,Critical,2,2,1
6677,4675,Pro,2024-04-23,2024-04-23,Onboarding,Medium,12,3,1
6678,4678,Business,2024-12-23,2024-12-25,Integration,Low,66,2,0
6679,4678,Business,2024-12-23,2024-12-26,Onboarding,Low,83,4,0
6680,4678,Business,2024-12-18,2024-12-19,Integration,Medium,37,4,0
6681,4682,Pro,2024-12-30,2025-01-03,Account,Low,96,3,0
6682,4682,Pro,2024-12-18,2024-12-18,Onboarding,High,7,4,0
6683,4684,Pro,2024-12-25,2024-12-26,Account,Medium,44,5,0
6684,4684,Pro,2025-01-01,2025-01-01,Account,Medium,11,4,0
6685,4684,Pro,2024-12-22,2024-12-23,Performance,Medium,29,4,0
6686,4693,Enterprise,2024-09-19,2024-09-21,Onboarding,Low,69,2,0
6687,4693,Enterprise,2024-09-29,2024-09-29,Feature Request,Medium,15,5,0
6688,4693,Enterprise,2024-09-22,2024-09-23,Onboarding,Medium,30,2,0
6689,4693,Business,2025-01-13,2025-01-17,Integration,Low,114,4,0
6690,4693,Business,2024-12-16,2024-12-16,Billing,Medium,10,3,0
6691,4693,Business,2025-01-10,2025-01-12,Billing,Low,62,4,0
6692,4693,Business,2025-01-07,2025-01-07,Feature Request,Medium,15,4,0
6693,4696,Pro,2025-01-09,2025-01-10,Feature Request,Medium,29,3,0
6694,4696,Pro,2025-01-06,2025-01-06,Integration,High,14,4,0
6695,4696,Pro,2025-01-08,2025-01-12,Feature Request,Low,102,4,0
6696,4704,Enterprise,2024-12-21,2024-12-21,Billing,Critical,7,3,0
6697,4704,Enterprise,2025-01-09,2025-01-11,Onboarding,Low,65,2,0
6698,4704,Enterprise,2025-01-10,2025-01-11,Feature Request,Medium,36,3,0
6699,4707,Pro,2024-06-04,2024-06-04,Technical,High,11,3,1
6700,4707,Pro,2024-05-20,2024-05-20,Integration,High,3,1,1
6701,4707,Pro,2024-06-18,2024-06-20,Onboarding,Low,50,3,1
6702,4707,Pro,2024-06-21,2024-06-22,Feature Request,Medium,44,1,1
6703,4707,Pro,2024-06-27,2024-06-28,Integration,Low,29,1,1
6704,4710,Enterprise,2024-12-28,2024-12-29,Onboarding,Medium,32,2,0
6705,4710,Enterprise,2024-12-31,2025-01-03,Performance,Low,91,3,0
6706,4710,Enterprise,2025-01-05,2025-01-05,Performance,Critical,1,3,0
6707,4710,Enterprise,2024-12-18,2024-12-18,Integration,Medium,18,5,0
6708,4714,Enterprise,2024-07-28,2024-07-29,Account,Medium,47,4,0
6709,4714,Enterprise,2024-07-22,2024-07-23,Onboarding,Medium,32,5,0
6710,4714,Enterprise,2024-09-13,2024-09-16,Onboarding,Low,79,1,0
6711,4714,Enterprise,2024-08-23,2024-08-25,Billing,Medium,48,4,0
6712,4714,Enterprise,2024-09-12,2024-09-15,Performance,Low,84,5,0
6713,4714,Enterprise,2024-08-19,2024-08-20,Feature Request,Medium,35,4,0
6714,4714,Enterprise,2024-08-29,2024-08-29,Billing,High,3,5,0
6715,4714,Business,2025-01-06,2025-01-07,Billing,Medium,39,5,0
6716,4714,Business,2024-12-28,2024-12-28,Technical,Critical,6,5,0
6717,4717,Starter,2024-07-14,2024-07-18,Feature Request,Low,112,1,0
6718,4717,Starter,2024-07-03,2024-07-04,Performance,Low,36,4,0
6719,4717,Pro,2025-01-02,2025-01-02,Billing,High,18,3,0
6720,4719,Pro,2024-09-08,2024-09-08,Technical,High,17,4,0
6721,4719,Pro,2024-09-12,2024-09-16,Onboarding,Low,113,5,0
6722,4719,Business,2024-09-23,2024-09-24,Onboarding,Low,24,4,0
6723,4719,Business,2024-09-25,2024-09-25,Onboarding,Critical,5,4,0
6724,4719,Pro,2024-12-22,2024-12-23,Billing,High,24,3,0
6725,4719,Pro,2024-12-28,2024-12-28,Feature Request,Medium,16,1,0
6726,4721,Pro,2024-06-21,2024-06-23,Performance,Low,54,2,1
6727,4721,Pro,2024-06-24,2024-06-24,Technical,Medium,14,2,1
6728,4721,Pro,2024-07-10,2024-07-11,Integration,Medium,35,4,1
6729,4721,Pro,2024-06-28,2024-06-28,Onboarding,Medium,15,1,1
6730,4729,Starter,2024-03-27,2024-03-31,Performance,Low,116,2,1
6731,4729,Starter,2024-05-04,2024-05-05,Technical,Medium,37,3,1
6732,4729,Starter,2024-05-01,2024-05-01,Performance,High,10,4,1
6733,4729,Starter,2024-05-02,2024-05-03,Feature Request,Medium,29,5,1
6734,4732,Enterprise,2025-01-14,2025-01-14,Performance,High,7,4,0
6735,4732,Enterprise,2025-01-14,2025-01-15,Feature Request,Medium,26,5,0
6736,4732,Enterprise,2025-01-11,2025-01-12,Onboarding,Medium,47,3,0
6737,4738,Starter,2024-04-20,2024-04-20,Feature Request,Critical,7,2,1
6738,4754,Starter,2025-01-07,2025-01-08,Billing,Medium,32,5,0
6739,4754,Starter,2024-12-26,2024-12-26,Account,Medium,22,1,0
6740,4754,Starter,2025-01-12,2025-01-12,Onboarding,Critical,6,1,0
6741,4755,Starter,2024-05-01,2024-05-01,Account,Critical,8,4,1
6742,4755,Starter,2024-05-04,2024-05-05,Technical,Low,27,1,1
6743,4762,Business,2025-01-06,2025-01-06,Feature Request,High,11,4,0
6744,4769,Starter,2024-12-24,2024-12-24,Account,Medium,18,1,1
6745,4770,Starter,2024-05-11,2024-05-15,Feature Request,Low,102,3,1
6746,4774,Pro,2024-10-26,2024-10-26,Performance,Medium,15,3,0
6747,4774,Pro,2024-11-25,2024-11-25,Performance,High,15,3,0
6748,4774,Pro,2024-12-10,2024-12-12,Feature Request,Low,71,5,0
6749,4774,Pro,2024-11-29,2024-12-02,Performance,Low,93,4,0
6750,4774,Pro,2024-12-10,2024-12-10,Integration,Medium,10,5,0
6751,4774,Pro,2024-11-23,2024-11-23,Onboarding,Medium,19,5,0
6752,4774,Starter,2025-01-11,2025-01-12,Feature Request,Low,26,5,0
6753,4774,Starter,2025-01-19,2025-01-20,Performance,Low,26,5,0
6754,4774,Starter,2024-12-27,2024-12-28,Account,Medium,31,3,0
6755,4777,Enterprise,2025-01-05,2025-01-05,Onboarding,High,5,5,0
6756,4777,Enterprise,2025-01-11,2025-01-12,Performance,Medium,41,5,0
6757,4777,Enterprise,2025-01-19,2025-01-23,Technical,Low,113,4,0
6758,4777,Enterprise,2024-12-31,2025-01-01,Technical,Medium,46,3,0
6759,4783,Starter,2024-02-25,2024-02-26,Account,Medium,40,4,1
6760,4785,Enterprise,2025-01-16,2025-01-16,Onboarding,High,6,3,0
6761,4785,Enterprise,2025-01-06,2025-01-07,Technical,Medium,27,5,0
6762,4793,Enterprise,2024-11-19,2024-11-20,Technical,Medium,44,2,1
6763,4793,Enterprise,2024-11-15,2024-11-15,Performance,High,18,3,1
6764,4793,Enterprise,2024-10-27,2024-10-27,Technical,Medium,13,5,1
6765,4793,Enterprise,2024-11-02,2024-11-03,Technical,Medium,25,3,1
6766,4793,Enterprise,2024-10-24,2024-10-25,Onboarding,Medium,34,4,1
6767,4793,Enterprise,2024-11-01,2024-11-02,Billing,Medium,30,3,1
6768,4793,Enterprise,2024-10-31,2024-11-01,Performance,Medium,39,4,1
6769,4793,Enterprise,2024-12-16,2024-12-19,Feature Request,Low,72,2,1
6770,4793,Enterprise,2024-11-30,2024-11-30,Integration,High,21,3,1
6771,4793,Enterprise,2024-12-21,2024-12-22,Performance,Medium,45,3,1
6772,4793,Enterprise,2024-12-20,2024-12-20,Integration,Medium,15,2,1
6773,4793,Enterprise,2024-12-11,2024-12-15,Feature Request,Low,107,5,1
6774,4793,Enterprise,2024-12-10,2024-12-10,Feature Request,High,14,2,1
6775,4794,Business,2024-11-13,2024-11-17,Feature Request,Low,110,4,1
6776,4794,Business,2024-11-06,2024-11-08,Integration,Low,67,4,1
6777,4794,Business,2024-12-01,2024-12-03,Performance,Low,68,4,1
6778,4794,Business,2024-12-03,2024-12-04,Performance,Medium,26,3,1
6779,4794,Business,2024-12-11,2024-12-11,Onboarding,Medium,11,2,1
6780,4794,Business,2024-11-28,2024-12-02,Billing,Low,112,2,1
6781,4794,Business,2024-12-05,2024-12-05,Technical,High,5,4,1
6782,4798,Enterprise,2024-11-04,2024-11-05,Technical,Low,35,3,0
6783,4798,Enterprise,2024-11-24,2024-11-25,Onboarding,Low,29,5,0
6784,4798,Business,2024-12-26,2024-12-27,Technical,Medium,46,3,0
6785,4798,Business,2024-12-28,2024-12-28,Integration,Medium,21,3,0
6786,4802,Business,2025-01-05,2025-01-09,Technical,Low,96,3,0
6787,4802,Business,2025-01-17,2025-01-20,Performance,Low,79,4,0
6788,4802,Business,2025-01-09,2025-01-09,Technical,Medium,9,1,0
6789,4805,Pro,2024-05-27,2024-05-27,Integration,Critical,5,2,0
6790,4805,Business,2025-01-02,2025-01-03,Account,Medium,31,5,0
6791,4805,Business,2025-01-11,2025-01-12,Feature Request,Medium,30,5,0
6792,4809,Enterprise,2025-01-06,2025-01-07,Feature Request,Medium,26,4,0
6793,4809,Enterprise,2025-01-12,2025-01-15,Onboarding,Low,86,2,0
6794,4809,Enterprise,2025-01-02,2025-01-06,Integration,Low,119,4,0
6795,4809,Enterprise,2024-12-31,2025-01-01,Billing,Medium,46,4,0
6796,4809,Enterprise,2025-01-14,2025-01-14,Onboarding,Critical,2,3,0
6797,4809,Enterprise,2025-01-09,2025-01-10,Feature Request,Medium,40,5,0
6798,4813,Pro,2024-11-04,2024-11-04,Onboarding,High,20,3,1
6799,4813,Pro,2024-11-19,2024-11-19,Integration,High,10,1,1
6800,4813,Pro,2024-10-31,2024-11-01,Performance,Medium,28,2,1
6801,4813,Pro,2024-11-05,2024-11-07,Performance,Low,56,2,1
6802,4813,Pro,2024-10-27,2024-10-29,Performance,Low,53,3,1
6803,4813,Pro,2024-12-09,2024-12-09,Technical,High,22,2,1
6804,4813,Pro,2024-12-11,2024-12-11,Performance,Medium,15,2,1
6805,4813,Pro,2024-11-27,2024-11-28,Onboarding,Medium,24,2,1
6806,4813,Pro,2024-12-11,2024-12-13,Feature Request,Low,61,2,1
6807,4817,Enterprise,2025-01-20,2025-01-24,Account,Low,101,4,0
6808,4817,Enterprise,2024-12-26,2024-12-27,Onboarding,Medium,35,4,0
6809,4817,Enterprise,2025-01-11,2025-01-15,Onboarding,Low,117,5,0
6810,4817,Enterprise,2025-01-14,2025-01-14,Integration,Medium,11,3,0
6811,4820,Enterprise,2025-01-20,2025-01-23,Billing,Low,72,5,0
6812,4820,Enterprise,2025-01-19,2025-01-20,Feature Request,Low,25,5,0
6813,4820,Enterprise,2025-01-01,2025-01-03,Account,Low,69,2,0
6814,4820,Enterprise,2025-01-05,2025-01-06,Performance,Medium,45,5,0
6815,4820,Enterprise,2024-12-30,2024-12-30,Integration,Critical,2,3,0
6816,4820,Enterprise,2025-01-10,2025-01-11,Billing,Medium,39,4,0
6817,4822,Business,2024-03-08,2024-03-09,Performance,Medium,29,4,1
6818,4822,Business,2024-03-23,2024-03-23,Billing,Medium,11,3,1
6819,4822,Business,2024-03-05,2024-03-06,Technical,Medium,40,4,1
6820,4822,Business,2024-03-19,2024-03-23,Integration,Low,106,1,1
6821,4822,Business,2024-03-22,2024-03-25,Feature Request,Low,89,1,1
6822,4822,Business,2024-03-11,2024-03-15,Performance,Low,103,2,1
6823,4828,Pro,2024-08-19,2024-08-19,Account,High,3,4,0
6824,4828,Pro,2024-07-27,2024-07-28,Billing,Medium,32,4,0
6825,4828,Pro,2024-08-24,2024-08-24,Feature Request,High,11,5,0
6826,4828,Pro,2024-09-01,2024-09-01,Feature Request,High,13,3,0
6827,4828,Business,2025-01-24,2025-01-25,Integration,Low,41,5,0
6828,4829,Starter,2024-04-17,2024-04-17,Feature Request,High,9,3,1
6829,4833,Enterprise,2024-04-19,2024-04-20,Integration,Medium,39,3,0
6830,4833,Enterprise,2024-04-01,2024-04-01,Feature Request,High,7,2,0
6831,4833,Enterprise,2024-04-15,2024-04-15,Integration,Critical,1,5,0
6832,4833,Enterprise,2024-04-02,2024-04-02,Onboarding,High,10,1,0
6833,4833,Enterprise,2024-05-17,2024-05-21,Billing,Low,117,5,0
6834,4833,Enterprise,2024-04-29,2024-05-01,Technical,Low,57,5,0
6835,4833,Enterprise,2024-05-08,2024-05-09,Performance,Medium,32,5,0
6836,4833,Enterprise,2024-05-14,2024-05-16,Onboarding,Low,53,3,0
6837,4833,Enterprise,2024-04-30,2024-05-03,Performance,Low,74,4,0
6838,4833,Business,2024-12-14,2024-12-14,Technical,High,20,4,1
6839,4833,Business,2024-11-27,2024-11-27,Billing,High,12,1,1
6840,4838,Enterprise,2025-01-16,2025-01-17,Technical,Medium,26,4,0
6841,4838,Enterprise,2025-01-03,2025-01-03,Feature Request,High,21,2,0
6842,4838,Enterprise,2024-12-28,2024-12-29,Billing,Medium,42,4,0
6843,4838,Enterprise,2025-01-19,2025-01-20,Integration,Low,33,4,0
6844,4838,Enterprise,2024-12-31,2024-12-31,Technical,Critical,1,2,0
6845,4838,Enterprise,2025-01-14,2025-01-14,Technical,Critical,5,2,0
6846,4845,Enterprise,2025-01-17,2025-01-17,Onboarding,Medium,21,4,0
6847,4845,Enterprise,2025-01-03,2025-01-06,Feature Request,Low,74,4,0
6848,4845,Enterprise,2025-01-16,2025-01-18,Performance,Low,58,3,0
6849,4845,Enterprise,2025-01-06,2025-01-09,Billing,Low,80,4,0
6850,4845,Enterprise,2025-01-11,2025-01-12,Integration,Medium,28,4,0
6851,4848,Pro,2024-10-09,2024-10-09,Onboarding,Critical,5,3,1
6852,4848,Pro,2024-10-03,2024-10-04,Account,Medium,31,2,1
6853,4848,Pro,2024-10-20,2024-10-20,Onboarding,High,9,3,1
6854,4851,Pro,2025-01-16,2025-01-16,Integration,Medium,16,3,0
6855,4864,Business,2024-11-05,2024-11-05,Account,Medium,18,3,1
6856,4864,Business,2024-11-22,2024-11-26,Integration,Low,119,3,1
6857,4864,Business,2024-11-21,2024-11-24,Account,Low,79,4,1
6858,4864,Business,2024-11-09,2024-11-10,Integration,Medium,25,2,1
6859,4865,Starter,2024-08-23,2024-08-23,Account,Medium,10,3,1
6860,4865,Starter,2024-08-24,2024-08-27,Onboarding,Low,85,3,1
6861,4865,Starter,2024-09-08,2024-09-10,Performance,Low,55,1,1
6862,4868,Pro,2024-06-21,2024-06-22,Performance,Medium,43,5,0
6863,4868,Business,2024-12-10,2024-12-10,Performance,Medium,20,2,0
6864,4870,Business,2024-04-16,2024-04-16,Onboarding,High,7,5,0
6865,4870,Business,2024-04-23,2024-04-23,Onboarding,High,8,2,0
6866,4870,Business,2024-04-12,2024-04-14,Billing,Low,71,4,0
6867,4870,Business,2024-04-13,2024-04-14,Technical,Medium,41,5,0
6868,4871,Pro,2024-12-21,2024-12-21,Technical,High,13,3,0
6869,4872,Enterprise,2024-04-23,2024-04-24,Account,Medium,38,4,0
6870,4872,Enterprise,2024-04-23,2024-04-23,Feature Request,High,3,1,0
6871,4872,Enterprise,2024-04-22,2024-04-23,Account,Medium,34,5,0
6872,4872,Enterprise,2024-04-06,2024-04-06,Onboarding,High,21,1,0
6873,4872,Business,2024-12-26,2024-12-27,Performance,Medium,37,2,1
6874,4881,Business,2024-04-21,2024-04-21,Account,Medium,13,2,0
6875,4881,Enterprise,2024-05-12,2024-05-14,Technical,Low,62,3,0
6876,4881,Enterprise,2024-05-12,2024-05-12,Account,Medium,16,5,0
6877,4881,Enterprise,2024-06-10,2024-06-11,Technical,Medium,47,4,0
6878,4881,Enterprise,2024-06-25,2024-06-25,Billing,High,10,3,0
6879,4881,Enterprise,2024-06-08,2024-06-08,Technical,Critical,7,4,0
6880,4881,Enterprise,2024-06-17,2024-06-17,Onboarding,Medium,11,4,0
6881,4881,Business,2024-12-23,2024-12-24,Account,Medium,37,3,0
6882,4881,Business,2024-12-18,2024-12-22,Performance,Low,116,4,0
6883,4885,Enterprise,2024-11-25,2024-11-25,Billing,High,20,2,0
6884,4885,Business,2024-12-18,2024-12-19,Account,Low,28,5,0
6885,4885,Business,2024-12-24,2024-12-26,Technical,Low,62,5,0
6886,4886,Pro,2024-12-08,2024-12-08,Performance,High,21,2,0
6887,4886,Pro,2024-12-17,2024-12-18,Feature Request,Medium,25,4,0
6888,4892,Enterprise,2024-12-29,2024-12-29,Onboarding,High,3,4,0
6889,4892,Enterprise,2024-12-11,2024-12-12,Billing,Medium,37,2,0
6890,4892,Enterprise,2024-12-05,2024-12-06,Integration,Medium,25,1,0
6891,4892,Enterprise,2024-12-03,2024-12-04,Feature Request,Medium,24,5,0
6892,4892,Enterprise,2024-12-25,2024-12-27,Account,Low,57,5,0
6893,4892,Enterprise,2024-12-11,2024-12-11,Performance,Critical,1,4,0
6894,4898,Business,2024-12-20,2024-12-21,Technical,Low,30,3,0
6895,4898,Business,2024-12-16,2024-12-17,Billing,Medium,24,5,0
6896,4898,Business,2024-12-20,2024-12-21,Feature Request,Medium,37,1,0
6897,4898,Business,2024-12-12,2024-12-13,Performance,Low,45,4,0
6898,4899,Enterprise,2025-01-01,2025-01-01,Technical,High,2,5,0
6899,4899,Enterprise,2024-12-04,2024-12-05,Billing,Low,45,5,0
6900,4899,Enterprise,2024-12-30,2025-01-03,Account,Low,111,3,0
6901,4899,Enterprise,2024-12-17,2024-12-18,Integration,Medium,45,2,0
6902,4899,Enterprise,2024-12-24,2024-12-24,Performance,Medium,18,5,0
6903,4902,Starter,2024-12-13,2024-12-14,Feature Request,Low,36,1,0
6904,4904,Starter,2024-03-12,2024-03-14,Billing,Medium,48,4,0
6905,4904,Starter,2024-04-23,2024-04-24,Billing,Low,38,5,0
6906,4904,Starter,2024-11-22,2024-11-22,Technical,High,6,2,0
6907,4904,Starter,2024-12-19,2024-12-19,Feature Request,Medium,10,4,0
6908,4909,Business,2024-12-30,2025-01-03,Onboarding,Low,119,2,0
6909,4909,Business,2024-12-18,2024-12-18,Technical,High,6,5,0
6910,4910,Starter,2024-11-29,2024-11-30,Billing,Medium,30,1,1
6911,4919,Enterprise,2024-05-15,2024-05-16,Technical,Low,42,4,0
6912,4919,Enterprise,2024-05-10,2024-05-11,Performance,Medium,28,5,0
6913,4919,Enterprise,2024-06-14,2024-06-16,Performance,Low,70,5,0
6914,4919,Enterprise,2024-06-05,2024-06-09,Billing,Low,109,5,0
6915,4919,Enterprise,2024-06-11,2024-06-13,Billing,Low,55,5,0
6916,4919,Enterprise,2024-07-02,2024-07-02,Billing,Medium,13,4,0
6917,4919,Enterprise,2024-06-06,2024-06-06,Technical,Critical,5,5,0
6918,4919,Enterprise,2024-06-24,2024-06-24,Feature Request,Medium,13,3,0
6919,4919,Business,2024-12-07,2024-12-09,Account,Low,66,5,0
6920,4919,Business,2024-12-27,2024-12-28,Integration,Medium,32,2,0
6921,4920,Starter,2024-08-31,2024-08-31,Integration,High,12,1,1
6922,4920,Starter,2024-09-28,2024-09-28,Performance,Medium,15,3,1
6923,4926,Pro,2024-07-08,2024-07-08,Feature Request,Medium,8,4,0
6924,4926,Pro,2024-08-17,2024-08-20,Performance,Low,92,5,0
6925,4926,Pro,2024-08-29,2024-08-29,Technical,High,11,5,0
6926,4926,Pro,2024-08-27,2024-08-29,Feature Request,Medium,48,3,0
6927,4926,Business,2024-12-08,2024-12-09,Performance,Medium,38,5,0
6928,4926,Business,2024-12-14,2024-12-14,Technical,Critical,4,2,0
6929,4926,Business,2024-12-21,2024-12-22,Onboarding,Medium,34,3,0
6930,4926,Business,2024-12-13,2024-12-13,Feature Request,Medium,10,4,0
6931,4926,Business,2024-12-22,2024-12-24,Feature Request,Low,51,5,0
6932,4927,Business,2024-12-29,2025-01-02,Billing,Low,117,2,0
6933,4927,Business,2024-12-05,2024-12-05,Billing,Critical,7,5,0
6934,4932,Business,2024-12-26,2024-12-26,Technical,Critical,3,4,0
6935,4932,Business,2024-12-24,2024-12-27,Performance,Low,82,5,0
6936,4932,Business,2024-12-27,2024-12-27,Billing,Medium,18,5,0
6937,4932,Business,2024-12-28,2024-12-29,Onboarding,Medium,47,1,0
6938,4933,Pro,2024-12-14,2024-12-16,Integration,Low,54,5,0
6939,4939,Business,2025-01-03,2025-01-04,Billing,Medium,27,3,0
6940,4941,Pro,2024-12-17,2024-12-17,Technical,High,17,3,1
6941,4941,Pro,2024-12-19,2024-12-19,Technical,Medium,18,3,1
6942,4961,Business,2024-12-11,2024-12-12,Onboarding,Low,46,5,0
6943,4961,Business,2025-01-02,2025-01-02,Billing,Critical,6,4,0
6944,4965,Enterprise,2024-12-10,2024-12-10,Billing,High,8,4,0
6945,4965,Enterprise,2024-12-27,2024-12-28,Performance,Medium,38,2,0
6946,4965,Enterprise,2025-01-04,2025-01-05,Integration,Medium,41,3,0
6947,4973,Starter,2024-12-23,2024-12-23,Feature Request,High,10,4,0
6948,4977,Pro,2024-12-05,2024-12-05,Onboarding,High,9,3,1
6949,4977,Pro,2024-11-25,2024-11-29,Feature Request,Low,112,1,1
6950,4977,Pro,2024-11-18,2024-11-19,Onboarding,Medium,46,4,1
6951,4977,Pro,2024-11-16,2024-11-18,Onboarding,Medium,48,3,1
6952,4977,Pro,2024-11-18,2024-11-19,Performance,Medium,39,3,1
6953,4978,Pro,2024-04-13,2024-04-13,Integration,Medium,20,4,1
6954,4978,Pro,2024-05-05,2024-05-05,Onboarding,Critical,5,3,1
6955,4985,Pro,2024-05-27,2024-05-31,Technical,Low,96,5,0
6956,4985,Starter,2024-08-14,2024-08-14,Billing,Medium,12,4,1
6957,4985,Starter,2024-08-14,2024-08-14,Technical,High,13,3,1
6958,4985,Starter,2024-09-15,2024-09-15,Account,High,8,2,1
6959,4987,Enterprise,2024-12-26,2024-12-28,Integration,Low,67,3,0
6960,4987,Enterprise,2024-12-21,2024-12-21,Account,High,16,5,0
6961,4987,Enterprise,2024-12-25,2024-12-25,Technical,Medium,15,4,0
6962,4987,Enterprise,2024-12-24,2024-12-28,Performance,Low,119,3,0
6963,4987,Enterprise,2024-12-22,2024-12-23,Technical,Medium,29,3,0
6964,4995,Pro,2024-09-10,2024-09-11,Feature Request,Medium,32,3,0
6965,4995,Pro,2024-09-12,2024-09-13,Account,Medium,24,4,0
6966,4995,Pro,2024-09-27,2024-09-29,Account,Low,58,5,0
6967,4995,Pro,2024-09-16,2024-09-17,Technical,Medium,45,2,0
6968,4999,Enterprise,2024-12-11,2024-12-11,Feature Request,High,23,3,0
6969,4999,Enterprise,2024-12-21,2024-12-22,Feature Request,Low,42,4,0
6970,5000,Pro,2024-12-20,2024-12-22,Onboarding,Low,48,3,1
6971,5002,Starter,2024-08-25,2024-08-25,Billing,High,11,3,0
6972,5002,Starter,2024-08-30,2024-08-30,Account,Medium,10,3,0
6973,5002,Starter,2024-08-16,2024-08-16,Feature Request,High,13,3,0
6974,5002,Starter,2024-08-16,2024-08-17,Onboarding,Low,40,4,0
6975,5006,Business,2024-12-25,2024-12-25,Feature Request,High,17,5,0
6976,5009,Business,2024-12-17,2024-12-21,Technical,Low,98,5,0
6977,5019,Enterprise,2024-12-27,2024-12-27,Feature Request,High,12,3,0
6978,5019,Enterprise,2024-12-23,2024-12-27,Integration,Low,118,2,0
6979,5020,Pro,2024-04-22,2024-04-26,Feature Request,Low,119,1,1
6980,5020,Pro,2024-04-12,2024-04-13,Technical,Medium,45,2,1
6981,5020,Pro,2024-05-03,2024-05-06,Onboarding,Low,73,1,1
6982,5020,Pro,2024-05-04,2024-05-05,Account,Low,41,3,1
6983,5022,Enterprise,2025-01-08,2025-01-12,Billing,Low,111,4,0
6984,5022,Enterprise,2024-12-29,2024-12-30,Technical,Medium,47,4,0
6985,5022,Enterprise,2024-12-18,2024-12-19,Billing,Medium,36,3,0
6986,5029,Business,2024-09-28,2024-09-28,Account,Critical,5,4,0
6987,5029,Enterprise,2024-12-30,2024-12-30,Technical,Medium,21,5,0
6988,5029,Enterprise,2025-01-06,2025-01-08,Technical,Low,53,2,0
6989,5029,Enterprise,2024-12-21,2024-12-22,Performance,Medium,29,5,0
6990,5029,Enterprise,2025-01-05,2025-01-06,Performance,Medium,36,4,0
6991,5029,Enterprise,2024-12-27,2024-12-27,Integration,High,19,4,0
6992,5032,Pro,2024-11-28,2024-12-01,Onboarding,Low,85,1,1
6993,5034,Starter,2024-10-06,2024-10-07,Technical,Medium,39,5,0
6994,5034,Pro,2024-12-16,2024-12-20,Feature Request,Low,103,4,0
6995,5034,Pro,2024-12-17,2024-12-21,Integration,Low,118,4,0
6996,5035,Pro,2024-04-04,2024-04-04,Performance,Medium,21,2,1
6997,5035,Pro,2024-04-06,2024-04-07,Account,Medium,45,3,1
6998,5035,Pro,2024-03-13,2024-03-15,Technical,Low,68,1,1
6999,5035,Pro,2024-04-04,2024-04-06,Integration,Low,68,2,1
7000,5035,Pro,2024-03-27,2024-03-27,Account,Medium,8,3,1
7001,5035,Pro,2024-05-09,2024-05-10,Integration,Medium,39,3,1
7002,5035,Pro,2024-04-12,2024-04-12,Feature Request,Medium,16,5,1
7003,5037,Enterprise,2024-12-19,2024-12-21,Feature Request,Low,68,3,0
7004,5037,Enterprise,2024-12-16,2024-12-18,Account,Low,62,5,0
7005,5037,Enterprise,2024-12-23,2024-12-24,Onboarding,Medium,34,4,0
7006,5037,Enterprise,2024-12-24,2024-12-24,Feature Request,High,16,5,0
7007,5037,Enterprise,2024-12-15,2024-12-18,Performance,Low,92,5,0
7008,5037,Enterprise,2024-12-25,2024-12-25,Feature Request,High,18,3,0
7009,5059,Enterprise,2024-09-18,2024-09-18,Feature Request,High,4,4,0
7010,5059,Enterprise,2024-09-30,2024-09-30,Technical,Critical,6,3,0
7011,5059,Enterprise,2024-09-16,2024-09-20,Technical,Low,108,4,0
7012,5059,Business,2024-12-15,2024-12-17,Feature Request,Low,52,3,0
7013,5059,Business,2024-12-22,2024-12-23,Feature Request,Medium,31,2,0
7014,5059,Business,2024-12-14,2024-12-14,Technical,Medium,23,2,0
7015,5059,Business,2025-01-05,2025-01-08,Integration,Low,88,5,0
7016,5067,Pro,2024-11-26,2024-11-26,Account,Medium,23,2,1
7017,5067,Pro,2024-11-26,2024-11-28,Billing,Low,65,2,1
7018,5067,Pro,2024-12-11,2024-12-12,Technical,Medium,43,1,1
7019,5069,Starter,2024-05-10,2024-05-13,Account,Low,91,1,1
7020,5069,Starter,2024-05-08,2024-05-08,Onboarding,High,6,5,1
7021,5069,Starter,2024-05-09,2024-05-11,Billing,Low,65,1,1
7022,5070,Pro,2025-01-11,2025-01-14,Feature Request,Low,81,4,0
7023,5073,Starter,2024-12-16,2024-12-16,Billing,Medium,20,5,0
7024,5073,Starter,2024-12-19,2024-12-23,Onboarding,Low,114,4,0
7025,5074,Business,2024-08-02,2024-08-03,Billing,Medium,34,1,0
7026,5074,Business,2024-07-22,2024-07-25,Technical,Low,79,5,0
7027,5074,Business,2024-07-24,2024-07-26,Performance,Low,64,2,0
7028,5074,Business,2024-07-22,2024-07-22,Integration,High,5,5,0
7029,5074,Pro,2024-12-23,2024-12-27,Account,Low,97,5,0
7030,5075,Pro,2024-08-08,2024-08-08,Onboarding,High,7,4,1
7031,5075,Pro,2024-07-29,2024-07-30,Billing,Medium,30,1,1
7032,5075,Pro,2024-09-04,2024-09-04,Performance,High,4,2,1
7033,5075,Pro,2024-08-28,2024-08-28,Onboarding,High,9,2,1
7034,5075,Pro,2024-08-20,2024-08-22,Billing,Medium,48,1,1
7035,5075,Pro,2024-09-06,2024-09-06,Onboarding,Critical,7,4,1
7036,5075,Pro,2024-08-20,2024-08-20,Billing,Critical,1,2,1
7037,5080,Pro,2025-01-01,2025-01-02,Onboarding,High,24,4,0
7038,5086,Pro,2024-04-06,2024-04-06,Account,High,2,2,0
7039,5086,Pro,2024-04-04,2024-04-05,Technical,Low,30,4,0
7040,5086,Business,2024-05-06,2024-05-10,Account,Low,116,5,0
7041,5086,Business,2024-04-24,2024-04-29,Billing,Low,120,4,0
7042,5086,Business,2024-05-11,2024-05-13,Billing,Low,59,4,0
7043,5086,Pro,2024-06-08,2024-06-08,Account,Medium,14,2,1
7044,5086,Pro,2024-06-03,2024-06-03,Billing,High,23,3,1
7045,5086,Pro,2024-06-09,2024-06-10,Integration,Medium,43,2,1
7046,5086,Pro,2024-05-28,2024-06-01,Account,Low,102,3,1
7047,5086,Pro,2024-06-08,2024-06-09,Billing,Medium,42,1,1
7048,5086,Pro,2024-06-24,2024-06-26,Integration,Low,54,4,1
7049,5086,Pro,2024-07-13,2024-07-14,Technical,Low,28,1,1
7050,5087,Pro,2024-05-25,2024-05-27,Account,Low,71,3,0
7051,5087,Pro,2024-07-12,2024-07-16,Billing,Low,119,4,0
7052,5087,Starter,2024-07-05,2024-07-05,Technical,High,7,5,0
7053,5087,Pro,2024-09-10,2024-09-10,Billing,High,12,4,0
7054,5087,Pro,2024-08-22,2024-08-23,Integration,Medium,46,5,0
7055,5087,Business,2024-12-27,2024-12-27,Onboarding,Medium,15,4,0
7056,5087,Business,2025-01-03,2025-01-07,Performance,Low,107,5,0
7057,5087,Business,2024-12-24,2024-12-25,Integration,Medium,42,3,0
7058,5089,Starter,2025-01-09,2025-01-09,Onboarding,Medium,13,2,1
7059,5089,Starter,2025-01-02,2025-01-02,Technical,Medium,19,3,1
7060,5091,Pro,2024-07-06,2024-07-06,Billing,High,12,3,1
7061,5091,Pro,2024-07-01,2024-07-02,Performance,Medium,44,2,1
7062,5092,Starter,2024-12-21,2024-12-22,Billing,Low,32,3,0
7063,5092,Starter,2024-12-26,2024-12-26,Account,Medium,21,5,0
7064,5093,Enterprise,2025-01-01,2025-01-03,Integration,Low,71,3,0
7065,5093,Enterprise,2025-01-14,2025-01-15,Integration,Medium,44,5,0
7066,5093,Enterprise,2025-01-13,2025-01-16,Billing,Low,85,4,0
7067,5101,Pro,2024-09-06,2024-09-10,Account,Low,105,5,0
7068,5101,Pro,2024-08-23,2024-08-23,Onboarding,High,5,4,0
7069,5101,Business,2025-01-09,2025-01-09,Account,Medium,12,5,0
7070,5101,Business,2025-01-09,2025-01-10,Technical,Medium,37,4,0
7071,5103,Enterprise,2024-12-26,2024-12-27,Performance,Medium,37,4,0
7072,5103,Enterprise,2025-01-01,2025-01-02,Onboarding,Medium,33,3,0
7073,5103,Enterprise,2025-01-03,2025-01-03,Billing,High,8,3,0
7074,5103,Enterprise,2025-01-13,2025-01-13,Integration,High,13,3,0
7075,5109,Starter,2024-11-05,2024-11-06,Onboarding,Medium,26,5,0
7076,5109,Starter,2024-10-30,2024-10-30,Onboarding,High,10,5,0
7077,5109,Starter,2024-10-23,2024-10-25,Performance,Low,49,5,0
7078,5109,Starter,2024-11-21,2024-11-21,Feature Request,Medium,15,4,1
7079,5109,Pro,2024-12-21,2024-12-21,Technical,High,17,1,1
7080,5109,Pro,2024-12-26,2024-12-26,Account,High,3,1,1
7081,5109,Pro,2025-01-10,2025-01-10,Feature Request,High,12,2,1
7082,5112,Business,2024-05-08,2024-05-08,Performance,High,22,5,1
7083,5112,Business,2024-04-28,2024-04-30,Onboarding,Low,52,1,1
7084,5112,Business,2024-05-09,2024-05-10,Billing,Medium,32,2,1
7085,5112,Business,2024-04-20,2024-04-20,Performance,Medium,14,3,1
7086,5114,Enterprise,2024-10-15,2024-10-15,Billing,High,22,2,1
7087,5114,Enterprise,2024-10-05,2024-10-07,Account,Low,71,2,1
7088,5114,Enterprise,2024-09-21,2024-09-21,Account,Critical,7,1,1
7089,5114,Enterprise,2024-09-25,2024-09-25,Feature Request,Medium,13,1,1
7090,5114,Enterprise,2024-10-12,2024-10-13,Onboarding,Low,37,4,1
7091,5114,Enterprise,2024-10-10,2024-10-10,Onboarding,High,23,1,1
7092,5114,Enterprise,2024-09-23,2024-09-23,Account,High,11,2,1
7093,5114,Enterprise,2024-09-20,2024-09-24,Feature Request,Low,102,1,1
7094,5114,Enterprise,2024-10-14,2024-10-14,Billing,High,2,1,1
7095,5114,Enterprise,2024-09-21,2024-09-25,Onboarding,Low,100,1,1
7096,5114,Enterprise,2024-10-15,2024-10-16,Feature Request,Medium,24,3,1
7097,5118,Starter,2024-05-04,2024-05-05,Feature Request,Medium,36,3,0
7098,5118,Starter,2024-05-14,2024-05-15,Performance,Medium,47,5,0
7099,5118,Pro,2024-09-03,2024-09-04,Account,Medium,43,4,0
7100,5118,Starter,2024-12-28,2024-12-28,Account,Medium,23,4,1
7101,5118,Starter,2024-12-25,2024-12-25,Integration,High,5,1,1
7102,5124,Business,2024-07-09,2024-07-13,Billing,Low,97,3,0
7103,5124,Business,2024-07-03,2024-07-06,Account,Low,72,5,0
7104,5124,Business,2024-06-21,2024-06-25,Performance,Low,114,5,0
7105,5124,Enterprise,2024-12-20,2024-12-24,Feature Request,Low,113,3,0
7106,5124,Enterprise,2025-01-10,2025-01-12,Billing,Low,66,4,0
7107,5124,Enterprise,2024-12-19,2024-12-19,Account,High,18,5,0
7108,5124,Enterprise,2025-01-01,2025-01-01,Account,Critical,2,4,0
7109,5128,Business,2024-11-21,2024-11-23,Billing,Low,61,2,1
7110,5128,Business,2024-11-29,2024-12-02,Account,Low,90,1,1
7111,5128,Business,2024-11-24,2024-11-25,Billing,Low,34,2,1
7112,5128,Business,2024-12-15,2024-12-16,Technical,Medium,37,3,1
7113,5128,Business,2024-11-26,2024-11-28,Technical,Low,55,2,1
7114,5128,Business,2024-11-27,2024-11-27,Billing,Medium,22,2,1
7115,5129,Business,2024-05-17,2024-05-17,Billing,Critical,7,4,0
7116,5129,Enterprise,2024-12-21,2024-12-23,Technical,Low,65,5,0
7117,5129,Enterprise,2025-01-07,2025-01-07,Feature Request,Critical,5,4,0
7118,5132,Pro,2024-06-26,2024-06-27,Feature Request,Medium,24,2,1
7119,5133,Pro,2024-05-03,2024-05-03,Performance,Medium,14,2,0
7120,5133,Pro,2024-05-06,2024-05-09,Billing,Low,78,2,0
7121,5133,Starter,2024-07-31,2024-08-04,Integration,Low,117,3,0
7122,5133,Starter,2024-09-05,2024-09-08,Feature Request,Low,93,3,0
7123,5133,Starter,2024-09-11,2024-09-11,Account,High,12,4,0
7124,5133,Pro,2025-01-03,2025-01-07,Technical,Low,96,2,0
7125,5133,Pro,2024-12-21,2024-12-24,Account,Low,93,3,0
7126,5135,Enterprise,2025-01-11,2025-01-13,Billing,Low,59,3,0
7127,5135,Enterprise,2025-01-14,2025-01-14,Integration,High,23,3,0
7128,5135,Enterprise,2024-12-19,2024-12-20,Account,Low,29,3,0
7129,5135,Enterprise,2025-01-16,2025-01-16,Technical,High,21,3,0
7130,5140,Pro,2024-12-14,2024-12-14,Feature Request,Medium,15,1,1
7131,5140,Pro,2024-12-15,2024-12-15,Integration,Medium,18,4,1
7132,5143,Enterprise,2025-01-13,2025-01-14,Integration,Medium,47,3,0
7133,5143,Enterprise,2024-12-20,2024-12-20,Feature Request,High,16,1,0
7134,5143,Enterprise,2024-12-22,2024-12-24,Account,Low,59,4,0
7135,5143,Enterprise,2025-01-14,2025-01-15,Account,Medium,36,4,0
7136,5143,Enterprise,2024-12-28,2024-12-29,Integration,Medium,29,5,0
7137,5143,Enterprise,2025-01-14,2025-01-14,Technical,Medium,15,2,0
7138,5143,Enterprise,2024-12-30,2024-12-31,Feature Request,Medium,36,5,0
7139,5144,Starter,2025-01-09,2025-01-09,Technical,High,17,2,0
7140,5144,Starter,2024-12-23,2024-12-27,Account,Low,118,5,0
7141,5147,Enterprise,2024-12-29,2024-12-30,Technical,Medium,47,4,0
7142,5157,Starter,2025-01-08,2025-01-10,Account,Low,61,5,0
7143,5164,Starter,2025-01-18,2025-01-21,Onboarding,Low,75,2,0
7144,5173,Starter,2024-09-09,2024-09-12,Feature Request,Low,91,4,1
7145,5173,Starter,2024-09-01,2024-09-02,Billing,Low,24,2,1
7146,5173,Starter,2024-09-23,2024-09-23,Billing,High,15,2,1
7147,5177,Enterprise,2024-12-28,2024-12-30,Technical,Low,69,4,0
7148,5180,Starter,2024-10-17,2024-10-20,Feature Request,Low,81,3,1
7149,5181,Pro,2024-12-06,2024-12-06,Integration,Medium,20,5,0
7150,5181,Business,2025-01-19,2025-01-22,Onboarding,Low,83,3,0
7151,5185,Business,2024-10-10,2024-10-12,Feature Request,Low,53,2,1
7152,5185,Business,2024-10-08,2024-10-09,Account,Low,24,1,1
7153,5185,Business,2024-10-16,2024-10-17,Billing,High,24,1,1
7154,5185,Business,2024-09-22,2024-09-22,Feature Request,High,22,3,1
7155,5185,Business,2024-09-27,2024-09-27,Billing,High,17,3,1
7156,5185,Business,2024-09-26,2024-09-26,Billing,High,17,4,1
7157,5185,Business,2024-10-05,2024-10-05,Integration,Medium,21,3,1
7158,5185,Business,2024-10-19,2024-10-19,Technical,High,5,2,1
7159,5191,Starter,2024-09-04,2024-09-07,Onboarding,Low,77,2,1
7160,5191,Starter,2024-09-03,2024-09-04,Account,Medium,37,2,1
7161,5191,Starter,2024-10-09,2024-10-09,Account,Medium,17,1,1
7162,5205,Business,2025-01-01,2025-01-01,Account,Medium,15,5,0
7163,5207,Pro,2024-12-13,2024-12-13,Integration,Medium,16,4,0
7164,5207,Pro,2024-12-05,2024-12-05,Billing,Medium,8,4,0
7165,5221,Enterprise,2024-12-29,2024-12-31,Billing,Low,61,5,0
7166,5221,Enterprise,2025-01-04,2025-01-04,Integration,High,15,4,0
7167,5221,Enterprise,2024-12-26,2024-12-27,Onboarding,Medium,37,4,0
7168,5221,Enterprise,2024-12-24,2024-12-25,Feature Request,Low,37,4,0
7169,5222,Starter,2024-04-01,2024-04-05,Performance,Low,106,2,1
7170,5222,Starter,2024-03-28,2024-03-29,Feature Request,High,24,5,1
7171,5222,Starter,2024-04-28,2024-05-02,Billing,Low,99,1,1
7172,5222,Starter,2024-04-25,2024-04-25,Account,High,11,3,1
7173,5222,Starter,2024-05-06,2024-05-08,Onboarding,Low,57,2,1
7174,5225,Starter,2024-11-08,2024-11-08,Onboarding,High,23,1,1
7175,5225,Starter,2024-11-13,2024-11-14,Technical,Medium,26,5,1
7176,5225,Starter,2024-12-22,2024-12-26,Feature Request,Low,112,2,1
7177,5225,Starter,2024-12-08,2024-12-08,Onboarding,High,14,1,1
7178,5230,Pro,2025-01-22,2025-01-23,Technical,Medium,38,5,0
7179,5230,Pro,2024-12-30,2024-12-30,Account,Medium,14,4,0
7180,5230,Pro,2025-01-21,2025-01-21,Account,High,20,3,0
7181,5235,Starter,2024-07-10,2024-07-10,Feature Request,Critical,4,2,1
7182,5245,Pro,2024-07-15,2024-07-15,Feature Request,Medium,22,2,1
7183,5245,Pro,2024-07-18,2024-07-19,Feature Request,Medium,30,3,1
7184,5251,Pro,2024-05-19,2024-05-20,Technical,Medium,40,3,1
7185,5251,Pro,2024-05-21,2024-05-22,Onboarding,High,24,2,1
7186,5251,Pro,2024-04-28,2024-04-28,Technical,Medium,17,3,1
7187,5251,Pro,2024-05-15,2024-05-19,Integration,Low,113,2,1
7188,5253,Business,2025-01-08,2025-01-09,Technical,Medium,38,5,0
7189,5254,Pro,2024-05-10,2024-05-13,Performance,Low,76,4,0
7190,5254,Pro,2024-05-05,2024-05-08,Technical,Low,76,5,0
7191,5254,Pro,2024-05-12,2024-05-13,Billing,Medium,47,4,0
7192,5254,Business,2025-01-20,2025-01-22,Billing,Low,57,4,0
7193,5254,Business,2025-01-10,2025-01-10,Billing,Medium,11,4,0
7194,5254,Business,2025-01-01,2025-01-02,Integration,Medium,28,3,0
7195,5254,Business,2024-12-29,2025-01-01,Technical,Low,82,3,0
7196,5256,Starter,2024-08-23,2024-08-23,Feature Request,Critical,3,1,1
7197,5256,Starter,2024-09-02,2024-09-03,Performance,Medium,46,5,1
7198,5256,Starter,2024-09-02,2024-09-03,Performance,Medium,46,2,1
7199,5259,Enterprise,2024-07-17,2024-07-18,Account,Medium,34,5,0
7200,5259,Enterprise,2024-07-14,2024-07-14,Technical,High,13,1,0
7201,5259,Enterprise,2024-07-22,2024-07-23,Billing,Medium,44,1,0
7202,5259,Enterprise,2024-07-08,2024-07-09,Technical,Medium,24,3,0
7203,5259,Enterprise,2024-07-08,2024-07-08,Integration,Medium,18,5,0
7204,5259,Enterprise,2024-07-23,2024-07-23,Integration,High,11,3,0
7205,5259,Business,2024-08-30,2024-09-01,Billing,Low,67,4,0
7206,5259,Business,2024-10-12,2024-10-13,Performance,Medium,41,4,0
7207,5259,Pro,2025-01-14,2025-01-14,Onboarding,Medium,13,5,0
7208,5263,Starter,2024-05-06,2024-05-06,Integration,High,9,2,1
7209,5263,Starter,2024-04-30,2024-05-03,Billing,Low,74,3,1
7210,5264,Business,2024-10-10,2024-10-11,Onboarding,Medium,38,3,0
7211,5264,Pro,2025-01-13,2025-01-13,Billing,Critical,1,3,0
7212,5264,Pro,2025-01-23,2025-01-24,Technical,Low,34,4,0
7213,5264,Pro,2025-01-12,2025-01-15,Account,Low,84,2,0
7214,5266,Starter,2024-11-17,2024-11-19,Integration,Low,67,1,1
7215,5266,Starter,2024-11-22,2024-11-22,Performance,High,23,2,1
7216,5266,Starter,2024-11-20,2024-11-20,Account,High,3,1,1
7217,5266,Starter,2024-11-05,2024-11-06,Integration,Low,47,3,1
7218,5266,Starter,2024-12-06,2024-12-08,Integration,Low,54,3,1
7219,5266,Starter,2024-12-23,2024-12-27,Billing,Low,101,1,1
7220,5267,Business,2024-08-01,2024-08-04,Billing,Low,82,3,0
7221,5267,Business,2024-08-09,2024-08-09,Account,High,6,4,0
7222,5267,Enterprise,2025-01-04,2025-01-08,Onboarding,Low,103,4,0
7223,5268,Pro,2024-04-16,2024-04-16,Account,Critical,5,4,0
7224,5268,Pro,2024-04-09,2024-04-09,Onboarding,Critical,7,5,0
7225,5268,Pro,2024-05-13,2024-05-13,Onboarding,Medium,22,5,0
7226,5268,Pro,2024-04-28,2024-04-30,Feature Request,Medium,48,3,0
7227,5270,Business,2024-04-28,2024-04-28,Technical,High,11,3,1
7228,5270,Business,2024-05-17,2024-05-18,Technical,Medium,38,2,1
7229,5270,Business,2024-05-02,2024-05-04,Integration,Low,50,4,1
7230,5274,Pro,2024-07-16,2024-07-17,Technical,Low,38,5,0
7231,5274,Pro,2024-07-24,2024-07-24,Feature Request,Medium,19,5,0
7232,5274,Pro,2024-07-13,2024-07-14,Onboarding,Medium,37,3,0
7233,5274,Starter,2025-01-25,2025-01-25,Integration,High,15,1,0
7234,5275,Business,2024-04-05,2024-04-06,Integration,Low,40,1,1
7235,5275,Business,2024-04-05,2024-04-05,Onboarding,Medium,12,1,1
7236,5275,Business,2024-04-14,2024-04-18,Performance,Low,114,3,1
7237,5275,Business,2024-04-23,2024-04-23,Account,High,18,2,1
7238,5275,Business,2024-05-15,2024-05-16,Account,Medium,34,2,1
7239,5275,Business,2024-05-19,2024-05-19,Technical,Medium,11,3,1
7240,5275,Business,2024-05-15,2024-05-16,Account,Medium,40,2,1
7241,5275,Business,2024-05-06,2024-05-09,Account,Low,94,1,1
7242,5275,Business,2024-05-11,2024-05-11,Account,High,10,5,1
7243,5275,Business,2024-05-10,2024-05-14,Technical,Low,119,3,1
7244,5288,Starter,2025-01-03,2025-01-03,Technical,Medium,13,2,0
7245,5296,Starter,2025-01-10,2025-01-13,Technical,Low,85,4,0
7246,5299,Pro,2024-09-21,2024-09-21,Billing,Medium,18,1,0
7247,5299,Pro,2024-09-20,2024-09-21,Onboarding,Medium,27,5,0
7248,5299,Pro,2024-08-31,2024-08-31,Onboarding,High,16,4,0
7249,5299,Pro,2024-08-30,2024-08-31,Billing,Low,28,5,0
7250,5299,Pro,2024-10-16,2024-10-19,Performance,Low,83,4,0
7251,5299,Pro,2024-10-09,2024-10-09,Onboarding,High,11,4,0
7252,5299,Business,2025-01-23,2025-01-24,Onboarding,Medium,47,4,0
7253,5303,Enterprise,2024-12-30,2024-12-30,Onboarding,Critical,7,3,0
7254,5303,Enterprise,2025-01-04,2025-01-07,Billing,Low,90,4,0
7255,5303,Enterprise,2025-01-03,2025-01-07,Account,Low,114,5,0
7256,5309,Business,2025-01-24,2025-01-25,Billing,Medium,39,4,0
7257,5309,Business,2025-01-19,2025-01-19,Performance,High,4,5,0
7258,5309,Business,2025-01-08,2025-01-09,Performance,High,24,4,0
7259,5310,Pro,2024-05-27,2024-05-28,Feature Request,Medium,26,3,1
7260,5313,Business,2025-01-12,2025-01-14,Integration,Low,61,1,1
7261,5313,Business,2025-01-03,2025-01-03,Onboarding,Medium,10,2,1
7262,5313,Business,2025-01-07,2025-01-08,Billing,Medium,28,2,1
7263,5313,Business,2025-01-18,2025-01-19,Technical,Medium,26,4,1
7264,5313,Business,2025-01-02,2025-01-02,Performance,High,8,3,1
7265,5313,Business,2025-01-10,2025-01-13,Account,Low,77,4,1
7266,5313,Business,2025-01-11,2025-01-12,Account,Medium,30,2,1
7267,5320,Pro,2024-12-24,2024-12-24,Performance,Medium,21,1,1
7268,5320,Pro,2024-12-26,2024-12-30,Performance,Low,114,2,1
7269,5320,Pro,2024-12-19,2024-12-19,Integration,Medium,18,3,1
7270,5320,Pro,2024-12-14,2024-12-14,Feature Request,High,4,4,1
7271,5320,Pro,2024-12-01,2024-12-01,Billing,Medium,20,2,1
7272,5320,Pro,2024-11-30,2024-11-30,Technical,Medium,22,3,1
7273,5320,Pro,2024-11-30,2024-11-30,Technical,Medium,20,3,1
7274,5320,Pro,2024-12-19,2024-12-19,Integration,High,6,2,1
7275,5327,Enterprise,2024-06-06,2024-06-06,Technical,Medium,8,2,1
7276,5327,Enterprise,2024-06-07,2024-06-08,Technical,High,24,5,1
7277,5327,Enterprise,2024-06-02,2024-06-02,Onboarding,High,22,1,1
7278,5327,Enterprise,2024-06-01,2024-06-04,Technical,Low,88,1,1
7279,5327,Enterprise,2024-05-31,2024-06-01,Technical,Medium,24,2,1
7280,5327,Enterprise,2024-06-27,2024-06-27,Billing,High,5,2,1
7281,5327,Enterprise,2024-06-24,2024-06-24,Feature Request,High,13,3,1
7282,5327,Enterprise,2024-07-24,2024-07-24,Performance,Medium,8,4,1
7283,5327,Enterprise,2024-07-14,2024-07-15,Billing,Medium,31,4,1
7284,5327,Enterprise,2024-07-04,2024-07-04,Performance,High,18,3,1
7285,5327,Enterprise,2024-07-27,2024-07-27,Onboarding,Critical,1,2,1
7286,5330,Business,2025-01-25,2025-01-26,Performance,Medium,37,4,0
7287,5330,Business,2025-01-16,2025-01-16,Onboarding,High,16,5,0
7288,5330,Business,2024-12-31,2025-01-01,Technical,Medium,44,3,0
7289,5336,Business,2024-12-02,2024-12-05,Integration,Low,80,5,0
7290,5336,Business,2024-12-23,2024-12-23,Account,High,2,5,0
7291,5338,Business,2024-12-08,2024-12-11,Account,Low,87,1,0
7292,5344,Business,2024-07-18,2024-07-22,Billing,Low,113,3,1
7293,5344,Business,2024-07-17,2024-07-18,Integration,Medium,43,2,1
7294,5344,Business,2024-07-16,2024-07-16,Billing,Medium,8,2,1
7295,5344,Business,2024-08-21,2024-08-21,Billing,High,16,3,1
7296,5344,Business,2024-08-05,2024-08-06,Technical,Low,43,1,1
7297,5344,Business,2024-08-11,2024-08-12,Feature Request,Medium,32,1,1
7298,5344,Business,2024-08-25,2024-08-29,Feature Request,Low,109,4,1
7299,5344,Business,2024-08-05,2024-08-05,Account,High,2,1,1
7300,5344,Business,2024-08-27,2024-08-28,Performance,Low,39,1,1
7301,5347,Starter,2024-08-23,2024-08-24,Integration,Low,28,2,1
7302,5347,Starter,2024-09-25,2024-09-25,Integration,Medium,10,2,1
7303,5347,Starter,2024-09-18,2024-09-18,Feature Request,High,16,3,1
7304,5348,Enterprise,2024-12-10,2024-12-10,Feature Request,Medium,18,5,0
7305,5348,Enterprise,2024-12-22,2024-12-23,Performance,Low,38,4,0
7306,5348,Enterprise,2024-12-17,2024-12-20,Billing,Low,73,4,0
7307,5354,Enterprise,2024-11-29,2024-11-30,Account,Medium,47,3,0
7308,5354,Business,2024-12-30,2025-01-02,Billing,Low,84,4,0
7309,5354,Business,2024-12-12,2024-12-15,Billing,Low,93,3,0
7310,5358,Starter,2024-05-15,2024-05-16,Billing,Medium,32,2,1
7311,5358,Starter,2024-06-20,2024-06-23,Feature Request,Low,77,3,1
7312,5360,Starter,2024-10-20,2024-10-21,Account,Medium,42,4,1
7313,5360,Starter,2024-10-07,2024-10-08,Account,High,24,3,1
7314,5360,Starter,2024-11-15,2024-11-19,Billing,Low,106,2,1
7315,5360,Starter,2024-11-20,2024-11-21,Performance,Low,43,3,1
7316,5360,Starter,2024-11-13,2024-11-13,Technical,High,10,3,1
7317,5360,Starter,2024-11-20,2024-11-21,Integration,Medium,33,3,1
7318,5360,Starter,2024-11-11,2024-11-12,Integration,Low,40,2,1
7319,5361,Pro,2024-12-29,2025-01-01,Feature Request,Low,81,4,0
7320,5361,Pro,2024-12-17,2024-12-17,Integration,High,13,4,0
7321,5361,Pro,2024-12-23,2024-12-26,Billing,Low,85,2,0
7322,5361,Pro,2024-12-10,2024-12-13,Technical,Low,80,1,0
7323,5362,Enterprise,2024-12-21,2024-12-22,Performance,Medium,45,4,0
7324,5362,Enterprise,2024-12-25,2024-12-26,Feature Request,Medium,35,4,0
7325,5362,Enterprise,2024-12-31,2025-01-01,Feature Request,Medium,29,5,0
7326,5362,Enterprise,2024-12-21,2024-12-22,Performance,Medium,27,5,0
7327,5362,Enterprise,2024-12-27,2024-12-28,Integration,Medium,26,2,0
7328,5362,Enterprise,2024-12-09,2024-12-09,Onboarding,Medium,20,1,0
7329,5362,Enterprise,2024-12-18,2024-12-19,Performance,Medium,44,2,0
7330,5362,Enterprise,2024-12-27,2024-12-27,Onboarding,Medium,23,5,0
7331,5369,Pro,2024-12-08,2024-12-08,Performance,Medium,20,5,0
7332,5374,Starter,2024-12-27,2024-12-27,Integration,Medium,13,4,0
7333,5377,Pro,2024-09-01,2024-09-03,Performance,Low,51,3,1
7334,5377,Pro,2024-08-04,2024-08-04,Account,Medium,22,2,1
7335,5377,Pro,2024-08-26,2024-08-27,Technical,Medium,24,3,1
7336,5377,Pro,2024-08-13,2024-08-14,Feature Request,Medium,39,3,1
7337,5377,Pro,2024-09-19,2024-09-19,Integration,Critical,2,3,1
7338,5377,Pro,2024-09-13,2024-09-14,Billing,Medium,27,1,1
7339,5378,Business,2024-04-08,2024-04-08,Integration,High,16,2,0
7340,5378,Business,2024-04-23,2024-04-24,Account,Medium,24,5,0
7341,5378,Business,2024-04-21,2024-04-25,Integration,Low,117,5,0
7342,5378,Business,2024-04-04,2024-04-05,Feature Request,Medium,42,4,0
7343,5378,Pro,2024-12-14,2024-12-14,Integration,High,18,3,0
7344,5378,Pro,2024-12-10,2024-12-12,Integration,Low,61,3,0
7345,5384,Pro,2024-04-18,2024-04-18,Performance,Medium,11,1,1
7346,5384,Pro,2024-04-11,2024-04-11,Feature Request,Medium,8,5,1
7347,5386,Pro,2024-07-15,2024-07-16,Account,Medium,35,4,0
7348,5391,Starter,2024-05-07,2024-05-08,Onboarding,Medium,34,2,1
7349,5391,Starter,2024-05-11,2024-05-11,Integration,High,7,2,1
7350,5391,Starter,2024-05-21,2024-05-21,Feature Request,Medium,21,3,1
7351,5391,Starter,2024-05-11,2024-05-11,Integration,High,14,2,1
7352,5391,Starter,2024-05-16,2024-05-16,Performance,Critical,2,3,1
7353,5391,Starter,2024-06-02,2024-06-02,Billing,Medium,15,1,1
7354,5392,Enterprise,2024-12-16,2024-12-16,Billing,High,17,5,0
7355,5392,Enterprise,2024-12-16,2024-12-18,Account,Low,66,3,0
7356,5392,Enterprise,2024-12-13,2024-12-15,Feature Request,Low,70,5,0
7357,5392,Enterprise,2024-12-18,2024-12-19,Account,Medium,33,4,0
7358,5396,Business,2024-12-27,2024-12-28,Technical,Low,28,5,0
7359,5396,Business,2024-12-24,2024-12-24,Account,High,8,5,0
7360,5397,Starter,2024-09-25,2024-09-29,Onboarding,Low,107,1,0
7361,5397,Starter,2024-09-06,2024-09-06,Onboarding,High,18,3,0
7362,5397,Pro,2024-12-20,2024-12-20,Onboarding,High,15,3,0
7363,5398,Starter,2024-08-07,2024-08-11,Performance,Low,119,4,1
7364,5398,Starter,2024-08-28,2024-08-28,Performance,Critical,1,2,1
7365,5401,Starter,2024-07-06,2024-07-06,Integration,High,8,2,1
7366,5401,Starter,2024-07-31,2024-07-31,Account,Medium,17,5,1
7367,5401,Starter,2024-08-26,2024-08-27,Feature Request,High,24,4,1
7368,5409,Starter,2024-12-10,2024-12-10,Performance,Critical,6,4,0
7369,5410,Enterprise,2024-12-14,2024-12-17,Feature Request,Low,94,5,0
7370,5410,Enterprise,2024-12-09,2024-12-11,Performance,Low,62,4,0
7371,5410,Enterprise,2024-12-11,2024-12-15,Performance,Low,112,4,0
7372,5410,Enterprise,2024-12-08,2024-12-11,Billing,Low,73,1,0
7373,5410,Enterprise,2024-12-22,2024-12-22,Onboarding,High,22,3,0
7374,5410,Enterprise,2025-01-03,2025-01-06,Integration,Low,79,5,0
7375,5410,Enterprise,2024-12-15,2024-12-15,Feature Request,Medium,11,1,0
7376,5411,Enterprise,2024-12-30,2024-12-30,Performance,Medium,21,5,0
7377,5411,Enterprise,2024-12-20,2024-12-20,Onboarding,High,13,5,0
7378,5411,Enterprise,2024-12-07,2024-12-10,Performance,Low,78,3,0
7379,5413,Enterprise,2024-12-17,2024-12-19,Account,Low,63,5,0
7380,5413,Enterprise,2024-12-31,2024-12-31,Technical,High,18,4,0
7381,5413,Enterprise,2024-12-12,2024-12-12,Account,Medium,15,3,0
7382,5413,Enterprise,2024-12-21,2024-12-25,Technical,Low,100,5,0
7383,5417,Pro,2024-12-29,2024-12-30,Integration,Low,34,4,0
7384,5417,Pro,2024-12-11,2024-12-11,Billing,Medium,19,5,0
7385,5419,Business,2024-12-27,2024-12-28,Onboarding,Medium,26,5,0
7386,5419,Business,2024-12-13,2024-12-17,Onboarding,Low,101,3,0
7387,5419,Business,2024-12-29,2025-01-02,Performance,Low,106,4,0
7388,5419,Business,2024-12-14,2024-12-15,Technical,Medium,44,5,0
7389,5420,Business,2024-11-01,2024-11-03,Account,Low,58,5,0
7390,5420,Business,2024-10-11,2024-10-12,Feature Request,Medium,38,2,0
7391,5420,Business,2024-10-25,2024-10-29,Feature Request,Low,117,5,0
7392,5420,Business,2024-11-10,2024-11-11,Onboarding,Medium,38,5,0
7393,5420,Business,2024-11-29,2024-12-03,Feature Request,Low,115,4,0
7394,5420,Enterprise,2024-12-27,2024-12-27,Integration,High,19,1,0
7395,5420,Enterprise,2024-12-15,2024-12-15,Technical,High,4,4,0
7396,5420,Enterprise,2024-12-09,2024-12-09,Billing,High,23,3,0
7397,5420,Enterprise,2024-12-28,2024-12-28,Onboarding,Critical,5,3,0
7398,5420,Enterprise,2024-12-19,2024-12-21,Onboarding,Medium,48,4,0
7399,5420,Enterprise,2025-01-03,2025-01-03,Integration,Medium,9,5,0
7400,5424,Business,2024-12-20,2024-12-20,Billing,Medium,14,3,0
7401,5427,Enterprise,2024-12-09,2024-12-10,Feature Request,Medium,35,3,0
7402,5427,Enterprise,2024-12-19,2024-12-19,Onboarding,Medium,23,4,0
7403,5427,Enterprise,2024-12-10,2024-12-10,Feature Request,High,7,4,0
7404,5427,Enterprise,2024-12-21,2024-12-22,Billing,Low,27,5,0
7405,5430,Starter,2024-12-31,2025-01-02,Onboarding,Low,69,3,0
7406,5437,Business,2024-09-24,2024-09-25,Integration,Medium,28,4,0
7407,5437,Business,2024-09-26,2024-09-30,Performance,Low,105,4,0
7408,5437,Business,2024-10-02,2024-10-03,Billing,Medium,36,5,0
7409,5437,Pro,2024-12-09,2024-12-09,Integration,Critical,7,3,0
7410,5439,Enterprise,2024-12-24,2024-12-28,Integration,Low,118,5,0
7411,5439,Enterprise,2024-12-12,2024-12-12,Account,Medium,21,5,0
7412,5439,Enterprise,2025-01-04,2025-01-06,Billing,Low,65,5,0
7413,5439,Enterprise,2024-12-10,2024-12-11,Account,Medium,41,4,0
7414,5439,Enterprise,2024-12-18,2024-12-18,Billing,Medium,20,5,0
7415,5439,Enterprise,2024-12-30,2024-12-30,Feature Request,Critical,1,5,0
7416,5439,Enterprise,2025-01-05,2025-01-08,Billing,Low,82,1,0
7417,5441,Pro,2024-12-21,2024-12-22,Integration,Medium,39,4,0
7418,5442,Pro,2025-01-02,2025-01-02,Technical,High,22,4,0
7419,5442,Pro,2024-12-23,2024-12-24,Integration,Low,39,4,0
7420,5446,Business,2024-05-07,2024-05-10,Billing,Low,79,5,0
7421,5446,Business,2024-04-23,2024-04-24,Feature Request,Low,30,4,0
7422,5446,Business,2024-05-06,2024-05-07,Billing,Medium,43,5,0
7423,5446,Business,2024-04-19,2024-04-19,Account,High,6,5,0
7424,5446,Business,2024-04-18,2024-04-18,Technical,High,18,5,0
7425,5446,Business,2024-04-23,2024-04-23,Feature Request,High,3,5,0
7426,5446,Pro,2024-06-30,2024-07-02,Performance,Low,51,5,0
7427,5446,Business,2024-12-21,2024-12-23,Technical,Low,50,4,0
7428,5446,Business,2024-12-12,2024-12-12,Account,Medium,8,5,0
7429,5450,Starter,2024-12-14,2024-12-16,Account,Low,62,2,0
7430,5450,Starter,2024-12-22,2024-12-22,Billing,High,12,5,0
7431,5453,Business,2024-12-23,2024-12-24,Account,Medium,46,3,0
7432,5453,Business,2025-01-05,2025-01-05,Technical,High,3,3,0
7433,5453,Business,2024-12-24,2024-12-24,Technical,High,2,3,0
7434,5453,Business,2024-12-12,2024-12-12,Onboarding,Medium,20,4,0
7435,5455,Business,2024-07-04,2024-07-04,Billing,Medium,20,1,1
7436,5455,Business,2024-06-24,2024-06-25,Technical,Medium,31,3,1
7437,5455,Business,2024-06-29,2024-06-29,Technical,Medium,11,3,1
7438,5455,Business,2024-07-08,2024-07-09,Technical,Low,27,4,1
7439,5459,Starter,2024-06-14,2024-06-15,Performance,Medium,28,2,1
7440,5459,Starter,2024-06-28,2024-07-03,Account,Low,120,2,1
7441,5459,Starter,2024-06-13,2024-06-16,Billing,Low,83,3,1
7442,5459,Starter,2024-06-16,2024-06-17,Onboarding,Medium,44,4,1
7443,5459,Starter,2024-06-30,2024-06-30,Billing,Medium,9,2,1
7444,5464,Business,2024-05-19,2024-05-19,Billing,High,2,1,1
7445,5464,Business,2024-05-16,2024-05-16,Account,Medium,22,3,1
7446,5464,Business,2024-07-06,2024-07-06,Account,Medium,12,1,1
7447,5464,Business,2024-06-19,2024-06-19,Onboarding,High,7,3,1
7448,5464,Business,2024-06-22,2024-06-23,Integration,Medium,27,3,1
7449,5464,Business,2024-07-05,2024-07-05,Feature Request,High,11,3,1
7450,5464,Business,2024-06-09,2024-06-11,Onboarding,Low,60,4,1
7451,5467,Starter,2024-11-28,2024-11-28,Feature Request,High,9,5,0
7452,5467,Starter,2024-11-16,2024-11-16,Billing,Critical,3,3,0
7453,5467,Pro,2025-01-07,2025-01-07,Integration,High,3,4,0
7454,5474,Pro,2024-10-30,2024-10-31,Technical,Medium,26,5,0
7455,5474,Pro,2024-11-16,2024-11-16,Feature Request,High,8,4,0
7456,5474,Pro,2024-12-07,2024-12-07,Performance,High,9,4,0
7457,5474,Starter,2024-12-16,2024-12-17,Integration,Medium,38,4,0
7458,5477,Business,2024-10-17,2024-10-21,Account,Low,115,1,0
7459,5477,Business,2024-10-21,2024-10-22,Feature Request,Medium,41,3,0
7460,5477,Business,2024-11-22,2024-11-22,Feature Request,Medium,20,4,0
7461,5477,Enterprise,2024-12-18,2024-12-18,Billing,Medium,17,2,0
7462,5477,Enterprise,2024-12-16,2024-12-16,Performance,Medium,9,3,0
7463,5477,Enterprise,2025-01-07,2025-01-09,Integration,Low,61,2,0
7464,5481,Starter,2024-11-26,2024-11-27,Feature Request,Medium,42,1,1
7465,5481,Starter,2024-11-26,2024-11-29,Feature Request,Low,73,2,1
7466,5481,Starter,2024-11-17,2024-11-19,Billing,Low,70,2,1
7467,5481,Starter,2024-12-01,2024-12-01,Account,Critical,7,2,1
7468,5481,Starter,2024-11-19,2024-11-19,Performance,High,4,3,1
7469,5482,Pro,2024-04-16,2024-04-19,Performance,Low,90,3,1
7470,5484,Enterprise,2024-12-22,2024-12-22,Onboarding,High,2,4,0
7471,5484,Enterprise,2024-12-29,2024-12-29,Feature Request,Medium,22,4,0
7472,5484,Enterprise,2024-12-28,2024-12-29,Technical,Medium,45,4,0
7473,5485,Pro,2024-05-02,2024-05-03,Billing,Medium,28,5,0
7474,5485,Pro,2024-04-23,2024-04-23,Feature Request,Critical,8,2,0
7475,5485,Business,2024-12-23,2024-12-24,Onboarding,Low,39,2,0
7476,5485,Business,2025-01-06,2025-01-06,Integration,High,22,5,0
7477,5490,Starter,2025-01-01,2025-01-02,Account,Medium,34,3,0
7478,5490,Starter,2024-12-22,2024-12-24,Technical,Low,63,5,0
7479,5492,Starter,2024-06-05,2024-06-06,Feature Request,Medium,24,3,1
7480,5492,Starter,2024-05-25,2024-05-27,Feature Request,Low,68,1,1
7481,5492,Starter,2024-05-18,2024-05-18,Account,High,19,4,1
7482,5497,Starter,2024-04-27,2024-05-01,Technical,Low,98,4,0
7483,5497,Pro,2024-06-28,2024-07-01,Performance,Low,84,1,1
7484,5497,Pro,2024-06-22,2024-06-22,Onboarding,Medium,22,1,1
7485,5510,Enterprise,2024-12-25,2024-12-26,Integration,Medium,31,3,0
7486,5510,Enterprise,2024-12-29,2024-12-30,Integration,Low,44,5,0
7487,5518,Starter,2024-07-17,2024-07-19,Feature Request,Low,54,3,0
7488,5518,Starter,2024-07-22,2024-07-24,Integration,Medium,48,1,0
7489,5518,Starter,2024-08-24,2024-08-25,Technical,Medium,25,4,0
7490,5518,Starter,2024-08-18,2024-08-19,Feature Request,Medium,43,4,0
7491,5525,Starter,2024-07-26,2024-07-26,Integration,Medium,10,2,1
7492,5525,Starter,2024-08-30,2024-08-30,Feature Request,High,22,1,1
7493,5528,Pro,2024-05-31,2024-06-01,Feature Request,Low,28,2,1
7494,5528,Pro,2024-05-29,2024-06-02,Performance,Low,102,2,1
7495,5528,Pro,2024-05-14,2024-05-14,Feature Request,Medium,12,5,1
7496,5528,Pro,2024-06-03,2024-06-03,Feature Request,Medium,20,2,1
7497,5528,Pro,2024-05-26,2024-05-28,Performance,Low,67,1,1
7498,5528,Pro,2024-05-20,2024-05-23,Integration,Low,73,4,1
7499,5528,Pro,2024-06-11,2024-06-11,Technical,Medium,17,4,1
7500,5528,Pro,2024-05-21,2024-05-21,Integration,Critical,1,2,1
7501,5528,Pro,2024-06-27,2024-06-27,Feature Request,Medium,11,2,1
7502,5528,Pro,2024-07-03,2024-07-04,Feature Request,Medium,33,1,1
7503,5531,Business,2024-06-02,2024-06-05,Billing,Low,79,2,0
7504,5531,Business,2024-05-29,2024-05-30,Performance,Low,26,3,0
7505,5531,Business,2024-05-20,2024-05-20,Onboarding,Medium,20,4,0
7506,5531,Business,2024-05-22,2024-05-25,Performance,Low,72,5,0
7507,5531,Business,2024-06-28,2024-06-28,Technical,Medium,17,2,0
7508,5531,Business,2024-06-19,2024-06-21,Onboarding,Low,60,5,0
7509,5531,Business,2024-06-27,2024-06-28,Account,Medium,33,5,0
7510,5531,Business,2024-07-01,2024-07-02,Technical,Medium,38,3,0
7511,5531,Enterprise,2024-07-11,2024-07-12,Billing,Medium,36,4,0
7512,5531,Enterprise,2024-06-24,2024-06-24,Onboarding,High,20,5,0
7513,5531,Enterprise,2024-06-19,2024-06-20,Feature Request,Low,42,5,0
7514,5532,Starter,2024-04-25,2024-04-26,Billing,Medium,30,2,1
7515,5532,Starter,2024-05-06,2024-05-09,Integration,Low,91,2,1
7516,5533,Starter,2024-10-11,2024-10-14,Account,Low,88,2,1
7517,5533,Starter,2024-10-13,2024-10-17,Feature Request,Low,109,1,1
7518,5545,Enterprise,2024-12-15,2024-12-19,Feature Request,Low,100,4,0
7519,5545,Enterprise,2025-01-06,2025-01-10,Account,Low,102,4,0
7520,5545,Enterprise,2025-01-10,2025-01-11,Integration,Medium,45,4,0
7521,5545,Enterprise,2024-12-19,2024-12-20,Onboarding,Medium,25,4,0
7522,5546,Pro,2024-08-11,2024-08-11,Integration,High,4,5,0
7523,5546,Pro,2024-08-02,2024-08-02,Account,Medium,17,5,0
7524,5546,Starter,2024-12-30,2024-12-30,Feature Request,High,13,3,0
7525,5548,Starter,2024-05-03,2024-05-05,Billing,Low,53,5,1
7526,5549,Starter,2024-12-30,2024-12-30,Billing,High,11,4,0
7527,5550,Business,2024-04-25,2024-04-25,Integration,Medium,19,2,1
7528,5550,Business,2024-04-17,2024-04-17,Account,High,15,3,1
7529,5550,Business,2024-05-09,2024-05-10,Account,Low,31,4,1
7530,5550,Business,2024-05-13,2024-05-14,Technical,Low,47,3,1
7531,5550,Business,2024-04-24,2024-04-24,Feature Request,Medium,19,2,1
7532,5555,Business,2024-07-08,2024-07-09,Integration,Medium,42,3,1
7533,5555,Business,2024-06-29,2024-07-02,Integration,Low,80,1,1
7534,5555,Business,2024-07-12,2024-07-15,Onboarding,Low,79,3,1
7535,5558,Starter,2024-10-06,2024-10-07,Technical,Medium,47,4,0
7536,5558,Pro,2024-11-17,2024-11-18,Feature Request,Medium,40,1,1
7537,5560,Enterprise,2025-01-13,2025-01-13,Onboarding,High,16,3,0
7538,5560,Enterprise,2024-12-26,2024-12-26,Billing,Critical,2,5,0
7539,5560,Enterprise,2024-12-27,2024-12-28,Billing,Medium,36,5,0
7540,5568,Enterprise,2025-01-13,2025-01-14,Performance,Medium,27,4,0
7541,5568,Enterprise,2025-01-08,2025-01-09,Performance,Medium,38,4,0
7542,5568,Enterprise,2024-12-17,2024-12-17,Account,Medium,9,5,0
7543,5574,Business,2024-08-02,2024-08-04,Account,Low,51,2,1
7544,5574,Business,2024-07-25,2024-07-25,Feature Request,Critical,3,3,1
7545,5574,Business,2024-08-04,2024-08-08,Onboarding,Low,109,1,1
7546,5574,Business,2024-08-11,2024-08-11,Account,Critical,7,4,1
7547,5574,Business,2024-08-08,2024-08-09,Feature Request,Medium,35,4,1
7548,5574,Business,2024-07-24,2024-07-26,Feature Request,Low,49,2,1
7549,5574,Business,2024-08-25,2024-08-28,Technical,Low,93,2,1
7550,5574,Business,2024-08-16,2024-08-18,Account,Low,54,4,1
7551,5574,Business,2024-08-16,2024-08-17,Integration,Medium,39,2,1
7552,5574,Business,2024-09-01,2024-09-02,Performance,Low,42,4,1
7553,5580,Pro,2024-08-13,2024-08-14,Performance,Low,41,2,1
7554,5580,Pro,2024-08-24,2024-08-25,Billing,Low,34,5,1
7555,5580,Pro,2024-09-02,2024-09-02,Performance,Critical,7,4,1
7556,5588,Enterprise,2025-01-11,2025-01-11,Feature Request,Medium,18,2,0
7557,5588,Enterprise,2024-12-22,2024-12-23,Integration,Medium,25,5,0
7558,5588,Enterprise,2025-01-04,2025-01-08,Account,Low,108,4,0
7559,5588,Enterprise,2024-12-28,2024-12-28,Feature Request,Medium,17,5,0
7560,5588,Enterprise,2025-01-07,2025-01-09,Performance,Low,60,4,0
7561,5588,Enterprise,2025-01-09,2025-01-10,Account,Low,47,5,0
7562,5588,Enterprise,2025-01-05,2025-01-06,Technical,Medium,28,4,0
7563,5588,Enterprise,2024-12-25,2024-12-26,Integration,Low,26,3,0
7564,5588,Enterprise,2024-12-27,2024-12-27,Performance,High,12,4,0
7565,5593,Business,2024-10-20,2024-10-20,Integration,Medium,22,1,1
7566,5593,Business,2024-11-03,2024-11-04,Integration,Medium,47,1,1
7567,5593,Business,2024-11-02,2024-11-03,Feature Request,Medium,45,1,1
7568,5593,Business,2024-10-26,2024-10-28,Feature Request,Low,56,5,1
7569,5593,Business,2024-11-20,2024-11-21,Technical,Low,33,2,1
7570,5593,Business,2024-11-18,2024-11-18,Billing,High,21,1,1
7571,5593,Business,2024-12-13,2024-12-14,Integration,Low,39,2,1
7572,5593,Business,2024-11-27,2024-12-01,Account,Low,113,3,1
7573,5593,Business,2024-12-09,2024-12-11,Account,Low,66,1,1
7574,5593,Business,2024-12-10,2024-12-11,Billing,Medium,38,3,1
7575,5603,Enterprise,2024-11-24,2024-11-24,Integration,Critical,7,3,0
7576,5603,Enterprise,2024-12-15,2024-12-16,Performance,Medium,46,3,0
7577,5603,Enterprise,2024-12-04,2024-12-08,Technical,Low,115,5,0
7578,5603,Enterprise,2024-11-25,2024-11-28,Onboarding,Low,74,4,0
7579,5603,Business,2025-01-14,2025-01-15,Billing,Medium,44,2,0
7580,5607,Enterprise,2024-08-06,2024-08-06,Integration,Critical,8,5,1
7581,5607,Enterprise,2024-08-03,2024-08-03,Account,High,3,1,1
7582,5607,Enterprise,2024-09-02,2024-09-02,Billing,High,14,4,1
7583,5607,Enterprise,2024-08-26,2024-08-27,Technical,Low,26,3,1
7584,5607,Enterprise,2024-09-03,2024-09-03,Feature Request,High,14,1,1
7585,5607,Enterprise,2024-09-09,2024-09-11,Integration,Low,61,2,1
7586,5607,Enterprise,2024-09-04,2024-09-04,Onboarding,High,2,3,1
7587,5607,Enterprise,2024-09-05,2024-09-05,Account,High,4,3,1
7588,5607,Enterprise,2024-09-03,2024-09-03,Technical,High,18,1,1
7589,5615,Pro,2024-06-06,2024-06-06,Technical,High,18,2,1
7590,5615,Pro,2024-07-08,2024-07-08,Performance,Medium,14,1,1
7591,5615,Pro,2024-06-26,2024-06-26,Integration,Critical,8,4,1
7592,5615,Pro,2024-07-02,2024-07-02,Onboarding,Critical,5,3,1
7593,5615,Pro,2024-07-08,2024-07-10,Account,Low,71,4,1
7594,5615,Pro,2024-07-11,2024-07-12,Performance,Medium,32,1,1
7595,5617,Pro,2024-05-01,2024-05-01,Billing,Medium,13,2,1
7596,5617,Pro,2024-05-10,2024-05-11,Onboarding,Medium,46,1,1
7597,5625,Starter,2025-01-03,2025-01-03,Feature Request,Medium,12,5,0
7598,5628,Business,2024-12-26,2024-12-27,Integration,Low,29,3,0
7599,5628,Business,2025-01-15,2025-01-19,Onboarding,Low,97,3,0
7600,5628,Business,2024-12-23,2024-12-23,Performance,Critical,6,3,0
7601,5635,Business,2024-08-03,2024-08-03,Integration,Medium,16,4,0
7602,5635,Business,2024-08-07,2024-08-07,Feature Request,High,7,1,0
7603,5635,Enterprise,2024-12-25,2024-12-26,Integration,Medium,40,4,0
7604,5635,Enterprise,2025-01-08,2025-01-08,Onboarding,Critical,6,4,0
7605,5635,Enterprise,2025-01-01,2025-01-05,Integration,Low,103,4,0
7606,5641,Starter,2025-01-15,2025-01-17,Performance,Low,71,2,0
7607,5647,Pro,2024-12-30,2025-01-03,Account,Low,118,3,0
7608,5659,Starter,2024-10-07,2024-10-09,Technical,Low,57,5,1
7609,5659,Starter,2024-09-29,2024-09-30,Feature Request,Medium,27,1,1
7610,5660,Pro,2025-01-11,2025-01-11,Billing,High,8,4,0
7611,5666,Pro,2024-10-25,2024-10-28,Performance,Low,75,4,0
7612,5666,Pro,2024-11-11,2024-11-12,Performance,Medium,33,5,0
7613,5666,Pro,2024-11-15,2024-11-18,Technical,Low,87,5,0
7614,5666,Pro,2024-12-14,2024-12-14,Performance,Critical,4,2,1
7615,5666,Pro,2024-12-15,2024-12-15,Billing,High,10,3,1
7616,5666,Starter,2025-01-05,2025-01-05,Integration,Medium,17,1,1
7617,5666,Starter,2024-12-23,2024-12-23,Account,High,21,2,1
7618,5672,Enterprise,2024-07-14,2024-07-14,Account,Medium,21,4,0
7619,5672,Enterprise,2024-06-26,2024-06-28,Feature Request,Low,64,3,0
7620,5672,Enterprise,2024-07-17,2024-07-17,Onboarding,High,17,4,0
7621,5672,Enterprise,2024-06-27,2024-06-27,Billing,High,22,2,0
7622,5672,Enterprise,2024-07-13,2024-07-13,Performance,Critical,6,5,0
7623,5672,Business,2025-01-10,2025-01-14,Billing,Low,100,2,0
7624,5674,Starter,2024-12-28,2024-12-28,Billing,High,23,3,0
7625,5678,Pro,2024-10-10,2024-10-11,Billing,Medium,32,4,1
7626,5683,Starter,2024-07-11,2024-07-12,Onboarding,Medium,27,2,1
7627,5683,Starter,2024-06-24,2024-06-25,Billing,Low,35,4,1
7628,5684,Starter,2025-01-03,2025-01-03,Account,High,2,4,0
7629,5684,Starter,2025-01-13,2025-01-13,Account,Medium,19,5,0
7630,5689,Starter,2024-04-25,2024-04-28,Account,Low,95,4,1
7631,5689,Starter,2024-04-29,2024-04-30,Performance,Medium,27,2,1
7632,5689,Starter,2024-05-21,2024-05-22,Onboarding,Medium,32,2,1
7633,5689,Starter,2024-05-11,2024-05-11,Onboarding,Critical,3,2,1
7634,5693,Enterprise,2024-12-30,2024-12-30,Integration,Critical,6,2,0
7635,5693,Enterprise,2025-01-04,2025-01-04,Billing,High,10,3,0
7636,5693,Enterprise,2024-12-28,2024-12-29,Onboarding,Low,26,5,0
7637,5693,Enterprise,2024-12-30,2024-12-30,Account,Medium,11,4,0
7638,5705,Pro,2025-01-18,2025-01-20,Performance,Low,62,5,0
7639,5706,Business,2025-01-12,2025-01-16,Integration,Low,98,3,0
7640,5706,Business,2024-12-27,2024-12-30,Integration,Low,89,4,0
7641,5714,Business,2024-07-11,2024-07-11,Performance,Medium,21,1,1
7642,5714,Business,2024-07-10,2024-07-10,Onboarding,High,10,1,1
7643,5714,Business,2024-06-26,2024-06-27,Performance,Low,24,2,1
7644,5714,Business,2024-07-02,2024-07-02,Billing,Medium,21,2,1
7645,5714,Business,2024-06-30,2024-07-04,Billing,Low,108,2,1
7646,5717,Starter,2024-10-11,2024-10-14,Account,Low,88,4,1
7647,5717,Starter,2024-10-08,2024-10-09,Performance,Medium,27,1,1
7648,5718,Business,2024-07-10,2024-07-14,Feature Request,Low,109,4,1
7649,5718,Business,2024-07-17,2024-07-17,Performance,High,13,1,1
7650,5718,Business,2024-07-06,2024-07-08,Performance,Medium,48,1,1
7651,5720,Pro,2024-06-03,2024-06-03,Performance,Medium,10,1,1
7652,5720,Pro,2024-07-13,2024-07-13,Account,Medium,19,2,1
7653,5723,Enterprise,2024-09-22,2024-09-22,Billing,High,13,4,0
7654,5723,Enterprise,2024-08-28,2024-08-29,Integration,Medium,29,3,0
7655,5723,Enterprise,2024-10-12,2024-10-12,Technical,High,16,4,0
7656,5723,Enterprise,2024-10-11,2024-10-11,Performance,Medium,21,4,0
7657,5723,Enterprise,2024-10-03,2024-10-04,Account,Medium,32,3,0
7658,5723,Enterprise,2024-10-11,2024-10-12,Feature Request,High,24,4,0
7659,5723,Business,2025-01-21,2025-01-22,Onboarding,Low,43,4,0
7660,5723,Business,2025-01-13,2025-01-13,Onboarding,Critical,2,2,0
7661,5728,Enterprise,2025-01-11,2025-01-13,Integration,Low,49,3,0
7662,5728,Enterprise,2025-01-21,2025-01-22,Account,High,24,5,0
7663,5728,Enterprise,2025-01-05,2025-01-06,Integration,Medium,35,5,0
7664,5728,Enterprise,2025-01-23,2025-01-24,Performance,Medium,29,3,0
7665,5735,Starter,2025-01-15,2025-01-15,Performance,High,6,3,1
7666,5735,Starter,2025-01-19,2025-01-22,Onboarding,Low,89,2,1
7667,5735,Starter,2025-01-11,2025-01-14,Feature Request,Low,80,1,1
7668,5737,Pro,2024-12-24,2024-12-24,Onboarding,High,2,1,1
7669,5737,Pro,2024-12-21,2024-12-21,Account,Medium,12,4,1
7670,5748,Starter,2024-12-24,2024-12-26,Onboarding,Low,71,1,1
7671,5748,Starter,2024-12-11,2024-12-11,Account,Medium,15,3,1
7672,5749,Starter,2024-05-26,2024-05-26,Performance,High,7,3,1
7673,5749,Starter,2024-05-13,2024-05-17,Feature Request,Low,117,2,1
7674,5752,Business,2024-05-14,2024-05-14,Integration,Medium,11,5,1
7675,5752,Business,2024-04-30,2024-05-01,Integration,Medium,28,3,1
7676,5752,Business,2024-05-09,2024-05-12,Technical,Low,84,3,1
7677,5752,Business,2024-05-19,2024-05-19,Account,Medium,22,3,1
7678,5752,Business,2024-05-08,2024-05-09,Feature Request,Medium,36,3,1
7679,5752,Business,2024-05-12,2024-05-12,Performance,Medium,19,4,1
7680,5752,Business,2024-05-05,2024-05-08,Account,Low,80,4,1
7681,5752,Business,2024-05-05,2024-05-05,Integration,High,11,4,1
7682,5755,Pro,2024-11-14,2024-11-14,Onboarding,High,3,2,1
7683,5755,Pro,2024-11-07,2024-11-11,Technical,Low,103,4,1
7684,5755,Pro,2024-12-24,2024-12-25,Integration,Medium,39,1,1
7685,5756,Business,2024-12-31,2025-01-02,Performance,Low,60,2,0
7686,5757,Pro,2024-05-02,2024-05-03,Onboarding,Low,33,5,0
7687,5757,Pro,2024-05-09,2024-05-12,Billing,Low,85,3,0
7688,5757,Pro,2024-04-29,2024-04-30,Technical,Medium,44,5,0
7689,5757,Starter,2024-06-18,2024-06-19,Account,Medium,25,2,1
7690,5757,Starter,2024-06-28,2024-06-29,Account,Low,41,2,1
7691,5759,Pro,2024-11-02,2024-11-03,Integration,Low,41,2,1
7692,5759,Pro,2024-11-25,2024-11-26,Technical,Medium,26,4,1
7693,5759,Pro,2024-11-28,2024-12-02,Account,Low,98,3,1
7694,5759,Pro,2024-12-17,2024-12-18,Billing,Medium,36,2,1
7695,5759,Pro,2024-12-10,2024-12-11,Feature Request,Medium,39,2,1
7696,5759,Pro,2024-12-05,2024-12-08,Technical,Low,93,4,1
7697,5767,Enterprise,2024-10-25,2024-10-26,Billing,Medium,24,4,0
7698,5767,Enterprise,2024-10-24,2024-10-24,Integration,High,13,5,0
7699,5768,Starter,2025-01-26,2025-01-30,Technical,Low,112,5,0
7700,5777,Starter,2024-09-18,2024-09-21,Account,Low,78,4,1
7701,5781,Enterprise,2024-12-21,2024-12-21,Technical,Medium,14,2,0
7702,5781,Enterprise,2024-12-04,2024-12-05,Performance,Medium,42,3,0
7703,5781,Enterprise,2024-12-27,2024-12-28,Integration,Low,44,4,0
7704,5782,Pro,2024-06-27,2024-07-01,Technical,Low,99,1,1
7705,5782,Pro,2024-06-01,2024-06-02,Performance,Medium,27,2,1
7706,5782,Pro,2024-06-02,2024-06-03,Technical,Medium,29,3,1
7707,5782,Pro,2024-06-11,2024-06-12,Integration,Low,38,3,1
7708,5785,Pro,2024-06-08,2024-06-09,Onboarding,Medium,26,3,1
7709,5785,Pro,2024-06-29,2024-06-29,Billing,Medium,16,3,1
7710,5785,Pro,2024-06-03,2024-06-04,Onboarding,Medium,43,2,1
7711,5785,Pro,2024-06-19,2024-06-19,Integration,Critical,4,1,1
7712,5794,Enterprise,2024-12-28,2024-12-29,Billing,Medium,25,4,0
7713,5794,Enterprise,2024-12-23,2024-12-27,Performance,Low,117,4,0
7714,5794,Enterprise,2024-12-12,2024-12-12,Billing,High,23,4,0
7715,5796,Business,2024-12-17,2024-12-18,Account,Medium,45,3,0
7716,5796,Business,2024-12-23,2024-12-26,Onboarding,Low,75,4,0
7717,5803,Enterprise,2024-12-14,2024-12-14,Technical,Critical,4,4,0
7718,5803,Enterprise,2024-12-15,2024-12-18,Onboarding,Low,85,4,0
7719,5803,Enterprise,2024-12-21,2024-12-21,Technical,High,7,5,0
7720,5804,Starter,2024-12-23,2024-12-24,Integration,Low,40,5,0
7721,5808,Enterprise,2024-12-06,2024-12-07,Feature Request,Low,36,4,0
7722,5808,Enterprise,2024-12-23,2024-12-23,Account,Medium,10,5,0
7723,5808,Enterprise,2024-12-08,2024-12-08,Integration,High,14,5,0
7724,5811,Starter,2024-05-10,2024-05-10,Performance,Critical,7,3,1
7725,5811,Starter,2024-05-18,2024-05-20,Feature Request,Low,61,3,1
7726,5811,Starter,2024-06-21,2024-06-21,Account,High,20,5,1
7727,5818,Starter,2024-12-06,2024-12-07,Onboarding,Medium,39,3,0
7728,5823,Enterprise,2024-12-04,2024-12-07,Account,Low,74,4,0
7729,5823,Enterprise,2024-12-22,2024-12-22,Integration,High,15,5,0
7730,5823,Enterprise,2024-12-04,2024-12-04,Feature Request,Medium,10,5,0
7731,5824,Enterprise,2024-11-12,2024-11-13,Account,Medium,47,4,0
7732,5824,Enterprise,2024-11-26,2024-11-26,Account,High,12,5,0
7733,5824,Enterprise,2024-11-09,2024-11-09,Account,High,6,5,0
7734,5824,Enterprise,2024-11-19,2024-11-19,Feature Request,High,8,4,0
7735,5824,Business,2024-12-10,2024-12-14,Integration,Low,109,2,0
7736,5825,Business,2024-10-19,2024-10-22,Billing,Low,79,3,1
7737,5825,Business,2024-10-31,2024-10-31,Account,Critical,8,1,1
7738,5825,Business,2024-10-26,2024-10-27,Performance,Medium,37,2,1
7739,5825,Business,2024-10-31,2024-10-31,Account,Medium,12,2,1
7740,5825,Business,2024-10-21,2024-10-21,Account,Medium,15,1,1
7741,5825,Business,2024-10-29,2024-10-30,Performance,Medium,28,1,1
7742,5825,Business,2024-10-09,2024-10-12,Feature Request,Low,86,4,1
7743,5825,Business,2024-11-15,2024-11-16,Technical,Medium,29,2,1
7744,5825,Business,2024-11-14,2024-11-14,Onboarding,Critical,1,1,1
7745,5825,Business,2024-11-14,2024-11-18,Billing,Low,113,4,1
7746,5825,Business,2024-11-21,2024-11-21,Feature Request,High,11,2,1
7747,5828,Business,2024-12-10,2024-12-11,Onboarding,Medium,28,4,0
7748,5829,Enterprise,2024-12-28,2024-12-28,Onboarding,High,19,4,0
7749,5829,Enterprise,2024-12-16,2024-12-16,Onboarding,Medium,11,5,0
7750,5829,Enterprise,2024-12-05,2024-12-06,Onboarding,Medium,36,5,0
7751,5829,Enterprise,2024-12-04,2024-12-08,Performance,Low,116,4,0
7752,5829,Enterprise,2024-12-06,2024-12-06,Onboarding,High,14,2,0
7753,5829,Enterprise,2024-12-15,2024-12-16,Integration,Medium,27,2,0
7754,5829,Enterprise,2024-12-10,2024-12-12,Technical,Low,59,2,0
7755,5829,Enterprise,2024-12-09,2024-12-09,Billing,Medium,14,5,0
7756,5834,Pro,2024-12-30,2024-12-31,Account,Medium,29,3,0
7757,5834,Pro,2024-12-26,2024-12-26,Onboarding,Medium,17,4,0
7758,5836,Starter,2024-05-14,2024-05-16,Integration,Low,62,3,0
7759,5836,Pro,2024-12-10,2024-12-10,Performance,Medium,8,1,0
7760,5842,Enterprise,2024-05-21,2024-05-24,Technical,Low,73,3,1
7761,5842,Enterprise,2024-05-16,2024-05-16,Account,Medium,22,3,1
7762,5842,Enterprise,2024-05-21,2024-05-21,Integration,Medium,19,3,1
7763,5842,Enterprise,2024-05-31,2024-05-31,Feature Request,High,10,3,1
7764,5842,Enterprise,2024-05-08,2024-05-08,Technical,High,20,1,1
7765,5842,Enterprise,2024-05-21,2024-05-22,Feature Request,Medium,35,1,1
7766,5842,Enterprise,2024-05-14,2024-05-16,Technical,Low,62,1,1
7767,5842,Enterprise,2024-05-05,2024-05-07,Performance,Low,55,1,1
7768,5842,Enterprise,2024-05-25,2024-05-26,Integration,Low,28,1,1
7769,5842,Enterprise,2024-05-14,2024-05-15,Technical,Medium,47,3,1
7770,5842,Enterprise,2024-05-16,2024-05-17,Account,Medium,35,1,1
7771,5842,Enterprise,2024-05-06,2024-05-10,Onboarding,Low,96,2,1
7772,5842,Enterprise,2024-06-20,2024-06-20,Feature Request,High,20,3,1
7773,5842,Enterprise,2024-06-05,2024-06-06,Billing,Medium,46,2,1
7774,5842,Enterprise,2024-06-07,2024-06-07,Performance,High,16,1,1
7775,5842,Enterprise,2024-06-09,2024-06-12,Integration,Low,91,1,1
7776,5843,Pro,2024-12-14,2024-12-15,Feature Request,Low,24,3,0
7777,5843,Pro,2024-12-22,2024-12-22,Onboarding,High,10,4,0
7778,5846,Pro,2024-12-20,2024-12-24,Performance,Low,100,3,0
7779,5851,Enterprise,2024-12-28,2025-01-01,Performance,Low,115,3,0
7780,5851,Enterprise,2025-01-03,2025-01-03,Billing,Critical,3,3,0
7781,5851,Enterprise,2024-12-17,2024-12-18,Integration,Medium,30,4,0
7782,5851,Enterprise,2025-01-02,2025-01-02,Technical,Medium,12,1,0
7783,5851,Enterprise,2024-12-15,2024-12-15,Onboarding,High,6,1,0
7784,5854,Starter,2024-05-10,2024-05-11,Integration,Medium,40,3,1
7785,5854,Starter,2024-05-20,2024-05-20,Technical,High,7,4,1
7786,5861,Pro,2024-12-09,2024-12-12,Integration,Low,77,3,0
7787,5861,Pro,2024-12-20,2024-12-21,Billing,Medium,46,4,0
7788,5862,Pro,2024-12-24,2024-12-24,Performance,High,10,4,0
7789,5862,Pro,2024-12-22,2024-12-24,Billing,Low,56,4,0
7790,5862,Pro,2024-12-10,2024-12-11,Integration,Medium,29,5,0
7791,5863,Business,2024-12-09,2024-12-10,Account,High,24,3,0
7792,5866,Enterprise,2024-12-08,2024-12-08,Performance,High,12,4,0
7793,5866,Enterprise,2024-12-07,2024-12-08,Performance,Low,45,4,0
7794,5866,Enterprise,2024-12-19,2024-12-19,Onboarding,Medium,18,3,0
7795,5866,Enterprise,2024-12-27,2024-12-31,Performance,Low,118,5,0
7796,5868,Pro,2024-12-14,2024-12-16,Feature Request,Low,61,4,0
7797,5870,Pro,2024-12-16,2024-12-17,Onboarding,Low,39,3,0
7798,5872,Starter,2024-08-19,2024-08-19,Integration,High,6,5,0
7799,5872,Starter,2024-08-20,2024-08-22,Performance,Low,59,4,0
7800,5872,Starter,2024-08-30,2024-09-02,Integration,Low,82,5,0
7801,5872,Starter,2024-09-18,2024-09-19,Technical,Medium,34,3,0
7802,5872,Pro,2025-01-02,2025-01-05,Performance,Low,74,4,0
7803,5872,Pro,2024-12-26,2024-12-26,Performance,Medium,8,4,0
7804,5872,Pro,2024-12-26,2024-12-26,Feature Request,High,7,3,0
7805,5877,Enterprise,2024-12-14,2024-12-14,Integration,High,11,3,0
7806,5877,Enterprise,2024-12-27,2024-12-27,Billing,Medium,21,3,0
7807,5877,Enterprise,2024-12-15,2024-12-15,Integration,Medium,10,4,0
7808,5877,Enterprise,2025-01-01,2025-01-01,Feature Request,Critical,2,4,0
7809,5877,Enterprise,2024-12-15,2024-12-15,Integration,Medium,20,5,0
7810,5877,Enterprise,2024-12-16,2024-12-18,Account,Low,52,4,0
7811,5877,Enterprise,2024-12-19,2024-12-19,Integration,High,19,2,0
7812,5880,Pro,2024-12-04,2024-12-04,Integration,Medium,13,2,0
7813,5880,Business,2024-12-22,2024-12-26,Performance,Low,117,4,0
7814,5883,Enterprise,2024-12-30,2024-12-31,Onboarding,Low,36,2,0
7815,5887,Enterprise,2024-12-14,2024-12-14,Account,Medium,19,3,0
7816,5887,Enterprise,2024-12-20,2024-12-21,Technical,Low,46,5,0
7817,5887,Enterprise,2024-12-28,2024-12-29,Feature Request,Medium,25,5,0
7818,5887,Enterprise,2024-12-18,2024-12-18,Performance,High,9,2,0
7819,5888,Enterprise,2024-12-20,2024-12-20,Technical,High,6,3,0
7820,5888,Enterprise,2024-12-27,2024-12-30,Performance,Low,78,3,0
7821,5888,Enterprise,2024-12-23,2024-12-23,Technical,Medium,18,2,0
7822,5888,Enterprise,2024-12-13,2024-12-13,Feature Request,Critical,5,4,0
7823,5891,Starter,2024-10-18,2024-10-18,Integration,High,13,3,1
7824,5891,Starter,2024-11-25,2024-11-25,Feature Request,High,13,1,1
7825,5891,Starter,2024-11-16,2024-11-16,Onboarding,Medium,15,5,1
7826,5891,Starter,2024-11-16,2024-11-17,Technical,Low,25,4,1
7827,5892,Pro,2024-05-13,2024-05-14,Feature Request,Low,25,1,0
7828,5892,Business,2025-01-02,2025-01-03,Onboarding,Low,38,5,0
7829,5892,Business,2024-12-18,2024-12-20,Technical,Low,61,5,0
7830,5892,Business,2025-01-02,2025-01-04,Feature Request,Low,66,3,0
7831,5894,Enterprise,2024-12-22,2024-12-25,Integration,Low,93,1,0
7832,5894,Enterprise,2025-01-02,2025-01-02,Account,High,4,5,0
7833,5898,Enterprise,2024-12-30,2024-12-31,Account,Medium,31,3,0
7834,5898,Enterprise,2025-01-05,2025-01-06,Billing,Medium,43,3,0
7835,5898,Enterprise,2024-12-16,2024-12-17,Account,Medium,27,3,0
7836,5898,Enterprise,2024-12-30,2024-12-31,Account,Low,32,5,0
7837,5904,Business,2024-12-08,2024-12-12,Account,Low,116,5,0
7838,5904,Business,2024-12-12,2024-12-13,Onboarding,Medium,37,4,0
7839,5904,Business,2024-12-26,2024-12-26,Feature Request,High,16,3,0
7840,5904,Business,2024-12-11,2024-12-11,Account,Critical,2,4,0
7841,5911,Enterprise,2024-12-10,2024-12-10,Integration,Critical,2,5,0
7842,5911,Enterprise,2025-01-04,2025-01-07,Account,Low,94,4,0
7843,5913,Business,2024-10-04,2024-10-06,Onboarding,Medium,48,4,0
7844,5913,Business,2024-09-26,2024-09-27,Onboarding,Low,45,4,0
7845,5913,Business,2024-09-18,2024-09-22,Onboarding,Low,111,3,0
7846,5913,Business,2024-09-15,2024-09-16,Performance,Medium,29,5,0
7847,5913,Business,2024-09-29,2024-10-03,Integration,Low,111,3,0
7848,5913,Enterprise,2024-12-19,2024-12-19,Feature Request,Medium,16,2,0
7849,5913,Enterprise,2024-12-21,2024-12-23,Onboarding,Low,69,2,0
7850,5913,Enterprise,2024-12-09,2024-12-09,Performance,High,14,3,0
7851,5916,Pro,2024-08-26,2024-08-27,Integration,Low,29,1,1
7852,5916,Pro,2024-08-09,2024-08-10,Technical,Low,31,5,1
7853,5918,Enterprise,2024-09-02,2024-09-03,Billing,Low,34,2,1
7854,5918,Enterprise,2024-08-23,2024-08-27,Billing,Low,118,4,1
7855,5918,Enterprise,2024-08-19,2024-08-19,Account,High,18,1,1
7856,5918,Enterprise,2024-08-15,2024-08-15,Onboarding,High,19,2,1
7857,5918,Enterprise,2024-08-18,2024-08-18,Performance,High,13,2,1
7858,5918,Enterprise,2024-09-06,2024-09-07,Account,Medium,37,1,1
7859,5918,Enterprise,2024-09-25,2024-09-26,Account,Medium,31,1,1
7860,5918,Enterprise,2024-09-09,2024-09-10,Billing,Low,26,4,1
7861,5918,Enterprise,2024-09-21,2024-09-21,Performance,Medium,12,3,1
7862,5918,Enterprise,2024-09-19,2024-09-23,Onboarding,Low,100,2,1
7863,5918,Enterprise,2024-09-09,2024-09-10,Performance,Low,39,4,1
7864,5918,Enterprise,2024-10-02,2024-10-03,Feature Request,Medium,33,4,1
7865,5918,Enterprise,2024-09-18,2024-09-22,Performance,Low,103,3,1
7866,5933,Starter,2024-06-18,2024-06-19,Technical,Medium,27,2,1
7867,5941,Starter,2024-07-14,2024-07-16,Account,Low,58,3,1
7868,5941,Starter,2024-07-31,2024-08-01,Technical,Low,41,1,1
7869,5941,Starter,2024-07-30,2024-07-31,Billing,Medium,24,5,1
7870,5941,Starter,2024-07-11,2024-07-14,Performance,Low,90,2,1
7871,5941,Starter,2024-07-25,2024-07-26,Technical,Medium,38,2,1
7872,5941,Starter,2024-08-11,2024-08-11,Onboarding,High,6,5,1
7873,5941,Starter,2024-08-09,2024-08-10,Feature Request,Medium,32,2,1
7874,5945,Enterprise,2024-12-29,2025-01-02,Performance,Low,99,3,0
7875,5945,Enterprise,2024-12-23,2024-12-24,Onboarding,Low,34,3,0
7876,5945,Enterprise,2024-12-20,2024-12-20,Integration,Critical,6,5,0
7877,5945,Enterprise,2024-12-26,2024-12-28,Billing,Low,49,4,0
7878,5949,Enterprise,2024-12-29,2024-12-29,Onboarding,High,10,4,0
7879,5949,Enterprise,2024-12-28,2024-12-29,Account,Low,33,2,0
7880,5949,Enterprise,2025-01-07,2025-01-08,Technical,Low,28,5,0
7881,5949,Enterprise,2024-12-22,2024-12-22,Feature Request,Medium,8,5,0
7882,5949,Enterprise,2025-01-05,2025-01-09,Technical,Low,119,3,0
7883,5949,Enterprise,2025-01-02,2025-01-02,Account,High,14,4,0
7884,5950,Pro,2024-10-19,2024-10-19,Integration,Medium,13,3,1
7885,5950,Pro,2024-11-02,2024-11-04,Technical,Low,64,3,1
7886,5950,Pro,2024-12-02,2024-12-03,Feature Request,Low,36,1,1
7887,5950,Pro,2024-11-30,2024-12-04,Onboarding,Low,113,1,1
7888,5973,Enterprise,2025-01-08,2025-01-09,Performance,Medium,37,5,0
7889,5979,Starter,2024-11-29,2024-11-29,Performance,High,21,1,1
7890,5984,Pro,2024-06-17,2024-06-21,Billing,Low,113,4,1
7891,5989,Pro,2025-01-05,2025-01-05,Performance,High,19,4,0
7892,5989,Pro,2024-12-15,2024-12-16,Performance,Low,45,5,0
7893,5991,Starter,2024-07-17,2024-07-19,Feature Request,Low,69,2,1
7894,5991,Starter,2024-08-09,2024-08-10,Performance,Low,43,1,1
7895,5999,Enterprise,2025-01-10,2025-01-12,Onboarding,Low,52,5,0
7896,5999,Enterprise,2024-12-21,2024-12-24,Account,Low,73,5,0
7897,5999,Enterprise,2024-12-29,2025-01-01,Performance,Low,81,5,0
7898,5999,Enterprise,2024-12-22,2024-12-22,Integration,Medium,22,3,0
7899,6000,Pro,2024-12-19,2024-12-19,Performance,Medium,20,1,0
7900,6000,Pro,2024-12-17,2024-12-17,Technical,Medium,23,4,0
7901,6005,Enterprise,2024-05-20,2024-05-21,Account,Low,31,5,0
7902,6005,Enterprise,2024-06-07,2024-06-11,Onboarding,Low,112,5,0
7903,6005,Enterprise,2024-05-15,2024-05-15,Performance,Medium,17,5,0
7904,6005,Enterprise,2024-05-23,2024-05-23,Integration,High,8,3,0
7905,6005,Enterprise,2024-05-19,2024-05-20,Account,Medium,25,5,0
7906,6005,Enterprise,2024-07-04,2024-07-07,Billing,Low,75,5,0
7907,6005,Enterprise,2024-06-26,2024-06-26,Performance,High,21,2,0
7908,6005,Enterprise,2024-06-23,2024-06-23,Technical,Critical,8,5,0
7909,6005,Enterprise,2024-07-05,2024-07-05,Onboarding,High,4,4,0
7910,6005,Enterprise,2024-06-16,2024-06-18,Onboarding,Low,59,4,0
7911,6005,Enterprise,2024-06-21,2024-06-21,Integration,Medium,17,4,0
7912,6005,Business,2024-12-19,2024-12-19,Onboarding,High,15,5,0
7913,6010,Pro,2024-06-30,2024-06-30,Feature Request,High,21,2,1
7914,6011,Pro,2024-08-23,2024-08-25,Account,Medium,48,4,1
7915,6011,Pro,2024-09-09,2024-09-13,Billing,Low,100,2,1
7916,6011,Pro,2024-08-18,2024-08-19,Technical,Medium,45,4,1
7917,6011,Pro,2024-10-12,2024-10-12,Performance,Medium,20,3,1
7918,6014,Pro,2024-07-05,2024-07-06,Performance,Medium,32,5,0
7919,6014,Pro,2024-06-28,2024-06-29,Integration,Medium,40,3,0
7920,6014,Pro,2024-10-21,2024-10-21,Onboarding,Medium,13,5,0
7921,6014,Pro,2024-11-02,2024-11-04,Technical,Low,48,4,0
7922,6014,Pro,2024-12-18,2024-12-21,Technical,Low,77,3,0
7923,6015,Business,2024-12-20,2024-12-20,Onboarding,High,19,2,0
7924,6015,Business,2025-01-05,2025-01-06,Onboarding,Medium,39,3,0
7925,6015,Business,2024-12-16,2024-12-17,Billing,Medium,38,5,0
7926,6020,Pro,2024-12-27,2024-12-27,Feature Request,High,20,3,0
7927,6022,Starter,2024-06-01,2024-06-02,Integration,Low,47,4,1
7928,6022,Starter,2024-05-28,2024-05-28,Integration,High,5,2,1
7929,6022,Starter,2024-07-13,2024-07-14,Technical,Low,24,4,1
7930,6024,Enterprise,2024-07-27,2024-07-27,Feature Request,High,17,3,1
7931,6024,Enterprise,2024-08-03,2024-08-03,Feature Request,High,13,5,1
7932,6024,Enterprise,2024-07-17,2024-07-17,Technical,High,8,2,1
7933,6024,Enterprise,2024-08-08,2024-08-08,Billing,Medium,13,2,1
7934,6024,Enterprise,2024-08-20,2024-08-21,Onboarding,Medium,26,2,1
7935,6024,Enterprise,2024-08-17,2024-08-18,Account,Medium,38,2,1
7936,6024,Enterprise,2024-09-06,2024-09-07,Integration,Medium,26,2,1
7937,6024,Enterprise,2024-09-08,2024-09-09,Performance,Medium,45,3,1
7938,6024,Enterprise,2024-09-03,2024-09-03,Feature Request,Medium,13,1,1
7939,6024,Enterprise,2024-08-28,2024-08-28,Account,High,2,2,1
7940,6024,Enterprise,2024-08-15,2024-08-15,Feature Request,Critical,3,1,1
7941,6024,Enterprise,2024-08-23,2024-08-26,Technical,Low,92,3,1
7942,6024,Enterprise,2024-09-03,2024-09-03,Feature Request,High,4,4,1
7943,6024,Enterprise,2024-09-06,2024-09-06,Performance,Medium,8,5,1
7944,6024,Enterprise,2024-08-18,2024-08-18,Onboarding,High,20,2,1
7945,6024,Enterprise,2024-09-10,2024-09-12,Onboarding,Low,66,4,1
7946,6024,Enterprise,2024-08-21,2024-08-21,Onboarding,High,5,4,1
7947,6026,Enterprise,2024-07-10,2024-07-10,Technical,Critical,4,5,0
7948,6026,Enterprise,2024-07-07,2024-07-07,Performance,Medium,23,5,0
7949,6026,Business,2025-01-11,2025-01-11,Integration,High,6,2,0
7950,6026,Business,2024-12-28,2024-12-29,Integration,Medium,44,4,0
7951,6027,Enterprise,2024-12-30,2025-01-01,Feature Request,Low,68,3,0
7952,6027,Enterprise,2024-12-28,2025-01-01,Performance,Low,102,4,0
7953,6027,Enterprise,2025-01-01,2025-01-04,Account,Low,78,5,0
7954,6027,Enterprise,2024-12-23,2024-12-25,Performance,Low,52,4,0
7955,6027,Enterprise,2024-12-20,2024-12-20,Feature Request,Critical,1,3,0
7956,6034,Starter,2024-07-04,2024-07-04,Integration,Critical,6,2,1
7957,6037,Business,2024-10-30,2024-11-01,Billing,Low,58,3,0
7958,6037,Business,2024-11-13,2024-11-13,Billing,High,23,5,0
7959,6037,Business,2024-11-30,2024-12-01,Feature Request,Low,26,4,0
7960,6037,Enterprise,2025-01-01,2025-01-02,Integration,Low,46,3,0
7961,6037,Enterprise,2025-01-05,2025-01-06,Account,Low,44,5,0
7962,6037,Enterprise,2025-01-07,2025-01-08,Feature Request,Medium,26,5,0
7963,6037,Enterprise,2025-01-09,2025-01-09,Onboarding,Medium,15,4,0
7964,6037,Enterprise,2024-12-30,2024-12-30,Onboarding,Medium,21,4,0
7965,6037,Enterprise,2025-01-07,2025-01-07,Technical,High,23,3,0
7966,6037,Enterprise,2024-12-17,2024-12-17,Technical,High,5,4,0
7967,6046,Pro,2024-10-04,2024-10-04,Onboarding,High,7,1,1
7968,6046,Pro,2024-10-07,2024-10-08,Performance,Medium,41,3,1
7969,6051,Starter,2024-12-24,2024-12-24,Onboarding,Medium,17,4,0
7970,6051,Starter,2024-12-17,2024-12-18,Technical,Medium,47,1,0
7971,6053,Business,2024-12-26,2024-12-27,Account,Medium,39,4,0
7972,6054,Enterprise,2025-01-01,2025-01-01,Integration,High,3,4,0
7973,6054,Enterprise,2024-12-20,2024-12-21,Technical,Low,26,4,0
7974,6057,Business,2024-12-31,2024-12-31,Billing,Medium,12,4,0
7975,6057,Business,2025-01-10,2025-01-10,Performance,Medium,20,4,0
7976,6062,Starter,2024-12-21,2024-12-25,Account,Low,111,4,0
7977,6063,Enterprise,2024-05-18,2024-05-18,Billing,Medium,8,3,1
7978,6063,Enterprise,2024-06-07,2024-06-09,Performance,Low,67,1,1
7979,6063,Enterprise,2024-06-14,2024-06-14,Integration,High,10,4,1
7980,6063,Enterprise,2024-05-26,2024-05-26,Integration,High,23,3,1
7981,6063,Enterprise,2024-07-15,2024-07-15,Technical,Critical,7,4,1
7982,6063,Enterprise,2024-06-22,2024-06-23,Billing,Medium,42,1,1
7983,6063,Enterprise,2024-06-23,2024-06-23,Integration,High,5,5,1
7984,6063,Enterprise,2024-07-14,2024-07-14,Feature Request,Critical,3,1,1
7985,6063,Enterprise,2024-07-10,2024-07-10,Technical,High,5,4,1
7986,6063,Enterprise,2024-07-06,2024-07-07,Feature Request,Low,30,3,1
7987,6065,Pro,2024-12-25,2024-12-26,Technical,Medium,24,3,0
7988,6065,Pro,2025-01-07,2025-01-07,Account,High,2,3,0
7989,6065,Pro,2025-01-10,2025-01-12,Account,Medium,48,5,0
7990,6066,Enterprise,2024-12-18,2024-12-18,Onboarding,High,3,4,0
7991,6066,Enterprise,2024-12-18,2024-12-18,Technical,Medium,20,3,0
7992,6066,Enterprise,2024-12-24,2024-12-25,Onboarding,Low,40,5,0
7993,6066,Enterprise,2025-01-01,2025-01-05,Technical,Low,114,4,0
7994,6066,Enterprise,2024-12-27,2024-12-28,Feature Request,Medium,45,5,0
7995,6073,Pro,2024-07-25,2024-07-25,Technical,Medium,22,2,1
7996,6073,Pro,2024-09-10,2024-09-14,Technical,Low,100,5,1
7997,6073,Pro,2024-08-20,2024-08-22,Feature Request,Low,62,2,1
7998,6079,Enterprise,2025-01-11,2025-01-11,Integration,Critical,4,3,0
7999,6079,Enterprise,2024-12-28,2024-12-31,Onboarding,Low,77,3,0
8000,6079,Enterprise,2025-01-15,2025-01-19,Billing,Low,101,2,0
8001,6100,Pro,2024-08-11,2024-08-12,Account,Low,40,1,1
8002,6100,Pro,2024-09-02,2024-09-02,Technical,High,10,1,1
8003,6100,Pro,2024-09-06,2024-09-07,Account,Low,26,1,1
8004,6100,Pro,2024-09-02,2024-09-03,Feature Request,Low,39,1,1
8005,6100,Pro,2024-08-28,2024-08-31,Account,Low,85,1,1
8006,6100,Pro,2024-09-13,2024-09-16,Account,Low,76,3,1
8007,6102,Enterprise,2024-10-17,2024-10-18,Billing,Low,44,3,0
8008,6102,Enterprise,2024-10-12,2024-10-13,Billing,Medium,26,4,0
8009,6102,Enterprise,2024-10-07,2024-10-10,Account,Low,72,5,0
8010,6102,Enterprise,2024-10-09,2024-10-09,Feature Request,Critical,6,1,0
8011,6102,Enterprise,2024-09-24,2024-09-24,Integration,High,7,4,0
8012,6102,Business,2024-12-26,2024-12-27,Integration,Medium,28,5,0
8013,6107,Enterprise,2024-10-07,2024-10-10,Feature Request,Low,85,3,0
8014,6107,Enterprise,2024-10-04,2024-10-04,Feature Request,High,10,1,0
8015,6107,Enterprise,2024-10-06,2024-10-07,Performance,Medium,40,1,0
8016,6107,Enterprise,2024-09-26,2024-09-26,Feature Request,High,23,5,0
8017,6107,Enterprise,2024-10-01,2024-10-02,Technical,Medium,47,5,0
8018,6107,Enterprise,2024-10-04,2024-10-04,Onboarding,Medium,22,4,0
8019,6107,Enterprise,2024-10-13,2024-10-13,Integration,Critical,8,5,0
8020,6107,Business,2024-12-28,2024-12-28,Account,High,4,4,0
8021,6107,Business,2024-12-24,2024-12-24,Onboarding,Critical,8,3,0
8022,6107,Business,2025-01-17,2025-01-20,Feature Request,Low,74,5,0
8023,6107,Business,2025-01-09,2025-01-09,Billing,Medium,18,3,0
8024,6109,Pro,2024-05-31,2024-05-31,Integration,High,16,4,0
8025,6109,Business,2025-01-15,2025-01-16,Integration,Low,36,4,0
8026,6109,Business,2024-12-30,2024-12-31,Billing,Medium,44,4,0
8027,6111,Starter,2024-10-17,2024-10-21,Onboarding,Low,112,4,1
8028,6114,Pro,2024-07-02,2024-07-03,Billing,Medium,36,5,1
8029,6114,Pro,2024-07-15,2024-07-16,Account,Medium,28,3,1
8030,6117,Starter,2024-06-10,2024-06-10,Feature Request,High,13,1,1
8031,6117,Starter,2024-06-06,2024-06-07,Feature Request,Medium,41,3,1
8032,6117,Starter,2024-06-04,2024-06-04,Integration,High,13,2,1
8033,6117,Starter,2024-05-28,2024-05-28,Feature Request,Medium,23,3,1
8034,6117,Starter,2024-07-11,2024-07-15,Billing,Low,103,4,1
8035,6117,Starter,2024-07-10,2024-07-10,Billing,Critical,7,3,1
8036,6117,Starter,2024-07-13,2024-07-13,Onboarding,Medium,19,2,1
8037,6117,Starter,2024-07-17,2024-07-19,Feature Request,Low,57,2,1
8038,6117,Starter,2024-07-08,2024-07-08,Performance,High,9,2,1
8039,6121,Enterprise,2025-01-11,2025-01-12,Onboarding,Low,46,3,0
8040,6121,Enterprise,2024-12-26,2024-12-26,Billing,Critical,8,3,0
8041,6121,Enterprise,2024-12-22,2024-12-24,Technical,Medium,48,4,0
8042,6126,Starter,2024-09-03,2024-09-04,Feature Request,Medium,42,3,1
8043,6127,Enterprise,2024-08-05,2024-08-06,Integration,Medium,30,2,0
8044,6127,Enterprise,2024-07-22,2024-07-22,Onboarding,Critical,8,2,0
8045,6127,Enterprise,2024-07-29,2024-07-29,Onboarding,Medium,19,2,0
8046,6127,Enterprise,2024-07-25,2024-07-25,Feature Request,High,18,5,0
8047,6127,Enterprise,2024-09-02,2024-09-03,Onboarding,Low,24,1,0
8048,6129,Business,2024-12-28,2024-12-28,Billing,High,8,5,0
8049,6129,Business,2024-12-23,2024-12-23,Billing,High,4,5,0
8050,6133,Enterprise,2025-01-03,2025-01-04,Billing,Medium,44,5,0
8051,6137,Business,2025-01-09,2025-01-13,Technical,Low,104,1,0
8052,6137,Business,2025-01-14,2025-01-18,Technical,Low,118,3,0
8053,6139,Pro,2024-11-26,2024-11-26,Account,Medium,20,3,0
8054,6139,Pro,2024-12-14,2024-12-15,Onboarding,Medium,38,2,0
8055,6139,Business,2025-01-02,2025-01-03,Feature Request,Low,41,1,0
8056,6139,Business,2025-01-18,2025-01-19,Account,Medium,40,2,0
8057,6143,Enterprise,2025-01-08,2025-01-09,Account,High,24,5,0
8058,6143,Enterprise,2025-01-17,2025-01-18,Account,Medium,30,2,0
8059,6143,Enterprise,2025-01-08,2025-01-08,Performance,High,20,2,0
8060,6143,Enterprise,2025-01-04,2025-01-06,Integration,Low,70,5,0
8061,6143,Enterprise,2024-12-31,2024-12-31,Performance,Medium,21,2,0
8062,6143,Enterprise,2024-12-27,2024-12-31,Account,Low,103,5,0
8063,6143,Enterprise,2024-12-30,2024-12-31,Technical,Medium,32,5,0
8064,6143,Enterprise,2025-01-06,2025-01-10,Onboarding,Low,106,4,0
8065,6147,Pro,2024-12-02,2024-12-02,Technical,Medium,15,1,1
8066,6147,Pro,2024-12-08,2024-12-08,Performance,High,23,4,1
8067,6147,Pro,2024-12-06,2024-12-08,Performance,Low,57,1,1
8068,6159,Enterprise,2025-01-21,2025-01-22,Performance,Medium,26,5,0
8069,6159,Enterprise,2025-01-21,2025-01-22,Onboarding,Low,30,3,0
8070,6159,Enterprise,2025-01-17,2025-01-18,Account,Low,28,3,0
8071,6159,Enterprise,2024-12-28,2024-12-29,Feature Request,Medium,43,3,0
8072,6159,Enterprise,2025-01-01,2025-01-02,Performance,Medium,35,4,0
8073,6159,Enterprise,2025-01-14,2025-01-15,Technical,Low,27,5,0
8074,6159,Enterprise,2025-01-02,2025-01-02,Account,Critical,5,2,0
8075,6159,Enterprise,2025-01-10,2025-01-10,Integration,Medium,11,3,0
8076,6160,Starter,2024-06-02,2024-06-07,Account,Low,120,2,1
8077,6160,Starter,2024-05-26,2024-05-27,Integration,Medium,42,3,1
8078,6160,Starter,2024-06-28,2024-06-29,Performance,Medium,33,4,1
8079,6160,Starter,2024-07-17,2024-07-20,Performance,Low,90,2,1
8080,6163,Pro,2025-01-12,2025-01-14,Performance,Low,54,5,0
8081,6165,Enterprise,2025-01-17,2025-01-17,Integration,High,23,3,0
8082,6165,Enterprise,2025-01-15,2025-01-15,Performance,Medium,9,2,0
8083,6165,Enterprise,2025-01-11,2025-01-11,Account,High,9,5,0
8084,6165,Enterprise,2024-12-30,2025-01-02,Integration,Low,92,5,0
8085,6165,Enterprise,2024-12-30,2025-01-02,Onboarding,Low,87,5,0
8086,6165,Enterprise,2025-01-16,2025-01-18,Onboarding,Low,48,2,0
8087,6168,Enterprise,2025-01-21,2025-01-22,Feature Request,Medium,33,4,0
8088,6172,Pro,2024-12-29,2025-01-02,Performance,Low,106,2,0
8089,6184,Enterprise,2024-07-27,2024-07-31,Technical,Low,118,2,1
8090,6184,Enterprise,2024-07-30,2024-07-30,Performance,Medium,11,4,1
8091,6184,Enterprise,2024-09-05,2024-09-06,Onboarding,Medium,26,3,1
8092,6184,Enterprise,2024-09-15,2024-09-17,Billing,Low,59,2,1
8093,6184,Enterprise,2024-09-21,2024-09-21,Onboarding,Medium,12,2,1
8094,6184,Enterprise,2024-09-01,2024-09-02,Technical,Low,35,1,1
8095,6189,Enterprise,2024-12-28,2024-12-28,Onboarding,Medium,20,5,0
8096,6189,Enterprise,2025-01-03,2025-01-03,Technical,High,6,4,0
8097,6189,Enterprise,2024-12-31,2025-01-04,Performance,Low,119,5,0
8098,6190,Enterprise,2024-08-06,2024-08-11,Technical,Low,120,2,1
8099,6190,Enterprise,2024-07-29,2024-07-30,Onboarding,Medium,41,1,1
8100,6190,Enterprise,2024-08-16,2024-08-20,Onboarding,Low,104,3,1
8101,6190,Enterprise,2024-08-22,2024-08-22,Onboarding,High,9,3,1
8102,6190,Enterprise,2024-08-16,2024-08-17,Technical,Medium,29,1,1
8103,6190,Enterprise,2024-09-04,2024-09-04,Billing,High,12,2,1
8104,6190,Enterprise,2024-09-06,2024-09-09,Account,Low,75,1,1
8105,6190,Enterprise,2024-09-06,2024-09-07,Performance,Medium,42,3,1
8106,6190,Enterprise,2024-09-05,2024-09-05,Performance,Medium,11,1,1
8107,6190,Enterprise,2024-09-09,2024-09-13,Billing,Low,98,1,1
8108,6190,Enterprise,2024-09-09,2024-09-12,Integration,Low,89,2,1
8109,6190,Enterprise,2024-09-03,2024-09-04,Billing,Medium,41,2,1
8110,6190,Enterprise,2024-09-10,2024-09-10,Feature Request,Medium,18,1,1
8111,6190,Enterprise,2024-09-10,2024-09-13,Performance,Low,72,3,1
8112,6190,Enterprise,2024-09-10,2024-09-10,Onboarding,High,7,2,1
8113,6190,Enterprise,2024-09-17,2024-09-17,Performance,Medium,9,2,1
8114,6194,Pro,2024-12-28,2024-12-29,Account,Medium,46,3,0
8115,6197,Starter,2025-01-06,2025-01-09,Technical,Low,75,4,0
8116,6199,Business,2025-01-05,2025-01-06,Performance,Medium,47,3,0
8117,6199,Business,2025-01-20,2025-01-20,Performance,High,6,4,0
8118,6199,Business,2025-01-22,2025-01-23,Onboarding,Medium,40,5,0
8119,6204,Pro,2024-12-30,2024-12-31,Integration,Medium,34,2,0
8120,6205,Starter,2024-12-08,2024-12-08,Account,High,6,5,0
8121,6206,Pro,2024-06-22,2024-06-22,Billing,Critical,6,5,0
8122,6206,Pro,2024-07-15,2024-07-15,Onboarding,High,17,5,0
8123,6206,Pro,2024-06-27,2024-06-28,Performance,Medium,45,1,0
8124,6206,Business,2024-08-08,2024-08-08,Technical,High,10,2,0
8125,6206,Business,2024-08-05,2024-08-08,Technical,Low,89,4,0
8126,6206,Business,2024-09-18,2024-09-19,Technical,Medium,24,4,0
8127,6206,Business,2024-09-07,2024-09-07,Billing,Critical,4,4,0
8128,6206,Business,2024-09-09,2024-09-13,Integration,Low,102,5,0
8129,6206,Business,2024-09-20,2024-09-24,Performance,Low,102,4,0
8130,6206,Enterprise,2025-01-01,2025-01-02,Onboarding,Medium,36,5,0
8131,6206,Enterprise,2025-01-06,2025-01-07,Integration,Medium,33,3,0
8132,6206,Enterprise,2025-01-01,2025-01-02,Account,Medium,44,5,0
8133,6210,Business,2025-01-03,2025-01-05,Account,Low,58,2,1
8134,6210,Business,2025-01-22,2025-01-22,Account,Medium,14,2,1
8135,6210,Business,2025-01-09,2025-01-10,Integration,Medium,39,1,1
8136,6210,Business,2025-01-05,2025-01-05,Technical,High,23,5,1
8137,6216,Pro,2025-01-18,2025-01-18,Performance,Medium,18,2,1
8138,6217,Pro,2025-01-09,2025-01-13,Onboarding,Low,118,3,0
8139,6217,Pro,2025-01-05,2025-01-06,Technical,Medium,39,4,0
8140,6217,Pro,2025-01-08,2025-01-09,Account,Medium,27,4,0
8141,6221,Pro,2025-01-14,2025-01-15,Performance,Medium,32,3,0
8142,6221,Pro,2025-01-09,2025-01-10,Performance,Low,26,2,0
8143,6226,Enterprise,2025-01-03,2025-01-06,Integration,Low,89,4,0
8144,6226,Enterprise,2025-01-20,2025-01-20,Billing,Critical,6,1,0
8145,6226,Enterprise,2025-01-07,2025-01-08,Account,Medium,32,1,0
8146,6227,Business,2025-01-04,2025-01-04,Feature Request,High,6,5,0
8147,6227,Business,2025-01-19,2025-01-22,Integration,Low,72,5,0
8148,6234,Pro,2024-11-16,2024-11-18,Onboarding,Medium,48,5,0
8149,6234,Pro,2024-11-29,2024-11-30,Billing,Medium,40,4,0
8150,6234,Pro,2024-12-20,2024-12-21,Feature Request,Medium,28,5,0
8151,6234,Pro,2024-12-06,2024-12-10,Onboarding,Low,108,4,0
8152,6234,Pro,2024-12-07,2024-12-11,Integration,Low,100,4,0
8153,6235,Enterprise,2024-06-23,2024-06-24,Technical,Medium,26,4,0
8154,6235,Enterprise,2024-07-22,2024-07-23,Feature Request,Medium,38,3,0
8155,6235,Enterprise,2024-06-30,2024-07-03,Integration,Low,75,4,0
8156,6235,Enterprise,2024-07-25,2024-07-25,Technical,Medium,10,4,0
8157,6235,Enterprise,2024-07-01,2024-07-02,Technical,Medium,38,3,0
8158,6235,Enterprise,2024-07-22,2024-07-23,Technical,Medium,33,3,0
8159,6235,Business,2025-01-22,2025-01-22,Technical,Critical,7,5,0
8160,6237,Business,2025-01-26,2025-01-26,Account,High,23,4,0
8161,6237,Business,2025-01-16,2025-01-16,Feature Request,Critical,2,5,0
8162,6237,Business,2025-01-22,2025-01-22,Account,High,3,4,0
8163,6239,Pro,2025-01-12,2025-01-12,Onboarding,Medium,20,5,0
8164,6242,Enterprise,2024-12-16,2024-12-16,Performance,Medium,23,4,0
8165,6242,Enterprise,2024-12-11,2024-12-14,Billing,Low,73,5,0
8166,6242,Enterprise,2024-12-14,2024-12-14,Performance,Medium,18,3,0
8167,6242,Enterprise,2024-12-26,2024-12-26,Performance,Critical,7,3,0
8168,6242,Enterprise,2024-12-19,2024-12-19,Technical,Critical,5,5,0
8169,6242,Enterprise,2024-12-20,2024-12-22,Integration,Low,48,4,0
8170,6242,Business,2025-01-10,2025-01-14,Billing,Low,117,1,0
8171,6242,Business,2025-01-24,2025-01-25,Feature Request,Medium,34,2,0
8172,6243,Enterprise,2025-01-18,2025-01-18,Integration,High,14,5,0
8173,6243,Enterprise,2025-01-01,2025-01-01,Technical,Medium,22,3,0
8174,6246,Starter,2024-06-26,2024-06-28,Integration,Low,62,2,0
8175,6246,Pro,2025-01-17,2025-01-19,Onboarding,Low,60,3,0
8176,6246,Pro,2025-01-21,2025-01-23,Account,Low,59,4,0
8177,6250,Starter,2025-01-24,2025-01-25,Account,Low,40,2,0
8178,6250,Starter,2025-01-08,2025-01-09,Onboarding,Low,47,4,0
8179,6252,Business,2024-06-10,2024-06-10,Technical,Medium,10,5,0
8180,6252,Business,2024-07-14,2024-07-14,Technical,Medium,21,2,0
8181,6252,Business,2024-07-01,2024-07-02,Integration,Medium,46,4,0
8182,6252,Enterprise,2025-01-25,2025-01-27,Account,Low,56,5,0
8183,6252,Enterprise,2025-01-13,2025-01-13,Billing,Medium,13,5,0
8184,6252,Enterprise,2025-01-17,2025-01-18,Billing,Medium,35,2,0
8185,6252,Enterprise,2025-01-25,2025-01-25,Feature Request,Critical,8,4,0
8186,6261,Pro,2024-09-23,2024-09-27,Billing,Low,100,1,1
8187,6261,Pro,2024-09-08,2024-09-09,Integration,Low,36,2,1
8188,6261,Pro,2024-09-07,2024-09-09,Performance,Low,62,1,1
8189,6261,Pro,2024-09-20,2024-09-21,Integration,Low,36,3,1
8190,6261,Pro,2024-09-10,2024-09-11,Account,Medium,28,3,1
8191,6261,Pro,2024-09-05,2024-09-07,Onboarding,Low,56,2,1
8192,6261,Pro,2024-10-08,2024-10-12,Billing,Low,97,2,1
8193,6261,Pro,2024-10-06,2024-10-06,Feature Request,Critical,3,2,1
8194,6265,Starter,2024-07-28,2024-07-29,Onboarding,Medium,33,2,1
8195,6265,Starter,2024-07-23,2024-07-23,Performance,Medium,18,4,1
8196,6265,Starter,2024-07-18,2024-07-18,Integration,Critical,6,2,1
8197,6265,Starter,2024-06-30,2024-07-03,Billing,Low,89,1,1
8198,6269,Pro,2024-05-30,2024-06-02,Onboarding,Low,85,4,1
8199,6269,Pro,2024-06-17,2024-06-18,Onboarding,Medium,36,2,1
8200,6269,Pro,2024-07-07,2024-07-09,Account,Low,49,3,1
8201,6269,Pro,2024-07-19,2024-07-19,Billing,Medium,21,3,1
8202,6269,Pro,2024-07-20,2024-07-23,Integration,Low,95,3,1
8203,6269,Pro,2024-07-26,2024-07-29,Onboarding,Low,86,2,1
8204,6269,Pro,2024-07-26,2024-07-27,Integration,Medium,44,1,1
8205,6269,Pro,2024-07-13,2024-07-16,Feature Request,Low,84,4,1
8206,6273,Business,2025-01-03,2025-01-03,Technical,Medium,15,3,0
8207,6273,Business,2025-01-13,2025-01-15,Onboarding,Medium,48,4,0
8208,6273,Business,2025-01-24,2025-01-24,Performance,High,12,4,0
8209,6273,Business,2025-01-19,2025-01-19,Feature Request,Medium,19,4,0
8210,6273,Business,2025-01-07,2025-01-09,Technical,Low,68,5,0
8211,6277,Business,2025-01-12,2025-01-15,Technical,Low,85,5,0
8212,6277,Business,2025-01-19,2025-01-19,Integration,High,11,5,0
8213,6281,Enterprise,2024-08-08,2024-08-09,Integration,High,24,2,1
8214,6281,Enterprise,2024-08-25,2024-08-25,Technical,High,13,2,1
8215,6281,Enterprise,2024-08-15,2024-08-15,Technical,Critical,4,5,1
8216,6281,Enterprise,2024-08-05,2024-08-06,Integration,Medium,44,5,1
8217,6281,Enterprise,2024-08-17,2024-08-18,Performance,Low,40,3,1
8218,6281,Enterprise,2024-07-31,2024-07-31,Feature Request,High,8,3,1
8219,6281,Enterprise,2024-08-27,2024-08-27,Integration,High,16,2,1
8220,6281,Enterprise,2024-08-04,2024-08-05,Billing,Medium,30,4,1
8221,6281,Enterprise,2024-08-18,2024-08-22,Feature Request,Low,98,4,1
8222,6281,Enterprise,2024-09-18,2024-09-19,Account,Medium,45,2,1
8223,6281,Enterprise,2024-09-10,2024-09-11,Account,Medium,24,2,1
8224,6281,Enterprise,2024-09-20,2024-09-21,Technical,Medium,31,5,1
8225,6281,Enterprise,2024-09-12,2024-09-12,Performance,High,23,4,1
8226,6281,Enterprise,2024-08-29,2024-08-29,Feature Request,High,5,3,1
8227,6281,Enterprise,2024-09-01,2024-09-01,Feature Request,Medium,10,4,1
8228,6281,Enterprise,2024-09-22,2024-09-22,Technical,Critical,8,1,1
8229,6281,Enterprise,2024-09-26,2024-09-26,Integration,Critical,7,1,1
8230,6281,Enterprise,2024-09-14,2024-09-15,Technical,Medium,29,3,1
8231,6283,Enterprise,2025-01-07,2025-01-08,Onboarding,Medium,44,5,0
8232,6285,Business,2024-09-07,2024-09-07,Performance,High,2,3,1
8233,6285,Business,2024-09-20,2024-09-20,Onboarding,Critical,5,1,1
8234,6285,Business,2024-09-14,2024-09-16,Billing,Low,69,1,1
8235,6285,Business,2024-09-13,2024-09-13,Performance,Critical,5,1,1
8236,6285,Business,2024-09-18,2024-09-18,Onboarding,Medium,13,4,1
8237,6285,Business,2024-09-12,2024-09-13,Integration,Medium,35,3,1
8238,6285,Business,2024-08-31,2024-09-01,Account,Medium,31,1,1
8239,6285,Business,2024-09-16,2024-09-20,Billing,Low,105,3,1
8240,6285,Business,2024-09-19,2024-09-21,Technical,Low,58,1,1
8241,6285,Business,2024-09-21,2024-09-21,Integration,Medium,19,3,1
8242,6285,Business,2024-10-22,2024-10-24,Account,Low,60,4,1
8243,6297,Enterprise,2024-09-05,2024-09-05,Billing,Medium,11,5,0
8244,6297,Enterprise,2024-09-12,2024-09-12,Performance,High,6,3,0
8245,6297,Enterprise,2024-09-07,2024-09-11,Integration,Low,106,5,0
8246,6297,Enterprise,2024-09-13,2024-09-17,Feature Request,Low,102,5,0
8247,6297,Enterprise,2024-09-02,2024-09-02,Onboarding,Critical,4,3,0
8248,6297,Enterprise,2024-09-05,2024-09-07,Feature Request,Low,64,3,0
8249,6297,Business,2024-12-25,2024-12-26,Account,Medium,28,4,0
8250,6297,Business,2024-12-02,2024-12-04,Performance,Low,51,4,0
8251,6303,Enterprise,2024-11-04,2024-11-04,Performance,High,13,1,0
8252,6303,Enterprise,2024-11-10,2024-11-10,Onboarding,Medium,13,2,0
8253,6303,Business,2024-12-14,2024-12-18,Feature Request,Low,114,5,0
8254,6303,Business,2024-12-17,2024-12-21,Feature Request,Low,96,5,0
8255,6306,Enterprise,2024-12-21,2024-12-22,Feature Request,Medium,45,1,0
8256,6306,Enterprise,2024-12-10,2024-12-14,Integration,Low,110,5,0
8257,6306,Enterprise,2024-12-06,2024-12-09,Integration,Low,72,3,0
8258,6306,Enterprise,2024-12-07,2024-12-07,Account,High,22,4,0
8259,6306,Enterprise,2024-12-13,2024-12-14,Integration,Low,37,4,0
8260,6306,Enterprise,2024-12-14,2024-12-14,Feature Request,Medium,8,5,0
8261,6310,Starter,2024-08-27,2024-08-27,Integration,Medium,23,1,1
8262,6310,Starter,2024-08-27,2024-08-29,Integration,Low,57,2,1
8263,6310,Starter,2024-09-21,2024-09-22,Onboarding,Medium,35,5,1
8264,6310,Starter,2024-09-28,2024-09-28,Technical,High,18,2,1
8265,6318,Starter,2024-06-24,2024-06-24,Integration,Medium,18,3,1
8266,6335,Enterprise,2024-12-03,2024-12-04,Account,Medium,30,3,0
8267,6335,Enterprise,2024-12-15,2024-12-15,Performance,High,14,5,0
8268,6335,Enterprise,2024-12-07,2024-12-09,Technical,Medium,48,3,0
8269,6338,Pro,2024-12-06,2024-12-06,Account,High,8,4,0
8270,6338,Pro,2024-12-25,2024-12-26,Feature Request,Low,27,4,0
8271,6342,Enterprise,2024-12-26,2024-12-28,Account,Low,71,3,0
8272,6342,Enterprise,2024-12-10,2024-12-11,Feature Request,Low,41,5,0
8273,6342,Enterprise,2024-12-22,2024-12-22,Feature Request,High,8,3,0
8274,6342,Enterprise,2024-12-08,2024-12-08,Technical,Critical,7,4,0
8275,6351,Business,2024-12-27,2024-12-27,Billing,High,6,5,0
8276,6357,Starter,2024-06-05,2024-06-06,Onboarding,Medium,45,4,1
8277,6357,Starter,2024-06-19,2024-06-21,Billing,Low,51,3,1
8278,6362,Enterprise,2024-12-23,2024-12-23,Technical,Critical,5,3,0
8279,6362,Enterprise,2024-12-07,2024-12-08,Account,Medium,27,4,0
8280,6362,Enterprise,2024-12-13,2024-12-13,Integration,Medium,22,2,0
8281,6362,Enterprise,2025-01-02,2025-01-02,Onboarding,High,23,4,0
8282,6362,Enterprise,2024-12-10,2024-12-12,Integration,Low,51,1,0
8283,6363,Business,2024-12-26,2024-12-26,Onboarding,Medium,18,5,0
8284,6368,Enterprise,2024-12-17,2024-12-20,Performance,Low,77,3,0
8285,6368,Enterprise,2024-12-10,2024-12-10,Onboarding,Medium,12,4,0
8286,6368,Enterprise,2024-12-19,2024-12-20,Integration,Medium,41,5,0
8287,6368,Enterprise,2024-12-12,2024-12-14,Feature Request,Low,68,4,0
8288,6368,Enterprise,2024-12-29,2024-12-30,Account,Low,30,5,0
8289,6379,Enterprise,2024-12-23,2024-12-24,Onboarding,Medium,25,2,0
8290,6379,Enterprise,2024-12-25,2024-12-26,Account,Medium,26,5,0
8291,6379,Enterprise,2024-12-23,2024-12-27,Billing,Low,119,4,0
8292,6379,Enterprise,2024-12-13,2024-12-17,Feature Request,Low,118,4,0
8293,6387,Pro,2024-12-24,2024-12-25,Performance,Medium,42,4,0
8294,6389,Starter,2024-07-05,2024-07-06,Billing,Low,36,1,1
8295,6389,Starter,2024-06-14,2024-06-15,Performance,Medium,27,1,1
8296,6389,Starter,2024-06-24,2024-06-24,Integration,Medium,23,1,1
8297,6394,Starter,2024-12-04,2024-12-06,Onboarding,Low,67,2,1
8298,6394,Starter,2024-11-21,2024-11-24,Technical,Low,92,2,1
8299,6397,Pro,2024-09-08,2024-09-11,Performance,Low,83,3,0
8300,6397,Pro,2024-09-27,2024-09-27,Technical,High,10,2,0
8301,6397,Pro,2024-09-19,2024-09-19,Billing,High,13,3,0
8302,6397,Business,2024-12-26,2024-12-26,Account,Critical,7,4,0
8303,6397,Business,2025-01-01,2025-01-05,Performance,Low,101,4,0
8304,6398,Pro,2024-09-22,2024-09-23,Feature Request,Medium,42,3,1
8305,6398,Pro,2024-10-01,2024-10-03,Feature Request,Low,65,2,1
8306,6402,Enterprise,2024-12-24,2024-12-25,Technical,Medium,24,4,0
8307,6402,Enterprise,2024-12-09,2024-12-12,Billing,Low,81,5,0
8308,6405,Enterprise,2024-12-26,2024-12-30,Integration,Low,111,4,0
8309,6405,Enterprise,2024-12-27,2024-12-27,Feature Request,High,8,1,0
8310,6405,Enterprise,2024-12-31,2025-01-01,Technical,Medium,43,5,0
8311,6406,Pro,2024-10-29,2024-11-01,Technical,Low,95,3,1
8312,6406,Pro,2024-10-25,2024-10-25,Account,Medium,11,4,1
8313,6406,Pro,2024-10-28,2024-10-28,Performance,Critical,7,2,1
8314,6406,Pro,2024-10-20,2024-10-20,Performance,Medium,11,3,1
8315,6406,Pro,2024-10-13,2024-10-13,Performance,High,12,3,1
8316,6406,Pro,2024-10-09,2024-10-09,Technical,High,19,2,1
8317,6406,Pro,2024-11-28,2024-11-29,Integration,Low,46,1,1
8318,6406,Pro,2024-11-15,2024-11-15,Feature Request,High,12,3,1
8319,6406,Pro,2024-11-28,2024-12-03,Feature Request,Low,120,2,1
8320,6408,Enterprise,2024-09-20,2024-09-21,Billing,Medium,40,4,0
8321,6408,Enterprise,2024-10-05,2024-10-07,Billing,Low,50,5,0
8322,6408,Enterprise,2024-10-01,2024-10-02,Account,Medium,27,5,0
8323,6408,Enterprise,2024-09-27,2024-09-28,Technical,Low,45,4,0
8324,6408,Business,2024-11-30,2024-11-30,Performance,Medium,22,3,1
8325,6408,Business,2024-12-01,2024-12-02,Technical,Medium,38,3,1
8326,6408,Business,2024-11-16,2024-11-17,Feature Request,Medium,26,2,1
8327,6408,Business,2024-11-08,2024-11-10,Onboarding,Low,48,1,1
8328,6410,Starter,2024-10-04,2024-10-04,Performance,High,2,1,1
8329,6415,Business,2024-12-11,2024-12-14,Onboarding,Low,76,4,0
8330,6423,Enterprise,2025-01-06,2025-01-10,Technical,Low,109,4,0
8331,6423,Enterprise,2024-12-25,2024-12-26,Integration,Medium,40,1,0
8332,6430,Enterprise,2025-01-05,2025-01-07,Onboarding,Low,64,5,0
8333,6430,Enterprise,2024-12-24,2024-12-25,Billing,Medium,41,4,0
8334,6430,Enterprise,2024-12-23,2024-12-23,Performance,Critical,3,5,0
8335,6436,Starter,2024-06-25,2024-06-25,Performance,High,19,2,1
8336,6436,Starter,2024-06-17,2024-06-17,Billing,High,22,1,1
8337,6436,Starter,2024-07-07,2024-07-07,Billing,Medium,13,2,1
8338,6439,Starter,2024-12-23,2024-12-23,Feature Request,High,20,4,0
8339,6439,Starter,2024-12-15,2024-12-16,Onboarding,Medium,29,5,0
8340,6440,Enterprise,2024-06-21,2024-06-22,Performance,Low,35,1,1
8341,6440,Enterprise,2024-07-08,2024-07-11,Feature Request,Low,90,2,1
8342,6440,Enterprise,2024-07-03,2024-07-06,Integration,Low,81,4,1
8343,6440,Enterprise,2024-06-12,2024-06-13,Account,Medium,46,3,1
8344,6440,Enterprise,2024-06-15,2024-06-16,Account,Medium,34,1,1
8345,6440,Enterprise,2024-07-07,2024-07-07,Account,Medium,19,3,1
8346,6440,Enterprise,2024-07-04,2024-07-04,Feature Request,Critical,5,1,1
8347,6440,Enterprise,2024-06-22,2024-06-22,Account,High,3,2,1
8348,6440,Enterprise,2024-06-23,2024-06-24,Performance,Medium,43,4,1
8349,6440,Enterprise,2024-06-30,2024-07-03,Technical,Low,93,3,1
8350,6440,Enterprise,2024-06-17,2024-06-17,Feature Request,High,4,2,1
8351,6446,Starter,2024-06-14,2024-06-14,Billing,Medium,18,1,1
8352,6446,Starter,2024-06-28,2024-06-28,Feature Request,Medium,19,2,1
8353,6459,Starter,2024-09-21,2024-09-21,Integration,High,18,3,1
8354,6459,Starter,2024-10-06,2024-10-06,Account,Medium,15,2,1
8355,6461,Enterprise,2024-12-28,2024-12-30,Performance,Medium,48,2,0
8356,6461,Enterprise,2024-12-27,2024-12-28,Technical,Medium,47,3,0
8357,6467,Pro,2024-12-18,2024-12-18,Feature Request,High,19,4,0
8358,6471,Pro,2025-01-05,2025-01-06,Integration,Medium,29,3,0
8359,6471,Pro,2024-12-12,2024-12-12,Performance,High,18,3,0
8360,6472,Pro,2024-09-23,2024-09-26,Billing,Low,77,5,0
8361,6472,Starter,2025-01-03,2025-01-03,Integration,High,5,4,0
8362,6484,Enterprise,2024-12-27,2024-12-28,Feature Request,Medium,25,2,0
8363,6484,Enterprise,2024-12-24,2024-12-25,Integration,High,24,3,0
8364,6484,Enterprise,2024-12-28,2024-12-30,Feature Request,Low,49,4,0
8365,6484,Enterprise,2024-12-31,2025-01-02,Technical,Low,51,3,0
8366,6484,Enterprise,2025-01-05,2025-01-06,Technical,Medium,38,4,0
8367,6485,Business,2024-12-30,2024-12-30,Onboarding,Medium,10,3,0
8368,6485,Business,2024-12-25,2024-12-26,Account,Medium,41,4,0
8369,6485,Business,2024-12-19,2024-12-19,Performance,High,18,3,0
8370,6490,Pro,2024-11-06,2024-11-06,Integration,Medium,14,2,1
8371,6490,Pro,2024-11-30,2024-12-02,Account,Low,59,2,1
8372,6490,Pro,2024-11-27,2024-11-28,Integration,Low,38,1,1
8373,6495,Enterprise,2024-12-15,2024-12-15,Technical,Critical,7,5,0
8374,6495,Enterprise,2025-01-03,2025-01-03,Integration,Medium,20,5,0
8375,6495,Enterprise,2024-12-26,2024-12-26,Feature Request,Critical,5,2,0
8376,6509,Pro,2024-12-29,2024-12-29,Onboarding,Critical,3,4,0
8377,6509,Pro,2025-01-05,2025-01-06,Technical,Medium,38,5,0
8378,6510,Pro,2024-06-17,2024-06-17,Feature Request,Medium,9,2,1
8379,6510,Pro,2024-06-24,2024-06-25,Performance,Medium,25,2,1
8380,6512,Starter,2024-10-03,2024-10-07,Feature Request,Low,115,1,1
8381,6512,Starter,2024-09-23,2024-09-23,Account,Medium,9,2,1
8382,6517,Business,2024-12-22,2024-12-25,Performance,Low,85,5,0
8383,6521,Pro,2025-01-12,2025-01-12,Billing,Medium,13,5,0
8384,6521,Pro,2024-12-22,2024-12-23,Integration,Medium,33,3,0
8385,6522,Starter,2024-12-31,2025-01-04,Feature Request,Low,108,4,1
8386,6522,Starter,2024-12-21,2024-12-22,Billing,Low,39,1,1
8387,6522,Starter,2025-01-03,2025-01-04,Onboarding,Medium,44,4,1
8388,6526,Business,2024-12-25,2024-12-29,Account,Low,112,5,0
8389,6528,Enterprise,2024-07-03,2024-07-03,Technical,High,22,5,0
8390,6528,Enterprise,2024-06-28,2024-06-28,Technical,High,8,5,0
8391,6528,Enterprise,2024-07-13,2024-07-13,Billing,Medium,12,2,0
8392,6528,Enterprise,2024-07-03,2024-07-04,Performance,Medium,39,5,0
8393,6528,Enterprise,2024-06-20,2024-06-22,Billing,Low,50,3,0
8394,6534,Pro,2024-07-29,2024-07-30,Feature Request,Medium,29,1,1
8395,6534,Pro,2024-07-15,2024-07-16,Integration,Medium,47,3,1
8396,6534,Pro,2024-08-28,2024-08-29,Integration,Medium,27,3,1
8397,6534,Pro,2024-08-22,2024-08-22,Billing,Medium,9,3,1
8398,6535,Pro,2024-11-12,2024-11-15,Performance,Low,72,5,0
8399,6535,Pro,2024-10-19,2024-10-20,Billing,Medium,38,4,0
8400,6535,Pro,2024-11-01,2024-11-02,Integration,Medium,27,3,0
8401,6535,Pro,2024-11-28,2024-12-01,Billing,Low,72,5,0
8402,6535,Business,2024-12-19,2024-12-19,Account,High,14,5,0
8403,6535,Business,2024-12-31,2024-12-31,Performance,High,21,2,0
8404,6535,Business,2025-01-05,2025-01-06,Account,Medium,41,2,0
8405,6537,Enterprise,2024-06-20,2024-06-21,Billing,Medium,40,4,1
8406,6537,Enterprise,2024-07-07,2024-07-11,Feature Request,Low,113,1,1
8407,6537,Enterprise,2024-06-17,2024-06-17,Onboarding,High,14,2,1
8408,6537,Enterprise,2024-07-10,2024-07-11,Performance,Medium,42,3,1
8409,6537,Enterprise,2024-06-25,2024-06-26,Technical,High,24,1,1
8410,6541,Starter,2024-08-25,2024-08-28,Integration,Low,92,4,1
8411,6541,Starter,2024-09-06,2024-09-07,Account,Medium,34,3,1
8412,6546,Enterprise,2024-12-21,2024-12-21,Technical,Medium,17,3,0
8413,6546,Enterprise,2024-12-16,2024-12-19,Onboarding,Low,75,4,0
8414,6546,Enterprise,2025-01-02,2025-01-06,Onboarding,Low,117,3,0
8415,6553,Pro,2024-10-21,2024-10-26,Billing,Low,120,3,0
8416,6553,Pro,2024-11-12,2024-11-16,Feature Request,Low,102,4,0
8417,6553,Business,2025-01-01,2025-01-03,Performance,Low,53,3,0
8418,6553,Business,2024-12-24,2024-12-24,Technical,Critical,1,2,0
8419,6553,Business,2024-12-23,2024-12-25,Technical,Low,61,4,0
8420,6553,Business,2025-01-06,2025-01-10,Billing,Low,110,3,0
8421,6555,Enterprise,2024-06-30,2024-07-01,Billing,Medium,39,1,0
8422,6555,Enterprise,2024-06-23,2024-06-28,Performance,Low,120,2,0
8423,6555,Enterprise,2024-06-20,2024-06-20,Onboarding,High,8,4,0
8424,6555,Enterprise,2024-06-26,2024-06-26,Technical,High,10,5,0
8425,6555,Enterprise,2024-07-11,2024-07-15,Integration,Low,103,3,0
8426,6555,Enterprise,2024-07-03,2024-07-03,Billing,Medium,15,4,0
8427,6555,Business,2024-12-17,2024-12-18,Feature Request,Low,29,4,0
8428,6555,Business,2025-01-13,2025-01-14,Account,Low,31,4,0
8429,6555,Business,2024-12-18,2024-12-22,Technical,Low,108,5,0
8430,6557,Pro,2024-11-04,2024-11-05,Account,High,24,3,0
8431,6557,Pro,2024-11-28,2024-11-30,Performance,Low,59,3,0
8432,6557,Pro,2024-12-07,2024-12-11,Account,Low,109,5,0
8433,6557,Pro,2024-11-26,2024-11-27,Billing,Medium,24,5,0
8434,6557,Business,2024-11-17,2024-11-21,Feature Request,Low,115,3,0
8435,6557,Business,2024-11-22,2024-11-22,Account,High,7,3,0
8436,6557,Business,2024-12-05,2024-12-05,Onboarding,Medium,16,2,0
8437,6557,Business,2024-11-18,2024-11-18,Onboarding,Critical,3,1,0
8438,6557,Enterprise,2025-01-01,2025-01-01,Integration,Critical,1,2,0
8439,6557,Enterprise,2024-12-25,2024-12-25,Performance,High,8,4,0
8440,6557,Enterprise,2024-12-22,2024-12-24,Onboarding,Low,59,2,0
8441,6559,Pro,2025-01-02,2025-01-04,Onboarding,Low,62,5,0
8442,6559,Pro,2025-01-07,2025-01-08,Billing,Low,37,5,0
8443,6560,Starter,2024-11-05,2024-11-07,Integration,Low,69,1,1
8444,6560,Starter,2024-10-20,2024-10-20,Feature Request,Medium,12,2,1
8445,6560,Starter,2024-11-16,2024-11-19,Integration,Low,75,3,1
8446,6560,Starter,2024-11-20,2024-11-20,Integration,High,17,3,1
8447,6564,Enterprise,2024-10-03,2024-10-03,Billing,Critical,8,1,1
8448,6564,Enterprise,2024-10-10,2024-10-11,Performance,Medium,41,3,1
8449,6564,Enterprise,2024-10-01,2024-10-03,Integration,Low,60,4,1
8450,6564,Enterprise,2024-09-21,2024-09-23,Feature Request,Low,59,4,1
8451,6564,Enterprise,2024-10-01,2024-10-01,Technical,Medium,18,4,1
8452,6564,Enterprise,2024-10-11,2024-10-14,Account,Low,76,1,1
8453,6564,Enterprise,2024-09-30,2024-10-03,Account,Low,87,4,1
8454,6565,Starter,2025-01-02,2025-01-02,Integration,High,21,3,0
8455,6565,Starter,2025-01-02,2025-01-02,Onboarding,High,9,4,0
8456,6567,Starter,2024-07-13,2024-07-16,Technical,Low,75,2,1
8457,6567,Starter,2024-06-23,2024-06-26,Account,Low,85,2,1
8458,6567,Starter,2024-06-29,2024-06-29,Account,Medium,20,4,1
8459,6570,Pro,2024-08-14,2024-08-14,Feature Request,Critical,7,2,1
8460,6570,Pro,2024-07-17,2024-07-21,Feature Request,Low,109,4,1
8461,6570,Pro,2024-08-30,2024-08-31,Feature Request,Medium,24,1,1
8462,6570,Pro,2024-08-17,2024-08-19,Technical,Low,54,1,1
8463,6570,Pro,2024-09-06,2024-09-06,Technical,Critical,8,2,1
8464,6570,Pro,2024-09-11,2024-09-12,Technical,Medium,47,4,1
8465,6571,Business,2024-12-06,2024-12-07,Billing,Medium,25,3,1
8466,6571,Business,2024-11-27,2024-11-29,Onboarding,Low,50,2,1
8467,6571,Business,2024-12-07,2024-12-08,Performance,Low,33,1,1
8468,6571,Business,2024-12-14,2024-12-14,Technical,High,17,3,1
8469,6571,Business,2024-11-16,2024-11-18,Performance,Low,66,5,1
8470,6571,Business,2024-12-07,2024-12-07,Onboarding,Medium,15,5,1
8471,6571,Business,2024-11-25,2024-11-27,Feature Request,Low,61,4,1
8472,6571,Business,2024-11-27,2024-12-01,Onboarding,Low,107,1,1
8473,6572,Pro,2024-12-25,2024-12-27,Integration,Low,54,3,0
8474,6572,Pro,2024-12-25,2024-12-28,Feature Request,Low,93,5,0
8475,6572,Pro,2025-01-14,2025-01-17,Account,Low,81,5,0
8476,6575,Starter,2024-12-18,2024-12-18,Performance,High,12,5,0
8477,6582,Enterprise,2025-01-06,2025-01-07,Feature Request,Medium,35,4,0
8478,6582,Enterprise,2025-01-09,2025-01-10,Feature Request,Medium,46,4,0
8479,6585,Pro,2024-12-31,2025-01-01,Performance,Low,36,4,0
8480,6589,Pro,2024-06-26,2024-06-26,Feature Request,Medium,11,2,1
8481,6589,Pro,2024-06-26,2024-06-27,Account,Medium,37,3,1
8482,6589,Pro,2024-06-22,2024-06-22,Account,High,17,2,1
8483,6589,Pro,2024-06-22,2024-06-22,Technical,Medium,22,2,1
8484,6593,Pro,2024-12-21,2024-12-23,Integration,Medium,48,4,0
8485,6596,Business,2025-01-09,2025-01-09,Performance,Critical,2,3,0
8486,6596,Business,2024-12-23,2024-12-23,Account,Medium,12,2,0
8487,6596,Business,2024-12-25,2024-12-27,Integration,Low,65,4,0
8488,6596,Business,2024-12-20,2024-12-23,Account,Low,75,4,0
8489,6596,Business,2024-12-19,2024-12-19,Feature Request,Medium,19,4,0
8490,6597,Starter,2024-07-31,2024-07-31,Onboarding,Medium,16,1,1
8491,6597,Starter,2024-07-26,2024-07-29,Onboarding,Low,74,4,1
8492,6599,Business,2024-10-12,2024-10-12,Technical,Medium,14,3,1
8493,6599,Business,2024-09-20,2024-09-20,Integration,High,15,3,1
8494,6599,Business,2024-10-06,2024-10-08,Integration,Low,71,3,1
8495,6601,Starter,2025-01-02,2025-01-02,Billing,Medium,13,4,0
8496,6602,Pro,2025-01-04,2025-01-05,Performance,Low,41,5,0
8497,6602,Pro,2025-01-11,2025-01-15,Performance,Low,119,4,0
8498,6606,Business,2025-01-14,2025-01-17,Billing,Low,78,4,0
8499,6606,Business,2025-01-14,2025-01-14,Performance,Medium,19,1,0
8500,6606,Business,2025-01-15,2025-01-18,Billing,Low,93,3,0
8501,6606,Business,2025-01-11,2025-01-12,Integration,Medium,31,4,0
8502,6611,Business,2025-01-16,2025-01-19,Billing,Low,95,5,0
8503,6611,Business,2025-01-03,2025-01-07,Onboarding,Low,113,4,0
8504,6612,Enterprise,2025-01-04,2025-01-05,Onboarding,Low,33,4,0
8505,6612,Enterprise,2025-01-09,2025-01-13,Integration,Low,105,4,0
8506,6612,Enterprise,2025-01-11,2025-01-11,Feature Request,High,23,4,0
8507,6621,Starter,2024-12-29,2024-12-29,Account,Medium,16,3,0
8508,6625,Enterprise,2025-01-10,2025-01-13,Integration,Low,72,3,0
8509,6625,Enterprise,2025-01-17,2025-01-17,Performance,High,21,4,0
8510,6625,Enterprise,2025-01-13,2025-01-14,Account,Medium,31,4,0
8511,6632,Enterprise,2024-12-29,2024-12-31,Onboarding,Low,49,5,0
8512,6632,Enterprise,2024-12-22,2024-12-23,Feature Request,Medium,25,4,0
8513,6632,Enterprise,2025-01-12,2025-01-16,Performance,Low,112,4,0
8514,6633,Pro,2024-12-21,2024-12-22,Billing,Medium,35,1,0
8515,6635,Business,2024-07-26,2024-07-30,Integration,Low,100,5,0
8516,6635,Business,2024-09-09,2024-09-09,Technical,Medium,13,4,0
8517,6635,Business,2024-08-27,2024-08-31,Account,Low,109,4,0
8518,6635,Enterprise,2025-01-16,2025-01-16,Feature Request,Critical,8,4,0
8519,6635,Enterprise,2025-01-01,2025-01-05,Feature Request,Low,102,3,0
8520,6635,Enterprise,2025-01-06,2025-01-07,Billing,Medium,28,5,0
8521,6637,Pro,2024-08-04,2024-08-05,Billing,Low,31,1,1
8522,6637,Pro,2024-07-27,2024-07-27,Technical,High,6,1,1
8523,6637,Pro,2024-08-21,2024-08-22,Account,Medium,42,2,1
8524,6637,Pro,2024-09-01,2024-09-04,Integration,Low,93,4,1
8525,6637,Pro,2024-08-26,2024-08-27,Integration,Medium,24,3,1
8526,6637,Pro,2024-09-02,2024-09-06,Account,Low,106,4,1
8527,6639,Enterprise,2024-12-28,2024-12-29,Billing,Medium,45,4,0
8528,6639,Enterprise,2025-01-16,2025-01-17,Integration,Medium,24,4,0
8529,6639,Enterprise,2025-01-08,2025-01-09,Feature Request,Medium,32,3,0
8530,6644,Starter,2024-08-16,2024-08-17,Onboarding,Medium,41,2,1
8531,6644,Starter,2024-07-23,2024-07-25,Feature Request,Medium,48,4,1
8532,6644,Starter,2024-09-17,2024-09-18,Feature Request,Medium,31,3,1
8533,6659,Pro,2024-11-01,2024-11-02,Feature Request,Low,34,3,0
8534,6663,Enterprise,2024-12-21,2024-12-25,Integration,Low,97,4,0
8535,6663,Enterprise,2024-11-30,2024-11-30,Billing,Medium,14,4,0
8536,6663,Enterprise,2024-12-15,2024-12-16,Performance,Medium,44,4,0
8537,6663,Enterprise,2024-12-06,2024-12-08,Billing,Low,70,3,0
8538,6663,Enterprise,2024-11-25,2024-11-25,Feature Request,Medium,13,5,0
8539,6663,Enterprise,2024-12-15,2024-12-15,Feature Request,Medium,16,3,0
8540,6663,Enterprise,2024-12-20,2024-12-20,Billing,Medium,16,4,0
8541,6663,Business,2025-01-18,2025-01-19,Feature Request,Medium,25,4,0
8542,6663,Business,2024-12-26,2024-12-29,Feature Request,Low,94,5,0
8543,6663,Business,2024-12-23,2024-12-27,Feature Request,Low,104,4,0
8544,6672,Pro,2025-01-16,2025-01-17,Feature Request,Medium,25,3,0
8545,6672,Pro,2025-01-10,2025-01-10,Performance,Critical,4,3,0
8546,6672,Pro,2024-12-31,2024-12-31,Feature Request,Medium,17,5,0
8547,6677,Business,2024-08-07,2024-08-07,Technical,High,2,1,1
8548,6677,Business,2024-08-15,2024-08-16,Technical,High,24,3,1
8549,6677,Business,2024-08-14,2024-08-18,Technical,Low,104,2,1
8550,6677,Business,2024-07-28,2024-07-28,Integration,Medium,13,2,1
8551,6677,Business,2024-07-30,2024-07-31,Onboarding,Low,44,5,1
8552,6677,Business,2024-08-13,2024-08-13,Feature Request,High,15,3,1
8553,6677,Business,2024-08-21,2024-08-22,Feature Request,Medium,42,1,1
8554,6677,Business,2024-08-04,2024-08-04,Integration,Medium,9,1,1
8555,6677,Business,2024-09-14,2024-09-16,Technical,Low,51,4,1
8556,6677,Business,2024-08-28,2024-08-29,Onboarding,Medium,31,2,1
8557,6677,Business,2024-09-03,2024-09-06,Onboarding,Low,83,2,1
8558,6677,Business,2024-09-03,2024-09-03,Technical,Critical,2,4,1
8559,6681,Starter,2024-07-09,2024-07-09,Performance,Medium,14,4,0
8560,6681,Starter,2024-07-10,2024-07-11,Feature Request,Medium,44,5,0
8561,6681,Pro,2024-09-24,2024-09-24,Feature Request,High,13,5,0
8562,6681,Pro,2024-10-06,2024-10-06,Feature Request,Critical,1,2,0
8563,6681,Starter,2025-01-18,2025-01-18,Onboarding,High,19,2,0
8564,6681,Starter,2025-01-01,2025-01-01,Integration,Critical,4,4,0
8565,6684,Pro,2024-09-24,2024-09-24,Account,High,12,3,0
8566,6684,Business,2025-01-06,2025-01-06,Integration,Medium,17,5,0
8567,6684,Business,2025-01-17,2025-01-21,Integration,Low,109,5,0
8568,6685,Business,2024-12-26,2024-12-26,Performance,High,21,2,0
8569,6685,Business,2024-12-30,2024-12-30,Feature Request,High,5,4,0
8570,6685,Business,2024-12-30,2024-12-31,Integration,Medium,36,5,0
8571,6692,Pro,2024-12-13,2024-12-15,Billing,Medium,48,5,1
8572,6692,Pro,2024-12-05,2024-12-06,Performance,Medium,42,2,1
8573,6692,Pro,2024-12-14,2024-12-14,Performance,High,18,1,1
8574,6692,Pro,2024-12-03,2024-12-03,Performance,Medium,13,2,1
8575,6692,Pro,2024-12-15,2024-12-15,Onboarding,Medium,9,4,1
8576,6692,Pro,2024-11-28,2024-11-30,Billing,Low,62,3,1
8577,6692,Pro,2024-12-12,2024-12-12,Billing,High,18,2,1
8578,6694,Business,2024-12-07,2024-12-08,Account,Medium,31,3,0
8579,6694,Business,2024-12-19,2024-12-19,Account,High,20,3,0
8580,6694,Business,2024-12-15,2024-12-17,Integration,Low,49,5,0
8581,6694,Business,2024-11-27,2024-11-27,Performance,Critical,7,4,0
8582,6694,Business,2024-12-19,2024-12-19,Billing,High,9,4,0
8583,6694,Business,2024-11-30,2024-12-01,Billing,Medium,41,3,0
8584,6694,Business,2024-12-01,2024-12-02,Technical,Medium,35,4,0
8585,6694,Enterprise,2025-01-21,2025-01-22,Technical,Low,35,5,0
8586,6694,Enterprise,2025-01-07,2025-01-08,Billing,Medium,45,5,0
8587,6698,Starter,2024-09-03,2024-09-06,Feature Request,Low,76,4,0
8588,6698,Starter,2024-09-29,2024-09-29,Account,High,2,2,0
8589,6698,Pro,2025-01-16,2025-01-17,Performance,Medium,40,3,0
8590,6705,Enterprise,2024-09-19,2024-09-19,Performance,Critical,1,1,0
8591,6705,Enterprise,2024-09-19,2024-09-23,Onboarding,Low,118,4,0
8592,6705,Enterprise,2024-09-22,2024-09-22,Account,Medium,22,4,0
8593,6705,Enterprise,2024-09-11,2024-09-11,Billing,High,6,4,0
8594,6705,Enterprise,2024-09-01,2024-09-05,Performance,Low,106,4,0
8595,6705,Enterprise,2024-08-28,2024-08-28,Integration,Medium,11,2,0
8596,6705,Enterprise,2024-09-02,2024-09-04,Feature Request,Low,57,3,0
8597,6705,Enterprise,2024-10-15,2024-10-15,Technical,High,5,4,0
8598,6705,Enterprise,2024-10-13,2024-10-14,Integration,Low,27,5,0
8599,6705,Enterprise,2024-09-25,2024-09-29,Account,Low,111,3,0
8600,6705,Business,2024-10-01,2024-10-01,Billing,High,15,4,0
8601,6705,Business,2024-10-11,2024-10-13,Billing,Low,48,3,0
8602,6705,Pro,2024-12-28,2024-12-29,Integration,Medium,32,4,0
8603,6705,Pro,2024-12-26,2024-12-27,Billing,Medium,47,5,0
8604,6705,Pro,2025-01-10,2025-01-10,Integration,High,11,5,0
8605,6713,Enterprise,2025-01-12,2025-01-12,Technical,High,21,3,0
8606,6713,Enterprise,2025-01-02,2025-01-07,Account,Low,120,4,0
8607,6713,Enterprise,2025-01-15,2025-01-15,Integration,High,4,3,0
8608,6713,Enterprise,2025-01-18,2025-01-18,Integration,High,10,3,0
8609,6713,Enterprise,2025-01-12,2025-01-12,Integration,High,17,4,0
8610,6713,Enterprise,2025-01-17,2025-01-18,Feature Request,High,24,4,0
8611,6713,Enterprise,2025-01-11,2025-01-14,Feature Request,Low,87,4,0
8612,6713,Enterprise,2025-01-21,2025-01-21,Technical,High,4,4,0
8613,6718,Business,2024-11-27,2024-11-28,Performance,Low,35,2,1
8614,6718,Business,2024-12-18,2024-12-18,Technical,Medium,9,3,1
8615,6718,Business,2024-12-14,2024-12-16,Feature Request,Low,57,3,1
8616,6718,Business,2024-11-29,2024-12-03,Technical,Low,99,4,1
8617,6718,Business,2024-12-01,2024-12-01,Onboarding,High,20,5,1
8618,6718,Business,2024-12-19,2024-12-19,Onboarding,Critical,6,1,1
8619,6718,Business,2024-11-28,2024-11-28,Integration,High,22,3,1
8620,6718,Business,2024-12-17,2024-12-18,Integration,Low,40,2,1
8621,6719,Pro,2025-01-03,2025-01-07,Feature Request,Low,110,4,0
8622,6726,Pro,2025-01-09,2025-01-10,Performance,Low,38,4,0
8623,6726,Pro,2025-01-09,2025-01-12,Integration,Low,81,5,0
8624,6729,Pro,2025-01-20,2025-01-20,Technical,High,12,4,0
8625,6729,Pro,2025-01-19,2025-01-20,Performance,Low,36,5,0
8626,6730,Business,2025-01-14,2025-01-17,Performance,Low,84,5,0
8627,6730,Business,2025-01-23,2025-01-23,Feature Request,High,16,5,0
8628,6731,Enterprise,2024-12-30,2024-12-30,Performance,High,14,5,0
8629,6731,Enterprise,2025-01-10,2025-01-11,Onboarding,Medium,45,3,0
8630,6731,Enterprise,2025-01-20,2025-01-22,Onboarding,Low,48,5,0
8631,6731,Enterprise,2025-01-05,2025-01-08,Account,Low,95,4,0
8632,6731,Enterprise,2024-12-29,2025-01-01,Onboarding,Low,80,2,0
8633,6731,Enterprise,2025-01-11,2025-01-11,Onboarding,Medium,8,3,0
8634,6736,Business,2025-01-22,2025-01-23,Integration,Low,31,2,1
8635,6744,Pro,2024-08-27,2024-08-27,Feature Request,High,11,4,1
8636,6744,Pro,2024-09-17,2024-09-17,Billing,High,16,2,1
8637,6744,Pro,2024-09-11,2024-09-15,Onboarding,Low,113,5,1
8638,6744,Pro,2024-10-23,2024-10-23,Onboarding,Critical,4,2,1
8639,6744,Pro,2024-10-02,2024-10-03,Performance,Low,46,4,1
8640,6749,Pro,2025-01-11,2025-01-12,Feature Request,Medium,41,3,0
8641,6750,Enterprise,2024-10-21,2024-10-23,Feature Request,Low,59,4,0
8642,6750,Enterprise,2024-10-14,2024-10-17,Billing,Low,86,5,0
8643,6750,Enterprise,2024-10-04,2024-10-06,Onboarding,Low,52,5,0
8644,6750,Enterprise,2024-10-19,2024-10-20,Feature Request,Medium,44,2,0
8645,6750,Business,2025-01-19,2025-01-20,Integration,Medium,38,3,0
8646,6750,Business,2025-01-06,2025-01-07,Billing,Medium,41,4,0
8647,6750,Business,2025-01-13,2025-01-17,Billing,Low,108,5,0
8648,6755,Enterprise,2024-10-14,2024-10-18,Feature Request,Low,112,3,0
8649,6755,Enterprise,2024-10-11,2024-10-11,Technical,Critical,1,2,0
8650,6755,Enterprise,2024-10-20,2024-10-20,Performance,Critical,8,2,0
8651,6755,Enterprise,2024-09-28,2024-09-28,Billing,Medium,21,4,0
8652,6755,Enterprise,2024-10-02,2024-10-05,Account,Low,83,4,0
8653,6755,Business,2025-01-06,2025-01-07,Billing,Medium,29,5,0
8654,6760,Business,2025-01-03,2025-01-06,Feature Request,Low,83,4,0
8655,6760,Business,2025-01-04,2025-01-04,Account,Critical,2,3,0
8656,6760,Business,2025-01-20,2025-01-21,Performance,Medium,37,3,0
8657,6760,Business,2025-01-22,2025-01-25,Feature Request,Low,93,4,0
8658,6760,Business,2025-01-04,2025-01-07,Onboarding,Low,85,4,0
8659,6760,Business,2025-01-08,2025-01-08,Integration,High,14,3,0
8660,6767,Enterprise,2025-01-25,2025-01-28,Billing,Low,84,4,0
8661,6767,Enterprise,2025-01-23,2025-01-23,Onboarding,High,5,5,0
8662,6767,Enterprise,2024-12-30,2024-12-31,Feature Request,Medium,34,5,0
8663,6767,Enterprise,2025-01-04,2025-01-05,Billing,High,24,5,0
8664,6767,Enterprise,2024-12-28,2024-12-30,Performance,Low,59,2,0
8665,6767,Enterprise,2025-01-06,2025-01-06,Feature Request,Medium,14,4,0
8666,6767,Enterprise,2024-12-29,2025-01-01,Onboarding,Low,77,4,0
8667,6772,Enterprise,2024-11-07,2024-11-09,Account,Low,48,1,1
8668,6772,Enterprise,2024-11-24,2024-11-24,Billing,Medium,19,1,1
8669,6772,Enterprise,2024-12-04,2024-12-05,Feature Request,Medium,31,2,1
8670,6772,Enterprise,2024-12-11,2024-12-11,Billing,High,22,3,1
8671,6772,Enterprise,2024-11-29,2024-12-03,Onboarding,Low,96,2,1
8672,6772,Enterprise,2024-12-19,2024-12-19,Onboarding,High,15,3,1
8673,6772,Enterprise,2024-12-15,2024-12-18,Integration,Low,88,2,1
8674,6772,Enterprise,2024-12-15,2024-12-15,Billing,High,3,4,1
8675,6772,Enterprise,2024-12-23,2024-12-27,Technical,Low,102,1,1
8676,6772,Enterprise,2024-12-14,2024-12-15,Performance,Medium,29,2,1
8677,6780,Business,2024-10-16,2024-10-17,Billing,Medium,40,4,0
8678,6780,Business,2024-10-08,2024-10-09,Billing,Medium,27,5,0
8679,6780,Pro,2025-01-03,2025-01-05,Onboarding,Low,52,4,0
8680,6787,Pro,2024-11-20,2024-11-23,Performance,Low,78,5,0
8681,6787,Pro,2024-11-08,2024-11-10,Billing,Medium,48,4,0
8682,6787,Pro,2024-10-29,2024-10-29,Performance,High,22,4,0
8683,6787,Pro,2024-11-14,2024-11-17,Onboarding,Low,80,4,0
8684,6787,Pro,2024-12-15,2024-12-15,Onboarding,Medium,22,3,0
8685,6787,Enterprise,2025-01-15,2025-01-17,Onboarding,Low,64,4,0
8686,6787,Enterprise,2025-01-15,2025-01-17,Billing,Low,60,2,0
8687,6790,Pro,2025-01-06,2025-01-06,Onboarding,High,14,5,0
8688,6794,Starter,2024-10-26,2024-10-26,Performance,Medium,22,1,1
8689,6795,Pro,2024-09-04,2024-09-07,Account,Low,74,1,1
8690,6795,Pro,2024-09-05,2024-09-05,Feature Request,High,14,3,1
8691,6795,Pro,2024-09-16,2024-09-17,Technical,Low,44,2,1
8692,6800,Enterprise,2024-08-18,2024-08-19,Integration,Low,39,4,0
8693,6800,Enterprise,2024-08-27,2024-08-27,Account,High,5,5,0
8694,6800,Enterprise,2024-08-20,2024-08-21,Feature Request,Medium,44,4,0
8695,6800,Enterprise,2024-08-26,2024-08-26,Account,Medium,23,5,0
8696,6800,Enterprise,2024-09-16,2024-09-17,Integration,Low,33,4,0
8697,6800,Enterprise,2024-09-18,2024-09-18,Feature Request,High,19,3,0
8698,6800,Business,2025-01-25,2025-01-26,Onboarding,Medium,42,5,0
8699,6800,Business,2025-01-03,2025-01-04,Feature Request,Low,33,2,0
8700,6800,Business,2025-01-11,2025-01-12,Billing,Medium,28,4,0
8701,6800,Business,2025-01-17,2025-01-18,Performance,Medium,41,5,0
8702,6801,Pro,2025-01-21,2025-01-25,Onboarding,Low,108,3,0
8703,6802,Business,2024-08-11,2024-08-11,Onboarding,High,10,1,1
8704,6802,Business,2024-08-09,2024-08-10,Billing,Medium,32,3,1
8705,6802,Business,2024-08-27,2024-08-27,Account,Medium,13,3,1
8706,6802,Business,2024-08-08,2024-08-09,Integration,Medium,28,2,1
8707,6802,Business,2024-08-02,2024-08-02,Technical,High,21,2,1
8708,6802,Business,2024-08-11,2024-08-15,Billing,Low,98,2,1
8709,6802,Business,2024-09-09,2024-09-10,Billing,Low,35,1,1
8710,6802,Business,2024-08-31,2024-08-31,Technical,High,20,3,1
8711,6802,Business,2024-09-15,2024-09-16,Technical,Medium,29,3,1
8712,6802,Business,2024-09-24,2024-09-24,Account,High,3,1,1
8713,6804,Enterprise,2024-07-06,2024-07-08,Integration,Medium,48,3,0
8714,6804,Enterprise,2024-07-24,2024-07-25,Account,Medium,43,4,0
8715,6804,Enterprise,2024-07-13,2024-07-17,Integration,Low,109,2,0
8716,6804,Enterprise,2024-06-30,2024-07-03,Technical,Low,87,5,0
8717,6804,Enterprise,2024-07-06,2024-07-10,Technical,Low,117,4,0
8718,6804,Business,2025-01-25,2025-01-25,Technical,Medium,11,4,0
8719,6804,Business,2025-01-20,2025-01-24,Integration,Low,100,4,0
8720,6804,Business,2025-01-12,2025-01-16,Billing,Low,112,4,0
8721,6807,Pro,2024-11-25,2024-11-25,Feature Request,High,18,3,1
8722,6807,Pro,2024-12-26,2024-12-29,Integration,Low,93,3,1
8723,6807,Pro,2024-12-05,2024-12-05,Billing,High,9,5,1
8724,6807,Pro,2024-12-27,2024-12-27,Integration,Critical,8,3,1
8725,6807,Pro,2024-12-15,2024-12-16,Feature Request,Medium,43,1,1
8726,6807,Pro,2024-12-20,2024-12-21,Integration,Low,44,1,1
8727,6807,Pro,2024-12-05,2024-12-06,Onboarding,Low,44,3,1
8728,6811,Enterprise,2025-01-02,2025-01-02,Feature Request,Medium,18,5,0
8729,6811,Enterprise,2025-01-10,2025-01-10,Integration,High,18,4,0
8730,6811,Enterprise,2025-01-25,2025-01-27,Account,Low,51,2,0
8731,6812,Enterprise,2024-12-04,2024-12-07,Technical,Low,95,3,0
8732,6812,Enterprise,2024-12-03,2024-12-04,Technical,Low,39,3,0
8733,6812,Enterprise,2024-12-05,2024-12-06,Billing,Medium,38,3,0
8734,6812,Enterprise,2024-12-10,2024-12-11,Account,Medium,32,2,0
8735,6812,Enterprise,2024-12-27,2024-12-28,Billing,Medium,34,4,0
8736,6812,Enterprise,2024-12-23,2024-12-23,Feature Request,Medium,12,4,0
8737,6812,Enterprise,2024-12-07,2024-12-07,Technical,Critical,7,4,0
8738,6813,Business,2024-12-13,2024-12-13,Technical,High,17,5,0
8739,6817,Enterprise,2024-09-23,2024-09-24,Billing,Medium,28,4,1
8740,6817,Enterprise,2024-09-02,2024-09-05,Performance,Low,86,3,1
8741,6817,Enterprise,2024-09-01,2024-09-02,Performance,Medium,33,1,1
8742,6817,Enterprise,2024-09-28,2024-09-28,Feature Request,Critical,7,3,1
8743,6817,Enterprise,2024-09-25,2024-09-25,Feature Request,High,7,2,1
8744,6829,Starter,2024-12-23,2024-12-24,Integration,Medium,28,3,0
8745,6834,Starter,2024-12-22,2024-12-23,Performance,Medium,30,5,0
8746,6845,Starter,2024-12-14,2024-12-15,Billing,Low,33,3,0
8747,6845,Starter,2024-12-07,2024-12-09,Account,Low,56,3,0
8748,6846,Pro,2024-11-08,2024-11-08,Account,Critical,1,1,1
8749,6852,Business,2024-12-30,2024-12-30,Technical,High,12,3,0
8750,6855,Starter,2024-09-27,2024-09-27,Billing,Critical,6,2,1
8751,6858,Starter,2024-12-09,2024-12-10,Feature Request,Medium,46,3,0
8752,6860,Enterprise,2024-12-09,2024-12-09,Account,Medium,14,5,0
8753,6860,Enterprise,2024-12-10,2024-12-11,Integration,Low,45,4,0
8754,6862,Business,2024-10-26,2024-10-26,Feature Request,Critical,5,5,0
8755,6862,Business,2024-10-19,2024-10-19,Feature Request,High,23,5,0
8756,6862,Business,2024-11-04,2024-11-05,Integration,Medium,44,1,1
8757,6862,Business,2024-11-19,2024-11-19,Account,Medium,13,1,1
8758,6862,Business,2024-11-17,2024-11-17,Technical,High,7,2,1
8759,6862,Business,2024-11-29,2024-12-03,Feature Request,Low,110,1,1
8760,6862,Business,2024-11-17,2024-11-18,Technical,Low,40,2,1
8761,6862,Pro,2024-11-17,2024-11-21,Onboarding,Low,115,5,1
8762,6862,Pro,2024-11-16,2024-11-20,Integration,Low,97,1,1
8763,6862,Pro,2024-11-23,2024-11-24,Technical,Medium,26,2,1
8764,6862,Pro,2024-11-09,2024-11-09,Integration,Medium,9,3,1
8765,6865,Business,2024-12-31,2025-01-04,Technical,Low,97,4,0
8766,6865,Business,2024-12-22,2024-12-22,Billing,High,23,2,0
8767,6865,Business,2024-12-29,2024-12-30,Technical,Medium,31,3,0
8768,6865,Business,2024-12-30,2025-01-01,Onboarding,Low,70,5,0
8769,6865,Business,2024-12-07,2024-12-07,Billing,High,23,5,0
8770,6867,Business,2024-10-15,2024-10-16,Integration,Medium,46,4,0
8771,6867,Business,2024-10-15,2024-10-15,Onboarding,Critical,4,5,0
8772,6867,Business,2024-10-03,2024-10-05,Technical,Low,67,3,0
8773,6867,Business,2024-10-12,2024-10-15,Integration,Low,82,5,0
8774,6867,Business,2024-10-07,2024-10-07,Feature Request,High,14,3,0
8775,6867,Business,2024-10-30,2024-11-01,Integration,Low,60,1,0
8776,6867,Business,2024-10-13,2024-10-13,Account,High,12,2,0
8777,6867,Pro,2024-12-30,2025-01-03,Technical,Low,104,5,0
8778,6869,Pro,2024-07-29,2024-07-29,Technical,Critical,4,4,0
8779,6869,Pro,2024-08-05,2024-08-05,Technical,Medium,10,5,0
8780,6869,Pro,2024-08-09,2024-08-12,Integration,Low,83,3,0
8781,6869,Business,2024-12-15,2024-12-16,Onboarding,Medium,30,4,0
8782,6869,Business,2024-12-31,2025-01-01,Account,High,24,2,0
8783,6869,Business,2024-12-16,2024-12-16,Performance,High,13,5,0
8784,6869,Business,2024-12-08,2024-12-08,Integration,High,5,5,0
8785,6874,Enterprise,2024-12-16,2024-12-17,Feature Request,Medium,38,2,0
8786,6874,Enterprise,2024-12-06,2024-12-07,Performance,Medium,28,3,0
8787,6881,Business,2024-12-23,2024-12-23,Account,High,13,5,0
8788,6884,Business,2024-12-27,2024-12-27,Feature Request,High,10,4,0
8789,6884,Business,2024-12-05,2024-12-07,Performance,Low,49,5,0
8790,6884,Business,2024-12-31,2025-01-02,Performance,Low,66,4,0
8791,6884,Business,2024-12-09,2024-12-10,Integration,Low,31,5,0
8792,6884,Business,2024-12-16,2024-12-17,Technical,Medium,28,3,0
8793,6884,Business,2024-12-23,2024-12-27,Onboarding,Low,118,3,0
8794,6885,Enterprise,2024-12-23,2024-12-24,Technical,Medium,41,4,0
8795,6885,Enterprise,2025-01-01,2025-01-01,Technical,Medium,15,5,0
8796,6885,Enterprise,2024-12-04,2024-12-04,Integration,High,15,5,0
8797,6885,Enterprise,2024-12-17,2024-12-17,Billing,Critical,7,2,0
8798,6889,Enterprise,2024-12-15,2024-12-15,Onboarding,Medium,11,3,0
8799,6889,Enterprise,2024-12-18,2024-12-21,Technical,Low,95,4,0
8800,6891,Enterprise,2024-12-28,2024-12-29,Technical,Low,44,4,0
8801,6891,Enterprise,2024-12-04,2024-12-04,Billing,High,21,3,0
8802,6891,Enterprise,2024-12-23,2024-12-23,Technical,Critical,1,1,0
8803,6891,Enterprise,2024-12-18,2024-12-18,Performance,Medium,17,3,0
8804,6891,Enterprise,2024-12-27,2024-12-27,Technical,High,22,4,0
8805,6891,Enterprise,2024-12-15,2024-12-16,Billing,Medium,39,3,0
8806,6896,Enterprise,2024-09-21,2024-09-25,Performance,Low,102,4,0
8807,6896,Enterprise,2024-09-24,2024-09-27,Onboarding,Low,83,5,0
8808,6896,Enterprise,2024-09-09,2024-09-09,Integration,High,19,5,0
8809,6898,Pro,2024-08-05,2024-08-05,Technical,High,6,2,1
8810,6898,Pro,2024-08-14,2024-08-14,Performance,High,12,5,1
8811,6898,Pro,2024-08-20,2024-08-20,Technical,Medium,15,2,1
8812,6898,Pro,2024-09-22,2024-09-22,Onboarding,High,2,3,1
8813,6899,Business,2024-12-14,2024-12-14,Integration,High,9,4,0
8814,6899,Business,2024-12-30,2024-12-31,Integration,Medium,31,4,0
8815,6900,Business,2024-12-04,2024-12-07,Technical,Low,90,3,0
8816,6900,Business,2024-12-10,2024-12-10,Billing,High,18,5,0
8817,6903,Enterprise,2024-12-13,2024-12-13,Technical,Critical,5,4,0
8818,6903,Enterprise,2024-12-07,2024-12-10,Performance,Low,94,2,0
8819,6903,Enterprise,2024-12-05,2024-12-05,Account,Critical,6,2,0
8820,6903,Enterprise,2024-12-28,2024-12-28,Billing,Medium,20,4,0
8821,6903,Enterprise,2024-12-07,2024-12-09,Integration,Low,55,5,0
8822,6903,Enterprise,2024-12-13,2024-12-14,Integration,Medium,43,4,0
8823,6907,Pro,2024-08-06,2024-08-06,Technical,Medium,17,2,1
8824,6907,Pro,2024-08-05,2024-08-05,Technical,Critical,3,4,1
8825,6907,Pro,2024-09-04,2024-09-05,Integration,Medium,33,2,1
8826,6910,Business,2024-08-01,2024-08-02,Billing,Medium,47,4,1
8827,6910,Business,2024-07-22,2024-07-24,Feature Request,Low,71,3,1
8828,6910,Business,2024-07-17,2024-07-18,Performance,Medium,38,3,1
8829,6910,Business,2024-08-01,2024-08-02,Account,Low,46,3,1
8830,6910,Business,2024-07-10,2024-07-11,Feature Request,Medium,46,1,1
8831,6910,Business,2024-07-15,2024-07-15,Billing,Medium,8,5,1
8832,6910,Business,2024-07-10,2024-07-10,Integration,Medium,22,2,1
8833,6910,Business,2024-08-14,2024-08-18,Technical,Low,106,1,1
8834,6910,Business,2024-08-04,2024-08-04,Integration,High,4,3,1
8835,6910,Business,2024-09-01,2024-09-01,Onboarding,Medium,10,1,1
8836,6910,Business,2024-08-31,2024-09-01,Account,Medium,47,1,1
8837,6910,Business,2024-08-23,2024-08-25,Performance,Low,71,2,1
8838,6912,Enterprise,2024-12-05,2024-12-08,Integration,Low,94,5,0
8839,6912,Enterprise,2024-12-26,2024-12-27,Onboarding,Medium,25,4,0
8840,6912,Enterprise,2024-12-14,2024-12-14,Feature Request,Medium,11,4,0
8841,6912,Enterprise,2024-12-29,2024-12-30,Technical,Medium,32,3,0
8842,6912,Enterprise,2024-12-15,2024-12-16,Onboarding,Medium,40,4,0
8843,6913,Pro,2024-07-17,2024-07-17,Technical,Medium,15,2,1
8844,6913,Pro,2024-07-29,2024-07-30,Performance,Medium,39,4,1
8845,6913,Pro,2024-08-17,2024-08-18,Technical,Medium,44,4,1
8846,6914,Enterprise,2024-12-09,2024-12-09,Onboarding,Medium,8,2,0
8847,6914,Enterprise,2024-12-22,2024-12-22,Integration,High,6,4,0
8848,6917,Enterprise,2024-12-10,2024-12-10,Integration,High,7,4,0
8849,6917,Enterprise,2024-12-17,2024-12-17,Feature Request,High,18,4,0
8850,6917,Enterprise,2024-12-11,2024-12-15,Integration,Low,109,5,0
8851,6917,Enterprise,2024-12-22,2024-12-22,Performance,Medium,13,5,0
8852,6918,Starter,2024-09-10,2024-09-11,Billing,Low,26,3,1
8853,6918,Starter,2024-09-14,2024-09-15,Account,Low,44,3,1
8854,6918,Starter,2024-09-06,2024-09-09,Integration,Low,84,4,1
8855,6918,Starter,2024-09-23,2024-09-25,Integration,Low,66,2,1
8856,6926,Enterprise,2024-11-25,2024-11-26,Technical,Low,31,3,1
8857,6926,Enterprise,2024-12-03,2024-12-03,Feature Request,Medium,10,2,1
8858,6926,Enterprise,2024-11-21,2024-11-23,Onboarding,Low,71,4,1
8859,6926,Enterprise,2024-11-26,2024-11-27,Account,Low,31,1,1
8860,6926,Enterprise,2024-11-17,2024-11-17,Feature Request,Medium,11,4,1
8861,6926,Enterprise,2024-11-24,2024-11-26,Integration,Low,65,2,1
8862,6926,Enterprise,2024-12-02,2024-12-03,Account,Low,39,5,1
8863,6926,Enterprise,2024-11-10,2024-11-13,Integration,Low,75,4,1
8864,6926,Enterprise,2024-12-01,2024-12-03,Account,Medium,48,1,1
8865,6926,Enterprise,2024-11-25,2024-11-25,Integration,Medium,21,3,1
8866,6926,Enterprise,2024-11-08,2024-11-10,Feature Request,Low,58,2,1
8867,6938,Enterprise,2024-09-08,2024-09-09,Feature Request,Medium,43,3,0
8868,6938,Enterprise,2024-09-15,2024-09-15,Feature Request,High,17,4,0
8869,6938,Enterprise,2024-09-29,2024-10-03,Technical,Low,104,3,0
8870,6938,Enterprise,2024-09-09,2024-09-10,Account,Medium,46,3,0
8871,6938,Enterprise,2024-09-19,2024-09-22,Account,Low,76,5,0
8872,6938,Business,2025-01-04,2025-01-04,Onboarding,High,2,5,0
8873,6938,Business,2024-12-18,2024-12-19,Billing,Low,26,4,0
8874,6939,Enterprise,2024-12-25,2024-12-26,Billing,Medium,37,4,0
8875,6940,Pro,2024-10-16,2024-10-16,Performance,High,3,1,1
8876,6940,Pro,2024-11-21,2024-11-24,Onboarding,Low,81,2,1
8877,6940,Pro,2024-12-01,2024-12-03,Performance,Low,58,3,1
8878,6940,Pro,2024-11-16,2024-11-16,Account,High,2,4,1
8879,6940,Pro,2024-11-08,2024-11-09,Onboarding,Medium,41,4,1
8880,6940,Pro,2024-11-12,2024-11-12,Feature Request,Medium,19,3,1
8881,6941,Enterprise,2024-12-12,2024-12-13,Integration,Medium,31,4,0
8882,6941,Enterprise,2024-12-18,2024-12-18,Billing,Medium,9,4,0
8883,6941,Enterprise,2024-12-10,2024-12-12,Feature Request,Low,62,3,0
8884,6946,Enterprise,2024-12-31,2024-12-31,Performance,Medium,18,3,0
8885,6946,Enterprise,2024-12-19,2024-12-19,Account,Critical,1,2,0
8886,6946,Enterprise,2024-12-15,2024-12-16,Integration,Medium,25,2,0
8887,6946,Enterprise,2024-12-13,2024-12-14,Integration,Medium,35,5,0
8888,6946,Enterprise,2024-12-20,2024-12-20,Technical,Medium,12,4,0
8889,6946,Enterprise,2024-12-14,2024-12-18,Billing,Low,97,5,0
8890,6946,Enterprise,2024-12-20,2024-12-21,Feature Request,Medium,24,4,0
8891,6947,Business,2024-12-17,2024-12-17,Account,High,6,3,0
8892,6947,Business,2024-12-28,2024-12-28,Technical,High,13,5,0
8893,6947,Business,2024-12-09,2024-12-13,Technical,Low,103,4,0
8894,6950,Business,2024-12-29,2024-12-29,Onboarding,Critical,2,4,0
8895,6955,Enterprise,2024-12-09,2024-12-12,Integration,Low,86,5,0
8896,6955,Enterprise,2024-12-13,2024-12-14,Onboarding,Medium,36,3,0
8897,6955,Enterprise,2024-12-22,2024-12-23,Integration,Low,31,5,0
8898,6956,Starter,2024-12-19,2024-12-22,Billing,Low,92,5,0
8899,6959,Starter,2024-11-17,2024-11-21,Integration,Low,114,1,1
8900,6959,Starter,2024-11-13,2024-11-14,Integration,Medium,39,2,1
8901,6959,Starter,2024-11-19,2024-11-21,Integration,Low,60,2,1
8902,6959,Starter,2024-11-18,2024-11-19,Performance,Medium,26,2,1
8903,6964,Business,2024-12-11,2024-12-13,Technical,Low,68,4,0
8904,6973,Business,2024-12-12,2024-12-12,Billing,Medium,9,4,0
8905,6973,Business,2025-01-02,2025-01-06,Technical,Low,101,4,0
8906,6974,Enterprise,2024-09-21,2024-09-21,Performance,Critical,5,5,0
8907,6974,Enterprise,2024-09-18,2024-09-18,Account,Medium,10,1,0
8908,6974,Enterprise,2024-09-18,2024-09-21,Account,Low,94,5,0
8909,6974,Enterprise,2024-09-30,2024-09-30,Technical,High,20,5,0
8910,6974,Business,2025-01-01,2025-01-01,Account,High,15,5,0
8911,6974,Business,2024-12-31,2025-01-04,Performance,Low,104,5,0
8912,6981,Enterprise,2025-01-01,2025-01-02,Onboarding,Medium,26,5,0
8913,6981,Enterprise,2024-12-25,2024-12-26,Feature Request,Medium,35,5,0
8914,6981,Enterprise,2024-12-18,2024-12-22,Feature Request,Low,117,5,0
8915,6981,Enterprise,2024-12-13,2024-12-17,Onboarding,Low,114,5,0
8916,6996,Pro,2024-09-06,2024-09-08,Performance,Low,60,4,0
8917,6996,Pro,2024-09-26,2024-09-28,Integration,Low,60,5,0
8918,6996,Pro,2024-10-07,2024-10-07,Onboarding,High,8,4,0
8919,6996,Pro,2024-10-05,2024-10-06,Billing,Medium,27,3,0
8920,6996,Starter,2024-12-05,2024-12-05,Integration,High,4,4,0
8921,6996,Starter,2024-11-21,2024-11-22,Onboarding,Medium,40,2,0
8922,6996,Pro,2024-12-27,2024-12-27,Performance,High,2,4,0
8923,7000,Enterprise,2025-01-04,2025-01-04,Technical,Medium,22,4,0
8924,7000,Enterprise,2024-12-28,2024-12-28,Performance,Critical,2,4,0
8925,7000,Enterprise,2024-12-24,2024-12-24,Integration,High,9,2,0
8926,7004,Starter,2025-01-04,2025-01-07,Integration,Low,84,5,0
8927,7004,Starter,2024-12-17,2024-12-17,Billing,Medium,18,5,0
8928,7007,Pro,2024-12-15,2024-12-15,Feature Request,High,11,3,0
8929,7007,Pro,2025-01-05,2025-01-05,Billing,Medium,22,5,0
8930,7007,Pro,2025-01-06,2025-01-06,Billing,Critical,1,2,0
8931,7007,Pro,2024-12-24,2024-12-24,Account,High,5,3,0
8932,7014,Enterprise,2025-01-02,2025-01-03,Technical,Medium,35,4,0
8933,7014,Enterprise,2025-01-07,2025-01-09,Billing,Low,52,5,0
8934,7015,Business,2024-09-29,2024-09-30,Integration,Medium,34,4,0
8935,7015,Business,2024-09-25,2024-09-25,Performance,Medium,20,4,0
8936,7015,Pro,2024-12-22,2024-12-26,Integration,Low,116,4,0
8937,7016,Enterprise,2024-12-12,2024-12-13,Onboarding,Medium,28,4,0
8938,7016,Enterprise,2024-12-25,2024-12-26,Integration,Medium,26,4,0
8939,7020,Enterprise,2025-01-04,2025-01-05,Account,Medium,38,4,0
8940,7020,Enterprise,2024-12-17,2024-12-18,Onboarding,Medium,25,4,0
8941,7020,Enterprise,2025-01-09,2025-01-10,Billing,Medium,44,4,0
8942,7020,Enterprise,2024-12-27,2024-12-28,Billing,Medium,24,2,0
8943,7020,Enterprise,2024-12-14,2024-12-17,Onboarding,Low,95,3,0
8944,7027,Business,2025-01-06,2025-01-07,Performance,Medium,46,4,0
8945,7027,Business,2025-01-05,2025-01-05,Onboarding,Medium,10,5,0
8946,7028,Pro,2024-12-01,2024-12-01,Technical,Medium,15,4,0
8947,7028,Pro,2024-11-15,2024-11-18,Billing,Low,82,2,0
8948,7028,Pro,2024-11-11,2024-11-13,Performance,Low,49,1,0
8949,7028,Pro,2024-11-20,2024-11-23,Integration,Low,84,4,0
8950,7028,Business,2024-12-23,2024-12-23,Account,Critical,4,5,0
8951,7028,Business,2024-12-23,2024-12-27,Onboarding,Low,105,4,0
8952,7030,Starter,2024-12-13,2024-12-16,Performance,Low,93,2,1
8953,7035,Starter,2024-07-30,2024-07-30,Billing,High,8,3,1
8954,7035,Starter,2024-08-31,2024-09-01,Onboarding,Medium,28,4,1
8955,7035,Starter,2024-09-07,2024-09-08,Feature Request,Low,25,1,1
8956,7040,Enterprise,2024-12-31,2024-12-31,Onboarding,Medium,9,4,0
8957,7040,Enterprise,2024-12-15,2024-12-15,Account,Medium,21,5,0
8958,7044,Enterprise,2025-01-02,2025-01-03,Billing,Medium,24,5,0
8959,7044,Enterprise,2024-12-18,2024-12-19,Account,Low,37,1,0
8960,7044,Enterprise,2025-01-08,2025-01-09,Technical,Medium,26,3,0
8961,7045,Business,2024-12-17,2024-12-17,Technical,Medium,19,4,0
8962,7050,Enterprise,2024-11-13,2024-11-14,Onboarding,Medium,31,1,0
8963,7050,Enterprise,2024-11-14,2024-11-14,Billing,High,15,5,0
8964,7054,Pro,2024-12-26,2024-12-27,Onboarding,Medium,38,4,0
8965,7054,Pro,2024-12-27,2024-12-27,Onboarding,High,11,2,0
8966,7054,Pro,2024-12-15,2024-12-19,Feature Request,Low,108,2,0
8967,7055,Pro,2025-01-01,2025-01-05,Billing,Low,101,2,0
8968,7055,Pro,2024-12-24,2024-12-27,Feature Request,Low,89,4,0
8969,7056,Pro,2025-01-10,2025-01-11,Billing,Low,37,3,0
8970,7056,Pro,2024-12-31,2024-12-31,Performance,Medium,21,4,0
8971,7056,Pro,2025-01-07,2025-01-07,Performance,Medium,8,4,0
8972,7058,Business,2025-01-01,2025-01-01,Performance,Medium,11,3,0
8973,7058,Business,2025-01-04,2025-01-04,Technical,Medium,22,1,0
8974,7059,Starter,2024-12-30,2025-01-03,Account,Low,107,4,0
8975,7059,Starter,2024-12-15,2024-12-15,Integration,Critical,7,1,0
8976,7060,Starter,2024-12-23,2024-12-27,Integration,Low,101,4,0
8977,7066,Business,2024-12-19,2024-12-20,Billing,Low,40,5,0
8978,7066,Business,2024-12-18,2024-12-22,Feature Request,Low,102,5,0
8979,7066,Business,2024-12-29,2024-12-29,Feature Request,Critical,5,3,0
8980,7070,Starter,2024-10-27,2024-10-27,Performance,High,10,5,0
8981,7070,Pro,2025-01-08,2025-01-08,Technical,Critical,1,4,0
8982,7077,Starter,2024-09-27,2024-09-27,Billing,High,22,2,1
8983,7078,Pro,2024-11-25,2024-11-27,Integration,Low,70,1,1
8984,7078,Pro,2024-12-04,2024-12-04,Feature Request,Critical,3,2,1
8985,7079,Enterprise,2024-08-17,2024-08-17,Technical,Medium,8,4,0
8986,7079,Enterprise,2024-09-08,2024-09-10,Billing,Low,54,3,0
8987,7079,Enterprise,2024-08-22,2024-08-22,Feature Request,High,2,5,0
8988,7079,Enterprise,2024-09-07,2024-09-07,Onboarding,Medium,19,4,0
8989,7079,Enterprise,2024-08-18,2024-08-20,Feature Request,Low,50,4,0
8990,7079,Enterprise,2024-09-29,2024-10-01,Technical,Low,54,4,0
8991,7079,Enterprise,2024-10-05,2024-10-05,Billing,Medium,17,4,0
8992,7079,Enterprise,2024-09-18,2024-09-18,Onboarding,Medium,22,3,0
8993,7079,Enterprise,2024-09-19,2024-09-19,Feature Request,Medium,13,3,0
8994,7079,Enterprise,2024-10-02,2024-10-02,Billing,Medium,9,3,0
8995,7079,Enterprise,2024-09-29,2024-09-30,Feature Request,Low,45,4,0
8996,7079,Enterprise,2024-09-27,2024-09-27,Performance,Medium,14,4,0
8997,7082,Pro,2024-12-21,2024-12-25,Account,Low,117,4,1
8998,7082,Pro,2024-12-14,2024-12-14,Account,Medium,23,1,1
8999,7082,Pro,2025-01-11,2025-01-14,Integration,Low,82,3,1
9000,7083,Business,2024-08-09,2024-08-13,Billing,Low,114,1,1
9001,7083,Business,2024-08-28,2024-08-28,Performance,Medium,21,2,1
9002,7083,Business,2024-08-25,2024-08-28,Account,Low,88,3,1
9003,7083,Business,2024-08-15,2024-08-16,Performance,Medium,41,5,1
9004,7088,Pro,2025-01-04,2025-01-04,Account,High,4,3,0
9005,7088,Pro,2024-12-22,2024-12-22,Feature Request,High,21,3,0
9006,7089,Pro,2025-01-10,2025-01-13,Feature Request,Low,79,2,0
9007,7092,Pro,2024-12-25,2024-12-26,Performance,Medium,24,5,0
9008,7100,Business,2024-09-15,2024-09-18,Performance,Low,82,5,0
9009,7100,Business,2024-10-10,2024-10-11,Performance,Medium,26,4,0
9010,7100,Business,2024-09-26,2024-09-26,Onboarding,High,11,5,0
9011,7100,Business,2024-10-02,2024-10-04,Feature Request,Low,56,4,0
9012,7100,Pro,2024-12-19,2024-12-20,Performance,Medium,25,2,0
9013,7103,Enterprise,2025-01-02,2025-01-02,Feature Request,Critical,4,4,0
9014,7103,Enterprise,2024-12-15,2024-12-15,Onboarding,Medium,17,1,0
9015,7103,Enterprise,2024-12-16,2024-12-17,Billing,Medium,40,3,0
9016,7103,Enterprise,2024-12-25,2024-12-25,Account,High,16,5,0
9017,7104,Pro,2024-12-30,2024-12-30,Account,Medium,12,4,0
9018,7104,Pro,2024-12-28,2024-12-28,Account,High,20,5,0
9019,7107,Starter,2024-12-28,2024-12-31,Billing,Low,78,5,0
9020,7113,Business,2024-11-16,2024-11-17,Integration,Low,43,4,0
9021,7115,Starter,2024-08-23,2024-08-26,Billing,Low,93,2,1
9022,7115,Starter,2024-09-25,2024-09-25,Onboarding,Medium,17,1,1
9023,7115,Starter,2024-10-12,2024-10-16,Integration,Low,102,2,1
9024,7117,Business,2025-01-02,2025-01-06,Integration,Low,115,1,0
9025,7117,Business,2025-01-07,2025-01-08,Integration,Medium,37,5,0
9026,7122,Enterprise,2024-12-03,2024-12-06,Onboarding,Low,72,3,1
9027,7122,Enterprise,2024-11-27,2024-11-27,Feature Request,High,15,3,1
9028,7122,Enterprise,2024-12-08,2024-12-08,Feature Request,Medium,15,3,1
9029,7122,Enterprise,2024-11-25,2024-11-26,Billing,Medium,28,4,1
9030,7122,Enterprise,2024-11-19,2024-11-19,Feature Request,Medium,15,2,1
9031,7122,Enterprise,2024-11-22,2024-11-23,Technical,Medium,45,4,1
9032,7122,Enterprise,2024-12-05,2024-12-05,Account,Critical,5,3,1
9033,7122,Enterprise,2024-11-17,2024-11-17,Billing,High,5,1,1
9034,7122,Enterprise,2024-11-22,2024-11-23,Billing,Medium,32,2,1
9035,7122,Enterprise,2024-12-13,2024-12-13,Technical,High,13,1,1
9036,7122,Enterprise,2024-12-08,2024-12-08,Integration,High,10,2,1
9037,7124,Pro,2024-12-11,2024-12-11,Billing,Critical,5,4,0
9038,7124,Pro,2024-12-12,2024-12-12,Integration,High,13,5,0
9039,7124,Business,2025-01-07,2025-01-08,Performance,Medium,27,1,0
9040,7124,Business,2024-12-28,2024-12-28,Account,High,18,4,0
9041,7124,Business,2024-12-31,2025-01-01,Feature Request,Low,42,4,0
9042,7129,Business,2025-01-09,2025-01-09,Account,High,7,5,1
9043,7129,Business,2024-12-29,2024-12-29,Performance,Medium,9,3,1
9044,7129,Business,2024-12-19,2024-12-20,Technical,Medium,36,3,1
9045,7129,Business,2025-01-13,2025-01-13,Integration,Critical,3,2,1
9046,7129,Business,2024-12-23,2024-12-24,Onboarding,Medium,42,3,1
9047,7131,Pro,2024-10-01,2024-10-03,Account,Low,70,3,1
9048,7131,Pro,2024-09-20,2024-09-24,Billing,Low,105,2,1
9049,7131,Pro,2024-10-12,2024-10-13,Feature Request,Low,41,2,1
9050,7131,Pro,2024-10-09,2024-10-09,Integration,High,18,3,1
9051,7131,Pro,2024-09-20,2024-09-22,Integration,Low,64,2,1
9052,7131,Pro,2024-09-26,2024-09-27,Onboarding,Medium,27,1,1
9053,7135,Starter,2025-01-03,2025-01-03,Performance,High,13,4,0
9054,7138,Enterprise,2024-12-18,2024-12-18,Performance,High,4,2,0
9055,7138,Enterprise,2024-12-27,2024-12-28,Integration,Medium,45,4,0
9056,7138,Enterprise,2025-01-11,2025-01-12,Account,High,24,4,0
9057,7138,Enterprise,2024-12-25,2024-12-25,Integration,Medium,14,5,0
9058,7138,Enterprise,2025-01-03,2025-01-03,Onboarding,High,9,2,0
9059,7138,Enterprise,2025-01-06,2025-01-07,Account,Low,38,3,0
9060,7139,Pro,2024-11-07,2024-11-08,Account,Medium,32,5,0
9061,7139,Pro,2024-12-12,2024-12-14,Performance,Low,54,4,0
9062,7139,Pro,2024-12-02,2024-12-02,Feature Request,High,22,1,0
9063,7139,Business,2024-12-31,2025-01-01,Account,Medium,32,2,0
9064,7144,Pro,2025-01-05,2025-01-05,Integration,Medium,13,2,0
9065,7144,Pro,2025-01-15,2025-01-19,Technical,Low,98,5,0
9066,7154,Business,2025-01-09,2025-01-09,Integration,High,3,4,0
9067,7154,Business,2025-01-01,2025-01-02,Technical,Medium,33,4,0
9068,7161,Pro,2024-08-30,2024-08-30,Performance,Medium,9,5,1
9069,7161,Pro,2024-09-06,2024-09-06,Onboarding,Medium,19,3,1
9070,7161,Pro,2024-09-25,2024-09-25,Technical,Medium,20,4,1
9071,7161,Pro,2024-09-24,2024-09-25,Feature Request,Low,29,5,1
9072,7161,Pro,2024-09-23,2024-09-23,Billing,Critical,8,3,1
9073,7163,Pro,2025-01-05,2025-01-05,Feature Request,High,12,5,1
9074,7163,Pro,2025-01-07,2025-01-07,Account,High,6,2,1
9075,7163,Pro,2025-01-10,2025-01-10,Feature Request,Medium,11,2,1
9076,7164,Starter,2024-11-13,2024-11-14,Account,Medium,44,5,0
9077,7164,Starter,2024-11-09,2024-11-09,Feature Request,High,14,3,0
9078,7164,Starter,2024-11-21,2024-11-21,Billing,High,6,4,0
9079,7164,Pro,2025-01-12,2025-01-12,Account,High,22,2,0
9080,7165,Enterprise,2025-01-12,2025-01-12,Technical,High,16,5,0
9081,7165,Enterprise,2025-01-04,2025-01-08,Billing,Low,102,2,0
9082,7165,Enterprise,2024-12-23,2024-12-23,Integration,Critical,3,4,0
9083,7173,Business,2025-01-13,2025-01-14,Technical,Medium,28,4,0
9084,7173,Business,2025-01-17,2025-01-20,Performance,Low,72,5,0
9085,7174,Starter,2024-10-13,2024-10-16,Account,Low,81,4,0
9086,7174,Pro,2024-10-11,2024-10-12,Performance,Low,30,3,0
9087,7174,Business,2024-11-22,2024-11-24,Feature Request,Low,60,4,0
9088,7174,Enterprise,2025-01-17,2025-01-17,Technical,Medium,21,2,0
9089,7174,Enterprise,2024-12-20,2024-12-20,Performance,Medium,10,4,0
9090,7176,Business,2024-12-21,2024-12-22,Performance,Low,38,4,0
9091,7183,Pro,2024-12-31,2024-12-31,Billing,Critical,2,5,0
9092,7184,Enterprise,2024-12-20,2024-12-20,Billing,Medium,8,2,0
9093,7184,Enterprise,2025-01-11,2025-01-11,Account,Medium,14,4,0
9094,7184,Enterprise,2025-01-12,2025-01-13,Feature Request,Medium,24,5,0
9095,7184,Enterprise,2024-12-21,2024-12-22,Feature Request,Medium,43,1,0
9096,7187,Pro,2025-01-16,2025-01-20,Integration,Low,116,3,0
9097,7187,Pro,2025-01-14,2025-01-15,Integration,Medium,44,5,0
9098,7189,Enterprise,2025-01-13,2025-01-14,Feature Request,Medium,28,2,0
9099,7189,Enterprise,2024-12-20,2024-12-23,Feature Request,Low,88,2,0
9100,7189,Enterprise,2025-01-17,2025-01-20,Feature Request,Low,89,4,0
9101,7189,Enterprise,2025-01-15,2025-01-15,Onboarding,Medium,16,5,0
9102,7189,Enterprise,2024-12-25,2024-12-29,Feature Request,Low,115,2,0
9103,7189,Enterprise,2025-01-16,2025-01-20,Technical,Low,113,4,0
9104,7191,Starter,2025-01-12,2025-01-13,Integration,Medium,30,4,0
9105,7192,Starter,2024-08-16,2024-08-20,Onboarding,Low,105,1,1
9106,7192,Starter,2024-08-06,2024-08-08,Feature Request,Medium,48,2,1
9107,7192,Starter,2024-08-20,2024-08-22,Account,Low,66,4,1
9108,7192,Starter,2024-09-02,2024-09-03,Feature Request,Medium,26,5,1
9109,7195,Enterprise,2025-01-12,2025-01-12,Feature Request,Medium,18,4,0
9110,7195,Enterprise,2024-12-23,2024-12-23,Performance,Medium,19,2,0
9111,7196,Pro,2024-09-01,2024-09-01,Feature Request,Medium,23,5,0
9112,7196,Pro,2024-08-27,2024-08-27,Integration,Medium,20,4,0
9113,7196,Starter,2025-01-15,2025-01-16,Integration,Medium,44,2,0
9114,7200,Business,2025-01-05,2025-01-06,Onboarding,Medium,44,4,0
9115,7201,Business,2024-12-14,2024-12-18,Onboarding,Low,116,2,1
9116,7201,Business,2024-12-01,2024-12-01,Feature Request,Medium,23,1,1
9117,7201,Business,2024-12-01,2024-12-02,Account,Low,31,3,1
9118,7201,Business,2024-11-26,2024-11-30,Integration,Low,97,2,1
9119,7203,Starter,2024-10-02,2024-10-06,Performance,Low,116,1,1
9120,7203,Starter,2024-10-17,2024-10-17,Technical,High,14,4,1
9121,7206,Enterprise,2025-01-12,2025-01-14,Billing,Low,60,2,0
9122,7208,Pro,2025-01-06,2025-01-06,Performance,Critical,1,2,1
9123,7208,Pro,2025-01-17,2025-01-20,Onboarding,Low,81,3,1
9124,7208,Pro,2025-01-01,2025-01-01,Technical,High,15,1,1
9125,7215,Enterprise,2024-12-30,2024-12-31,Account,Low,42,4,0
9126,7215,Enterprise,2024-12-28,2024-12-28,Performance,Critical,6,5,0
9127,7215,Enterprise,2024-12-24,2024-12-28,Onboarding,Low,111,4,0
9128,7215,Enterprise,2025-01-05,2025-01-05,Integration,Medium,19,3,0
9129,7215,Enterprise,2024-12-22,2024-12-25,Onboarding,Low,85,5,0
9130,7221,Enterprise,2025-01-07,2025-01-07,Integration,High,9,4,0
9131,7221,Enterprise,2024-12-25,2024-12-25,Integration,High,7,5,0
9132,7221,Enterprise,2025-01-20,2025-01-20,Feature Request,Medium,21,4,0
9133,7221,Enterprise,2025-01-12,2025-01-12,Technical,High,11,3,0
9134,7221,Enterprise,2025-01-04,2025-01-05,Billing,Medium,33,4,0
9135,7224,Enterprise,2025-01-11,2025-01-11,Technical,Critical,8,5,0
9136,7224,Enterprise,2025-01-10,2025-01-10,Technical,Medium,9,4,0
9137,7224,Enterprise,2025-01-12,2025-01-12,Onboarding,High,14,1,0
9138,7224,Enterprise,2024-12-29,2024-12-30,Technical,Medium,41,4,0
9139,7225,Business,2025-01-11,2025-01-11,Performance,Critical,5,2,1
9140,7225,Business,2025-01-18,2025-01-18,Account,Medium,11,4,1
9141,7231,Starter,2024-08-15,2024-08-19,Billing,Low,119,4,1
9142,7231,Starter,2024-09-09,2024-09-10,Billing,Medium,38,2,1
9143,7231,Starter,2024-09-13,2024-09-13,Billing,Medium,19,2,1
9144,7231,Starter,2024-09-06,2024-09-09,Onboarding,Low,72,1,1
9145,7231,Starter,2024-09-05,2024-09-05,Billing,Critical,6,3,1
9146,7232,Pro,2025-01-15,2025-01-16,Account,Medium,34,5,0
9147,7232,Pro,2024-12-25,2024-12-25,Billing,Critical,3,4,0
9148,7234,Starter,2024-07-27,2024-07-27,Performance,Medium,22,3,0
9149,7234,Pro,2024-10-27,2024-10-30,Account,Low,74,1,1
9150,7234,Pro,2024-11-04,2024-11-04,Feature Request,High,19,1,1
9151,7234,Pro,2024-11-04,2024-11-04,Technical,Medium,11,2,1
9152,7234,Pro,2024-12-08,2024-12-10,Technical,Medium,48,5,1
9153,7234,Pro,2024-12-09,2024-12-10,Integration,Medium,47,1,1
9154,7234,Pro,2024-12-02,2024-12-04,Account,Low,69,4,1
9155,7238,Pro,2025-01-06,2025-01-07,Feature Request,Medium,47,5,0
9156,7241,Enterprise,2025-01-02,2025-01-03,Billing,Medium,45,4,0
9157,7241,Enterprise,2025-01-21,2025-01-21,Onboarding,Critical,8,2,0
9158,7241,Enterprise,2025-01-14,2025-01-14,Onboarding,High,8,4,0
9159,7241,Enterprise,2025-01-01,2025-01-01,Performance,Critical,1,3,0
9160,7241,Enterprise,2024-12-31,2025-01-01,Technical,Low,30,1,0
9161,7241,Enterprise,2025-01-03,2025-01-06,Technical,Low,94,2,0
9162,7243,Starter,2025-01-07,2025-01-07,Performance,High,10,2,0
9163,7243,Starter,2025-01-16,2025-01-17,Integration,Low,27,4,0
9164,7243,Starter,2024-12-29,2024-12-30,Account,Medium,28,2,0
9165,7245,Starter,2025-01-10,2025-01-10,Billing,Medium,20,2,0
9166,7255,Pro,2024-11-13,2024-11-13,Billing,High,9,4,0
9167,7255,Pro,2024-12-08,2024-12-11,Integration,Low,76,3,0
9168,7255,Pro,2024-11-29,2024-12-02,Performance,Low,84,3,0
9169,7255,Pro,2024-12-06,2024-12-08,Billing,Medium,48,4,0
9170,7255,Pro,2024-12-14,2024-12-14,Billing,Medium,23,4,0
9171,7255,Business,2025-01-05,2025-01-05,Performance,Critical,4,5,0
9172,7256,Business,2025-01-19,2025-01-23,Performance,Low,112,5,0
9173,7256,Business,2025-01-20,2025-01-20,Performance,Medium,19,3,0
9174,7259,Pro,2025-01-05,2025-01-06,Feature Request,Medium,36,5,0
9175,7265,Enterprise,2025-01-04,2025-01-05,Onboarding,Medium,42,3,0
9176,7269,Starter,2025-01-08,2025-01-08,Billing,Critical,7,3,0
9177,7272,Enterprise,2025-01-13,2025-01-14,Integration,Medium,27,4,0
9178,7272,Enterprise,2025-01-12,2025-01-13,Account,Medium,36,4,0
9179,7272,Enterprise,2025-01-19,2025-01-20,Performance,Medium,42,5,0
9180,7274,Enterprise,2025-01-03,2025-01-03,Billing,Critical,3,4,0
9181,7274,Enterprise,2025-01-20,2025-01-20,Account,Critical,6,4,0
9182,7274,Enterprise,2025-01-14,2025-01-15,Integration,Low,28,3,0
9183,7274,Enterprise,2025-01-02,2025-01-03,Feature Request,Medium,29,2,0
9184,7284,Business,2024-12-30,2024-12-30,Performance,High,16,5,0
9185,7287,Pro,2024-10-20,2024-10-20,Billing,Medium,9,5,0
9186,7287,Business,2024-12-30,2025-01-03,Account,Low,100,1,1
9187,7287,Business,2024-12-26,2024-12-26,Account,High,5,2,1
9188,7287,Business,2025-01-06,2025-01-07,Feature Request,Low,42,1,1
9189,7289,Pro,2025-01-21,2025-01-23,Performance,Medium,48,5,0
9190,7289,Pro,2025-01-15,2025-01-17,Onboarding,Low,63,5,0
9191,7294,Enterprise,2025-01-19,2025-01-20,Billing,Low,25,5,0
9192,7294,Enterprise,2025-01-20,2025-01-21,Billing,Medium,36,4,0
9193,7294,Enterprise,2025-01-09,2025-01-10,Account,Medium,31,3,0
9194,7294,Enterprise,2025-01-19,2025-01-22,Performance,Low,87,3,0
9195,7294,Enterprise,2025-01-05,2025-01-08,Billing,Low,89,5,0
9196,7297,Starter,2024-07-31,2024-08-01,Billing,Medium,42,5,0
9197,7297,Starter,2024-08-01,2024-08-01,Feature Request,Medium,12,1,0
9198,7297,Starter,2024-08-28,2024-08-28,Feature Request,High,7,3,0
9199,7297,Pro,2025-01-23,2025-01-25,Billing,Low,52,4,0
9200,7297,Pro,2024-12-27,2024-12-31,Feature Request,Low,96,2,0
9201,7297,Pro,2024-12-27,2024-12-27,Onboarding,Critical,1,5,0
9202,7299,Starter,2024-12-02,2024-12-02,Performance,High,2,3,1
9203,7299,Starter,2024-12-19,2024-12-19,Account,Medium,10,2,1
9204,7299,Pro,2024-11-27,2024-11-27,Feature Request,High,17,2,1
9205,7299,Pro,2024-12-25,2024-12-26,Billing,Medium,35,1,1
9206,7299,Pro,2024-12-07,2024-12-08,Technical,Medium,31,2,1
9207,7299,Pro,2024-11-29,2024-12-02,Account,Low,86,3,1
9208,7305,Pro,2024-10-16,2024-10-17,Account,Medium,40,4,0
9209,7305,Pro,2024-09-27,2024-10-01,Billing,Low,116,4,0
9210,7305,Business,2025-01-09,2025-01-10,Feature Request,Medium,47,2,0
9211,7307,Pro,2024-12-09,2024-12-10,Integration,Medium,42,5,0
9212,7307,Pro,2024-12-15,2024-12-18,Feature Request,Low,77,5,0
9213,7307,Business,2025-01-19,2025-01-20,Account,Medium,34,4,0
9214,7307,Business,2024-12-30,2024-12-31,Performance,Medium,43,4,0
9215,7307,Business,2025-01-06,2025-01-06,Integration,High,9,4,0
9216,7307,Business,2025-01-08,2025-01-11,Account,Low,92,4,0
9217,7307,Business,2025-01-14,2025-01-17,Technical,Low,93,3,0
9218,7311,Enterprise,2024-08-11,2024-08-13,Feature Request,Low,71,4,0
9219,7311,Enterprise,2024-09-20,2024-09-23,Technical,Low,88,5,0
9220,7311,Enterprise,2024-09-12,2024-09-12,Onboarding,High,13,4,0
9221,7311,Enterprise,2024-09-17,2024-09-18,Billing,Medium,38,2,0
9222,7311,Enterprise,2024-09-19,2024-09-19,Integration,High,9,5,0
9223,7311,Business,2025-01-04,2025-01-04,Billing,High,23,3,0
9224,7315,Enterprise,2025-01-11,2025-01-14,Account,Low,79,4,0
9225,7315,Enterprise,2025-01-11,2025-01-12,Onboarding,Medium,37,5,0
9226,7315,Enterprise,2025-01-21,2025-01-22,Billing,Medium,24,3,0
9227,7319,Enterprise,2024-10-12,2024-10-12,Billing,Medium,22,3,0
9228,7319,Enterprise,2024-10-04,2024-10-04,Technical,Medium,23,4,0
9229,7319,Enterprise,2024-10-16,2024-10-19,Feature Request,Low,79,5,0
9230,7319,Business,2024-12-09,2024-12-09,Performance,Critical,4,2,1
9231,7319,Business,2024-12-04,2024-12-05,Feature Request,Low,26,4,1
9232,7319,Business,2024-11-27,2024-12-01,Technical,Low,108,2,1
9233,7319,Business,2024-12-24,2024-12-26,Account,Low,68,3,1
9234,7319,Business,2024-12-06,2024-12-07,Billing,Medium,28,4,1
9235,7319,Business,2024-12-01,2024-12-02,Performance,Medium,29,3,1
9236,7319,Business,2024-12-09,2024-12-10,Onboarding,Medium,30,2,1
9237,7325,Pro,2024-10-16,2024-10-16,Technical,High,13,2,1
9238,7325,Pro,2024-10-06,2024-10-07,Feature Request,Low,32,3,1
9239,7325,Pro,2024-10-10,2024-10-13,Onboarding,Low,94,3,1
9240,7333,Pro,2024-11-30,2024-12-01,Technical,Medium,43,5,1
9241,7334,Enterprise,2024-10-12,2024-10-16,Account,Low,115,1,1
9242,7334,Enterprise,2024-10-01,2024-10-01,Integration,Medium,12,4,1
9243,7334,Enterprise,2024-09-30,2024-10-03,Feature Request,Low,86,1,1
9244,7334,Enterprise,2024-09-29,2024-09-29,Performance,Critical,7,2,1
9245,7334,Enterprise,2024-09-29,2024-09-29,Account,High,20,4,1
9246,7334,Enterprise,2024-10-16,2024-10-17,Technical,Medium,26,4,1
9247,7334,Enterprise,2024-10-14,2024-10-16,Feature Request,Low,55,1,1
9248,7334,Enterprise,2024-10-23,2024-10-23,Feature Request,Critical,8,1,1
9249,7334,Enterprise,2024-10-18,2024-10-21,Technical,Low,81,2,1
9250,7339,Pro,2024-08-13,2024-08-17,Onboarding,Low,114,1,1
9251,7340,Business,2024-12-26,2024-12-26,Feature Request,Medium,16,1,1
9252,7340,Business,2024-12-22,2024-12-23,Onboarding,Low,29,1,1
9253,7340,Business,2024-12-22,2024-12-24,Onboarding,Low,71,1,1
9254,7340,Business,2024-12-17,2024-12-17,Integration,Medium,15,3,1
9255,7340,Business,2024-12-17,2024-12-18,Integration,Low,30,3,1
9256,7341,Business,2025-01-04,2025-01-05,Performance,Medium,45,4,0
9257,7341,Business,2025-01-09,2025-01-10,Onboarding,Low,28,4,0
9258,7341,Business,2024-12-30,2024-12-31,Integration,Low,41,4,0
9259,7341,Business,2025-01-10,2025-01-10,Account,High,3,3,0
9260,7345,Starter,2024-10-20,2024-10-20,Onboarding,Medium,19,3,1
9261,7345,Starter,2024-10-18,2024-10-19,Integration,Low,40,3,1
9262,7346,Starter,2024-09-21,2024-09-21,Integration,Medium,15,1,1
9263,7346,Starter,2024-09-07,2024-09-08,Technical,Medium,25,1,1
9264,7346,Starter,2024-09-18,2024-09-19,Feature Request,Medium,39,1,1
9265,7346,Starter,2024-10-06,2024-10-06,Account,Medium,16,3,1
9266,7354,Enterprise,2024-09-11,2024-09-15,Integration,Low,108,4,0
9267,7354,Enterprise,2024-09-02,2024-09-02,Performance,Medium,20,4,0
9268,7354,Enterprise,2024-09-17,2024-09-18,Onboarding,Low,28,3,0
9269,7354,Enterprise,2024-09-18,2024-09-19,Feature Request,Low,39,5,0
9270,7354,Enterprise,2024-09-09,2024-09-10,Integration,Low,39,3,0
9271,7354,Enterprise,2024-09-24,2024-09-25,Feature Request,Low,33,1,0
9272,7354,Enterprise,2024-09-07,2024-09-08,Integration,Medium,41,4,0
9273,7354,Enterprise,2024-09-13,2024-09-13,Technical,High,8,3,0
9274,7354,Enterprise,2024-10-04,2024-10-04,Integration,Medium,12,3,0
9275,7354,Enterprise,2024-10-10,2024-10-10,Onboarding,High,4,1,0
9276,7354,Enterprise,2024-09-30,2024-10-01,Technical,Medium,37,5,0
9277,7354,Enterprise,2024-10-21,2024-10-21,Feature Request,Medium,15,3,0
9278,7354,Enterprise,2024-10-16,2024-10-17,Integration,Low,35,4,0
9279,7354,Enterprise,2024-10-17,2024-10-21,Billing,Low,103,4,0
9280,7354,Enterprise,2024-10-04,2024-10-05,Onboarding,Low,31,4,0
9281,7354,Enterprise,2024-10-10,2024-10-11,Integration,Medium,24,3,0
9282,7354,Business,2025-01-11,2025-01-15,Performance,Low,102,5,0
9283,7354,Business,2024-12-31,2025-01-03,Onboarding,Low,94,5,0
9284,7354,Business,2025-01-09,2025-01-10,Technical,Low,41,2,0
9285,7359,Pro,2024-09-10,2024-09-12,Onboarding,Low,48,3,1
9286,7359,Pro,2024-08-29,2024-08-30,Onboarding,Low,39,2,1
9287,7361,Pro,2025-01-24,2025-01-25,Billing,Medium,40,1,1
9288,7362,Business,2025-01-22,2025-01-23,Technical,Medium,27,3,0
9289,7362,Business,2025-01-17,2025-01-18,Performance,Low,36,5,0
9290,7364,Business,2024-12-31,2024-12-31,Onboarding,Medium,16,5,0
9291,7364,Business,2024-12-30,2024-12-30,Account,High,10,4,0
9292,7364,Business,2025-01-03,2025-01-03,Account,High,19,1,0
9293,7364,Business,2025-01-08,2025-01-09,Technical,Medium,31,3,0
9294,7370,Business,2025-01-07,2025-01-07,Technical,High,9,3,0
9295,7370,Business,2025-01-02,2025-01-03,Integration,Medium,24,2,0
9296,7371,Business,2025-01-10,2025-01-14,Account,Low,119,5,0
9297,7371,Business,2025-01-17,2025-01-18,Feature Request,Medium,45,5,0
9298,7373,Pro,2025-01-04,2025-01-04,Technical,High,7,2,0
9299,7374,Business,2025-01-24,2025-01-25,Account,Medium,34,5,0
9300,7381,Starter,2024-09-16,2024-09-16,Technical,High,22,1,1
9301,7381,Starter,2024-09-01,2024-09-02,Technical,Medium,32,2,1
9302,7383,Enterprise,2024-12-20,2024-12-21,Performance,Low,34,5,0
9303,7383,Enterprise,2024-12-06,2024-12-07,Onboarding,Medium,42,3,0
9304,7383,Enterprise,2024-12-22,2024-12-26,Account,Low,100,5,0
9305,7383,Enterprise,2024-12-16,2024-12-20,Onboarding,Low,96,4,0
9306,7383,Enterprise,2024-12-21,2024-12-21,Feature Request,Critical,4,3,0
9307,7383,Enterprise,2024-12-05,2024-12-08,Performance,Low,91,5,0
9308,7383,Enterprise,2024-12-01,2024-12-02,Billing,Medium,39,2,0
9309,7383,Business,2025-01-24,2025-01-24,Performance,High,16,4,0
9310,7383,Business,2024-12-30,2024-12-30,Integration,Medium,17,5,0
9311,7383,Business,2025-01-07,2025-01-07,Feature Request,High,6,4,0
9312,7383,Business,2025-01-21,2025-01-23,Technical,Low,69,3,0
9313,7386,Business,2025-01-24,2025-01-25,Integration,Medium,45,3,0
9314,7397,Pro,2024-12-03,2024-12-04,Onboarding,Low,46,5,0
9315,7397,Pro,2024-12-09,2024-12-10,Technical,Medium,35,3,0
9316,7398,Business,2024-10-13,2024-10-14,Billing,Low,44,1,1
9317,7398,Business,2024-10-12,2024-10-13,Feature Request,Low,46,1,1
9318,7398,Business,2024-10-24,2024-10-26,Billing,Low,61,3,1
9319,7398,Business,2024-10-12,2024-10-13,Performance,Low,36,1,1
9320,7398,Business,2024-10-04,2024-10-05,Integration,Low,27,3,1
9321,7398,Business,2024-10-02,2024-10-02,Technical,High,9,4,1
9322,7398,Business,2024-11-01,2024-11-02,Integration,Low,27,2,1
9323,7398,Business,2024-11-12,2024-11-13,Integration,Medium,36,2,1
9324,7398,Business,2024-11-10,2024-11-13,Onboarding,Low,95,5,1
9325,7398,Business,2024-11-21,2024-11-23,Billing,Low,60,5,1
9326,7398,Business,2024-11-02,2024-11-06,Billing,Low,97,3,1
9327,7401,Enterprise,2024-12-15,2024-12-16,Performance,Low,47,5,0
9328,7401,Enterprise,2024-12-15,2024-12-15,Account,Medium,12,4,0
9329,7401,Enterprise,2024-12-20,2024-12-21,Integration,Low,34,1,0
9330,7401,Enterprise,2024-12-12,2024-12-12,Technical,Critical,8,3,0
9331,7401,Enterprise,2024-12-04,2024-12-04,Billing,Medium,20,4,0
9332,7401,Enterprise,2024-12-24,2024-12-25,Performance,Medium,39,4,0
9333,7403,Business,2024-12-17,2024-12-17,Performance,Critical,1,4,0
9334,7403,Business,2024-12-14,2024-12-14,Onboarding,Critical,3,3,0
9335,7404,Enterprise,2024-12-23,2024-12-25,Technical,Low,65,3,0
9336,7404,Enterprise,2024-12-13,2024-12-15,Account,Low,71,2,0
9337,7404,Enterprise,2024-12-18,2024-12-19,Integration,Medium,38,4,0
9338,7404,Enterprise,2024-12-11,2024-12-12,Account,Medium,46,3,0
9339,7406,Pro,2024-09-25,2024-09-29,Feature Request,Low,115,4,0
9340,7406,Pro,2024-09-17,2024-09-20,Integration,Low,81,3,0
9341,7406,Pro,2024-09-04,2024-09-05,Onboarding,Medium,30,4,0
9342,7406,Starter,2024-12-18,2024-12-18,Technical,High,12,3,0
9343,7409,Pro,2024-09-27,2024-09-28,Billing,Medium,45,5,0
9344,7409,Business,2024-12-23,2024-12-24,Integration,Medium,43,4,0
9345,7409,Business,2024-12-02,2024-12-02,Onboarding,High,6,5,0
9346,7412,Business,2024-12-13,2024-12-13,Feature Request,High,23,5,0
9347,7412,Business,2024-12-14,2024-12-14,Onboarding,Medium,11,4,0
9348,7418,Enterprise,2024-12-11,2024-12-11,Onboarding,Critical,1,2,0
9349,7418,Enterprise,2024-12-15,2024-12-15,Technical,Medium,12,4,0
9350,7418,Enterprise,2024-12-03,2024-12-04,Account,Medium,39,5,0
9351,7418,Enterprise,2024-12-05,2024-12-08,Performance,Low,86,2,0
9352,7418,Enterprise,2024-12-19,2024-12-19,Account,Medium,23,4,0
9353,7419,Business,2024-12-25,2024-12-29,Feature Request,Low,111,5,0
9354,7424,Starter,2024-12-29,2024-12-30,Integration,Medium,24,3,0
9355,7427,Pro,2024-10-22,2024-10-22,Onboarding,High,10,1,1
9356,7427,Pro,2024-11-18,2024-11-18,Technical,Medium,17,2,1
9357,7427,Pro,2024-11-23,2024-11-23,Billing,High,20,1,1
9358,7429,Business,2024-12-30,2025-01-02,Performance,Low,95,4,0
9359,7429,Business,2024-12-30,2024-12-31,Feature Request,Medium,27,4,0
9360,7429,Business,2024-12-02,2024-12-03,Technical,Medium,41,5,0
9361,7429,Business,2024-12-24,2024-12-25,Technical,Medium,34,5,0
9362,7438,Starter,2024-12-10,2024-12-14,Feature Request,Low,113,2,1
9363,7438,Starter,2024-12-14,2024-12-14,Performance,High,8,4,1
9364,7439,Starter,2024-12-24,2024-12-27,Billing,Low,87,4,0
9365,7440,Pro,2024-12-05,2024-12-06,Integration,Low,25,4,0
9366,7440,Pro,2024-12-29,2024-12-31,Feature Request,Low,65,5,0
9367,7441,Business,2024-11-09,2024-11-09,Billing,Medium,14,5,0
9368,7441,Business,2024-11-17,2024-11-17,Integration,High,22,3,0
9369,7441,Business,2024-12-01,2024-12-01,Technical,Medium,20,3,0
9370,7441,Pro,2024-12-06,2024-12-09,Feature Request,Low,84,3,0
9371,7441,Pro,2024-12-11,2024-12-15,Billing,Low,114,4,0
9372,7446,Starter,2024-12-03,2024-12-03,Performance,Medium,12,3,0
9373,7450,Business,2024-08-25,2024-08-25,Performance,Medium,19,4,0
9374,7450,Business,2024-08-08,2024-08-09,Onboarding,Low,30,3,0
9375,7450,Business,2024-08-06,2024-08-06,Feature Request,Critical,8,2,0
9376,7450,Business,2024-08-28,2024-08-28,Technical,Medium,21,4,0
9377,7450,Business,2024-09-17,2024-09-18,Integration,Medium,26,3,0
9378,7450,Business,2024-09-21,2024-09-21,Technical,Critical,4,4,0
9379,7452,Pro,2024-12-15,2024-12-19,Technical,Low,109,4,0
9380,7454,Pro,2024-12-13,2024-12-14,Onboarding,Medium,36,5,0
9381,7454,Pro,2024-12-04,2024-12-06,Feature Request,Low,55,2,0
9382,7455,Pro,2024-08-16,2024-08-17,Account,Low,41,3,1
9383,7455,Pro,2024-08-05,2024-08-08,Performance,Low,76,2,1
9384,7455,Pro,2024-08-25,2024-08-29,Billing,Low,98,1,1
9385,7456,Enterprise,2024-12-24,2024-12-24,Performance,High,5,3,0
9386,7456,Enterprise,2024-12-12,2024-12-12,Integration,High,22,4,0
9387,7456,Enterprise,2024-12-09,2024-12-09,Billing,Critical,2,4,0
9388,7456,Enterprise,2024-12-22,2024-12-25,Billing,Low,82,5,0
9389,7456,Enterprise,2024-12-05,2024-12-06,Onboarding,Medium,38,5,0
9390,7456,Enterprise,2024-12-13,2024-12-14,Feature Request,Medium,35,4,0
9391,7461,Business,2024-12-20,2024-12-20,Integration,High,2,3,0
9392,7461,Business,2024-12-29,2024-12-30,Billing,Medium,47,1,0
9393,7461,Business,2024-12-10,2024-12-11,Technical,Medium,33,4,0
9394,7461,Business,2024-12-15,2024-12-15,Feature Request,Medium,9,4,0
9395,7461,Business,2024-12-29,2024-12-29,Account,High,21,5,0
9396,7463,Pro,2024-12-19,2024-12-20,Feature Request,Medium,33,5,0
9397,7469,Pro,2024-12-19,2024-12-20,Performance,Low,45,4,0
9398,7469,Pro,2025-01-02,2025-01-04,Account,Low,65,5,0
9399,7470,Enterprise,2024-12-23,2024-12-24,Performance,Medium,27,5,0
9400,7470,Enterprise,2024-12-15,2024-12-18,Technical,Low,78,5,0
9401,7470,Enterprise,2024-12-22,2024-12-22,Account,Critical,6,5,0
9402,7470,Enterprise,2024-12-13,2024-12-14,Account,Medium,30,4,0
9403,7470,Enterprise,2024-12-17,2024-12-17,Technical,Medium,23,4,0
9404,7477,Pro,2024-09-07,2024-09-07,Onboarding,High,14,5,0
9405,7477,Starter,2024-11-21,2024-11-21,Technical,Medium,8,3,1
9406,7477,Starter,2024-11-07,2024-11-08,Performance,Medium,43,2,1
9407,7481,Pro,2024-12-05,2024-12-05,Account,Medium,11,5,0
9408,7481,Pro,2024-12-28,2024-12-31,Feature Request,Low,91,3,0
9409,7481,Pro,2024-12-15,2024-12-16,Billing,Medium,26,5,0
9410,7483,Starter,2024-12-02,2024-12-03,Billing,Medium,42,4,1
9411,7483,Starter,2024-11-17,2024-11-18,Performance,Medium,27,1,1
9412,7483,Starter,2024-11-13,2024-11-15,Performance,Low,58,2,1
9413,7485,Enterprise,2024-12-09,2024-12-09,Performance,Medium,22,5,0
9414,7485,Enterprise,2024-12-15,2024-12-15,Feature Request,High,21,5,0
9415,7485,Enterprise,2024-12-09,2024-12-10,Billing,Low,41,5,0
9416,7485,Enterprise,2024-12-05,2024-12-05,Technical,Medium,13,3,0
9417,7485,Enterprise,2024-12-14,2024-12-14,Account,Medium,8,4,0
9418,7485,Enterprise,2024-12-20,2024-12-21,Integration,Medium,45,3,0
9419,7487,Pro,2024-08-10,2024-08-10,Technical,High,20,1,1
9420,7487,Pro,2024-09-10,2024-09-10,Performance,Medium,20,3,1
9421,7487,Pro,2024-10-02,2024-10-03,Account,Low,43,4,1
9422,7487,Pro,2024-09-19,2024-09-19,Feature Request,High,20,3,1
9423,7490,Business,2024-12-14,2024-12-18,Onboarding,Low,114,3,0
9424,7490,Business,2024-12-17,2024-12-17,Onboarding,Medium,23,1,0
9425,7490,Business,2024-12-11,2024-12-11,Performance,Medium,23,4,0
9426,7490,Business,2024-12-15,2024-12-16,Performance,Medium,47,5,0
9427,7491,Enterprise,2025-01-02,2025-01-02,Integration,High,5,5,0
9428,7492,Enterprise,2024-12-22,2024-12-25,Billing,Low,86,5,0
9429,7492,Enterprise,2024-12-29,2025-01-01,Billing,Low,85,5,0
9430,7497,Enterprise,2024-12-20,2024-12-20,Account,Medium,13,2,0
9431,7497,Enterprise,2024-12-21,2024-12-22,Account,Medium,37,4,0
9432,7497,Enterprise,2024-12-12,2024-12-12,Billing,High,22,1,0
9433,7497,Enterprise,2025-01-01,2025-01-01,Integration,High,15,5,0
9434,7500,Enterprise,2025-01-03,2025-01-03,Technical,High,10,2,0
9435,7500,Enterprise,2024-12-16,2024-12-16,Onboarding,Medium,19,4,0
9436,7500,Enterprise,2024-12-21,2024-12-25,Account,Low,96,3,0
9437,7500,Enterprise,2024-12-29,2024-12-30,Performance,Low,24,5,0
9438,7513,Business,2024-12-30,2024-12-31,Technical,Medium,30,5,0
9439,7513,Business,2024-12-16,2024-12-16,Onboarding,High,3,5,0
9440,7513,Business,2024-12-07,2024-12-08,Billing,Low,27,5,0
9441,7513,Business,2024-12-24,2024-12-28,Performance,Low,116,2,0
9442,7513,Business,2025-01-03,2025-01-04,Account,Low,29,3,0
9443,7513,Business,2025-01-02,2025-01-02,Feature Request,Critical,4,4,0
9444,7521,Starter,2024-12-25,2024-12-29,Onboarding,Low,104,3,0
9445,7525,Starter,2024-11-09,2024-11-10,Feature Request,Medium,47,2,1
9446,7532,Enterprise,2024-09-30,2024-10-01,Account,High,24,4,0
9447,7532,Enterprise,2024-09-13,2024-09-13,Performance,High,11,2,0
9448,7532,Enterprise,2024-09-22,2024-09-23,Onboarding,Medium,29,4,0
9449,7532,Enterprise,2024-10-04,2024-10-07,Feature Request,Low,93,5,0
9450,7532,Enterprise,2024-09-20,2024-09-20,Onboarding,High,3,4,0
9451,7532,Enterprise,2024-09-22,2024-09-22,Onboarding,Medium,21,5,0
9452,7532,Enterprise,2024-09-28,2024-10-02,Technical,Low,103,5,0
9453,7532,Business,2024-12-19,2024-12-22,Performance,Low,90,2,0
9454,7541,Starter,2024-10-10,2024-10-11,Technical,Medium,42,1,1
9455,7541,Starter,2024-11-13,2024-11-16,Integration,Low,91,2,1
9456,7544,Pro,2024-12-18,2024-12-18,Billing,Critical,3,3,0
9457,7546,Business,2024-12-24,2024-12-28,Feature Request,Low,108,4,0
9458,7546,Business,2024-12-10,2024-12-11,Performance,Medium,25,5,0
9459,7546,Business,2024-12-23,2024-12-24,Feature Request,Medium,36,2,0
9460,7546,Business,2024-12-14,2024-12-15,Integration,Low,43,5,0
9461,7565,Pro,2025-01-05,2025-01-06,Account,Low,29,5,0
9462,7573,Pro,2024-12-15,2024-12-16,Onboarding,Medium,31,3,0
9463,7574,Pro,2024-12-12,2024-12-13,Performance,Medium,27,5,0
9464,7576,Business,2024-09-07,2024-09-11,Account,Low,106,4,1
9465,7576,Business,2024-08-14,2024-08-14,Onboarding,Medium,19,1,1
9466,7576,Business,2024-09-03,2024-09-07,Integration,Low,112,1,1
9467,7576,Business,2024-08-24,2024-08-25,Performance,Medium,27,1,1
9468,7576,Business,2024-08-25,2024-08-25,Integration,High,2,2,1
9469,7576,Business,2024-08-19,2024-08-19,Performance,Medium,14,2,1
9470,7576,Business,2024-09-26,2024-09-28,Feature Request,Low,63,2,1
9471,7576,Business,2024-09-16,2024-09-16,Performance,High,12,3,1
9472,7576,Business,2024-09-14,2024-09-14,Integration,High,14,4,1
9473,7576,Business,2024-09-16,2024-09-16,Onboarding,Critical,1,2,1
9474,7576,Business,2024-09-23,2024-09-24,Onboarding,Low,43,3,1
9475,7579,Business,2024-09-26,2024-09-27,Performance,Medium,29,1,1
9476,7579,Business,2024-09-15,2024-09-15,Feature Request,High,2,3,1
9477,7579,Business,2024-09-11,2024-09-11,Account,High,16,2,1
9478,7579,Business,2024-09-28,2024-09-28,Onboarding,High,7,3,1
9479,7579,Business,2024-10-05,2024-10-08,Billing,Low,80,1,1
9480,7582,Business,2024-12-20,2024-12-22,Integration,Low,54,5,0
9481,7582,Business,2024-12-12,2024-12-12,Integration,High,15,3,0
9482,7582,Business,2025-01-05,2025-01-09,Billing,Low,97,4,0
9483,7585,Starter,2024-09-16,2024-09-18,Integration,Low,55,2,1
9484,7590,Enterprise,2024-12-16,2024-12-17,Performance,Medium,38,4,0
9485,7590,Enterprise,2024-12-13,2024-12-13,Performance,Medium,12,2,0
9486,7590,Enterprise,2024-12-17,2024-12-20,Billing,Low,95,3,0
9487,7590,Enterprise,2025-01-02,2025-01-03,Billing,Medium,39,1,0
9488,7591,Pro,2024-12-05,2024-12-08,Onboarding,Low,82,3,0
9489,7592,Enterprise,2025-01-08,2025-01-09,Account,Medium,39,4,0
9490,7592,Enterprise,2024-12-27,2024-12-29,Technical,Low,66,4,0
9491,7592,Enterprise,2024-12-25,2024-12-25,Technical,Medium,9,4,0
9492,7592,Enterprise,2024-12-25,2024-12-25,Feature Request,High,20,5,0
9493,7592,Enterprise,2024-12-30,2024-12-31,Integration,Medium,30,3,0
9494,7595,Enterprise,2024-12-27,2024-12-28,Feature Request,Medium,26,4,0
9495,7595,Enterprise,2024-12-28,2024-12-28,Technical,High,9,4,0
9496,7595,Enterprise,2025-01-02,2025-01-02,Technical,Medium,22,5,0
9497,7595,Enterprise,2025-01-05,2025-01-05,Integration,High,15,3,0
9498,7595,Enterprise,2025-01-08,2025-01-09,Feature Request,Medium,35,2,0
9499,7595,Enterprise,2025-01-02,2025-01-06,Integration,Low,96,4,0
9500,7595,Enterprise,2024-12-27,2024-12-28,Integration,Medium,28,4,0
9501,7597,Starter,2024-12-21,2024-12-21,Technical,Medium,13,5,0
9502,7597,Starter,2024-12-13,2024-12-14,Account,Low,32,4,0
9503,7602,Business,2024-12-29,2024-12-30,Onboarding,Medium,43,3,0
9504,7602,Business,2024-12-21,2024-12-21,Onboarding,Medium,21,5,0
9505,7602,Business,2024-12-31,2025-01-01,Account,Medium,27,5,0
9506,7607,Pro,2024-09-30,2024-10-01,Integration,Low,34,5,0
9507,7607,Business,2025-01-03,2025-01-06,Billing,Low,78,2,0
9508,7607,Business,2025-01-09,2025-01-10,Account,Low,26,3,0
9509,7609,Pro,2025-01-04,2025-01-05,Technical,Low,45,4,0
9510,7609,Pro,2024-12-22,2024-12-22,Account,Medium,16,5,0
9511,7613,Pro,2025-01-01,2025-01-01,Account,Medium,22,5,0
9512,7622,Pro,2024-12-26,2024-12-26,Integration,Medium,9,3,0
9513,7622,Pro,2024-12-29,2024-12-30,Account,Low,44,3,0
9514,7633,Enterprise,2024-12-30,2025-01-02,Feature Request,Low,74,4,0
9515,7633,Enterprise,2024-12-20,2024-12-20,Performance,High,5,2,0
9516,7633,Enterprise,2025-01-11,2025-01-11,Technical,High,5,3,0
9517,7633,Enterprise,2024-12-19,2024-12-19,Performance,High,6,5,0
9518,7633,Enterprise,2024-12-14,2024-12-18,Technical,Low,118,3,0
9519,7635,Starter,2025-01-08,2025-01-08,Feature Request,High,9,2,0
9520,7635,Starter,2024-12-25,2024-12-26,Integration,Low,34,5,0
9521,7637,Business,2024-11-19,2024-11-21,Feature Request,Low,50,4,0
9522,7637,Business,2024-11-20,2024-11-20,Technical,High,16,4,0
9523,7637,Business,2024-12-03,2024-12-06,Account,Low,90,4,0
9524,7637,Business,2024-12-12,2024-12-14,Performance,Low,48,2,0
9525,7640,Enterprise,2024-12-27,2024-12-31,Onboarding,Low,100,4,0
9526,7640,Enterprise,2025-01-06,2025-01-06,Integration,High,15,4,0
9527,7640,Enterprise,2024-12-31,2024-12-31,Performance,Critical,6,4,0
9528,7640,Enterprise,2024-12-17,2024-12-21,Feature Request,Low,96,4,0
9529,7654,Pro,2024-11-26,2024-11-26,Account,Medium,19,5,0
9530,7654,Business,2024-12-19,2024-12-20,Feature Request,Medium,38,4,0
9531,7659,Pro,2025-01-10,2025-01-10,Feature Request,Medium,18,4,0
9532,7659,Pro,2024-12-15,2024-12-16,Performance,Low,31,3,0
9533,7665,Starter,2024-12-19,2024-12-19,Onboarding,Medium,18,5,0
9534,7668,Pro,2025-01-10,2025-01-10,Onboarding,High,14,5,0
9535,7678,Starter,2024-12-12,2024-12-13,Account,Low,27,3,1
9536,7678,Starter,2024-12-11,2024-12-11,Integration,High,16,4,1
9537,7678,Starter,2024-12-11,2024-12-12,Onboarding,Medium,30,3,1
9538,7687,Pro,2024-12-22,2024-12-22,Account,High,23,4,0
9539,7687,Pro,2025-01-08,2025-01-09,Account,Low,38,4,0
9540,7693,Pro,2024-12-25,2024-12-25,Performance,Medium,18,3,1
9541,7693,Pro,2024-12-29,2024-12-30,Performance,Medium,33,3,1
9542,7696,Enterprise,2024-12-29,2024-12-30,Onboarding,Medium,38,5,0
9543,7696,Enterprise,2024-12-22,2024-12-24,Technical,Low,71,4,0
9544,7696,Enterprise,2025-01-05,2025-01-06,Account,Medium,32,5,0
9545,7696,Enterprise,2024-12-31,2025-01-01,Integration,Medium,44,1,0
9546,7696,Enterprise,2024-12-24,2024-12-25,Feature Request,Medium,34,2,0
9547,7706,Enterprise,2025-01-10,2025-01-10,Performance,Medium,19,4,0
9548,7706,Enterprise,2024-12-30,2024-12-31,Billing,Medium,39,4,0
9549,7706,Enterprise,2025-01-12,2025-01-15,Technical,Low,86,3,0
9550,7706,Enterprise,2024-12-22,2024-12-22,Performance,High,15,4,0
9551,7706,Enterprise,2025-01-13,2025-01-14,Account,Medium,39,4,0
9552,7706,Enterprise,2024-12-23,2024-12-27,Performance,Low,98,4,0
9553,7711,Pro,2025-01-07,2025-01-08,Performance,Medium,36,5,0
9554,7720,Enterprise,2024-12-25,2024-12-26,Performance,Medium,26,4,0
9555,7720,Enterprise,2024-12-30,2024-12-30,Feature Request,High,9,4,0
9556,7720,Enterprise,2025-01-02,2025-01-02,Billing,High,12,4,0
9557,7720,Enterprise,2024-12-26,2024-12-29,Billing,Low,86,4,0
9558,7720,Enterprise,2025-01-15,2025-01-15,Account,Medium,8,5,0
9559,7720,Enterprise,2024-12-18,2024-12-19,Technical,Medium,42,4,0
9560,7723,Business,2024-09-28,2024-09-29,Integration,Medium,36,4,0
9561,7724,Business,2025-01-04,2025-01-04,Performance,High,2,4,0
9562,7724,Business,2024-12-22,2024-12-23,Account,Low,38,4,0
9563,7728,Pro,2024-12-31,2025-01-03,Integration,Low,78,5,0
9564,7728,Pro,2025-01-06,2025-01-06,Technical,High,2,3,0
9565,7729,Enterprise,2025-01-03,2025-01-03,Onboarding,High,15,2,0
9566,7729,Enterprise,2024-12-24,2024-12-25,Account,Medium,29,5,0
9567,7729,Enterprise,2024-12-31,2025-01-01,Performance,Low,24,3,0
9568,7729,Enterprise,2024-12-28,2024-12-30,Performance,Low,58,3,0
9569,7732,Starter,2024-10-23,2024-10-23,Technical,High,14,1,1
9570,7732,Starter,2024-12-13,2024-12-15,Billing,Medium,48,1,1
9571,7738,Enterprise,2025-01-16,2025-01-16,Feature Request,Critical,2,2,0
9572,7751,Enterprise,2025-01-03,2025-01-03,Account,Medium,23,4,0
9573,7751,Enterprise,2024-12-20,2024-12-21,Performance,Medium,35,5,0
9574,7752,Business,2025-01-05,2025-01-08,Account,Low,82,4,0
9575,7752,Business,2024-12-29,2024-12-29,Onboarding,High,17,2,0
9576,7753,Business,2024-09-20,2024-09-22,Billing,Low,52,1,1
9577,7753,Business,2024-10-12,2024-10-13,Integration,Low,25,4,1
9578,7753,Business,2024-10-09,2024-10-10,Technical,Medium,35,2,1
9579,7753,Business,2024-09-24,2024-09-26,Technical,Medium,48,2,1
9580,7758,Business,2024-10-14,2024-10-14,Integration,Medium,14,5,0
9581,7758,Business,2024-10-06,2024-10-06,Onboarding,Medium,14,5,0
9582,7758,Business,2024-10-03,2024-10-03,Performance,Medium,8,4,0
9583,7758,Business,2024-10-16,2024-10-16,Account,High,18,4,0
9584,7758,Business,2024-10-07,2024-10-08,Onboarding,High,24,4,0
9585,7758,Business,2024-09-24,2024-09-25,Onboarding,Medium,45,4,0
9586,7758,Business,2024-09-23,2024-09-27,Onboarding,Low,101,3,0
9587,7758,Pro,2025-01-14,2025-01-18,Onboarding,Low,119,5,0
9588,7759,Pro,2025-01-07,2025-01-07,Account,Medium,15,5,0
9589,7759,Pro,2025-01-04,2025-01-04,Technical,Critical,3,4,0
9590,7763,Starter,2024-10-28,2024-10-31,Integration,Low,87,3,0
9591,7763,Starter,2024-12-15,2024-12-18,Onboarding,Low,93,4,0
9592,7763,Pro,2025-01-03,2025-01-04,Billing,Medium,31,2,0
9593,7766,Pro,2024-10-07,2024-10-12,Account,Low,120,1,1
9594,7766,Pro,2024-09-26,2024-09-27,Feature Request,Medium,36,2,1
9595,7766,Pro,2024-10-15,2024-10-17,Technical,Low,66,1,1
9596,7767,Starter,2024-12-29,2024-12-30,Performance,Medium,44,5,0
9597,7768,Business,2024-10-25,2024-10-27,Performance,Low,58,3,0
9598,7768,Business,2024-10-25,2024-10-25,Performance,Medium,12,5,0
9599,7768,Business,2024-10-27,2024-10-29,Integration,Low,58,4,0
9600,7768,Business,2024-12-12,2024-12-16,Account,Low,115,5,0
9601,7768,Business,2024-12-15,2024-12-17,Feature Request,Low,55,3,0
9602,7768,Enterprise,2025-01-05,2025-01-05,Account,High,23,5,0
9603,7768,Enterprise,2025-01-11,2025-01-11,Integration,High,14,1,0
9604,7768,Enterprise,2024-12-28,2024-12-29,Technical,Medium,26,2,0
9605,7768,Enterprise,2025-01-04,2025-01-05,Performance,Medium,39,3,0
9606,7769,Starter,2025-01-12,2025-01-15,Feature Request,Low,84,5,0
9607,7769,Starter,2025-01-03,2025-01-03,Feature Request,Critical,3,2,0
9608,7775,Pro,2024-12-25,2024-12-25,Technical,Critical,3,4,0
9609,7778,Enterprise,2025-01-02,2025-01-03,Integration,Medium,43,4,0
9610,7778,Enterprise,2025-01-07,2025-01-07,Technical,Medium,17,3,0
9611,7778,Enterprise,2024-12-31,2025-01-01,Integration,Medium,24,2,0
9612,7781,Enterprise,2025-01-16,2025-01-20,Billing,Low,108,5,0
9613,7781,Enterprise,2024-12-28,2024-12-29,Integration,Medium,45,4,0
9614,7781,Enterprise,2025-01-10,2025-01-11,Onboarding,Medium,37,3,0
9615,7783,Enterprise,2025-01-11,2025-01-12,Integration,Medium,41,4,0
9616,7783,Enterprise,2025-01-13,2025-01-14,Account,Medium,47,4,0
9617,7783,Enterprise,2025-01-03,2025-01-03,Account,High,5,2,0
9618,7783,Enterprise,2025-01-09,2025-01-09,Account,High,20,3,0
9619,7791,Starter,2024-10-19,2024-10-20,Performance,Medium,25,5,0
9620,7798,Pro,2024-11-22,2024-11-23,Account,Medium,39,1,1
9621,7798,Pro,2024-12-16,2024-12-17,Onboarding,Low,41,4,1
9622,7798,Pro,2024-12-15,2024-12-15,Account,Medium,16,5,1
9623,7798,Pro,2024-11-28,2024-12-01,Feature Request,Low,78,2,1
9624,7798,Pro,2024-12-06,2024-12-06,Account,High,14,2,1
9625,7803,Business,2025-01-10,2025-01-13,Billing,Low,81,3,0
9626,7803,Business,2025-01-16,2025-01-16,Feature Request,High,5,5,0
9627,7805,Business,2024-11-09,2024-11-10,Account,Medium,32,2,1
9628,7805,Business,2024-10-26,2024-10-27,Technical,Medium,26,2,1
9629,7805,Business,2024-10-29,2024-10-30,Onboarding,Medium,41,4,1
9630,7805,Business,2024-11-17,2024-11-19,Onboarding,Low,48,1,1
9631,7805,Business,2024-11-21,2024-11-24,Account,Low,76,2,1
9632,7805,Business,2024-12-06,2024-12-08,Technical,Low,55,1,1
9633,7805,Business,2024-12-05,2024-12-05,Feature Request,Critical,6,4,1
9634,7825,Starter,2024-08-31,2024-08-31,Performance,High,14,4,1
9635,7825,Starter,2024-08-28,2024-08-28,Performance,High,2,3,1
9636,7825,Starter,2024-08-24,2024-08-24,Integration,High,22,1,1
9637,7825,Starter,2024-10-08,2024-10-09,Feature Request,Medium,41,2,1
9638,7826,Enterprise,2025-01-20,2025-01-23,Feature Request,Low,93,2,0
9639,7826,Enterprise,2025-01-05,2025-01-09,Onboarding,Low,110,4,0
9640,7826,Enterprise,2025-01-18,2025-01-20,Onboarding,Low,71,2,0
9641,7826,Enterprise,2025-01-12,2025-01-13,Integration,Low,30,5,0
9642,7827,Starter,2024-10-11,2024-10-11,Feature Request,Medium,8,4,1
9643,7829,Starter,2025-01-02,2025-01-02,Billing,Medium,23,4,0
9644,7838,Starter,2024-12-31,2025-01-01,Account,Medium,47,4,0
9645,7838,Starter,2025-01-11,2025-01-14,Onboarding,Low,92,4,0
9646,7839,Enterprise,2024-12-27,2024-12-27,Feature Request,Critical,4,3,0
9647,7839,Enterprise,2024-12-31,2024-12-31,Billing,High,20,5,0
9648,7839,Enterprise,2024-12-28,2025-01-01,Technical,Low,112,5,0
9649,7839,Enterprise,2024-12-24,2024-12-24,Performance,Medium,9,5,0
9650,7848,Enterprise,2024-09-15,2024-09-15,Integration,Medium,16,5,0
9651,7848,Enterprise,2024-09-14,2024-09-15,Feature Request,Medium,38,4,0
9652,7848,Enterprise,2024-09-12,2024-09-14,Billing,Low,59,4,0
9653,7848,Enterprise,2024-10-14,2024-10-14,Integration,Medium,16,5,0
9654,7848,Enterprise,2024-10-07,2024-10-07,Technical,High,8,2,0
9655,7854,Business,2025-01-10,2025-01-11,Technical,Medium,35,5,0
9656,7854,Business,2025-01-21,2025-01-24,Billing,Low,86,5,0
9657,7855,Starter,2024-11-15,2024-11-15,Performance,Medium,16,1,1
9658,7855,Starter,2024-11-26,2024-11-26,Technical,High,19,1,1
9659,7855,Starter,2024-12-02,2024-12-02,Billing,High,16,4,1
9660,7855,Starter,2024-12-01,2024-12-01,Account,High,11,1,1
9661,7855,Starter,2024-12-20,2024-12-20,Integration,High,22,1,1
9662,7856,Business,2024-12-27,2024-12-29,Billing,Low,48,4,0
9663,7859,Business,2024-12-26,2024-12-28,Onboarding,Low,70,4,0
9664,7859,Business,2025-01-08,2025-01-09,Feature Request,Medium,33,3,0
9665,7859,Business,2025-01-22,2025-01-22,Billing,Medium,9,3,0
9666,7859,Business,2025-01-10,2025-01-10,Account,High,10,5,0
9667,7861,Business,2025-01-13,2025-01-13,Account,Medium,12,3,0
9668,7866,Enterprise,2025-01-12,2025-01-13,Technical,Low,25,5,0
9669,7866,Enterprise,2025-01-05,2025-01-06,Billing,Low,26,3,0
9670,7871,Enterprise,2025-01-23,2025-01-23,Billing,High,5,4,0
9671,7871,Enterprise,2025-01-08,2025-01-09,Integration,Medium,45,5,0
9672,7871,Enterprise,2025-01-18,2025-01-19,Onboarding,Medium,44,4,0
9673,7889,Enterprise,2025-01-10,2025-01-12,Performance,Low,71,3,0
9674,7889,Enterprise,2025-01-20,2025-01-22,Technical,Low,50,3,0
9675,7891,Enterprise,2025-01-01,2025-01-01,Integration,Critical,8,5,0
9676,7891,Enterprise,2024-12-28,2024-12-28,Onboarding,Critical,3,4,0
9677,7891,Enterprise,2025-01-23,2025-01-24,Technical,Medium,28,4,0
9678,7891,Enterprise,2025-01-14,2025-01-14,Integration,Medium,15,2,0
9679,7894,Pro,2024-10-14,2024-10-15,Onboarding,Medium,32,5,0
9680,7894,Pro,2024-10-03,2024-10-07,Technical,Low,97,3,0
9681,7894,Business,2024-12-19,2024-12-23,Performance,Low,104,3,0
9682,7894,Business,2024-12-02,2024-12-02,Integration,High,23,3,0
9683,7894,Enterprise,2024-12-28,2024-12-29,Technical,Medium,44,4,0
9684,7894,Enterprise,2025-01-18,2025-01-19,Onboarding,Low,46,5,0
9685,7894,Enterprise,2024-12-27,2024-12-27,Billing,Medium,20,4,0
9686,7901,Enterprise,2024-12-30,2024-12-30,Technical,Medium,23,5,0
9687,7901,Enterprise,2025-01-10,2025-01-12,Billing,Low,56,3,0
9688,7901,Enterprise,2025-01-18,2025-01-18,Technical,Medium,8,5,0
9689,7901,Enterprise,2025-01-24,2025-01-25,Feature Request,Medium,41,4,0
9690,7901,Enterprise,2025-01-11,2025-01-11,Billing,Critical,6,5,0
9691,7914,Starter,2025-01-17,2025-01-17,Performance,High,6,3,0
9692,7914,Starter,2025-01-01,2025-01-01,Technical,High,11,3,0
9693,7917,Starter,2025-01-09,2025-01-11,Performance,Low,57,5,0
9694,7919,Business,2025-01-15,2025-01-16,Integration,Medium,37,4,0
9695,7923,Pro,2025-01-19,2025-01-20,Account,Medium,45,4,0
9696,7923,Pro,2025-01-12,2025-01-12,Technical,High,10,4,0
9697,7923,Pro,2025-01-02,2025-01-02,Onboarding,High,21,5,0
9698,7924,Enterprise,2025-01-25,2025-01-27,Account,Low,57,5,0
9699,7924,Enterprise,2025-01-15,2025-01-15,Onboarding,Critical,2,4,0
9700,7924,Enterprise,2024-12-29,2024-12-29,Account,Medium,17,5,0
9701,7924,Enterprise,2025-01-12,2025-01-13,Billing,Medium,42,5,0
9702,7927,Enterprise,2025-01-15,2025-01-17,Technical,Low,71,5,0
9703,7930,Pro,2024-10-19,2024-10-19,Account,Medium,21,4,0
9704,7930,Pro,2024-10-12,2024-10-13,Account,Low,27,2,0
9705,7930,Starter,2024-12-30,2024-12-31,Integration,Medium,40,5,0
9706,7931,Pro,2025-01-04,2025-01-05,Performance,Low,27,5,0
9707,7932,Starter,2024-10-10,2024-10-10,Integration,Medium,23,1,1
9708,7933,Starter,2025-01-26,2025-01-27,Billing,Medium,45,3,0
9709,7933,Starter,2025-01-26,2025-01-27,Technical,Medium,43,5,0
9710,7934,Starter,2025-01-18,2025-01-18,Performance,High,4,5,0
9711,7934,Starter,2025-01-04,2025-01-07,Performance,Low,78,3,0
9712,7939,Pro,2024-12-15,2024-12-19,Onboarding,Low,119,4,1
9713,7943,Business,2024-12-09,2024-12-11,Technical,Low,62,3,0
9714,7943,Enterprise,2025-01-23,2025-01-24,Feature Request,Low,26,5,0
9715,7946,Business,2025-01-25,2025-01-25,Account,Medium,21,5,0
9716,7946,Business,2025-01-01,2025-01-02,Billing,Medium,39,4,0
9717,7948,Enterprise,2025-01-16,2025-01-17,Onboarding,Low,47,1,1
9718,7948,Enterprise,2025-01-25,2025-01-25,Billing,Medium,22,2,1
9719,7948,Enterprise,2025-01-02,2025-01-03,Integration,Low,44,3,1
9720,7948,Enterprise,2025-01-25,2025-01-26,Billing,Medium,34,5,1
9721,7948,Enterprise,2025-01-13,2025-01-15,Feature Request,Low,51,3,1
9722,7948,Enterprise,2025-01-04,2025-01-04,Feature Request,High,10,2,1
9723,7948,Enterprise,2025-01-26,2025-01-27,Integration,Low,26,2,1
9724,7948,Enterprise,2025-01-21,2025-01-22,Feature Request,Medium,25,1,1
9725,7948,Enterprise,2025-01-06,2025-01-06,Onboarding,Critical,3,1,1
9726,7948,Enterprise,2025-01-06,2025-01-10,Onboarding,Low,108,1,1
9727,7950,Pro,2025-01-18,2025-01-21,Performance,Low,90,5,0
9728,7952,Starter,2024-12-27,2024-12-27,Feature Request,High,15,3,1
9729,7952,Starter,2024-12-03,2024-12-06,Account,Low,92,2,1
9730,7952,Starter,2024-12-25,2024-12-29,Feature Request,Low,116,2,1
9731,7952,Starter,2024-12-02,2024-12-03,Integration,Medium,36,5,1
9732,7952,Starter,2024-12-10,2024-12-10,Billing,High,19,2,1
9733,7954,Enterprise,2025-01-16,2025-01-16,Performance,Medium,21,3,0
9734,7954,Enterprise,2025-01-18,2025-01-19,Onboarding,Medium,31,5,0
9735,7954,Enterprise,2025-01-19,2025-01-22,Performance,Low,79,4,0
9736,7954,Enterprise,2025-01-02,2025-01-03,Account,Medium,42,5,0
9737,7954,Enterprise,2024-12-31,2024-12-31,Onboarding,High,17,4,0
9738,7954,Enterprise,2025-01-20,2025-01-22,Account,Low,71,4,0
9739,7954,Enterprise,2025-01-10,2025-01-10,Account,High,11,2,0
9740,7955,Pro,2025-01-10,2025-01-11,Account,Medium,36,2,0
9741,7956,Enterprise,2025-01-02,2025-01-02,Billing,High,22,3,0
9742,7956,Enterprise,2025-01-08,2025-01-08,Feature Request,Medium,21,4,0
9743,7969,Enterprise,2024-12-03,2024-12-04,Feature Request,Medium,35,3,0
9744,7969,Enterprise,2024-12-11,2024-12-11,Performance,High,16,2,0
9745,7969,Enterprise,2024-12-28,2024-12-29,Onboarding,Medium,44,4,0
9746,7970,Enterprise,2024-12-09,2024-12-09,Billing,Medium,9,4,0
9747,7970,Enterprise,2024-12-16,2024-12-17,Integration,Medium,45,2,0
9748,7970,Enterprise,2024-12-19,2024-12-19,Technical,High,23,5,0
9749,7970,Enterprise,2024-12-01,2024-12-01,Integration,High,10,4,0
9750,7972,Enterprise,2024-12-20,2024-12-21,Performance,Medium,24,3,0
9751,7972,Enterprise,2024-12-27,2024-12-29,Integration,Low,63,2,0
9752,7972,Enterprise,2024-12-15,2024-12-15,Integration,High,8,4,0
9753,7972,Enterprise,2024-12-18,2024-12-19,Billing,Low,29,5,0
9754,7975,Pro,2024-12-07,2024-12-07,Account,High,23,4,0
9755,7975,Pro,2024-12-29,2024-12-29,Billing,High,21,2,0
9756,7976,Business,2024-12-25,2024-12-25,Integration,Medium,18,4,0
9757,7976,Business,2024-12-12,2024-12-12,Technical,High,20,2,0
9758,7976,Business,2024-12-19,2024-12-19,Feature Request,Medium,9,3,0
9759,7976,Business,2024-12-02,2024-12-03,Integration,Low,36,2,0
9760,7978,Business,2024-12-23,2024-12-23,Feature Request,Medium,9,5,0
9761,7986,Pro,2024-11-23,2024-11-23,Technical,Medium,9,5,0
9762,7986,Starter,2024-12-09,2024-12-12,Billing,Low,83,4,0
9763,7986,Starter,2024-12-23,2024-12-24,Onboarding,Medium,30,3,0
9764,7987,Pro,2024-09-17,2024-09-18,Billing,Medium,41,3,1
9765,7987,Pro,2024-09-16,2024-09-16,Integration,Medium,17,4,1
9766,7987,Pro,2024-09-05,2024-09-06,Integration,Medium,31,1,1
9767,7988,Starter,2024-10-23,2024-10-23,Account,Critical,8,5,0
9768,7988,Starter,2024-10-05,2024-10-05,Performance,High,13,1,0
9769,7988,Starter,2024-10-30,2024-11-02,Integration,Low,93,5,0
9770,7988,Starter,2024-10-15,2024-10-15,Integration,Medium,22,4,0
9771,7988,Starter,2024-11-25,2024-11-26,Integration,Medium,38,5,0
9772,7989,Business,2024-12-20,2024-12-20,Billing,High,17,3,0
9773,7989,Business,2024-12-02,2024-12-02,Onboarding,Critical,7,3,0
9774,7992,Enterprise,2024-12-23,2024-12-23,Billing,Critical,6,2,0
9775,7992,Enterprise,2024-12-06,2024-12-08,Account,Low,49,4,0
9776,8002,Starter,2024-12-02,2024-12-05,Technical,Low,72,5,0
9777,8002,Starter,2024-12-11,2024-12-14,Billing,Low,95,3,0
9778,8005,Enterprise,2024-12-28,2024-12-30,Integration,Low,64,3,0
9779,8005,Enterprise,2024-12-19,2024-12-22,Technical,Low,86,1,0
9780,8005,Enterprise,2024-12-25,2024-12-26,Feature Request,Medium,34,4,0
9781,8005,Enterprise,2024-12-03,2024-12-05,Technical,Low,64,5,0
9782,8005,Enterprise,2024-12-11,2024-12-14,Performance,Low,86,5,0
9783,8006,Pro,2024-10-08,2024-10-08,Billing,High,7,1,1
9784,8006,Pro,2024-10-10,2024-10-12,Feature Request,Low,62,2,1
9785,8006,Pro,2024-10-05,2024-10-05,Feature Request,Medium,20,1,1
9786,8006,Pro,2024-11-10,2024-11-12,Account,Low,58,3,1
9787,8006,Pro,2024-11-20,2024-11-21,Account,Low,30,3,1
9788,8006,Pro,2024-11-21,2024-11-21,Technical,Critical,6,2,1
9789,8006,Pro,2024-11-09,2024-11-11,Billing,Low,52,4,1
9790,8013,Pro,2024-12-06,2024-12-06,Performance,Critical,6,5,0
9791,8013,Pro,2024-12-05,2024-12-09,Technical,Low,107,5,0
9792,8013,Pro,2024-12-11,2024-12-12,Onboarding,Medium,29,3,0
9793,8013,Pro,2024-12-20,2024-12-20,Integration,Medium,19,5,0
9794,8014,Pro,2024-12-14,2024-12-15,Onboarding,Low,46,4,0
9795,8024,Business,2024-12-22,2024-12-22,Feature Request,High,15,3,0
9796,8024,Business,2024-12-18,2024-12-21,Onboarding,Low,76,4,0
9797,8029,Enterprise,2024-12-15,2024-12-16,Onboarding,Medium,25,4,0
9798,8029,Enterprise,2024-12-16,2024-12-18,Billing,Low,52,5,0
9799,8029,Enterprise,2024-12-11,2024-12-12,Billing,Medium,38,4,0
9800,8029,Enterprise,2024-12-29,2024-12-31,Account,Medium,48,4,0
9801,8029,Enterprise,2024-12-18,2024-12-22,Billing,Low,98,4,0
9802,8035,Business,2024-12-26,2024-12-26,Billing,High,21,4,0
9803,8035,Business,2024-12-08,2024-12-09,Onboarding,Medium,40,5,0
9804,8038,Starter,2024-12-23,2024-12-27,Onboarding,Low,102,4,0
9805,8043,Enterprise,2024-12-17,2024-12-18,Billing,Medium,27,5,0
9806,8043,Enterprise,2024-12-30,2024-12-31,Performance,Low,33,5,0
9807,8043,Enterprise,2024-12-20,2024-12-23,Feature Request,Low,90,2,0
9808,8053,Business,2024-12-12,2024-12-12,Integration,Medium,23,5,0
9809,8054,Pro,2024-11-07,2024-11-07,Feature Request,High,19,2,1
9810,8054,Pro,2024-11-17,2024-11-18,Technical,Medium,31,1,1
9811,8056,Starter,2024-10-07,2024-10-11,Technical,Low,119,1,1
9812,8056,Starter,2024-11-21,2024-11-22,Onboarding,Low,27,1,1
9813,8060,Starter,2024-12-13,2024-12-15,Billing,Low,70,1,1
9814,8062,Starter,2024-10-22,2024-10-24,Billing,Medium,48,4,1
9815,8062,Starter,2024-11-26,2024-11-27,Technical,Medium,47,1,1
9816,8062,Starter,2024-11-10,2024-11-10,Account,Medium,18,3,1
9817,8067,Enterprise,2024-12-27,2024-12-29,Account,Low,60,4,0
9818,8067,Enterprise,2024-12-10,2024-12-10,Account,Critical,4,3,0
9819,8067,Enterprise,2024-12-12,2024-12-12,Performance,High,11,5,0
9820,8067,Enterprise,2024-12-28,2024-12-29,Onboarding,Medium,41,3,0
9821,8067,Enterprise,2024-12-10,2024-12-11,Feature Request,Medium,34,5,0
9822,8067,Enterprise,2024-12-25,2024-12-25,Feature Request,Medium,13,5,0
9823,8067,Enterprise,2025-01-03,2025-01-05,Billing,Low,55,3,0
9824,8067,Enterprise,2025-01-01,2025-01-02,Integration,Medium,46,4,0
9825,8069,Enterprise,2024-12-11,2024-12-12,Integration,Medium,31,4,0
9826,8069,Enterprise,2024-12-06,2024-12-07,Billing,Low,29,4,0
9827,8073,Pro,2024-12-12,2024-12-13,Account,Low,47,4,0
9828,8073,Pro,2024-12-30,2025-01-01,Billing,Low,59,3,0
9829,8075,Enterprise,2025-01-01,2025-01-01,Integration,Medium,14,5,0
9830,8075,Enterprise,2024-12-30,2025-01-04,Integration,Low,120,5,0
9831,8075,Enterprise,2025-01-02,2025-01-05,Onboarding,Low,84,3,0
9832,8075,Enterprise,2024-12-30,2024-12-31,Feature Request,Medium,46,2,0
9833,8083,Pro,2024-12-25,2024-12-25,Technical,Critical,7,3,0
9834,8096,Pro,2024-11-07,2024-11-08,Technical,Low,43,2,1
9835,8096,Pro,2024-11-29,2024-12-03,Billing,Low,96,2,1
9836,8096,Pro,2024-11-15,2024-11-16,Integration,Medium,31,2,1
9837,8097,Business,2024-12-10,2024-12-13,Performance,Low,91,5,0
9838,8097,Business,2024-12-19,2024-12-20,Technical,Medium,41,3,0
9839,8097,Business,2024-12-17,2024-12-17,Account,High,13,4,0
9840,8097,Business,2024-12-09,2024-12-10,Account,Medium,24,5,0
9841,8102,Starter,2024-12-20,2024-12-20,Account,High,7,4,0
9842,8106,Enterprise,2024-11-22,2024-11-23,Feature Request,Medium,47,4,1
9843,8106,Enterprise,2024-11-19,2024-11-20,Account,Low,42,4,1
9844,8106,Enterprise,2024-11-29,2024-12-02,Performance,Low,74,2,1
9845,8106,Enterprise,2024-11-10,2024-11-10,Performance,High,21,4,1
9846,8106,Enterprise,2024-11-16,2024-11-16,Onboarding,Medium,23,3,1
9847,8106,Enterprise,2024-11-25,2024-11-30,Billing,Low,120,2,1
9848,8106,Enterprise,2024-11-09,2024-11-12,Technical,Low,73,5,1
9849,8106,Enterprise,2024-11-20,2024-11-20,Performance,Critical,4,5,1
9850,8108,Starter,2024-11-03,2024-11-05,Technical,Low,60,5,0
9851,8108,Starter,2024-10-25,2024-10-28,Technical,Low,91,5,0
9852,8108,Starter,2024-12-02,2024-12-04,Feature Request,Low,55,5,0
9853,8108,Pro,2024-12-21,2024-12-22,Account,Medium,44,4,0
9854,8108,Pro,2024-12-12,2024-12-12,Feature Request,Critical,4,2,0
9855,8122,Starter,2024-12-22,2024-12-23,Integration,Medium,38,4,0
9856,8124,Enterprise,2024-12-31,2024-12-31,Feature Request,Medium,13,5,0
9857,8128,Pro,2024-12-13,2024-12-13,Onboarding,High,8,5,0
9858,8129,Business,2024-12-13,2024-12-14,Onboarding,Low,47,3,0
9859,8129,Business,2024-12-21,2024-12-21,Onboarding,High,14,2,0
9860,8137,Pro,2024-12-10,2024-12-12,Technical,Low,62,3,0
9861,8137,Pro,2024-12-13,2024-12-14,Technical,Medium,40,4,0
9862,8138,Starter,2024-12-17,2024-12-21,Account,Low,116,4,0
9863,8138,Starter,2024-12-12,2024-12-12,Account,Medium,22,3,0
9864,8139,Pro,2024-12-12,2024-12-14,Technical,Low,57,4,0
9865,8153,Enterprise,2025-01-03,2025-01-04,Feature Request,Medium,43,3,0
9866,8158,Starter,2024-09-10,2024-09-11,Billing,Medium,44,4,1
9867,8158,Starter,2024-10-07,2024-10-08,Technical,Medium,30,2,1
9868,8166,Pro,2024-09-27,2024-09-27,Technical,High,14,2,0
9869,8166,Pro,2024-09-19,2024-09-20,Technical,Low,46,2,0
9870,8166,Pro,2024-10-06,2024-10-10,Performance,Low,119,5,0
9871,8166,Business,2024-12-25,2024-12-26,Account,Low,43,3,0
9872,8168,Business,2024-12-29,2024-12-29,Technical,High,14,3,0
9873,8168,Business,2024-12-31,2024-12-31,Billing,Medium,12,5,0
9874,8168,Business,2024-12-24,2024-12-24,Technical,Medium,21,3,0
9875,8169,Pro,2024-12-21,2024-12-21,Integration,Medium,20,1,0
9876,8169,Pro,2025-01-02,2025-01-03,Onboarding,Medium,28,5,0
9877,8169,Pro,2024-12-21,2024-12-21,Billing,Medium,8,5,0
9878,8172,Business,2025-01-03,2025-01-04,Feature Request,Medium,38,4,0
9879,8172,Business,2024-12-20,2024-12-23,Technical,Low,85,3,0
9880,8172,Business,2024-12-11,2024-12-15,Integration,Low,100,4,0
9881,8172,Business,2025-01-02,2025-01-03,Account,Medium,40,3,0
9882,8172,Business,2025-01-04,2025-01-04,Technical,Medium,14,4,0
9883,8172,Business,2024-12-25,2024-12-25,Billing,Medium,8,4,0
9884,8173,Starter,2024-09-22,2024-09-23,Integration,Medium,34,3,1
9885,8174,Pro,2024-12-25,2024-12-25,Account,High,17,3,1
9886,8176,Starter,2025-01-07,2025-01-08,Account,Medium,32,4,0
9887,8176,Starter,2024-12-16,2024-12-16,Feature Request,Critical,7,5,0
9888,8177,Enterprise,2024-12-31,2025-01-01,Technical,Medium,29,3,0
9889,8177,Enterprise,2024-12-26,2024-12-27,Onboarding,Medium,24,4,0
9890,8177,Enterprise,2025-01-04,2025-01-04,Onboarding,Medium,20,3,0
9891,8177,Enterprise,2024-12-24,2024-12-28,Integration,Low,108,5,0
9892,8177,Enterprise,2024-12-30,2024-12-31,Account,Medium,28,5,0
9893,8177,Enterprise,2024-12-12,2024-12-13,Feature Request,Medium,44,5,0
9894,8177,Enterprise,2024-12-27,2024-12-27,Feature Request,High,15,5,0
9895,8178,Starter,2024-12-11,2024-12-12,Integration,Low,39,3,0
9896,8184,Pro,2024-12-12,2024-12-12,Technical,Medium,19,4,0
9897,8184,Pro,2024-12-29,2025-01-02,Feature Request,Low,102,1,0
9898,8184,Pro,2024-12-11,2024-12-11,Feature Request,High,2,4,0
9899,8186,Business,2025-01-04,2025-01-05,Performance,Medium,44,2,0
9900,8186,Business,2024-12-22,2024-12-22,Billing,Medium,14,5,0
9901,8186,Business,2024-12-20,2024-12-20,Account,High,21,5,0
9902,8188,Pro,2024-12-25,2024-12-26,Billing,Medium,29,4,0
9903,8188,Pro,2024-12-18,2024-12-19,Onboarding,Low,42,1,0
9904,8188,Pro,2024-12-27,2024-12-27,Onboarding,Medium,17,5,0
9905,8188,Pro,2024-12-17,2024-12-17,Feature Request,Critical,4,4,0
9906,8197,Starter,2024-10-25,2024-10-25,Technical,High,14,2,1
9907,8197,Starter,2024-10-20,2024-10-22,Account,Low,58,2,1
9908,8197,Starter,2024-11-17,2024-11-18,Feature Request,Low,41,3,1
9909,8197,Starter,2024-12-01,2024-12-01,Billing,High,20,1,1
9910,8200,Starter,2024-10-22,2024-10-25,Integration,Low,94,4,0
9911,8200,Pro,2024-12-29,2024-12-30,Performance,Medium,42,5,0
9912,8208,Enterprise,2024-12-15,2024-12-15,Account,High,10,4,0
9913,8208,Enterprise,2025-01-08,2025-01-10,Onboarding,Low,53,1,0
9914,8214,Pro,2024-12-29,2024-12-30,Integration,Medium,34,3,0
9915,8214,Pro,2024-12-11,2024-12-11,Account,High,19,5,0
9916,8215,Starter,2024-11-11,2024-11-12,Onboarding,Low,41,2,1
9917,8215,Starter,2024-11-16,2024-11-17,Account,Low,27,1,1
9918,8228,Enterprise,2024-12-18,2024-12-18,Integration,Medium,9,4,0
9919,8232,Starter,2024-11-05,2024-11-05,Account,High,22,4,1
9920,8232,Starter,2024-11-06,2024-11-06,Billing,Medium,14,4,1
9921,8232,Starter,2024-11-12,2024-11-13,Integration,Medium,32,5,1
9922,8232,Starter,2024-12-05,2024-12-06,Feature Request,Low,31,1,1
9923,8232,Starter,2024-11-25,2024-11-25,Performance,Medium,9,3,1
9924,8234,Enterprise,2024-12-15,2024-12-15,Billing,Medium,19,5,0
9925,8234,Enterprise,2025-01-07,2025-01-08,Onboarding,Medium,47,2,0
9926,8234,Enterprise,2024-12-14,2024-12-15,Onboarding,Medium,32,4,0
9927,8234,Enterprise,2024-12-20,2024-12-22,Account,Low,62,4,0
9928,8235,Starter,2024-12-25,2024-12-28,Integration,Low,87,4,0
9929,8236,Business,2025-01-09,2025-01-10,Billing,Low,30,2,0
9930,8236,Business,2024-12-15,2024-12-18,Technical,Low,83,2,0
9931,8236,Business,2024-12-29,2024-12-29,Integration,High,16,2,0
9932,8237,Pro,2024-12-13,2024-12-15,Technical,Low,50,2,0
9933,8237,Pro,2024-12-28,2024-12-29,Billing,Medium,46,5,0
9934,8239,Enterprise,2024-12-31,2025-01-04,Account,Low,116,5,0
9935,8239,Enterprise,2025-01-05,2025-01-05,Account,Critical,6,4,0
9936,8239,Enterprise,2025-01-04,2025-01-05,Feature Request,Medium,25,4,0
9937,8239,Enterprise,2024-12-17,2024-12-18,Account,Medium,44,4,0
9938,8239,Enterprise,2025-01-03,2025-01-03,Performance,Critical,1,4,0
9939,8242,Enterprise,2024-12-20,2024-12-20,Integration,Medium,14,5,0
9940,8242,Enterprise,2024-12-21,2024-12-21,Account,High,11,5,0
9941,8242,Enterprise,2024-12-26,2024-12-29,Account,Low,84,5,0
9942,8242,Enterprise,2024-12-15,2024-12-15,Account,Medium,12,2,0
9943,8242,Enterprise,2024-12-27,2024-12-27,Performance,High,9,4,0
9944,8244,Enterprise,2024-12-27,2024-12-30,Technical,Low,72,4,0
9945,8244,Enterprise,2024-12-21,2024-12-21,Account,High,19,4,0
9946,8251,Enterprise,2024-12-27,2024-12-29,Technical,Low,64,4,0
9947,8251,Enterprise,2024-12-18,2024-12-18,Feature Request,Medium,16,5,0
9948,8251,Enterprise,2024-12-13,2024-12-14,Feature Request,Medium,36,5,0
9949,8251,Enterprise,2024-12-29,2024-12-30,Integration,Medium,35,4,0
9950,8251,Enterprise,2025-01-01,2025-01-02,Performance,Medium,35,3,0
9951,8253,Pro,2024-09-26,2024-09-30,Billing,Low,101,2,1
9952,8253,Pro,2024-09-22,2024-09-24,Account,Low,50,2,1
9953,8253,Pro,2024-10-06,2024-10-07,Onboarding,Medium,32,2,1
9954,8253,Pro,2024-10-05,2024-10-05,Account,High,13,3,1
9955,8254,Enterprise,2024-12-26,2024-12-26,Account,High,21,1,1
9956,8254,Enterprise,2024-12-30,2024-12-31,Technical,Medium,35,3,1
9957,8254,Enterprise,2024-12-29,2024-12-29,Technical,Medium,22,3,1
9958,8254,Enterprise,2025-01-07,2025-01-07,Feature Request,Medium,20,4,1
9959,8254,Enterprise,2025-01-02,2025-01-02,Onboarding,Critical,2,2,1
9960,8254,Enterprise,2024-12-31,2024-12-31,Account,High,6,3,1
9961,8254,Enterprise,2024-12-31,2024-12-31,Integration,Medium,16,2,1
9962,8256,Starter,2024-12-21,2024-12-22,Account,Medium,31,2,0
9963,8259,Pro,2024-10-05,2024-10-09,Performance,Low,99,1,1
9964,8259,Pro,2024-09-26,2024-09-29,Performance,Low,93,1,1
9965,8259,Pro,2024-09-15,2024-09-17,Performance,Low,50,3,1
9966,8259,Pro,2024-10-05,2024-10-05,Performance,Medium,11,5,1
9967,8259,Pro,2024-10-04,2024-10-04,Onboarding,High,21,3,1
9968,8259,Pro,2024-10-08,2024-10-08,Feature Request,Medium,10,3,1
9969,8260,Pro,2024-11-27,2024-11-29,Technical,Medium,48,1,1
9970,8260,Pro,2024-11-19,2024-11-20,Billing,Low,27,2,1
9971,8260,Pro,2024-11-28,2024-11-28,Integration,High,5,1,1
9972,8260,Pro,2024-11-16,2024-11-16,Feature Request,High,5,1,1
9973,8270,Business,2024-11-27,2024-11-27,Billing,Critical,3,2,0
9974,8270,Business,2024-12-03,2024-12-03,Onboarding,Critical,7,3,0
9975,8270,Business,2024-12-01,2024-12-02,Billing,Medium,45,4,0
9976,8270,Business,2024-11-24,2024-11-25,Onboarding,Low,38,2,0
9977,8275,Pro,2024-12-22,2024-12-25,Integration,Low,82,4,0
9978,8277,Starter,2025-01-11,2025-01-11,Performance,High,4,4,0
9979,8278,Business,2025-01-01,2025-01-04,Feature Request,Low,84,2,0
9980,8282,Pro,2024-10-04,2024-10-05,Technical,Medium,43,2,1
9981,8282,Pro,2024-10-02,2024-10-04,Billing,Low,71,4,1
9982,8282,Pro,2024-10-07,2024-10-11,Performance,Low,105,3,1
9983,8285,Business,2024-12-31,2025-01-01,Performance,Medium,29,4,0
9984,8285,Business,2025-01-12,2025-01-12,Billing,Medium,19,3,0
9985,8287,Starter,2025-01-05,2025-01-05,Account,High,2,4,0
9986,8287,Starter,2025-01-05,2025-01-05,Billing,Critical,4,3,0
9987,8288,Pro,2025-01-07,2025-01-07,Account,Medium,17,5,0
9988,8290,Enterprise,2025-01-09,2025-01-10,Integration,Medium,38,4,0
9989,8290,Enterprise,2024-12-23,2024-12-23,Billing,Critical,4,3,0
9990,8290,Enterprise,2024-12-30,2024-12-30,Performance,Medium,20,2,0
9991,8290,Enterprise,2024-12-30,2024-12-30,Feature Request,High,23,1,0
9992,8297,Pro,2025-01-02,2025-01-03,Performance,Medium,31,3,0
9993,8299,Pro,2024-12-15,2024-12-15,Billing,Critical,3,2,0
9994,8299,Pro,2024-12-20,2024-12-23,Integration,Low,74,4,0
9995,8300,Business,2024-12-16,2024-12-17,Billing,Low,36,3,0
9996,8300,Business,2025-01-05,2025-01-05,Account,Medium,23,3,0
9997,8300,Business,2025-01-02,2025-01-03,Performance,Medium,37,2,0
9998,8315,Pro,2024-12-24,2024-12-25,Technical,Medium,29,3,0
9999,8317,Business,2024-12-28,2024-12-29,Onboarding,Medium,34,2,1
10000,8317,Business,2025-01-13,2025-01-13,Technical,High,12,5,1
10001,8317,Business,2025-01-01,2025-01-01,Billing,High,5,3,1
10002,8317,Business,2025-01-05,2025-01-05,Technical,Medium,9,3,1
10003,8324,Starter,2024-10-10,2024-10-11,Account,Medium,41,2,1
10004,8328,Pro,2025-01-07,2025-01-08,Feature Request,Low,34,4,0
10005,8334,Business,2025-01-13,2025-01-17,Feature Request,Low,119,4,0
10006,8334,Business,2025-01-06,2025-01-07,Technical,Medium,44,4,0
10007,8336,Starter,2024-10-02,2024-10-03,Billing,Medium,43,3,1
10008,8336,Starter,2024-09-19,2024-09-20,Performance,Medium,47,1,1
10009,8338,Business,2025-01-06,2025-01-06,Integration,Medium,17,5,0
10010,8338,Business,2024-12-27,2024-12-28,Billing,Medium,41,1,0
10011,8338,Business,2025-01-04,2025-01-04,Onboarding,High,2,5,0
10012,8341,Enterprise,2024-12-26,2024-12-26,Integration,High,2,1,0
10013,8341,Enterprise,2025-01-09,2025-01-13,Performance,Low,104,5,0
10014,8341,Enterprise,2024-12-20,2024-12-20,Onboarding,Medium,20,3,0
10015,8341,Enterprise,2024-12-27,2024-12-28,Technical,Medium,37,4,0
10016,8354,Enterprise,2024-12-21,2024-12-21,Feature Request,High,7,3,0
10017,8354,Enterprise,2025-01-01,2025-01-01,Performance,High,19,1,0
10018,8354,Enterprise,2025-01-11,2025-01-11,Billing,Critical,6,4,0
10019,8354,Enterprise,2025-01-08,2025-01-09,Feature Request,Medium,38,4,0
10020,8354,Enterprise,2025-01-05,2025-01-05,Account,High,12,5,0
10021,8354,Enterprise,2025-01-06,2025-01-06,Feature Request,Medium,14,5,0
10022,8355,Pro,2024-10-04,2024-10-06,Performance,Low,54,4,1
10023,8355,Pro,2024-10-11,2024-10-13,Account,Low,51,3,1
10024,8355,Pro,2024-09-27,2024-09-30,Performance,Low,79,4,1
10025,8355,Pro,2024-10-13,2024-10-13,Feature Request,Medium,20,3,1
10026,8363,Business,2025-01-06,2025-01-06,Account,High,4,5,0
10027,8363,Business,2025-01-04,2025-01-04,Performance,Medium,14,5,0
10028,8363,Business,2025-01-14,2025-01-16,Integration,Low,68,3,0
10029,8368,Enterprise,2025-01-07,2025-01-07,Technical,High,17,3,0
10030,8375,Pro,2025-01-08,2025-01-09,Billing,Medium,45,4,0
10031,8376,Enterprise,2024-12-20,2024-12-20,Performance,High,18,5,0
10032,8376,Enterprise,2024-12-20,2024-12-20,Billing,High,13,4,0
10033,8379,Business,2025-01-13,2025-01-15,Billing,Low,49,5,0
10034,8379,Business,2024-12-31,2025-01-04,Performance,Low,101,5,0
10035,8382,Pro,2025-01-01,2025-01-02,Onboarding,Medium,44,3,0
10036,8391,Starter,2024-12-20,2024-12-21,Account,Medium,35,3,0
10037,8394,Enterprise,2025-01-08,2025-01-13,Performance,Low,120,5,0
10038,8394,Enterprise,2025-01-10,2025-01-11,Onboarding,Medium,30,2,0
10039,8394,Enterprise,2024-12-21,2024-12-21,Feature Request,High,15,5,0
10040,8401,Enterprise,2025-01-03,2025-01-03,Performance,Medium,20,4,0
10041,8401,Enterprise,2024-12-26,2024-12-26,Billing,High,6,3,0
10042,8404,Enterprise,2024-12-26,2024-12-26,Performance,High,8,3,0
10043,8404,Enterprise,2025-01-02,2025-01-05,Integration,Low,81,5,0
10044,8404,Enterprise,2024-12-25,2024-12-26,Billing,Low,32,5,0
10045,8407,Business,2024-12-30,2025-01-01,Account,Low,51,4,0
10046,8410,Enterprise,2024-12-28,2024-12-31,Technical,Low,77,3,0
10047,8410,Enterprise,2024-12-28,2024-12-29,Account,Medium,45,5,0
10048,8410,Enterprise,2025-01-14,2025-01-15,Billing,Medium,43,4,0
10049,8410,Enterprise,2025-01-12,2025-01-12,Onboarding,Medium,22,5,0
10050,8411,Starter,2024-12-21,2024-12-25,Account,Low,116,3,0
10051,8421,Starter,2025-01-11,2025-01-12,Technical,Low,39,5,0
10052,8433,Business,2024-12-29,2025-01-02,Performance,Low,114,5,0
10053,8433,Business,2025-01-05,2025-01-07,Technical,Low,69,4,0
10054,8437,Pro,2024-12-30,2025-01-02,Performance,Low,91,1,0
10055,8437,Pro,2024-12-30,2024-12-30,Feature Request,Medium,19,4,0
10056,8437,Pro,2024-12-26,2024-12-27,Billing,Medium,35,3,0
10057,8437,Pro,2025-01-15,2025-01-15,Technical,High,10,5,0
10058,8440,Enterprise,2024-12-31,2025-01-04,Onboarding,Low,107,4,0
10059,8440,Enterprise,2024-12-23,2024-12-26,Account,Low,72,3,0
10060,8440,Enterprise,2025-01-01,2025-01-04,Feature Request,Low,76,5,0
10061,8440,Enterprise,2024-12-31,2025-01-01,Billing,Low,43,4,0
10062,8445,Business,2024-12-29,2024-12-30,Integration,Medium,41,5,0
10063,8445,Business,2025-01-10,2025-01-10,Integration,Critical,6,3,0
10064,8445,Business,2025-01-06,2025-01-07,Technical,Low,39,4,0
10065,8450,Enterprise,2025-01-06,2025-01-06,Performance,Critical,4,2,0
10066,8450,Enterprise,2025-01-16,2025-01-16,Account,Critical,6,4,0
10067,8450,Enterprise,2024-12-22,2024-12-22,Billing,Critical,3,5,0
10068,8450,Enterprise,2025-01-04,2025-01-06,Billing,Low,69,4,0
10069,8450,Enterprise,2025-01-15,2025-01-15,Billing,Medium,10,5,0
10070,8453,Pro,2025-01-12,2025-01-15,Integration,Low,91,5,0
10071,8453,Pro,2025-01-05,2025-01-05,Account,High,14,2,0
10072,8454,Enterprise,2025-01-15,2025-01-15,Integration,Critical,4,5,0
10073,8454,Enterprise,2025-01-08,2025-01-10,Onboarding,Low,67,4,0
10074,8460,Starter,2025-01-07,2025-01-08,Onboarding,Medium,33,5,0
10075,8460,Starter,2025-01-12,2025-01-12,Performance,Critical,5,4,0
10076,8460,Starter,2025-01-01,2025-01-01,Onboarding,Medium,8,4,0
10077,8462,Enterprise,2025-01-15,2025-01-15,Feature Request,High,16,4,0
10078,8462,Enterprise,2025-01-03,2025-01-04,Feature Request,Medium,43,4,0
10079,8466,Starter,2024-11-28,2024-12-01,Account,Low,75,2,1
10080,8467,Pro,2025-01-12,2025-01-12,Account,Medium,21,4,0
10081,8467,Pro,2025-01-10,2025-01-10,Integration,Medium,19,4,0
10082,8467,Pro,2024-12-31,2025-01-02,Billing,Low,62,3,0
10083,8474,Enterprise,2024-12-24,2024-12-24,Integration,Critical,7,4,0
10084,8474,Enterprise,2024-12-31,2025-01-01,Technical,Low,24,4,0
10085,8474,Enterprise,2024-12-30,2024-12-31,Feature Request,Medium,41,1,0
10086,8474,Enterprise,2025-01-09,2025-01-09,Onboarding,High,18,5,0
10087,8474,Enterprise,2025-01-14,2025-01-18,Feature Request,Low,100,4,0
10088,8474,Enterprise,2025-01-13,2025-01-14,Feature Request,Medium,24,4,0
10089,8474,Enterprise,2025-01-19,2025-01-21,Performance,Low,68,4,0
10090,8474,Enterprise,2024-12-31,2025-01-03,Account,Low,86,5,0
10091,8474,Enterprise,2024-12-28,2024-12-29,Onboarding,Medium,41,2,0
10092,8474,Enterprise,2025-01-09,2025-01-11,Feature Request,Low,63,5,0
10093,8481,Starter,2024-10-14,2024-10-14,Integration,Medium,11,3,1
10094,8482,Pro,2025-01-03,2025-01-03,Feature Request,High,6,3,0
10095,8492,Enterprise,2025-01-04,2025-01-04,Technical,High,5,3,0
10096,8492,Enterprise,2025-01-17,2025-01-17,Account,High,18,5,0
10097,8492,Enterprise,2024-12-30,2025-01-02,Feature Request,Low,93,2,0
10098,8497,Enterprise,2024-09-29,2024-10-01,Onboarding,Low,59,3,1
10099,8497,Enterprise,2024-09-29,2024-09-29,Account,High,14,3,1
10100,8497,Enterprise,2024-09-28,2024-09-30,Account,Low,51,1,1
10101,8497,Enterprise,2024-10-14,2024-10-16,Integration,Low,66,3,1
10102,8497,Enterprise,2024-10-11,2024-10-11,Account,High,16,2,1
10103,8497,Enterprise,2024-10-12,2024-10-12,Feature Request,High,12,3,1
10104,8500,Starter,2024-12-09,2024-12-09,Performance,Critical,7,2,1
10105,8500,Starter,2024-12-15,2024-12-15,Feature Request,High,7,1,1
10106,8501,Starter,2024-12-27,2024-12-28,Billing,Medium,28,2,0
10107,8502,Business,2025-01-09,2025-01-13,Feature Request,Low,117,4,0
10108,8509,Starter,2024-12-08,2024-12-12,Feature Request,Low,105,4,1
10109,8515,Enterprise,2025-01-03,2025-01-04,Feature Request,Low,31,2,0
10110,8515,Enterprise,2025-01-18,2025-01-18,Technical,Medium,21,2,0
10111,8515,Enterprise,2025-01-16,2025-01-16,Account,Critical,8,2,0
10112,8515,Enterprise,2024-12-26,2024-12-26,Technical,Critical,3,4,0
10113,8515,Enterprise,2025-01-09,2025-01-09,Billing,Medium,20,3,0
10114,8518,Enterprise,2025-01-21,2025-01-21,Feature Request,High,16,3,0
10115,8518,Enterprise,2025-01-05,2025-01-08,Feature Request,Low,92,4,0
10116,8518,Enterprise,2025-01-10,2025-01-10,Onboarding,High,12,5,0
10117,8518,Enterprise,2025-01-19,2025-01-19,Onboarding,Critical,6,5,0
10118,8520,Pro,2025-01-14,2025-01-14,Account,High,12,2,0
10119,8520,Pro,2025-01-23,2025-01-24,Billing,High,24,1,0
10120,8520,Pro,2025-01-21,2025-01-21,Account,Medium,18,3,0
10121,8523,Enterprise,2025-01-22,2025-01-22,Onboarding,Medium,15,4,0
10122,8523,Enterprise,2025-01-14,2025-01-15,Billing,Medium,42,4,0
10123,8524,Enterprise,2025-01-05,2025-01-05,Technical,High,7,4,0
10124,8524,Enterprise,2025-01-05,2025-01-09,Technical,Low,114,5,0
10125,8524,Enterprise,2025-01-11,2025-01-15,Integration,Low,100,5,0
10126,8533,Business,2025-01-03,2025-01-06,Feature Request,Low,81,2,0
10127,8533,Business,2025-01-09,2025-01-10,Integration,Medium,45,4,0
10128,8535,Business,2024-11-27,2024-11-28,Technical,Medium,29,5,0
10129,8535,Enterprise,2025-01-02,2025-01-02,Performance,Medium,16,4,0
10130,8535,Enterprise,2025-01-04,2025-01-07,Performance,Low,89,4,0
10131,8535,Enterprise,2025-01-03,2025-01-03,Billing,High,4,3,0
10132,8535,Enterprise,2025-01-07,2025-01-09,Onboarding,Low,67,5,0
10133,8540,Business,2025-01-01,2025-01-01,Feature Request,Critical,6,5,0
10134,8540,Business,2025-01-02,2025-01-02,Technical,High,10,5,0
10135,8548,Enterprise,2025-01-11,2025-01-12,Performance,Low,38,5,0
10136,8548,Enterprise,2025-01-01,2025-01-01,Integration,Medium,12,4,0
10137,8552,Pro,2024-12-31,2024-12-31,Technical,Medium,15,2,0
10138,8552,Pro,2025-01-11,2025-01-12,Feature Request,Low,32,4,0
10139,8553,Enterprise,2025-01-14,2025-01-15,Onboarding,Medium,36,5,0
10140,8553,Enterprise,2025-01-04,2025-01-04,Onboarding,Critical,6,4,0
10141,8553,Enterprise,2025-01-21,2025-01-21,Performance,Medium,17,5,0
10142,8553,Enterprise,2025-01-01,2025-01-05,Onboarding,Low,112,2,0
10143,8553,Enterprise,2025-01-03,2025-01-07,Integration,Low,115,4,0
10144,8564,Enterprise,2025-01-10,2025-01-11,Billing,Medium,31,3,0
10145,8564,Enterprise,2025-01-18,2025-01-18,Billing,Medium,22,4,0
10146,8564,Enterprise,2024-12-30,2024-12-30,Integration,High,23,4,0
10147,8564,Enterprise,2025-01-05,2025-01-06,Feature Request,Low,44,1,0
10148,8565,Business,2024-12-28,2024-12-28,Performance,Medium,16,1,0
10149,8570,Starter,2025-01-24,2025-01-24,Performance,High,20,4,0
10150,8572,Pro,2024-11-17,2024-11-18,Technical,Low,37,1,1
10151,8572,Pro,2024-11-18,2024-11-18,Technical,High,4,4,1
10152,8572,Pro,2024-11-15,2024-11-15,Technical,Critical,4,2,1
10153,8572,Pro,2024-11-08,2024-11-11,Feature Request,Low,91,3,1
10154,8572,Pro,2024-11-24,2024-11-25,Account,Medium,29,4,1
10155,8572,Pro,2024-11-12,2024-11-13,Onboarding,Low,43,2,1
10156,8572,Pro,2024-12-18,2024-12-20,Integration,Low,55,2,1
10157,8572,Pro,2024-12-23,2024-12-24,Feature Request,Medium,36,2,1
10158,8572,Pro,2024-11-30,2024-12-01,Account,Medium,47,1,1
10159,8572,Pro,2024-12-22,2024-12-22,Feature Request,Critical,1,2,1
10160,8572,Pro,2024-12-24,2024-12-25,Account,Medium,25,2,1
10161,8572,Pro,2024-12-19,2024-12-19,Integration,Medium,11,3,1
10162,8574,Business,2025-01-19,2025-01-19,Account,Critical,1,4,0
10163,8574,Business,2025-01-16,2025-01-17,Technical,Medium,37,5,0
10164,8582,Pro,2025-01-23,2025-01-24,Account,Medium,24,5,0
10165,8584,Pro,2024-11-06,2024-11-07,Technical,Medium,39,5,1
10166,8584,Pro,2024-11-07,2024-11-08,Onboarding,Medium,35,1,1
10167,8584,Pro,2024-11-17,2024-11-19,Performance,Low,59,1,1
10168,8584,Pro,2024-11-06,2024-11-10,Feature Request,Low,113,4,1
10169,8584,Pro,2024-12-23,2024-12-23,Technical,High,2,1,1
10170,8584,Pro,2024-12-02,2024-12-02,Billing,Critical,4,4,1
10171,8586,Starter,2024-11-15,2024-11-18,Performance,Low,94,1,1
10172,8586,Starter,2024-12-14,2024-12-15,Integration,Medium,39,2,1
10173,8586,Starter,2024-12-10,2024-12-10,Onboarding,High,17,2,1
10174,8591,Business,2024-11-06,2024-11-10,Account,Low,108,4,1
10175,8591,Business,2024-10-29,2024-10-29,Performance,High,18,3,1
10176,8591,Business,2024-12-15,2024-12-15,Performance,Critical,7,1,1
10177,8591,Business,2024-12-03,2024-12-04,Performance,Medium,36,4,1
10178,8591,Business,2024-12-19,2024-12-21,Onboarding,Low,61,1,1
10179,8591,Business,2024-12-19,2024-12-21,Account,Low,61,2,1
10180,8591,Business,2024-12-21,2024-12-24,Performance,Low,74,1,1
10181,8591,Business,2024-12-05,2024-12-05,Account,High,19,2,1
10182,8600,Enterprise,2025-01-11,2025-01-11,Technical,High,23,5,0
10183,8600,Enterprise,2025-01-25,2025-01-27,Integration,Low,49,2,0
10184,8600,Enterprise,2025-01-01,2025-01-02,Performance,Medium,47,5,0
10185,8600,Enterprise,2025-01-01,2025-01-01,Account,Medium,8,4,0
10186,8607,Pro,2024-12-21,2024-12-22,Integration,Medium,47,2,1
10187,8608,Business,2025-01-02,2025-01-03,Billing,Medium,26,4,0
10188,8608,Business,2025-01-20,2025-01-20,Feature Request,High,12,5,0
10189,8611,Enterprise,2025-01-23,2025-01-24,Billing,Medium,46,5,0
10190,8611,Enterprise,2025-01-09,2025-01-10,Performance,Medium,36,1,0
10191,8611,Enterprise,2024-12-30,2024-12-30,Performance,Critical,8,5,0
10192,8611,Enterprise,2025-01-04,2025-01-04,Billing,Critical,5,4,0
10193,8611,Enterprise,2025-01-13,2025-01-13,Integration,High,14,4,0
10194,8612,Business,2025-01-27,2025-01-28,Technical,Medium,42,3,0
10195,8612,Business,2025-01-14,2025-01-18,Integration,Low,114,5,0
10196,8614,Pro,2024-12-24,2024-12-24,Integration,High,10,3,0
10197,8614,Pro,2024-12-23,2024-12-24,Billing,Medium,25,4,0
10198,8634,Starter,2024-12-12,2024-12-14,Billing,Low,66,3,1
10199,8634,Starter,2024-12-29,2025-01-02,Onboarding,Low,100,3,1
10200,8634,Starter,2024-12-15,2024-12-17,Billing,Low,59,3,1
10201,8641,Starter,2024-12-21,2024-12-24,Technical,Low,84,3,0
10202,8641,Starter,2024-12-12,2024-12-13,Onboarding,Medium,39,4,0
10203,8644,Pro,2024-12-20,2024-12-22,Technical,Low,49,4,0
10204,8644,Pro,2024-12-16,2024-12-17,Onboarding,High,24,4,0
10205,8644,Pro,2024-12-30,2024-12-30,Technical,Medium,11,5,0
10206,8658,Pro,2024-12-03,2024-12-03,Performance,High,9,3,0
10207,8658,Pro,2024-12-17,2024-12-20,Account,Low,93,4,0
10208,8660,Pro,2024-12-12,2024-12-13,Technical,Medium,32,5,0
10209,8661,Enterprise,2024-12-17,2024-12-17,Integration,High,9,3,0
10210,8661,Enterprise,2024-12-05,2024-12-05,Account,High,21,4,0
10211,8670,Starter,2024-12-31,2025-01-04,Technical,Low,105,3,1
10212,8687,Pro,2024-12-30,2024-12-31,Performance,Low,33,5,0
10213,8687,Pro,2024-12-28,2024-12-29,Feature Request,Medium,41,3,0
10214,8687,Pro,2024-12-17,2024-12-17,Billing,High,14,4,0
10215,8690,Pro,2024-10-21,2024-10-25,Feature Request,Low,106,3,1
10216,8690,Pro,2024-11-13,2024-11-13,Performance,High,10,2,1
10217,8692,Starter,2024-10-26,2024-10-26,Feature Request,High,18,1,1
10218,8692,Starter,2024-10-04,2024-10-07,Onboarding,Low,74,2,1
10219,8697,Starter,2024-11-19,2024-11-20,Feature Request,Medium,26,2,1
10220,8697,Starter,2024-11-22,2024-11-22,Performance,High,5,4,1
10221,8713,Business,2024-11-08,2024-11-11,Technical,Low,75,5,0
10222,8713,Business,2024-11-12,2024-11-15,Account,Low,77,5,0
10223,8713,Business,2024-11-20,2024-11-20,Feature Request,Medium,23,4,0
10224,8713,Business,2024-11-08,2024-11-09,Performance,Medium,26,3,0
10225,8713,Enterprise,2024-12-28,2024-12-29,Technical,Medium,28,4,0
10226,8713,Enterprise,2024-12-25,2024-12-25,Onboarding,High,23,2,0
10227,8729,Business,2024-12-24,2024-12-25,Billing,Medium,32,1,1
10228,8729,Business,2024-12-12,2024-12-13,Onboarding,Medium,39,2,1
10229,8729,Business,2024-12-19,2024-12-20,Performance,Medium,36,3,1
10230,8737,Enterprise,2024-12-10,2024-12-11,Technical,Low,29,1,1
10231,8737,Enterprise,2024-12-11,2024-12-12,Account,Low,43,1,1
10232,8737,Enterprise,2024-12-28,2024-12-30,Integration,Low,61,4,1
10233,8737,Enterprise,2024-12-16,2024-12-16,Billing,Critical,4,2,1
10234,8737,Enterprise,2025-01-03,2025-01-04,Onboarding,Low,39,1,1
10235,8737,Enterprise,2024-12-18,2024-12-18,Performance,High,7,3,1
10236,8737,Enterprise,2024-12-15,2024-12-19,Integration,Low,116,2,1
10237,8738,Business,2024-12-25,2024-12-27,Integration,Low,56,5,0
10238,8738,Business,2024-12-19,2024-12-20,Technical,Low,36,3,0
10239,8743,Business,2024-12-29,2024-12-29,Technical,High,12,5,0
10240,8745,Starter,2024-12-14,2024-12-15,Feature Request,Medium,39,5,0
10241,8756,Pro,2024-11-25,2024-11-26,Performance,Low,33,4,1
10242,8756,Pro,2024-11-22,2024-11-23,Billing,Medium,31,2,1
10243,8757,Enterprise,2024-12-29,2024-12-29,Feature Request,High,8,4,0
10244,8757,Enterprise,2024-12-30,2024-12-30,Performance,High,2,3,0
10245,8757,Enterprise,2024-12-16,2024-12-17,Performance,Low,38,4,0
10246,8757,Enterprise,2024-12-24,2024-12-28,Integration,Low,102,5,0
10247,8769,Enterprise,2024-12-15,2024-12-15,Integration,High,6,5,0
10248,8769,Enterprise,2024-12-24,2024-12-25,Onboarding,Medium,34,5,0
10249,8769,Enterprise,2024-12-28,2024-12-29,Technical,Medium,42,4,0
10250,8772,Business,2024-12-31,2024-12-31,Technical,High,9,2,0
10251,8773,Business,2024-12-13,2024-12-15,Billing,Low,61,1,0
10252,8773,Business,2024-12-26,2024-12-27,Feature Request,Medium,38,1,0
10253,8773,Business,2024-12-26,2024-12-26,Account,High,23,3,0
10254,8779,Starter,2024-10-27,2024-10-27,Integration,High,5,2,1
10255,8779,Starter,2024-11-06,2024-11-09,Onboarding,Low,95,2,1
10256,8784,Enterprise,2024-10-17,2024-10-18,Billing,Medium,39,5,0
10257,8784,Enterprise,2024-10-11,2024-10-11,Onboarding,Medium,13,5,0
10258,8784,Enterprise,2024-11-03,2024-11-04,Onboarding,Medium,34,4,0
10259,8784,Enterprise,2024-10-15,2024-10-17,Onboarding,Low,70,4,0
10260,8784,Enterprise,2024-11-22,2024-11-26,Billing,Low,97,3,0
10261,8784,Enterprise,2024-12-01,2024-12-03,Performance,Low,69,3,0
10262,8784,Enterprise,2024-11-12,2024-11-16,Integration,Low,111,4,0
10263,8784,Enterprise,2024-11-28,2024-11-28,Onboarding,Medium,14,5,0
10264,8784,Enterprise,2024-11-07,2024-11-07,Billing,Medium,23,4,0
10265,8784,Business,2024-12-28,2024-12-28,Billing,High,21,5,0
10266,8792,Starter,2024-12-19,2024-12-22,Performance,Low,72,4,0
10267,8794,Business,2025-01-03,2025-01-06,Billing,Low,79,3,0
10268,8797,Pro,2024-12-08,2024-12-08,Technical,High,13,5,0
10269,8798,Business,2024-12-30,2024-12-30,Performance,Medium,11,4,0
10270,8798,Business,2024-12-26,2024-12-27,Feature Request,Low,37,3,0
10271,8812,Enterprise,2024-12-24,2024-12-25,Account,Low,26,3,0
10272,8812,Enterprise,2024-12-30,2024-12-30,Billing,High,19,2,0
10273,8812,Enterprise,2024-12-13,2024-12-15,Performance,Low,63,5,0
10274,8812,Enterprise,2024-12-20,2024-12-22,Onboarding,Low,49,4,0
10275,8812,Enterprise,2025-01-04,2025-01-08,Account,Low,109,4,0
10276,8813,Starter,2024-11-26,2024-11-26,Performance,High,6,2,1
10277,8813,Starter,2024-12-03,2024-12-03,Technical,High,11,3,1
10278,8813,Starter,2024-11-18,2024-11-18,Integration,High,21,1,1
10279,8814,Business,2025-01-04,2025-01-04,Performance,Critical,8,5,0
10280,8814,Business,2025-01-06,2025-01-06,Account,Critical,3,3,0
10281,8819,Business,2024-12-20,2024-12-23,Billing,Low,92,4,0
10282,8819,Business,2024-12-27,2024-12-28,Technical,Low,34,4,0
10283,8819,Business,2024-12-17,2024-12-21,Technical,Low,100,4,0
10284,8819,Business,2024-12-11,2024-12-12,Feature Request,Medium,47,1,0
10285,8839,Business,2025-01-02,2025-01-04,Billing,Low,49,3,0
10286,8839,Business,2024-12-31,2024-12-31,Feature Request,High,6,5,0
10287,8839,Business,2025-01-06,2025-01-07,Performance,Low,26,4,0
10288,8861,Pro,2025-01-05,2025-01-09,Performance,Low,103,5,0
10289,8861,Pro,2024-12-24,2024-12-25,Billing,Medium,34,5,0
10290,8861,Pro,2024-12-27,2024-12-27,Account,High,5,5,0
10291,8871,Starter,2025-01-02,2025-01-06,Onboarding,Low,102,3,0
10292,8871,Starter,2025-01-08,2025-01-08,Feature Request,High,2,3,0
10293,8873,Business,2025-01-07,2025-01-09,Account,Low,66,4,0
10294,8873,Business,2025-01-08,2025-01-09,Onboarding,Low,28,5,0
10295,8874,Enterprise,2024-12-22,2024-12-23,Performance,Low,40,2,0
10296,8874,Enterprise,2024-12-28,2024-12-31,Integration,Low,72,3,0
10297,8874,Enterprise,2024-12-18,2024-12-20,Account,Low,55,4,0
10298,8875,Pro,2024-12-21,2024-12-25,Billing,Low,117,5,0
10299,8878,Enterprise,2025-01-02,2025-01-03,Technical,Medium,39,5,0
10300,8878,Enterprise,2025-01-08,2025-01-09,Account,Low,34,3,0
10301,8885,Enterprise,2024-12-26,2024-12-30,Account,Low,112,4,0
10302,8885,Enterprise,2024-12-22,2024-12-22,Account,Critical,7,1,0
10303,8885,Enterprise,2024-12-16,2024-12-18,Feature Request,Low,62,5,0
10304,8885,Enterprise,2024-12-25,2024-12-26,Performance,Low,46,5,0
10305,8885,Enterprise,2024-12-15,2024-12-15,Feature Request,Medium,22,1,0
10306,8885,Enterprise,2024-12-28,2024-12-28,Onboarding,High,21,4,0
10307,8887,Pro,2024-12-14,2024-12-18,Billing,Low,101,4,0
10308,8887,Pro,2024-12-30,2024-12-31,Billing,Medium,24,4,0
10309,8890,Starter,2024-12-31,2025-01-01,Technical,Medium,44,4,0
10310,8890,Starter,2025-01-03,2025-01-05,Onboarding,Low,71,2,0
10311,8896,Business,2024-11-12,2024-11-12,Onboarding,High,9,3,1
10312,8904,Starter,2025-01-03,2025-01-05,Account,Low,65,1,1
10313,8904,Starter,2024-12-25,2024-12-26,Account,Medium,25,2,1
10314,8907,Enterprise,2024-12-20,2024-12-21,Technical,Medium,24,5,0
10315,8907,Enterprise,2025-01-01,2025-01-01,Performance,Critical,7,4,0
10316,8907,Enterprise,2024-12-15,2024-12-18,Feature Request,Low,83,4,0
10317,8907,Enterprise,2025-01-07,2025-01-11,Onboarding,Low,101,5,0
10318,8908,Enterprise,2024-12-13,2024-12-14,Onboarding,Medium,42,5,0
10319,8908,Enterprise,2024-12-23,2024-12-26,Feature Request,Low,72,5,0
10320,8908,Enterprise,2025-01-02,2025-01-02,Onboarding,Critical,2,5,0
10321,8914,Pro,2024-10-26,2024-10-27,Billing,Medium,44,2,1
10322,8914,Pro,2024-10-29,2024-10-30,Billing,Medium,29,2,1
10323,8914,Pro,2024-11-28,2024-11-29,Account,Medium,34,2,1
10324,8914,Pro,2024-12-09,2024-12-10,Onboarding,Medium,42,4,1
10325,8915,Enterprise,2024-12-29,2025-01-01,Integration,Low,92,5,0
10326,8915,Enterprise,2024-12-16,2024-12-16,Technical,Medium,12,5,0
10327,8915,Enterprise,2024-12-27,2024-12-27,Integration,High,8,5,0
10328,8915,Enterprise,2025-01-04,2025-01-06,Billing,Low,67,3,0
10329,8919,Business,2024-12-19,2024-12-22,Performance,Low,75,4,0
10330,8919,Business,2024-12-18,2024-12-18,Onboarding,High,2,1,0
10331,8919,Business,2024-12-15,2024-12-15,Integration,Medium,12,4,0
10332,8922,Starter,2024-11-20,2024-11-20,Account,High,2,3,1
10333,8922,Starter,2024-11-17,2024-11-18,Performance,Medium,34,3,1
10334,8927,Pro,2024-12-31,2024-12-31,Billing,High,21,5,0
10335,8927,Pro,2024-12-17,2024-12-21,Onboarding,Low,101,4,0
10336,8927,Pro,2025-01-09,2025-01-09,Integration,Medium,21,4,0
10337,8927,Pro,2024-12-31,2025-01-01,Account,Medium,30,2,0
10338,8927,Pro,2025-01-03,2025-01-03,Integration,High,11,3,0
10339,8929,Starter,2024-12-27,2024-12-29,Onboarding,Low,71,5,0
10340,8929,Starter,2024-12-25,2024-12-25,Account,High,5,5,0
10341,8931,Enterprise,2025-01-05,2025-01-05,Integration,Medium,22,5,0
10342,8931,Enterprise,2024-12-28,2024-12-30,Billing,Low,48,2,0
10343,8931,Enterprise,2025-01-08,2025-01-08,Technical,High,13,1,0
10344,8931,Enterprise,2025-01-08,2025-01-09,Onboarding,Medium,44,4,0
10345,8931,Enterprise,2025-01-02,2025-01-05,Integration,Low,92,2,0
10346,8935,Enterprise,2025-01-05,2025-01-07,Onboarding,Low,67,4,0
10347,8935,Enterprise,2025-01-09,2025-01-09,Performance,Medium,8,5,0
10348,8935,Enterprise,2025-01-10,2025-01-10,Account,High,18,3,0
10349,8935,Enterprise,2025-01-10,2025-01-10,Account,High,15,5,0
10350,8937,Starter,2024-12-10,2024-12-10,Billing,High,15,2,1
10351,8942,Enterprise,2024-12-21,2024-12-21,Technical,Medium,16,1,0
10352,8942,Enterprise,2024-12-29,2024-12-30,Performance,Medium,37,4,0
10353,8944,Pro,2024-11-01,2024-11-02,Account,Low,43,3,1
10354,8944,Pro,2024-11-08,2024-11-08,Integration,Critical,8,4,1
10355,8944,Pro,2024-12-01,2024-12-04,Account,Low,73,2,1
10356,8944,Pro,2024-12-12,2024-12-13,Technical,Medium,29,2,1
10357,8947,Enterprise,2024-11-27,2024-11-28,Feature Request,Medium,26,5,0
10358,8947,Enterprise,2024-11-15,2024-11-16,Performance,Medium,37,3,0
10359,8947,Enterprise,2024-12-04,2024-12-04,Feature Request,Critical,3,5,0
10360,8947,Enterprise,2024-11-17,2024-11-20,Onboarding,Low,78,4,0
10361,8947,Business,2025-01-12,2025-01-13,Account,Medium,27,2,0
10362,8950,Starter,2024-12-29,2024-12-30,Feature Request,Medium,42,1,1
10363,8957,Business,2024-12-31,2024-12-31,Account,Critical,2,5,0
10364,8957,Business,2025-01-05,2025-01-05,Account,Medium,23,5,0
10365,8957,Business,2024-12-29,2024-12-29,Integration,Medium,8,4,0
10366,8957,Business,2024-12-16,2024-12-16,Onboarding,Medium,20,1,0
10367,8958,Pro,2025-01-07,2025-01-07,Account,Medium,21,5,0
10368,8958,Pro,2025-01-01,2025-01-01,Integration,High,16,2,0
10369,8958,Pro,2025-01-09,2025-01-09,Feature Request,Critical,5,4,0
10370,8969,Enterprise,2024-12-02,2024-12-02,Onboarding,High,19,4,0
10371,8969,Enterprise,2024-11-16,2024-11-16,Integration,Medium,20,5,0
10372,8969,Enterprise,2024-11-20,2024-11-24,Technical,Low,109,4,0
10373,8969,Enterprise,2024-12-12,2024-12-13,Integration,Medium,29,4,0
10374,8969,Business,2024-12-23,2024-12-23,Integration,High,7,5,0
10375,8971,Business,2024-10-19,2024-10-19,Account,High,3,3,1
10376,8971,Business,2024-10-26,2024-10-26,Billing,Medium,12,1,1
10377,8971,Business,2024-11-13,2024-11-13,Performance,Critical,8,5,1
10378,8971,Business,2024-11-08,2024-11-08,Billing,Medium,19,1,1
10379,8971,Business,2024-11-04,2024-11-05,Onboarding,Medium,24,4,1
10380,8971,Business,2024-11-29,2024-12-02,Account,Low,82,1,1
10381,8972,Enterprise,2025-01-09,2025-01-10,Performance,Low,47,4,0
10382,8972,Enterprise,2025-01-06,2025-01-10,Integration,Low,111,3,0
10383,8972,Enterprise,2025-01-04,2025-01-04,Integration,High,5,3,0
10384,8973,Enterprise,2024-12-28,2025-01-02,Feature Request,Low,120,3,0
10385,8974,Enterprise,2024-12-18,2024-12-18,Performance,High,9,4,0
10386,8974,Enterprise,2025-01-03,2025-01-07,Integration,Low,99,4,0
10387,8974,Enterprise,2024-12-23,2024-12-24,Onboarding,Medium,40,3,0
10388,8974,Enterprise,2024-12-24,2024-12-24,Onboarding,Medium,12,5,0
10389,8974,Enterprise,2024-12-19,2024-12-19,Billing,Medium,15,1,0
10390,8974,Enterprise,2024-12-31,2025-01-05,Performance,Low,120,3,0
10391,8974,Enterprise,2025-01-14,2025-01-14,Technical,Medium,12,3,0
10392,8974,Enterprise,2024-12-31,2025-01-01,Billing,Medium,33,4,0
10393,8977,Pro,2025-01-06,2025-01-07,Account,Medium,30,4,0
10394,8979,Enterprise,2025-01-07,2025-01-11,Billing,Low,116,5,0
10395,8979,Enterprise,2025-01-11,2025-01-12,Feature Request,Medium,32,4,0
10396,8979,Enterprise,2025-01-05,2025-01-07,Technical,Low,48,2,0
10397,8981,Pro,2025-01-13,2025-01-13,Onboarding,Medium,20,5,0
10398,8984,Enterprise,2024-12-19,2024-12-19,Integration,Medium,14,5,0
10399,8987,Business,2025-01-09,2025-01-11,Billing,Low,61,1,0
10400,8994,Pro,2025-01-09,2025-01-11,Performance,Low,64,4,0
10401,8996,Business,2024-12-20,2024-12-21,Account,Medium,28,4,0
10402,8996,Business,2025-01-14,2025-01-14,Integration,Medium,15,4,0
10403,8996,Business,2025-01-03,2025-01-07,Integration,Low,119,5,0
10404,8996,Business,2025-01-08,2025-01-08,Billing,Medium,18,5,0
10405,8996,Business,2024-12-30,2024-12-30,Billing,Medium,16,5,0
10406,8996,Business,2024-12-25,2024-12-29,Account,Low,112,3,0
10407,8997,Starter,2024-12-23,2024-12-24,Feature Request,High,24,5,0
10408,8999,Enterprise,2025-01-07,2025-01-08,Onboarding,Medium,34,4,0
10409,8999,Enterprise,2025-01-09,2025-01-09,Account,High,14,3,0
10410,8999,Enterprise,2025-01-13,2025-01-15,Onboarding,Medium,48,4,0
10411,8999,Enterprise,2025-01-03,2025-01-05,Integration,Low,54,4,0
10412,8999,Enterprise,2024-12-23,2024-12-23,Performance,Medium,20,2,0
10413,9003,Business,2024-12-27,2024-12-28,Onboarding,Medium,29,5,0
10414,9003,Business,2024-12-26,2024-12-27,Performance,Medium,30,5,0
10415,9003,Business,2024-12-18,2024-12-19,Feature Request,Medium,24,3,0
10416,9010,Pro,2024-12-27,2024-12-28,Performance,Medium,43,3,0
10417,9012,Business,2025-01-05,2025-01-09,Account,Low,111,3,0
10418,9012,Business,2024-12-31,2025-01-01,Technical,Medium,41,3,0
10419,9012,Business,2024-12-23,2024-12-24,Feature Request,Low,46,4,0
10420,9013,Pro,2025-01-01,2025-01-01,Feature Request,High,21,2,0
10421,9018,Pro,2024-12-28,2024-12-28,Billing,High,2,5,0
10422,9030,Pro,2024-12-19,2024-12-20,Performance,Low,30,4,0
10423,9032,Starter,2024-12-21,2024-12-23,Performance,Medium,48,4,0
10424,9034,Pro,2024-12-23,2024-12-24,Integration,Medium,42,2,0
10425,9039,Business,2024-12-19,2024-12-22,Feature Request,Low,84,4,0
10426,9039,Business,2025-01-15,2025-01-16,Billing,Medium,37,2,0
10427,9045,Starter,2024-12-21,2024-12-25,Performance,Low,99,1,0
10428,9045,Starter,2024-12-28,2024-12-29,Technical,Low,46,3,0
10429,9048,Starter,2024-10-21,2024-10-22,Performance,Medium,28,4,0
10430,9048,Starter,2024-10-26,2024-10-26,Integration,Medium,19,4,0
10431,9048,Pro,2025-01-03,2025-01-03,Onboarding,High,11,5,0
10432,9048,Pro,2024-12-26,2024-12-26,Technical,Medium,14,3,0
10433,9048,Pro,2024-12-29,2025-01-03,Feature Request,Low,120,3,0
10434,9049,Pro,2025-01-17,2025-01-17,Feature Request,Critical,2,2,0
10435,9049,Pro,2025-01-03,2025-01-06,Account,Low,72,3,0
10436,9051,Enterprise,2025-01-12,2025-01-12,Performance,Medium,18,1,0
10437,9051,Enterprise,2024-12-23,2024-12-24,Feature Request,Low,38,4,0
10438,9053,Enterprise,2025-01-16,2025-01-16,Onboarding,High,6,5,0
10439,9053,Enterprise,2025-01-07,2025-01-10,Performance,Low,81,5,0
10440,9053,Enterprise,2024-12-26,2024-12-26,Onboarding,High,12,3,0
10441,9053,Enterprise,2025-01-09,2025-01-09,Performance,Critical,2,5,0
10442,9053,Enterprise,2025-01-08,2025-01-10,Feature Request,Low,57,3,0
10443,9057,Enterprise,2025-01-13,2025-01-14,Feature Request,Medium,37,3,0
10444,9057,Enterprise,2024-12-24,2024-12-24,Billing,Medium,23,4,0
10445,9057,Enterprise,2024-12-21,2024-12-22,Feature Request,Medium,45,5,0
10446,9057,Enterprise,2025-01-07,2025-01-09,Technical,Low,56,4,0
10447,9063,Pro,2024-12-13,2024-12-13,Billing,High,2,1,1
10448,9063,Pro,2024-12-18,2024-12-18,Account,High,21,1,1
10449,9065,Business,2024-12-22,2024-12-22,Billing,High,17,2,0
10450,9065,Business,2025-01-04,2025-01-05,Technical,Medium,26,4,0
10451,9065,Business,2025-01-11,2025-01-11,Onboarding,Medium,12,3,0
10452,9065,Business,2025-01-07,2025-01-10,Billing,Low,94,2,0
10453,9066,Starter,2025-01-05,2025-01-05,Technical,High,21,5,0
10454,9066,Starter,2024-12-24,2024-12-24,Performance,Critical,8,5,0
10455,9066,Starter,2025-01-14,2025-01-14,Performance,Medium,13,5,0
10456,9067,Pro,2025-01-15,2025-01-16,Account,Medium,45,5,0
10457,9067,Pro,2025-01-14,2025-01-14,Technical,High,11,4,0
10458,9071,Business,2025-01-13,2025-01-13,Technical,Medium,20,5,0
10459,9071,Business,2024-12-25,2024-12-26,Onboarding,Medium,43,2,0
10460,9081,Enterprise,2025-01-10,2025-01-11,Onboarding,Medium,24,4,0
10461,9081,Enterprise,2024-12-31,2025-01-02,Billing,Low,48,4,0
10462,9083,Enterprise,2025-01-17,2025-01-17,Performance,High,6,4,0
10463,9083,Enterprise,2024-12-29,2025-01-02,Integration,Low,105,4,0
10464,9083,Enterprise,2025-01-12,2025-01-13,Billing,Medium,26,4,0
10465,9083,Enterprise,2025-01-05,2025-01-06,Performance,Medium,26,4,0
10466,9084,Starter,2024-11-12,2024-11-16,Feature Request,Low,117,4,1
10467,9084,Starter,2024-11-15,2024-11-16,Billing,Low,47,3,1
10468,9084,Starter,2024-11-21,2024-11-21,Billing,High,23,4,1
10469,9085,Business,2025-01-14,2025-01-14,Technical,Medium,23,3,0
10470,9085,Business,2024-12-28,2024-12-28,Integration,Critical,2,5,0
10471,9088,Starter,2025-01-07,2025-01-08,Integration,Medium,32,3,1
10472,9099,Starter,2024-12-30,2025-01-03,Technical,Low,99,5,0
10473,9099,Starter,2025-01-17,2025-01-17,Account,High,2,5,0
10474,9102,Enterprise,2025-01-11,2025-01-12,Integration,Medium,28,3,0
10475,9106,Business,2025-01-02,2025-01-03,Onboarding,Medium,41,2,0
10476,9106,Business,2025-01-05,2025-01-05,Onboarding,High,16,5,0
10477,9109,Business,2025-01-02,2025-01-02,Feature Request,High,6,2,0
10478,9116,Pro,2025-01-01,2025-01-02,Integration,Medium,34,5,0
10479,9120,Pro,2024-11-23,2024-11-24,Integration,Medium,26,4,1
10480,9120,Pro,2024-11-28,2024-11-28,Onboarding,Medium,11,4,1
10481,9120,Pro,2024-12-19,2024-12-19,Technical,Critical,4,1,1
10482,9121,Business,2024-10-25,2024-10-29,Performance,Low,119,2,1
10483,9121,Business,2024-11-10,2024-11-12,Onboarding,Low,70,2,1
10484,9121,Business,2024-11-06,2024-11-06,Account,Medium,11,3,1
10485,9121,Business,2024-10-28,2024-10-28,Onboarding,Medium,11,1,1
10486,9121,Business,2024-12-03,2024-12-03,Billing,High,21,1,1
10487,9121,Business,2024-12-02,2024-12-05,Integration,Low,81,1,1
10488,9121,Business,2024-11-24,2024-11-25,Integration,Medium,27,5,1
10489,9121,Business,2024-12-20,2024-12-20,Performance,Medium,9,1,1
10490,9121,Business,2024-11-26,2024-11-26,Performance,High,13,2,1
10491,9121,Business,2024-12-08,2024-12-08,Integration,High,9,3,1
10492,9121,Business,2024-12-14,2024-12-14,Integration,High,2,4,1
10493,9126,Enterprise,2024-12-30,2024-12-30,Technical,Medium,15,4,0
10494,9144,Starter,2025-01-17,2025-01-19,Integration,Low,66,3,0
10495,9150,Pro,2024-12-28,2024-12-28,Onboarding,High,20,5,0
10496,9151,Business,2025-01-18,2025-01-22,Technical,Low,102,4,0
10497,9151,Business,2024-12-30,2024-12-30,Onboarding,High,20,3,0
10498,9153,Enterprise,2024-12-25,2024-12-29,Integration,Low,118,2,0
10499,9159,Pro,2025-01-22,2025-01-25,Integration,Low,79,3,0
10500,9165,Business,2025-01-14,2025-01-15,Technical,Low,43,5,0
10501,9165,Business,2025-01-14,2025-01-15,Onboarding,Medium,43,4,0
10502,9165,Business,2025-01-15,2025-01-15,Performance,High,23,5,0
10503,9165,Business,2025-01-12,2025-01-13,Technical,Medium,25,4,0
10504,9168,Business,2025-01-18,2025-01-19,Billing,Low,29,4,0
10505,9168,Business,2025-01-22,2025-01-23,Integration,Medium,35,5,0
10506,9168,Business,2024-12-29,2024-12-29,Onboarding,Medium,16,3,0
10507,9168,Business,2025-01-03,2025-01-04,Billing,Medium,36,3,0
10508,9174,Enterprise,2025-01-15,2025-01-15,Billing,High,3,4,0
10509,9174,Enterprise,2024-12-31,2024-12-31,Integration,High,4,2,0
10510,9174,Enterprise,2025-01-16,2025-01-17,Integration,Medium,25,5,0
10511,9174,Enterprise,2025-01-02,2025-01-03,Performance,High,24,5,0
10512,9175,Starter,2024-11-18,2024-11-20,Billing,Low,53,3,1
10513,9175,Starter,2024-11-30,2024-11-30,Technical,Critical,3,2,1
10514,9175,Starter,2024-11-25,2024-11-25,Feature Request,Critical,6,3,1
10515,9175,Starter,2024-12-21,2024-12-21,Technical,Medium,13,3,1
10516,9175,Starter,2024-12-05,2024-12-08,Account,Low,92,4,1
10517,9177,Enterprise,2025-01-05,2025-01-09,Integration,Low,116,4,0
10518,9180,Enterprise,2025-01-17,2025-01-21,Feature Request,Low,105,4,0
10519,9180,Enterprise,2025-01-12,2025-01-14,Account,Low,49,5,0
10520,9180,Enterprise,2024-12-26,2024-12-26,Onboarding,Medium,19,4,0
10521,9183,Starter,2024-12-27,2024-12-28,Account,Low,44,5,0
10522,9184,Business,2024-11-15,2024-11-16,Account,Medium,24,4,0
10523,9184,Business,2024-11-07,2024-11-12,Billing,Low,120,3,0
10524,9184,Business,2024-11-16,2024-11-20,Integration,Low,113,2,0
10525,9184,Business,2024-10-31,2024-11-01,Account,Low,31,5,0
10526,9184,Business,2024-12-19,2024-12-19,Account,High,7,1,0
10527,9184,Business,2024-12-02,2024-12-07,Integration,Low,120,3,0
10528,9184,Business,2024-12-12,2024-12-12,Account,Medium,9,4,0
10529,9184,Business,2024-12-01,2024-12-01,Integration,High,5,5,0
10530,9184,Enterprise,2025-01-08,2025-01-08,Onboarding,Medium,14,4,0
10531,9184,Enterprise,2025-01-06,2025-01-09,Account,Low,85,5,0
10532,9184,Enterprise,2025-01-01,2025-01-02,Billing,Medium,37,4,0
10533,9188,Business,2025-01-14,2025-01-14,Onboarding,Medium,12,4,0
10534,9188,Business,2025-01-15,2025-01-18,Onboarding,Low,91,2,0
10535,9192,Enterprise,2024-12-27,2024-12-27,Feature Request,Critical,7,3,0
10536,9200,Enterprise,2025-01-13,2025-01-13,Performance,Medium,8,2,0
10537,9200,Enterprise,2025-01-20,2025-01-21,Account,Medium,29,4,0
10538,9200,Enterprise,2025-01-15,2025-01-15,Billing,Medium,17,5,0
10539,9200,Enterprise,2024-12-28,2024-12-28,Performance,Medium,17,2,0
10540,9200,Enterprise,2025-01-02,2025-01-02,Onboarding,High,6,4,0
10541,9200,Enterprise,2025-01-19,2025-01-22,Billing,Low,89,5,0
10542,9206,Enterprise,2025-01-06,2025-01-07,Integration,Medium,33,2,0
10543,9206,Enterprise,2025-01-18,2025-01-19,Account,Medium,44,1,0
10544,9206,Enterprise,2025-01-07,2025-01-07,Onboarding,Critical,1,4,0
10545,9206,Enterprise,2025-01-13,2025-01-14,Integration,Medium,35,5,0
10546,9209,Pro,2025-01-04,2025-01-06,Performance,Low,55,5,0
10547,9215,Pro,2024-12-30,2024-12-30,Technical,High,20,4,0
10548,9215,Pro,2025-01-02,2025-01-02,Account,High,8,3,0
10549,9215,Pro,2025-01-02,2025-01-02,Technical,Medium,23,5,0
10550,9218,Enterprise,2025-01-19,2025-01-19,Technical,High,3,5,0
10551,9218,Enterprise,2025-01-08,2025-01-08,Onboarding,High,11,5,0
10552,9222,Enterprise,2025-01-25,2025-01-25,Performance,High,20,3,0
10553,9222,Enterprise,2025-01-18,2025-01-22,Account,Low,110,2,0
10554,9222,Enterprise,2025-01-06,2025-01-06,Technical,Critical,5,5,0
10555,9222,Enterprise,2025-01-11,2025-01-12,Billing,Medium,28,4,0
10556,9224,Pro,2025-01-01,2025-01-03,Billing,Low,57,5,0
10557,9224,Pro,2025-01-24,2025-01-25,Integration,Medium,35,2,0
10558,9226,Enterprise,2024-12-28,2024-12-29,Account,Medium,43,5,0
10559,9226,Enterprise,2025-01-10,2025-01-14,Account,Low,113,4,0
10560,9226,Enterprise,2025-01-05,2025-01-05,Account,Medium,14,4,0
10561,9226,Enterprise,2025-01-07,2025-01-08,Performance,Medium,34,2,0
10562,9228,Pro,2024-11-15,2024-11-15,Performance,High,21,1,0
10563,9228,Pro,2024-11-22,2024-11-22,Integration,High,6,4,0
10564,9228,Pro,2024-10-30,2024-11-01,Billing,Low,51,1,0
10565,9228,Pro,2024-11-07,2024-11-08,Account,Low,31,4,0
10566,9228,Pro,2024-12-17,2024-12-18,Onboarding,Medium,30,3,0
10567,9232,Enterprise,2024-12-21,2024-12-23,Feature Request,Low,48,1,1
10568,9232,Enterprise,2024-12-03,2024-12-03,Onboarding,High,23,4,1
10569,9232,Enterprise,2024-12-06,2024-12-07,Onboarding,Medium,35,1,1
10570,9232,Enterprise,2024-12-20,2024-12-21,Account,Medium,42,4,1
10571,9232,Enterprise,2024-12-01,2024-12-02,Account,Low,42,2,1
10572,9234,Pro,2025-01-18,2025-01-19,Billing,Medium,27,5,0
10573,9236,Enterprise,2025-01-12,2025-01-14,Technical,Low,62,5,0
10574,9236,Enterprise,2025-01-13,2025-01-14,Billing,Low,37,3,0
10575,9238,Enterprise,2025-01-03,2025-01-03,Account,High,22,4,0
10576,9238,Enterprise,2025-01-12,2025-01-12,Account,High,15,5,0
10577,9238,Enterprise,2025-01-14,2025-01-16,Technical,Low,52,5,0
10578,9238,Enterprise,2025-01-16,2025-01-17,Feature Request,Medium,36,3,0
10579,9242,Enterprise,2025-01-20,2025-01-20,Technical,High,14,4,0
10580,9242,Enterprise,2025-01-01,2025-01-01,Integration,Critical,5,4,0
10581,9242,Enterprise,2025-01-19,2025-01-20,Feature Request,Low,41,5,0
10582,9242,Enterprise,2025-01-26,2025-01-26,Onboarding,Medium,9,3,0
10583,9243,Starter,2025-01-12,2025-01-13,Integration,Medium,39,5,0
10584,9243,Starter,2025-01-09,2025-01-10,Technical,Medium,36,4,0
10585,9243,Starter,2025-01-24,2025-01-25,Performance,Medium,44,5,0
10586,9244,Starter,2025-01-21,2025-01-22,Technical,Medium,31,2,0
10587,9247,Pro,2025-01-19,2025-01-19,Feature Request,Medium,9,3,0
10588,9247,Pro,2025-01-09,2025-01-09,Integration,Medium,12,4,0
10589,9249,Starter,2025-01-21,2025-01-24,Billing,Low,82,4,0
10590,9249,Starter,2025-01-14,2025-01-15,Feature Request,Medium,45,4,0
10591,9254,Pro,2025-01-21,2025-01-24,Technical,Low,78,2,0
10592,9254,Pro,2025-01-17,2025-01-18,Integration,Medium,39,3,0
10593,9261,Enterprise,2025-01-23,2025-01-23,Feature Request,Medium,22,5,0
10594,9261,Enterprise,2025-01-04,2025-01-07,Onboarding,Low,93,3,0
10595,9261,Enterprise,2025-01-07,2025-01-07,Billing,Medium,14,3,0
10596,9261,Enterprise,2024-12-30,2024-12-31,Feature Request,Low,37,5,0
10597,9263,Enterprise,2024-12-31,2025-01-01,Onboarding,Medium,47,4,0
10598,9263,Enterprise,2025-01-01,2025-01-02,Technical,Medium,34,4,0
10599,9263,Enterprise,2025-01-17,2025-01-17,Technical,Critical,6,5,0
10600,9263,Enterprise,2025-01-13,2025-01-13,Performance,Medium,21,2,0
10601,9264,Pro,2025-01-02,2025-01-03,Billing,Medium,26,5,0
10602,9269,Enterprise,2025-01-23,2025-01-23,Integration,High,16,4,0
10603,9274,Starter,2025-01-05,2025-01-06,Performance,Medium,37,5,0
10604,9275,Business,2025-01-09,2025-01-09,Performance,High,14,4,0
10605,9275,Business,2025-01-01,2025-01-01,Performance,Critical,5,1,0
10606,9275,Business,2025-01-22,2025-01-23,Feature Request,Medium,41,4,0
10607,9285,Pro,2025-01-11,2025-01-12,Feature Request,Low,26,4,0
10608,9285,Pro,2025-01-26,2025-01-26,Integration,Medium,12,3,0
10609,9286,Business,2024-12-03,2024-12-03,Billing,Medium,14,4,1
10610,9286,Business,2024-12-15,2024-12-16,Integration,Medium,45,3,1
10611,9286,Business,2024-12-12,2024-12-13,Onboarding,Medium,25,2,1
10612,9289,Business,2025-01-18,2025-01-19,Technical,Medium,28,4,0
10613,9289,Business,2025-01-06,2025-01-06,Technical,High,2,5,0
10614,9289,Business,2025-01-15,2025-01-15,Technical,Medium,8,3,0
10615,9290,Starter,2025-01-23,2025-01-23,Feature Request,Medium,9,3,0
10616,9292,Business,2025-01-13,2025-01-14,Billing,Medium,43,3,0
10617,9292,Business,2025-01-17,2025-01-17,Performance,Medium,14,4,0
10618,9292,Business,2025-01-04,2025-01-06,Onboarding,Low,48,4,0
10619,9297,Enterprise,2024-12-11,2024-12-11,Onboarding,High,20,3,0
10620,9297,Enterprise,2024-12-10,2024-12-12,Onboarding,Low,50,3,0
10621,9301,Enterprise,2024-12-14,2024-12-14,Onboarding,Medium,9,3,0
10622,9301,Enterprise,2024-12-01,2024-12-01,Account,High,19,5,0
10623,9301,Enterprise,2024-12-09,2024-12-09,Onboarding,Medium,15,5,0
10624,9301,Enterprise,2024-12-02,2024-12-06,Onboarding,Low,108,4,0
10625,9301,Enterprise,2024-12-26,2024-12-26,Integration,High,23,4,0
10626,9314,Pro,2024-12-03,2024-12-06,Feature Request,Low,91,4,0
10627,9314,Pro,2024-12-14,2024-12-14,Account,Medium,21,3,0
10628,9316,Pro,2024-12-28,2024-12-29,Integration,Medium,36,3,0
10629,9316,Pro,2024-12-22,2024-12-23,Onboarding,Low,41,5,0
10630,9322,Starter,2024-12-21,2024-12-21,Billing,Critical,1,4,0
10631,9330,Business,2024-12-19,2024-12-20,Onboarding,Low,25,3,0
10632,9330,Business,2024-12-12,2024-12-14,Onboarding,Low,51,4,0
10633,9337,Starter,2024-12-29,2025-01-02,Billing,Low,98,4,0
10634,9338,Business,2024-12-22,2024-12-22,Technical,Critical,5,3,1
10635,9338,Business,2024-12-09,2024-12-14,Integration,Low,120,3,1
10636,9338,Business,2024-12-02,2024-12-02,Performance,Medium,10,3,1
10637,9339,Enterprise,2024-12-04,2024-12-06,Integration,Medium,48,5,0
10638,9339,Enterprise,2024-12-14,2024-12-14,Integration,High,5,3,0
10639,9339,Enterprise,2024-12-04,2024-12-05,Onboarding,Medium,33,3,0
10640,9339,Enterprise,2024-12-02,2024-12-03,Performance,Low,34,5,0
10641,9339,Enterprise,2024-12-14,2024-12-16,Feature Request,Low,69,5,0
10642,9339,Enterprise,2024-12-03,2024-12-03,Onboarding,Medium,9,2,0
10643,9339,Enterprise,2024-12-02,2024-12-02,Account,High,7,3,0
10644,9341,Pro,2024-12-08,2024-12-12,Integration,Low,102,4,0
10645,9349,Pro,2024-12-29,2024-12-30,Billing,Low,24,4,0
10646,9349,Pro,2024-12-12,2024-12-12,Onboarding,High,10,3,0
10647,9349,Pro,2024-12-24,2024-12-26,Performance,Low,70,4,0
10648,9356,Starter,2024-12-17,2024-12-19,Integration,Low,58,4,0
10649,9356,Starter,2024-12-07,2024-12-09,Technical,Low,64,5,0
10650,9364,Starter,2024-11-30,2024-12-04,Integration,Low,107,3,1
10651,9364,Starter,2024-11-27,2024-11-27,Feature Request,High,14,2,1
10652,9367,Enterprise,2024-12-31,2024-12-31,Onboarding,High,14,5,0
10653,9367,Enterprise,2024-12-03,2024-12-06,Integration,Low,90,4,0
10654,9367,Enterprise,2024-12-28,2024-12-29,Onboarding,Medium,26,5,0
10655,9374,Enterprise,2024-12-13,2024-12-13,Technical,Medium,18,5,0
10656,9374,Enterprise,2024-12-25,2024-12-27,Integration,Low,59,4,0
10657,9374,Enterprise,2024-12-21,2024-12-22,Integration,Low,43,4,0
10658,9376,Enterprise,2024-12-13,2024-12-13,Feature Request,Medium,22,1,0
10659,9376,Enterprise,2024-12-23,2024-12-23,Performance,Medium,8,4,0
10660,9376,Enterprise,2024-12-23,2024-12-23,Onboarding,Medium,18,3,0
10661,9376,Enterprise,2024-12-17,2024-12-21,Integration,Low,102,2,0
10662,9379,Pro,2024-12-21,2024-12-21,Technical,Medium,20,4,0
10663,9392,Enterprise,2024-12-04,2024-12-04,Integration,Medium,22,5,0
10664,9396,Starter,2024-12-23,2024-12-24,Technical,Medium,39,4,0
10665,9396,Starter,2024-12-25,2024-12-25,Feature Request,High,15,5,0
10666,9399,Business,2024-12-12,2024-12-12,Performance,High,7,4,0
10667,9410,Starter,2024-12-05,2024-12-07,Feature Request,Low,57,5,0
10668,9413,Starter,2024-12-25,2024-12-28,Onboarding,Low,86,5,0
10669,9426,Enterprise,2024-12-31,2025-01-04,Billing,Low,108,1,0
10670,9426,Enterprise,2024-12-31,2024-12-31,Account,High,7,5,0
10671,9426,Enterprise,2024-12-13,2024-12-15,Billing,Low,56,3,0
10672,9429,Business,2024-11-22,2024-11-26,Integration,Low,99,4,0
10673,9429,Business,2024-11-26,2024-11-28,Onboarding,Low,67,2,0
10674,9429,Business,2024-11-05,2024-11-06,Technical,Medium,39,4,0
10675,9429,Business,2024-11-26,2024-11-30,Feature Request,Low,110,4,0
10676,9429,Enterprise,2024-12-17,2024-12-18,Feature Request,Medium,31,5,0
10677,9429,Enterprise,2024-12-22,2024-12-23,Billing,Medium,34,4,0
10678,9435,Business,2024-12-08,2024-12-11,Account,Low,73,4,1
10679,9435,Business,2025-01-03,2025-01-03,Performance,Critical,6,3,1
10680,9435,Business,2024-12-16,2024-12-18,Technical,Low,61,4,1
10681,9435,Business,2024-12-15,2024-12-15,Onboarding,Critical,6,1,1
10682,9435,Business,2024-12-27,2024-12-27,Billing,High,6,2,1
10683,9435,Business,2024-12-11,2024-12-12,Onboarding,Low,31,3,1
10684,9435,Business,2024-12-30,2024-12-31,Feature Request,Low,40,1,1
10685,9435,Business,2024-12-27,2024-12-30,Performance,Low,85,3,1
10686,9442,Business,2024-12-27,2024-12-27,Billing,High,15,1,0
10687,9444,Starter,2024-12-10,2024-12-10,Performance,Medium,23,3,0
10688,9445,Business,2024-12-06,2024-12-07,Technical,Medium,36,3,0
10689,9445,Business,2024-12-26,2024-12-27,Performance,Medium,25,4,0
10690,9447,Enterprise,2025-01-03,2025-01-04,Technical,Medium,38,4,0
10691,9447,Enterprise,2024-12-23,2024-12-24,Performance,Medium,28,3,0
10692,9447,Enterprise,2024-12-24,2024-12-26,Onboarding,Low,60,4,0
10693,9447,Enterprise,2024-12-09,2024-12-13,Billing,Low,111,5,0
10694,9453,Starter,2024-12-07,2024-12-08,Technical,Medium,35,4,0
10695,9454,Business,2024-12-14,2024-12-16,Onboarding,Low,54,1,0
10696,9456,Pro,2024-12-13,2024-12-13,Billing,Medium,10,4,0
10697,9456,Pro,2025-01-01,2025-01-01,Account,High,22,4,0
10698,9462,Pro,2025-01-04,2025-01-07,Technical,Low,77,5,0
10699,9468,Enterprise,2024-12-15,2024-12-16,Onboarding,Low,39,3,0
10700,9468,Enterprise,2024-12-09,2024-12-11,Feature Request,Low,61,2,0
10701,9468,Enterprise,2024-12-31,2024-12-31,Billing,High,20,5,0
10702,9468,Enterprise,2024-12-08,2024-12-09,Feature Request,Low,39,4,0
10703,9468,Enterprise,2024-12-15,2024-12-15,Account,High,21,5,0
10704,9468,Enterprise,2024-12-15,2024-12-15,Onboarding,Medium,12,4,0
10705,9468,Enterprise,2024-12-25,2024-12-26,Account,Low,24,5,0
10706,9476,Business,2024-12-23,2024-12-24,Account,Low,25,5,0
10707,9478,Business,2024-12-22,2024-12-25,Billing,Low,86,4,0
10708,9479,Starter,2024-12-12,2024-12-12,Performance,High,16,4,0
10709,9480,Business,2024-12-22,2024-12-23,Performance,Medium,31,1,1
10710,9480,Business,2024-12-16,2024-12-17,Technical,Low,26,2,1
10711,9480,Business,2024-12-13,2024-12-14,Feature Request,Medium,44,2,1
10712,9480,Business,2024-12-24,2024-12-25,Integration,Medium,31,1,1
10713,9480,Business,2024-12-31,2025-01-01,Integration,Medium,43,1,1
10714,9480,Business,2024-12-29,2024-12-29,Technical,High,23,2,1
10715,9480,Business,2024-12-28,2024-12-28,Performance,Critical,1,2,1
10716,9487,Starter,2024-11-17,2024-11-19,Account,Low,60,3,1
10717,9487,Starter,2024-11-18,2024-11-20,Performance,Low,63,2,1
10718,9487,Starter,2024-11-16,2024-11-17,Billing,Medium,40,4,1
10719,9487,Starter,2024-11-27,2024-11-29,Billing,Low,70,3,1
10720,9487,Starter,2024-11-11,2024-11-13,Performance,Low,56,2,1
10721,9493,Enterprise,2024-12-11,2024-12-12,Account,Medium,28,4,0
10722,9493,Enterprise,2024-12-08,2024-12-08,Billing,Medium,19,4,0
10723,9511,Starter,2024-12-23,2024-12-27,Integration,Low,106,5,0
10724,9511,Starter,2024-12-26,2024-12-26,Performance,Medium,9,4,0
10725,9513,Enterprise,2025-01-01,2025-01-01,Billing,Critical,8,4,0
10726,9513,Enterprise,2024-12-28,2024-12-28,Performance,High,9,4,0
10727,9513,Enterprise,2025-01-05,2025-01-06,Performance,High,24,5,0
10728,9513,Enterprise,2024-12-25,2024-12-26,Technical,Medium,34,2,0
10729,9530,Enterprise,2024-12-27,2024-12-28,Technical,Medium,35,4,0
10730,9530,Enterprise,2024-12-30,2025-01-03,Billing,Low,100,4,0
10731,9530,Enterprise,2024-12-17,2024-12-17,Integration,High,3,4,0
10732,9530,Enterprise,2024-12-30,2024-12-31,Technical,Medium,41,5,0
10733,9530,Enterprise,2024-12-26,2024-12-26,Technical,High,10,5,0
10734,9531,Enterprise,2025-01-03,2025-01-04,Account,Medium,39,5,0
10735,9531,Enterprise,2024-12-17,2024-12-18,Feature Request,Low,31,4,0
10736,9531,Enterprise,2025-01-03,2025-01-05,Feature Request,Low,49,3,0
10737,9531,Enterprise,2024-12-27,2024-12-27,Integration,Medium,11,5,0
10738,9541,Enterprise,2025-01-03,2025-01-04,Integration,Medium,47,4,0
10739,9541,Enterprise,2024-12-14,2024-12-14,Account,Medium,15,4,0
10740,9541,Enterprise,2024-12-27,2024-12-27,Onboarding,High,11,4,0
10741,9548,Enterprise,2024-12-24,2024-12-24,Performance,High,19,5,0
10742,9550,Enterprise,2024-12-24,2024-12-25,Onboarding,Medium,42,4,0
10743,9550,Enterprise,2024-12-20,2024-12-20,Account,Medium,19,5,0
10744,9550,Enterprise,2024-12-10,2024-12-10,Performance,High,8,3,0
10745,9550,Enterprise,2024-12-18,2024-12-21,Billing,Low,75,3,0
10746,9550,Enterprise,2024-12-15,2024-12-16,Onboarding,Medium,41,4,0
10747,9552,Business,2024-12-25,2024-12-28,Technical,Low,74,3,0
10748,9552,Business,2024-12-27,2024-12-27,Technical,Critical,6,3,0
10749,9552,Business,2024-12-28,2024-12-31,Account,Low,75,5,0
10750,9552,Business,2024-12-27,2024-12-31,Technical,Low,108,4,0
10751,9560,Starter,2024-12-23,2024-12-23,Billing,Critical,5,2,1
10752,9560,Starter,2024-12-13,2024-12-14,Integration,Low,28,2,1
10753,9569,Business,2024-11-24,2024-11-24,Integration,High,22,2,1
10754,9569,Business,2024-11-23,2024-11-24,Performance,Medium,35,4,1
10755,9569,Business,2024-11-29,2024-11-30,Billing,Low,40,1,1
10756,9569,Business,2024-11-20,2024-11-20,Technical,Medium,21,5,1
10757,9577,Pro,2024-12-22,2024-12-23,Billing,Medium,46,5,0
10758,9587,Business,2025-01-07,2025-01-07,Technical,High,14,2,0
10759,9592,Business,2025-01-03,2025-01-03,Integration,High,6,5,0
10760,9592,Business,2024-12-15,2024-12-18,Billing,Low,90,5,0
10761,9597,Business,2024-12-31,2024-12-31,Performance,High,18,1,0
10762,9603,Starter,2025-01-04,2025-01-04,Account,High,2,4,0
10763,9606,Enterprise,2024-12-22,2024-12-23,Account,Medium,37,3,0
10764,9606,Enterprise,2024-12-15,2024-12-16,Integration,Medium,37,4,0
10765,9606,Enterprise,2024-12-30,2024-12-30,Billing,Medium,8,2,0
10766,9608,Enterprise,2024-12-24,2024-12-24,Account,Critical,2,1,0
10767,9608,Enterprise,2024-12-24,2024-12-25,Account,Medium,26,4,0
10768,9609,Starter,2024-12-27,2024-12-27,Integration,High,13,1,1
10769,9609,Starter,2025-01-02,2025-01-02,Billing,Medium,18,3,1
10770,9609,Starter,2024-12-28,2024-12-29,Account,Medium,27,2,1
10771,9611,Enterprise,2024-12-14,2024-12-16,Feature Request,Low,60,4,0
10772,9611,Enterprise,2024-12-23,2024-12-24,Onboarding,Medium,47,3,0
10773,9611,Enterprise,2024-12-31,2025-01-01,Integration,Medium,47,4,0
10774,9612,Starter,2024-12-22,2024-12-22,Onboarding,Medium,9,3,0
10775,9612,Starter,2024-12-22,2024-12-22,Performance,Medium,10,3,0
10776,9613,Starter,2024-12-24,2024-12-26,Integration,Medium,48,5,0
10777,9623,Business,2025-01-09,2025-01-09,Technical,High,15,4,0
10778,9623,Business,2024-12-13,2024-12-14,Integration,High,24,5,0
10779,9626,Starter,2024-12-06,2024-12-06,Onboarding,Medium,11,1,1
10780,9626,Starter,2024-11-21,2024-11-22,Account,Medium,38,2,1
10781,9629,Pro,2024-12-21,2024-12-21,Onboarding,High,8,1,0
10782,9629,Pro,2024-12-20,2024-12-21,Billing,Low,32,5,0
10783,9629,Pro,2025-01-02,2025-01-02,Feature Request,High,23,3,0
10784,9632,Starter,2024-12-31,2025-01-01,Technical,Medium,35,3,0
10785,9636,Pro,2025-01-10,2025-01-11,Account,Medium,36,5,0
10786,9636,Pro,2024-12-14,2024-12-17,Feature Request,Low,75,3,0
10787,9639,Pro,2025-01-10,2025-01-11,Integration,Medium,29,5,0
10788,9639,Pro,2025-01-03,2025-01-03,Billing,Medium,15,2,0
10789,9640,Business,2024-12-13,2024-12-14,Onboarding,Medium,37,5,0
10790,9640,Business,2024-12-29,2024-12-30,Billing,Medium,47,5,0
10791,9648,Starter,2025-01-11,2025-01-12,Technical,Medium,24,3,0
10792,9650,Enterprise,2025-01-06,2025-01-10,Technical,Low,97,5,0
10793,9650,Enterprise,2025-01-11,2025-01-13,Performance,Low,70,4,0
10794,9650,Enterprise,2024-12-28,2024-12-31,Account,Low,83,3,0
10795,9652,Enterprise,2025-01-03,2025-01-03,Performance,Medium,22,3,0
10796,9652,Enterprise,2024-12-31,2024-12-31,Account,Critical,5,4,0
10797,9659,Business,2025-01-07,2025-01-07,Feature Request,Medium,13,2,0
10798,9659,Business,2025-01-09,2025-01-09,Integration,Medium,12,4,0
10799,9659,Business,2025-01-05,2025-01-05,Integration,Medium,18,4,0
10800,9661,Enterprise,2024-12-23,2024-12-24,Billing,Medium,46,4,0
10801,9661,Enterprise,2024-12-30,2025-01-04,Onboarding,Low,120,3,0
10802,9667,Business,2025-01-07,2025-01-10,Feature Request,Low,82,4,0
10803,9669,Pro,2024-11-20,2024-11-21,Integration,Medium,41,5,0
10804,9669,Business,2025-01-04,2025-01-05,Performance,Low,38,5,0
10805,9669,Business,2024-12-18,2024-12-20,Feature Request,Medium,48,2,0
10806,9676,Starter,2024-11-24,2024-11-28,Account,Low,108,4,0
10807,9676,Pro,2024-12-23,2024-12-24,Performance,Medium,25,4,0
10808,9678,Pro,2025-01-11,2025-01-14,Onboarding,Low,95,5,1
10809,9678,Pro,2024-12-18,2024-12-21,Technical,Low,78,2,1
10810,9680,Business,2024-12-21,2024-12-22,Account,Medium,40,1,0
10811,9680,Business,2025-01-03,2025-01-05,Feature Request,Medium,48,1,0
10812,9685,Enterprise,2024-12-31,2024-12-31,Onboarding,Medium,10,4,0
10813,9685,Enterprise,2024-12-30,2024-12-31,Integration,Low,33,3,0
10814,9685,Enterprise,2024-12-29,2024-12-30,Integration,Low,39,4,0
10815,9685,Enterprise,2025-01-04,2025-01-08,Integration,Low,101,4,0
10816,9685,Enterprise,2024-12-28,2024-12-28,Technical,Medium,13,4,0
10817,9685,Enterprise,2025-01-05,2025-01-08,Billing,Low,76,3,0
10818,9686,Pro,2025-01-08,2025-01-08,Technical,Critical,6,5,0
10819,9686,Pro,2024-12-25,2024-12-28,Onboarding,Low,85,4,0
10820,9686,Pro,2024-12-26,2024-12-26,Performance,Medium,19,4,0
10821,9686,Pro,2024-12-16,2024-12-16,Billing,High,11,5,0
10822,9696,Starter,2024-12-24,2024-12-24,Feature Request,High,11,5,0
10823,9697,Enterprise,2024-12-20,2024-12-21,Technical,Low,35,4,0
10824,9697,Enterprise,2024-12-20,2024-12-20,Billing,High,20,5,0
10825,9697,Enterprise,2024-12-30,2024-12-31,Performance,Low,37,1,0
10826,9697,Enterprise,2025-01-10,2025-01-10,Billing,Medium,11,3,0
10827,9698,Enterprise,2024-12-19,2024-12-19,Feature Request,Medium,8,3,0
10828,9698,Enterprise,2025-01-07,2025-01-08,Feature Request,Medium,27,3,0
10829,9700,Starter,2025-01-13,2025-01-13,Account,Critical,7,4,0
10830,9720,Pro,2025-01-10,2025-01-10,Billing,High,5,5,0
10831,9723,Enterprise,2025-01-02,2025-01-04,Billing,Low,69,3,0
10832,9723,Enterprise,2025-01-03,2025-01-07,Account,Low,103,5,0
10833,9723,Enterprise,2025-01-01,2025-01-02,Technical,Medium,45,2,0
10834,9723,Enterprise,2025-01-09,2025-01-09,Feature Request,Medium,16,4,0
10835,9724,Enterprise,2025-01-08,2025-01-08,Billing,High,10,3,0
10836,9724,Enterprise,2024-12-22,2024-12-25,Performance,Low,73,4,0
10837,9727,Pro,2024-12-27,2024-12-27,Technical,High,22,5,0
10838,9728,Enterprise,2024-12-26,2024-12-30,Feature Request,Low,97,4,0
10839,9728,Enterprise,2024-12-21,2024-12-24,Performance,Low,73,3,0
10840,9728,Enterprise,2024-12-30,2025-01-01,Performance,Low,49,5,0
10841,9728,Enterprise,2024-12-31,2025-01-03,Performance,Low,88,4,0
10842,9733,Business,2024-11-17,2024-11-18,Account,Medium,24,1,1
10843,9733,Business,2024-12-08,2024-12-09,Account,Medium,31,2,1
10844,9736,Starter,2024-12-29,2024-12-29,Performance,Medium,16,4,0
10845,9741,Business,2025-01-03,2025-01-04,Billing,Medium,45,3,0
10846,9741,Business,2024-12-24,2024-12-27,Billing,Low,95,1,0
10847,9741,Business,2024-12-17,2024-12-20,Performance,Low,93,4,0
10848,9744,Pro,2025-01-05,2025-01-08,Account,Low,77,5,0
10849,9750,Enterprise,2024-12-18,2024-12-21,Onboarding,Low,87,1,1
10850,9750,Enterprise,2025-01-02,2025-01-05,Technical,Low,91,1,1
10851,9750,Enterprise,2025-01-02,2025-01-02,Technical,High,15,1,1
10852,9750,Enterprise,2025-01-14,2025-01-14,Billing,High,4,2,1
10853,9759,Business,2024-12-30,2024-12-30,Technical,Critical,8,3,0
10854,9764,Business,2024-12-11,2024-12-13,Technical,Low,70,5,0
10855,9764,Enterprise,2025-01-12,2025-01-14,Onboarding,Low,61,3,0
10856,9764,Enterprise,2025-01-09,2025-01-10,Performance,Medium,33,4,0
10857,9764,Enterprise,2025-01-08,2025-01-12,Onboarding,Low,96,5,0
10858,9764,Enterprise,2025-01-06,2025-01-07,Performance,Low,41,4,0
10859,9772,Pro,2025-01-11,2025-01-12,Billing,Medium,39,2,0
10860,9772,Pro,2024-12-22,2024-12-26,Integration,Low,96,2,0
10861,9772,Pro,2025-01-06,2025-01-06,Feature Request,High,19,3,0
10862,9773,Enterprise,2025-01-13,2025-01-13,Account,High,18,4,0
10863,9773,Enterprise,2024-12-20,2024-12-22,Performance,Medium,48,4,0
10864,9773,Enterprise,2025-01-08,2025-01-09,Performance,Medium,27,4,0
10865,9775,Enterprise,2025-01-01,2025-01-03,Billing,Low,71,3,0
10866,9775,Enterprise,2024-12-21,2024-12-22,Technical,Medium,35,5,0
10867,9775,Enterprise,2025-01-08,2025-01-08,Integration,High,15,5,0
10868,9775,Enterprise,2024-12-29,2024-12-30,Account,Low,36,5,0
10869,9780,Enterprise,2025-01-02,2025-01-02,Performance,Medium,23,4,0
10870,9780,Enterprise,2025-01-15,2025-01-16,Technical,Low,37,3,0
10871,9780,Enterprise,2024-12-29,2024-12-30,Account,Medium,46,3,0
10872,9786,Pro,2024-12-23,2024-12-25,Account,Low,71,4,0
10873,9786,Pro,2025-01-14,2025-01-14,Onboarding,High,17,5,0
10874,9787,Starter,2025-01-16,2025-01-16,Technical,Medium,19,2,0
10875,9796,Starter,2025-01-15,2025-01-15,Feature Request,Medium,15,5,0
10876,9805,Enterprise,2024-12-30,2025-01-03,Performance,Low,100,5,0
10877,9805,Enterprise,2024-12-27,2024-12-27,Performance,Medium,17,5,0
10878,9809,Pro,2025-01-10,2025-01-10,Performance,Medium,22,3,0
10879,9815,Pro,2024-12-24,2024-12-25,Performance,Medium,25,4,0
10880,9816,Starter,2024-12-24,2024-12-25,Technical,Low,31,5,0
10881,9817,Pro,2025-01-03,2025-01-06,Account,Low,91,3,1
10882,9817,Pro,2025-01-03,2025-01-03,Feature Request,High,14,1,1
10883,9817,Pro,2024-12-30,2024-12-30,Performance,High,6,1,1
10884,9818,Enterprise,2024-12-23,2024-12-23,Technical,Critical,8,4,0
10885,9818,Enterprise,2024-12-21,2024-12-21,Account,High,10,3,0
10886,9819,Pro,2025-01-09,2025-01-10,Billing,Medium,42,2,0
10887,9819,Pro,2025-01-02,2025-01-02,Integration,Critical,2,4,0
10888,9819,Pro,2024-12-23,2024-12-26,Billing,Low,90,5,0
10889,9819,Pro,2025-01-03,2025-01-04,Technical,Medium,45,4,0
10890,9824,Business,2024-12-28,2024-12-28,Performance,Critical,5,4,0
10891,9824,Business,2024-12-29,2024-12-29,Technical,High,20,5,0
10892,9824,Business,2025-01-01,2025-01-03,Onboarding,Low,69,4,0
10893,9824,Business,2025-01-09,2025-01-10,Feature Request,Medium,41,5,0
10894,9827,Enterprise,2025-01-08,2025-01-10,Performance,Low,56,2,0
10895,9827,Enterprise,2025-01-16,2025-01-17,Feature Request,Medium,35,5,0
10896,9828,Business,2024-12-23,2024-12-24,Feature Request,Medium,33,5,0
10897,9828,Business,2025-01-12,2025-01-12,Feature Request,Medium,19,5,0
10898,9828,Business,2025-01-01,2025-01-04,Technical,Low,72,5,0
10899,9831,Pro,2025-01-18,2025-01-19,Feature Request,Low,30,4,0
10900,9832,Enterprise,2024-12-26,2024-12-27,Performance,Medium,38,4,0
10901,9832,Enterprise,2025-01-16,2025-01-17,Onboarding,Medium,42,5,0
10902,9832,Enterprise,2025-01-13,2025-01-13,Feature Request,High,18,1,0
10903,9832,Enterprise,2024-12-23,2024-12-24,Performance,Low,44,4,0
10904,9832,Enterprise,2025-01-08,2025-01-09,Feature Request,Low,33,5,0
10905,9835,Starter,2024-12-11,2024-12-13,Technical,Low,62,2,1
10906,9837,Enterprise,2024-12-26,2024-12-27,Performance,Medium,26,2,0
10907,9837,Enterprise,2025-01-01,2025-01-01,Technical,Medium,17,4,0
10908,9837,Enterprise,2024-12-21,2024-12-24,Account,Low,91,4,0
10909,9837,Enterprise,2025-01-05,2025-01-06,Onboarding,Medium,45,5,0
10910,9837,Enterprise,2024-12-25,2024-12-25,Technical,High,3,2,0
10911,9837,Enterprise,2025-01-13,2025-01-16,Technical,Low,81,3,0
10912,9845,Starter,2025-01-09,2025-01-09,Technical,Medium,22,4,0
10913,9852,Pro,2025-01-10,2025-01-10,Onboarding,Critical,1,5,0
10914,9854,Enterprise,2025-01-17,2025-01-17,Technical,High,18,5,0
10915,9854,Enterprise,2025-01-16,2025-01-16,Onboarding,High,16,4,0
10916,9856,Business,2025-01-06,2025-01-07,Integration,Medium,44,5,0
10917,9856,Business,2025-01-01,2025-01-02,Feature Request,Medium,30,1,0
10918,9856,Business,2025-01-13,2025-01-13,Performance,High,15,5,0
10919,9858,Pro,2025-01-08,2025-01-08,Integration,High,3,4,0
10920,9858,Pro,2025-01-03,2025-01-03,Billing,High,22,4,0
10921,9858,Pro,2024-12-25,2024-12-25,Billing,High,10,5,0
10922,9861,Starter,2025-01-11,2025-01-12,Feature Request,Medium,25,3,0
10923,9866,Enterprise,2025-01-05,2025-01-06,Billing,Medium,32,1,0
10924,9866,Enterprise,2025-01-09,2025-01-10,Integration,Medium,32,5,0
10925,9866,Enterprise,2025-01-14,2025-01-15,Performance,Medium,25,5,0
10926,9866,Enterprise,2025-01-06,2025-01-06,Performance,High,14,3,0
10927,9866,Enterprise,2025-01-09,2025-01-12,Billing,Low,87,4,0
10928,9869,Business,2025-01-17,2025-01-18,Technical,Low,36,4,0
10929,9869,Business,2025-01-05,2025-01-06,Feature Request,Medium,27,4,0
10930,9869,Business,2024-12-28,2024-12-28,Performance,High,9,4,0
10931,9869,Business,2025-01-18,2025-01-18,Onboarding,High,11,4,0
10932,9869,Business,2025-01-08,2025-01-10,Billing,Low,67,1,0
10933,9869,Business,2025-01-03,2025-01-03,Billing,High,10,5,0
10934,9870,Pro,2024-12-31,2025-01-01,Integration,Medium,45,3,0
10935,9871,Starter,2025-01-12,2025-01-12,Technical,Medium,22,5,0
10936,9871,Starter,2024-12-31,2025-01-02,Technical,Low,55,4,0
10937,9871,Starter,2024-12-27,2024-12-31,Feature Request,Low,97,3,0
10938,9876,Enterprise,2025-01-11,2025-01-11,Performance,Critical,8,4,0
10939,9876,Enterprise,2025-01-03,2025-01-07,Onboarding,Low,117,1,0
10940,9879,Pro,2025-01-07,2025-01-08,Performance,Medium,44,5,0
10941,9885,Business,2024-12-26,2024-12-27,Technical,Medium,26,4,0
10942,9885,Business,2024-12-30,2024-12-31,Billing,Medium,33,4,0
10943,9891,Pro,2024-12-12,2024-12-12,Performance,Critical,5,1,1
10944,9891,Pro,2024-12-10,2024-12-11,Performance,Medium,33,3,1
10945,9891,Pro,2024-11-30,2024-11-30,Performance,Medium,21,3,1
10946,9891,Pro,2024-12-12,2024-12-16,Billing,Low,102,1,1
10947,9892,Enterprise,2024-12-25,2024-12-28,Billing,Low,88,4,0
10948,9892,Enterprise,2025-01-09,2025-01-12,Onboarding,Low,75,4,0
10949,9892,Enterprise,2025-01-15,2025-01-15,Feature Request,Medium,16,2,0
10950,9894,Enterprise,2025-01-03,2025-01-05,Technical,Low,55,3,0
10951,9896,Pro,2025-01-12,2025-01-16,Technical,Low,108,4,0
10952,9897,Enterprise,2025-01-01,2025-01-01,Account,Medium,8,4,0
10953,9900,Pro,2025-01-21,2025-01-21,Feature Request,High,19,2,1
10954,9900,Pro,2024-12-26,2024-12-30,Technical,Low,106,1,1
10955,9908,Starter,2024-12-06,2024-12-06,Billing,Medium,20,2,1
10956,9918,Business,2025-01-10,2025-01-10,Onboarding,Critical,1,4,0
10957,9918,Business,2025-01-22,2025-01-22,Onboarding,High,16,4,0
10958,9918,Business,2025-01-15,2025-01-19,Integration,Low,101,1,0
10959,9921,Business,2025-01-21,2025-01-21,Account,Medium,20,2,0
10960,9921,Business,2025-01-20,2025-01-21,Integration,Low,27,3,0
10961,9931,Enterprise,2025-01-22,2025-01-22,Account,High,4,1,0
10962,9944,Business,2025-01-16,2025-01-20,Account,Low,118,1,0
10963,9944,Business,2025-01-01,2025-01-05,Technical,Low,97,3,0
10964,9944,Business,2024-12-30,2024-12-30,Performance,Medium,13,4,0
10965,9947,Pro,2025-01-12,2025-01-16,Performance,Low,100,5,0
10966,9947,Pro,2025-01-06,2025-01-09,Performance,Low,88,1,0
10967,9951,Starter,2025-01-17,2025-01-18,Performance,Medium,39,5,0
10968,9953,Enterprise,2025-01-23,2025-01-27,Technical,Low,100,5,0
10969,9959,Business,2025-01-03,2025-01-03,Billing,Medium,8,3,0
10970,9960,Business,2024-12-28,2024-12-30,Integration,Low,66,2,0
10971,9962,Enterprise,2025-01-11,2025-01-11,Feature Request,Medium,18,1,0
10972,9962,Enterprise,2025-01-18,2025-01-21,Feature Request,Low,78,3,0
10973,9962,Enterprise,2025-01-24,2025-01-25,Account,Medium,31,5,0
10974,9962,Enterprise,2025-01-22,2025-01-23,Technical,Low,43,4,0
10975,9963,Starter,2025-01-06,2025-01-06,Billing,High,21,5,0
10976,9972,Starter,2024-12-28,2024-12-29,Onboarding,Medium,47,4,0
10977,9978,Starter,2024-12-28,2024-12-29,Account,Medium,33,4,0
10978,9987,Enterprise,2024-12-28,2024-12-31,Performance,Low,86,3,0
10979,9988,Enterprise,2025-01-23,2025-01-23,Account,High,4,3,0
10980,9988,Enterprise,2025-01-07,2025-01-08,Onboarding,Medium,44,5,0
10981,9988,Enterprise,2025-01-10,2025-01-10,Billing,High,2,4,0
10982,9988,Enterprise,2025-01-20,2025-01-21,Performance,Medium,38,2,0
10983,9988,Enterprise,2025-01-25,2025-01-25,Integration,High,19,5,0
10984,9991,Starter,2025-01-20,2025-01-20,Billing,Medium,16,4,0
10985,9991,Starter,2025-01-22,2025-01-22,Technical,Medium,10,4,0
10986,9991,Starter,2025-01-16,2025-01-16,Billing,High,12,3,0
10987,9991,Starter,2025-01-07,2025-01-09,Performance,Low,61,5,0
10988,9995,Starter,2025-01-18,2025-01-18,Performance,High,3,3,0
10989,9995,Starter,2024-12-30,2024-12-31,Technical,Low,27,4,0
10990,10000,Starter,2024-12-31,2024-12-31,Feature Request,Critical,3,3,0
